Unnamed: 0;idsbr;nama_usaha;alamat_usaha;kode_wilayah;kdprov;kdkab;kdkec;kddesa;nmprov;nmkab;nmkec;nmdesa;perusahaan_id;skor_kalo;kegiatan_usaha;rank_nama;rank_alamat;history_ref_profiling_id;skala_usaha;sumber_data;lat;long;latlong_status;gcid;gcs_result;allow_cancel;allow_edit;allow_flagging;latitude_gc;longitude_gc;latlong_status_gc;gc_username;nama_usaha_gc;alamat_usaha_gc;lat_2;long_2;cleaned_nama_usaha;sim_score;is_duplicate;gc_flag_duplikat;match_with;alamat_cek;cleaned_alamat;id_duplikat;kbli2d;nama_usaha_with_alamat_and_kbli;hasilgc;flag_shadow;is_perorangan;is_kurung;status_perusahaan;alamat_cleaned;RT;RW;is_in_perumahan;is_in_pasar;flag_notes;id_rtrw;lat2;long2;is_gced_alltime;;lat_1;long_1;tal_g2;long_g2;latitude;longitude
10763;6726789;AMMAR FATIH;Jl, Kapten Piere Tendean Gang. Qadar;6401040004;64;1;40;4;KALIMANTAN TIMUR;PASER;TANAH GROGOT;TANAH GROGOT;eyJpdiI6Ikdud1MrUHg5NTNnd0Q1QXVvU1dvdkE9PSIsInZhbHVlIjoiMVIxaXBCMTFKU2M1L2NIMVlObzd0QT09IiwibWFjIjoiMTE4Mzc5ZDBkYjg4MDk2NjI2NzZmODhkMjA0MzQwMDE4MTRhYWI2ZjExZmMyM2Y2ZjY4ZjZiMDBjODAzMjJhMSIsInRhZyI6IiJ9;;[Kegiatan Usaha: -, Kategori: M, KBLI: 74909];;;15/12/2025;;;;;invalid;;;FALSE;FALSE;TRUE;;;invalid;;;;;;ammar fatih;1;0;4;AMMAR FATIH;Jl, Kapten Piere Tendean Gang. Qadar;jl kapten piere tendean gang qadar;300;74;ammar fatih jl kapten piere tendean gang qadar kbli74;99;1;1;0;Perlu Konfirmasi;Jl Kapten Piere Tendean Gang Qadar;0;0;;;0;6401040004_0_0;;;0;;0;0;0;0;;
10776;16742193;RJM PATUJU;Mangkuruku No.16;6401040004;64;1;40;4;KALIMANTAN TIMUR;PASER;TANAH GROGOT;TANAH GROGOT;eyJpdiI6IlRaWUE5M3V5dGl4T3FPN1BzRHBPY1E9PSIsInZhbHVlIjoiSng0NzhwYUJBdk5MSGV3WjJKV1NDZz09IiwibWFjIjoiYTM4ZjVjZmNkMDc1YTk0NTljOTI2MGJmNDllNjM2ZDRkMDJkMjBlN2I2N2ZjNDg2MGZlZTA4MTZkNmEyNTQ2MSIsInRhZyI6IiJ9;;"[Kegiatan Usaha: -, Kategori: -, KBLI: 45201]; [Kegiatan Usaha: -, Kategori: -, KBLI: 45407]";;;15/12/2025;;;;;invalid;;;FALSE;FALSE;TRUE;;;invalid;;;;;;rjm patuju;1;0;4;RJM PATUJU;Mangkuruku No.16;mangkuruku no 16;301;45;rjm patuju mangkuruku no 16 kbli45;99;1;1;0;Perlu Konfirmasi;Mangkuruku No16;0;0;;;0;6401040004_0_0;;;0;;0;0;0;0;;
36;233832;Premkopad;JL NOTO SUNARDI (KODIM TANAH GROGOT);6401040004;64;1;40;4;KALIMANTAN TIMUR;PASER;TANAH GROGOT;TANAH GROGOT;eyJpdiI6Ind0SGNiWnFjd1QyMTdxYmhRVjNPY3c9PSIsInZhbHVlIjoiQnY3MHFlaXQvNkpvQ2pmdzNPMVlRdz09IiwibWFjIjoiMWYxMDIwZjVkOTEyMDlmNjIxZGViMmVkMGJjZGIxMjM5MTVlYjg2MDI3OTFlZGYxZjc0NDg4NDY4NDNkMTg0YiIsInRhZyI6IiJ9;;;;;19/05/2025;UB;;;;invalid;;;FALSE;FALSE;FALSE;;;invalid;;;;;;premkopad;0;0;0;;;jl noto sunardi kodim tanah grogot;;0;premkopad jl noto sunardi kodim tanah grogot kbli00;4;0;1;0;Duplikat;JL NOTO SUNARDI KODIM TANAH GROGOT;0;0;;;0;6401040004_0_0;;;0;;0;0;0;0;;
220;97341325;BAHTERA ADHIGUNA PT PERSERO PELAYARAN;Jl. Ahmad Yani No.103;6401040004;64;1;40;4;KALIMANTAN TIMUR;PASER;TANAH GROGOT;TANAH GROGOT;eyJpdiI6InY2TVJ4SHEzQ1J2SmJ5R24xbjVQN1E9PSIsInZhbHVlIjoiekd6YXByV2NEQWgzZzBNSEdvSXFUQT09IiwibWFjIjoiM2JhNzkxYWI0N2MzYjhkNzBmNmUwY2VkZDVjYmE4ZWU2N2FkMDMxZGZjN2M3YjE0ZDVmYTZjZmViNjE5MzM3NSIsInRhZyI6IiJ9;;[Kegiatan Usaha: -, Kategori: H, KBLI: 50111];;;31/01/2025;UMKM;;;;invalid;;;FALSE;FALSE;FALSE;;;invalid;;;;;;bahtera adhiguna persero pelayaran;0;0;0;;;jl ahmad yani no 103;;50;bahtera adhiguna persero pelayaran jl ahmad yani no 103 kbli50;4;0;0;0;Duplikat;Jl Ahmad Yani No103;0;0;;;0;6401040004_0_0;;;0;;0;0;0;0;;
321;97341083;BANK MUAMALAT PT;JL RA KARTINI;6401040004;64;1;40;4;KALIMANTAN TIMUR;PASER;TANAH GROGOT;TANAH GROGOT;eyJpdiI6IjhUdXNBUzBvSmdFU0F6b2d4ditROHc9PSIsInZhbHVlIjoiT0oraGV4UmlLajg2TngwSmk0dGVpQT09IiwibWFjIjoiMWY5OTc1ZjhmNTlkMzIxMDk5NTUxZmQ3OWRlNmQ3ODAwNTFlODM4NDdmMjVmZDA3OTM5YzkwNmI3NzljNTgzZCIsInRhZyI6IiJ9;;"[Kegiatan Usaha: LAYANAN PERBANKAN UMUM SWASTA SYARIAH, Kategori: K, KBLI: 64122]; [Kegiatan Usaha: ...";;;31/01/2025;UMKM;;;;invalid;;;FALSE;FALSE;FALSE;;;invalid;;;;;;bank muamalat;0;0;0;;;jl ra kartini;;64;bank muamalat jl ra kartini kbli64;4;0;0;0;Duplikat;JL RA KARTINI;0;0;;;0;6401040004_0_0;;;0;;0;0;0;0;;
332;97341119;KOPERASI MANGKUBEN;JALAN PANGERAN MENTRI;6401040004;64;1;40;4;KALIMANTAN TIMUR;PASER;TANAH GROGOT;TANAH GROGOT;eyJpdiI6InoyYnRPY2k5VG8yRWRSdVUrZzdJekE9PSIsInZhbHVlIjoiV0VZU256V1JqNWtqZWlqWmtKOWtzUT09IiwibWFjIjoiY2FmYTFjM2ZjMTY1MmQyZWNjNGVjZGRiYTgzZTlhNjE5NGRkOTI0YmZhODk5Zjk4M2QwNzI3MzE4MzFiY2IyYiIsInRhZyI6IiJ9;;[Kegiatan Usaha: -, Kategori: K, KBLI: 64141];;;05/06/2025;UMKM;;;;invalid;;;FALSE;FALSE;FALSE;;;invalid;;;;;;mangkuben;0;0;0;;;jalan pangeran mentri;;64;mangkuben jalan pangeran mentri kbli64;4;0;1;0;Duplikat;JALAN PANGERAN MENTRI;0;0;;;0;6401040004_0_0;;;0;;0;0;0;0;;
405;97341390;ACC ELEKTRONIK <AHMAD BARKATI>;JALAN RA KARTINI;6401040004;64;1;40;4;KALIMANTAN TIMUR;PASER;TANAH GROGOT;TANAH GROGOT;eyJpdiI6ImlNNGNDaE5HRG82T0JSdnpQM1VwQlE9PSIsInZhbHVlIjoibCttaUloYkwxV1FyYzVOSFlMdGxlZz09IiwibWFjIjoiMGRiNDYzZjcwMjIxODEyMzE4YzNiMTQzMTA0YjA4ZDFiMWNhZTMyMTlhZDBkMDA4NTc0YjVmMTlkMWM4MTc1OSIsInRhZyI6IiJ9;;"[Kegiatan Usaha: MENJUAL ALAT ELEKTRONIK, Kategori: G, KBLI: 47592]; [Kegiatan Usaha: PERDAGANGAN EC...";;;15/05/2025;UMKM;;;;invalid;;;FALSE;FALSE;FALSE;;;invalid;;;;;;acc elektronik ahmad barkati;0;0;0;;;jalan ra kartini;;47;acc elektronik ahmad barkati jalan ra kartini kbli47;4;0;1;1;Duplikat;JALAN RA KARTINI;0;0;;;0;6401040004_0_0;;;0;;0;0;0;0;;
441;97333854;PRIMKOBHA (KOPERASI);POLRES PASER;6401040004;64;1;40;4;KALIMANTAN TIMUR;PASER;TANAH GROGOT;TANAH GROGOT;eyJpdiI6IlRnSlJoNTMvNjFFazJLVTk1blhLQ1E9PSIsInZhbHVlIjoiclhwSTdNV2ZPcUJLZEl3K3l3ays3QT09IiwibWFjIjoiMWM5ZDJiNmMxOWE1ZGRlM2ZlZmMxMWU0NjY0OGVmOGNhMmE5ZWUzMjZiMGQxNmY1ZDI1OGI3Y2QzZTU0N2Y5YSIsInRhZyI6IiJ9;;[Kegiatan Usaha: -, Kategori: K, KBLI: 64141];;;22/05/2025;UMKM;;;;invalid;;;FALSE;FALSE;FALSE;;;invalid;;;;;;primkobha;0;0;0;;;polres paser;;64;primkobha polres paser kbli64;4;0;1;0;Duplikat;POLRES PASER;0;0;;;0;6401040004_0_0;;;0;;0;0;0;0;;
448;97333812;KOPERASI BINA USAHA;JL KH DEWANTARA DEPAN SMKN 1;6401040004;64;1;40;4;KALIMANTAN TIMUR;PASER;TANAH GROGOT;TANAH GROGOT;eyJpdiI6IjRjMlNHU3U0dURkUmNLUlVYRVRaa3c9PSIsInZhbHVlIjoibHNWYmhzUmFNZVNCcE1vais3NU1rUT09IiwibWFjIjoiOWUwMDE1MDdjMWQ0ZDJmNmU0NDhjZTE3N2EzMWUzMDA5ZWM3ZmRlODE4MWVkZTc3NzdlMmRlYmY1NTUxZThjZSIsInRhZyI6IiJ9;;"[Kegiatan Usaha: SIMPAN PINJAM, Kategori: K, KBLI: 64141]; [Kegiatan Usaha: JASA SIMPN PINJAM, Kateg...";;;19/05/2025;UMKM;;;;invalid;;;FALSE;FALSE;FALSE;;;invalid;;;;;;bina usaha;0;0;0;;;jl kh dewantara depan smkn 1;;64;bina usaha jl kh dewantara depan smkn 1 kbli64;4;0;1;0;Duplikat;JL KH DEWANTARA DEPAN SMKN 1;0;0;;;0;6401040004_0_0;;;0;;0;0;0;0;;
484;97337166;KOPERASI MITRA SEJAHTERA;JALAN KIHAJAR DEWANTARA NO 9;6401040004;64;1;40;4;KALIMANTAN TIMUR;PASER;TANAH GROGOT;TANAH GROGOT;eyJpdiI6Ijc3QUNzbHlJZ1lDWG5JSzVMZ0RpOFE9PSIsInZhbHVlIjoiaHpzVHZtbnJ0akhKa0M3RCtyWHNaQT09IiwibWFjIjoiY2UwN2RjNzVmYTBiYzdjY2JjODA2MTI0Yzk1ZjY2ZjNkY2E3NDEwOTA4ZjBmMWRiMTJiYWQ5ZDBjMWQ1MmYwNSIsInRhZyI6IiJ9;;[Kegiatan Usaha: -, Kategori: K, KBLI: 64141];;;07/01/2025;UMKM;;;;invalid;;;FALSE;FALSE;FALSE;;;invalid;;;;;;mitra sejahtera;0;0;0;;;jalan kihajar dewantara no 9;;64;mitra sejahtera jalan kihajar dewantara no 9 kbli64;4;0;1;0;Duplikat;JALAN KIHAJAR DEWANTARA NO 9;0;0;;;0;6401040004_0_0;;;0;;0;0;0;0;;
703;97333428;KLINIK BPS <BIDAN PRAKTEK SWASTA>;JLN JENDRAL SUDIRMAN;6401040004;64;1;40;4;KALIMANTAN TIMUR;PASER;TANAH GROGOT;TANAH GROGOT;eyJpdiI6Imt6NVVUUDlST1l1bjJKVXd6RWxYQ0E9PSIsInZhbHVlIjoiZ0U5R3NWY2gyQXR5NDdhK0s0NDg2QT09IiwibWFjIjoiMzRlMzE3ZGI3NDdhN2YzNjAyNGFmZjRkODZiOGI0MGM0NGIyYzE1NDE1NzM1MTJjOTI2OGYxOGJkM2YyMGE2NCIsInRhZyI6IiJ9;;[Kegiatan Usaha: PERSALINAN, Kategori: Q, KBLI: 86901];;;10/02/2025;UMKM;;;;invalid;;;FALSE;FALSE;FALSE;;;invalid;;;;;;klinik bps bidan praktek swasta;0;0;0;;;jln jendral sudirman;;86;klinik bps bidan praktek swasta jln jendral sudirman kbli86;4;0;1;1;Duplikat;JLN JENDRAL SUDIRMAN;0;0;;;0;6401040004_0_0;;;0;;0;0;0;0;;
751;97336593;JUAL ALAT MOBIL <STEVEN>;JL MODANG;6401040004;64;1;40;4;KALIMANTAN TIMUR;PASER;TANAH GROGOT;TANAH GROGOT;eyJpdiI6IjgySGdnVDlEUDBwVllCNkdTaTJuQVE9PSIsInZhbHVlIjoiMlh0bGpRYlgrME9xdDVBSk5kQVQydz09IiwibWFjIjoiNDAzYzI0ZGNkMTY2NDQ5NTkxNWVjNTQ3MjAzOTI0YjdiMjRkNWNlOWU2NWI3NzU3MGU5M2Q5YjM1NmE4ZWI3ZCIsInRhZyI6IiJ9;;"[Kegiatan Usaha: MENJUAL ALAT-ALAT MOBIL, Kategori: G, KBLI: 45302]; [Kegiatan Usaha: PERDAGANGN ALA...";;;14/05/2025;UMKM;;;;invalid;;;FALSE;FALSE;FALSE;;;invalid;;;;;;jual alat mobil steven;0;0;0;;;jl modang;;45;jual alat mobil steven jl modang kbli45;4;0;1;1;Duplikat;JL MODANG;0;0;;;0;6401040004_0_0;;;0;;0;0;0;0;;
938;97333843;PRIMER KOPERASI TANAH GROGOT;JALAN RADEN MAS NOTO SUNARDI;6401040004;64;1;40;4;KALIMANTAN TIMUR;PASER;TANAH GROGOT;TANAH GROGOT;eyJpdiI6ImluamVmWE0wZEYxMmdQQjBuSXplWUE9PSIsInZhbHVlIjoiUEhCbUVGdytWSDdVeEdGZ1EzcVFpQT09IiwibWFjIjoiYTBlNzZjNmNmZjVlZTkxMzhhZGUyNzQ1ZTA4MjdlMGQyNzFmOWRjMGUwNjg5NjAyNTg5MWQ5MmIwM2UxYjUxYSIsInRhZyI6IiJ9;;[Kegiatan Usaha: -, Kategori: G, KBLI: 47711];;;07/01/2025;UMKM;;;;invalid;;;FALSE;FALSE;FALSE;;;invalid;;;;;;primer tanah grogot;0;0;0;;;jalan raden mas noto sunardi;;47;primer tanah grogot jalan raden mas noto sunardi kbli47;4;0;1;0;Duplikat;JALAN RADEN MAS NOTO SUNARDI;0;0;;;0;6401040004_0_0;;;0;;0;0;0;0;;
1098;97341302;Ira dental care/drg mahira;Jl. Kapten Piere Tendean, Tanah Grogot, Kec. Tanah Grogot, Kabupaten Paser, Kalimantan Timur 76251;6401040004;64;1;40;4;KALIMANTAN TIMUR;PASER;TANAH GROGOT;TANAH GROGOT;eyJpdiI6IjVac1FsYk0zV2pIMmUvalZmSjViT3c9PSIsInZhbHVlIjoiankwVG5TekdPRWNadzVEdUg2U2FsQT09IiwibWFjIjoiNTQwZDZhMDQ3OThmNDRlMjU1M2JkYWY2MTNlOTRmYWY2Y2UyMWZmYjc1ZGY2NzQ2MzgyMDY0OTJhNDBmMDljYyIsInRhZyI6IiJ9;;"[Kegiatan Usaha: -, Kategori: Q, KBLI: 86203]; [Kegiatan Usaha: Klinik Gigi, Kategori: , KBLI: ]";;;07/12/2025;UMKM;;-1.8981691;116.1940665;valid;;;FALSE;FALSE;FALSE;;;invalid;;;;;;ira dental care drg mahira;0;0;0;;;jl kapten piere tendean tanah grogot kec tanah grogot kabupaten paser kalimantan timur 76251;;86;ira dental care drg mahira jl kapten piere tendean tanah grogot kec tanah grogot   76251 kbli86;4;0;1;0;Duplikat;Jl Kapten Piere Tendean Tanah Grogot Kec Tanah Grogot   76251;0;0;;;0;6401040004_0_0;;;0;;1;1;0;0;-1.8981691;116.1940665
1352;97341086;DAPOER AGUS (MILA NASUTION);JALAN RADEN MAS NOTO SUNARDI GANG 45;6401040004;64;1;40;4;KALIMANTAN TIMUR;PASER;TANAH GROGOT;TANAH GROGOT;eyJpdiI6Im1CbVFwUysyb0txaGVnTjJFYXVKNFE9PSIsInZhbHVlIjoiNllTeUVscEIzdHhZK1JUQ1BkZ0JEdz09IiwibWFjIjoiNzZiNDRmNzcxZjU3NmFjODE3ZTBmYjcxZTJjNTFkZDJlN2ZhNGU2YzkwNWUxOTlhNmQ1ZWExN2RiZTY5YjFjYyIsInRhZyI6IiJ9;;[Kegiatan Usaha: -, Kategori: I, KBLI: 56290];;;01/11/2025;UMKM;;;;invalid;;;FALSE;FALSE;FALSE;;;invalid;;;;;;dapoer agus mila nasution;0;0;0;;;jalan raden mas noto sunardi gang 45;;56;dapoer agus mila nasution jalan raden mas noto sunardi gang 45 kbli56;4;0;1;0;Duplikat;JALAN RADEN MAS NOTO SUNARDI GANG 45;0;0;;;0;6401040004_0_0;;;0;;0;0;0;0;;
1579;2674200;SENDANG MAS;JALAN MODANG;6401040004;64;1;40;4;KALIMANTAN TIMUR;PASER;TANAH GROGOT;TANAH GROGOT;eyJpdiI6IlY4KzhtTWhoZkk0VGRJcm1GdDBmcmc9PSIsInZhbHVlIjoiZ1c2OVNGNzlsV0Q1QVdnQ2VyaDhjUT09IiwibWFjIjoiZGU1ZDFhMzkzYTdmNjk3NjZiZTVjZjIzN2IyZjA4NmY3NTI5MjlhY2JlMzkyMDU4YjMzYWFmZWU2OTkzN2NjMiIsInRhZyI6IiJ9;;[Kegiatan Usaha: -, Kategori: F, KBLI: 42918];;;01/11/2025;UMKM;Dir Pajak;;;invalid;;;FALSE;FALSE;FALSE;;;invalid;;;;;;sendang mas;0;0;0;;;jalan modang;;42;sendang mas jalan modang kbli42;4;0;1;0;Duplikat;JALAN MODANG;0;0;;;0;6401040004_0_0;;;0;;0;0;0;0;;
1597;2710225;PENDIDIKAN ISLAM AL-AZHAR;JL. JEND. SUDIRMAN NO 23, TANAH GROGOT;6401040004;64;1;40;4;KALIMANTAN TIMUR;PASER;TANAH GROGOT;TANAH GROGOT;eyJpdiI6Imtpby94UUZGZnpzYTgwdHlpaVJXdnc9PSIsInZhbHVlIjoib1lyUjFwV1hyTzYxcXBSVTlvcVdvdz09IiwibWFjIjoiYzM4NGFhMTcwODAzMjIxM2U4MzU3ZTdkMjlkYzgxMzEzODFlOTZjMTNmNmIyN2JhNWEwZTljMmUxMDc0OTJjZCIsInRhZyI6IiJ9;;[Kegiatan Usaha: -, Kategori: P, KBLI: 85495];;;03/07/2025;UMKM;Dir Pajak;;;invalid;;;FALSE;FALSE;FALSE;;;invalid;;;;;;pendidikan islam al azhar;0;0;0;;;jl jend sudirman no 23 tanah grogot;;85;pendidikan islam al azhar jl jend sudirman no 23 tanah grogot kbli85;4;0;1;0;Duplikat;JL JEND SUDIRMAN NO 23 TANAH GROGOT;0;0;;;0;6401040004_0_0;;;0;;0;0;0;0;;
1683;2840485;JEFFRINDO EKAPUTRA;JL MODANG NO 69 RT.005 RW.003, TANAH GROGOT;6401040004;64;1;40;4;KALIMANTAN TIMUR;PASER;TANAH GROGOT;TANAH GROGOT;eyJpdiI6ImRxdlQxeDh0cUR1UGF4SGVRY2NEdmc9PSIsInZhbHVlIjoiMC9KcjRHbXIzUzJmWE9wY0NYeEk1dz09IiwibWFjIjoiYmQyMGNkMzUyZjk2ZGY5YThkZjNmNDIwNjZlM2M4Y2YxZGM0NGU1ODdlMjQ2MTc5NDY2YTM3OTUxNWJiZTUzOSIsInRhZyI6IiJ9;;[Kegiatan Usaha: -, Kategori: G, KBLI: 46100];;;14/05/2025;UMKM;Dir Pajak;;;invalid;;;FALSE;FALSE;FALSE;;;invalid;;;;;;jeffrindo ekaputra;0;0;0;;;jl modang no 69 rt 005 rw 003 tanah grogot;;46;jeffrindo ekaputra jl modang no 69 rt 005 rw 003 tanah grogot kbli46;4;0;1;0;Duplikat;JL MODANG NO 69 RT005 RW003 TANAH GROGOT;5;3;;;0;6401040004_5_3;-1.91122;116.196126;0;;0;0;1;1;-1.91122;116.196126
1725;2904593;PMI KABUPATEN PASER;DR CIPTO MANGUNKUSUMO;6401040004;64;1;40;4;KALIMANTAN TIMUR;PASER;TANAH GROGOT;TANAH GROGOT;eyJpdiI6ImFvSlUyWjVqNjN0dExRUzN5V2RFMVE9PSIsInZhbHVlIjoiYkxLU3lObE9QRzQ1NmEzbklmbXpJQT09IiwibWFjIjoiMTJkMjE5MTNkZGU2ZTI4YTkzMDA0NjIwMmFjZjIzZGNjMjhmZDE3Mzc1YmJiZjI2MjRjN2Y5N2RhZTllYTRjNSIsInRhZyI6IiJ9;;[Kegiatan Usaha: -, Kategori: Q, KBLI: 86903];;;26/10/2025;UMKM;Dir Pajak;;;invalid;;;FALSE;FALSE;FALSE;;;invalid;;;;;;pmi kabupaten paser;0;0;0;;;dr cipto mangunkusumo;;86;pmi  dr cipto mangunkusumo kbli86;4;0;1;0;Duplikat;DR CIPTO MANGUNKUSUMO;0;0;;;0;6401040004_0_0;;;0;;0;0;0;0;;
1767;2956297;TUNAS DWIPA MATRA;JL. PADAT KARYA NO.02, TANAH GROGOT;6401040004;64;1;40;4;KALIMANTAN TIMUR;PASER;TANAH GROGOT;TANAH GROGOT;eyJpdiI6IlhxUnh1YkRhbmNZbjBDdGtTdEVtZmc9PSIsInZhbHVlIjoiU2MwOWM3a2w5amhDZE0xR2xVTE9pUT09IiwibWFjIjoiMzgwMWU3MmY3MWJiMTBiMWZlYjIwM2E3ZjU3Y2ExZDVkMTkxNGI4ZDdkODQ0YmE1YTU3MjYwYWQ3ZDViY2EwZCIsInRhZyI6IiJ9;;[Kegiatan Usaha: -, Kategori: G, KBLI: 45401];;;11/07/2025;UMKM;Dir Pajak;;;invalid;;;FALSE;FALSE;FALSE;;;invalid;;;;;;tunas dwipa matra;0;0;0;;;jl padat karya no 02 tanah grogot;;45;tunas dwipa matra jl padat karya no 02 tanah grogot kbli45;4;0;1;0;Duplikat;JL PADAT KARYA NO02 TANAH GROGOT;0;0;;;0;6401040004_0_0;;;0;;0;0;0;0;;
1782;2980775;BANK RAKYAT INDONESIA (PERSERO) TBK;JL JEND. SUDIRMAN;6401040004;64;1;40;4;KALIMANTAN TIMUR;PASER;TANAH GROGOT;TANAH GROGOT;eyJpdiI6ImRjTnRTRW90RW9paUpadXJ1cTZML2c9PSIsInZhbHVlIjoiK1BzSnVQWW8wWklMNHJXSzYyaXhjZz09IiwibWFjIjoiOWU1MjI5ODY0OWI4MjA5NzQ3NzM5YTgyNTYyNmY1ZTQyYzQ5OWZmMDAwMzU4OTg3YzhlN2UxM2UwNDJlM2ZmZCIsInRhZyI6IiJ9;;[Kegiatan Usaha: -, Kategori: K, KBLI: 64121];;;16/05/2025;UMKM;Dir Pajak;;;invalid;;;FALSE;FALSE;FALSE;;;invalid;;;;;;bank rakyat indonesia persero;0;0;0;;;jl jend sudirman;;64;bank rakyat indonesia persero jl jend sudirman kbli64;4;0;1;0;Duplikat;JL JEND SUDIRMAN;0;0;;;0;6401040004_0_0;;;0;;0;0;0;0;;
1947;3172479;BANK MEGA TBK;JL R. SOEPRAPTO;6401040004;64;1;40;4;KALIMANTAN TIMUR;PASER;TANAH GROGOT;TANAH GROGOT;eyJpdiI6IkFhU1lDdnAveU9wQXNlbDl3cTFqNkE9PSIsInZhbHVlIjoiN0Z1UC83VDRKRkh4RmZMZDNtU1E3QT09IiwibWFjIjoiNDQwMjJjYTU3NzI4YWUxMzYzNGRiYzY5ZmU2NWY5ZjYzNDYwYzY0ZGIyOWZlNWM3MmMxM2I4ZGY3ZWY1NmEwZiIsInRhZyI6IiJ9;;[Kegiatan Usaha: -, Kategori: K, KBLI: 64121];;;16/05/2025;UMKM;Dir Pajak;;;invalid;;;FALSE;FALSE;FALSE;;;invalid;;;;;;bank mega;0;0;0;;;jl r soeprapto;;64;bank mega jl r soeprapto kbli64;4;0;1;0;Duplikat;JL R SOEPRAPTO;0;0;;;0;6401040004_0_0;;;0;;0;0;0;0;;
1980;3227867;BANUA BERSAMA;JL R.M NOTO SUNARDI;6401040004;64;1;40;4;KALIMANTAN TIMUR;PASER;TANAH GROGOT;TANAH GROGOT;eyJpdiI6Ikx2cnNDc3NjSDFPYy9DKzdwVFc1WFE9PSIsInZhbHVlIjoiRVZXY3lTbnBxRnladyt2anRCQVB2UT09IiwibWFjIjoiZWU2MjZmMTBjYmU2YjhkOGRkMGNiNDQyNjE5YzI2NGEzZDc4ODZjNWU4ZjNmNDRhMDY4MTBlMTMxMWViNTMzMCIsInRhZyI6IiJ9;;;;;08/01/2025;UMKM;Dir Pajak;;;invalid;;;FALSE;FALSE;FALSE;;;invalid;;;;;;banua bersama;0;0;0;;;jl r m noto sunardi;;0;banua bersama jl r m noto sunardi kbli00;4;0;1;0;Duplikat;JL RM NOTO SUNARDI;0;0;;;0;6401040004_0_0;;;0;;0;0;0;0;;
2002;3274301;PAPADAAN;JL A YANI RT 02 RW 02;6401040004;64;1;40;4;KALIMANTAN TIMUR;PASER;TANAH GROGOT;TANAH GROGOT;eyJpdiI6InNmdE8yWk5IQ0g5Zmg0cHJaSVk2cnc9PSIsInZhbHVlIjoiN1Q0ajhPR1BleDBuQWFSQ1VHRDhWUT09IiwibWFjIjoiNmQyNjJmODQxOGExMjAwZDZkZjM2ZjRhZWU3OThjYmIyNTUxNzE1ZmQ4NTkzZjQ2YzJiOGMwYjc2YzRhZjQ3MSIsInRhZyI6IiJ9;;[Kegiatan Usaha: -, Kategori: I, KBLI: 56210];;;01/11/2025;UMKM;Dir Pajak;;;invalid;;;FALSE;FALSE;FALSE;;;invalid;;;;;;papadaan;0;0;0;;;jl a yani rt 02 rw 02;;56;papadaan jl a yani rt 02 rw 02 kbli56;4;0;1;0;Duplikat;JL A YANI RT 02 RW 02;2;2;;;0;6401040004_2_2;-1.91708;116.195563;0;;0;0;1;1;-1.91708;116.195563
2085;3431536;ISAK FARMA;JALAN D.I PANJAITAN;6401040004;64;1;40;4;KALIMANTAN TIMUR;PASER;TANAH GROGOT;TANAH GROGOT;eyJpdiI6IjFJckVjVFBGOHBtbElUVEQ1WWxJVWc9PSIsInZhbHVlIjoialNXVGovZWVnalROSGhYK3BQbDZOdz09IiwibWFjIjoiZDc5NGFmYmRmZGI0MDRlYTY5MzI1NDY0NGFhNDFiMjk4MTcwOWE1MjIzNTNkMTI0MzI5MTEyNDBkMjVkZWM2ZCIsInRhZyI6IiJ9;;[Kegiatan Usaha: -, Kategori: G, KBLI: 47773];;;31/01/2025;UMKM;Dir Pajak;;;invalid;;;FALSE;FALSE;FALSE;;;invalid;;;;;;isak farma;0;0;0;;;jalan d i panjaitan;;47;isak farma jalan d i panjaitan kbli47;4;0;1;0;Duplikat;JALAN DI PANJAITAN;0;0;;;0;6401040004_0_0;;;0;;0;0;0;0;;
2274;3753788;BUDI MULIA KASIH;JALAN RA.KARTINI, TANAH GROGOT;6401040004;64;1;40;4;KALIMANTAN TIMUR;PASER;TANAH GROGOT;TANAH GROGOT;eyJpdiI6IjhJTFRXWlhrQkhCUEloSEdpQVZydHc9PSIsInZhbHVlIjoiRy84dzE2ODc1bDM4Vlg1SThmTnJYdz09IiwibWFjIjoiZjRhMzIyNDg5ZGJlZWVlNTkxNGM1NjllMzA0NGU5NDNiYjBiMDNlMjE3MTAyMmQ5MzVmNGIzOTA3MDliM2RhZCIsInRhZyI6IiJ9;;[Kegiatan Usaha: -, Kategori: Q, KBLI: 87100];;;26/10/2025;UMKM;Dir Pajak;;;invalid;;;FALSE;FALSE;FALSE;;;invalid;;;;;;budi mulia kasih;0;0;0;;;jalan ra kartini tanah grogot;;87;budi mulia kasih jalan ra kartini tanah grogot kbli87;4;0;1;0;Duplikat;JALAN RAKARTINI TANAH GROGOT;0;0;;;0;6401040004_0_0;;;0;;0;0;0;0;;
2289;3780777;TK/TPA MIFTAHUL HUDA UNIT 013;JL PANGERAN MENTERI GG. 354;6401040004;64;1;40;4;KALIMANTAN TIMUR;PASER;TANAH GROGOT;TANAH GROGOT;eyJpdiI6IlVMK2d5d2RVL0p4UmM4dkNhbE83M0E9PSIsInZhbHVlIjoiUHVaVFRsVENGTlBnZjd2bFJTUzdHdz09IiwibWFjIjoiMWYxNzU4OWMzMDUxZWY5MDFlNjJjYWQ0NThmMDgwZjY1NzIyNjU5ZmY5ZmFlNjIwYWVlOTVjMjY3OGY5M2NiMSIsInRhZyI6IiJ9;;[Kegiatan Usaha: -, Kategori: P, KBLI: 85132];;;16/11/2025;UMKM;Dir Pajak;;;invalid;;;FALSE;FALSE;FALSE;;;invalid;;;;;;tk tpa miftahul huda unit 013;0;0;0;;;jl pangeran menteri gg 354;;85;tk tpa miftahul huda unit 013 jl pangeran menteri gg 354 kbli85;4;0;1;0;Duplikat;JL PANGERAN MENTERI GG 354;0;0;;;0;6401040004_0_0;;;0;;0;0;0;0;;
2374;3809673;PEGAWAI NEGERI MITRA SEJAHTERA;JL.KI HAJAR DEWANTARA, SMKN 1 TANAH GROGOT, TANAH GROGOT;6401040004;64;1;40;4;KALIMANTAN TIMUR;PASER;TANAH GROGOT;TANAH GROGOT;eyJpdiI6InRNR092WHpvQ1lqQ21mQUlDUExNaVE9PSIsInZhbHVlIjoiOWlEWSt5dTVPY25jTFArM1dTR0dKdz09IiwibWFjIjoiNTc2ZDY2MDZmNTcwNmM4NmFhMDFmOGUzNzhiMGU5MWI3MWY0ZjQxZGZhYzZhMTMxNTVhMjE2MWFkOTJhNWExMSIsInRhZyI6IiJ9;;[Kegiatan Usaha: -, Kategori: G, KBLI: 47112];;;07/01/2025;UMKM;Dir Pajak;;;invalid;;;FALSE;FALSE;FALSE;;;invalid;;;;;;pegawai negeri mitra sejahtera;0;0;0;;;jl ki hajar dewantara smkn 1 tanah grogot tanah grogot;;47;pegawai negeri mitra sejahtera jl ki hajar dewantara smkn 1 tanah grogot tanah grogot kbli47;4;0;1;0;Duplikat;JLKI HAJAR DEWANTARA SMKN 1 TANAH GROGOT TANAH GROGOT;0;0;;;0;6401040004_0_0;;;0;;0;0;0;0;;
2429;3933965;BFI FINANCE INDONESIA TBK, PT;JL MODANG;6401040004;64;1;40;4;KALIMANTAN TIMUR;PASER;TANAH GROGOT;TANAH GROGOT;eyJpdiI6IjliTlpzRm11Q0R2di9FSitiK1RpVUE9PSIsInZhbHVlIjoiOFlQcmcxYkJyV2lvSXdzRi9UUHdmdz09IiwibWFjIjoiMWI4OTkzYjMxMWJkYmEyYTliOGUyMWY5MTBhMDg4ODdhZTk1NTZhNjhkODk1NzMyYjEzMDk5YWRkODUyZTc3ZiIsInRhZyI6IiJ9;;;;;31/01/2025;UMKM;Dir Pajak;;;invalid;;;FALSE;FALSE;FALSE;;;invalid;;;;;;bfi finance indonesia;0;0;0;;;jl modang;;0;bfi finance indonesia jl modang kbli00;4;0;0;0;Duplikat;JL MODANG;0;0;;;0;6401040004_0_0;;;0;;0;0;0;0;;
2433;3937488;SINAR RIMBA;JL MODANG;6401040004;64;1;40;4;KALIMANTAN TIMUR;PASER;TANAH GROGOT;TANAH GROGOT;eyJpdiI6InMwZXMrdUpnWmp3ak1kMytKak1wdmc9PSIsInZhbHVlIjoiazk5dVBtTXhuU1ZDeTZ2SDF1ZlN0UT09IiwibWFjIjoiOTZlYjczN2Y0NDBjNWQ3YWY3Njc3NDM1NTNiOGIwYzc4MjViNWRkZmNhODc2MjExYmVlMzQ1OGQwYzllYmJlMCIsInRhZyI6IiJ9;;[Kegiatan Usaha: -, Kategori: C, KBLI: 18111];;;28/06/2025;UMKM;Dir Pajak;;;invalid;;;FALSE;FALSE;FALSE;;;invalid;;;;;;sinar rimba;0;0;0;;;jl modang;;18;sinar rimba jl modang kbli18;4;0;1;0;Duplikat;JL MODANG;0;0;;;0;6401040004_0_0;;;0;;0;0;0;0;;
2482;4026892;INDOMARCO PRISMATAMA;JALAN ANDEN OKO;6401040004;64;1;40;4;KALIMANTAN TIMUR;PASER;TANAH GROGOT;TANAH GROGOT;eyJpdiI6IkNQVmNJMWd0NDl5UnJqWUxBaTlNSmc9PSIsInZhbHVlIjoiUVo0ZFAvY0d3dEE0SUQxWXhUUlJUdz09IiwibWFjIjoiYWY2Yjk5Y2Q2NTQyNGRiOGFiZTMwMjBkYjc4YmVkNzVjNDcwNzZkNDkxMzdmYmNjOTk0YWY2NWFiZjI2Y2EwMSIsInRhZyI6IiJ9;;[Kegiatan Usaha: -, Kategori: G, KBLI: 46339];;;26/10/2025;UMKM;Dir Pajak;;;invalid;;;FALSE;FALSE;FALSE;;;invalid;;;;;;indomarco prismatama;0;0;0;;;jalan anden oko;;46;indomarco prismatama jalan anden oko kbli46;4;0;1;0;Duplikat;JALAN ANDEN OKO;0;0;;;0;6401040004_0_0;;;0;;0;0;0;0;;
2516;4066117;INDOMARCO PRISMATAMA;JALAN JENDERAL SUDIRMAN;6401040004;64;1;40;4;KALIMANTAN TIMUR;PASER;TANAH GROGOT;TANAH GROGOT;eyJpdiI6InF2Yk5QbW5zOGNmQjd3UHdQUW5xOFE9PSIsInZhbHVlIjoiOU5VbCt2a0Joa0Z0bThwWlVSZUFKUT09IiwibWFjIjoiNzhhNjk4Zjg4OGNjMTNkN2I2MjExYzJkYmJkM2Q0OGM5NTQ3N2U1ZjdhZGI5MTE3N2JmYmQ4NWY1NDE1ZWIyYiIsInRhZyI6IiJ9;;[Kegiatan Usaha: -, Kategori: G, KBLI: 46339];;;26/10/2025;UMKM;Dir Pajak;;;invalid;;;FALSE;FALSE;FALSE;;;invalid;;;;;;indomarco prismatama;0;0;0;;;jalan jenderal sudirman;;46;indomarco prismatama jalan jenderal sudirman kbli46;4;0;1;0;Duplikat;JALAN JENDERAL SUDIRMAN;0;0;;;0;6401040004_0_0;;;0;;0;0;0;0;;
2521;4087364;INDOMARCO PRISMATAMA;JALAN GAJAH MADA;6401040004;64;1;40;4;KALIMANTAN TIMUR;PASER;TANAH GROGOT;TANAH GROGOT;eyJpdiI6InNhOU84UDByVWlwZTJzdHU3MXp6Z2c9PSIsInZhbHVlIjoiOHNyZGZFSllxTGNXYnc2bm1iZGRjUT09IiwibWFjIjoiZDhmNzQyZmNmZWE4MzY5NDZkZjVkNmY3MjQ5MzU2OGFkODk2NDcxMGVlMTcxMDFkOGU0NjIxNmY0NzU4OTQ3ZiIsInRhZyI6IiJ9;;[Kegiatan Usaha: -, Kategori: G, KBLI: 46339];;;26/10/2025;UMKM;Dir Pajak;;;invalid;;;FALSE;FALSE;FALSE;;;invalid;;;;;;indomarco prismatama;0;0;0;;;jalan gajah mada;;46;indomarco prismatama jalan gajah mada kbli46;4;0;1;0;Duplikat;JALAN GAJAH MADA;0;0;;;0;6401040004_0_0;;;0;;0;0;0;0;;
2581;4243792;PERUMDA PRIMA JAYA TAKA;JALAN JENDERAL SUDIRMAN;6401040004;64;1;40;4;KALIMANTAN TIMUR;PASER;TANAH GROGOT;TANAH GROGOT;eyJpdiI6Ims2U2E4cmlhanBzdFhkcEwybzhGM0E9PSIsInZhbHVlIjoiZVFJVGozcURGZnhyM1RTNGxUanBLdz09IiwibWFjIjoiNjVhMzlmOWI5ZWNmMTJmNGRiMjEzNTYzZmViOGU1YjU3Y2I4Y2Q4MjcxN2NjYzFmODFjYWI0Y2RiZmE4ODVjOCIsInRhZyI6IiJ9;;"[Kegiatan Usaha: -, Kategori: G, KBLI: 46652]; [Kegiatan Usaha: Dagang/Perdagangan - distribusi pupu...";;;07/01/2025;UMKM;Dir Pajak;-1.9175293;116.190414;valid;;;FALSE;FALSE;FALSE;;;invalid;;;;;;perumda prima jaya taka;0;0;0;;;jalan jenderal sudirman;;46;perumda prima jaya taka jalan jenderal sudirman kbli46;4;0;1;0;Duplikat;JALAN JENDERAL SUDIRMAN;0;0;;;0;6401040004_0_0;;;0;;1;1;0;0;-1.9175293;116.190414
2631;4273738;HAJI AMBO SULO HAM;JL. JEND SUDIRMAN KM 1 TANAH GROGOT;6401040004;64;1;40;4;KALIMANTAN TIMUR;PASER;TANAH GROGOT;TANAH GROGOT;eyJpdiI6InV1aWR4RkpWUW9ydjNpZG5aMkZrcXc9PSIsInZhbHVlIjoidVBsT2tNbmJ5OWlhRlUrd2NqR01SQT09IiwibWFjIjoiNWVmZDJmMTlmYjNlYzc5ZjQzYjE0YTM3NGE0NDdkNjNjYTlkNjM4YWY3YmEzNDNhNDAzYzAyNWM3NjYzODhjNCIsInRhZyI6IiJ9;;"[Kegiatan Usaha: -, Kategori: G, KBLI: 46610]; [Kegiatan Usaha: PERDAGANGN BBM, Kategori: S, KBLI: 9...";;;15/05/2025;UB;Dir Pajak;;;invalid;;;FALSE;FALSE;FALSE;;;invalid;;;;;;haji ambo sulo ham;0;0;0;;;jl jend sudirman km 1 tanah grogot;;46;haji ambo sulo ham jl jend sudirman km 1 tanah grogot kbli46;4;0;1;0;Duplikat;JL JEND SUDIRMAN KM 1 TANAH GROGOT;0;0;;;0;6401040004_0_0;;;0;;0;0;0;0;;
2652;4311840;PERUMDA PRIMA JAYA TAKA;TANAH GROGOT;6401040004;64;1;40;4;KALIMANTAN TIMUR;PASER;TANAH GROGOT;TANAH GROGOT;eyJpdiI6Im1iazhHUzJmOU1GbU9jQm90YXVZZmc9PSIsInZhbHVlIjoiSW8xd2tpbEpyMFVkcFRKQjdpYmJTdz09IiwibWFjIjoiY2NhYTZjNzM3ZjBjMGM4NDFhMDQwZThmNzFkODNhZmRlZmQ3YzA3NTc4ZTgzOTNkMzY2NTY5YjY4YTJhNjJlYSIsInRhZyI6IiJ9;;[Kegiatan Usaha: -, Kategori: G, KBLI: 46610];;;07/01/2025;UMKM;Dir Pajak;;;invalid;;;FALSE;FALSE;FALSE;;;invalid;;;;;;perumda prima jaya taka;0;0;0;;;tanah grogot;;46;perumda prima jaya taka tanah grogot kbli46;4;0;1;0;Duplikat;TANAH GROGOT;0;0;;;0;6401040004_0_0;;;0;;0;0;0;0;;
2685;4382568;PERUMDA AIR MINUM TIRTA KANDILO KABUPATEN PASER;JALAN D.I.PANJAITAN;6401040004;64;1;40;4;KALIMANTAN TIMUR;PASER;TANAH GROGOT;TANAH GROGOT;eyJpdiI6IlZBMlhPMSs3U3gyTU5iN2NDWmtHZFE9PSIsInZhbHVlIjoiaXgwUC9iNk1OYmJkVkZWTHFoT3Jjdz09IiwibWFjIjoiMTc4MTYyZDc3ZDRkZWQ1MWNmMDVkM2Q5N2U2ZmY4ZDhmOGE5NmVkOTc2OWQ1Nzg0MDgzMWE5YTM5YTAzNmMxNyIsInRhZyI6IiJ9;;[Kegiatan Usaha: -, Kategori: E, KBLI: 36001];;;07/01/2025;UMKM;Dir Pajak;;;invalid;;;FALSE;FALSE;FALSE;;;invalid;;;;;;perumda air minum tirta kandilo kabupaten paser;0;0;0;;;jalan d i panjaitan;;36;perumda air minum tirta kandilo  jalan d i panjaitan kbli36;4;0;1;0;Duplikat;JALAN DIPANJAITAN;0;0;;;0;6401040004_0_0;;;0;;0;0;0;0;;
2732;4461342;RAJAWALI;JL P.MENTERI;6401040004;64;1;40;4;KALIMANTAN TIMUR;PASER;TANAH GROGOT;TANAH GROGOT;eyJpdiI6IlN0YzE0b1JwK0FGZjg2cjhKTndHNEE9PSIsInZhbHVlIjoidWE0VFhDZXFtMmtJcTIwQTJuMEJIZz09IiwibWFjIjoiNzgwOWZjY2FkZWMyZTVmMGExZTI1Mzk5YTgzNGRjYWJkZWZiY2M0NjkxYzQ3ZTg3NjhkNDQ4Nzk4NjU4MjhiNSIsInRhZyI6IiJ9;;[Kegiatan Usaha: -, Kategori: F, KBLI: 43224];;;31/01/2025;UMKM;Dir Pajak;;;invalid;;;FALSE;FALSE;FALSE;;;invalid;;;;;;rajawali;0;0;0;;;jl p menteri;;43;rajawali jl p menteri kbli43;4;0;1;0;Duplikat;JL PMENTERI;0;0;;;0;6401040004_0_0;;;0;;0;0;0;0;;
2892;4902773;USAHA BATIK <BASRIATI>;JALAN PANGERAN MENTRI;6401040004;64;1;40;4;KALIMANTAN TIMUR;PASER;TANAH GROGOT;TANAH GROGOT;eyJpdiI6IklhcFFyWElINkpMV3B6ZGJhQStOc2c9PSIsInZhbHVlIjoiamZHVUx2NWxTRTU0UHZuaXhLUENrQT09IiwibWFjIjoiZjlhMWIwNjk4ZTQ4YTBmY2I5Y2QzNjQ3YjBhYTliOTQ1Y2FmOWZmODE3Yjg3NjBkNWI5YzMzNGRhYzhjNWE2YiIsInRhZyI6IiJ9;;[Kegiatan Usaha: PEMBUATAN DAN PENJUALAN BATIK, Kategori: C, KBLI: 13134];;;05/02/2025;UMKM;;;;invalid;;;FALSE;FALSE;FALSE;;;invalid;;;;;;usaha batik basriati;0;0;0;;;jalan pangeran mentri;;13;usaha batik basriati jalan pangeran mentri kbli13;4;0;1;1;Duplikat;JALAN PANGERAN MENTRI;0;0;;;0;6401040004_0_0;;;0;;0;0;0;0;;
3510;5714645;GUEST HOUSE RIFA HALIS;JL JEND. SUDIRMAN GANG MARIOLA;6401040004;64;1;40;4;KALIMANTAN TIMUR;PASER;TANAH GROGOT;TANAH GROGOT;eyJpdiI6IndBZDh3YnU3VDk1bHM0ZDlvRDBJblE9PSIsInZhbHVlIjoiTjdabTFTQlJkYUFJMTJoSnhyT2lHdz09IiwibWFjIjoiMTRkODNjNWYwM2UxZjdkODc3MjRiNDE4Mzg0MmJjYTlkZjM5NDM2ZDA5NjE3YjI0OWY5NWI5ZTI0NzZlOTkzYyIsInRhZyI6IiJ9;;[Kegiatan Usaha: GUEST HOUSE, Kategori: I, KBLI: 55199];;;22/01/2025;UMKM;;;;invalid;;;FALSE;FALSE;TRUE;;;invalid;;;;;;guest house rifa halis;0;0;0;;;jl jend sudirman gang mariola;;55;guest house rifa halis jl jend sudirman gang mariola kbli55;1;0;1;0;Alih Usaha;JL JEND SUDIRMAN GANG MARIOLA;0;0;;;0;6401040004_0_0;-1.9125936;116.1949217;0;;0;0;1;1;-1.9125936;116.1949217
3805;5976637;PRIMER KOPERASI ANGKATAN DARAT DIM 0904;JLN. M. NOTO SUNARDI NOMOR 65 TANAH GROGOT, KABUPATEN PASER KALIMANTAN TIMUR;6401040004;64;1;40;4;KALIMANTAN TIMUR;PASER;TANAH GROGOT;TANAH GROGOT;eyJpdiI6InI2VUhNSnk3bEpRZWJXVC9FaC9PV2c9PSIsInZhbHVlIjoiV2VrdTA0SzBDREZOMUtHVDJnZ0lTdz09IiwibWFjIjoiYjIxODdiMmUwMjI3N2MyZTM4OWJjMTNkODE2OTQwYTNhMWZkN2ZmYWIwY2VmYmM1YTQwY2ZiMjA3NjU5YmVkMyIsInRhZyI6IiJ9;;[Kegiatan Usaha: -, Kategori: -, KBLI: -];;;07/01/2025;UMKM;;;;invalid;;;FALSE;FALSE;FALSE;;;invalid;;;;;;primer angkatan darat dim 0904;0;0;0;;;jln m noto sunardi nomor 65 tanah grogot kabupaten paser kalimantan timur;;0;primer angkatan darat dim 0904 jln m noto sunardi nomor 65 tanah grogot   kbli00;4;0;1;0;Duplikat;JLN M NOTO SUNARDI NOMOR 65 TANAH GROGOT  ;0;0;;;0;6401040004_0_0;;;0;;0;0;0;0;;
3811;6055323;PINARA 21 KOS & GUEST HOUSE;JL. S.I. KHALILUDIN, GG NUSA INDAH 1, TANAH GROGOT, RT 011 RW 04;6401040004;64;1;40;4;KALIMANTAN TIMUR;PASER;TANAH GROGOT;TANAH GROGOT;eyJpdiI6ImpwSG9GaUtZZHFqNVBpejlLeW0wSmc9PSIsInZhbHVlIjoiUDRxVElrTjMrZUFhTzlSSVRMOC9qdz09IiwibWFjIjoiYTYyMDQ1MDZlMzQxNzlmYzYyZGE1MTQxNmFlNmJlODJmYTdhYWY5ZGU0YmEyODJhOWUwNTdhMWM1ZWM5NWJiNiIsInRhZyI6IiJ9;;[Kegiatan Usaha: Rumah Kos, Kategori: -, KBLI: -];;;14/05/2025;UMKM;;;;invalid;;;FALSE;FALSE;FALSE;;;invalid;;;;;;pinara 21 kos guest house;0;0;0;;;jl s i khaliludin gg nusa indah 1 tanah grogot rt 011 rw 04;;0;pinara 21 kos guest house jl s i khaliludin gg nusa indah 1 tanah grogot rt 011 rw 04 kbli00;4;0;1;0;Duplikat;JL SI KHALILUDIN GG NUSA INDAH 1 TANAH GROGOT RT 011 RW 04;11;4;;;0;6401040004_11_4;-1.90231;116.191342;0;;0;0;1;1;-1.90231;116.191342
3812;6058098;Hotel Tiara;Jl. Jend. Ahmad Yani;6401040004;64;1;40;4;KALIMANTAN TIMUR;PASER;TANAH GROGOT;TANAH GROGOT;eyJpdiI6IlpzajRFSEs3ZEhMMWFXS2Z1R2NLOGc9PSIsInZhbHVlIjoiMFI5QUVsSnRzaXFTNmJINTZnWlQ2UT09IiwibWFjIjoiNWYwZWIzNGZhNDIzMWIwYjYxNmNjZWMxYjY2NDVlNGUwMGM5OTBmY2Q3ZDE4NzIyMWFhNzJlYTEwNzhhN2E5YSIsInRhZyI6IiJ9;;[Kegiatan Usaha: Penyediaan Jasa Akomodasi, Kategori: I, KBLI: 55120];;;05/02/2025;UMKM;;-1.90366;116.199565;valid;;;FALSE;FALSE;FALSE;;;invalid;;;;;;hotel tiara;0;0;0;;;jl jend ahmad yani;;55;hotel tiara jl jend ahmad yani kbli55;4;0;1;0;Duplikat;Jl Jend Ahmad Yani;0;0;;;0;6401040004_0_0;;;0;;1;1;0;0;-1.90366;116.199565
3815;6077137;INDOMARET MODANG TANAH GROGOT;JL. MODANG;6401040004;64;1;40;4;KALIMANTAN TIMUR;PASER;TANAH GROGOT;TANAH GROGOT;eyJpdiI6IlE3V2E4enQwenJwVjd0Vko1UjhnR2c9PSIsInZhbHVlIjoiKytycHdtTG1NZTBCVUI2Y2I3TThjQT09IiwibWFjIjoiNTdkMzM2YTBlNmEyNDQzODk0NzBiOTcwMWE2NzQ5NjgwNWFkOWYxMGJkZGE5ZGNkNDU2YjVmZTQzMGMzMTc0MCIsInRhZyI6IiJ9;;[Kegiatan Usaha: PERDAGANGAN ECERAN, Kategori: G, KBLI: -];;;31/01/2025;UMKM;;;;invalid;;;FALSE;FALSE;FALSE;;;invalid;;;;;;indomaret modang tanah grogot;0;0;0;;;jl modang;;0;indomaret modang tanah grogot jl modang kbli00;4;0;1;0;Duplikat;JL MODANG;0;0;;;0;6401040004_0_0;;;0;;0;0;0;0;;
3825;6083453;SMP MUHAMMADIYAH;JL. PANGERAN MENTERI NO. 96;6401040004;64;1;40;4;KALIMANTAN TIMUR;PASER;TANAH GROGOT;TANAH GROGOT;eyJpdiI6ImJ4N25MbzlFZ284TVlxcWVyZXNPVHc9PSIsInZhbHVlIjoiak9mQ0M5N25BRWQ0MXcxOXZ6QTNDdz09IiwibWFjIjoiNWYyZDE3YjNiZjg1MDgzNzE0MzcyYmYxZWU4N2UzZDA0NDA1N2M2M2RjZGZjNDRlMjFmMWQ5YTE5NDgyNjk2YiIsInRhZyI6IiJ9;;[Kegiatan Usaha: SMP SWASTA, Kategori: P, KBLI: 85122];;;27/06/2025;UMKM;;;;invalid;;;FALSE;FALSE;FALSE;;;invalid;;;;;;smp muhammadiyah;0;0;0;;;jl pangeran menteri no 96;;85;smp muhammadiyah jl pangeran menteri no 96 kbli85;4;0;1;0;Duplikat;JL PANGERAN MENTERI NO 96;0;0;;;0;6401040004_0_0;;;0;;0;0;0;0;;
3831;6085848;KANTOR NOTARIS PPAT NURHANIAH, SH., M.KN.;JL. KANDILO BAHARI NO. 17 RT 007;6401040004;64;1;40;4;KALIMANTAN TIMUR;PASER;TANAH GROGOT;TANAH GROGOT;eyJpdiI6IkFkQ05rYStpeWJPMEI5ZVVhNklTMWc9PSIsInZhbHVlIjoiUGdaVFpHU2FDL05qRXc0OE1hOU41Zz09IiwibWFjIjoiMWM0ZWFhMmZmMzc5OWE3MGJjN2NlZWI5OWMxY2NlYmU5YTg2ZTg5YjYzYmU3YzU1ODlmZWVjZGNiMDdmZDYzMyIsInRhZyI6IiJ9;;[Kegiatan Usaha: PELAYANAN PEMBUATAN AKTA, Kategori: M, KBLI: -];;;05/02/2025;UMKM;;;;invalid;;;FALSE;FALSE;FALSE;;;invalid;;;;;;kantor notaris ppat nurhaniah sh m kn;0;0;0;;;jl kandilo bahari no 17 rt 007;;0;kantor notaris ppat nurhaniah sh m kn jl kandilo bahari no 17 rt 007 kbli00;4;0;1;0;Duplikat;JL KANDILO BAHARI NO 17 RT 007;7;0;;;0;6401040004_7_0;;;0;;0;0;0;0;;
3877;6095141;SULING KONSULIDATE AGENCY, PT;JL.PADAT KARYA GG.HERMAN RT 01 RW 05 TANAH GROGOT;6401040004;64;1;40;4;KALIMANTAN TIMUR;PASER;TANAH GROGOT;TANAH GROGOT;eyJpdiI6Ijh1SnY4clhyWjVzRFlMRTJKZlg2REE9PSIsInZhbHVlIjoiekRwQStMaE1aT0dndTAwK2hGQU9Idz09IiwibWFjIjoiYTIwZTllNDc0NzQyODJiNTA5ZDE4M2Q1MTJkZDEwYjBhMmNlZWY2OTEzY2UxYTVlYWE2ZjkzNmVmMmQxOThlMSIsInRhZyI6IiJ9;;[Kegiatan Usaha: -, Kategori: -, KBLI: -];;;15/12/2025;UMKM;;;;invalid;;;FALSE;FALSE;TRUE;;;invalid;;;;;;suling konsulidate agency;0;0;0;;;jl padat karya gg herman rt 01 rw 05 tanah grogot;;0;suling konsulidate agency jl padat karya gg herman rt 01 rw 05 tanah grogot kbli00;3;0;0;0;Belum Berproduksi;JLPADAT KARYA GGHERMAN RT 01 RW 05 TANAH GROGOT;1;5;;;0;6401040004_1_5;-1.91499;116.187511;0;;0;0;1;1;-1.91499;116.187511
3887;6171374;CV BORDIR MAKSUM;JL. PIERE TENDEAN GG. SIMPATIK RT 7;6401040004;64;1;40;4;KALIMANTAN TIMUR;PASER;TANAH GROGOT;TANAH GROGOT;eyJpdiI6IlUreGUybTdFS0cvMXpZRU1oTk4vSXc9PSIsInZhbHVlIjoiNTE2TytUd2lIRlZiU0owdXRZQXZwQT09IiwibWFjIjoiYjU0ZWZkMjc2MjEyZjM5NjY5YzM1OGNmMWU4NDI4NjIwYTA5OWRkNjNmYTEzMzAwYTEzYTQzMzg2OGU5NzllMiIsInRhZyI6IiJ9;;[Kegiatan Usaha: MEMBUAT BORDIR EMBLEM DAN NAMA, Kategori: C, KBLI: 14302];;;22/05/2025;UMKM;;;;invalid;;;FALSE;FALSE;FALSE;;;invalid;;;;;;bordir maksum;0;0;0;;;jl piere tendean gg simpatik rt 7;;14;bordir maksum jl piere tendean gg simpatik rt 7 kbli14;4;0;1;0;Duplikat;JL PIERE TENDEAN GG SIMPATIK RT 7;7;0;;;0;6401040004_7_0;;;0;;0;0;0;0;;
3896;6085852;PT. RADIO RIZKY INDAH ANANDA;JL. PANGERAN ANTASARI;6401040004;64;1;40;4;KALIMANTAN TIMUR;PASER;TANAH GROGOT;TANAH GROGOT;eyJpdiI6IjU5Zllib2xxbDd5L3l3S0dIbGhvREE9PSIsInZhbHVlIjoiZU4xcVZhQnNYWDJLOXZHUDBuUXhzUT09IiwibWFjIjoiMDNkYjYzZjI3NWIyYmQ5ZTdiN2JlMTFkN2U5MGIwMGE0ZmExMjVlMTMwMmI5NmExZDEyNmM2YzQ5OTc1NWZlYiIsInRhZyI6IiJ9;;[Kegiatan Usaha: JASA PERIKLANAN, INFORMASI, DAN HIBURAN, Kategori: J, KBLI: 61100];;;19/05/2025;UMKM;;;;invalid;;;FALSE;FALSE;FALSE;;;invalid;;;;;;radio rizky indah ananda;0;0;0;;;jl pangeran antasari;;61;radio rizky indah ananda jl pangeran antasari kbli61;4;0;0;0;Duplikat;JL PANGERAN ANTASARI;0;0;;;0;6401040004_0_0;;;0;;0;0;0;0;;
3898;6085855;STIE WIDYA PRAJA;JL. JENDERAL SUDIRMAN;6401040004;64;1;40;4;KALIMANTAN TIMUR;PASER;TANAH GROGOT;TANAH GROGOT;eyJpdiI6IkVNdU5RUlgyZzc1ZTNzVkxxNllKdVE9PSIsInZhbHVlIjoia2diUkxacG43N0J6eUNjVkpKblN2dz09IiwibWFjIjoiODNlOTk1YjE1YmRmN2Q3NzUwNjY2Yzg3ODJlNzRjYWI4ODU2NTkxNWM1Nzg3NWMyNGJiNTE0YjQxM2Y2NTc5YyIsInRhZyI6IiJ9;;[Kegiatan Usaha: pendidikan tinggi Swasta, Kategori: P, KBLI: 85321];;;31/01/2025;UMKM;;;;invalid;;;FALSE;FALSE;FALSE;;;invalid;;;;;;stie widya praja;0;0;0;;;jl jenderal sudirman;;85;stie widya praja jl jenderal sudirman kbli85;4;0;1;0;Duplikat;JL JENDERAL SUDIRMAN;0;0;;;0;6401040004_0_0;;;0;;0;0;0;0;;
3902;6085844;BPS SAYANG IBU;JL. JENDERAL SUDIRMAN;6401040004;64;1;40;4;KALIMANTAN TIMUR;PASER;TANAH GROGOT;TANAH GROGOT;eyJpdiI6Ik83MlhHWitndEt6blJtRDdIVU1yNHc9PSIsInZhbHVlIjoid3NZUHRDT0pnYXBYazdxSlJkd0xFZz09IiwibWFjIjoiOGVhOGVkZWFjYjRlZTUwMjBkMzI5MWYxY2IyYmEyN2UxMGNiZDkzOWFjNGU2NjBhYTM0YjNmNDI5MTg1YjczNiIsInRhZyI6IiJ9;;[Kegiatan Usaha: KLINIK BERSALIN, Kategori: Q, KBLI: 86104];;;10/02/2025;UMKM;;;;invalid;;;FALSE;FALSE;FALSE;;;invalid;;;;;;bps sayang ibu;0;0;0;;;jl jenderal sudirman;;86;bps sayang ibu jl jenderal sudirman kbli86;4;0;1;0;Duplikat;JL JENDERAL SUDIRMAN;0;0;;;0;6401040004_0_0;;;0;;0;0;0;0;;
3915;6395736;MEDIA ENGINEERING CONSULTANT, CV;JL KAPTEN PIERE TENDEAN;6401040004;64;1;40;4;KALIMANTAN TIMUR;PASER;TANAH GROGOT;TANAH GROGOT;eyJpdiI6Imk2Tk83Tjl6bFdjWGttWWJTZ0ZIYmc9PSIsInZhbHVlIjoiMVoxdXRsbWxsVUx2aEVlR0hEVHZXUT09IiwibWFjIjoiNDFjMDRlZjg0NDk1OWViMzUwNDk2ZDRjNTUxNzExNDE5ZGExYThkZWY2NTM2YjZiM2FiZGYwZGRhNjBjYzc4ZiIsInRhZyI6IiJ9;;[Kegiatan Usaha: -, Kategori: F, KBLI: 42101];;;26/10/2025;UMKM;;;;invalid;;;FALSE;FALSE;FALSE;;;invalid;;;;;;media engineering consultant;0;0;0;;;jl kapten piere tendean;;42;media engineering consultant jl kapten piere tendean kbli42;4;0;1;0;Duplikat;JL KAPTEN PIERE TENDEAN;0;0;;;0;6401040004_0_0;;;0;;0;0;0;0;;
3985;6395823;KRAMA SRIYA INDAH, CV;JL D. I. PANJAITAN, GG BUEN;6401040004;64;1;40;4;KALIMANTAN TIMUR;PASER;TANAH GROGOT;TANAH GROGOT;eyJpdiI6IlRBUHNlVTJhQzJsNXpRZXJpdmhuR0E9PSIsInZhbHVlIjoiQW1PS1czYnR6Zi9ZeTRQRkRpdmh4UT09IiwibWFjIjoiOTcyNDFkNmQyNjhjNTA2MjkyMTY4NjQxN2Y5NTcyYTA0M2ZlZTFhMzI5NjZkYmRhMGJiNWYxODRkNjEwYmY3YSIsInRhZyI6IiJ9;;[Kegiatan Usaha: -, Kategori: F, KBLI: 42101];;;01/11/2025;UMKM;;;;invalid;;;FALSE;FALSE;FALSE;;;invalid;;;;;;krama sriya indah;0;0;0;;;jl d i panjaitan gg buen;;42;krama sriya indah jl d i panjaitan gg buen kbli42;4;0;1;0;Duplikat;JL D I PANJAITAN GG BUEN;0;0;;;0;6401040004_0_0;;;0;;0;0;0;0;;
3992;6395830;MELATI PASIR, CV;JL A. YANI TANAH GROGOT;6401040004;64;1;40;4;KALIMANTAN TIMUR;PASER;TANAH GROGOT;TANAH GROGOT;eyJpdiI6Ikx2UjJ2dFJDUnlyY2VWSjVnN2dLSkE9PSIsInZhbHVlIjoic2FaN1lvYnMvNjJDSDczVVR6cHkvZz09IiwibWFjIjoiOWUxNTEzODNlODUxYjFjMDE0M2Q4MjhhMmRhYzVhZWEzZTQ4YzU4ZjM1YzRkYTUwZmQ3Yjc3MGExODNkYTYyNiIsInRhZyI6IiJ9;;[Kegiatan Usaha: -, Kategori: F, KBLI: 42];;;28/06/2025;UMKM;;;;invalid;;;FALSE;FALSE;FALSE;;;invalid;;;;;;melati pasir;0;0;0;;;jl a yani tanah grogot;;42;melati pasir jl a yani tanah grogot kbli42;4;0;1;0;Duplikat;JL A YANI TANAH GROGOT;0;0;;;0;6401040004_0_0;;;0;;0;0;0;0;;
4033;6395884;TAPIS BARU, CV;JL GADJAH MADA NO 01 TANAH GROGOT;6401040004;64;1;40;4;KALIMANTAN TIMUR;PASER;TANAH GROGOT;TANAH GROGOT;eyJpdiI6IjJuVTZkNlBBS3diWm5BdjNZYTcrSVE9PSIsInZhbHVlIjoid0xDakRuOGVlVWhnczJUVmN1cXBZUT09IiwibWFjIjoiODMwMTkxNDJkNjMyOTBhNDhjZTAxNjdhNGRmMzRmMTI3MTBkNjBiNjBlMDFlOTE2NTUzYTg5YTQ4ZTUyMjc5NSIsInRhZyI6IiJ9;;[Kegiatan Usaha: -, Kategori: F, KBLI: 41000];;;28/06/2025;UMKM;;;;invalid;;;FALSE;FALSE;FALSE;;;invalid;;;;;;tapis baru;0;0;0;;;jl gadjah mada no 01 tanah grogot;;41;tapis baru jl gadjah mada no 01 tanah grogot kbli41;4;0;1;0;Duplikat;JL GADJAH MADA NO 01 TANAH GROGOT;0;0;;;0;6401040004_0_0;;;0;;0;0;0;0;;
4089;6395896;VENUS, CV;JL NOTO SUNARDI 46 NO 20B;6401040004;64;1;40;4;KALIMANTAN TIMUR;PASER;TANAH GROGOT;TANAH GROGOT;eyJpdiI6IndSVmpDdGJvZzljU2RGa1pKRVlMQVE9PSIsInZhbHVlIjoiekhQMTFRK2NjSkxPSXJmY1dGSE1JZz09IiwibWFjIjoiOWUyMzZkNTI4MGVkMmFjMDMzZTQ3ODhhNzIyNjJkMmI5ZjA2OGUwNWEyMGJiMDYzNWI0YmE3ZWE2Mjg5NzE0NiIsInRhZyI6IiJ9;;[Kegiatan Usaha: -, Kategori: F, KBLI: 41000];;;01/11/2025;UMKM;;;;invalid;;;FALSE;FALSE;FALSE;;;invalid;;;;;;venus;0;0;0;;;jl noto sunardi 46 no 20b;;41;venus jl noto sunardi 46 no 20b kbli41;4;0;1;0;Duplikat;JL NOTO SUNARDI 46 NO 20B;0;0;;;0;6401040004_0_0;;;0;;0;0;0;0;;
4142;6396076;ELLY  MANDIRI, CV;SONGKA;6401040004;64;1;40;4;KALIMANTAN TIMUR;PASER;TANAH GROGOT;TANAH GROGOT;eyJpdiI6IlNUOWtzekFlTHhTeUdpTkl0V1NqNVE9PSIsInZhbHVlIjoiQjh2ZTBUcGQ2QjRwTDE2RmhEdTJyZz09IiwibWFjIjoiYzY0NzI1NDA3ZGNmOTM3NWRkMTU1MThiMWMyNzI1NzQ5MWViODRkYzg3MjM0MGFlZDEyMjUyZTU0MWQyNDBiNyIsInRhZyI6IiJ9;;[Kegiatan Usaha: -, Kategori: F, KBLI: -];;;29/11/2025;UMKM;;;;invalid;;;FALSE;FALSE;FALSE;;;invalid;;;;;;elly mandiri;0;0;0;;;songka;;0;elly mandiri songka kbli00;4;0;1;0;Duplikat;SONGKA;0;0;;;0;6401040004_0_0;;;0;;0;0;0;0;;
4199;6396027;CAHAYA NUR, CV;JL SINGAMAULANA GG CEMPAKA;6401040004;64;1;40;4;KALIMANTAN TIMUR;PASER;TANAH GROGOT;TANAH GROGOT;eyJpdiI6InNqeFd2dGZDMTFla0dTd21ORnBrNEE9PSIsInZhbHVlIjoiVzk0dnlDNEpTZUIyb2tyd085cnk5dz09IiwibWFjIjoiMDE1MmZlZWQxOTQ1NGE4MWQ1Y2Q3MjJlNzI3OTVmYWI1NjJlNWYwOWY4MjcwMGM3ZjY1YmIyODFjMzVkMTkwOSIsInRhZyI6IiJ9;;[Kegiatan Usaha: -, Kategori: F, KBLI: -];;;26/10/2025;UMKM;;-1.911381;116.18831;valid;;;FALSE;FALSE;FALSE;;;invalid;;;;;;cahaya nur;0;0;0;;;jl singamaulana gg cempaka;;0;cahaya nur jl singamaulana gg cempaka kbli00;4;0;1;0;Duplikat;JL SINGAMAULANA GG CEMPAKA;0;0;;;0;6401040004_0_0;;;0;;1;1;0;0;-1.911381;116.18831
4321;6396160;KARYA BARU MANDIRI, PT;JL JENDRAL SUDIRMAN NO 01;6401040004;64;1;40;4;KALIMANTAN TIMUR;PASER;TANAH GROGOT;TANAH GROGOT;eyJpdiI6Im9QSXl6YVVCaEdZbG9hbHFZRS90aUE9PSIsInZhbHVlIjoiT1BOYlIzc0R1Z0ZheEJqRXJlRFFYQT09IiwibWFjIjoiYzcxOGNhNGIyMGJjZmVlN2FjZDg5NzllOWYxZjNjNzBmMGZhOTQ4ZjAxZjc1NDNiZThiMGFjMzU2NjZjYzhiNiIsInRhZyI6IiJ9;;"[Kegiatan Usaha: -, Kategori: F, KBLI: 42101]; [Kegiatan Usaha: -, Kategori: -, KBLI: 23957]";;;28/06/2025;UMKM;;;;invalid;;;FALSE;FALSE;FALSE;;;invalid;;;;;;karya baru mandiri;0;0;0;;;jl jendral sudirman no 01;;42;karya baru mandiri jl jendral sudirman no 01 kbli42;4;0;0;0;Duplikat;JL JENDRAL SUDIRMAN NO 01;0;0;;;0;6401040004_0_0;;;0;;0;0;0;0;;
4329;6396168;SENDANG MAS, PT;JL MODANG NO 38;6401040004;64;1;40;4;KALIMANTAN TIMUR;PASER;TANAH GROGOT;TANAH GROGOT;eyJpdiI6IlJKUy9abjFiOGtmUkNzUWpyRDAxa2c9PSIsInZhbHVlIjoiZ3pxR2VTMWZ5STF4bjl1a29rUFhjQT09IiwibWFjIjoiOGZlMzJiYzNiZmQ0YThkN2YzYzNmZDc3ZDRhYTEzNjA3MTJlMjg0ODE5NDgzNzI1ODZlMjZkYTcwZWJmYTY1YyIsInRhZyI6IiJ9;;[Kegiatan Usaha: -, Kategori: F, KBLI: 42];;;01/11/2025;UMKM;;;;invalid;;;FALSE;FALSE;FALSE;;;invalid;;;;;;sendang mas;0;0;0;;;jl modang no 38;;42;sendang mas jl modang no 38 kbli42;4;0;0;0;Duplikat;JL MODANG NO 38;0;0;;;0;6401040004_0_0;;;0;;0;0;0;0;;
4347;6396189;SRIYA ANUGERAH MANDIRI, PT;JL DI PANJAITAN;6401040004;64;1;40;4;KALIMANTAN TIMUR;PASER;TANAH GROGOT;TANAH GROGOT;eyJpdiI6IjFoWVhRU095VFkwWldDVElLNk1MS1E9PSIsInZhbHVlIjoiN0JFN0JBSGVwa0F4SnZ6L04vRld3UT09IiwibWFjIjoiMmNhMTBkMjNlZjc5YjIwMGEwZGIyMTYwNDUzNmZiMmZhYjIxZTU0ZjNhZTgyYThhYjdkZWFhYTJjOWFhMjA4ZCIsInRhZyI6IiJ9;;[Kegiatan Usaha: -, Kategori: F, KBLI: -];;;01/11/2025;UMKM;;;;invalid;;;FALSE;FALSE;FALSE;;;invalid;;;;;;sriya anugerah mandiri;0;0;0;;;jl di panjaitan;;0;sriya anugerah mandiri jl di panjaitan kbli00;4;0;0;0;Duplikat;JL DI PANJAITAN;0;0;;;0;6401040004_0_0;;;0;;0;0;0;0;;
4359;6396202;WINDU TAKA NUSANTARA, PT;JL DI PANJAITAN;6401040004;64;1;40;4;KALIMANTAN TIMUR;PASER;TANAH GROGOT;TANAH GROGOT;eyJpdiI6InNBTkJiTEpSZkduc0RJVmJnS0VRMkE9PSIsInZhbHVlIjoiUnREa2Z6UFplMDVQblBvZXNNQ1VvUT09IiwibWFjIjoiY2M0NWViYzNlYTYwMmFmY2JhODE4YTE2Y2MzYjYwNDc3M2VmZDY5ZTE5NDg0YjczYzRmMDE1NTM4NjNjODQyMiIsInRhZyI6IiJ9;;[Kegiatan Usaha: -, Kategori: F, KBLI: -];;;01/11/2025;UMKM;;;;invalid;;;FALSE;FALSE;FALSE;;;invalid;;;;;;windu taka nusantara;0;0;0;;;jl di panjaitan;;0;windu taka nusantara jl di panjaitan kbli00;4;0;0;0;Duplikat;JL DI PANJAITAN;0;0;;;0;6401040004_0_0;;;0;;0;0;0;0;;
4375;6584948;CV CUMITRA UTAMA TAILOR;JL HASANUDIN RT 13 RW 1;6401040004;64;1;40;4;KALIMANTAN TIMUR;PASER;TANAH GROGOT;TANAH GROGOT;eyJpdiI6IlplektreTQ5Szg3NTJhWGVhZktHb1E9PSIsInZhbHVlIjoiZWZucUJETnFOQWw2NjBVWGF3V2lDZz09IiwibWFjIjoiNjdlMjdlNzQxNTY3MDY5Yzg1NjM4YjRjOTBkOWFlM2JhZTQwYzAxM2ZiYjRhNzNkYmFkMWZiODU4YTdlMDk5YSIsInRhZyI6IiJ9;;[Kegiatan Usaha: MEMBUAT PAKAIAN (Bahan: KAIN), Kategori: C, KBLI: 14120];;;06/02/2025;UMKM;;;;invalid;;;FALSE;FALSE;FALSE;;;invalid;;;;;;cumitra utama tailor;0;0;0;;;jl hasanudin rt 13 rw 1;;14;cumitra utama tailor jl hasanudin rt 13 rw 1 kbli14;4;0;1;0;Duplikat;JL HASANUDIN RT 13 RW 1;13;1;;;0;6401040004_13_1;;;0;;0;0;0;0;;
4407;6584980;CV ROYAL 51;JLN PANGERAN MENTERI GG 51 NO 240;6401040004;64;1;40;4;KALIMANTAN TIMUR;PASER;TANAH GROGOT;TANAH GROGOT;eyJpdiI6InZsd3dWSXZVY2dLRGlGYm8wNThvNEE9PSIsInZhbHVlIjoidXUvN2R0cGxzZDgxbmJSajM2WlIyZz09IiwibWFjIjoiNGU3NTJkY2Q5N2M2OGFmNzg3ZjM2MWJhN2E4ZDMwOGI1Nzc2NjI3MWRkYTJlMTQ4ZTNkNTQ5Nzk1MWQ5ODkyNSIsInRhZyI6IiJ9;;[Kegiatan Usaha: ROTI ROTI,DESSERT BOLU,KUE KERING (Bahan: TEPUNG,GULA,MINYAK,MENTEGA), Kategori: C,...;;;23/06/2025;UMKM;;;;invalid;;;FALSE;FALSE;FALSE;;;invalid;;;;;;royal 51;0;0;0;;;jln pangeran menteri gg 51 no 240;;0;royal 51 jln pangeran menteri gg 51 no 240 kbli00;4;0;1;0;Duplikat;JLN PANGERAN MENTERI GG 51 NO 240;0;0;;;0;6401040004_0_0;;;0;;0;0;0;0;;
4439;6475855;Toko Emas H. Lukman;RT.05/RW.03;6401040004;64;1;40;4;KALIMANTAN TIMUR;PASER;TANAH GROGOT;TANAH GROGOT;eyJpdiI6IlhDUTB4L2N4aEJVV0RVc20zYUVXb2c9PSIsInZhbHVlIjoiTVZLMUpraVliSkN1U21xZmMvdXNudz09IiwibWFjIjoiN2NkMzM4ZTUyZjAzNjc5NmZlMmRhNGI0NDNmNGM4ZDRiMTA3NDUwNmM4Nzk3Njk0Nzg3NmMzNmU3YzllZDdlYSIsInRhZyI6IiJ9;;[Kegiatan Usaha: Menjual: Perhiasan dan Emas Batangan, Kategori: G, KBLI: -];;;05/02/2025;;;;;invalid;;;FALSE;FALSE;FALSE;;;invalid;;;;;;emas h lukman;0;0;0;;;rt 05 rw 03;;0;emas h lukman rt 05 rw 03 kbli00;4;0;1;0;Duplikat;RT05RW03;5;3;;;0;6401040004_5_3;-1.91122;116.196126;0;;0;0;1;1;-1.91122;116.196126
4448;6488219;CV.KARINDU;Jl. Rahmad Gg Al - Faqir RT.010 Tepian Batang Tanah Grogot;6401040004;64;1;40;4;KALIMANTAN TIMUR;PASER;TANAH GROGOT;TANAH GROGOT;eyJpdiI6Ii8zR29MMFYwSFY2YzVmaUtBejVlNVE9PSIsInZhbHVlIjoiczVyTUM1SzU1dnplZy9VdlpVdTIrdz09IiwibWFjIjoiMGNhOGRiZmY5NGE3NzgwODkyMzcyNmJkNjJmYTAwODZlNzU2ZmNjMDNkNmNkYzYyNjA4ZWRiYTQ1ZjE1YzIyYiIsInRhZyI6IiJ9;;[Kegiatan Usaha: -, Kategori: F, KBLI: -];;;15/12/2025;;;;;invalid;;;FALSE;FALSE;TRUE;;;invalid;;;;;;karindu;0;0;0;;;jl rahmad gg al faqir rt 010 tepian batang tanah grogot;;0;karindu jl rahmad gg al faqir rt 010 tepian batang tanah grogot kbli00;99;0;1;0;Perlu Konfirmasi;Jl Rahmad Gg Al Faqir RT010 Tepian Batang Tanah Grogot;10;0;;;0;6401040004_10_0;;;0;;0;0;0;0;;
4449;6488450;Borneo Kusuma Mandiri;Sultan Abdurahman Rt. 007 Rw. 004 Tanah grogot;6401040004;64;1;40;4;KALIMANTAN TIMUR;PASER;TANAH GROGOT;TANAH GROGOT;eyJpdiI6IjNNRWhSVWhQaE9UTXZObXJ4MEFrQnc9PSIsInZhbHVlIjoic0hDaTFPRE15clVJR0NZNmJIR0E2dz09IiwibWFjIjoiZjViMzA0NWI0Njg4YjdhNTYxYmQzYmJjZTg5NmQzODk0MzZiZjdiYmQyMmViN2Y2ZmNjZTlmMzk0NTA0ZjFmMyIsInRhZyI6IiJ9;;;;;15/12/2025;;;;;invalid;;;FALSE;FALSE;TRUE;;;invalid;;;;;;borneo kusuma mandiri;0;0;0;;;sultan abdurahman rt 007 rw 004 tanah grogot;;0;borneo kusuma mandiri sultan abdurahman rt 007 rw 004 tanah grogot kbli00;1;0;1;0;Perlu Konfirmasi;Sultan Abdurahman Rt 007 Rw 004 Tanah grogot;7;4;;;0;6401040004_7_4;-1.90348;116.197044;0;;0;0;1;1;-1.90348;116.197044
4450;6488476;CV. NUSANTARA BERJAYA MANDIRI;Jl. Jend. A. Yani, Tanah Grogot, Kab. Paser;6401040004;64;1;40;4;KALIMANTAN TIMUR;PASER;TANAH GROGOT;TANAH GROGOT;eyJpdiI6IjdEVjZ0LzVleFEySU05M2RxdkpkTXc9PSIsInZhbHVlIjoiU3lOLzdxaERPNGhXNkpCMXh5V3VDUT09IiwibWFjIjoiZjFiNzI5MzNkMGQyOWY5ZDE0YzQyNWJjOTc3M2Y0ZjRlODc2MmEyYWI4YWIwN2U1NTQ3NmQ1NzFmNmRlZTA3MyIsInRhZyI6IiJ9;;[Kegiatan Usaha: -, Kategori: F, KBLI: -];;;15/12/2025;;;;;invalid;;;FALSE;FALSE;TRUE;;;invalid;;;;;;nusantara berjaya mandiri;0;0;0;;;jl jend a yani tanah grogot kab paser;;0;nusantara berjaya mandiri jl jend a yani tanah grogot kab paser kbli00;99;0;1;0;Perlu Konfirmasi;Jl Jend A Yani Tanah Grogot Kab Paser;0;0;;;0;6401040004_0_0;;;0;;0;0;0;0;;
4454;6489254;CV. AUDI JAYA;Jl. Ahmad Yani Gang Laos No.133 RT/RW 002/006, Tanah Grogot;6401040004;64;1;40;4;KALIMANTAN TIMUR;PASER;TANAH GROGOT;TANAH GROGOT;eyJpdiI6Im9mNGlGeFVuN085c1k4ejRsbXZubkE9PSIsInZhbHVlIjoia3cvYWJEbjhhVWxHaU1xR2lMR1J1dz09IiwibWFjIjoiNWFlNDNlNjQxZWNmMGY0NTMyMDkwM2JlY2E3ZmJjMGM3OTBjMTdmNDZlMWMyNmZlYTZhYzYzMjBkOGVmZTRhMyIsInRhZyI6IiJ9;;;;;15/12/2025;;;;;invalid;;;FALSE;FALSE;TRUE;;;invalid;;;;;;audi jaya;0;0;0;;;jl ahmad yani gang laos no 133 rt rw 002 006 tanah grogot;;0;audi jaya jl ahmad yani gang laos no 133 rt rw 002 006 tanah grogot kbli00;1;0;1;0;Perlu Konfirmasi;Jl Ahmad Yani Gang Laos No133 RTRW 002006 Tanah Grogot;2;6;;;0;6401040004_2_6;-1.90469;116.199542;0;;0;0;1;1;-1.90469;116.199542
4461;6492527;CV BANGUN ALAM PERKASA;JALAN YOS SUDARSO, TANAH GROGOT;6401040004;64;1;40;4;KALIMANTAN TIMUR;PASER;TANAH GROGOT;TANAH GROGOT;eyJpdiI6IkxBSGtiTFFjL3oyWUFuUCszOTFBVlE9PSIsInZhbHVlIjoiVkl1Z2RxMitSZjdJQnNIajBEajl2UT09IiwibWFjIjoiM2YwNTEzN2EyMjNmY2E1MGRhODIyMjQ5YzNmMGNjZmY1MjFjMWZkMzIwZGE5MTIxNTU1OTVlMGNhMDJjYTI1OCIsInRhZyI6IiJ9;;[Kegiatan Usaha: Agen Perjalanan, Kategori: N, KBLI: -];;;15/12/2025;;;;;invalid;;;FALSE;FALSE;TRUE;;;invalid;;;;;;bangun alam perkasa;0;0;0;;;jalan yos sudarso tanah grogot;;0;bangun alam perkasa jalan yos sudarso tanah grogot kbli00;99;0;1;0;Perlu Konfirmasi;JALAN YOS SUDARSO TANAH GROGOT;0;0;;;0;6401040004_0_0;;;0;;0;0;0;0;;
4471;6615854;CV. RIHLAH JAYA BAROKAH;JL. ANGGREK;6401040004;64;1;40;4;KALIMANTAN TIMUR;PASER;TANAH GROGOT;TANAH GROGOT;eyJpdiI6Inp3S0Q3WmlPdWZiYU56ZWNCK3VUNmc9PSIsInZhbHVlIjoiVzhUazNNRTdsRmR1cjl3K1AzMmN6QT09IiwibWFjIjoiOWQ2ZmJlNDI5NDAyYzAyMmQwYThmNTY2ODM5YTZjZGZkYTJhYjEyZGEwOTBiNzdkMDNiNmZjOTMwNjk0NTFlMiIsInRhZyI6IiJ9;;[Kegiatan Usaha: JASA AGEN PERJALANAN TRAVEL, Kategori: N, KBLI: 77100];;;05/02/2025;;;;;invalid;;;FALSE;FALSE;FALSE;;;invalid;;;;;;rihlah jaya barokah;0;0;0;;;jl anggrek;;77;rihlah jaya barokah jl anggrek kbli77;4;0;1;0;Duplikat;JL ANGGREK;0;0;;;0;6401040004_0_0;;;0;;0;0;0;0;;
4472;6615855;MA AL - Ihsan Tanah Grogot;JL. SENAKEN, DS. SENAKEN, RT 04;6401040004;64;1;40;4;KALIMANTAN TIMUR;PASER;TANAH GROGOT;TANAH GROGOT;eyJpdiI6IlNldVcvRGdEWlhpNUw3VnFDYUhKTUE9PSIsInZhbHVlIjoiTVd3dVBUZllzQXBEZlRQUlMwSEtLQT09IiwibWFjIjoiYmZiNGE4ZGY2ZDVmYTcxNTRjOTZkMGIzYTFiZTc2N2FkNGVlYjlhMjY5MTYzNTMzZDQzMjgyOTM0NGRhNDU4YSIsInRhZyI6IiJ9;;[Kegiatan Usaha: Bidang pendidikan MA/SMA, Kategori: P, KBLI: 85321];;;27/06/2025;;;;;invalid;;;FALSE;FALSE;FALSE;;;invalid;;;;;;ma al ihsan tanah grogot;0;0;0;;;jl senaken ds senaken rt 04;;85;ma al ihsan tanah grogot jl senaken ds senaken rt 04 kbli85;4;0;1;0;Duplikat;JL SENAKEN DS SENAKEN RT 04;4;0;;;0;6401040004_4_0;;;0;;0;0;0;0;;
4476;6615859;ALIEF JAYA TRAVEL;JL. Modang;6401040004;64;1;40;4;KALIMANTAN TIMUR;PASER;TANAH GROGOT;TANAH GROGOT;eyJpdiI6InNFdjFEcitYeVNYTDdwRUYyKzNzeHc9PSIsInZhbHVlIjoiZSswa24yMks1RzhubTNSNU0rNUpmZz09IiwibWFjIjoiM2I4NTBlNzljMjA5OTUxYzFkOTc0YzQ0NTZiMDgxMDYzZGEzZjA0ZTJjNzYxZWZlOGEyNjZlN2E3YzYyY2Y1OSIsInRhZyI6IiJ9;;[Kegiatan Usaha: Jasa transportasi, Kategori: H, KBLI: 49411];;;05/02/2025;;;;;invalid;;;FALSE;FALSE;FALSE;;;invalid;;;;;;alief jaya travel;0;0;0;;;jl modang;;49;alief jaya travel jl modang kbli49;4;0;1;0;Duplikat;JL Modang;0;0;;;0;6401040004_0_0;;;0;;0;0;0;0;;
4481;6619345;KARMINTEN                          ;JL.MUALAWARMAN                     ;6401040004;64;1;40;4;KALIMANTAN TIMUR;PASER;TANAH GROGOT;TANAH GROGOT;eyJpdiI6IlFCVjVEemd5RnFwUnFOb0E0OFdLWlE9PSIsInZhbHVlIjoiaDBraGZNRmxWeHEvNnp6KzBVdDdpZz09IiwibWFjIjoiNDcyNjU5NTkyZDQ1MWQ2OGMxNjZjNGI0OTAyNTM1ZTUzZWNhYTJlMTExM2RiNDYxMGE3YWZjNjcwZThlOThiNCIsInRhZyI6IiJ9;;[Kegiatan Usaha: KACANG HIJAU                                 , Kategori: G, KBLI: 47211];;;15/12/2025;;;;;invalid;;;FALSE;FALSE;TRUE;;;invalid;;;;;;karminten;0;0;0;;;jl mualawarman;;47;karminten jl mualawarman kbli47;99;0;1;0;Perlu Konfirmasi;JLMUALAWARMAN;0;0;;;0;6401040004_0_0;;;0;;0;0;0;0;;
4482;6619663;H. WAWAN;JL. D.I. PANDJAITAN;6401040004;64;1;40;4;KALIMANTAN TIMUR;PASER;TANAH GROGOT;TANAH GROGOT;eyJpdiI6IndQSUYwanMwT1BjV0hidHR2dkNUT0E9PSIsInZhbHVlIjoiTzlVdTJrM2NVTWZTbUY2bGNnQ1FmZz09IiwibWFjIjoiZjRlZTlkMjIwOGVjMzcyYTI4MDRhOTZkMDliMWVkOGU1OTFjMTU0OTVjNGRhNmViNmQyMTQzNjQ1M2JkNDczYyIsInRhZyI6IiJ9;;[Kegiatan Usaha: BAMBU, Kategori: G, KBLI: 47216];;;15/12/2025;;;;;invalid;;;FALSE;FALSE;TRUE;;;invalid;;;;;;h wawan;0;0;0;;;jl d i pandjaitan;;47;h wawan jl d i pandjaitan kbli47;99;0;1;0;Perlu Konfirmasi;JL DI PANDJAITAN;0;0;;;0;6401040004_0_0;;;0;;0;0;0;0;;
4485;6621273;SUMINI                             ;JL.R.SUPRAPTO                      ;6401040004;64;1;40;4;KALIMANTAN TIMUR;PASER;TANAH GROGOT;TANAH GROGOT;eyJpdiI6IlNvWWlBS3J5M1diT3JDYm44OWR1dVE9PSIsInZhbHVlIjoiY0ZHTWRudVlhL2YrOCtrMlVRdkpTZz09IiwibWFjIjoiMDk5OGU0ZTU3MzZkMzBlNGE2NDhhMWFkMzdiY2E1OTQ1OTI2YzFmYzI3NTIyOGM4MWRhNzQ3ZTg3MmE4N2MwNiIsInRhZyI6IiJ9;;[Kegiatan Usaha: BUAH-BUAHAN                                  , Kategori: G, KBLI: 47212];;;15/12/2025;;;;;invalid;;;FALSE;FALSE;TRUE;;;invalid;;;;;;sumini;0;0;0;;;jl r suprapto;;47;sumini jl r suprapto kbli47;99;0;1;0;Perlu Konfirmasi;JLRSUPRAPTO;0;0;;;0;6401040004_0_0;;;0;;0;0;0;0;;
4488;6621591;BUSTAN                             ;JL. YOS SUDARS0 RT.4               ;6401040004;64;1;40;4;KALIMANTAN TIMUR;PASER;TANAH GROGOT;TANAH GROGOT;eyJpdiI6IkN1bVNzT2JiU0h0WUxCbXRQZTFNZ0E9PSIsInZhbHVlIjoiODBERVNYWFlnTDd0cEFWODRhdzNzUT09IiwibWFjIjoiOWJmYTk3MzJhOWYyMDdjOGVmMjg5ZmZmMmU1YmQxMTI2YWFlMjQzNTMwNWMyYmRiNmZjNjk4MzBiNWIyNzkwOSIsInRhZyI6IiJ9;;[Kegiatan Usaha: POHON PALM DAN TANAMAN HIAS                  , Kategori: G, KBLI: 47762];;;15/12/2025;;;;;invalid;;;FALSE;FALSE;TRUE;;;invalid;;;;;;bustan;0;0;0;;;jl yos sudars0 rt 4;;47;bustan jl yos sudars0 rt 4 kbli47;99;0;1;0;Perlu Konfirmasi;JL YOS SUDARS0 RT4;4;0;;;0;6401040004_4_0;;;0;;0;0;0;0;;
4490;6622258;NURFAHMI;JL RA KARTINI;6401040004;64;1;40;4;KALIMANTAN TIMUR;PASER;TANAH GROGOT;TANAH GROGOT;eyJpdiI6Im5MTGNwNnlVUnF0QUNMQWxPZTg5K3c9PSIsInZhbHVlIjoiOXI3SERXQmNEdXhhNW9jaEk0bVhlZz09IiwibWFjIjoiOTdkZTAzOTdjNTM1YWVkYjZjOTRkZDJmYTEwMWIyY2I3MDM1MDdkZDA4N2NjY2QxNDNiM2UzNTBjZWIxYjZlOCIsInRhZyI6IiJ9;;[Kegiatan Usaha: MIE INSTAN, Kategori: G, KBLI: 47112];;;15/12/2025;;;;;invalid;;;FALSE;FALSE;TRUE;;;invalid;;;;;;nurfahmi;0;0;0;;;jl ra kartini;;47;nurfahmi jl ra kartini kbli47;99;0;1;0;Perlu Konfirmasi;JL RA KARTINI;0;0;;;0;6401040004_0_0;;;0;;0;0;0;0;;
4502;6396127;PASER JAYA ABADI, CV;JL RM NOTO SUNARDI GG. NOTOKUSUMO;6401040004;64;1;40;4;KALIMANTAN TIMUR;PASER;TANAH GROGOT;TANAH GROGOT;eyJpdiI6InVkU3IzUXBzUDM1VVA5R2VSSlBKc3c9PSIsInZhbHVlIjoialNXMVJZcXhZOEhLY0N0eFkrQm04Zz09IiwibWFjIjoiYTdhYjhiZmY1ZTM3NDcxN2U4YThhMTQwZmMyZDNkOTAwOTVlYTliYmIwNDc4YjAzNmU5N2VhMzFhNzJjODdhZSIsInRhZyI6IiJ9;;[Kegiatan Usaha: -, Kategori: F, KBLI: -];;;28/06/2025;UMKM;;;;invalid;;;FALSE;FALSE;FALSE;;;invalid;;;;;;paser jaya abadi;0;0;0;;;jl rm noto sunardi gg notokusumo;;0;paser jaya abadi jl rm noto sunardi gg notokusumo kbli00;4;0;1;0;Duplikat;JL RM NOTO SUNARDI GG NOTOKUSUMO;0;0;;;0;6401040004_0_0;;;0;;0;0;0;0;;
4507;6473421;AJA KOMPUTER;Jl. Kapten Piere Tendean;6401040004;64;1;40;4;KALIMANTAN TIMUR;PASER;TANAH GROGOT;TANAH GROGOT;eyJpdiI6IlJXTXFoQ0tmT1QzV090bUZzNGRuTWc9PSIsInZhbHVlIjoiOUJBcFJIMkdva25ySFRER2xTUFVvUT09IiwibWFjIjoiYmQwZmJjOGNiMTkwM2Q1YWQ3YmVjOGI0ODk3YjE4Mzk1MGJjMGVjYzUzM2IxODk4YThiZTgzNzg0YTRkMjJmNyIsInRhZyI6IiJ9;;[Kegiatan Usaha: Menjual: Perangkat digital, PC dan Aksesoris Computer, Kategori: G, KBLI: -];;;05/02/2025;;;;;invalid;;;FALSE;FALSE;FALSE;;;invalid;;;;;;aja komputer;0;0;0;;;jl kapten piere tendean;;0;aja komputer jl kapten piere tendean kbli00;4;0;1;0;Duplikat;Jl Kapten Piere Tendean;0;0;;;0;6401040004_0_0;;;0;;0;0;0;0;;
4525;6646675;SENANDUNG BERKAH;JL BAYANGKARA RT 6 RW 11;6401040004;64;1;40;4;KALIMANTAN TIMUR;PASER;TANAH GROGOT;TANAH GROGOT;eyJpdiI6InMxR21tSVhYdlRlK05mRWZSdm9nOEE9PSIsInZhbHVlIjoiQkUrZTJnU256VHB3My9mM2VScVBrdz09IiwibWFjIjoiZDA1ODE3NmVhZGZiYWJiM2I3N2JmYTY1MGFhOWIyOTEwZTg2YzdiNDNhZGEwNDAwZGZiNDY2OTZmYTQ3ZDEyNSIsInRhZyI6IiJ9;;[Kegiatan Usaha: INDUSTRI PENGOLAHAN, MEMBUAT KACA CERMIN, FIGURAN, DAN AQUARIUM, Kategori: C, KBLI:...;;;15/12/2025;;;;;invalid;;;FALSE;FALSE;TRUE;;;invalid;;;;;;senandung berkah;0;0;0;;;jl bayangkara rt 6 rw 11;;0;senandung berkah jl bayangkara rt 6 rw 11 kbli00;99;0;1;0;Perlu Konfirmasi;JL BAYANGKARA RT 6 RW 11;0;0;;;0;6401040004_0_0;;;0;;0;0;0;0;;
4535;6651878;KSP Karunia Jaya Bersama;JALAN KAPTEN PIERE TENDEAN;6401040004;64;1;40;4;KALIMANTAN TIMUR;PASER;TANAH GROGOT;TANAH GROGOT;eyJpdiI6ImFsZlE1b3dZbGh4bTlXZng4YzhwV3c9PSIsInZhbHVlIjoiT2ZHMDJrVkRWRnZDV0pZRUtGcFpMUT09IiwibWFjIjoiNjRiNmY5OWI4OGU0ZWYwNTdlYjgxMGM2YTI2MmFkZWEzOTNlNzExNzk2MmVkZDYyZjI3NDRhNjNmYmYyZGNmZSIsInRhZyI6IiJ9;;[Kegiatan Usaha: KOPERASI SIMPAN PINJAM, Kategori: K, KBLI: 64911];;;10/02/2025;;;;;invalid;;;FALSE;FALSE;FALSE;;;invalid;;;;;;ksp karunia jaya bersama;0;0;0;;;jalan kapten piere tendean;;64;ksp karunia jaya bersama jalan kapten piere tendean kbli64;4;0;1;0;Duplikat;JALAN KAPTEN PIERE TENDEAN;0;0;;;0;6401040004_0_0;;;0;;0;0;0;0;;
4544;6724929;SUPERINTENDING COMPANY OF INDONESIA;Tanah Merah Coal Terminal Office;6401040004;64;1;40;4;KALIMANTAN TIMUR;PASER;TANAH GROGOT;TANAH GROGOT;eyJpdiI6IlJqNGdrbCtaMWZJWTlMeHhCNy9OUHc9PSIsInZhbHVlIjoiV0hWUSttZU9JQ2dNMG1pd3FlWnd1dz09IiwibWFjIjoiYzVkZDEyMzlhMzQxN2I1MTI5ZmJmMWZkMzczZjBkYjYzZTNlYTAzM2MwMjk1YzJjMjMzOTA2YThlNDk3ODAwNCIsInRhZyI6IiJ9;;"[Kegiatan Usaha: -, Kategori: -, KBLI: 71203]; [Kegiatan Usaha: -, Kategori: -, KBLI: 71202]";;;15/12/2025;;;;;invalid;;;FALSE;FALSE;TRUE;;;invalid;;;;;;superintending company of indonesia;0;0;0;;;tanah merah coal terminal office;;71;superintending company of indonesia tanah merah coal terminal office kbli71;99;0;1;0;Perlu Konfirmasi;Tanah Merah Coal Terminal Office;0;0;;;0;6401040004_0_0;;;0;;0;0;0;0;;
4560;7483481;Daffa Salsabilla Surat;Jl. Ulin;6401040004;64;1;40;4;KALIMANTAN TIMUR;PASER;TANAH GROGOT;TANAH GROGOT;eyJpdiI6IjJ4aFBEd2g4d0c0ZTF0ak9ZTC9SSkE9PSIsInZhbHVlIjoidFRKckk5TDROeTF0Q3FmakQ2dkRDZz09IiwibWFjIjoiZjkwMThhZWNjOWQ2MDYxZTJiYjg0N2JjNmVmMGZhZDc1MzMxMTJhNTBhN2MwNWZkMTYyYzUxNzdlMDFlNDZkOSIsInRhZyI6IiJ9;;;;;15/12/2025;;;;;invalid;;;FALSE;FALSE;TRUE;;;invalid;;;;;;daffa salsabilla surat;0;0;0;;;jl ulin;;0;daffa salsabilla surat jl ulin kbli00;99;0;1;0;Perlu Konfirmasi;Jl Ulin;0;0;;;0;6401040004_0_0;;;0;;0;0;0;0;;
4561;7483797;Johansyah;Jl. P. Mentri RT.003 RW.004;6401040004;64;1;40;4;KALIMANTAN TIMUR;PASER;TANAH GROGOT;TANAH GROGOT;eyJpdiI6IlhLQjllRldrUUlRcmhPMjIzYXdNS1E9PSIsInZhbHVlIjoiTnpLd2VMTytqM213Y0hURk0rckdOUT09IiwibWFjIjoiMjkxZjcyNGM0NDExMjRjZWJlNjc0ZmY3YzI3YjFhZTZjNzE5M2ZmODA1NmY0OTI4MmIwYTA1MGE0ZmQxNmM2MiIsInRhZyI6IiJ9;;;;;15/12/2025;;;;;invalid;;;FALSE;FALSE;FALSE;;;invalid;;;;;;johansyah;0;0;0;;;jl p mentri rt 003 rw 004;;0;johansyah jl p mentri rt 003 rw 004 kbli00;4;0;1;0;Duplikat;Jl P Mentri RT003 RW004;3;4;;;0;6401040004_3_4;-1.90171;116.189459;0;;0;0;1;1;-1.90171;116.189459
4565;16741659;IGN SUWIN MANAGEMENT;Jl. Senaken;6401040004;64;1;40;4;KALIMANTAN TIMUR;PASER;TANAH GROGOT;TANAH GROGOT;eyJpdiI6ImtYTSs3b3lUN2xCRTFqNXc4cTZKVXc9PSIsInZhbHVlIjoiRThjNWh1N2V0MHI2Q1BLSmJIQ3pKZz09IiwibWFjIjoiMjkwNzdiNWE2OTQ0MDUyMGNjY2JlNTFmYTcwOWJmZDgzMTc3MjQzYzg5YmRjYjI0NzQ5MDFlMWQ2ZGNjZWNjNCIsInRhZyI6IiJ9;;[Kegiatan Usaha: -, Kategori: -, KBLI: 33122];;;15/12/2025;;;;;invalid;;;FALSE;FALSE;TRUE;;;invalid;;;;;;ign suwin management;0;0;0;;;jl senaken;;33;ign suwin management jl senaken kbli33;99;0;1;0;Perlu Konfirmasi;Jl Senaken;0;0;;;0;6401040004_0_0;;;0;;0;0;0;0;;
4569;16742796;HASSIA LIVINA;Km.12 Desa Janju RT.004;6401040004;64;1;40;4;KALIMANTAN TIMUR;PASER;TANAH GROGOT;TANAH GROGOT;eyJpdiI6IlNOQTlNRkNrMGJ6Q1dnRW1ZdlBBV0E9PSIsInZhbHVlIjoicG8zYTdqOEVGY2prenp3UGRDYmRydz09IiwibWFjIjoiYTk1OTVjN2YxMzNkMDcxMTAzMjMyNmQ3OTI3YWZhNTFkOGQ1NDA0N2QzYmY5ZTUxYmRiMGI3Mzg5ZmI5YWNmOCIsInRhZyI6IiJ9;;[Kegiatan Usaha: -, Kategori: -, KBLI: 20299];;;15/12/2025;;;;;invalid;;;FALSE;FALSE;TRUE;;;invalid;;;;;;hassia livina;0;0;0;;;km 12 desa janju rt 004;;20;hassia livina km 12 desa janju rt 004 kbli20;99;0;1;0;Perlu Konfirmasi;Km12 Desa Janju RT004;4;0;;;0;6401040004_4_0;;;0;;0;0;0;0;;
4570;16742179;NUSTANINGSIH WINDU ALDIANNI K;PERUMAHAN TAPIS INDAH REGENCY;6401040004;64;1;40;4;KALIMANTAN TIMUR;PASER;TANAH GROGOT;TANAH GROGOT;eyJpdiI6IjFwRTE4clpMOHpDamZMUG9EOXVqTmc9PSIsInZhbHVlIjoiL053dCtxbDlUNTVYMDk3MXlCUEF3UT09IiwibWFjIjoiYjc4YzRmMWM3Y2Y4YjI2N2YzMjcyZmU0NTk5MzdjMzU3ZTg2Nzk1NDZkMjE1NTYyMWE0MzkzYjAxMjYyNDUzYiIsInRhZyI6IiJ9;;[Kegiatan Usaha: -, Kategori: -, KBLI: 10614];;;15/12/2025;;;;;invalid;;;FALSE;FALSE;TRUE;;;invalid;;;;;;nustaningsih windu aldianni k;0;0;0;;;perumahan tapis indah regency;;10;nustaningsih windu aldianni k perumahan tapis indah regency kbli10;99;0;1;0;Perlu Konfirmasi;PERUMAHAN TAPIS INDAH REGENCY;0;0;1;;0;6401040004_0_0;;;0;;0;0;0;0;;
4571;16740615;NAHALINDO BANGUN SARANA;Jl. Negara;6401040004;64;1;40;4;KALIMANTAN TIMUR;PASER;TANAH GROGOT;TANAH GROGOT;eyJpdiI6ImV1d1J6bTVubzJDWEY4N3pCWmo5clE9PSIsInZhbHVlIjoiZUFsZ0RJa0c5RjF0eHdaN09RMVdsQT09IiwibWFjIjoiOGRjOWYzYzUzNzEwMzQ0NDUxNjhjNTY0NWFjM2FhMzFhYzY4MThjMzI1NjI4YjdjMmQ5N2EzMWVkYzUwY2UyMiIsInRhZyI6IiJ9;;[Kegiatan Usaha: -, Kategori: -, KBLI: 23957];;;15/12/2025;;;;;invalid;;;FALSE;FALSE;TRUE;;;invalid;;;;;;nahalindo bangun sarana;0;0;0;;;jl negara;;23;nahalindo bangun sarana jl negara kbli23;99;0;1;0;Perlu Konfirmasi;Jl Negara;0;0;;;0;6401040004_0_0;;;0;;0;0;0;0;;
4577;7477363;RJM PATUJU;Mangkuruku No.16;6401040004;64;1;40;4;KALIMANTAN TIMUR;PASER;TANAH GROGOT;TANAH GROGOT;eyJpdiI6InBsVnFOYk8ySTJvb2I0V1d0NS96VEE9PSIsInZhbHVlIjoibHlpSEVLa0x1YWNpSWxlQUZ0TlRrUT09IiwibWFjIjoiMTg2NmUxNDhiNDIzZTcwMzBmZTU5MmY0OGY3NDVlZmNhYTBkYjBlMjFhZTIzM2MxNGViN2I3NzRiMTVkZTc1ZCIsInRhZyI6IiJ9;;"[Kegiatan Usaha: -, Kategori: -, KBLI: 45407]; [Kegiatan Usaha: -, Kategori: -, KBLI: 45201]";;;15/12/2025;;;;;invalid;;;FALSE;FALSE;TRUE;;;invalid;;;;;;rjm patuju;0;0;0;;;mangkuruku no 16;;45;rjm patuju mangkuruku no 16 kbli45;99;0;1;0;Perlu Konfirmasi;Mangkuruku No16;0;0;;;0;6401040004_0_0;;;0;;0;0;0;0;;
4712;16959839;Hotel Indah Grogot Syariah Mitra RedDoorz;Jl. R. A Kartini, Tanah Grogot, Kec. Tanah Grogot, Kabupaten Paser, Kalimantan Timur 76251;6401040004;64;1;40;4;KALIMANTAN TIMUR;PASER;TANAH GROGOT;TANAH GROGOT;eyJpdiI6IllmSlpzU2lIRC9Db1BTVkRBRFBzcHc9PSIsInZhbHVlIjoiMVY3ZlBiQVpsanFGMDZHSHRzbFl6QT09IiwibWFjIjoiZGM5YTJhZjVlYWVjZGRhOWM5NmJlZDkyYjlhN2EzZTYyZmZiYjg2YWJhMmFiNmNjZGZjOTk2MmNkOTc3ZjIzOSIsInRhZyI6IiJ9;;[Kegiatan Usaha: Â·, Kategori: -, KBLI: -];;;26/10/2025;;Tambahan Daerah s.d 31 Desember 2025;-1.9043493;116.1901168;valid;;;FALSE;FALSE;FALSE;;;invalid;;;;;;hotel indah grogot syariah mitra reddoorz;0;0;0;;;jl r a kartini tanah grogot kec tanah grogot kabupaten paser kalimantan timur 76251;;0;hotel indah grogot syariah mitra reddoorz jl r a kartini tanah grogot kec tanah grogot   76251 kbli00;4;0;1;0;Duplikat;Jl R A Kartini Tanah Grogot Kec Tanah Grogot   76251;0;0;;;0;6401040004_0_0;;;0;;1;1;0;0;-1.9043493;116.1901168
4868;16960611;Percetakan & Advertising IMEJZ GRAFIKA (Tanah Grogot);Jl. K. S Tubun No.73, RW.05, Tanah Grogot, Kec. Tanah Grogot, Kabupaten Paser, Kalimantan Timur 76211;6401040004;64;1;40;4;KALIMANTAN TIMUR;PASER;TANAH GROGOT;TANAH GROGOT;eyJpdiI6ImlENWhDeVdlNnUxZVdNSzk3Sjhyemc9PSIsInZhbHVlIjoidXNBVnJIdytsSGNRTThaUklWekFxUT09IiwibWFjIjoiMTdlZmQ2MzliNmJmMDNlYWU4MmRmYmJhOGEzNDg0MWRiNTczMDExMWNkMTc5ODY1ZDg4ZmUzYmVmNDk4YjcxMyIsInRhZyI6IiJ9;;[Kegiatan Usaha: Toko Percetakan, Kategori: -, KBLI: -];;;26/10/2025;;Tambahan Daerah s.d 31 Desember 2025;-1.9111076;116.1960056;valid;;;FALSE;FALSE;FALSE;;;invalid;;;;;;percetakan advertising imejz grafika tanah grogot;0;0;0;;;jl k s tubun no 73 rw 05 tanah grogot kec tanah grogot kabupaten paser kalimantan timur 76211;;0;percetakan advertising imejz grafika tanah grogot jl k s tubun no 73 rw 05 tanah grogot kec tanah grogot   76211 kbli00;4;0;1;0;Duplikat;Jl K S Tubun No73 RW05 Tanah Grogot Kec Tanah Grogot   76211;5;0;;;0;6401040004_5_0;;;0;;1;1;0;0;-1.9111076;116.1960056
5000;16960082;Kedai Sampan Tradisional;35XV+MW5, Tanah Grogot, Kec. Tanah Grogot, Kabupaten Paser, Kalimantan Timur 76251;6401040004;64;1;40;4;KALIMANTAN TIMUR;PASER;TANAH GROGOT;TANAH GROGOT;eyJpdiI6IitCci96ZEUwS3dWS1BCUnlGeWJzUXc9PSIsInZhbHVlIjoiU0szMmhKZXZNU1diTXg3eFRnY0tnZz09IiwibWFjIjoiYzZlNjg0MWMxODJkMWM1NmI0MWVlM2U4YTc3NTY3M2Y1Njc3NDdiMTc2MmM4ZTU0M2FlMDY4YzhlODI3YzFjNiIsInRhZyI6IiJ9;;[Kegiatan Usaha: Restoran Seafood, Kategori: -, KBLI: -];;;01/11/2025;;Tambahan Daerah s.d 31 Desember 2025;-1.9008698;116.1948616;valid;;;FALSE;FALSE;FALSE;;;invalid;;;;;;kedai sampan tradisional;0;0;0;;;35xv mw5 tanah grogot kec tanah grogot kabupaten paser kalimantan timur 76251;;0;kedai sampan tradisional 35xv mw5 tanah grogot kec tanah grogot   76251 kbli00;4;0;1;0;Duplikat;35XVMW5 Tanah Grogot Kec Tanah Grogot   76251;0;0;;;0;6401040004_0_0;;;0;;1;1;0;0;-1.9008698;116.1948616
5170;16960143;Klinik Permata Bunda;35XQ+4V9, Tanah Grogot, Kec. Tanah Grogot, Kabupaten Paser, Kalimantan Timur 76251;6401040004;64;1;40;4;KALIMANTAN TIMUR;PASER;TANAH GROGOT;TANAH GROGOT;eyJpdiI6InN0aDREWFhLeWFNUjlVRlBZZjhGclE9PSIsInZhbHVlIjoiVit0d09sb0FUT3pDaWo2R05XelptZz09IiwibWFjIjoiMzc0MDAyZWIyYTE2NzgwNWY2MWRmZTg4MzliOTc4YzhiYjM2ODkxZWViYTc1OWY4ZGRjMjhhOGEyNDA5YTQ3ZCIsInRhZyI6IiJ9;;[Kegiatan Usaha: Klinik Medis, Kategori: -, KBLI: -];;;26/10/2025;;Tambahan Daerah s.d 31 Desember 2025;-1.9022184;116.1897315;valid;;;FALSE;FALSE;FALSE;;;invalid;;;;;;klinik permata bunda;0;0;0;;;35xq 4v9 tanah grogot kec tanah grogot kabupaten paser kalimantan timur 76251;;0;klinik permata bunda 35xq 4v9 tanah grogot kec tanah grogot   76251 kbli00;4;0;1;0;Duplikat;35XQ4V9 Tanah Grogot Kec Tanah Grogot   76251;0;0;;;0;6401040004_0_0;;;0;;1;1;0;0;-1.9022184;116.1897315
5177;16959841;Hotel Nur Asri;35PR+F42, Tanah Grogot, Kec. Tanah Grogot, Kabupaten Paser, Kalimantan Timur 76251;6401040004;64;1;40;4;KALIMANTAN TIMUR;PASER;TANAH GROGOT;TANAH GROGOT;eyJpdiI6Ilo5c1pQSEYrYnNUblRablZNQloyOFE9PSIsInZhbHVlIjoiWXRCNEgrRy8xeEtCejY4NXd4ZWFGdz09IiwibWFjIjoiZWYwYTJiMDQ4M2VlMDc4ZWRlMzEyODIwNWNlODJmYTkzZDgxZDNlOTRlNTNhNjEzMTVlZDVjNTA3YWM1YmZhMiIsInRhZyI6IiJ9;;[Kegiatan Usaha: Kategori tidak ditemukan, Kategori: -, KBLI: -];;;26/10/2025;;Tambahan Daerah s.d 31 Desember 2025;-1.9138611;116.190262;valid;;;FALSE;FALSE;FALSE;;;invalid;;;;;;hotel nur asri;0;0;0;;;35pr f42 tanah grogot kec tanah grogot kabupaten paser kalimantan timur 76251;;0;hotel nur asri 35pr f42 tanah grogot kec tanah grogot   76251 kbli00;4;0;1;0;Duplikat;35PRF42 Tanah Grogot Kec Tanah Grogot   76251;0;0;;;0;6401040004_0_0;;;0;;1;1;0;0;-1.9138611;116.190262
5393;16958695;Alfamidi Jensud;35VR+C82, Tanah Grogot, Kec. Tanah Grogot, Kabupaten Paser, Kalimantan Timur 76251;6401040004;64;1;40;4;KALIMANTAN TIMUR;PASER;TANAH GROGOT;TANAH GROGOT;eyJpdiI6Ikk3R3RxVE1DSXFmQlN0SmZ2eXAzVkE9PSIsInZhbHVlIjoibVlhQUxPc2hmM2JNbzdIWUhtRW55UT09IiwibWFjIjoiNTEzOWJkYmYwNTc4ZmVhYTNiZTc2N2MwYWMzMTA1ZjM4MGU3ZDRlYmY3NTMwNDY3ZjlkOWQwN2QyZjAzYjE3YyIsInRhZyI6IiJ9;;[Kegiatan Usaha: Supermarket Diskon, Kategori: -, KBLI: -];;;26/10/2025;;Tambahan Daerah s.d 31 Desember 2025;-1.9064801;116.1907706;valid;;;FALSE;FALSE;FALSE;;;invalid;;;;;;alfamidi jensud;0;0;0;;;35vr c82 tanah grogot kec tanah grogot kabupaten paser kalimantan timur 76251;;0;alfamidi jensud 35vr c82 tanah grogot kec tanah grogot   76251 kbli00;4;0;1;0;Duplikat;35VRC82 Tanah Grogot Kec Tanah Grogot   76251;0;0;;;0;6401040004_0_0;;;0;;1;1;0;0;-1.9064801;116.1907706
5521;16960739;Prime Express;Jl. Jenderal Sudirman No.KM 1, Ujung Jalur 2, Kec. Tanah Grogot, Kabupaten Paser, Kalimantan Timur 76215;6401040004;64;1;40;4;KALIMANTAN TIMUR;PASER;TANAH GROGOT;TANAH GROGOT;eyJpdiI6IlBOVk53ZlRnV3BwNGdlWmxuV2tBL3c9PSIsInZhbHVlIjoiT09SRGdXM09sQWM4M3dGN0FtM1RLZz09IiwibWFjIjoiOGZhMjFlZmU1MTE3YTAxOGU1ZjMxNjBlN2FkNWE3NWNhNzEwMjdiZTVjYWNjMzUyYThkMDgyOTQxMmU2ZWI1YyIsInRhZyI6IiJ9;;[Kegiatan Usaha: Jasa Pengiriman, Kategori: -, KBLI: -];;;26/10/2025;;Tambahan Daerah s.d 31 Desember 2025;-1.9045529;116.1883372;valid;;;FALSE;FALSE;FALSE;;;invalid;;;;;;prime express;0;0;0;;;jl jenderal sudirman no km 1 ujung jalur 2 kec tanah grogot kabupaten paser kalimantan timur 76215;;0;prime express jl jenderal sudirman no km 1 ujung jalur 2 kec tanah grogot   76215 kbli00;4;0;1;0;Duplikat;Jl Jenderal Sudirman NoKM 1 Ujung Jalur 2 Kec Tanah Grogot   76215;0;0;;;0;6401040004_0_0;;;0;;1;1;0;0;-1.9045529;116.1883372
5594;16958704;ALIEF JAYA TRAVEL & EKSPEDISI;35PR+HM6, Tanah Grogot, Kec. Tanah Grogot, Kabupaten Paser, Kalimantan Timur 76251;6401040004;64;1;40;4;KALIMANTAN TIMUR;PASER;TANAH GROGOT;TANAH GROGOT;eyJpdiI6IkUyK081VUlkRHBQQTlzOVN3cmc4ZXc9PSIsInZhbHVlIjoidjRvTWhSUXNxNWY1NnRFRnJydVlXZz09IiwibWFjIjoiNzEwY2JlNmY3MTFhMWIwNzU2NTZiZTAwYzJhMTIwZmNmNDg0MzNmYjNiYTc4NjcxZmM5ODY3ZjNiNWExOTNhYSIsInRhZyI6IiJ9;;[Kegiatan Usaha: Biro Perjalanan dan Wisata, Kategori: -, KBLI: -];;;26/10/2025;;Tambahan Daerah s.d 31 Desember 2025;-1.9135887;116.1916339;valid;;;FALSE;FALSE;FALSE;;;invalid;;;;;;alief jaya travel ekspedisi;0;0;0;;;35pr hm6 tanah grogot kec tanah grogot kabupaten paser kalimantan timur 76251;;0;alief jaya travel ekspedisi 35pr hm6 tanah grogot kec tanah grogot   76251 kbli00;4;0;1;0;Duplikat;35PRHM6 Tanah Grogot Kec Tanah Grogot   76251;0;0;;;0;6401040004_0_0;;;0;;1;1;0;0;-1.9135887;116.1916339
5653;16960893;Rm. Wong Nyong;35XR+H85, Tanah Grogot, Kec. Tanah Grogot, Kabupaten Paser, Kalimantan Timur 76251;6401040004;64;1;40;4;KALIMANTAN TIMUR;PASER;TANAH GROGOT;TANAH GROGOT;eyJpdiI6IkdabkozMGZreXIyZ3Z3bWpNWHEzV3c9PSIsInZhbHVlIjoiTUpxUEVOcDZOdHU3N0RFUVNPZW1qZz09IiwibWFjIjoiNmVlNGEzNDZmOWE5MTk5ZDcyOTE1OWY2ZTU4NzE1ZjcwYTBkOTQyOGI3M2I1NzRlM2ZlZGQ2YzVmOGY1MDIyOCIsInRhZyI6IiJ9;;[Kegiatan Usaha: Restoran, Kategori: -, KBLI: -];;;01/11/2025;;Tambahan Daerah s.d 31 Desember 2025;-1.9011213;116.1908725;valid;;;FALSE;FALSE;FALSE;;;invalid;;;;;;rm wong nyong;0;0;0;;;35xr h85 tanah grogot kec tanah grogot kabupaten paser kalimantan timur 76251;;0;rm wong nyong 35xr h85 tanah grogot kec tanah grogot   76251 kbli00;4;0;1;0;Duplikat;35XRH85 Tanah Grogot Kec Tanah Grogot   76251;0;0;;;0;6401040004_0_0;;;0;;1;1;0;0;-1.9011213;116.1908725
5773;16959772;Guest House Rifa Khalish(syariah);35PW+XX9, Tanah Grogot, Kec. Tanah Grogot, Kabupaten Paser, Kalimantan Timur 76251;6401040004;64;1;40;4;KALIMANTAN TIMUR;PASER;TANAH GROGOT;TANAH GROGOT;eyJpdiI6IlQ2ZXRYZVJNdXBRTllVcDQ4cWpQeWc9PSIsInZhbHVlIjoiUnNLb2Y2UENIejVocmR6cVd2YUhDUT09IiwibWFjIjoiMjFlMTFiYzAwZjhhOTY3OTk0YWQyZDcyNWQ4ZmEzZjUyY2FhY2VhNjRkMDEzN2NmMWMyNGYxOTc0NmViNWI5YyIsInRhZyI6IiJ9;;[Kegiatan Usaha: Motel, Kategori: -, KBLI: -];;;26/10/2025;;Tambahan Daerah s.d 31 Desember 2025;-1.912599;116.1974966;valid;;;FALSE;FALSE;FALSE;;;invalid;;;;;;guest house rifa khalish syariah;0;0;0;;;35pw xx9 tanah grogot kec tanah grogot kabupaten paser kalimantan timur 76251;;0;guest house rifa khalish syariah 35pw xx9 tanah grogot kec tanah grogot   76251 kbli00;4;0;1;0;Duplikat;35PWXX9 Tanah Grogot Kec Tanah Grogot   76251;0;0;;;0;6401040004_0_0;;;0;;1;1;0;0;-1.912599;116.1974966
5910;16959840;Hotel Media Tanah Grogot;Jl. Jenderal Sudirman No.39, Tanah Grogot, Kec. Tanah Grogot, Kabupaten Paser, Kalimantan Timur 76211;6401040004;64;1;40;4;KALIMANTAN TIMUR;PASER;TANAH GROGOT;TANAH GROGOT;eyJpdiI6IjQ3ZzBaY1F1K25uME94ek1Oa24wZEE9PSIsInZhbHVlIjoiY1c1KzVOYlN5THNiWTl5YkdZUnZPdz09IiwibWFjIjoiZGQ4NmExZjdkYzNiOTViZDYwNTNkMzU3MDhhNzU5ZDBhNzFkMGNiYjYxM2E4OTA3YzIwNTQxOGU3MGM1YTUzNiIsInRhZyI6IiJ9;;[Kegiatan Usaha: Kategori tidak ditemukan, Kategori: -, KBLI: -];;;26/10/2025;;Tambahan Daerah s.d 31 Desember 2025;-1.9130238;116.1971481;valid;;;FALSE;FALSE;FALSE;;;invalid;;;;;;hotel media tanah grogot;0;0;0;;;jl jenderal sudirman no 39 tanah grogot kec tanah grogot kabupaten paser kalimantan timur 76211;;0;hotel media tanah grogot jl jenderal sudirman no 39 tanah grogot kec tanah grogot   76211 kbli00;4;0;1;0;Duplikat;Jl Jenderal Sudirman No39 Tanah Grogot Kec Tanah Grogot   76211;0;0;;;0;6401040004_0_0;;;0;;1;1;0;0;-1.9130238;116.1971481
5940;16961878;Yamaha Surya Hidup Baru (Ramona);Jl. Mulawarman No.37-39, Tanah Grogot, Kec. Tanah Grogot, Kabupaten Paser, Kalimantan Timur 76251;6401040004;64;1;40;4;KALIMANTAN TIMUR;PASER;TANAH GROGOT;TANAH GROGOT;eyJpdiI6ImROWHovdHV0WWxRdXFaLzJvTjFFaUE9PSIsInZhbHVlIjoib0xGVjM4VDdDY0FER21INFo0K3FFQT09IiwibWFjIjoiZjYxM2Q5YTE5NTgzMGQ0YmMxMWMyZjExMDZkYmM4MDUyYWYzYjkwODQxOTZkNTgwNTgzMTZlNTBmNzJhMjdmOCIsInRhZyI6IiJ9;;[Kegiatan Usaha: Dealer Sepeda Motor, Kategori: -, KBLI: -];;;01/11/2025;;Tambahan Daerah s.d 31 Desember 2025;-1.9133742;116.1991402;valid;;;FALSE;FALSE;FALSE;;;invalid;;;;;;yamaha surya hidup baru ramona;0;0;0;;;jl mulawarman no 37 39 tanah grogot kec tanah grogot kabupaten paser kalimantan timur 76251;;0;yamaha surya hidup baru ramona jl mulawarman no 37 39 tanah grogot kec tanah grogot   76251 kbli00;4;0;1;0;Duplikat;Jl Mulawarman No3739 Tanah Grogot Kec Tanah Grogot   76251;0;0;;;0;6401040004_0_0;;;0;;1;1;0;0;-1.9133742;116.1991402
6218;16960652;PINARA21 guest house & kost putri;Jl. Sultan Ibrahim Chaliluddin Gg. Nusa Indah No.I, Tanah Grogot, Kec. Tanah Grogot, Kabupaten Paser, Kalimantan Timur 76251;6401040004;64;1;40;4;KALIMANTAN TIMUR;PASER;TANAH GROGOT;TANAH GROGOT;eyJpdiI6Ik9PNGRLc1NqemdMMThZUFlrN3VISnc9PSIsInZhbHVlIjoiUkN5YW8vUHdwVkJ4L0JQZXgwM0Jadz09IiwibWFjIjoiNmFlYzJhYThkZTJhZTBiOGYzMDU3NzlkMjFlNjUzZDdmNjI1M2ZhZmNkOTg1MTBkYTZlYWIyODA1YTJlZmNlZCIsInRhZyI6IiJ9;;[Kegiatan Usaha: Hotel, Kategori: -, KBLI: -];;;26/10/2025;;Tambahan Daerah s.d 31 Desember 2025;-1.9025409;116.1921281;valid;;;FALSE;FALSE;FALSE;;;invalid;;;;;;pinara21 guest house kost putri;0;0;0;;;jl sultan ibrahim chaliluddin gg nusa indah no i tanah grogot kec tanah grogot kabupaten paser kalimantan timur 76251;;0;pinara21 guest house kost putri jl sultan ibrahim chaliluddin gg nusa indah no i tanah grogot kec tanah grogot   76251 kbli00;4;0;1;0;Duplikat;Jl Sultan Ibrahim Chaliluddin Gg Nusa Indah NoI Tanah Grogot Kec Tanah Grogot   76251;0;0;;;0;6401040004_0_0;;;0;;1;1;0;0;-1.9025409;116.1921281
6302;16959877;Indomaret Point Jend Sudirman;35QW+79J, Tanah Grogot, Kec. Tanah Grogot, Kabupaten Paser, Kalimantan Timur 76251;6401040004;64;1;40;4;KALIMANTAN TIMUR;PASER;TANAH GROGOT;TANAH GROGOT;eyJpdiI6Im54djlxNjJXVWk1T1IrMzByZXg1blE9PSIsInZhbHVlIjoiZVZQU1hhMXdFWC9QK3JabkxuaVJoZz09IiwibWFjIjoiYWNhMmU2YmE2Nzg1YTBhNDBkYjhkN2ViNGM3MjA0OGViNmViODQzY2RhMDdlNTk5M2I1Yzk3MDEyMDg1NGMwNCIsInRhZyI6IiJ9;;[Kegiatan Usaha: Toko Swalayan, Kategori: -, KBLI: -];;;26/10/2025;;Tambahan Daerah s.d 31 Desember 2025;-1.9117868;116.1958994;valid;;;FALSE;FALSE;FALSE;;;invalid;;;;;;indomaret point jend sudirman;0;0;0;;;35qw 79j tanah grogot kec tanah grogot kabupaten paser kalimantan timur 76251;;0;indomaret point jend sudirman 35qw 79j tanah grogot kec tanah grogot   76251 kbli00;4;0;1;0;Duplikat;35QW79J Tanah Grogot Kec Tanah Grogot   76251;0;0;;;0;6401040004_0_0;;;0;;1;1;0;0;-1.9117868;116.1958994
6585;17077929;CV. TRIBAKTI;jalan pangeran singa maulan gang cempaka Rt.10 Rw.05 No. 59;6401040004;64;1;40;4;KALIMANTAN TIMUR;PASER;TANAH GROGOT;TANAH GROGOT;eyJpdiI6IjVFdVpUc2lKRmwvSEIwTXU2UU43aXc9PSIsInZhbHVlIjoiNUZwYU9lZ1VmcUI3ODltNGZhVmdPZz09IiwibWFjIjoiZjliOGUxZGE4ODY1N2E1MGVmZmI3ZmEyZGQxYzBkZDg4MTUyYjBhYmMyMWRiYWQ4MDU4MTYzZWY1YWVlMjdlNCIsInRhZyI6IiJ9;;;;;15/12/2025;;;;;invalid;;;FALSE;FALSE;TRUE;;;invalid;;;;;;tribakti;0;0;0;;;jalan pangeran singa maulan gang cempaka rt 10 rw 05 no 59;;0;tribakti jalan pangeran singa maulan gang cempaka rt 10 rw 05 no 59 kbli00;1;0;1;0;Perlu Konfirmasi;jalan pangeran singa maulan gang cempaka Rt10 Rw05 No 59;10;5;;;0;6401040004_10_5;-1.91233;116.187339;0;;0;0;1;1;-1.91233;116.187339
6737;16959872;Indomaret Fresh Tanah Grogot;35MR+MF5, Jl. Rm. Noto Sunardi, Tanah Grogot, Kec. Tanah Grogot, Kabupaten Paser, Kalimantan Timur 76251;6401040004;64;1;40;4;KALIMANTAN TIMUR;PASER;TANAH GROGOT;TANAH GROGOT;eyJpdiI6IjZBN3N4RzV6V1pobzF0KzczSVczWHc9PSIsInZhbHVlIjoiMUVoTzBaQjArODRxOXViNmJneG52UT09IiwibWFjIjoiOWI2YzAzMDNmYzE5MGFkOTNjNmNlMTg3YWM4M2UyZjY0OTM3ZGMyZTYwYjJkYmIyYmEzMDljMDgwNjQ0NDE2MiIsInRhZyI6IiJ9;;[Kegiatan Usaha: Minimarket, Kategori: -, KBLI: -];;;26/10/2025;;Tambahan Daerah s.d 31 Desember 2025;-1.9158571;116.1912246;valid;;;FALSE;FALSE;FALSE;;;invalid;;;;;;indomaret fresh tanah grogot;0;0;0;;;35mr mf5 jl rm noto sunardi tanah grogot kec tanah grogot kabupaten paser kalimantan timur 76251;;0;indomaret fresh tanah grogot 35mr mf5 jl rm noto sunardi tanah grogot kec tanah grogot   76251 kbli00;4;0;1;0;Duplikat;35MRMF5 Jl Rm Noto Sunardi Tanah Grogot Kec Tanah Grogot   76251;0;0;;;0;6401040004_0_0;;;0;;1;1;0;0;-1.9158571;116.1912246
6837;17970337;CV. ADIJAYA MANDIRI;JL. PANGLIMA SENTIK;6401040004;64;1;40;4;KALIMANTAN TIMUR;PASER;TANAH GROGOT;TANAH GROGOT;eyJpdiI6IjlMNE04MWxZS09aRjdJSEE4em1hWlE9PSIsInZhbHVlIjoiRVk5dTFqM1dWcjhocys4ZW1IWGxlUT09IiwibWFjIjoiYWZhMzI5MzQ2Y2IzMDgxNjMzMTEzN2JiNDE0MGQxYTM4OTlkYTg4NjhjMDE3NDc2YjgyMDY3MWU5OWIxMDQwZSIsInRhZyI6IiJ9;;;;;01/11/2025;;;;;invalid;;;FALSE;FALSE;FALSE;;;invalid;;;;;;adijaya mandiri;0;0;0;;;jl panglima sentik;;0;adijaya mandiri jl panglima sentik kbli00;4;0;1;0;Duplikat;JL PANGLIMA SENTIK;0;0;;;0;6401040004_0_0;;;0;;0;0;0;0;;
6846;18163121;Toko Griya Teknik Mandiri;Jl.Dr.Cipto Mangunkusumo RT.003 / RW.004;6401040004;64;1;40;4;KALIMANTAN TIMUR;PASER;TANAH GROGOT;TANAH GROGOT;eyJpdiI6InpxNGRhVUxRZEhpaDRPcVB6aEJ6YkE9PSIsInZhbHVlIjoiMFhqOEI4UnlCQ3gyOUVTUDdQd3RSdz09IiwibWFjIjoiNGY3ODU2MGUzZWRiYTg2MThhYTcwMmY3ZWEyMDM1Mzk5MmIzZTI0ZWEzMjM4MTYxNGI2MGU0NjRmMDdmZGE5YiIsInRhZyI6IiJ9;;;;;15/12/2025;;;;;invalid;;;FALSE;FALSE;TRUE;;;invalid;;;;;;griya teknik mandiri;0;0;0;;;jl dr cipto mangunkusumo rt 003 rw 004;;0;griya teknik mandiri jl dr cipto mangunkusumo rt 003 rw 004 kbli00;1;0;1;0;Perlu Konfirmasi;JlDrCipto Mangunkusumo RT003 RW004;3;4;;;0;6401040004_3_4;-1.90171;116.189459;0;;0;0;1;1;-1.90171;116.189459
6862;17970455;PT Pribumi Sakti Management;JL. Jenderal Sudirman No. 149 Halaman Parkir KA Tanah Grogot;6401040004;64;1;40;4;KALIMANTAN TIMUR;PASER;TANAH GROGOT;TANAH GROGOT;eyJpdiI6IlpIREpPQVpMQktwRU81UVZXVldYMHc9PSIsInZhbHVlIjoiM0lxc2NmUWhuZzFJWXpmQ1Z6OEhhUT09IiwibWFjIjoiNjkyNmJlZWU0NTMzZGRlOWQxOGQ0NmFhOTVmMmJiN2Q0MWY3MzhjMDU4YTZiMThlNzVmNTZiOTJiNWYyZTM3OCIsInRhZyI6IiJ9;;;;;01/11/2025;;;;;invalid;;;FALSE;FALSE;FALSE;;;invalid;;;;;;pribumi sakti management;0;0;0;;;jl jenderal sudirman no 149 halaman parkir ka tanah grogot;;0;pribumi sakti management jl jenderal sudirman no 149 halaman parkir ka tanah grogot kbli00;4;0;0;0;Duplikat;JL Jenderal Sudirman No 149 Halaman Parkir KA Tanah Grogot;0;0;;;0;6401040004_0_0;;;0;;0;0;0;0;;
7665;30082912;OMAH BUBUR <SITI NUR AMINAH>;TANAH GROGOT;6401040004;64;1;40;4;KALIMANTAN TIMUR;PASER;TANAH GROGOT;TANAH GROGOT;eyJpdiI6ImZFYXArTVcxaGkyNXJDbk1NSDF5UlE9PSIsInZhbHVlIjoiYTdVOFFYbHJZWG5HQUcxMW1hUE4ydz09IiwibWFjIjoiZTAzMjJkNGM0MTdhMzAzZmQ1ZjIyMTNhODA2OTAxYzBkOTkxN2Q2MjM0ZjU3ZjE5MGI3NmU5MGEzOTk2MDJjYSIsInRhZyI6IiJ9;;[Kegiatan Usaha: -, Kategori: -, KBLI: 56103];;;07/12/2025;;OSS - Perorangan;;;invalid;;;FALSE;FALSE;FALSE;;;invalid;;;;;;omah bubur siti nur aminah;0;0;0;;;tanah grogot;;56;omah bubur siti nur aminah tanah grogot kbli56;4;0;1;1;Duplikat;TANAH GROGOT;0;0;;;0;6401040004_0_0;;;0;;0;0;0;0;;
8467;27947454;MS GLOW <MEILA SULISTIYANI>;JL AHMAD YANI;6401040004;64;1;40;4;KALIMANTAN TIMUR;PASER;TANAH GROGOT;TANAH GROGOT;eyJpdiI6IkNPY29nbGU3RkEyeTNyWFlaZTc5NFE9PSIsInZhbHVlIjoiMVJRTGd6b2k5YnZGaGJNYW1Lb0lSZz09IiwibWFjIjoiOTVmZGYxMDU5MTVlYWYzZGZhOWI5ZmRiOThlNTIwODJkMThmMDVhMjRlYWVmNWZiNzE3YTM2YjdlYzVmZTRjNSIsInRhZyI6IiJ9;;"[Kegiatan Usaha: -, Kategori: -, KBLI: 96112]; [Kegiatan Usaha: -, Kategori: -, KBLI: 96122]; [Kegia...";;;07/12/2025;;OSS - Perorangan;;;invalid;;;FALSE;FALSE;FALSE;;;invalid;;;;;;ms glow meila sulistiyani;0;0;0;;;jl ahmad yani;;96;ms glow meila sulistiyani jl ahmad yani kbli96;4;0;1;1;Duplikat;JL AHMAD YANI;0;0;;;0;6401040004_0_0;;;0;;0;0;0;0;;
9178;26787566;MELIYANTI;JL RA KARTINI;6401040004;64;1;40;4;KALIMANTAN TIMUR;PASER;TANAH GROGOT;TANAH GROGOT;eyJpdiI6IjlvaGdrdFF6L0E2Mjg1ZmVRT1l4c2c9PSIsInZhbHVlIjoibVBlek1aUVJtNU5GWEJnamRyMnBpZz09IiwibWFjIjoiNjlkODhmZWI4MDljYWY0ZmJkYzc2MmNjYmEyZjlmOTc1YTAzODhlM2I2MGMyYjdlYWUxNGJiZGRhYmVmMzk4NyIsInRhZyI6IiJ9;;[Kegiatan Usaha: -, Kategori: -, KBLI: 47733];;;07/12/2025;;OSS - Perorangan;;;invalid;;;FALSE;FALSE;FALSE;;;invalid;;;;;;meliyanti;0;0;0;;;jl ra kartini;;47;meliyanti jl ra kartini kbli47;4;0;1;0;Duplikat;JL RA KARTINI;0;0;;;0;6401040004_0_0;;;0;;0;0;0;0;;
10622;25954363;TOKO ENGGAL JAYA <TAUFIK EKO PRABOWO>;JL. Jend. Sudirman, Tanah Grogot;6401040004;64;1;40;4;KALIMANTAN TIMUR;PASER;TANAH GROGOT;TANAH GROGOT;eyJpdiI6IjRmQ0hrQWRNRzRXVElWQTlnckpvSnc9PSIsInZhbHVlIjoiVE1VUnkyYjZibFoxTmFVYUFYTWVvUT09IiwibWFjIjoiODAyNTA5MTFhYzE4YzgzNWY4YTlhZjM0NmE4ZTBiYTA5MWEwNzU1NGE3ODkyMjNiZWZjMGY5MmVjZDU2ODE0NyIsInRhZyI6IiJ9;;[Kegiatan Usaha: -, Kategori: -, KBLI: 47611];;;07/12/2025;;OSS - Perorangan;;;invalid;;;FALSE;FALSE;FALSE;;;invalid;;;;;;enggal jaya taufik eko prabowo;0;0;0;;;jl jend sudirman tanah grogot;;47;enggal jaya taufik eko prabowo jl jend sudirman tanah grogot kbli47;4;0;1;1;Duplikat;JL Jend Sudirman Tanah Grogot;0;0;;;0;6401040004_0_0;;;0;;0;0;0;0;;
10683;25772258;HOTEL BUMI PASER <KAHARUDDIN>;JL. R A KARTINI NO.01;6401040004;64;1;40;4;KALIMANTAN TIMUR;PASER;TANAH GROGOT;TANAH GROGOT;eyJpdiI6InRVMmcxVVNVekxoemFwaXVxcmdZQ3c9PSIsInZhbHVlIjoidHVjczRuL3lxZm8vTzNyNTJIQ0kzdz09IiwibWFjIjoiNDI2ZTI2MzNiYjc0Y2RmNmU3MTdhYWE2MTA2OWI2MTVjNjJhYzNjYjQ3OGFkMTVlZmQ3MjkwYTZlMDE4ZTY5MCIsInRhZyI6IiJ9;;"[Kegiatan Usaha: -, Kategori: -, KBLI: 55110]; [Kegiatan Usaha: Hotel Bintang, Kategori: , KBLI: 551...";;;07/12/2025;;OSS - Perorangan;;;invalid;;;FALSE;FALSE;FALSE;;;invalid;;;;;;hotel bumi paser kaharuddin;0;0;0;;;jl r a kartini no 01;;55;hotel bumi paser kaharuddin jl r a kartini no 01 kbli55;4;0;1;1;Duplikat;JL R A KARTINI NO01;0;0;;;0;6401040004_0_0;;;0;;0;0;0;0;;
17;233799;KPN MERPATI POS;Ds. Tanah Grogot, Kec. Tanah Grogot;6401040004;64;1;40;4;KALIMANTAN TIMUR;PASER;TANAH GROGOT;TANAH GROGOT;eyJpdiI6IkkvYlJKMlZNTThTV2RicG55RTBXcWc9PSIsInZhbHVlIjoiSnAyU3VUWTFDM2RENG42eEFSZktiZz09IiwibWFjIjoiZDdlZjlkOTdiMjA5YWQ0ZTRhZWE0ZDUxYzY0YzdiZjY1ZGRjNDg3ZTYzMWQzYmY3NWU4ZTQyZDVlYjBhYmVjNyIsInRhZyI6IiJ9;;;;;15/12/2025;UB;;;;invalid;;;FALSE;FALSE;TRUE;;;invalid;;;;;;kpn merpati pos;0.815713806;1;1;KPN AMANTAKUPA;Ds. Tanah Grogot, Kec. Tanah Grogot;ds tanah grogot kec tanah grogot;0;0;kpn merpati pos ds tanah grogot kec tanah grogot kbli00;99;0;1;0;Tidak Ditemukan;Ds Tanah Grogot Kec Tanah Grogot;0;0;;;0;6401040004_0_0;;;0;;0;0;0;0;;
30;233816;KPN AMANTAKUPA;Ds. Tanah Grogot, Kec. Tanah Grogot;6401040004;64;1;40;4;KALIMANTAN TIMUR;PASER;TANAH GROGOT;TANAH GROGOT;eyJpdiI6ImNlZGpCRFp6bS8xRmNrZ2IzRk9DSnc9PSIsInZhbHVlIjoiS1A4amV1Z3ovNHVOZlhDMlhSSTlGdz09IiwibWFjIjoiYjVjMGViNjcyZWQ2MTRjODYxNDIzZmNlOTVjNDE0YmQ3M2MyZWQ0ZDM1NTNlZDM2MGYxMGU0Nzk2MDcwZDdlMSIsInRhZyI6IiJ9;;;;;15/12/2025;UB;;;;invalid;;;FALSE;FALSE;TRUE;;;invalid;;;;;;kpn amantakupa;0.815713806;1;4;KPN MERPATI POS;Ds. Tanah Grogot, Kec. Tanah Grogot;ds tanah grogot kec tanah grogot;0;0;kpn amantakupa ds tanah grogot kec tanah grogot kbli00;99;0;1;0;Tidak Ditemukan;Ds Tanah Grogot Kec Tanah Grogot;0;0;;;0;6401040004_0_0;;;0;;0;0;0;0;;
96;3217414;RADIO RIZKY INDAH ANANDA;JALAN PANGERAN ANTASARI;6401040004;64;1;40;4;KALIMANTAN TIMUR;PASER;TANAH GROGOT;TANAH GROGOT;eyJpdiI6InZWYmlCVUpyWjRyOVJ6ZnpaS0M4cVE9PSIsInZhbHVlIjoiNURQR3Nod2JlWUdMSUpSdVgwczdlUT09IiwibWFjIjoiMTMxOTZlMzI2MjIzNzYzNmI0YmNjN2E2NDFjODAyMjEyNDVlMWIyMmRjZjUwZjQxYjE4NjkyYzA3ZjFjZjRmZiIsInRhZyI6IiJ9;;[Kegiatan Usaha: -, Kategori: J, KBLI: 60102];;;19/05/2025;UMKM;Dir Pajak;;;invalid;;;FALSE;FALSE;FALSE;;;invalid;;;;;;radio rizky indah ananda;0.859763196;1;4;PT. RADIO RIZKI INDAH ANANDA;JALAN PANGERAN ANTASARI RT 09 NO.6;jalan pangeran antasari;1;60;radio rizky indah ananda jalan pangeran antasari kbli60;4;0;1;0;Duplikat;JALAN PANGERAN ANTASARI;0;0;;;0;6401040004_0_0;;;0;;0;0;0;0;;
205;153209;KARYA PASER ABADI, PT;JALAN LAMBUNG MANGKURAT;6401040004;64;1;40;4;KALIMANTAN TIMUR;PASER;TANAH GROGOT;TANAH GROGOT;eyJpdiI6Im5CVG0veDFhZHYwdzNKNTE5MXZFUUE9PSIsInZhbHVlIjoiYXhDQllDbXVXcXVYU2p4cjN0WU5JUT09IiwibWFjIjoiZDczYzU3MjM4NjI0YWU1MDIyYTgyMmEyY2E0NGE3YTRmOGUwOWRkOWJjYWMyNjRhMTY2NDgyZjgwMzA5ZWFmMSIsInRhZyI6IiJ9;;[Kegiatan Usaha: KONSTRUKSI GEDUNG, Kategori: F, KBLI: 42101];;;21/12/2025;UMKM;;;;invalid;;;FALSE;FALSE;TRUE;;;invalid;;;;;;karya paser abadi;0.978815085;1;1;KARYA PASER ABADI, PT;JL LAMBUNG MANGKURAT;jalan lambung mangkurat;3;42;karya paser abadi jalan lambung mangkurat kbli42;3;0;0;0;Tutup;JALAN LAMBUNG MANGKURAT;0;0;;;0;6401040004_0_0;;;0;;0;0;0;0;;
260;6396166;KARYA PASER ABADI, PT;JL LAMBUNG MANGKURAT;6401040004;64;1;40;4;KALIMANTAN TIMUR;PASER;TANAH GROGOT;TANAH GROGOT;eyJpdiI6IjlTV2xHbjQraW5YYVBvRnYrK2JTRUE9PSIsInZhbHVlIjoiYStpN1RjdEYyTTlyZ0lUUWtoUGVOQT09IiwibWFjIjoiNDNmM2YwODIyY2YwM2NhMzM2MDY4OWY5MjNmYWMxYzhlZTlmYTVmYTkzNTgzZDE0M2IxZTQyNGEzZWM4YzEwNSIsInRhZyI6IiJ9;;[Kegiatan Usaha: -, Kategori: F, KBLI: 42101];;;15/12/2025;UMKM;;;;invalid;;;FALSE;FALSE;TRUE;;;invalid;;;;;;karya paser abadi;0.978815085;1;4;KARYA PASER ABADI, PT;JALAN LAMBUNG MANGKURAT;jl lambung mangkurat;3;42;karya paser abadi jl lambung mangkurat kbli42;4;0;0;0;Tidak Ditemukan;JL LAMBUNG MANGKURAT;0;0;;;0;6401040004_0_0;;;0;;0;0;0;0;;
434;6396159;RINDANG, PT;JL HOS. COKROAMINOTO NO 61;6401040004;64;1;40;4;KALIMANTAN TIMUR;PASER;TANAH GROGOT;TANAH GROGOT;eyJpdiI6InE5OE9hWHU2Z3JwRDFlalQySjB1T1E9PSIsInZhbHVlIjoiZTNzMU1hK0d3ZWczRFlDUVhjc2ZGZz09IiwibWFjIjoiMGRjNjk1YTkyMzBjZWYyYmQ4YmRlMmU4YzM2NmI3YjhmZjg1ZTA5ODc0ZDM2MmUwMTdiMWUyZmIwNDAzNTIyMCIsInRhZyI6IiJ9;;[Kegiatan Usaha: -, Kategori: F, KBLI: 42101];;;15/12/2025;UMKM;;;;invalid;;;FALSE;FALSE;TRUE;;;invalid;;;;;;rindang;1;1;4;RINDANG, PT;Jl. Hos. Cokroaminoto No. 61;jl hos cokroaminoto no 61;4;42;rindang jl hos cokroaminoto no 61 kbli42;4;0;0;0;Tidak Ditemukan;JL HOS COKROAMINOTO NO 61;0;0;;;0;6401040004_0_0;;;0;;0;0;0;0;;
452;153220;SUKMA RAGA, PT;Jl. Jend. Sudirman;6401040004;64;1;40;4;KALIMANTAN TIMUR;PASER;TANAH GROGOT;TANAH GROGOT;eyJpdiI6Imczc0VzZC9FMi9LSTNMU0VsTFdKOFE9PSIsInZhbHVlIjoiRUpxZzYxa0NHd2wrRUxrZTlBdGxWdz09IiwibWFjIjoiNTc4ODA3YTg4M2Q2M2E5ZGQyMTE5ZjI4YmJlNzdkMWVmMTE2ZjhiODI3NGU2MTkyMzExM2IyYTcyMjE0ZjI1MiIsInRhZyI6IiJ9;;[Kegiatan Usaha: JASA KONTRUKSI, Kategori: F, KBLI: 42101];;;26/10/2025;UB;;;;invalid;;;FALSE;FALSE;TRUE;;;invalid;;;;;;sukma raga;1;1;1;SUKMA RAGA, PT;JL JEND SUDIRMAN;jl jend sudirman;5;42;sukma raga jl jend sudirman kbli42;99;0;0;0;Tidak Ditemukan;Jl Jend Sudirman;0;0;;;0;6401040004_0_0;;;0;;0;0;0;0;;
499;6396203;SUKMA RAGA, PT;JL JEND SUDIRMAN;6401040004;64;1;40;4;KALIMANTAN TIMUR;PASER;TANAH GROGOT;TANAH GROGOT;eyJpdiI6IlpOL1ZXMnMzZUxXclVGcXJyYS9wOWc9PSIsInZhbHVlIjoidFZGMjdLVitvcm9rcGw1U3hmTC9uUT09IiwibWFjIjoiODQxZGM4NjQ0NmIyOTcxY2ZmYWI0ODNiNmJkMWJkNGJjZDQ4NjNjY2RkMmUwMjY0MTc0NjhjOGQzMDY3OTk2NyIsInRhZyI6IiJ9;;[Kegiatan Usaha: -, Kategori: F, KBLI: 42101];;;24/12/2025;UB;;;;invalid;;;FALSE;FALSE;TRUE;;;invalid;;;;;;sukma raga;1;1;4;SUKMA RAGA, PT;Jl. Jend. Sudirman;jl jend sudirman;5;42;sukma raga jl jend sudirman kbli42;4;0;0;0;Tidak Ditemukan;JL JEND SUDIRMAN;0;0;;;0;6401040004_0_0;;;0;;0;0;0;0;;
510;153212;NASIONAL NUANSA NUSANTARA, PT;Jl. Lambung Mangkurat No. 33;6401040004;64;1;40;4;KALIMANTAN TIMUR;PASER;TANAH GROGOT;TANAH GROGOT;eyJpdiI6Ikg5ZDA0M1lBYVNqM242Mm9iQ2pkeEE9PSIsInZhbHVlIjoiTStHVXNVUk0vN2VnRFJFUTlZSm5YQT09IiwibWFjIjoiOTk4NWUwMjE2MDFlM2EzYWE3OWRlMDg0YTMxNzI2NGM3NzQ3YjdmOTI4OWFjOGRlOTJiM2E2MzJjY2YxMGRmMyIsInRhZyI6IiJ9;;[Kegiatan Usaha: Konstruksi Gedung, Kategori: F, KBLI: 41012];;;15/12/2025;UMKM;;;;invalid;;;FALSE;FALSE;TRUE;;;invalid;;;;;;nasional nuansa nusantara;1;1;1;NASIONAL NUANSA NUSANTARA, PT;JL LAMBUNG MANGKURAT NO 33;jl lambung mangkurat no 33;6;41;nasional nuansa nusantara jl lambung mangkurat no 33 kbli41;3;0;0;0;Tutup;Jl Lambung Mangkurat No 33;0;0;;;0;6401040004_0_0;;;0;;0;0;0;0;;
553;6396167;NASIONAL NUANSA NUSANTARA, PT;JL LAMBUNG MANGKURAT NO 33;6401040004;64;1;40;4;KALIMANTAN TIMUR;PASER;TANAH GROGOT;TANAH GROGOT;eyJpdiI6IjAydTVBSVB0UWg2ZkxXOVJuZXcwTnc9PSIsInZhbHVlIjoiVEJHVlBuSm1EQWRnd2UrVWJpdi9LQT09IiwibWFjIjoiNGMwYjE5NDBkZWM4ZjU0NDhkNWZlZDU2ODM4YjZlYWRmOWQ1ODU0MTM0MzdiM2ZiYWM5Nzc4OWM2NmM2ZTU3MCIsInRhZyI6IiJ9;;[Kegiatan Usaha: -, Kategori: F, KBLI: 41012];;;15/12/2025;UMKM;;;;invalid;;;FALSE;FALSE;TRUE;;;invalid;;;;;;nasional nuansa nusantara;1;1;4;NASIONAL NUANSA NUSANTARA, PT;Jl. Lambung Mangkurat No. 33;jl lambung mangkurat no 33;6;41;nasional nuansa nusantara jl lambung mangkurat no 33 kbli41;4;0;0;0;Tidak Ditemukan;JL LAMBUNG MANGKURAT NO 33;0;0;;;0;6401040004_0_0;;;0;;0;0;0;0;;
687;97336255;SIMPATIK, PT;JL PANGLIMA SENTIK;6401040004;64;1;40;4;KALIMANTAN TIMUR;PASER;TANAH GROGOT;TANAH GROGOT;eyJpdiI6Ilp5Z25CdUx6WEZwRmpDZ1IxR05WL3c9PSIsInZhbHVlIjoiUWZ6T2hlN2wvN0EyVWp3ZzZKZnozQT09IiwibWFjIjoiYmIyMTNmNDNiZTVlMjU4YzYwZGEyYjA4NTNjNzVkMTVkODFhNjkyNjEyMGU5NzkzMmJjNTJhMGEwMGU5N2UyOCIsInRhZyI6IiJ9;;[Kegiatan Usaha: MEMBERIKAN KREDIT BARANG, Kategori: K, KBLI: 64911];;;31/01/2025;UMKM;;;;invalid;;;FALSE;FALSE;TRUE;;;invalid;;;;;;simpatik;0.825342146;1;4;COLUMBIA, PT;Jl. Panglima Sentik No.02;jl panglima sentik;9;64;simpatik jl panglima sentik kbli64;4;0;0;0;Tutup;JL PANGLIMA SENTIK;0;0;;;0;6401040004_0_0;;;0;;0;0;0;0;;
847;97336927;PT ANDIKA LINES;JLN AGUS SALIM GG SWADAYA;6401040004;64;1;40;4;KALIMANTAN TIMUR;PASER;TANAH GROGOT;TANAH GROGOT;eyJpdiI6IjgweHFyTjJzL2dHVFZ6RXlVYU5ibUE9PSIsInZhbHVlIjoiVHZyb0FRbmVKNkU4cy9ES3ltaFI1UT09IiwibWFjIjoiNjVjOTg2NzYxOWZmMGE4OTIzZDNjZGFkMzA1NDczODkxODIzOWQwZjU2ZGNhMzJiN2Y4M2MzMzMxZTc3NTI5NCIsInRhZyI6IiJ9;;[Kegiatan Usaha: JASA ANGKUTAN LAUT, Kategori: H, KBLI: 52240];;;14/05/2025;UMKM;;;;invalid;;;FALSE;FALSE;FALSE;;;invalid;;;;;;andika lines;0.854548181;1;1;ANDHIKA LINES;JL KH AGUS SALIM GG SWADAYA NO NO 48 RT.01 RW.05, TANAH GROGOT;jln agus salim gg swadaya;11;52;andika lines jln agus salim gg swadaya kbli52;4;0;0;0;Duplikat;JLN AGUS SALIM GG SWADAYA;0;0;;;0;6401040004_0_0;;;0;;0;0;0;0;;
922;97336995;COLUMEUS PT;JALAN RADEN MAS NOTOSUNARDI;6401040004;64;1;40;4;KALIMANTAN TIMUR;PASER;TANAH GROGOT;TANAH GROGOT;eyJpdiI6IjhCcDQySHQvMDhqdkRENzRpakUxQmc9PSIsInZhbHVlIjoiYzlza05pTlpGV3N0N3AzMGM1blZWdz09IiwibWFjIjoiYWM3ODFjMWE3MTQzOGU0OTg4NDIyNTJmNjkzMWEwY2FjNjNlMjY1ZTMxZjI0ODEwYjQzNDJjMzU5NDk2NWRkNSIsInRhZyI6IiJ9;;[Kegiatan Usaha: MENJUAL BARANG ELEKTRONIK DENGAN SISTEM KREDIT, Kategori: G, KBLI: 46100];;;24/12/2025;UMKM;;;;invalid;;;FALSE;FALSE;TRUE;;;invalid;;;;;;columeus;0.827450102;1;1;TOKO BAJU <HESTI OKTAVIA>;JALAN RADEN MAS NOTOSUNARDI;jalan raden mas notosunardi;12;46;columeus jalan raden mas notosunardi kbli46;99;0;0;0;Tidak Ditemukan;JALAN RADEN MAS NOTOSUNARDI;0;0;;;0;6401040004_0_0;;;0;;0;0;0;0;;
1806;97336270;KANTIN SMP NEGERI 1 (ROFIAH);JL BHAYANGKARA;6401040004;64;1;40;4;KALIMANTAN TIMUR;PASER;TANAH GROGOT;TANAH GROGOT;eyJpdiI6Inc4RW1hUmlWRVpLTDcwd2hHRUJFSmc9PSIsInZhbHVlIjoiYUc4Z1FHVWNSbHYrZGFkNUFZWlFnQT09IiwibWFjIjoiZDg2NDg4OGRmMTIwNDM3YThmYjRkMGE3NmZmMzA3NzJlNjE0ZGIzYTMxODM3MTIwZWU4OTkwMTgxYzc2MDQ1ZCIsInRhZyI6IiJ9;;[Kegiatan Usaha: -, Kategori: I, KBLI: 56102];;;07/12/2025;UMKM;;;;invalid;;;FALSE;FALSE;FALSE;;;invalid;;;;;;kantin smp negeri 1 rofiah;0.943690133;1;4;KANTIN SMP NEGERI 1 (NURBAIYAH);JL BHAYANGKARA;jl bhayangkara;20;56;kantin smp negeri 1 rofiah jl bhayangkara kbli56;4;0;1;0;Duplikat;JL BHAYANGKARA;0;0;;;0;6401040004_0_0;;;0;;0;0;0;0;;
1885;97334702;KARYA AGUNG RAYA, PT;JL. ANDEN OKO 29;6401040004;64;1;40;4;KALIMANTAN TIMUR;PASER;TANAH GROGOT;TANAH GROGOT;eyJpdiI6IjNqdWwrUzF2MGMzSi9Idk5aZ1c4M1E9PSIsInZhbHVlIjoianRqRUthL3pKalBpVXZ4T052TmFZdz09IiwibWFjIjoiNjI5MWUxMTJmYzQ5MGIwNDk5ZTdmMWEwYzhkMTU4MDNlYWFlMTVkMWMwMzc2NjEyY2RmODE0NDBkY2VlZWMzZSIsInRhZyI6IiJ9;;[Kegiatan Usaha: KONSTRUKSI GEDUNG, Kategori: F, KBLI: 41011];;;15/12/2025;UMKM;;;;invalid;;;FALSE;FALSE;TRUE;;;invalid;;;;;;karya agung raya;1;1;4;KARYA AGUNG RAYA, PT;JL. ANDEN OKO 29;jl anden oko 29;21;41;karya agung raya jl anden oko 29 kbli41;4;0;0;0;Tidak Ditemukan;JL ANDEN OKO 29;0;0;;;0;6401040004_0_0;;;0;;0;0;0;0;;
2629;97341263;PASER BUEN ENEGE, PT;JL AHMAD DAHLAN;6401040004;64;1;40;4;KALIMANTAN TIMUR;PASER;TANAH GROGOT;TANAH GROGOT;eyJpdiI6IkE3R1M4UFlDQmpzWVJDUXBQUklvNmc9PSIsInZhbHVlIjoiNmpnVlZIc1R2WjJpUWhFeFc1QWNOZz09IiwibWFjIjoiN2ZjNTg4ZmEyZGYwNDI0NWJlOWQ1NmQxMjhmYjY1ZGU4MjE3NDIyMTkyYTMwOTg1NzA0ZjQwNWY2NGQ2MTQ2NCIsInRhZyI6IiJ9;;[Kegiatan Usaha: -, Kategori: F, KBLI: 42101];;;15/12/2025;UMKM;;;;invalid;;;FALSE;FALSE;TRUE;;;invalid;;;;;;paser buen enege;0.812791814;1;1;FIQA, CV;JL K. H. AHMAD DAHLAN;jl ahmad dahlan;27;42;paser buen enege jl ahmad dahlan kbli42;99;0;0;0;Tidak Ditemukan;JL AHMAD DAHLAN;0;0;;;0;6401040004_0_0;;;0;;0;0;0;0;;
2647;6395795;FIQA, CV;JL K. H. AHMAD DAHLAN;6401040004;64;1;40;4;KALIMANTAN TIMUR;PASER;TANAH GROGOT;TANAH GROGOT;eyJpdiI6IjZRS0ltamlsY2pEbVNFSmkrL3UyYmc9PSIsInZhbHVlIjoiRStXTVdlMk1raEhJVGp2bzN1OFFidz09IiwibWFjIjoiMmE2NDAxM2VkYTBiYmE0YWNlMjBmM2Q4ZDM5NmI0NTNiNjMwMDkyYjRlN2Y3NzI2ODg1OGMyM2FkMTUxODgzMyIsInRhZyI6IiJ9;;[Kegiatan Usaha: -, Kategori: F, KBLI: 42];;;15/12/2025;UMKM;;;;invalid;;;FALSE;FALSE;TRUE;;;invalid;;;;;;fiqa;0.812791814;1;4;PASER BUEN ENEGE, PT;JL AHMAD DAHLAN;jl k h ahmad dahlan;27;42;fiqa jl k h ahmad dahlan kbli42;4;0;1;0;Tidak Ditemukan;JL K H AHMAD DAHLAN;0;0;;;0;6401040004_0_0;;;0;;0;0;0;0;;
2777;6395733;WIRA LAUT, CV;JL AHMAD YANI GANG PADAT KARYA;6401040004;64;1;40;4;KALIMANTAN TIMUR;PASER;TANAH GROGOT;TANAH GROGOT;eyJpdiI6IjA5eS9xcm5mQ2YxVHVNT3ZxdThpdUE9PSIsInZhbHVlIjoibHZwY0E3K1Mrc3pNWHlScDN6QWNLQT09IiwibWFjIjoiMmVjNzEzODVjOTQ5NTFjYjk3OTc4MzhhMmExYWYxOGY1NjM3MzY1MTNlMWEwMDU4YzM3NjU4NGU4MjYyNDhkNiIsInRhZyI6IiJ9;;[Kegiatan Usaha: -, Kategori: F, KBLI: 43905];;;15/12/2025;UMKM;;;;invalid;;;FALSE;FALSE;TRUE;;;invalid;;;;;;wira laut;0.972162653;1;4;WIRA LAUT, CV;JALAN AHMAD YANI GANG PADAT KARYA;jl ahmad yani gang padat karya;28;43;wira laut jl ahmad yani gang padat karya kbli43;4;0;1;0;Tidak Ditemukan;JL AHMAD YANI GANG PADAT KARYA;0;0;;;0;6401040004_0_0;;;0;;0;0;0;0;;
2911;6395738;MAROS MANDIRI, CV;JL PANGERAN MENTRI;6401040004;64;1;40;4;KALIMANTAN TIMUR;PASER;TANAH GROGOT;TANAH GROGOT;eyJpdiI6IjBId1h0VndEcjlYUFlINmczdlVaeFE9PSIsInZhbHVlIjoiMDlRSWNHQ2djY1lYb3A3Z28wNVFXdz09IiwibWFjIjoiMjcwZDI1MWE5NTcxNjRjNzE5NjkyMmNlOTMzZjA4MGE5MTliYmJkYjdkNzhhZjgwMDlmYzM1NzJlYzY4Y2RhMSIsInRhZyI6IiJ9;;[Kegiatan Usaha: -, Kategori: F, KBLI: 41011];;;15/12/2025;UMKM;;;;invalid;;;FALSE;FALSE;TRUE;;;invalid;;;;;;maros mandiri;0.969162935;1;4;MAROS MANDIRI, CV;JALAN PANGERAN MENTRI;jl pangeran mentri;29;41;maros mandiri jl pangeran mentri kbli41;4;0;1;0;Tidak Ditemukan;JL PANGERAN MENTRI;0;0;;;0;6401040004_0_0;;;0;;0;0;0;0;;
2945;97341209;BPJS;JL DR CIPTO MANGUNKUSUMO;6401040004;64;1;40;4;KALIMANTAN TIMUR;PASER;TANAH GROGOT;TANAH GROGOT;eyJpdiI6IjgrSVAxVHpoSUdndThGdlBFSWpPWUE9PSIsInZhbHVlIjoiQWMyTU9ycy9hWTRiTmx4cEVuV3FNUT09IiwibWFjIjoiNDliYmExZWQzOTYxMGVkZjUwODc0Y2ExZjUxN2E0YzVjMmU5ZTk0YWE5YmFmMTQyYTMyOThlNTk0MTYyYTYwZCIsInRhZyI6IiJ9;;[Kegiatan Usaha: ASURANSI KESEHATAN / JAMINAN KESEHATAN JASA, Kategori: K, KBLI: 65111];;;15/12/2025;UMKM;;;;invalid;;;FALSE;FALSE;TRUE;;;invalid;;;;;;bpjs;0.861117826;1;1;ALAMSYAH;Jl. Dr. Cipto Mangunkusumo;jl dr cipto mangunkusumo;30;65;bpjs jl dr cipto mangunkusumo kbli65;99;0;1;0;Tidak Ditemukan;JL DR CIPTO MANGUNKUSUMO;0;0;;;0;6401040004_0_0;;;0;;0;0;0;0;;
3209;97341267;BANK DANAMON PT;JL RA KARTINI;6401040004;64;1;40;4;KALIMANTAN TIMUR;PASER;TANAH GROGOT;TANAH GROGOT;eyJpdiI6Ing3b3loZXpEa1VESEs3Tm1Fc0I1UlE9PSIsInZhbHVlIjoiYWhra05selhkUWhwVHFxUjQzRUVlUT09IiwibWFjIjoiNmUxMDcxZjMxMjczYTQ3NDQ5YzlkMGUyZTM4ZDk1ZGRlMzkwN2EzOGM3YjU5MmQ5YjEzYzRmYTJiYjQzMDc3ZCIsInRhZyI6IiJ9;;[Kegiatan Usaha: -, Kategori: K, KBLI: 64121];;;31/01/2025;UMKM;;;;invalid;;;FALSE;FALSE;FALSE;;;invalid;;;;;;bank danamon;0.817221544;1;1;BANK DANAMON CAB DSP PS. KANDILO TANAH GROGOT;JL. RA KARTINI RT 06 RW 08;jl ra kartini;32;64;bank danamon jl ra kartini kbli64;4;0;0;0;Duplikat;JL RA KARTINI;0;0;;;0;6401040004_0_0;;;0;;0;0;0;0;;
3218;3191651;BANK DANAMON CAB DSP PS. KANDILO TANAH GROGOT;JL. RA KARTINI RT 06 RW 08;6401040004;64;1;40;4;KALIMANTAN TIMUR;PASER;TANAH GROGOT;TANAH GROGOT;eyJpdiI6InR2a3NLME0xbUljb1k0OWpHVSszNVE9PSIsInZhbHVlIjoianl4eVRKbzA5bHJWZFpEYlk0aU5DZz09IiwibWFjIjoiMjFmYjM0ZDdjNDgwMTExZDBiYWVkNjJhNmMzMzMzOTE1M2ZhM2YzNWIxNTdmNGE2M2RhZjU5Njg1M2YxOTdhMiIsInRhZyI6IiJ9;;[Kegiatan Usaha: -, Kategori: K, KBLI: 64121];;;31/01/2025;UMKM;Dir Pajak;;;invalid;;;FALSE;FALSE;FALSE;;;invalid;;;;;;bank danamon cab dsp ps kandilo tanah grogot;0.817221544;1;4;BANK DANAMON PT;JL RA KARTINI;jl ra kartini rt 06 rw 08;32;64;bank danamon cab dsp ps kandilo tanah grogot jl ra kartini rt 06 rw 08 kbli64;4;0;1;0;Duplikat;JL RA KARTINI RT 06 RW 08;0;0;;;0;6401040004_0_0;;;0;;0;0;0;0;;
3306;97341314;PRAKTEK BIDAN (JAMILAH);JALAN ANDEN OKO;6401040004;64;1;40;4;KALIMANTAN TIMUR;PASER;TANAH GROGOT;TANAH GROGOT;eyJpdiI6ImxMVXlxY0NRblNXc2dSdEQ3NGZzU2c9PSIsInZhbHVlIjoiVlEwdTJVc2I1U2dSVnVkenAyeC80Zz09IiwibWFjIjoiMDU3ZjZiMWM4ZDBhNjk3ZGFjMGYxMmVlYzE5MjIwNmI3ZTk5YWUwNTg3NDgyY2JhNjI1MzYwNTM3ZDFlZmY5ZSIsInRhZyI6IiJ9;;[Kegiatan Usaha: -, Kategori: Q, KBLI: 86901];;;15/12/2025;UMKM;;;;invalid;;;FALSE;FALSE;TRUE;;;invalid;;;;;;praktek bidan jamilah;0.936656743;1;4;PRAKTEK BIDAN;JALAN ANDEN OKO;jalan anden oko;33;86;praktek bidan jamilah jalan anden oko kbli86;4;0;1;0;Tidak Ditemukan;JALAN ANDEN OKO;0;0;;;0;6401040004_0_0;;;0;;0;0;0;0;;
3616;97341324;KANDILO INDAH JAYA, PT;JL. A. YANI 1-6 ROSOT;6401040004;64;1;40;4;KALIMANTAN TIMUR;PASER;TANAH GROGOT;TANAH GROGOT;eyJpdiI6IkFBYlc1VTlOUnBxY09mYnJIbFFRdnc9PSIsInZhbHVlIjoibkI2WUUrQ3duL0F4bjRONzhVbExuZz09IiwibWFjIjoiOTc5OTljYzRlZWRlYjUzYzBkNDBjZTQ2OGY5ZDlmNDc1M2M5ODVmMzEyNDVlMjUzZTc0NzcwODgzMmEwNDAzOCIsInRhZyI6IiJ9;;[Kegiatan Usaha: KONSTRUKSI GEDUNG, Kategori: F, KBLI: 41011];;;31/01/2025;UMKM;;;;invalid;;;FALSE;FALSE;TRUE;;;invalid;;;;;;kandilo indah jaya;1;1;1;KANDILO INDAH JAYA, PT;JL A YANI 1-6 ROSOT;jl a yani 1 6 rosot;35;41;kandilo indah jaya jl a yani 1 6 rosot kbli41;3;0;0;0;Tutup;JL A YANI 16 ROSOT;0;0;;;0;6401040004_0_0;;;0;;0;0;0;0;;
3628;6396153;KANDILO INDAH JAYA, PT;JL A YANI 1-6 ROSOT;6401040004;64;1;40;4;KALIMANTAN TIMUR;PASER;TANAH GROGOT;TANAH GROGOT;eyJpdiI6ImU2bFBJNUhvU1d4OFE5T0hrQnZhY1E9PSIsInZhbHVlIjoiYThvcWRsVzVhYTBHWkJseTV4UEFvUT09IiwibWFjIjoiZWFiOTg4MWNlMGFiOTg1MTMwYzU4NGIyZmE0YTUyZjU3MDJkZmQ5NjUxMzE5NzU1NDcyMzk3NWRjYWQyNDM3OCIsInRhZyI6IiJ9;;[Kegiatan Usaha: -, Kategori: F, KBLI: 41000];;;15/12/2025;UMKM;;;;invalid;;;FALSE;FALSE;TRUE;;;invalid;;;;;;kandilo indah jaya;1;1;4;KANDILO INDAH JAYA, PT;JL. A. YANI 1-6 ROSOT;jl a yani 1 6 rosot;35;41;kandilo indah jaya jl a yani 1 6 rosot kbli41;4;0;0;0;Tidak Ditemukan;JL A YANI 16 ROSOT;0;0;;;0;6401040004_0_0;;;0;;0;0;0;0;;
4071;6395737;TIMUR JAYA, CV;JL MODANG NO 14;6401040004;64;1;40;4;KALIMANTAN TIMUR;PASER;TANAH GROGOT;TANAH GROGOT;eyJpdiI6IkM0Rzg1aWY1Z3NTU2pseWFFeG93dVE9PSIsInZhbHVlIjoiWEQyRzFwN2hkNFJBSzdHdGFCMC8xdz09IiwibWFjIjoiMTdlZDAwNzA4NmRiMDdjN2E2ODQ5ZjQ5NTkyY2I5YWE3ZmFmNmY4NWY1YzUwMjljY2ViYjgxMzUzZTUyMzlmMiIsInRhZyI6IiJ9;;[Kegiatan Usaha: -, Kategori: F, KBLI: 43904];;;15/12/2025;UMKM;;;;invalid;;;FALSE;FALSE;TRUE;;;invalid;;;;;;timur jaya;0.95218412;1;4;TIMUR JAYA, CV;JALAN MODANG NO 14;jl modang no 14;40;43;timur jaya jl modang no 14 kbli43;4;0;1;0;Tidak Ditemukan;JL MODANG NO 14;0;0;;;0;6401040004_0_0;;;0;;0;0;0;0;;
4194;6395734;TAMBORA, CV;JL DI PANJAITAN;6401040004;64;1;40;4;KALIMANTAN TIMUR;PASER;TANAH GROGOT;TANAH GROGOT;eyJpdiI6InVMR1RTZEhQaExrM0FPbXZmSmNCV3c9PSIsInZhbHVlIjoieWwyQ2x0UUUvaG9ieVgyMHlWU3FxQT09IiwibWFjIjoiMzBmNDk5NGY4ODIwMzRkMGYwYTU3OWY4ODhjZTZiY2U1ZWZjMGRiZmRlZmM0NzAyYjY0MzQ0ZDBlODc3NWQ5NSIsInRhZyI6IiJ9;;[Kegiatan Usaha: -, Kategori: F, KBLI: 41012];;;15/12/2025;UMKM;;;;invalid;;;FALSE;FALSE;TRUE;;;invalid;;;;;;tambora;0.954516674;1;4;TAMBORA, CV;JALAN DI PANJAITAN;jl di panjaitan;42;41;tambora jl di panjaitan kbli41;4;0;1;0;Tidak Ditemukan;JL DI PANJAITAN;0;0;;;0;6401040004_0_0;;;0;;0;0;0;0;;
4317;97341385;KOPERASI HASANAH;JL PANGERAN MENTRI;6401040004;64;1;40;4;KALIMANTAN TIMUR;PASER;TANAH GROGOT;TANAH GROGOT;eyJpdiI6Im9sc2xsYVBFQ001VmRVL1BMR0hGdlE9PSIsInZhbHVlIjoiM1R2b3FVT2hqejQ3NU83Nk5TZ1J5UT09IiwibWFjIjoiYzRkNjJhZjcxMzVmYWIwNjcyNDdhNjAxNmMyYWY2MGE2MDI2NzMyMThlZjY4NmQ5YzVhN2I2YTdlMGM2NzU0NSIsInRhZyI6IiJ9;;[Kegiatan Usaha: SIMPAN PINJAM, Kategori: K, KBLI: 64141];;;07/01/2025;UMKM;;;;invalid;;;FALSE;FALSE;FALSE;;;invalid;;;;;;hasanah;0.835575266;1;1;koperasi SERBA USAHA (KSU) HASANAH;JL PANGERAN MENTRI No. 96;jl pangeran mentri;45;64;hasanah jl pangeran mentri kbli64;4;0;1;0;Duplikat;JL PANGERAN MENTRI;0;0;;;0;6401040004_0_0;;;0;;0;0;0;0;;
4346;3225135;MEDIA ENGINEERING CONSULTANT;JL SULTAN KHALILUDDIN GG KITA;6401040004;64;1;40;4;KALIMANTAN TIMUR;PASER;TANAH GROGOT;TANAH GROGOT;eyJpdiI6Ik1PTnZSbVRnZUE3TEdTVnZNNkp1aWc9PSIsInZhbHVlIjoiRzl1QlVwSzBxRWppbzVpMk03UW1pdz09IiwibWFjIjoiMDEyZTVlZGIwZTM4NzhlN2FkNTI1M2E5YzI5MTIzOWFiYzZmMjcxOTFiMDg4NTJmOTEyYTgyMWExMjczNTk1NiIsInRhZyI6IiJ9;;[Kegiatan Usaha: -, Kategori: M, KBLI: 71101];;;26/10/2025;UMKM;Dir Pajak;;;invalid;;;FALSE;FALSE;FALSE;;;invalid;;;;;;media engineering consultant;0.874101206;1;4;MEDIA ENGINEERING CONSULTANT;Jl. Sultan Ibrahim Khaliluddin No. 72;jl sultan khaliluddin gg kita;46;71;media engineering consultant jl sultan khaliluddin gg kita kbli71;4;0;1;0;Duplikat;JL SULTAN KHALILUDDIN GG KITA;0;0;;;0;6401040004_0_0;;;0;;0;0;0;0;;
4503;97342272;NAYARA BANGUN PERSADA ,PT;Jl. KH. Ahmad Dahlan RT. 009 Tanah Grogot;6401040004;64;1;40;4;KALIMANTAN TIMUR;PASER;TANAH GROGOT;TANAH GROGOT;eyJpdiI6IkpzYmtZcXVoVE9lV01yOG1TNlJRbXc9PSIsInZhbHVlIjoidFBpZ012QjgrVlNHNU9EdkZWekVCZz09IiwibWFjIjoiMzUwMTU0ZGE5NWRmM2ZmMmYyNzlmMmJiZjQ3MmU4MmZhOTU5ZWE0NjY4NTQ3YmYxYmI5MTcwZWI0MGE0M2IxNiIsInRhZyI6IiJ9;;[Kegiatan Usaha: -, Kategori: F, KBLI: 42101];;;24/12/2025;UMKM;;;;invalid;;;FALSE;FALSE;TRUE;;;invalid;;;;;;nayara bangun persada;0.925904394;1;1;NAYARA BANGUN PERSADA, PT;JL KH AHMAD DAHLAN;jl kh ahmad dahlan rt 009 tanah grogot;49;42;nayara bangun persada jl kh ahmad dahlan rt 009 tanah grogot kbli42;99;0;0;0;Tidak Ditemukan;Jl KH Ahmad Dahlan RT 009 Tanah Grogot;9;0;;;0;6401040004_9_0;;;0;;0;0;0;0;;
4708;97342274;PESONA KARYA AGUNG ,PT;Jl. A. Wahab Syahrani RT. 012 No. 02 Kel. Tanah Grogot  Kec. Tanah Grogot;6401040004;64;1;40;4;KALIMANTAN TIMUR;PASER;TANAH GROGOT;TANAH GROGOT;eyJpdiI6IkxtY3hCVlBKS29ZQjZtdHV0SVoxNGc9PSIsInZhbHVlIjoiRU4xcXJkSjkxOWp0SHh1N0U1QkZHZz09IiwibWFjIjoiZThkNjhjMDU5OTBmYmFmMDhhMDJkYmQyOThkNmYxZTY4YTczMmFhOTYxYmQ0ZmU3NDZjODc0YzQzOGVmNjY4MCIsInRhZyI6IiJ9;;[Kegiatan Usaha: KONSTRUKSI BANGUNAN (KONTRAKTOR), Kategori: F, KBLI: 42911];;;15/12/2025;UMKM;;;;invalid;;;FALSE;FALSE;TRUE;;;invalid;;;;;;pesona karya agung;0.816463433;1;1;PESONA KARYA AGUNG, PT;JL A. WAHAB SYAHRANI;jl a wahab syahrani rt 012 no 02 kel tanah grogot kec tanah grogot;55;42;pesona karya agung jl a wahab syahrani rt 012 no 02 kel tanah grogot kec tanah grogot kbli42;3;0;0;0;Tutup Sementara;Jl A Wahab Syahrani RT 012 No 02 Kel Tanah Grogot Kec Tanah Grogot;12;0;;;0;6401040004_12_0;;;0;;0;0;0;0;;
4713;6396152;PESONA KARYA AGUNG, PT;JL A. WAHAB SYAHRANI;6401040004;64;1;40;4;KALIMANTAN TIMUR;PASER;TANAH GROGOT;TANAH GROGOT;eyJpdiI6IlIvNS9mVTNLeDVQQWZPbVdkYU9HN2c9PSIsInZhbHVlIjoiaTY1RmcwK09hLzg2TXBEZEMvNnVIQT09IiwibWFjIjoiMGMyMDE1ZWJjMDIzYmM5ZWNkZWUwN2I2MWQ1ZmJmM2FlZGEzNjZlYjZjNmFiZDIxZDk4Njg2OWJhNDc5OGJiMSIsInRhZyI6IiJ9;;[Kegiatan Usaha: -, Kategori: F, KBLI: 42911];;;15/12/2025;UMKM;;;;invalid;;;FALSE;FALSE;TRUE;;;invalid;;;;;;pesona karya agung;0.816463433;1;4;PESONA KARYA AGUNG ,PT;Jl. A. Wahab Syahrani RT. 012 No. 02 Kel. Tanah Grogot  Kec. Tanah Grogot;jl a wahab syahrani;55;42;pesona karya agung jl a wahab syahrani kbli42;4;0;0;0;Tidak Ditemukan;JL A WAHAB SYAHRANI;0;0;;;0;6401040004_0_0;;;0;;0;0;0;0;;
4737;16958694;Alfamidi Diponegoro;Jl. Diponegoro, Tanah Grogot, Kec. Tanah Grogot, Kabupaten Paser, Kalimantan Timur 76251;6401040004;64;1;40;4;KALIMANTAN TIMUR;PASER;TANAH GROGOT;TANAH GROGOT;eyJpdiI6IlI2NjhPaE1vSGdmak9UZ3d2emJrK0E9PSIsInZhbHVlIjoiekFkSHlyR1dCSTc5ZmpWbnlmSUpkQT09IiwibWFjIjoiZWJiMzhlNGQxNDA0MTI0OWYxNjNhNjA0NDg3Y2I5MGE3ODlkNGVmNWQ5NTlkYjkyNGY5OWYyNGM5NzIwY2NlMCIsInRhZyI6IiJ9;;[Kegiatan Usaha: Toko Swalayan, Kategori: -, KBLI: -];;;26/10/2025;;Tambahan Daerah s.d 31 Desember 2025;-1.9131043;116.196167;valid;;;FALSE;FALSE;FALSE;;;invalid;;;;;;alfamidi diponegoro;0.842164374;1;4;MIDI UTAMA INDONESIA TBK, PT CABANG TANAH GROGOT (DIPONEGORO);JL. DIPONEGORO;jl diponegoro tanah grogot kec tanah grogot kabupaten paser kalimantan timur 76251;56;0;alfamidi diponegoro jl diponegoro tanah grogot kec tanah grogot   76251 kbli00;4;0;1;0;Duplikat;Jl Diponegoro Tanah Grogot Kec Tanah Grogot   76251;0;0;;;0;6401040004_0_0;;;0;;1;1;0;0;-1.9131043;116.196167
4768;97338510;HASCO INDONESIA, PT;JL. KAPTEN PIERE TENDEAN;6401040004;64;1;40;4;KALIMANTAN TIMUR;PASER;TANAH GROGOT;TANAH GROGOT;eyJpdiI6InB2cVpHaUtMNzYvSzc2Y3VzSmtuZGc9PSIsInZhbHVlIjoiQ1dmNmJoVHRKMi9LZ05EN2FXakVZUT09IiwibWFjIjoiNjQwM2U5MzQ2YTM3NDFlNjZhNTJmYTBkZDRjMmFkZGM5Zjc0Y2M0ZGQwOTVjMWJjZDBjMWNjMWFkZTY3ODA0NyIsInRhZyI6IiJ9;;[Kegiatan Usaha: JASA KONSTRUKSI, Kategori: F, KBLI: 41011];;;15/12/2025;UMKM;;;;invalid;;;FALSE;FALSE;TRUE;;;invalid;;;;;;hasco indonesia;1;1;4;HASCO INDONESIA, PT;JL. KAPTEN PIERE TENDEAN;jl kapten piere tendean;57;41;hasco indonesia jl kapten piere tendean kbli41;4;0;0;0;Tutup;JL KAPTEN PIERE TENDEAN;0;0;;;0;6401040004_0_0;;;0;;0;0;0;0;;
4800;97338511;CEMERLANG PUTRI ETAM, PT;JL. ST. IBRAHIM CHALILUDDIN;6401040004;64;1;40;4;KALIMANTAN TIMUR;PASER;TANAH GROGOT;TANAH GROGOT;eyJpdiI6ImY0SjRGUms0bFMzOThnRTRWaHMwcWc9PSIsInZhbHVlIjoiTGJNUW9LOEZtRmhVQWhzMEhRd0FBdz09IiwibWFjIjoiN2UxNDZmNmY5ZDdjNzQyYzQ2NzdlOTViYjNiOTU1YTg0MDRhNDAxZjQ3OWI4NjMwMzYzYWY4ZmM3YzQxZGM5MyIsInRhZyI6IiJ9;;[Kegiatan Usaha: PENINGKATAN JALAN, Kategori: F, KBLI: 42101];;;15/12/2025;UMKM;;;;invalid;;;FALSE;FALSE;TRUE;;;invalid;;;;;;cemerlang putri etam;1;1;4;CEMERLANG PUTRI ETAM, PT;JL. ST. IBRAHIM CHALILUDDIN;jl st ibrahim chaliluddin;58;42;cemerlang putri etam jl st ibrahim chaliluddin kbli42;4;0;0;0;Tutup;JL ST IBRAHIM CHALILUDDIN;0;0;;;0;6401040004_0_0;;;0;;0;0;0;0;;
4831;97338513;RAJAMAS MULYA PERKASA, PT;JL. K.H. ACHMAD DAHLAN NO.29;6401040004;64;1;40;4;KALIMANTAN TIMUR;PASER;TANAH GROGOT;TANAH GROGOT;eyJpdiI6ImgwaVpTMXRmbmV4R2swSGpGNGJLWXc9PSIsInZhbHVlIjoiUUJuMDRDMFFyTjl0K3JrSTRGcEZ4dz09IiwibWFjIjoiY2Q5YzIxMTc0ZmY4N2QwYmQ5NGQ5ZmYxNTZlZDU2MDk3YzllNjk3OWVhYWQzMTk1MTkyZjYzODc5NmE3MWFmMyIsInRhZyI6IiJ9;;[Kegiatan Usaha: Konstruksi Gedung, Kategori: F, KBLI: 41000];;;29/11/2025;UMKM;;;;invalid;;;FALSE;FALSE;FALSE;;;invalid;;;;;;rajamas mulya perkasa;0.98211948;1;1;RAJAMAS MULYA PERKASA, PT;JL KH ACHMAD DAHLAN NO 29;jl k h achmad dahlan no 29;59;41;rajamas mulya perkasa jl k h achmad dahlan no 29 kbli41;4;0;0;0;Duplikat;JL KH ACHMAD DAHLAN NO29;0;0;;;0;6401040004_0_0;;;0;;0;0;0;0;;
4833;6396161;RAJAMAS MULYA PERKASA, PT;JL KH ACHMAD DAHLAN NO 29;6401040004;64;1;40;4;KALIMANTAN TIMUR;PASER;TANAH GROGOT;TANAH GROGOT;eyJpdiI6IktsbHdWQUxwbEV5djkwZTQ1R043R2c9PSIsInZhbHVlIjoieGJRK3hmRFFoK2RZWHF1dVFleVg1QT09IiwibWFjIjoiYzkzNDQ1NGM1NTcxNTU1NDA0ZDVjZDk4ZGRhMGUwYjI0ZWY3OGVlMGY4NTFmMmZjOTc4NTIwMDkxNzMxZGQxYiIsInRhZyI6IiJ9;;[Kegiatan Usaha: -, Kategori: F, KBLI: 41000];;;29/11/2025;UMKM;;;;invalid;;;FALSE;FALSE;FALSE;;;invalid;;;;;;rajamas mulya perkasa;0.98211948;1;4;RAJAMAS MULYA PERKASA, PT;JL. K.H. ACHMAD DAHLAN NO.29;jl kh achmad dahlan no 29;59;41;rajamas mulya perkasa jl kh achmad dahlan no 29 kbli41;4;0;0;0;Duplikat;JL KH ACHMAD DAHLAN NO 29;0;0;;;0;6401040004_0_0;;;0;;0;0;0;0;;
4862;97337470;GUNUNG RAYA, PT;JL. SULTAN HASANUDDIN NO.54;6401040004;64;1;40;4;KALIMANTAN TIMUR;PASER;TANAH GROGOT;TANAH GROGOT;eyJpdiI6ImMzNDhKZ3JvdVlFWFZPek1USGcvM3c9PSIsInZhbHVlIjoib3lDcGVrY29GYXRreCtKVUFncXBqdz09IiwibWFjIjoiMDAzMDFlYTgzODJiOTFjODM5OTlhZTM0NDhlNjc1MDJmZmM1ZjRiZDk1YTE5M2FmNjAzNzRmZGFkYTk5YjU1MSIsInRhZyI6IiJ9;;[Kegiatan Usaha: KONSTRUKSI GEDUNG, Kategori: F, KBLI: 41011];;;15/12/2025;UMKM;;;;invalid;;;FALSE;FALSE;TRUE;;;invalid;;;;;;gunung raya;1;1;1;GUNUNG RAYA, PT;JL SULTAN HASANUDDIN NO 54;jl sultan hasanuddin no 54;60;41;gunung raya jl sultan hasanuddin no 54 kbli41;3;0;0;0;Tutup;JL SULTAN HASANUDDIN NO54;0;0;;;0;6401040004_0_0;;;0;;0;0;0;0;;
4864;6396172;GUNUNG RAYA, PT;JL SULTAN HASANUDDIN NO 54;6401040004;64;1;40;4;KALIMANTAN TIMUR;PASER;TANAH GROGOT;TANAH GROGOT;eyJpdiI6IjNHY05FQnZDU0FWS0dCY1Juc011aFE9PSIsInZhbHVlIjoiQzdGQndQbllZeTI5ODUwSEZqZ3hlQT09IiwibWFjIjoiMTZmZTNiNWE5MTE2ZTI4YjI1OTRkMDRmYWM3YmY3OTFkNmY0ZTlhZmEzYjA0YjdhNTA0NzAyNzdiZjUzOGViNCIsInRhZyI6IiJ9;;[Kegiatan Usaha: -, Kategori: F, KBLI: 41000];;;15/12/2025;UMKM;;;;invalid;;;FALSE;FALSE;TRUE;;;invalid;;;;;;gunung raya;1;1;4;GUNUNG RAYA, PT;JL. SULTAN HASANUDDIN NO.54;jl sultan hasanuddin no 54;60;41;gunung raya jl sultan hasanuddin no 54 kbli41;4;0;0;0;Tidak Ditemukan;JL SULTAN HASANUDDIN NO 54;0;0;;;0;6401040004_0_0;;;0;;0;0;0;0;;
4899;97338514;PASER BIU MANDIRI, PT;JL. KANDILO BAHARI;6401040004;64;1;40;4;KALIMANTAN TIMUR;PASER;TANAH GROGOT;TANAH GROGOT;eyJpdiI6IkZKSG9RK1ZOZTkzc2UzZVJXMnE4RHc9PSIsInZhbHVlIjoiUll1MU8xWEhIcU1kS3dqRkJ3RmE1UT09IiwibWFjIjoiZDQ1OWNmZDkwOTkwZmFjZDcyNDMzZDM4MzNjOWQyYmIxZDc4ODM4YWUyODA0MDRjYjNmMjQ0NjdiNTg3YjkwNiIsInRhZyI6IiJ9;;[Kegiatan Usaha: -, Kategori: F, KBLI: 41016];;;15/12/2025;UMKM;;;;invalid;;;FALSE;FALSE;TRUE;;;invalid;;;;;;paser biu mandiri;1;1;1;PASER BIU MANDIRI, PT;JL KANDILO BAHARI;jl kandilo bahari;61;41;paser biu mandiri jl kandilo bahari kbli41;3;0;0;0;Tutup;JL KANDILO BAHARI;0;0;;;0;6401040004_0_0;;;0;;0;0;0;0;;
4902;6396162;PASER BIU MANDIRI, PT;JL KANDILO BAHARI;6401040004;64;1;40;4;KALIMANTAN TIMUR;PASER;TANAH GROGOT;TANAH GROGOT;eyJpdiI6IjJZMEZxakRGcEpoRC9nZCs2NEdZK0E9PSIsInZhbHVlIjoieDBzc2xOVnpld2U0Z29WNVVSRXFYUT09IiwibWFjIjoiZmE3NGMxM2ZjMWZjZTBmYjg0NzFkOWQ2ZDliMDA0N2U2MTUxZDYwN2Q3NzYyM2M4MTZjOTIwYTIwMzYwMmE1MSIsInRhZyI6IiJ9;;[Kegiatan Usaha: -, Kategori: F, KBLI: 41016];;;15/12/2025;UMKM;;;;invalid;;;FALSE;FALSE;TRUE;;;invalid;;;;;;paser biu mandiri;1;1;4;PASER BIU MANDIRI, PT;JL. KANDILO BAHARI;jl kandilo bahari;61;41;paser biu mandiri jl kandilo bahari kbli41;4;0;0;0;Tidak Ditemukan;JL KANDILO BAHARI;0;0;;;0;6401040004_0_0;;;0;;0;0;0;0;;
4933;97338512;NOR BARU, PT;JL. GAJAH MADA NO.1;6401040004;64;1;40;4;KALIMANTAN TIMUR;PASER;TANAH GROGOT;TANAH GROGOT;eyJpdiI6Im9mdkJjbURKcXpOMkNWbno4eHlJUnc9PSIsInZhbHVlIjoieEI4ZXNEYVhoR0lzbkoySmVhcEF0dz09IiwibWFjIjoiN2E1NTc5M2RkMWU2ZGI3ZmU0ZWUzZGFjODI4NzUzYTI4MTY2ZWRjOGU0Y2EzYTNhMDZkNzM2ZDM3MmE0ZDc3ZSIsInRhZyI6IiJ9;;[Kegiatan Usaha: KONSTRUKSI GEDUNG, Kategori: F, KBLI: 41011];;;15/12/2025;UMKM;;;;invalid;;;FALSE;FALSE;TRUE;;;invalid;;;;;;nor baru;1;1;1;NOR BARU, PT;JL GAJAH MADA NO 1;jl gajah mada no 1;62;41;nor baru jl gajah mada no 1 kbli41;3;0;0;0;Tutup;JL GAJAH MADA NO1;0;0;;;0;6401040004_0_0;;;0;;0;0;0;0;;
4934;6396157;NOR BARU, PT;JL GAJAH MADA NO 1;6401040004;64;1;40;4;KALIMANTAN TIMUR;PASER;TANAH GROGOT;TANAH GROGOT;eyJpdiI6IndkRzE0Y3JsSTB5Z3J1Rm9VeVVzTEE9PSIsInZhbHVlIjoiQmFkOWV0d2xWQW5KNGZQM0NUbko5QT09IiwibWFjIjoiMDdiMWY1NDdjMGU0MGY4YjNjY2UyM2Q5NzNkZTNjOTQxY2U5YzdmMzE2NjVkMTUzZDdhNWMxOTUxY2MwZGZiZSIsInRhZyI6IiJ9;;[Kegiatan Usaha: -, Kategori: F, KBLI: 41000];;;15/12/2025;UMKM;;;;invalid;;;FALSE;FALSE;TRUE;;;invalid;;;;;;nor baru;1;1;4;NOR BARU, PT;JL. GAJAH MADA NO.1;jl gajah mada no 1;62;41;nor baru jl gajah mada no 1 kbli41;4;0;0;0;Tidak Ditemukan;JL GAJAH MADA NO 1;0;0;;;0;6401040004_0_0;;;0;;0;0;0;0;;
5079;4121061;KARYA BARU MANDIRI;JALAN JENDERAL SUDIRMAN;6401040004;64;1;40;4;KALIMANTAN TIMUR;PASER;TANAH GROGOT;TANAH GROGOT;eyJpdiI6IlRONVE5cHdnMzFJcHNIaS9HR0FraVE9PSIsInZhbHVlIjoiNFFrbEdWODdhelRrelpJbWd5UmlvZz09IiwibWFjIjoiYzNlZGFkMjA0ZTliMWY5YWRlNGI5ZDdlNDg4ZDJjZDczZTY2ZGNiZjQyZmE3OTU2YWM3MTg4ZTU5ZGJkYzYwZiIsInRhZyI6IiJ9;;[Kegiatan Usaha: -, Kategori: F, KBLI: 42918];;;28/06/2025;UMKM;Dir Pajak;;;invalid;;;FALSE;FALSE;FALSE;;;invalid;;;;;;karya baru mandiri;0.923950926;1;4;KARYA BARU MANDIRI, PT;Jl jenderal Sudirman no 01 tanah grogot;jalan jenderal sudirman;67;42;karya baru mandiri jalan jenderal sudirman kbli42;4;0;1;0;Duplikat;JALAN JENDERAL SUDIRMAN;0;0;;;0;6401040004_0_0;;;0;;0;0;0;0;;
5107;6077136;PT. ALFAMIDI UTAMA INDONESIA TBK, JL. JEND. SUDIRMAN;JL. JEND. SUDIRMAN;6401040004;64;1;40;4;KALIMANTAN TIMUR;PASER;TANAH GROGOT;TANAH GROGOT;eyJpdiI6InROQVpNbXE1UStOaElRL2FlbTVvVXc9PSIsInZhbHVlIjoieUVMRk9qZS9GcmFScFFrcTRSemJQZz09IiwibWFjIjoiNzE1MDgxNDBkNWYyZTUxYzM3NWFmM2MwNTFhODgzZDMzYzZkNmYzMTI3YzI4YjdjMTI5Y2UzYjk5ZDRkOTMwMCIsInRhZyI6IiJ9;;[Kegiatan Usaha: PERDAGANGAN ECERAN, Kategori: G, KBLI: -];;;31/01/2025;UMKM;;;;invalid;;;FALSE;FALSE;FALSE;;;invalid;;;;;;alfamidi utama indonesia jend sudirman;0.82390452;1;4;MIDI UTAMA INDONESIA TBK, PT CABANG TANAH GROGOT;JALAN JEND SUDIRMAN;jl jend sudirman;68;0;alfamidi utama indonesia jend sudirman jl jend sudirman kbli00;4;0;0;0;Duplikat;JL JEND SUDIRMAN;0;0;;;0;6401040004_0_0;;;0;;0;0;0;0;;
5283;4373177;BUSSAN AUTO FINANCE;JL MODANG RT.007 RW.001, TANAH GROGOT;6401040004;64;1;40;4;KALIMANTAN TIMUR;PASER;TANAH GROGOT;TANAH GROGOT;eyJpdiI6IlFUWVp0L3ZCOGVGaUQ1dXU3aEh3bEE9PSIsInZhbHVlIjoia3BMbU5xdkt4bGhKNUJQUTRDWVF4UT09IiwibWFjIjoiMzg0NDc2YjNkN2NlNWExMGE2ZGY2YTI0YzdhN2UxMDU0ZWM2NjZkMDUwYjZhYmYyOGFmMjAwNGMwM2JmNDViNCIsInRhZyI6IiJ9;;[Kegiatan Usaha: -, Kategori: K, KBLI: 64190];;;26/10/2025;UMKM;Dir Pajak;;;invalid;;;FALSE;FALSE;FALSE;;;invalid;;;;;;bussan auto finance;0.913273222;1;4;BUSSAN AUTO FINANCE, PT CABANG TANAH GROGOT;Jl. Modang no 119;jl modang rt 007 rw 001 tanah grogot;74;64;bussan auto finance jl modang rt 007 rw 001 tanah grogot kbli64;4;0;1;0;Duplikat;JL MODANG RT007 RW001 TANAH GROGOT;7;1;;;0;6401040004_7_1;-1.91538;116.199092;0;;0;0;1;1;-1.91538;116.199092
5408;6645760;Pegadaian Unit Tanah Grogot;Jalan Pangeran Menteri;6401040004;64;1;40;4;KALIMANTAN TIMUR;PASER;TANAH GROGOT;TANAH GROGOT;eyJpdiI6IkNrbTc1VEw0VVZteTh2RTU2UlAyeHc9PSIsInZhbHVlIjoianNSLzJlbXRlcWxacUJhTmpCbTBmdz09IiwibWFjIjoiNDIxYzcwMTNhNzI4YTdlOTU2MDc1ZjNmYWFhZmM2OWZjNDEwMTgzODI2OTRlMzMxZGQxNGZiNmM1MGY3ZWMwZSIsInRhZyI6IiJ9;;[Kegiatan Usaha: MEMBERI PINJAMAN BERDASARKAN HUKUM GADAI, Kategori: K, KBLI: 64921];;;31/01/2025;;;;;invalid;;;FALSE;FALSE;FALSE;;;invalid;;;;;;pegadaian unit tanah grogot;0.820821893;1;4;PEGADAIAN PT (PERSERO), UPC PANGERAN MENTERI;Jl. Pangeran Menteri;jalan pangeran menteri;79;64;pegadaian unit tanah grogot jalan pangeran menteri kbli64;4;0;1;0;Duplikat;Jalan Pangeran Menteri;0;0;;;0;6401040004_0_0;;;0;;0;0;0;0;;
5529;97335409;VIOLET SALON (JUMIATI);KANDILO PLAZA;6401040004;64;1;40;4;KALIMANTAN TIMUR;PASER;TANAH GROGOT;TANAH GROGOT;eyJpdiI6IlBoazNtQ0lMdzhMYXFXQm9vYkE2UGc9PSIsInZhbHVlIjoiWExYSm5wWlBUSlE5cmdkMkg1ckx6dz09IiwibWFjIjoiNjZjZWY1OTM5NjY1OGMxMzgwZjU5YTlmMDEwNjEyY2VjMjMxZmYyNjRiOTYxNWMzY2FhNzdkYjgxMjJmMzI3YiIsInRhZyI6IiJ9;;[Kegiatan Usaha: -, Kategori: S, KBLI: 96112];;;15/12/2025;UMKM;;;;invalid;;;FALSE;FALSE;TRUE;;;invalid;;;;;;violet salon jumiati;0.927894321;1;1;ANY SALON <JUMIATI>;kandilo plaza, RT 1/RW 1;kandilo plaza;83;96;violet salon jumiati kandilo plaza kbli96;99;0;1;0;Tidak Ditemukan;KANDILO PLAZA;0;0;;;0;6401040004_0_0;;;0;;0;0;0;0;;
5670;97338516;HUDA KARYA, PT;JL. KAPTEN PIERE TENDEAN;6401040004;64;1;40;4;KALIMANTAN TIMUR;PASER;TANAH GROGOT;TANAH GROGOT;eyJpdiI6ImdkWStpL3EwaXhrOW91ZzR2bWNaK3c9PSIsInZhbHVlIjoiYVpaMTh0VjdrRmw2Rmk4d1NyU0EvZz09IiwibWFjIjoiMzMxNTczYjczNzNmMTQyNTM5NDdiODgzZWM0MmFlMzhmNmYxYTk3ZTYyYmY1NjA0Njc0ZmU3NTJlMTVmOTEwMCIsInRhZyI6IiJ9;;[Kegiatan Usaha: KONSTRUKSI, Kategori: F, KBLI: 42102];;;05/02/2025;UMKM;;;;invalid;;;FALSE;FALSE;TRUE;;;invalid;;;;;;huda karya;0.903466359;1;1;HUDA KARYA, PT;JL KAPTEN PIERE TENDEAN;jl kapten piere tendean;88;42;huda karya jl kapten piere tendean kbli42;3;0;0;0;Tutup Sementara;JL KAPTEN PIERE TENDEAN;0;0;;;0;6401040004_0_0;;;0;;0;0;0;0;;
5674;6396164;HUDA KARYA, PT;JL KAPTEN PIERE TENDEAN;6401040004;64;1;40;4;KALIMANTAN TIMUR;PASER;TANAH GROGOT;TANAH GROGOT;eyJpdiI6IjRKMXRQSkVJN3lkNm9wMmpBbkUwVUE9PSIsInZhbHVlIjoiZ0tnbjQrVTZOTStOZkNSNUxWQmZyQT09IiwibWFjIjoiMzE3ODk0Zjg3YmY3YTQzYzYxMWI3OTQwY2VjZTkyZjJjMDFkNzE2NWJhYjIxMjlhZDczYzVkMGRlNGQ2Nzg4NyIsInRhZyI6IiJ9;;[Kegiatan Usaha: -, Kategori: F, KBLI: -];;;05/02/2025;UMKM;;;;invalid;;;FALSE;FALSE;FALSE;;;invalid;;;;;;huda karya;0.903466359;1;4;HUDA KARYA, PT;JL. KAPTEN PIERE TENDEAN;jl kapten piere tendean;88;0;huda karya jl kapten piere tendean kbli00;4;0;0;0;Duplikat;JL KAPTEN PIERE TENDEAN;0;0;;;0;6401040004_0_0;;;0;;0;0;0;0;;
5708;97338515;MAWASA, PT;JL. HOS. COKROAMINOTO NO. 49;6401040004;64;1;40;4;KALIMANTAN TIMUR;PASER;TANAH GROGOT;TANAH GROGOT;eyJpdiI6IlJzQmNUODc2dTVQWnc5S1FlYVAzZHc9PSIsInZhbHVlIjoiQkY0TDUrRkxyRkg5L3pBN0ErMWlXQT09IiwibWFjIjoiZDc4Mjc3YTJlYzBkNmZhMGQwZmYyYjc4YTEyOGM0YTBkNGFiMTRiNTEzOGNjNTlhODRjZmYyNGMxMmQ5YzA5NCIsInRhZyI6IiJ9;;[Kegiatan Usaha: Konstruksi Gedung, Kategori: F, KBLI: 41000];;;15/12/2025;UMKM;;;;invalid;;;FALSE;FALSE;TRUE;;;invalid;;;;;;mawasa;0.816522869;1;1;RANY JAYA;JL. HOS COKROAMINOTO;jl hos cokroaminoto no 49;89;41;mawasa jl hos cokroaminoto no 49 kbli41;99;0;0;0;Tidak Ditemukan;JL HOS COKROAMINOTO NO 49;0;0;;;0;6401040004_0_0;;;0;;0;0;0;0;;
5801;6395735;WUZAN, CV;JL GAJAH MADA GANG MELATI;6401040004;64;1;40;4;KALIMANTAN TIMUR;PASER;TANAH GROGOT;TANAH GROGOT;eyJpdiI6IlFYSldCaGdHU2hkTTQzT0I3QTdxMFE9PSIsInZhbHVlIjoiTlovWGN5WlducXZlYyt4N0FlMTRLQT09IiwibWFjIjoiZmNmZjZjMTM3ZmU3MDBiZTY2YTQ5ZTM0MGYwOThjYjE3ZDIxOGY0M2ZhZmJkYmQxM2YxMTQyZjk3NzllMzY1MiIsInRhZyI6IiJ9;;[Kegiatan Usaha: -, Kategori: F, KBLI: 41011];;;15/12/2025;UMKM;;;;invalid;;;FALSE;FALSE;TRUE;;;invalid;;;;;;wuzan;0.969119274;1;4;WUZAN, CV;JALAN GAJAH MADA GANG MELATI;jl gajah mada gang melati;92;41;wuzan jl gajah mada gang melati kbli41;4;0;1;0;Tidak Ditemukan;JL GAJAH MADA GANG MELATI;0;0;;;0;6401040004_0_0;;;0;;0;0;0;0;;
5828;97334386;EVA SALON;KANDILO PLAZA;6401040004;64;1;40;4;KALIMANTAN TIMUR;PASER;TANAH GROGOT;TANAH GROGOT;eyJpdiI6IkhVK1ZaaEdBOTQ1OFBsYTVBTkVRL1E9PSIsInZhbHVlIjoiVmYwUGU1WGYvUU9JK0x4M2hTTm82UT09IiwibWFjIjoiMWI5MzAxZGYyZWJhZWJmOGUxYzc1MjEzZWQ3NTc5MTYwYWE4NWQzNGM4MGU4MDA4Njg1M2VmYjI4NzI1YzM0OSIsInRhZyI6IiJ9;;[Kegiatan Usaha: -, Kategori: S, KBLI: 96112];;;15/12/2025;UMKM;;;;invalid;;;FALSE;FALSE;TRUE;;;invalid;;;;;;eva salon;0.937073375;1;1;EVIE SALON;KANDILO PLAZA;kandilo plaza;93;96;eva salon kandilo plaza kbli96;99;0;1;0;Tidak Ditemukan;KANDILO PLAZA;0;0;;;0;6401040004_0_0;;;0;;0;0;0;0;;
5834;97334426;EVIE SALON;KANDILO PLAZA;6401040004;64;1;40;4;KALIMANTAN TIMUR;PASER;TANAH GROGOT;TANAH GROGOT;eyJpdiI6ImxRQ0VGV1NNc2R1VjhkSkREdml5Rnc9PSIsInZhbHVlIjoiV1hOY2xvS3FrYzBGZWI5SitPaG1EZz09IiwibWFjIjoiYjY5NzAzNTMyMDFlMTdlNGZiNzJkNTNlZGE0ZjE2MTU4MmU3ZTc3MmMzOTI0NmQ1YWRkZTNiMjgyNjVhYzMyMyIsInRhZyI6IiJ9;;[Kegiatan Usaha: -, Kategori: S, KBLI: 96112];;;15/12/2025;UMKM;;;;invalid;;;FALSE;FALSE;TRUE;;;invalid;;;;;;evie salon;0.937073375;1;4;EVA SALON;KANDILO PLAZA;kandilo plaza;93;96;evie salon kandilo plaza kbli96;4;0;1;0;Tidak Ditemukan;KANDILO PLAZA;0;0;;;0;6401040004_0_0;;;0;;0;0;0;0;;
5850;97333465;ARGA BUMI PERSADA ,PT;Jl. Gajah Mada Gg. Anggrek Rt. 007 Rw. 03 Kel. Tanah Grogot Kec. Tanah Grogot;6401040004;64;1;40;4;KALIMANTAN TIMUR;PASER;TANAH GROGOT;TANAH GROGOT;eyJpdiI6IlJMamdRSTEyR1BKM29xMkladnM0ZWc9PSIsInZhbHVlIjoiMGZxTFViMU02blpRbUEwYVpKekoxUT09IiwibWFjIjoiNThjMzYxYzkwYzU4NDcwYzE4NDJjM2ZhMmQyMzc3ZDdiNmEzYzJhMGU4YWQ1NDBjYmViNGI5MTEyZjFjNmUyMyIsInRhZyI6IiJ9;;[Kegiatan Usaha: -, Kategori: F, KBLI: 42101];;;31/01/2025;UMKM;;;;invalid;;;FALSE;FALSE;TRUE;;;invalid;;;;;;arga bumi persada;0.850989679;1;1;ARGA BUMI PERSADA, PT;JL GAJAH MADA GG ANGGREK;jl gajah mada gg anggrek rt 007 rw 03 kel tanah grogot kec tanah grogot;94;42;arga bumi persada jl gajah mada gg anggrek rt 007 rw 03 kel tanah grogot kec tanah grogot kbli42;3;0;0;0;Tutup;Jl Gajah Mada Gg Anggrek Rt 007 Rw 03 Kel Tanah Grogot Kec Tanah Grogot;7;3;;;0;6401040004_7_3;-1.90916;116.188706;0;;0;0;1;1;-1.90916;116.188706
5855;6396156;ARGA BUMI PERSADA, PT;JL GAJAH MADA GG ANGGREK;6401040004;64;1;40;4;KALIMANTAN TIMUR;PASER;TANAH GROGOT;TANAH GROGOT;eyJpdiI6ImpaT2dYeVhla1haNlIrNDMvRUQ3RUE9PSIsInZhbHVlIjoiWXQ1TGRnanhvdUxVeU1CaWRHdEo2Zz09IiwibWFjIjoiN2M1Mjk3M2VjYWUxMDdiOTVmOTI5NjY3NGRhODJjMzU5NDBlZThkMDUyNTk4NjYyZTYwYjY5NGI0NjA4ZjNlOSIsInRhZyI6IiJ9;;[Kegiatan Usaha: -, Kategori: F, KBLI: 42101];;;31/01/2025;UMKM;;;;invalid;;;FALSE;FALSE;FALSE;;;invalid;;;;;;arga bumi persada;0.850989679;1;4;ARGA BUMI PERSADA ,PT;Jl. Gajah Mada Gg. Anggrek Rt. 007 Rw. 03 Kel. Tanah Grogot Kec. Tanah Grogot;jl gajah mada gg anggrek;94;42;arga bumi persada jl gajah mada gg anggrek kbli42;4;0;0;0;Duplikat;JL GAJAH MADA GG ANGGREK;0;0;;;0;6401040004_0_0;;;0;;0;0;0;0;;
5916;97336629;PT PEGADAIAN;JALAN RM NOTOSUNARDI;6401040004;64;1;40;4;KALIMANTAN TIMUR;PASER;TANAH GROGOT;TANAH GROGOT;eyJpdiI6ImE5R1kvbnhxY0hJV25hMnlEbEJVMmc9PSIsInZhbHVlIjoiR09EVzlCekg1Z0lKL2xwUW95MmVydz09IiwibWFjIjoiZDcwMjcwMDE5MDc5MDM5MmIxYjI1MGE4ZTk2MGExYzJiOTI2ZWQ4YmVhOWMwYmVmODcxY2RlZWZjNjFlZmZjNSIsInRhZyI6IiJ9;;"[Kegiatan Usaha: PEGADAIAN, Kategori: K, KBLI: 64921]; [Kegiatan Usaha: Melayani gadai emas, pinjama...";;;31/01/2025;UMKM;;;;invalid;;;FALSE;FALSE;FALSE;;;invalid;;;;;;pegadaian;0.853773885;1;1;PMN ULAM TANAH GROGOT;JALAN RM NOTOSUNARDI;jalan rm notosunardi;96;64;pegadaian jalan rm notosunardi kbli64;4;0;0;0;Duplikat;JALAN RM NOTOSUNARDI;0;0;;;0;6401040004_0_0;;;0;;0;0;0;0;;
5954;97336659;SDN 017 TANAH GROGOT;JALAN HOSCOKROAMINOTO;6401040004;64;1;40;4;KALIMANTAN TIMUR;PASER;TANAH GROGOT;TANAH GROGOT;eyJpdiI6IkUxTDZWcDhtai96WFgwTWRITmphdkE9PSIsInZhbHVlIjoiR1BlZ29LeWxHV0tuNmJrVUltbEFNUT09IiwibWFjIjoiNTJjNDdmNDdhNzUwMjBhZjMxZDdiMWE0ZWZmMjUyYjE0NWQxZDU4YzFmZDMzYjFmZTVkODE3M2I3NGUyMTFjOSIsInRhZyI6IiJ9;;[Kegiatan Usaha: -, Kategori: P, KBLI: 85111];;;16/11/2025;UMKM;;;;invalid;;;FALSE;FALSE;FALSE;;;invalid;;;;;;sdn 017 tanah grogot;0.945053684;1;1;SDN 001 TANAH GROGOT;JALAN HOSCOKROAMINOTO;jalan hoscokroaminoto;97;85;sdn 017 tanah grogot jalan hoscokroaminoto kbli85;4;0;1;0;Duplikat;JALAN HOSCOKROAMINOTO;0;0;;;0;6401040004_0_0;;;0;;0;0;0;0;;
6055;97338475;SENDANG MAS, PT;JL. MODANG NO. 38;6401040004;64;1;40;4;KALIMANTAN TIMUR;PASER;TANAH GROGOT;TANAH GROGOT;eyJpdiI6InNEWTRVTW8yM0Q0aFdDanFrNjF6VWc9PSIsInZhbHVlIjoiR2ptQjhKbFgxcHJvbS96MkwzWUN5UT09IiwibWFjIjoiMDZiNTU1NWYyNzJmYmExOTQ3YjBhZmUxNzM3ZjAxZWIxODcwMmQ2YWJhNjE0ZjM3NmQ0MGYyMDViY2E5NTE2ZSIsInRhZyI6IiJ9;;[Kegiatan Usaha: Konstruksi Gedung, Kategori: F, KBLI: 42];;;01/11/2025;UMKM;;;;invalid;;;FALSE;FALSE;TRUE;;;invalid;;;;;;sendang mas;1;1;4;SENDANG MAS, PT;JL. MODANG NO. 38;jl modang no 38;101;42;sendang mas jl modang no 38 kbli42;4;0;0;0;Tutup;JL MODANG NO 38;0;0;;;0;6401040004_0_0;;;0;;0;0;0;0;;
6180;3333847;PERMATA BUNDA PASER;JL PANGERAN MENTERI RT. 03 RW. 04;6401040004;64;1;40;4;KALIMANTAN TIMUR;PASER;TANAH GROGOT;TANAH GROGOT;eyJpdiI6IjFkSzJ1cnhXa0g2dk5GSmF3SDhLQmc9PSIsInZhbHVlIjoiT2NOS2RkWGJYZWlReFZHYmRCSmkvdz09IiwibWFjIjoiM2Q3OTAxY2MzM2NjYzE2YWIwNTBjMjQyOTczY2FhMmQ1NGNjNGRmMDU5YzNmZDZmODBkZjIzNTQ1ZGI4ZGFkZiIsInRhZyI6IiJ9;;[Kegiatan Usaha: -, Kategori: Q, KBLI: 86103];;;22/01/2025;UMKM;Dir Pajak;;;invalid;;;FALSE;FALSE;FALSE;;;invalid;;;;;;permata bunda paser;0.853629211;1;4;KLINIK PERMATA BUNDA;Jln. Pangeran Menteri RT. 03 RW. 04;jl pangeran menteri rt 03 rw 04;108;86;permata bunda paser jl pangeran menteri rt 03 rw 04 kbli86;4;0;1;0;Duplikat;JL PANGERAN MENTERI RT 03 RW 04;3;4;;;0;6401040004_3_4;-1.90171;116.189459;0;;0;0;1;1;-1.90171;116.189459
6414;6711646;HOTEL RINDANG BANUA;JL. RA. KARTINI;6401040004;64;1;40;4;KALIMANTAN TIMUR;PASER;TANAH GROGOT;TANAH GROGOT;eyJpdiI6ImRvaUhKU1g3cHJlUDBHWkxnNzZKQ2c9PSIsInZhbHVlIjoiU21SU2x3bHQrSjNaME4zU1U5c1dWQT09IiwibWFjIjoiOTg1YTY4Y2QwNDY2Yjg1NzM3YzU4NzBhMTlmMTFiZTQwZjhhMjc5YTJhMjE0MjQ1MDNkYmVjNzI4MTVmNjM4YSIsInRhZyI6IiJ9;;[Kegiatan Usaha: -, Kategori: -, KBLI: -];;;05/02/2025;;;;;invalid;;;FALSE;FALSE;FALSE;;;invalid;;;;;;hotel rindang banua;0.841118386;1;4;HOTEL RINDANG BANUA;JALAN R.A KARTINI NO 48;jl ra kartini;119;0;hotel rindang banua jl ra kartini kbli00;4;0;1;0;Duplikat;JL RA KARTINI;0;0;;;0;6401040004_0_0;;;0;;0;0;0;0;;
6558;97767598;BUMI PASER AGRINDO,PT;JL. JENDRAL SUDIRMAN NO.32;6401040004;64;1;40;4;KALIMANTAN TIMUR;PASER;TANAH GROGOT;TANAH GROGOT;eyJpdiI6Im5MTGhMbnpzOFpBbUorUTYzb0RPSmc9PSIsInZhbHVlIjoiNE9KYk11eUxZNUtOVTAyLzhXVjZhUT09IiwibWFjIjoiZjE2MDUxZGQ1YmZiMTMxMWI1ZWQxYjhmNjE1ZjE5ZDRhZWY1NzE1MGJhODU4YjJmYThmODgwNGIyZmRlNGJlOSIsInRhZyI6IiJ9;;;;;26/10/2025;UMKM;;;;invalid;;;FALSE;FALSE;TRUE;;;invalid;;;;;;bumi paser agrindo;0.907445472;1;1;BUMI PASER AGRINDO, PT;JL. JENDRAL SUDIRMAN NO.32 KEL.TANAH GROOGOT KAB PASER;jl jendral sudirman no 32;127;0;bumi paser agrindo jl jendral sudirman no 32 kbli00;99;0;0;0;Tidak Ditemukan;JL JENDRAL SUDIRMAN NO32;0;0;;;0;6401040004_0_0;;;0;;0;0;0;0;;
6579;97767611;BUMI PASIR AGRINDO, PT;Kabupaten Paser;6401040004;64;1;40;4;KALIMANTAN TIMUR;PASER;TANAH GROGOT;TANAH GROGOT;eyJpdiI6IkJNL2RrejE2anp0blVQMDgzUFIwYmc9PSIsInZhbHVlIjoiQm5adFk1eFJjWnY0clYvOVI5S3o2Zz09IiwibWFjIjoiNGU0MGVmMjRkOTk2Y2Y0MDE5MGE4ZWQ2YzU0OGJhNWFhOTcyYmNkYjJiZWMyNDIyM2Y0NGU4ZGFmN2JjZjI3OSIsInRhZyI6IiJ9;;;;;15/12/2025;UMKM;;;;invalid;;;FALSE;FALSE;TRUE;;;invalid;;;;;;bumi pasir agrindo;0.849976861;1;1;BUMI PASIR AGRINDO, PT;DOBEL;kabupaten paser;128;0;bumi pasir agrindo  kbli00;99;0;0;0;Tidak Ditemukan;;0;0;;;0;6401040004_0_0;;;0;;0;0;0;0;;
6587;6095134;BUMI PASIR AGRINDO, PT;DOBEL;6401040004;64;1;40;4;KALIMANTAN TIMUR;PASER;TANAH GROGOT;TANAH GROGOT;eyJpdiI6Im9VdGQzY1RnZTNDTUMxR0oycERYM0E9PSIsInZhbHVlIjoiVk5XdWprNHVjSFNtdW5ydzJSditFZz09IiwibWFjIjoiYjZkMWI0NGQyZTY3Y2I0NGM2MTg2NTYxMTVlYjU0OTI2NTllMzE4NjBmYTc4NDhmYWJiOTVmNTgwNzM1YTU1ZCIsInRhZyI6IiJ9;;[Kegiatan Usaha: -, Kategori: -, KBLI: -];;;15/12/2025;UMKM;;;;invalid;;;FALSE;FALSE;TRUE;;;invalid;;;;;;bumi pasir agrindo;0.849976861;1;4;BUMI PASIR AGRINDO, PT;Kabupaten Paser;dobel;128;0;bumi pasir agrindo dobel kbli00;4;0;0;0;Belum Berproduksi;DOBEL;0;0;;;0;6401040004_0_0;;;0;;0;0;0;0;;
6702;6395781;CITRA GEMILANG PERSADA, CV;JL KH. AHMAD DAHLAN NO 09;6401040004;64;1;40;4;KALIMANTAN TIMUR;PASER;TANAH GROGOT;TANAH GROGOT;eyJpdiI6IlpYNmh2Q2I2SHVpTlZ1UGsvK1JjckE9PSIsInZhbHVlIjoiQytWb0x2M1FNZVJuQzFBb0RZVGpVdz09IiwibWFjIjoiZTIxYmVmNTg2MGRjMjhmZDc5OGNlYTAzY2QzMDNmMjEzOWRkNTIwNTgwOTdlYzAxOTk1YTliNGMxYjdjYWUxYyIsInRhZyI6IiJ9;;[Kegiatan Usaha: -, Kategori: F, KBLI: 41000];;;15/12/2025;UMKM;;;;invalid;;;FALSE;FALSE;TRUE;;;invalid;;;;;;citra gemilang persada;0.848251548;1;4;CITRA GEMILANG PERSADA;JL. KH. A. DAHLAN NO 09 RT.06 RW.01, TANAH GROGOT;jl kh ahmad dahlan no 09;134;41;citra gemilang persada jl kh ahmad dahlan no 09 kbli41;4;0;1;0;Tidak Ditemukan;JL KH AHMAD DAHLAN NO 09;0;0;;;0;6401040004_0_0;;;0;;0;0;0;0;;
6877;6085857;TRAVEL CV. RIHLAN JAYA BAROKAH;JL. ANGGREK;6401040004;64;1;40;4;KALIMANTAN TIMUR;PASER;TANAH GROGOT;TANAH GROGOT;eyJpdiI6ImdCZzh1Wm5hbWlDaDRlZU9YRUFhemc9PSIsInZhbHVlIjoiRWlwQVdwSDZxK3p4bXdjNW0vRnZvdz09IiwibWFjIjoiNDJiZGNmN2EyYjA3YzIxNjgzZTIzNmU4NmE2NTRjODhiOWJmNGQxZWQzZjEyODBhYTFmMTU1NzAwNzdjM2IyMCIsInRhZyI6IiJ9;;[Kegiatan Usaha: Travel, Kategori: H, KBLI: 49411];;;07/02/2025;UMKM;;;;invalid;;;FALSE;FALSE;FALSE;;;invalid;;;;;;travel rihlan jaya barokah;0.847811313;1;4;RIHLAH JAYA BAROKAH;JL. ANGGREK;jl anggrek;142;49;travel rihlan jaya barokah jl anggrek kbli49;4;0;1;0;Duplikat;JL ANGGREK;0;0;;;0;6401040004_0_0;;;0;;0;0;0;0;;
7081;6395936;FAMILY AGRO, CV;JL RA KARTINI NO 02 A;6401040004;64;1;40;4;KALIMANTAN TIMUR;PASER;TANAH GROGOT;TANAH GROGOT;eyJpdiI6Im9LV2hLL2g2VzkzajNRdGU4WkFwREE9PSIsInZhbHVlIjoiWE5XK2lHZ3k5U0pCSzB4c0RNeGJWQT09IiwibWFjIjoiZTI4YTM1ZTE3Mjk5ZWUyYjA0YTg5MTYyZThlZmVjYzNjYmRjYWZiMGQ4YjdmN2NkMTBiNzQ2ZjQyMGI1MGZhYiIsInRhZyI6IiJ9;;[Kegiatan Usaha: -, Kategori: F, KBLI: 41000];;;15/12/2025;UMKM;;;;invalid;;;FALSE;FALSE;TRUE;;;invalid;;;;;;family agro;0.856104881;1;4;FAMILY AGRO;JL RA. KARTINI;jl ra kartini no 02 a;146;41;family agro jl ra kartini no 02 a kbli41;4;0;1;0;Tidak Ditemukan;JL RA KARTINI NO 02 A;0;0;;;0;6401040004_0_0;;;0;;0;0;0;0;;
7342;6395825;LAVAN JAYA ABADI, CV;JL HOS COKROAMINOTO;6401040004;64;1;40;4;KALIMANTAN TIMUR;PASER;TANAH GROGOT;TANAH GROGOT;eyJpdiI6InVMVnh6dGV1OEFENVNNeldDam9JRnc9PSIsInZhbHVlIjoiK2tlbGRDNnh3U216MnVMcXFRYlFkdz09IiwibWFjIjoiNzFhZDRiNDRhYWNlMDQzMDllNTFhOTFkY2Y2MWNhYTU2ZmVhZjAwODVkMDFjYWYxNjRkOTkyMDliYTQzZTRjYyIsInRhZyI6IiJ9;;[Kegiatan Usaha: -, Kategori: F, KBLI: 41000];;;15/12/2025;UMKM;;;;invalid;;;FALSE;FALSE;TRUE;;;invalid;;;;;;lavan jaya abadi;1;1;4;LAVAN JAYA ABADI;Jl.Hos.Cokroaminoto;jl hos cokroaminoto;151;41;lavan jaya abadi jl hos cokroaminoto kbli41;4;0;1;0;Tidak Ditemukan;JL HOS COKROAMINOTO;0;0;;;0;6401040004_0_0;;;0;;0;0;0;0;;
7589;6395839;MUTIARA PERMAI, CV;JL ST. HASANUDDIN TANAH GROGOT;6401040004;64;1;40;4;KALIMANTAN TIMUR;PASER;TANAH GROGOT;TANAH GROGOT;eyJpdiI6IjlXQmI2Rit5WlEzaDhCakFKRHN6L0E9PSIsInZhbHVlIjoiZWRvMnZjOGlMcWtBRjFSS2RIQUtNdz09IiwibWFjIjoiN2ZhMGM1NTlhMTYzZjI5Mzk0MmE3M2Y0MTk5YzljMThiYWNiOWM3YzJlN2IwMDYwYTc5ODA1NDU4OTljNjgyYiIsInRhZyI6IiJ9;;[Kegiatan Usaha: -, Kategori: F, KBLI: 42];;;15/12/2025;UMKM;;;;invalid;;;FALSE;FALSE;TRUE;;;invalid;;;;;;mutiara permai;0.836780398;1;4;MUTIARA PERMAI;JL SULTAN HASANUDDIN RT.013 RW.03, TANAH GROGOT;jl st hasanuddin tanah grogot;157;42;mutiara permai jl st hasanuddin tanah grogot kbli42;4;0;1;0;Tidak Ditemukan;JL ST HASANUDDIN TANAH GROGOT;0;0;;;0;6401040004_0_0;;;0;;0;0;0;0;;
7738;6395779;CITRA ABADI, CV;JL GAJAH MADA NO 72 TANAH GROGOT;6401040004;64;1;40;4;KALIMANTAN TIMUR;PASER;TANAH GROGOT;TANAH GROGOT;eyJpdiI6IklzL3VkeHRxOXAvQUxoakJKNllJT0E9PSIsInZhbHVlIjoiK2x5VzExeCtTUzcreHhISHNUWi94Zz09IiwibWFjIjoiYWZjMDBjZDJkODJjZTY4OWM5NzdlMzlmNWQ5NmNhODdkMmQ0NGI2YTQ4ZDMxZTgzYWQ2ODczZDAzY2I1YjE5YiIsInRhZyI6IiJ9;;[Kegiatan Usaha: -, Kategori: F, KBLI: 41000];;;15/12/2025;UMKM;;;;invalid;;;FALSE;FALSE;TRUE;;;invalid;;;;;;citra abadi;0.834362606;1;4;CITRA ABADI;JL.GAJAH MADA NO.72 RT.007/003, TANAH GROGOT;jl gajah mada no 72 tanah grogot;160;41;citra abadi jl gajah mada no 72 tanah grogot kbli41;4;0;1;0;Tidak Ditemukan;JL GAJAH MADA NO 72 TANAH GROGOT;0;0;;;0;6401040004_0_0;;;0;;0;0;0;0;;
7847;6395869;ROTTERDAM CONSULTANT, CV;JL GAJAH MADA GG. CENDANA NO 09 TANAH GROGOT;6401040004;64;1;40;4;KALIMANTAN TIMUR;PASER;TANAH GROGOT;TANAH GROGOT;eyJpdiI6ImlNYmZMYU9oY1lEZ0wxbzJXN1VxSkE9PSIsInZhbHVlIjoiYkpLUXhkUTZzMURsUThCZkVxNlBwQT09IiwibWFjIjoiZTY0YTUzODQ0ZDdkMzg3ZTU5ZDRlMjkxMzllZjIzYWJhYThjN2Y2YjY4YzY5NmViMWU3MGRjMWJiYWRkMDMxMCIsInRhZyI6IiJ9;;[Kegiatan Usaha: -, Kategori: F, KBLI: 41000];;;15/12/2025;UMKM;;;;invalid;;;FALSE;FALSE;TRUE;;;invalid;;;;;;rotterdam consultant;0.872793573;1;4;ROTTERDAM CONSULTANT;Jl. Gajah Mada, Gg. Cendana, No.9;jl gajah mada gg cendana no 09 tanah grogot;164;41;rotterdam consultant jl gajah mada gg cendana no 09 tanah grogot kbli41;4;0;1;0;Tidak Ditemukan;JL GAJAH MADA GG CENDANA NO 09 TANAH GROGOT;0;0;;;0;6401040004_0_0;;;0;;0;0;0;0;;
7936;6395788;DILLA INDRA PRATAMA, CV;JL HOS COKROAMINOTO NO, 51 TANAH GROGOT;6401040004;64;1;40;4;KALIMANTAN TIMUR;PASER;TANAH GROGOT;TANAH GROGOT;eyJpdiI6IlRNU21sdHluODhUU0lBWGxwbVIrMFE9PSIsInZhbHVlIjoiTlZzRW9XN3lTQ1pRa0oxdndxb3Jrdz09IiwibWFjIjoiNzI0YmVjYmM3ZWZhNjZjMzQ1ZGJmNThiNzUwYjI5MzAxMDg4ZGU5NzFhN2Q4MjIzNDA4MTZkYTMzYjEwMGJjZCIsInRhZyI6IiJ9;;[Kegiatan Usaha: -, Kategori: F, KBLI: 41000];;;15/12/2025;UMKM;;;;invalid;;;FALSE;FALSE;TRUE;;;invalid;;;;;;dilla indra pratama;0.849562386;1;4;DILLA INDRA PRATAMA;JL. HOS COKROAMINOTO;jl hos cokroaminoto no 51 tanah grogot;168;41;dilla indra pratama jl hos cokroaminoto no 51 tanah grogot kbli41;4;0;1;0;Tidak Ditemukan;JL HOS COKROAMINOTO NO 51 TANAH GROGOT;0;0;;;0;6401040004_0_0;;;0;;0;0;0;0;;
8078;3115156;NUR HIDAYAT;JALAN HOS COKROAMINOTO R;6401040004;64;1;40;4;KALIMANTAN TIMUR;PASER;TANAH GROGOT;TANAH GROGOT;eyJpdiI6ImcwR3VySlpMZjJ6UXlvR3NTcnpzWmc9PSIsInZhbHVlIjoiYm9oRGJDdlltbDRoRGxzSEFGcjVlQT09IiwibWFjIjoiNTJlM2MyMGQwMjQxYjMzNmZmNWJmNDFmNjQ5MTAzODkyYTI5ZWI5NjhlMTlkNWI5ODQ0Njc1YzIwMjZjNGVkMCIsInRhZyI6IiJ9;;[Kegiatan Usaha: -, Kategori: F, KBLI: 42918];;;28/06/2025;UMKM;Dir Pajak;;;invalid;;;FALSE;FALSE;FALSE;;;invalid;;;;;;nur hidayat;0.940917448;1;1;NUR HIDAYAT, CV;JL HOS COKROAMINOTO NO 28;jalan hos cokroaminoto r;176;42;nur hidayat jalan hos cokroaminoto r kbli42;4;0;1;0;Duplikat;JALAN HOS COKROAMINOTO R;0;0;;;0;6401040004_0_0;;;0;;0;0;0;0;;
8240;3211066;ROYAL LIMA SATU;JL. PANGERAN MENTRI GG.51;6401040004;64;1;40;4;KALIMANTAN TIMUR;PASER;TANAH GROGOT;TANAH GROGOT;eyJpdiI6ImQ1LzFjQnhxa3BNSk04SVQxQTAvWFE9PSIsInZhbHVlIjoiL0lMalFJUWt6L2k1SUx2VDFVRzdxQT09IiwibWFjIjoiYzQzZWU1NzM0NzU5MzVkYzJhZWFiY2M5YWNmMzg1ZmNiYmMyNDQ2NGU0ZWI1NzlmNTBiZDk0MGE1ZGVlOTljOCIsInRhZyI6IiJ9;;[Kegiatan Usaha: -, Kategori: C, KBLI: 10795];;;23/06/2025;UMKM;Dir Pajak;;;invalid;;;FALSE;FALSE;FALSE;;;invalid;;;;;;royal lima satu;0.864846939;1;1;ROYAL 51, CV;Jl. Pangeran Mentri Gg. 51 No.240;jl pangeran mentri gg 51;181;10;royal lima satu jl pangeran mentri gg 51 kbli10;4;0;1;0;Duplikat;JL PANGERAN MENTRI GG51;0;0;;;0;6401040004_0_0;;;0;;0;0;0;0;;
8282;6395928;CITRA CHARISMA, CV;JL PABRIK PIRING NO.21;6401040004;64;1;40;4;KALIMANTAN TIMUR;PASER;TANAH GROGOT;TANAH GROGOT;eyJpdiI6ImRsM2NKUUoyNWFRdThYWHM1SEFTNWc9PSIsInZhbHVlIjoiak1DanBGNzl2cjk1MnQ4Wm81YWRGUT09IiwibWFjIjoiYTVkNjc0OWY1OTZjNmQzZmE1YzY0N2I4OTVkZWU1MzM4NDA3MjE5NGQwNWE3MjBhMzU2ZGFhYmMzZjAyMzcxYSIsInRhZyI6IiJ9;;[Kegiatan Usaha: -, Kategori: F, KBLI: 41000];;;15/12/2025;UMKM;;;;invalid;;;FALSE;FALSE;TRUE;;;invalid;;;;;;citra charisma;0.911785827;1;4;CITRA CHARISMA;JL.PABRIK PIRING NO.21, TANAH GROGOT;jl pabrik piring no 21;182;41;citra charisma jl pabrik piring no 21 kbli41;4;0;1;0;Tidak Ditemukan;JL PABRIK PIRING NO21;0;0;;;0;6401040004_0_0;;;0;;0;0;0;0;;
8337;6395840;NUR ASRI, CV;JL LAMBUNG MANGKURAT NO 3 TANAH GROGOT;6401040004;64;1;40;4;KALIMANTAN TIMUR;PASER;TANAH GROGOT;TANAH GROGOT;eyJpdiI6IkNGMU9RZzU4OENQSkFldFp0L2t5a1E9PSIsInZhbHVlIjoiM1hWY0JDa2lNUTZRclZZRVlic0dBQT09IiwibWFjIjoiN2RlOTRiNDkwZjZjOTRmZTQ5N2JmNWFhNDY0YzcxOWRlMDM5ZDIzMWNkOWE5YjY2ZmFjMGRjOTRkYTM1MDE3MCIsInRhZyI6IiJ9;;[Kegiatan Usaha: -, Kategori: F, KBLI: 42];;;15/12/2025;UMKM;;;;invalid;;;FALSE;FALSE;TRUE;;;invalid;;;;;;nur asri;0.869731886;1;4;NUR ASRI;JALAN LAMBUNG MANGKURAT NO.3;jl lambung mangkurat no 3 tanah grogot;184;42;nur asri jl lambung mangkurat no 3 tanah grogot kbli42;4;0;1;0;Tidak Ditemukan;JL LAMBUNG MANGKURAT NO 3 TANAH GROGOT;0;0;;;0;6401040004_0_0;;;0;;0;0;0;0;;
8437;6395784;COENINDO, CV;JL D I PANJAITAN TANAH GROGOT;6401040004;64;1;40;4;KALIMANTAN TIMUR;PASER;TANAH GROGOT;TANAH GROGOT;eyJpdiI6ImZkZlU1NXlhV0Ivc094bzNxZmU2b1E9PSIsInZhbHVlIjoiSmdXR3V5aXpERGpYL0NhM0FOa2EvUT09IiwibWFjIjoiOTVlNDc3YWM2MzNjN2RlZTAxNmE0MWNkMWNlZmQ1YThjZWY4NzQzNTY3ZDY4NGE1NmNmMjUyOWExZjk1ZmRjMyIsInRhZyI6IiJ9;;[Kegiatan Usaha: -, Kategori: F, KBLI: 41000];;;28/06/2025;UMKM;;;;invalid;;;FALSE;FALSE;FALSE;;;invalid;;;;;;coenindo;0.814798504;1;4;COENINDO;JL. DI. PANJAITAN RT. 017 NO. 75;jl d i panjaitan tanah grogot;187;41;coenindo jl d i panjaitan tanah grogot kbli41;4;0;1;0;Duplikat;JL D I PANJAITAN TANAH GROGOT;0;0;;;0;6401040004_0_0;;;0;;0;0;0;0;;
8439;6395819;KARYA PRIMA MANDIRI, CV;JL KAPT. PIERE TENDEAN GG. QADAR;6401040004;64;1;40;4;KALIMANTAN TIMUR;PASER;TANAH GROGOT;TANAH GROGOT;eyJpdiI6InBYajJkZ3dGNEhocjUzbGZrVk1KMHc9PSIsInZhbHVlIjoiNTk3L1VqRlRudUs1S2F5b0tGYytyUT09IiwibWFjIjoiMjMzMDVjOTBmZTBhZTRlMjdkNzhkZjY2ZjFkYjE4MjlmNTI1OWVkZDk2OWIyZGYxY2MxYTZjZThlNDAxMGNlZSIsInRhZyI6IiJ9;;[Kegiatan Usaha: -, Kategori: F, KBLI: 42];;;15/12/2025;UMKM;;;;invalid;;;FALSE;FALSE;TRUE;;;invalid;;;;;;karya prima mandiri;0.915385255;1;4;KARYA PRIMA MANDIRI;JALAN KAPTEN PIERE TENDEAN GG. QADAR;jl kapt piere tendean gg qadar;188;42;karya prima mandiri jl kapt piere tendean gg qadar kbli42;4;0;1;0;Tidak Ditemukan;JL KAPT PIERE TENDEAN GG QADAR;0;0;;;0;6401040004_0_0;;;0;;0;0;0;0;;
8444;6395852;POWER, CV;JL HOS. COKROAMINOTO NO.81 TANAH GROGOT;6401040004;64;1;40;4;KALIMANTAN TIMUR;PASER;TANAH GROGOT;TANAH GROGOT;eyJpdiI6InVoMjgyWVIxN2dWWUFBV1Y4bUg1dnc9PSIsInZhbHVlIjoiaEQxN3JOcWRNVlQyZ1ptcjdENkdUdz09IiwibWFjIjoiYzI1Mjc5ZjkwNGZiYmZlMjUwNGMwODIwMzJiMzcwMWFkMjllOTgzOWVmYjNmZWQxMjU0NWQ0ODEzMDZjZWE0ZCIsInRhZyI6IiJ9;;[Kegiatan Usaha: -, Kategori: F, KBLI: 42];;;15/12/2025;UMKM;;;;invalid;;;FALSE;FALSE;TRUE;;;invalid;;;;;;power;0.800474009;1;4;BAYU JAYA;JL.HOS COKROAMINOTO RT.02 RW.02, TANAH GROGOT;jl hos cokroaminoto no 81 tanah grogot;189;42;power jl hos cokroaminoto no 81 tanah grogot kbli42;4;0;1;0;Tidak Ditemukan;JL HOS COKROAMINOTO NO81 TANAH GROGOT;0;0;;;0;6401040004_0_0;;;0;;0;0;0;0;;
8486;6396141;MINERVA MULTI ENERGY, CV;JL SENAKEN;6401040004;64;1;40;4;KALIMANTAN TIMUR;PASER;TANAH GROGOT;TANAH GROGOT;eyJpdiI6Ik5QdnE4TXlWcWpKVWJIdEtnSXRSTHc9PSIsInZhbHVlIjoicTJnT2VyeTVsNU0vTzZrbm9OYUFtQT09IiwibWFjIjoiNjM4ZmVhZTAzNDMwMDYxM2Y3Mzc2ODEyNjFhYWMwZjlhNzg0OTQ0MjQ2YjEyNzhkNzM1Mjg5MThjNjI0ODEyZiIsInRhZyI6IiJ9;;[Kegiatan Usaha: -, Kategori: F, KBLI: -];;;01/11/2025;UMKM;;-1.9;116.2058;valid;;;FALSE;FALSE;FALSE;;;invalid;;;;;;minerva multi energy;0.884330225;1;4;MINERVA MULTI ENERGY;Jalan Senaken RT.004;jl senaken;191;0;minerva multi energy jl senaken kbli00;4;0;1;0;Duplikat;JL SENAKEN;0;0;;;0;6401040004_0_0;;;0;;1;1;0;0;-1.9;116.2058
8543;6395956;MUTIARA TEHNIK, CV;JL R. SUPRAPTO TANHA GROGOT;6401040004;64;1;40;4;KALIMANTAN TIMUR;PASER;TANAH GROGOT;TANAH GROGOT;eyJpdiI6IloyZDkwYy9sQ2VlemUrMDJYVEFQWnc9PSIsInZhbHVlIjoiSmV3bFhhWTQ1eE0vRmZ4RFE5bnV4dz09IiwibWFjIjoiMWNlZDg0MzEzNzhmYjk3YzMxN2JkODA5NTM0NDQ3NDM5YzQ1OGM3MTZiNDgyZTE3OWVjNTMwYjgyMzZhMTZhMSIsInRhZyI6IiJ9;;[Kegiatan Usaha: -, Kategori: F, KBLI: 41000];;;15/12/2025;UMKM;;;;invalid;;;FALSE;FALSE;TRUE;;;invalid;;;;;;mutiara tehnik;0.830693549;1;4;MUTIARA TEHNIK;JL.R.SUPRAPTO RT.015 RW.006, TANAH GROGOT;jl r suprapto tanha grogot;193;41;mutiara tehnik jl r suprapto tanha grogot kbli41;4;0;1;0;Tidak Ditemukan;JL R SUPRAPTO TANHA GROGOT;0;0;;;0;6401040004_0_0;;;0;;0;0;0;0;;
8578;3641381;GUNUNG RAYA MANDIRI;JL. SULTAN HASANUDDIN;6401040004;64;1;40;4;KALIMANTAN TIMUR;PASER;TANAH GROGOT;TANAH GROGOT;eyJpdiI6IkRuRXJUN3NHcStKb0E3VEcxOG0wMVE9PSIsInZhbHVlIjoibnFIdThzcExiNmJUYnh4elFzcjM3QT09IiwibWFjIjoiMzc1MDdhZmZjODc1YzVmZGM3ZWRhZTRiZjQzZjdhNjY3NTM4YTExNzY1ZmZkMDVhNjRkNmU2ZGQ3OGY5NDQ3NiIsInRhZyI6IiJ9;;[Kegiatan Usaha: -, Kategori: F, KBLI: 42101];;;26/10/2025;UMKM;Dir Pajak;;;invalid;;;FALSE;FALSE;FALSE;;;invalid;;;;;;gunung raya mandiri;1;1;1;GUNUNG RAYA MANDIRI, CV;JL SULTAN HASANUDDIN;jl sultan hasanuddin;195;42;gunung raya mandiri jl sultan hasanuddin kbli42;4;0;1;0;Duplikat;JL SULTAN HASANUDDIN;0;0;;;0;6401040004_0_0;;;0;;0;0;0;0;;
8769;6396195;DIHYANINDO HASTA PERSADA, PT;JL RM NOTO SUNARDI;6401040004;64;1;40;4;KALIMANTAN TIMUR;PASER;TANAH GROGOT;TANAH GROGOT;eyJpdiI6IkIyQ3huaXpHYmdIdys0Mnd4Wi9iamc9PSIsInZhbHVlIjoid2lNcUMzM1B6K2ZZN0NnYmVVNloyUT09IiwibWFjIjoiMWI4YzZlOTg2ZWMwMGYyNTY5MjllNjg2M2MzNDgzNDJiZjExYTc3MTRkNzcwYzlmMWRhN2FiNTBkNWI1ODM0YyIsInRhZyI6IiJ9;;[Kegiatan Usaha: -, Kategori: F, KBLI: -];;;26/10/2025;UMKM;;;;invalid;;;FALSE;FALSE;FALSE;;;invalid;;;;;;dihyanindo hasta persada;0.931891833;1;4;DIHYANINDO HASTA PERSADA;JL RM. NOTO SUNARDI;jl rm noto sunardi;204;0;dihyanindo hasta persada jl rm noto sunardi kbli00;4;0;0;0;Duplikat;JL RM NOTO SUNARDI;0;0;;;0;6401040004_0_0;;;0;;0;0;0;0;;
8804;3876826;BUANA MANDIRI;JL. K.H AGUS SALIM 69 KELAKAI;6401040004;64;1;40;4;KALIMANTAN TIMUR;PASER;TANAH GROGOT;TANAH GROGOT;eyJpdiI6IjdLS1ZNVW9Eanh1c0YreXdUODBvU3c9PSIsInZhbHVlIjoiNUxOdE1sNEY2T2F1SSs2ZGtqazc0QT09IiwibWFjIjoiZTkyNzc4NzFmOGUwZWVlOGI0OTJjZDE2NDNhMzE5ZTAyNjEwNWM5ODljMDE4Nzc3Njk0YTRkMmUxOGJiMjVkZSIsInRhZyI6IiJ9;;[Kegiatan Usaha: -, Kategori: F, KBLI: 42101];;;28/06/2025;UMKM;Dir Pajak;;;invalid;;;FALSE;FALSE;FALSE;;;invalid;;;;;;buana mandiri;0.864283438;1;1;BUANA MANDIRI, CV;JL KH AGUS SALIM GG KELAKAI A NO 1;jl k h agus salim 69 kelakai;206;42;buana mandiri jl k h agus salim 69 kelakai kbli42;4;0;1;0;Duplikat;JL KH AGUS SALIM 69 KELAKAI;0;0;;;0;6401040004_0_0;;;0;;0;0;0;0;;
8856;6395943;HIDAYAH, CV;JL PADAT KARYA NO.2 TANAH GROGOT;6401040004;64;1;40;4;KALIMANTAN TIMUR;PASER;TANAH GROGOT;TANAH GROGOT;eyJpdiI6IjRZZWZzNDdnY1Vyak9QQjZsVGZMWVE9PSIsInZhbHVlIjoici9TaWZHbExubVZQZE05Y1FoUXJWQT09IiwibWFjIjoiMzJiODhhNGUyZmIwYzhkOGVkMDUwYmExY2E3NzQ3YzgxNjhmOTZjODhmNjg3M2EzZmIyZTYzZTk3N2I1ZWE3OSIsInRhZyI6IiJ9;;[Kegiatan Usaha: -, Kategori: F, KBLI: 41000];;;15/12/2025;UMKM;;;;invalid;;;FALSE;FALSE;TRUE;;;invalid;;;;;;hidayah;0.940670957;1;4;HIDAYAH;JL. PADAT KARYA RT. 03 RW 02, TANAH GROGOT;jl padat karya no 2 tanah grogot;209;41;hidayah jl padat karya no 2 tanah grogot kbli41;4;0;1;0;Tidak Ditemukan;JL PADAT KARYA NO2 TANAH GROGOT;0;0;;;0;6401040004_0_0;;;0;;0;0;0;0;;
8882;6395834;MITRA PERKASA, CV;JL ANDEN OKO, TANAH GROGOT;6401040004;64;1;40;4;KALIMANTAN TIMUR;PASER;TANAH GROGOT;TANAH GROGOT;eyJpdiI6IkVoclYzME4vNUJZREZBeUsvYmZIUEE9PSIsInZhbHVlIjoiaTFKN3l3YTg0U2FOY09naEEvTUNvUT09IiwibWFjIjoiOTAyYzc2NDQwNjczODA1YjlhMGZkZWU0ZWE4YTE3ZWFhMWJiOGM1ZmQ4NTQ1MzBhNWQ4NmMzNGVhMTUzNjU3ZSIsInRhZyI6IiJ9;;[Kegiatan Usaha: -, Kategori: F, KBLI: 41000];;;15/12/2025;UMKM;;;;invalid;;;FALSE;FALSE;TRUE;;;invalid;;;;;;mitra perkasa;0.834210352;1;4;MITRA PERKASA;JALAN ANDEN OKO;jl anden oko tanah grogot;210;41;mitra perkasa jl anden oko tanah grogot kbli41;4;0;1;0;Tidak Ditemukan;JL ANDEN OKO TANAH GROGOT;0;0;;;0;6401040004_0_0;;;0;;0;0;0;0;;
9068;3998355;INDOMARCO PRISMATAMA;JALAN PADAT KARYA;6401040004;64;1;40;4;KALIMANTAN TIMUR;PASER;TANAH GROGOT;TANAH GROGOT;eyJpdiI6InVKbm1YckE2TGV6SWVHZ2Q5SWJQbmc9PSIsInZhbHVlIjoiNW0yb0hJKyt2UGlMNEovc0hWTzNCdz09IiwibWFjIjoiMGNiMDFkN2QxMjdhYmJkYzA0NTI3Mjc0NDFmODI3N2VjMWQwZGY3MTI1ZGRjNWJmZTg4Yzc1ZTUxMWRiMGIxMSIsInRhZyI6IiJ9;;[Kegiatan Usaha: -, Kategori: G, KBLI: 46339];;;26/10/2025;UMKM;Dir Pajak;;;invalid;;;FALSE;FALSE;FALSE;;;invalid;;;;;;indomarco prismatama;0.803505625;1;1;INDOMARCO PRISMATAMA;JALAN MODANG;jalan padat karya;218;46;indomarco prismatama jalan padat karya kbli46;4;0;1;0;Duplikat;JALAN PADAT KARYA;0;0;;;0;6401040004_0_0;;;0;;0;0;0;0;;
9071;4088683;INDOMARCO PRISMATAMA;JALAN MODANG;6401040004;64;1;40;4;KALIMANTAN TIMUR;PASER;TANAH GROGOT;TANAH GROGOT;eyJpdiI6IkNtQ0RNdEdzUW1ZTVNsN2RHc3lSU2c9PSIsInZhbHVlIjoiKzVNOWRSeld5di93OWVaV2xmeXRMUT09IiwibWFjIjoiYWI5Y2NhNDE5Yjg0MGI4NmJkZmFkMDQyMDQ0YWQ0NGI3ZTc5YjRmZDM4NTNjYWJhYTQ3YzE5OTExYzA3NzUyZSIsInRhZyI6IiJ9;;[Kegiatan Usaha: -, Kategori: G, KBLI: 46339];;;26/10/2025;UMKM;Dir Pajak;;;invalid;;;FALSE;FALSE;FALSE;;;invalid;;;;;;indomarco prismatama;0.803505625;1;4;INDOMARCO PRISMATAMA;JALAN PADAT KARYA;jalan modang;218;46;indomarco prismatama jalan modang kbli46;4;0;1;0;Duplikat;JALAN MODANG;0;0;;;0;6401040004_0_0;;;0;;0;0;0;0;;
9111;6396004;KARUNIA JAYA, CV;JL MODANG GG DAMAI;6401040004;64;1;40;4;KALIMANTAN TIMUR;PASER;TANAH GROGOT;TANAH GROGOT;eyJpdiI6IkJCb0lYblRVTExZMXNDdEtRbHpYN2c9PSIsInZhbHVlIjoieGprY2RlbHBYS0lPeWNaYVJFTVN0QT09IiwibWFjIjoiNzkyOTI4ZGU0MWJkNzdkZDZkMDE5NDI2NTI0YmQ2NTFjZTAyZjA5Mzk0YTQ1NjIyYTc2NDA0NDBmYzdhNzQwZiIsInRhZyI6IiJ9;;[Kegiatan Usaha: -, Kategori: F, KBLI: -];;;28/06/2025;UMKM;;-1.913622;116.193969;valid;;;FALSE;FALSE;FALSE;;;invalid;;;;;;karunia jaya;0.892754424;1;4;KARUNIA JAYA, CV;JL. MODANG GG. DAMAI;jl modang gg damai;221;0;karunia jaya jl modang gg damai kbli00;4;0;1;0;Duplikat;JL MODANG GG DAMAI;0;0;;;0;6401040004_0_0;;;0;;1;1;0;0;-1.913622;116.193969
9154;4262763;ABBAS PUTRA JAYA;JL.YOS SUDARSO RT.004/02                          , TANAH GROGOT;6401040004;64;1;40;4;KALIMANTAN TIMUR;PASER;TANAH GROGOT;TANAH GROGOT;eyJpdiI6IlQ3OUh6cVlKRXM2ckZNUDUzY0hZTFE9PSIsInZhbHVlIjoibzRDUnhYcVF3eGVuanNjcVZMWTlIUT09IiwibWFjIjoiNzZlOTk2NGZiNmFiZDY3MTYwMDZhZWUyNzY0NWYzZGJjODExOTMzNDQ5MDVhZmM5MDRjZjFlODJiMWQzYTRmNiIsInRhZyI6IiJ9;;[Kegiatan Usaha: -, Kategori: G, KBLI: 46100];;;31/10/2024;UMKM;Dir Pajak;;;invalid;;;FALSE;FALSE;TRUE;;;invalid;;;;;;abbas putra jaya;0.848303977;1;1;ABBAS PUTRA JAYA, CV;JL YOS SUDARSO TANAH GROGOT;jl yos sudarso rt 004 02 tanah grogot;224;46;abbas putra jaya jl yos sudarso rt 004 02 tanah grogot kbli46;3;0;1;0;Tutup;JLYOS SUDARSO RT00402 TANAH GROGOT;4;2;;;0;6401040004_4_2;-1.91883;116.196349;0;;0;0;1;1;-1.91883;116.196349
9172;6395913;ABBAS PUTRA JAYA, CV;JL YOS SUDARSO TANAH GROGOT;6401040004;64;1;40;4;KALIMANTAN TIMUR;PASER;TANAH GROGOT;TANAH GROGOT;eyJpdiI6IjUxTk1iTWVidU54ckdGaXd5YXE3dGc9PSIsInZhbHVlIjoiaHpXSHE3Sldnd2VtQ0cvUkRyY0plUT09IiwibWFjIjoiZGZhZjA0NWM3NDAwMTI3ZmY3NmIzMDg2Y2U4YTMzMzBjMzJlYjZjYzk4NWQyMGU4YWRhYjdjNjhhYTIyMTIzNiIsInRhZyI6IiJ9;;[Kegiatan Usaha: -, Kategori: F, KBLI: 41000];;;15/12/2025;UMKM;;;;invalid;;;FALSE;FALSE;TRUE;;;invalid;;;;;;abbas putra jaya;0.848303977;1;4;ABBAS PUTRA JAYA;JL.YOS SUDARSO RT.004/02                          , TANAH GROGOT;jl yos sudarso tanah grogot;224;41;abbas putra jaya jl yos sudarso tanah grogot kbli41;4;0;1;0;Tidak Ditemukan;JL YOS SUDARSO TANAH GROGOT;0;0;;;0;6401040004_0_0;;;0;;0;0;0;0;;
9328;6396170;KRAMA SRIYA INDAH, CV;JL DI PANJAITAN NO 82;6401040004;64;1;40;4;KALIMANTAN TIMUR;PASER;TANAH GROGOT;TANAH GROGOT;eyJpdiI6InNLUUo0ZWRNNzZXVXhZNHU1dGhvY2c9PSIsInZhbHVlIjoibTBUWk5Jbnd4KzlIZkc1SFIyZG5hdz09IiwibWFjIjoiMjhmOTY5Njk2ZTI2NjdkMTQ5Y2ZiN2M5ZmNkZGU2MDY3MGJkNmUzYjU0MjJkOGJlZmI3Mjc2N2EzNzg5NmJjNyIsInRhZyI6IiJ9;;[Kegiatan Usaha: -, Kategori: F, KBLI: 41011];;;01/11/2025;UMKM;;;;invalid;;;FALSE;FALSE;FALSE;;;invalid;;;;;;krama sriya indah;0.810610436;1;4;KRAMA SRIYA INDAH;Jl. D.I Panjaitan Gang Jahra Rt. 017 /004;jl di panjaitan no 82;227;41;krama sriya indah jl di panjaitan no 82 kbli41;4;0;1;0;Duplikat;JL DI PANJAITAN NO 82;0;0;;;0;6401040004_0_0;;;0;;0;0;0;0;;
9341;6395803;HUFFI AQLI BERSAUDARA, CV;JL K.H. AHMAD DAHLAN TANAH GROGOT;6401040004;64;1;40;4;KALIMANTAN TIMUR;PASER;TANAH GROGOT;TANAH GROGOT;eyJpdiI6ImRvZ1dkV05ScENCc0EyK0cvUFRuSWc9PSIsInZhbHVlIjoiejNnOEI5SHd6aUZWRzZGNWgwMzBDdz09IiwibWFjIjoiOGFlYTcyNTkyYjUxNWFiNjc1YjQ2YzAyZDIwZDNjM2MxM2Y0ZDY0NjQ0MzJjNTc5ZWQ0OTJiYTFkOGUxZjZjMCIsInRhZyI6IiJ9;;[Kegiatan Usaha: -, Kategori: F, KBLI: 41000];;;15/12/2025;UMKM;;;;invalid;;;FALSE;FALSE;TRUE;;;invalid;;;;;;huffi aqli bersaudara;0.892993504;1;4;HUFFI AQLI BERSAUDARA;JL.KH.AHMAD DAHLAN, TANAH GROGOT;jl k h ahmad dahlan tanah grogot;228;41;huffi aqli bersaudara jl k h ahmad dahlan tanah grogot kbli41;4;0;1;0;Tidak Ditemukan;JL KH AHMAD DAHLAN TANAH GROGOT;0;0;;;0;6401040004_0_0;;;0;;0;0;0;0;;
9370;6395854;PRISMA KONSULTAN, CV;JL KAPTEN PIERE TENDEAN NO.107 TANAH GROGOT;6401040004;64;1;40;4;KALIMANTAN TIMUR;PASER;TANAH GROGOT;TANAH GROGOT;eyJpdiI6Ik5PcU1KK3ZITlAzVFFvVzUxN2ltM1E9PSIsInZhbHVlIjoiZTVjdmZjMHBSYlZtODJuTWF0M2NUZz09IiwibWFjIjoiNzk1OTRjMmIzMWUyZjFjY2U3NjBhNzA1OTEyOTEzYjJlMjMyMTg3MDE1ODgzMjYxNzBhZmY0YmEyZDY3ZTQyNSIsInRhZyI6IiJ9;;[Kegiatan Usaha: -, Kategori: F, KBLI: 41000];;;15/12/2025;UMKM;;;;invalid;;;FALSE;FALSE;TRUE;;;invalid;;;;;;prisma konsultan;0.874927875;1;4;PRISMA KONSULTAN;JL. PIERE TENDEAN NO.33 RT.05 RW.004, TANAH GROGOT;jl kapten piere tendean no 107 tanah grogot;229;41;prisma konsultan jl kapten piere tendean no 107 tanah grogot kbli41;4;0;1;0;Tutup;JL KAPTEN PIERE TENDEAN NO107 TANAH GROGOT;0;0;;;0;6401040004_0_0;;;0;;0;0;0;0;;
9406;6395871;SAMI MAKMUR, CV;JL GAJAH MADA GG.DAHLIA TANAH GROGOT;6401040004;64;1;40;4;KALIMANTAN TIMUR;PASER;TANAH GROGOT;TANAH GROGOT;eyJpdiI6Ik5XN0RIdVFDL3hGaXROT1g4NkE0cnc9PSIsInZhbHVlIjoiK0E1RnJIRlJydWdzczNrK3RIV3MvZz09IiwibWFjIjoiZjQ0Nzk1YTBlYjRmZDI4N2ZkMGNjNGNiMjNmMjY5ODQxYzc0YmQwNDMzZGExNmQzNmI4ZDc2MTc4ZjZhMTMwMyIsInRhZyI6IiJ9;;[Kegiatan Usaha: -, Kategori: F, KBLI: 41000];;;15/12/2025;UMKM;;;;invalid;;;FALSE;FALSE;TRUE;;;invalid;;;;;;sami makmur;0.89253485;1;4;SAMI MAKMUR;JL. GAJAH MADA GG.DAHLIA RT.03 RW.03, TANAH GROGOT;jl gajah mada gg dahlia tanah grogot;231;41;sami makmur jl gajah mada gg dahlia tanah grogot kbli41;4;0;1;0;Tidak Ditemukan;JL GAJAH MADA GGDAHLIA TANAH GROGOT;0;0;;;0;6401040004_0_0;;;0;;0;0;0;0;;
9429;6395961;NURINDO, CV;JL RA. KARTINI GG.15 JUNI TANAH GROGOT;6401040004;64;1;40;4;KALIMANTAN TIMUR;PASER;TANAH GROGOT;TANAH GROGOT;eyJpdiI6IjQycFQ2THhPR1daaTJwazJIQ1d1c3c9PSIsInZhbHVlIjoicS9DNXgxbUhBLzNjZ2k0N1luNitSUT09IiwibWFjIjoiMTQ1NWQyZDg1ZDcyMTFmNmZjM2FhZGE1M2NlMjY0MGI3ZTVhZWVkMzZlNWJiMTY5M2E0NGU3NWM5MGYwMjgwMCIsInRhZyI6IiJ9;;[Kegiatan Usaha: -, Kategori: F, KBLI: 41000];;;15/12/2025;UMKM;;;;invalid;;;FALSE;FALSE;TRUE;;;invalid;;;;;;nurindo;0.808723856;1;4;NURINDO;JL.RA.KARTINI GG.15 JUNI RT.002 /003, TANAH GROGOT;jl ra kartini gg 15 juni tanah grogot;233;41;nurindo jl ra kartini gg 15 juni tanah grogot kbli41;4;0;1;0;Tidak Ditemukan;JL RA KARTINI GG15 JUNI TANAH GROGOT;0;0;;;0;6401040004_0_0;;;0;;0;0;0;0;;
9455;6395832;MIRA BAKTI, CV;JL KAPTEN PIERE TENDEAN;6401040004;64;1;40;4;KALIMANTAN TIMUR;PASER;TANAH GROGOT;TANAH GROGOT;eyJpdiI6Ii9yU1BEby9BR3FrdUxmZTFVWGpOZEE9PSIsInZhbHVlIjoiY1MydzQ5dzJtUjd6czl2ZnE5aWtxdz09IiwibWFjIjoiMGQ5YjBkMmY5ODIwMDEwMGU0ZWE3NGVmMTQ5ZmUxOTU2NmVkNmIxYWUxYWE2ZGY4M2I3ZGNlMjQ3NmRiYjJkMiIsInRhZyI6IiJ9;;[Kegiatan Usaha: -, Kategori: F, KBLI: 41000];;;15/12/2025;UMKM;;;;invalid;;;FALSE;FALSE;TRUE;;;invalid;;;;;;mira bakti;0.890440237;1;4;RIA BAKTI;JL KAPTEN PIERE TENDEAN no. 33;jl kapten piere tendean;234;41;mira bakti jl kapten piere tendean kbli41;4;0;1;0;Tutup;JL KAPTEN PIERE TENDEAN;0;0;;;0;6401040004_0_0;;;0;;0;0;0;0;;
9461;6395853;PRIMA EKA CIPTA, CV;JL GAJAH MADA NO 32 TANAH GROGOT;6401040004;64;1;40;4;KALIMANTAN TIMUR;PASER;TANAH GROGOT;TANAH GROGOT;eyJpdiI6ImIrZkZlWDh1N2lnaW1HMTIwcnUrSlE9PSIsInZhbHVlIjoiUWErTFFhZjBIYjUxRzN1MUllOWxxUT09IiwibWFjIjoiZTNlNDZmM2Q1MDJlMzdmZjhkMmM5MzdiOTNhNGJiMWNkNDA3NTdjNWRjMjUxZDRiY2MxYTJkYmM0ODAyMTlmOSIsInRhZyI6IiJ9;;[Kegiatan Usaha: -, Kategori: F, KBLI: 41000];;;15/12/2025;UMKM;;;;invalid;;;FALSE;FALSE;TRUE;;;invalid;;;;;;prima eka cipta;0.863180093;1;4;PRIMA EKA CIPTA;Jl. Gajah Mada No. 23 Rt.003;jl gajah mada no 32 tanah grogot;235;41;prima eka cipta jl gajah mada no 32 tanah grogot kbli41;4;0;0;0;Tidak Ditemukan;JL GAJAH MADA NO 32 TANAH GROGOT;0;0;;;0;6401040004_0_0;;;0;;0;0;0;0;;
9480;6395947;KARYA SUBUR UTAMA, CV;JL P. SINGA MAULANA NO 1;6401040004;64;1;40;4;KALIMANTAN TIMUR;PASER;TANAH GROGOT;TANAH GROGOT;eyJpdiI6Ikh0bjIzVFpsOHEvL1NtVXdTK1YwRUE9PSIsInZhbHVlIjoiTFVabXZveWpyMFNpeFF5TkpFc0R1UT09IiwibWFjIjoiNTQxYzE2Zjk5NjRhMGViOWVmYjQxMjRhZmVmYWMxMmM0NTYxOGRjM2VlNzY4YzJmNjlmNzE5OWVjNjllNjg5ZiIsInRhZyI6IiJ9;;[Kegiatan Usaha: -, Kategori: F, KBLI: 41000];;;15/12/2025;UMKM;;;;invalid;;;FALSE;FALSE;TRUE;;;invalid;;;;;;karya subur utama;0.803696438;1;4;NUANSA UTAMA;JL.P.SINGA MAULANA;jl p singa maulana no 1;236;41;karya subur utama jl p singa maulana no 1 kbli41;4;0;1;0;Tidak Ditemukan;JL P SINGA MAULANA NO 1;0;0;;;0;6401040004_0_0;;;0;;0;0;0;0;;
9498;4455703;RIZKY;JL.YOS SUDARSO RT.06 RW.01, TANAH GROGOT;6401040004;64;1;40;4;KALIMANTAN TIMUR;PASER;TANAH GROGOT;TANAH GROGOT;eyJpdiI6Ii9KWDFxaFBiOHlGTms1YTlUd3BSMkE9PSIsInZhbHVlIjoiRWdpZENKYk9ZU3BKelJqbW1JeXZuQT09IiwibWFjIjoiNTQwMzgwNmY3NmE0OTEwZTM4ZGJhNjc4ZmQ0OTA2MGU4NmY0YTZjMzNiM2ZmMTU0ODdmMTI4NzFiYTZkZWE5YiIsInRhZyI6IiJ9;;[Kegiatan Usaha: -, Kategori: F, KBLI: 41012];;;31/10/2024;UMKM;Dir Pajak;;;invalid;;;FALSE;FALSE;TRUE;;;invalid;;;;;;rizky;0.801351957;1;1;RIZKY, CV;JL YOS SUDARSO;jl yos sudarso rt 06 rw 01 tanah grogot;238;41;rizky jl yos sudarso rt 06 rw 01 tanah grogot kbli41;99;0;1;0;Tidak Ditemukan;JLYOS SUDARSO RT06 RW01 TANAH GROGOT;6;1;;;0;6401040004_6_1;;;0;;0;0;0;0;;
9505;6395867;RIZKY, CV;JL YOS SUDARSO;6401040004;64;1;40;4;KALIMANTAN TIMUR;PASER;TANAH GROGOT;TANAH GROGOT;eyJpdiI6ImtDME05SDdSSHhDT3hDSVc4TjNFWEE9PSIsInZhbHVlIjoiRDV1Wmwzb2traDNzRHEwcW42YjBJZz09IiwibWFjIjoiYzgzOGQ4M2U0NzljZDNhMjM3NWM2MGY3YzRhZmZhY2FkM2I5MzU1MzliMWY1ODIzZDllZjg0NzJlZTc3MWMxZSIsInRhZyI6IiJ9;;[Kegiatan Usaha: -, Kategori: F, KBLI: 42];;;15/12/2025;UMKM;;;;invalid;;;FALSE;FALSE;TRUE;;;invalid;;;;;;rizky;0.801351957;1;4;RIZKY;JL.YOS SUDARSO RT.06 RW.01, TANAH GROGOT;jl yos sudarso;238;42;rizky jl yos sudarso kbli42;4;0;1;0;Tidak Ditemukan;JL YOS SUDARSO;0;0;;;0;6401040004_0_0;;;0;;0;0;0;0;;
9522;6395976;TRUBUS BARU, CV;JL P.SINGA MAULANA NO 27 TANAH GROGOT;6401040004;64;1;40;4;KALIMANTAN TIMUR;PASER;TANAH GROGOT;TANAH GROGOT;eyJpdiI6ImYrQzgrUGIraU1CbEpJVlB0NVczYXc9PSIsInZhbHVlIjoiZXlTblRSeTB3cUZ2VHd6Q1JGczVxQT09IiwibWFjIjoiZmZiMDU4MjMxNDljODc0ZGNlZjBlZWE0ZmU3NjU1ZmQzZWNlZjgzNTRlMTczOGQzYzhmYmRlYzdhMTExMDc4MyIsInRhZyI6IiJ9;;[Kegiatan Usaha: -, Kategori: F, KBLI: 41000];;;15/12/2025;UMKM;;;;invalid;;;FALSE;FALSE;TRUE;;;invalid;;;;;;trubus baru;0.822008705;1;4;TRUBUS BARU;JL SINGA MAULANA NO 27 RT 02 RW 03;jl p singa maulana no 27 tanah grogot;239;41;trubus baru jl p singa maulana no 27 tanah grogot kbli41;4;0;1;0;Tidak Ditemukan;JL PSINGA MAULANA NO 27 TANAH GROGOT;0;0;;1;0;6401040004_0_0;;;0;;0;0;0;0;;
9575;6395820;KARYA TAKA CONT, CV;JL GAJAH MADA;6401040004;64;1;40;4;KALIMANTAN TIMUR;PASER;TANAH GROGOT;TANAH GROGOT;eyJpdiI6IlMwZ2xTOGhhY2dxdVNPSjQ0QmEzVWc9PSIsInZhbHVlIjoiMW1sQy9DcFJESGM4L0k5S2tTRkNLQT09IiwibWFjIjoiYjFkYTA0MTRjZWEwMTE5ZmQ3YTNlMTcxOTdmMDgyYThkMjdkMzI4ZGFlZjM1ZWY2MDQ2ZTZiMTA1ODRjNDhjNiIsInRhZyI6IiJ9;;[Kegiatan Usaha: -, Kategori: F, KBLI: 41000];;;15/12/2025;UMKM;;;;invalid;;;FALSE;FALSE;TRUE;;;invalid;;;;;;karya taka cont;0.829820647;1;4;KARYA TAKA CONT;JALAN GAJAH MADA;jl gajah mada;242;41;karya taka cont jl gajah mada kbli41;4;0;1;0;Tidak Ditemukan;JL GAJAH MADA;0;0;;;0;6401040004_0_0;;;0;;0;0;0;0;;
9584;4582798;RAKHA KONSTRUKSI NUSANTARA;JL.GAJAH MADA;6401040004;64;1;40;4;KALIMANTAN TIMUR;PASER;TANAH GROGOT;TANAH GROGOT;eyJpdiI6IlBkSDRIa3RxQ3dVbllURXBIc2RIWUE9PSIsInZhbHVlIjoicjVFcjFIZjJkcEIvUVBGU2NFd3RSdz09IiwibWFjIjoiNjQxMjNmYTExNWZlODY5ZTAzYmU3M2UyZDg5MGI3ZjcyNjI2YWJhOGU2NTU0YmYyYWJhYTE1ODhiNzUwMTJhOCIsInRhZyI6IiJ9;;[Kegiatan Usaha: -, Kategori: F, KBLI: 42918];;;26/10/2025;UMKM;Dir Pajak;;;invalid;;;FALSE;FALSE;FALSE;;;invalid;;;;;;rakha konstruksi nusantara;0.882572853;1;1;RAKHA KONSTRUKSI NUSANTARA, PT;Jl. Gajah Mada Rt. 003 Rw. 003 No. 32;jl gajah mada;243;42;rakha konstruksi nusantara jl gajah mada kbli42;4;0;1;0;Duplikat;JLGAJAH MADA;0;0;;;0;6401040004_0_0;;;0;;0;0;0;0;;
9609;4591660;LA` TAHZAN;JALAN DR CIPTO MANGUN KUSUMO;6401040004;64;1;40;4;KALIMANTAN TIMUR;PASER;TANAH GROGOT;TANAH GROGOT;eyJpdiI6ImlZQmZwVk45U0dEVEViaDVRNFpIM1E9PSIsInZhbHVlIjoiQ0E3WjY1Y1ZQVWFkcWxPcnRoOFZJZz09IiwibWFjIjoiMzMzYzcwOWEwY2JhMmM4ZGZiY2NmZmU3Mjk3ZWVkM2Y0Y2M0MDk1MDQyZDI4YWJkZGYzOThjNDRkMmEzOTZjZSIsInRhZyI6IiJ9;;[Kegiatan Usaha: -, Kategori: G, KBLI: 47773];;;15/05/2025;UMKM;Dir Pajak;;;invalid;;;FALSE;FALSE;FALSE;;;invalid;;;;;;la tahzan;0.820766114;1;1;FAZA ARIFFA;JL. DR. CIPTO MANGUN KUSUMO RT. 4 RW. 4;jalan dr cipto mangun kusumo;244;47;la tahzan jalan dr cipto mangun kusumo kbli47;4;0;1;0;Duplikat;JALAN DR CIPTO MANGUN KUSUMO;0;0;;;0;6401040004_0_0;;;0;;0;0;0;0;;
10064;6085856;SURYA JAYA ELEKTRONIK;JL. ANDEN OKO;6401040004;64;1;40;4;KALIMANTAN TIMUR;PASER;TANAH GROGOT;TANAH GROGOT;eyJpdiI6IkNnSCtvdVVpKzVQbENUUW42c0dJWEE9PSIsInZhbHVlIjoiMTVHVHprNldBTCtudnNHN0VGM0RSQT09IiwibWFjIjoiNTk5NTRlNzQ0MjQ3NjYxZDEyNDljZDAzYjhjMDU2NmYwODUzYTZhZDQyMDk3OTQxMTNhMmY1ZTc1OTI2YTBkMCIsInRhZyI6IiJ9;;[Kegiatan Usaha: PENYEDIA JASA SERVICE, Kategori: S, KBLI: 95220];;;05/02/2025;UMKM;;;;invalid;;;FALSE;FALSE;FALSE;;;invalid;;;;;;surya jaya elektronik;0.850394187;1;1;Surya Jaya elektronik, Pendingin servis;JL. ANDEN OKO;jl anden oko;267;95;surya jaya elektronik jl anden oko kbli95;4;0;1;0;Duplikat;JL ANDEN OKO;0;0;;;0;6401040004_0_0;;;0;;0;0;0;0;;
10076;6085861;WARUNG SEDERHANA;JL. MODANG;6401040004;64;1;40;4;KALIMANTAN TIMUR;PASER;TANAH GROGOT;TANAH GROGOT;eyJpdiI6IldQYUxQcUJ4S284K01xWkRTaTdBQ3c9PSIsInZhbHVlIjoiVWhhOW8zUzBDSUttMk1qR2FFQS9HUT09IiwibWFjIjoiMjFjZjRmM2IwN2U3NGExYjc4ZmU3MzU0YTQxZjM0NzEzZjkzZTNhMTBjYjZiN2ExNjBlODViZDc1M2U2MzM5YyIsInRhZyI6IiJ9;;[Kegiatan Usaha: WARUNG MAKAN, Kategori: I, KBLI: 56102];;;26/10/2025;UMKM;;;;invalid;;;FALSE;FALSE;TRUE;;;invalid;;;;;;sederhana;0.920239742;1;1;RM SEDERHANA;JALAN MODANG;jl modang;268;56;sederhana jl modang kbli56;99;0;1;0;Tidak Ditemukan;JL MODANG;0;0;;;0;6401040004_0_0;;;0;;0;0;0;0;;
10088;6615850;RM SEDERHANA;JALAN MODANG;6401040004;64;1;40;4;KALIMANTAN TIMUR;PASER;TANAH GROGOT;TANAH GROGOT;eyJpdiI6IklDSHBHQ2VuWkFnaCtabnVmZzdweWc9PSIsInZhbHVlIjoiajZ4RFNkQ1NsZUpmZ3lsMlN5Y2s3QT09IiwibWFjIjoiZTkxZjQ1MDZmMDdlZjM3MzM2YTcyYjczYTZmNjM0OTYzNDcyYjc3NTk5Yzk1MWZhMWJmYzQ3NWEwMzgxMGE2NSIsInRhZyI6IiJ9;;[Kegiatan Usaha: PENYEDIA MENU MAKANAN DAN MINUMAN, Kategori: I, KBLI: 56102];;;26/10/2025;;;;;invalid;;;FALSE;FALSE;TRUE;;;invalid;;;;;;rm sederhana;0.920239742;1;4;WARUNG SEDERHANA;JL. MODANG;jalan modang;268;56;rm sederhana jalan modang kbli56;4;0;1;0;Tidak Ditemukan;JALAN MODANG;0;0;;;0;6401040004_0_0;;;0;;0;0;0;0;;
10097;6395780;CITRA CIPTA CONSULTANT, CV;JL JEND. SUDIRMAN NO 23 LT. 2 TANAH GROGOT;6401040004;64;1;40;4;KALIMANTAN TIMUR;PASER;TANAH GROGOT;TANAH GROGOT;eyJpdiI6ImlydzFZSVlPcEgzZS9EWnlpQ01DcUE9PSIsInZhbHVlIjoiZFR0UnVKZVNWZ2I4SU5IaEhoWXZVUT09IiwibWFjIjoiNTg1Y2NkY2I0YzIzZmI4ZmQ4NDVjYWZkZjY2NWUxNDJkOGU1ZjE3NDFiMjhjNWZiM2ZkYmI4NTRjNDcwZjVlOCIsInRhZyI6IiJ9;;[Kegiatan Usaha: -, Kategori: F, KBLI: 41000];;;15/12/2025;UMKM;;;;invalid;;;FALSE;FALSE;TRUE;;;invalid;;;;;;citra cipta consultant;0.858761173;1;1;CITRA MITRA CONSULTANT, CV;JL JEND. SUDIRMAN NO 23 LT. II TANAH GROGOT;jl jend sudirman no 23 lt 2 tanah grogot;269;41;citra cipta consultant jl jend sudirman no 23 lt 2 tanah grogot kbli41;99;0;0;0;Tidak Ditemukan;JL JEND SUDIRMAN NO 23 LT 2 TANAH GROGOT;0;0;;;0;6401040004_0_0;;;0;;0;0;0;0;;
10118;6395783;CITRA MITRA CONSULTANT, CV;JL JEND. SUDIRMAN NO 23 LT. II TANAH GROGOT;6401040004;64;1;40;4;KALIMANTAN TIMUR;PASER;TANAH GROGOT;TANAH GROGOT;eyJpdiI6ImNKakJIeHdBc3dRY1Y0aHBNSFVCdGc9PSIsInZhbHVlIjoiN1lzbzNvUjZ6enR0UWdrbURMQ3R5Zz09IiwibWFjIjoiN2I2YzhiYmYwMDNlZTk5YWE4ZTI4ZjI5NDk0M2VjYzhiZjM0YmVmNTEwZGE0MWM3MzkxMWNhMGVkN2ExOTMyNSIsInRhZyI6IiJ9;;[Kegiatan Usaha: -, Kategori: F, KBLI: 41000];;;15/12/2025;UMKM;;;;invalid;;;FALSE;FALSE;TRUE;;;invalid;;;;;;citra mitra consultant;0.858761173;1;4;CITRA CIPTA CONSULTANT, CV;JL JEND. SUDIRMAN NO 23 LT. 2 TANAH GROGOT;jl jend sudirman no 23 lt ii tanah grogot;269;41;citra mitra consultant jl jend sudirman no 23 lt ii tanah grogot kbli41;4;0;1;0;Tidak Ditemukan;JL JEND SUDIRMAN NO 23 LT II TANAH GROGOT;0;0;;;0;6401040004_0_0;;;0;;0;0;0;0;;
10126;6395855;PUPAR, CV;JL JEND. SUDIRMAN TANAH GROGOT;6401040004;64;1;40;4;KALIMANTAN TIMUR;PASER;TANAH GROGOT;TANAH GROGOT;eyJpdiI6IlBwbGFIeTNuTkhwQmYrZFh3U0paeUE9PSIsInZhbHVlIjoiZDBXU0lPVjQwbzIzTTVxdFg3RXNaUT09IiwibWFjIjoiZmJhNDQxNTYzNTNiNzVhYjIxNGNhYTE1OGM0ZTNmMWFkZjcxZGMzNzExMzgyZmI2YTc1MTdlNDRkMTY2MGM3OCIsInRhZyI6IiJ9;;[Kegiatan Usaha: -, Kategori: F, KBLI: 41000];;;24/12/2025;UMKM;;;;invalid;;;FALSE;FALSE;TRUE;;;invalid;;;;;;pupar;0.86033014;1;1;TUO, CV;JL JEND. SUDIRMAN NO.32 TANAH GROGOT;jl jend sudirman tanah grogot;270;41;pupar jl jend sudirman tanah grogot kbli41;99;0;1;0;Tidak Ditemukan;JL JEND SUDIRMAN TANAH GROGOT;0;0;;;0;6401040004_0_0;;;0;;0;0;0;0;;
10159;6395892;TUO, CV;JL JEND. SUDIRMAN NO.32 TANAH GROGOT;6401040004;64;1;40;4;KALIMANTAN TIMUR;PASER;TANAH GROGOT;TANAH GROGOT;eyJpdiI6Iis4bDN4TDdXTHNaZVVGa0NybkRQSVE9PSIsInZhbHVlIjoiZVdiU0RjOXpoY0dWU05naVVwNU5lQT09IiwibWFjIjoiYTk2ZWU1ZTc0NzNlNjJhNmFhNWY4Yzk5YzZlYTk2YjA2NDMyYmZmZWZlMDU0ZDhmZjdhZDUzMmU3MTE5YmU3NSIsInRhZyI6IiJ9;;[Kegiatan Usaha: -, Kategori: F, KBLI: 41000];;;15/12/2025;UMKM;;;;invalid;;;FALSE;FALSE;TRUE;;;invalid;;;;;;tuo;0.86033014;1;4;PUPAR, CV;JL JEND. SUDIRMAN TANAH GROGOT;jl jend sudirman no 32 tanah grogot;270;41;tuo jl jend sudirman no 32 tanah grogot kbli41;4;0;1;0;Tidak Ditemukan;JL JEND SUDIRMAN NO32 TANAH GROGOT;0;0;;;0;6401040004_0_0;;;0;;0;0;0;0;;
10180;6395934;ENY JAYA, CV;JL ST. ABDURRAHMAN NO.70;6401040004;64;1;40;4;KALIMANTAN TIMUR;PASER;TANAH GROGOT;TANAH GROGOT;eyJpdiI6IkJsYm9PYTNCMHdpZVpRTkdDdzdFN3c9PSIsInZhbHVlIjoib0pFcmlrQVZ2VTIwcDBtSnNlajdjZz09IiwibWFjIjoiNTllOTQ0YzZjMjIyMDcxOGY3NjE5MWIzNTZiYTA1MWIwNzI5ZDEwNTRlMzJhMGJjMmUxYzMyNTJhMGYzZTNjYyIsInRhZyI6IiJ9;;[Kegiatan Usaha: -, Kategori: F, KBLI: 41000];;;15/12/2025;UMKM;;;;invalid;;;FALSE;FALSE;TRUE;;;invalid;;;;;;eny jaya;0.83933164;1;1;KUMALA, CV;JL ST. ABDURRAHMAN NO.04;jl st abdurrahman no 70;271;41;eny jaya jl st abdurrahman no 70 kbli41;99;0;1;0;Tidak Ditemukan;JL ST ABDURRAHMAN NO70;0;0;;;0;6401040004_0_0;;;0;;0;0;0;0;;
10188;6395949;KUMALA, CV;JL ST. ABDURRAHMAN NO.04;6401040004;64;1;40;4;KALIMANTAN TIMUR;PASER;TANAH GROGOT;TANAH GROGOT;eyJpdiI6IkxwWk9pNUlkNCtRdm92NThnMXhqd2c9PSIsInZhbHVlIjoiQUdNNGxvdDg2eEYzWmpWQjlHRDE4UT09IiwibWFjIjoiODE3OTVkOWNhZGM1YzU4MjU0ZWQ4NjJlMjZjNzY3OGUxZGQzODE1MDFlNjg5ZjIyZWUxMzEwNzY4OWI4NzkwMyIsInRhZyI6IiJ9;;[Kegiatan Usaha: -, Kategori: F, KBLI: 41000];;;15/12/2025;UMKM;;;;invalid;;;FALSE;FALSE;TRUE;;;invalid;;;;;;kumala;0.83933164;1;4;ENY JAYA, CV;JL ST. ABDURRAHMAN NO.70;jl st abdurrahman no 04;271;41;kumala jl st abdurrahman no 04 kbli41;4;0;1;0;Tidak Ditemukan;JL ST ABDURRAHMAN NO04;0;0;;;0;6401040004_0_0;;;0;;0;0;0;0;;
10193;6395901;YAFILA, CV;JL KESUMA BANGSA;6401040004;64;1;40;4;KALIMANTAN TIMUR;PASER;TANAH GROGOT;TANAH GROGOT;eyJpdiI6IjYxc2h2ZFB3cS9ZUjZiQVYyUmFobUE9PSIsInZhbHVlIjoiYTVaaThWNmx2eWN1VGZpaGpxeUd6dz09IiwibWFjIjoiZDdiMGY0YzE5YjUyNGY1ZTNlNGZlODdkM2NkZDFmYmI4ZDk3ZmEwNmI2YmJjYmUyYWEwNWFjNGFlNGIzNmMwZSIsInRhZyI6IiJ9;;[Kegiatan Usaha: -, Kategori: F, KBLI: 41000];;;15/12/2025;UMKM;;;;invalid;;;FALSE;FALSE;TRUE;;;invalid;;;;;;yafila;0.850331791;1;1;OLA, CV;JL KESUMA BANGSA;jl kesuma bangsa;272;41;yafila jl kesuma bangsa kbli41;99;0;1;0;Tidak Ditemukan;JL KESUMA BANGSA;0;0;;;0;6401040004_0_0;;;0;;0;0;0;0;;
10252;6615849;PT. CAHAYA MULIA ELEKTRINDO (LISTRIK);JL. PADAT KARYA, TANAH GROGOT;6401040004;64;1;40;4;KALIMANTAN TIMUR;PASER;TANAH GROGOT;TANAH GROGOT;eyJpdiI6InlFZGpabWJBS29ER3BqOFpXRWNoMnc9PSIsInZhbHVlIjoia0hPUVltVUxBSW81aXMzaTNxQkszUT09IiwibWFjIjoiMTg0OGIyYTEzZGIwY2JjMjdmY2ZhZjE3NGM5YWIyOGVhYmE5YTcyZmU3MmQ4NWY1MTQ1NDE0MzI5ZTY4OWQwMSIsInRhZyI6IiJ9;;[Kegiatan Usaha: JASA MECHANICAL ELECTRICAL, Kategori: F, KBLI: 43211];;;26/10/2025;;;;;invalid;;;FALSE;FALSE;FALSE;;;invalid;;;;;;cahaya mulia elektrindo listrik;0.814840163;1;4;CAHAYA MULIA ELEKTRINDO, PT;JL PADAT KARYA;jl padat karya tanah grogot;275;43;cahaya mulia elektrindo listrik jl padat karya tanah grogot kbli43;4;0;0;0;Duplikat;JL PADAT KARYA TANAH GROGOT;0;0;;;0;6401040004_0_0;;;0;;0;0;0;0;;
10494;6474785;Wr. Nasi Goreng 234;Jl. Kapten Piere Tendean RT.07;6401040004;64;1;40;4;KALIMANTAN TIMUR;PASER;TANAH GROGOT;TANAH GROGOT;eyJpdiI6IjNxWXVjbkVxUDNGdDJwb2MvaWI4TXc9PSIsInZhbHVlIjoib1R3OW8relpBWEJESnQyZ29yQmdVZz09IiwibWFjIjoiMGQ5MjY3YTdkMWQ4MmU0NTkyZjQ5ZDJmNGQyZTA2YjFlMDcxNWI2N2NlNjk5ZDViOWRmNzEwMDVjYWE3ZDU2OCIsInRhZyI6IiJ9;;[Kegiatan Usaha: Makanan Nasi Goreng, Kategori: I, KBLI: 56102];;;07/12/2025;;;;;invalid;;;FALSE;FALSE;FALSE;;;invalid;;;;;;wr nasi goreng 234;0.914579241;1;1;NASI GORENG 234 <EKO PRASETYO>;Jl. Kapten Piere Tendean RT.07;jl kapten piere tendean rt 07;288;56;wr nasi goreng 234 jl kapten piere tendean rt 07 kbli56;4;0;1;0;Duplikat;Jl Kapten Piere Tendean RT07;7;0;;;0;6401040004_7_0;;;0;;0;0;0;0;;
10519;6477243;SANGKURIMAN LIMA EMPAT;JL.. KH. AGUS SALIM;6401040004;64;1;40;4;KALIMANTAN TIMUR;PASER;TANAH GROGOT;TANAH GROGOT;eyJpdiI6ImVwaGRSL3ZUQXdIczN2U1g4bmp2a1E9PSIsInZhbHVlIjoiSlNwVFFvaWFSTy9DbTJUbUNhaFZpZz09IiwibWFjIjoiY2MzNmM2ZTM1ODU1N2MyOTE4ZjAzYTgyZDM4N2Y2NGNiNWY5MWExZDFiOGI1ODZlNjA1NjJkZWY5MDE5ZDNjYiIsInRhZyI6IiJ9;;[Kegiatan Usaha: -, Kategori: F, KBLI: -];;;15/12/2025;;;;;invalid;;;FALSE;FALSE;TRUE;;;invalid;;;;;;sangkuriman lima empat;0.897816837;1;1;SANGKURIMAN LIMA EMPAT;JALAN KH. AGUS SALIM;jl kh agus salim;289;0;sangkuriman lima empat jl kh agus salim kbli00;99;0;1;0;Perlu Konfirmasi;JL KH AGUS SALIM;0;0;;;0;6401040004_0_0;;;0;;0;0;0;0;;
10531;6477271;CV. KANINDYA EKA PERSADA;Jl. RA. KARTINI NO.02 TANAH GROGOT;6401040004;64;1;40;4;KALIMANTAN TIMUR;PASER;TANAH GROGOT;TANAH GROGOT;eyJpdiI6Im9STE9tMEpuUlE3aG8zTXZLNktDemc9PSIsInZhbHVlIjoiQlF1SEpjYVVPRU55SU52dms3WjVJUT09IiwibWFjIjoiZjE1MGJhYWFkYzk1Y2I4MzE2ZmQ2OGVlM2YwNGMwOGZmZWZjYWVhYTQyOTQ3MmUxYWE3YzA0OTc3MGNjZjc3MCIsInRhZyI6IiJ9;;[Kegiatan Usaha: -, Kategori: F, KBLI: -];;;15/12/2025;;;;;invalid;;;FALSE;FALSE;TRUE;;;invalid;;;;;;kanindya eka persada;0.868447976;1;1;KANINDYA EKA PERSADA;JALAN RA. KARTINI NO.02;jl ra kartini no 02 tanah grogot;290;0;kanindya eka persada jl ra kartini no 02 tanah grogot kbli00;99;0;1;0;Perlu Konfirmasi;Jl RA KARTINI NO02 TANAH GROGOT;0;0;;;0;6401040004_0_0;;;0;;0;0;0;0;;
10544;6487789;CV. FORTUNA MANDIRI SAKTI;JL. KAPT. PIERE TENDEAN, GG. HASTA, TANAH GROGOT;6401040004;64;1;40;4;KALIMANTAN TIMUR;PASER;TANAH GROGOT;TANAH GROGOT;eyJpdiI6IlBEMjlMbWtpWjJGbnRBR2djdHFhUkE9PSIsInZhbHVlIjoibUltanc1Q0lCYWlkQWtSLzlaSVRzQT09IiwibWFjIjoiNzk2YTBjMzE4ZmFjMWNjMDExMTlmOGFiZmVlYWVjZWQ1ZGM1NTJhZmFiZWNlMzFjYzM4YjRkYzdlNzY5MjU3ZiIsInRhZyI6IiJ9;;[Kegiatan Usaha: -, Kategori: F, KBLI: -];;;15/12/2025;;;;;invalid;;;FALSE;FALSE;TRUE;;;invalid;;;;;;fortuna mandiri sakti;0.847158076;1;1;FORTUNA MANDIRI SAKTI; Jl. Kapten Piere Tendean Gg. Hasta;jl kapt piere tendean gg hasta tanah grogot;291;0;fortuna mandiri sakti jl kapt piere tendean gg hasta tanah grogot kbli00;99;0;1;0;Perlu Konfirmasi;JL KAPT PIERE TENDEAN GG HASTA TANAH GROGOT;0;0;;;0;6401040004_0_0;;;0;;0;0;0;0;;
10560;6489384;CV. RACHFI BARU MANDIRI;JL. D.I. PANJAITAN PERUM TAMAN REGENCY NO F-2, TANAH GROGOT, KEC. TANAH GROGOT;6401040004;64;1;40;4;KALIMANTAN TIMUR;PASER;TANAH GROGOT;TANAH GROGOT;eyJpdiI6Inl0MWFmNXpNYkJpSC9hUkhDNkRJVFE9PSIsInZhbHVlIjoiakplV0JYcHRCeWlPZjk4emJtQkFRQT09IiwibWFjIjoiMmE3YjAzYTQ2NjAwNTk5OWY2OTRhYzAzMTYyYTkyOTMzNzJkNWNjMGE2ZjU0N2Q1Y2JmODY5ZjRhYTFiNDEwOSIsInRhZyI6IiJ9;;[Kegiatan Usaha: -, Kategori: F, KBLI: -];;;15/12/2025;;;;;invalid;;;FALSE;FALSE;TRUE;;;invalid;;;;;;rachfi baru mandiri;0.872273625;1;1;RACHFI BARU MANDIRI;JALAN DI PANJAITAN PERUM TAMAN REGENCY NO F-2;jl d i panjaitan perum taman regency no f 2 tanah grogot kec tanah grogot;292;0;rachfi baru mandiri jl d i panjaitan perum taman regency no f 2 tanah grogot kec tanah grogot kbli00;99;0;1;0;Perlu Konfirmasi;JL DI PANJAITAN PERUM TAMAN REGENCY NO F2 TANAH GROGOT KEC TANAH GROGOT;0;0;1;;0;6401040004_0_0;;;0;;0;0;0;0;;
10679;6621293;LIMSARIA                           ;JL.MODANG                          ;6401040004;64;1;40;4;KALIMANTAN TIMUR;PASER;TANAH GROGOT;TANAH GROGOT;eyJpdiI6ImplNEVRVHBzaFg1MHRlcUNvYTBrNHc9PSIsInZhbHVlIjoia01vV0Jpc0kxOXAwK1JIODVTazQ0Zz09IiwibWFjIjoiY2VhOWQyYTNiNDYwMGUwNDE1NGNhNWNhMGM1MTVmZjIwNGQ1MWQ5MjJjM2M0ZTA4YzEwMDAzZTUyMzNmMmE1OCIsInRhZyI6IiJ9;;[Kegiatan Usaha: BENANG OBRAS                                 , Kategori: G, KBLI: 47513];;;15/12/2025;;;;;invalid;;;FALSE;FALSE;TRUE;;;invalid;;;;;;limsaria;0.814649443;1;1;TOKO LIMSARIA <NAZIPAH>;Jl. Modang, RT 6/RW 3;jl modang;296;47;limsaria jl modang kbli47;99;0;1;0;Perlu Konfirmasi;JLMODANG;0;0;;;0;6401040004_0_0;;;0;;0;0;0;0;;
10900;16961879;Yamaha Tanah Grogot - PT. Serba Mulia Auto;JL. Jend Sudirman Jalur 11, Tanah Grogot, Kec. Tanah Grogot, Kabupaten Paser, Kalimantan Timur 76251;6401040004;64;1;40;4;KALIMANTAN TIMUR;PASER;TANAH GROGOT;TANAH GROGOT;eyJpdiI6Im9kRTlNV0Rra3hQZTlDbUdaZEJ5enc9PSIsInZhbHVlIjoiVi9Mb3BZKy9CblVnRHh1ejZQOWg0QT09IiwibWFjIjoiZWMxZTliYWM5MzZiNzFkYzIxYzIyMTBiNWM5N2VkZjRmNjAwNjUwNjM2NzFjOWVmYmM4ZDUxMDRjOTgwNDE3ZCIsInRhZyI6IiJ9;;[Kegiatan Usaha: Dealer Sepeda Motor, Kategori: -, KBLI: -];;;01/11/2025;;Tambahan Daerah s.d 31 Desember 2025;-1.9073767;116.1916046;valid;;;FALSE;FALSE;FALSE;;;invalid;;;;;;yamaha tanah grogot serba mulia auto;0.804109081;1;1;KP-4 Tanah Grogot;Jalan Jend. Sudirman, No.26, Tanah Grogot, Kec. Tanah Grogot, Kabupaten Paser, Kalimantan Timur 76251 ;jl jend sudirman jalur 11 tanah grogot kec tanah grogot kabupaten paser kalimantan timur 76251;310;0;yamaha tanah grogot serba mulia auto jl jend sudirman jalur 11 tanah grogot kec tanah grogot   76251 kbli00;4;0;0;0;Duplikat;JL Jend Sudirman Jalur 11 Tanah Grogot Kec Tanah Grogot   76251;0;0;;;0;6401040004_0_0;;;0;;1;1;0;0;-1.9073767;116.1916046
10915;16958693;Alfamidi Ahmad Yani;35VW+HVX, Tanah Grogot, Kec. Tanah Grogot, Kabupaten Paser, Kalimantan Timur 76251;6401040004;64;1;40;4;KALIMANTAN TIMUR;PASER;TANAH GROGOT;TANAH GROGOT;eyJpdiI6Ikc1L0tvQitDeW5PUEx3blRiYk5rOFE9PSIsInZhbHVlIjoiQXJNQ05KbmVlNWluQ1IvK2FJczN6UT09IiwibWFjIjoiM2FiNmM1OWNkZGM1NjFkM2YxZmM1MGI5NjIyZWI5MTMzNDI0NTg4ZWUzNDQyNWNkZmRlZDU5NjAwMWYxMTZiZSIsInRhZyI6IiJ9;;[Kegiatan Usaha: Toko Swalayan, Kategori: -, KBLI: -];;;26/10/2025;;Tambahan Daerah s.d 31 Desember 2025;-1.906004;116.1972285;valid;;;FALSE;FALSE;FALSE;;;invalid;;;;;;alfamidi ahmad yani;0.868867385;1;1;Alfamidi;35VR+C82, Tanah Grogot, Kec. Tanah Grogot, Kabupaten Paser, Kalimantan Timur 76251;35vw hvx tanah grogot kec tanah grogot kabupaten paser kalimantan timur 76251;312;0;alfamidi ahmad yani 35vw hvx tanah grogot kec tanah grogot   76251 kbli00;4;0;1;0;Duplikat;35VWHVX Tanah Grogot Kec Tanah Grogot   76251;0;0;;;0;6401040004_0_0;;;0;;1;1;0;0;-1.906004;116.1972285
10918;16958692;Alfamidi;35VR+C82, Tanah Grogot, Kec. Tanah Grogot, Kabupaten Paser, Kalimantan Timur 76251;6401040004;64;1;40;4;KALIMANTAN TIMUR;PASER;TANAH GROGOT;TANAH GROGOT;eyJpdiI6IlM5dVpzY0xhTUtJSHlTbzNzUDFWckE9PSIsInZhbHVlIjoicDA5ejVsRWlDenNIenpSNEEyWkd0UT09IiwibWFjIjoiODM5MzY4ZDAxMGQ0ZTY5Y2VjZDljMmQyYWZjMjkzYjRjOTI3OGFhMzkyYzA0MjQ4YTYzMzRkMTAyZWJmYTUyOSIsInRhZyI6IiJ9;;[Kegiatan Usaha: Supermarket Diskon, Kategori: -, KBLI: -];;;26/10/2025;;Tambahan Daerah s.d 31 Desember 2025;-1.9064801;116.1907706;valid;;;FALSE;FALSE;FALSE;;;invalid;;;;;;alfamidi;0.868867385;1;4;Alfamidi Ahmad Yani;35VW+HVX, Tanah Grogot, Kec. Tanah Grogot, Kabupaten Paser, Kalimantan Timur 76251;35vr c82 tanah grogot kec tanah grogot kabupaten paser kalimantan timur 76251;312;0;alfamidi 35vr c82 tanah grogot kec tanah grogot   76251 kbli00;4;0;1;0;Duplikat;35VRC82 Tanah Grogot Kec Tanah Grogot   76251;0;0;;;0;6401040004_0_0;;;0;;1;1;0;0;-1.9064801;116.1907706
11196;16960271;Look Cafe;Jl. Kapten Piere Tendean Jl. Pabrik Piring, Tanah Grogot, Kec. Tanah Grogot, Kabupaten Paser, Kalimantan Timur 76251;6401040004;64;1;40;4;KALIMANTAN TIMUR;PASER;TANAH GROGOT;TANAH GROGOT;eyJpdiI6Ilo4Sk9SNUJnT1dRR2pmWGdLWUZ3TXc9PSIsInZhbHVlIjoiRmNLOUtKWnJYRDAxbHZPRmVtdjVrdz09IiwibWFjIjoiMzlhMDllYzEzY2QzNGIyYmI1YzBhYTcwNTBmZjMwMmU1YzdmNjRmYzUzMDY3NmMwNWMzNjE3N2Q0NGFkZjI1ZiIsInRhZyI6IiJ9;;[Kegiatan Usaha: Kedai Kopi, Kategori: -, KBLI: -];;;07/12/2025;;Tambahan Daerah s.d 31 Desember 2025;-1.9041527;116.1960968;valid;;;FALSE;FALSE;FALSE;;;invalid;;;;;;look cafe;0.866327443;1;4;SRS Variasi Mobil;Jalan Kapten Piere Tendean, Pabrik Piring, Tanah Grogot, Kec. Tanah Grogot, Kabupaten Paser, Kalimantan Timur 76251 ;jl kapten piere tendean jl pabrik piring tanah grogot kec tanah grogot kabupaten paser kalimantan timur 76251;344;0;look cafe jl kapten piere tendean jl pabrik piring tanah grogot kec tanah grogot   76251 kbli00;4;0;1;0;Duplikat;Jl Kapten Piere Tendean Jl Pabrik Piring Tanah Grogot Kec Tanah Grogot   76251;0;0;;;0;6401040004_0_0;;;0;;1;1;0;0;-1.9041527;116.1960968
11253;16959764;Gudang Dapoer Agiz;35QR+3WX, Tanah Grogot, Kec. Tanah Grogot, Kabupaten Paser, Kalimantan Timur 76251;6401040004;64;1;40;4;KALIMANTAN TIMUR;PASER;TANAH GROGOT;TANAH GROGOT;eyJpdiI6IjlidjNseVBCSGtyUDM1Q2UvUjNuRlE9PSIsInZhbHVlIjoiSmtYMlNNdW54d3phOC94cnUwRXRWUT09IiwibWFjIjoiZmU4M2EwMjlmYzExNzAzY2IwNzUwYTUyMTczMDc0MzNmMDIxZjI5MjY4NzM4MGM2NDE5ODdkNzQxYzVkYjdjZiIsInRhZyI6IiJ9;;[Kegiatan Usaha: Gudang, Kategori: -, KBLI: -];;;26/10/2025;;Tambahan Daerah s.d 31 Desember 2025;-1.9122735;116.1923625;valid;;;FALSE;FALSE;FALSE;;;invalid;;;;;;gudang dapoer agiz;0.88193398;1;1;Dapoer AFSHEEN;35JR+FF7, Tanah Grogot, Kec. Tanah Grogot, Kabupaten Paser, Kalimantan Timur 76251 ;35qr 3wx tanah grogot kec tanah grogot kabupaten paser kalimantan timur 76251;351;0;gudang dapoer agiz 35qr 3wx tanah grogot kec tanah grogot   76251 kbli00;4;0;1;0;Duplikat;35QR3WX Tanah Grogot Kec Tanah Grogot   76251;0;0;;;0;6401040004_0_0;;;0;;1;1;0;0;-1.9122735;116.1923625
11433;16959876;Indomaret Modang;35PV+F52, Tanah Grogot, Kec. Tanah Grogot, Kabupaten Paser, Kalimantan Timur 76251;6401040004;64;1;40;4;KALIMANTAN TIMUR;PASER;TANAH GROGOT;TANAH GROGOT;eyJpdiI6Imd6cVRBY2RYTUtmR24xQ0MrVHB0blE9PSIsInZhbHVlIjoiaERTRGgrQzV4Yld4RU9uN2d5cVlmdz09IiwibWFjIjoiODNiYjFiYzEzNjdiMWVhMDA1MWRlNDgxY2U3NDBiNWE3YTk2NDMzNWNhNTk1MGVkNTJjOGQ1MmEyOTA2MDQ0ZiIsInRhZyI6IiJ9;;[Kegiatan Usaha: Minimarket, Kategori: -, KBLI: -];;;26/10/2025;;Tambahan Daerah s.d 31 Desember 2025;-1.913866;116.1929049;valid;;;FALSE;FALSE;FALSE;;;invalid;;;;;;indomaret modang;0.834073071;1;1;Indomaret Gajah Mada;35RQ+2VV, Tanah Grogot, Kec. Tanah Grogot, Kabupaten Paser, Kalimantan Timur 76251;35pv f52 tanah grogot kec tanah grogot kabupaten paser kalimantan timur 76251;408;0;indomaret modang 35pv f52 tanah grogot kec tanah grogot   76251 kbli00;4;0;1;0;Duplikat;35PVF52 Tanah Grogot Kec Tanah Grogot   76251;0;0;;;0;6401040004_0_0;;;0;;1;1;0;0;-1.913866;116.1929049
11434;16959873;Indomaret Gajah Mada;35RQ+2VV, Tanah Grogot, Kec. Tanah Grogot, Kabupaten Paser, Kalimantan Timur 76251;6401040004;64;1;40;4;KALIMANTAN TIMUR;PASER;TANAH GROGOT;TANAH GROGOT;eyJpdiI6InFIcXJER0NNNTBTUmZTSkFnVTFiNWc9PSIsInZhbHVlIjoiY0MyLzgxSDVneVpjdUJsVkYxVDFDQT09IiwibWFjIjoiNzFlYTIxNDM1NzY5YTBiMTQxZmEwZWYyMTg3YmQzYWU5MTQ0MGMxOWQ5NjFlOGY5ZjdkMzVlMWFhYjg2MGZkNCIsInRhZyI6IiJ9;;[Kegiatan Usaha: Toko bahan makanan, Kategori: -, KBLI: -];;;26/10/2025;;Tambahan Daerah s.d 31 Desember 2025;-1.9098773;116.1896829;valid;;;FALSE;FALSE;FALSE;;;invalid;;;;;;indomaret gajah mada;0.834073071;1;4;Indomaret Modang;35PV+F52, Tanah Grogot, Kec. Tanah Grogot, Kabupaten Paser, Kalimantan Timur 76251;35rq 2vv tanah grogot kec tanah grogot kabupaten paser kalimantan timur 76251;408;0;indomaret gajah mada 35rq 2vv tanah grogot kec tanah grogot   76251 kbli00;4;0;1;0;Duplikat;35RQ2VV Tanah Grogot Kec Tanah Grogot   76251;0;0;;;0;6401040004_0_0;;;0;;1;1;0;0;-1.9098773;116.1896829
11770;16960439;Nasi Goreng 234;35WW+X5Q, Jl. Kapten Piere Tendean papin, Tanah Grogot, Kec. Tanah Grogot, Kabupaten Paser, Kalimantan Timur 76251;6401040004;64;1;40;4;KALIMANTAN TIMUR;PASER;TANAH GROGOT;TANAH GROGOT;eyJpdiI6IlpHdkpwMjRuQTRIbVZMN1NRSnpiRlE9PSIsInZhbHVlIjoib2JrcGtqT0lJVTBoMHgwQS82TlU1dz09IiwibWFjIjoiOTg5OWZkYWNiNzNiZGFjOWE4YTVhMjlmZmExZWVkMjIxYzg0ZjI5YzA2MTlhODViYmQxYWM2OTUwMjZkNzk5YiIsInRhZyI6IiJ9;;[Kegiatan Usaha: Restoran Nasi Goreng, Kategori: -, KBLI: -];;;07/12/2025;;Tambahan Daerah s.d 31 Desember 2025;-1.9025438;116.1954805;valid;;;FALSE;FALSE;FALSE;;;invalid;;;;;;nasi goreng 234;0.831549396;1;4;Gorengan warzukni;Jl. Kapten Piere Tendean No.90, Tanah Grogot, Kec. Tanah Grogot, Kabupaten Paser, Kalimantan Timur 76251 ;35ww x5q jl kapten piere tendean papin tanah grogot kec tanah grogot kabupaten paser kalimantan timur 76251;495;0;nasi goreng 234 35ww x5q jl kapten piere tendean papin tanah grogot kec tanah grogot   76251 kbli00;4;0;1;0;Duplikat;35WWX5Q Jl Kapten Piere Tendean papin Tanah Grogot Kec Tanah Grogot   76251;0;0;;;0;6401040004_0_0;;;0;;1;1;0;0;-1.9025438;116.1954805
12076;17973312;PT Pribumi Sakti Management;JL. Jenderal Sudirman No. 149 Halaman Parkir KA Tanah Grogot;6401040004;64;1;40;4;KALIMANTAN TIMUR;PASER;TANAH GROGOT;TANAH GROGOT;eyJpdiI6IlVtK3hOOG5xNHZnc0tVQ0dMSFRDTnc9PSIsInZhbHVlIjoiY2d1VEdxS1JZQnpOZzJPU0tiTWttZz09IiwibWFjIjoiZDZjYmY3NGZmNDhkNTYxZTRmZTcxNmQ1OTc3M2Y5YWY4ODVkZDk2OTY4MmE0OWNiMGNiNTdjNjlkMDlhYmJiYSIsInRhZyI6IiJ9;;;;;01/11/2025;;;;;invalid;;;FALSE;FALSE;FALSE;;;invalid;;;;;;pribumi sakti management;1;1;1;PT Pribumi Sakti Management;JL. Jenderal Sudirman No. 149 Halaman Parkir KA Tanah Grogot;jl jenderal sudirman no 149 halaman parkir ka tanah grogot;529;0;pribumi sakti management jl jenderal sudirman no 149 halaman parkir ka tanah grogot kbli00;4;0;0;0;Duplikat;JL Jenderal Sudirman No 149 Halaman Parkir KA Tanah Grogot;0;0;;;0;6401040004_0_0;;;0;;0;0;0;0;;
12089;17973316;PT Pribumi Sakti Management;JL. Jenderal Sudirman No. 149 Halaman Parkir KA Tanah Grogot;6401040004;64;1;40;4;KALIMANTAN TIMUR;PASER;TANAH GROGOT;TANAH GROGOT;eyJpdiI6IjcwUkgzTmVwOVJxK3lteE16dzQ1Rmc9PSIsInZhbHVlIjoiZU44Zjk5TzlOajluNGVDK0ZjcGNIdz09IiwibWFjIjoiNGRlZjNmMzc3ZTVlZDM5NGY3ODUwNDA0MGFmNWYyNDMwYTdjZDE1NmIzZmU1NTEwYjJjZTNmNGI1MDU5ZDQ1YiIsInRhZyI6IiJ9;;;;;01/11/2025;;;;;invalid;;;FALSE;FALSE;FALSE;;;invalid;;;;;;pribumi sakti management;1;1;4;PT Pribumi Sakti Management;JL. Jenderal Sudirman No. 149 Halaman Parkir KA Tanah Grogot;jl jenderal sudirman no 149 halaman parkir ka tanah grogot;529;0;pribumi sakti management jl jenderal sudirman no 149 halaman parkir ka tanah grogot kbli00;4;0;0;0;Duplikat;JL Jenderal Sudirman No 149 Halaman Parkir KA Tanah Grogot;0;0;;;0;6401040004_0_0;;;0;;0;0;0;0;;
