idsbr;gc_username;is_gced
22365;;0
153205;;0
153209;;0
153212;;0
153216;;0
153218;;0
153220;;0
194681;adib.tamtama;1
194688;raka.prawira;1
194692;;0
194693;raka.prawira;1
209150;raka.prawira;1
233716;;0
233717;raka.prawira;1
233720;raka.prawira;1
233725;raka.prawira;1
233726;;0
233728;raka.prawira;1
233731;;0
233733;;0
233739;;0
233744;raka.prawira;1
233746;;0
233747;;0
233749;raka.prawira;1
233750;raka.prawira;1
233751;raka.prawira;1
233754;raka.prawira;1
233755;raka.prawira;1
233758;raka.prawira;1
233759;;0
233760;;0
233762;;0
233763;;0
233764;adib.tamtama;1
233767;;0
233770;;0
233771;;0
233773;;0
233778;raka.prawira;1
233784;raka.prawira;1
233785;raka.prawira;1
233786;raka.prawira;1
233787;raka.prawira;1
233788;raka.prawira;1
233790;raka.prawira;1
233791;raka.prawira;1
233792;;0
233794;raka.prawira;1
233796;raka.prawira;1
233797;;0
233799;;0
233800;raka.prawira;1
233803;;0
233806;;0
233812;raka.prawira;1
233813;;0
233815;raka.prawira;1
233816;;0
233817;raka.prawira;1
233818;raka.prawira;1
233819;raka.prawira;1
233820;raka.prawira;1
233821;raka.prawira;1
233824;raka.prawira;1
233828;raka.prawira;1
233832;;0
233835;;0
233836;raka.prawira;1
233837;;0
233838;;0
233839;;0
2470335;raka.prawira;1
2470614;;0
2470816;;0
2471704;raka.prawira;1
2472904;raka.prawira;1
2473239;raka.prawira;1
2476309;;0
2476808;adib.tamtama;1
2477668;;0
2478177;raka.prawira;1
2478369;;0
2479879;raka.prawira;1
2480093;;0
2480521;;0
2480627;;0
2481521;;0
2485319;;0
2485853;;0
2490364;;0
2490673;;0
2491380;;0
2491397;;0
2491483;raka.prawira;1
2493307;adib.tamtama;1
2494372;;0
2494513;;0
2494747;;0
2496521;;0
2498088;;0
2498789;;0
2499583;;0
2501370;;0
2502129;;0
2502817;;0
2503034;;0
2505663;;0
2506291;;0
2508059;;0
2510112;;0
2510598;adib.tamtama;1
2512401;;0
2513220;;0
2514170;;0
2515766;;0
2517470;;0
2518839;raka.prawira;1
2520071;raka.prawira;1
2520839;raka.prawira;1
2523284;;0
2524742;adib.tamtama;1
2524754;;0
2524825;;0
2525516;;0
2526985;;0
2527383;;0
2527920;raka.prawira;1
2527961;;0
2528083;;0
2528715;;0
2529794;;0
2530509;;0
2531274;;0
2531812;;0
2533962;raka.prawira;1
2534311;;0
2535507;;0
2535641;;0
2535731;;0
2535815;raka.prawira;1
2537050;;0
2538787;;0
2538940;;0
2542933;;0
2543750;;0
2544014;raka.prawira;1
2544115;;0
2544573;;0
2544938;;0
2546180;;0
2546682;;0
2547588;;0
2548813;adib.tamtama;1
2549484;;0
2550075;;0
2550258;;0
2550797;;0
2554381;raka.prawira;1
2554679;;0
2555677;;0
2555703;;0
2556093;;0
2558084;;0
2558561;;0
2559619;raka.prawira;1
2560817;;0
2561077;raka.prawira;1
2562272;raka.prawira;1
2562287;;0
2562704;;0
2562758;raka.prawira;1
2564766;raka.prawira;1
2566134;;0
2567850;;0
2570860;;0
2573601;;0
2575607;;0
2576014;;0
2576548;;0
2577506;adib.tamtama;1
2578076;;0
2579872;;0
2583276;;0
2583429;raka.prawira;1
2584556;;0
2587872;;0
2588540;;0
2589297;;0
2589513;adib.tamtama;1
2591665;;0
2591668;;0
2591978;;0
2592616;;0
2592966;;0
2595163;adib.tamtama;1
2595218;;0
2596069;;0
2596556;;0
2596716;raka.prawira;1
2596780;;0
2597235;;0
2598435;;0
2599437;;0
2599456;raka.prawira;1
2599894;;0
2600216;;0
2601230;;0
2602334;;0
2602958;;0
2604217;;0
2604267;;0
2605795;;0
2606678;;0
2608699;;0
2609162;;0
2609765;;0
2612285;;0
2613836;adib.tamtama;1
2614055;;0
2614220;raka.prawira;1
2615283;;0
2616779;;0
2616947;;0
2617223;;0
2618276;raka.prawira;1
2618343;;0
2618400;adib.tamtama;1
2618974;;0
2619963;;0
2620379;;0
2621007;;0
2621407;;0
2621528;;0
2621723;;0
2622433;adib.tamtama;1
2623676;raka.prawira;1
2624664;;0
2624949;;0
2626232;;0
2628975;raka.prawira;1
2629278;;0
2629681;;0
2630563;raka.prawira;1
2630901;;0
2631235;;0
2632806;;0
2633000;;0
2633211;;0
2634177;;0
2634620;;0
2634884;;0
2635058;;0
2635540;adib.tamtama;1
2635759;;0
2636891;;0
2636901;adib.tamtama;1
2637862;adib.tamtama;1
2639822;raka.prawira;1
2639829;;0
2640025;;0
2640485;;0
2641051;;0
2644366;;0
2644571;;0
2644803;;0
2644869;adib.tamtama;1
2646831;;0
2648423;;0
2648733;;0
2650107;;0
2650185;;0
2651665;;0
2653946;;0
2654041;;0
2654287;;0
2654458;adib.tamtama;1
2656470;;0
2657255;;0
2657466;;0
2658873;;0
2659307;adib.tamtama;1
2659908;;0
2660323;;0
2660670;;0
2661443;;0
2661728;raka.prawira;1
2662354;;0
2663881;;0
2664604;;0
2664735;;0
2666611;;0
2666963;raka.prawira;1
2667624;;0
2668680;raka.prawira;1
2671322;;0
2672094;;0
2673267;;0
2673937;;0
2674200;;0
2676027;raka.prawira;1
2676286;;0
2676380;;0
2676724;;0
2677818;;0
2679256;;0
2680214;raka.prawira;1
2680538;;0
2681473;raka.prawira;1
2684165;raka.prawira;1
2685108;;0
2685757;;0
2686177;;0
2687214;raka.prawira;1
2687840;;0
2687909;raka.prawira;1
2688858;;0
2688907;;0
2691242;;0
2691893;;0
2692635;raka.prawira;1
2692889;;0
2693364;raka.prawira;1
2693453;;0
2694386;adib.tamtama;1
2694694;;0
2696479;adib.tamtama;1
2698326;;0
2698674;;0
2699145;;0
2700297;;0
2700718;;0
2701395;raka.prawira;1
2701992;;0
2702400;;0
2703047;adib.tamtama;1
2706035;;0
2708172;;0
2709170;;0
2710225;;0
2710643;;0
2716696;raka.prawira;1
2717286;;0
2717790;;0
2718152;;0
2718284;raka.prawira;1
2718829;;0
2720451;;0
2721315;;0
2721865;raka.prawira;1
2723559;;0
2723732;;0
2724161;;0
2724241;;0
2724340;;0
2724477;;0
2724612;;0
2726342;;0
2726455;;0
2726538;;0
2726704;;0
2727120;;0
2727464;;0
2731222;;0
2735119;raka.prawira;1
2737295;;0
2739190;adib.tamtama;1
2739416;;0
2739523;;0
2740008;;0
2741719;;0
2743450;;0
2743961;;0
2743969;adib.tamtama;1
2744105;;0
2744533;;0
2745741;;0
2746101;;0
2746957;raka.prawira;1
2749623;;0
2749641;;0
2749970;;0
2751156;;0
2752339;raka.prawira;1
2752544;;0
2753131;;0
2754468;;0
2755592;adib.tamtama;1
2758820;adib.tamtama;1
2759705;;0
2762306;;0
2762725;;0
2762761;;0
2763944;adib.tamtama;1
2764662;raka.prawira;1
2764704;;0
2764846;;0
2765311;;0
2765673;;0
2767093;;0
2768385;;0
2768519;raka.prawira;1
2769314;;0
2770709;;0
2770793;;0
2771484;;0
2774003;;0
2774429;;0
2774550;adib.tamtama;1
2774753;;0
2774765;;0
2775100;;0
2776311;;0
2776543;;0
2777535;;0
2778514;;0
2778748;;0
2779384;;0
2779777;;0
2779910;adib.tamtama;1
2780339;;0
2780392;;0
2780779;;0
2781075;;0
2781491;;0
2782163;raka.prawira;1
2782955;raka.prawira;1
2783577;;0
2784000;;0
2788335;;0
2789120;;0
2791268;;0
2792991;;0
2793622;;0
2794474;;0
2794734;;0
2795683;;0
2795867;;0
2796116;;0
2797029;adib.tamtama;1
2798146;adib.tamtama;1
2798277;;0
2798534;;0
2798843;adib.tamtama;1
2799625;;0
2801351;;0
2802670;;0
2803087;adib.tamtama;1
2803573;raka.prawira;1
2803782;;0
2804425;;0
2804866;;0
2805327;;0
2805533;;0
2805561;;0
2806551;;0
2807550;;0
2808014;;0
2808137;;0
2808293;raka.prawira;1
2808637;;0
2808897;;0
2809023;;0
2809189;;0
2809245;;0
2809760;raka.prawira;1
2810020;;0
2810612;;0
2811033;;0
2811137;;0
2811903;;0
2812971;;0
2813038;;0
2813278;;0
2815382;;0
2815390;;0
2815405;;0
2816341;;0
2817925;;0
2820043;;0
2820808;;0
2821171;;0
2822463;;0
2822697;;0
2822938;;0
2823523;raka.prawira;1
2823807;adib.tamtama;1
2824945;adib.tamtama;1
2826130;;0
2826375;;0
2827409;raka.prawira;1
2828939;;0
2829124;adib.tamtama;1
2829327;;0
2829842;;0
2830347;raka.prawira;1
2830391;adib.tamtama;1
2831270;;0
2831836;;0
2832966;;0
2833054;;0
2834708;;0
2836110;raka.prawira;1
2836238;;0
2836769;;0
2838140;;0
2839274;adib.tamtama;1
2839579;;0
2840156;;0
2840485;;0
2840586;;0
2841382;;0
2841562;adib.tamtama;1
2842570;;0
2844269;;0
2844285;;0
2846922;;0
2847733;;0
2848369;;0
2848811;raka.prawira;1
2849017;;0
2849168;;0
2850476;adib.tamtama;1
2851981;;0
2852449;;0
2852718;;0
2855129;;0
2856038;;0
2856452;;0
2860104;;0
2860162;;0
2860739;;0
2863262;;0
2864117;;0
2864863;;0
2865670;;0
2868111;;0
2868490;raka.prawira;1
2871294;;0
2872744;raka.prawira;1
2872817;;0
2873228;;0
2873556;;0
2873599;;0
2874957;;0
2875624;;0
2876089;;0
2876555;;0
2876557;;0
2877871;;0
2877960;;0
2878500;;0
2878526;;0
2879665;;0
2880141;;0
2880147;;0
2880167;;0
2880779;raka.prawira;1
2882162;;0
2882197;;0
2882590;adib.tamtama;1
2883863;;0
2884203;;0
2884535;;0
2885418;raka.prawira;1
2885647;raka.prawira;1
2887573;;0
2887885;;0
2888022;;0
2888652;;0
2888655;;0
2888972;;0
2891299;raka.prawira;1
2891907;;0
2892360;;0
2892448;;0
2892500;;0
2894326;;0
2894334;;0
2894364;;0
2895862;;0
2895930;;0
2896125;;0
2896685;;0
2896791;;0
2898116;raka.prawira;1
2898445;;0
2899127;;0
2899165;;0
2899391;;0
2899517;;0
2902581;;0
2902666;;0
2903408;;0
2903482;;0
2904593;;0
2904940;;0
2905563;;0
2905662;;0
2905815;;0
2906683;;0
2907883;;0
2908518;raka.prawira;1
2909229;;0
2909546;;0
2909609;;0
2910656;;0
2910891;;0
2912744;;0
2912927;;0
2913224;;0
2914720;;0
2915329;;0
2915703;;0
2915813;;0
2916518;;0
2916698;;0
2916828;;0
2919035;;0
2920621;;0
2920638;;0
2920680;;0
2921937;;0
2923045;;0
2923834;;0
2924710;adib.tamtama;1
2925041;;0
2926029;;0
2926312;adib.tamtama;1
2927909;;0
2929462;;0
2929568;raka.prawira;1
2929903;;0
2930208;;0
2931673;raka.prawira;1
2932781;raka.prawira;1
2932976;;0
2933280;;0
2933373;;0
2933699;;0
2934288;;0
2934340;;0
2934617;raka.prawira;1
2935193;;0
2935320;;0
2936067;;0
2936141;;0
2936233;raka.prawira;1
2936288;;0
2938435;;0
2938767;;0
2940219;;0
2941292;;0
2941627;;0
2943028;;0
2947548;;0
2948105;raka.prawira;1
2948983;;0
2950130;;0
2950461;;0
2950917;;0
2951743;;0
2951787;adib.tamtama;1
2952732;adib.tamtama;1
2953458;;0
2953616;;0
2955429;;0
2956297;;0
2956614;adib.tamtama;1
2957037;raka.prawira;1
2958683;;0
2959516;adib.tamtama;1
2959728;;0
2961211;;0
2961511;raka.prawira;1
2962977;raka.prawira;1
2963802;raka.prawira;1
2966030;adib.tamtama;1
2966190;raka.prawira;1
2966293;raka.prawira;1
2966718;raka.prawira;1
2966768;raka.prawira;1
2969859;raka.prawira;1
2970556;raka.prawira;1
2970752;raka.prawira;1
2970950;;0
2974699;;0
2975039;;0
2976068;raka.prawira;1
2976491;;0
2978174;;0
2979965;;0
2980049;;0
2980396;;0
2980775;;0
2981186;;0
2981315;;0
2981334;;0
2982035;raka.prawira;1
2982165;raka.prawira;1
2983088;;0
2983758;;0
2984001;;0
2984639;raka.prawira;1
2984733;;0
2984816;raka.prawira;1
2985769;raka.prawira;1
2986284;adib.tamtama;1
2986748;;0
2987930;raka.prawira;1
2989075;;0
2989187;;0
2994754;;0
2995072;;0
2998570;;0
2999107;;0
2999390;;0
2999782;;0
3000653;raka.prawira;1
3000931;;0
3001835;;0
3002497;;0
3003617;;0
3003663;;0
3004656;;0
3009822;;0
3010646;adib.tamtama;1
3010866;raka.prawira;1
3011464;;0
3011617;raka.prawira;1
3014174;adib.tamtama;1
3014423;;0
3014428;;0
3014506;raka.prawira;1
3015017;raka.prawira;1
3015082;;0
3017367;;0
3019157;;0
3019263;adib.tamtama;1
3020111;;0
3022969;;0
3023918;raka.prawira;1
3024324;;0
3025422;raka.prawira;1
3026406;;0
3026547;;0
3027903;;0
3028168;raka.prawira;1
3028405;;0
3028462;;0
3029061;raka.prawira;1
3029080;;0
3029331;;0
3030240;;0
3030991;;0
3031070;;0
3032402;;0
3033967;;0
3034534;;0
3034995;;0
3035834;;0
3036213;;0
3036254;raka.prawira;1
3038335;;0
3039377;raka.prawira;1
3040850;;0
3041037;raka.prawira;1
3042092;adib.tamtama;1
3043550;;0
3044369;;0
3044684;raka.prawira;1
3044917;;0
3045008;;0
3045246;adib.tamtama;1
3045515;;0
3046597;;0
3046700;;0
3048796;;0
3049768;;0
3050106;adib.tamtama;1
3050405;raka.prawira;1
3050603;;0
3055543;raka.prawira;1
3056321;;0
3060581;;0
3061281;;0
3061489;;0
3061661;raka.prawira;1
3062005;;0
3062190;;0
3063205;;0
3068513;raka.prawira;1
3068901;;0
3070839;;0
3071059;;0
3071373;adib.tamtama;1
3071868;;0
3071952;raka.prawira;1
3073241;;0
3073797;;0
3074682;;0
3076647;;0
3077912;;0
3078049;raka.prawira;1
3079099;;0
3079531;;0
3079791;;0
3079981;;0
3080366;;0
3080680;;0
3080693;;0
3081351;;0
3082307;;0
3083030;;0
3084365;;0
3084482;;0
3087233;;0
3087722;;0
3087869;;0
3089794;;0
3091229;;0
3092124;;0
3093932;;0
3094631;;0
3095123;;0
3095776;;0
3095871;;0
3096870;;0
3097378;raka.prawira;1
3099286;adib.tamtama;1
3100081;;0
3101071;;0
3102230;;0
3102365;raka.prawira;1
3103033;;0
3103511;;0
3104762;adib.tamtama;1
3105216;;0
3105465;;0
3105567;;0
3106817;adib.tamtama;1
3107491;raka.prawira;1
3107559;;0
3107625;;0
3108000;;0
3108045;;0
3108115;;0
3109014;;0
3109232;;0
3109652;;0
3112133;;0
3112321;;0
3113137;;0
3113541;;0
3113621;;0
3114241;;0
3114540;;0
3114801;;0
3114844;;0
3115156;;0
3116138;;0
3116157;;0
3116533;adib.tamtama;1
3116770;;0
3116948;raka.prawira;1
3117386;raka.prawira;1
3117752;adib.tamtama;1
3118235;;0
3119720;;0
3120226;;0
3120799;;0
3123072;;0
3123764;;0
3124448;;0
3124527;;0
3124967;;0
3126465;;0
3127607;;0
3128325;;0
3128629;;0
3131517;;0
3131605;;0
3132346;;0
3132487;;0
3135433;raka.prawira;1
3136177;;0
3137193;;0
3139443;;0
3139888;;0
3139975;;0
3140095;;0
3140450;;0
3140544;;0
3143275;;0
3143967;;0
3145154;;0
3145536;;0
3147905;;0
3148031;;0
3148434;;0
3150301;;0
3151222;;0
3152304;;0
3153616;raka.prawira;1
3153651;raka.prawira;1
3154172;;0
3154424;;0
3154939;;0
3155374;;0
3157787;raka.prawira;1
3157812;;0
3158074;;0
3158328;;0
3158411;;0
3159576;adib.tamtama;1
3160087;raka.prawira;1
3162636;;0
3162791;;0
3163697;;0
3164073;adib.tamtama;1
3164343;;0
3165000;;0
3165427;;0
3167912;;0
3168245;;0
3168461;;0
3169642;;0
3170613;;0
3170647;;0
3170717;;0
3170874;;0
3171163;;0
3171390;;0
3171503;;0
3172479;;0
3174169;;0
3174265;;0
3175343;;0
3175367;;0
3178503;;0
3179142;;0
3180185;;0
3180436;raka.prawira;1
3182708;;0
3182799;adib.tamtama;1
3185576;raka.prawira;1
3185958;;0
3189460;;0
3189603;;0
3189861;;0
3190262;;0
3190504;;0
3190538;adib.tamtama;1
3190762;;0
3190908;;0
3191601;raka.prawira;1
3191617;;0
3191651;;0
3191900;adib.tamtama;1
3192431;;0
3193237;;0
3196435;;0
3201301;;0
3201391;;0
3201631;;0
3201895;;0
3201950;;0
3202140;;0
3202486;raka.prawira;1
3203736;;0
3205530;;0
3207722;;0
3211066;;0
3211601;;0
3211811;;0
3212305;;0
3213373;;0
3215114;;0
3215932;;0
3215943;adib.tamtama;1
3216019;raka.prawira;1
3216958;;0
3217414;;0
3221072;;0
3222869;;0
3222922;;0
3223149;;0
3223673;;0
3224261;;0
3224975;;0
3225135;;0
3225820;;0
3227470;;0
3227667;;0
3227867;;0
3230589;;0
3230644;;0
3231923;;0
3232638;;0
3233532;;0
3234669;;0
3234818;;0
3237910;;0
3239079;raka.prawira;1
3239327;raka.prawira;1
3239428;;0
3239480;;0
3239594;;0
3242260;;0
3244028;;0
3244131;;0
3245382;;0
3246375;adib.tamtama;1
3246424;;0
3246766;;0
3247027;;0
3249348;raka.prawira;1
3250533;;0
3250650;;0
3250729;adib.tamtama;1
3250977;;0
3254220;raka.prawira;1
3254740;;0
3255583;;0
3257018;raka.prawira;1
3257312;raka.prawira;1
3257916;raka.prawira;1
3258603;;0
3259043;;0
3259094;;0
3261680;raka.prawira;1
3262383;;0
3263002;;0
3263679;;0
3265691;raka.prawira;1
3266080;raka.prawira;1
3268088;raka.prawira;1
3268706;;0
3269616;;0
3269963;;0
3271545;;0
3271912;raka.prawira;1
3272006;;0
3272355;;0
3272722;raka.prawira;1
3274301;;0
3274384;;0
3275049;;0
3279783;;0
3280044;;0
3280583;;0
3281372;;0
3281553;raka.prawira;1
3282554;;0
3282933;;0
3283435;;0
3283879;;0
3284295;;0
3285386;raka.prawira;1
3287582;;0
3289167;;0
3290178;;0
3290483;;0
3292912;;0
3293726;;0
3294003;;0
3296046;;0
3296325;;0
3297912;;0
3297945;raka.prawira;1
3298769;;0
3299243;adib.tamtama;1
3299451;;0
3299860;adib.tamtama;1
3300139;;0
3300476;raka.prawira;1
3301636;;0
3302366;;0
3303328;;0
3304042;raka.prawira;1
3304569;;0
3307702;;0
3308051;;0
3308076;;0
3308110;;0
3308541;adib.tamtama;1
3310009;adib.tamtama;1
3310264;;0
3311071;;0
3311092;raka.prawira;1
3311337;;0
3311444;;0
3311571;;0
3312817;;0
3313465;raka.prawira;1
3313505;;0
3314187;;0
3316793;;0
3317447;;0
3319573;;0
3320359;;0
3322140;raka.prawira;1
3325689;;0
3325864;raka.prawira;1
3326711;;0
3327196;;0
3328317;;0
3333847;;0
3335627;raka.prawira;1
3335751;raka.prawira;1
3336494;;0
3336795;;0
3336864;;0
3337966;raka.prawira;1
3338344;;0
3338575;;0
3338696;;0
3341764;;0
3343338;;0
3344042;;0
3344530;;0
3344681;;0
3344817;;0
3345669;;0
3345776;;0
3346405;;0
3347192;;0
3348346;;0
3351387;raka.prawira;1
3352089;raka.prawira;1
3352523;raka.prawira;1
3354079;adib.tamtama;1
3355379;adib.tamtama;1
3355654;;0
3357955;;0
3359115;;0
3361111;;0
3362535;;0
3362958;;0
3363498;;0
3364224;raka.prawira;1
3366913;;0
3366981;raka.prawira;1
3368253;;0
3368458;;0
3368525;;0
3372278;raka.prawira;1
3372809;raka.prawira;1
3372926;;0
3373777;;0
3373801;;0
3373929;;0
3376105;;0
3377038;;0
3379024;;0
3381173;;0
3381515;raka.prawira;1
3381687;raka.prawira;1
3383547;;0
3384224;;0
3385125;adib.tamtama;1
3385881;;0
3387023;;0
3388983;;0
3389135;;0
3389643;;0
3391479;;0
3393655;;0
3396140;;0
3397377;raka.prawira;1
3398069;;0
3398111;;0
3398349;;0
3398878;adib.tamtama;1
3399091;raka.prawira;1
3399417;adib.tamtama;1
3400053;;0
3404040;;0
3404359;;0
3404383;;0
3404619;adib.tamtama;1
3405053;;0
3405602;;0
3406914;raka.prawira;1
3408255;;0
3408484;;0
3408569;;0
3408657;;0
3410458;;0
3410752;;0
3410922;;0
3411458;;0
3412349;;0
3414262;;0
3415473;;0
3417126;;0
3418532;adib.tamtama;1
3422170;;0
3423912;;0
3423942;;0
3424605;raka.prawira;1
3425311;;0
3425712;;0
3426972;;0
3429693;;0
3430872;;0
3431536;;0
3432179;raka.prawira;1
3432306;;0
3434931;;0
3436372;;0
3436417;;0
3436443;;0
3437313;;0
3437318;;0
3437586;;0
3438450;;0
3438829;;0
3438917;;0
3438958;;0
3441334;raka.prawira;1
3442795;;0
3444345;;0
3445294;;0
3446024;raka.prawira;1
3446195;;0
3446293;;0
3446931;;0
3446959;;0
3447438;raka.prawira;1
3447674;raka.prawira;1
3448402;raka.prawira;1
3448656;raka.prawira;1
3450345;;0
3450460;;0
3450604;;0
3450838;;0
3452588;adib.tamtama;1
3453727;raka.prawira;1
3453798;;0
3454349;;0
3454456;;0
3454616;;0
3455910;raka.prawira;1
3456443;;0
3456789;;0
3457959;raka.prawira;1
3459319;;0
3460577;;0
3462280;;0
3462533;;0
3462652;;0
3462735;;0
3464401;;0
3464458;;0
3465163;;0
3465476;raka.prawira;1
3466065;raka.prawira;1
3467309;;0
3467536;;0
3467612;;0
3467731;raka.prawira;1
3468472;;0
3469726;raka.prawira;1
3469743;;0
3469956;;0
3471124;;0
3471734;;0
3473409;raka.prawira;1
3473872;;0
3474137;;0
3474514;adib.tamtama;1
3474583;;0
3475529;;0
3477303;;0
3477364;;0
3477490;;0
3477513;adib.tamtama;1
3479881;;0
3480144;raka.prawira;1
3480258;;0
3480895;;0
3481078;;0
3481972;;0
3483507;;0
3483684;;0
3485344;;0
3486859;;0
3487462;raka.prawira;1
3487599;;0
3488171;;0
3489873;;0
3490196;;0
3490407;;0
3490880;;0
3490887;;0
3491358;adib.tamtama;1
3492313;;0
3494683;;0
3495007;;0
3495325;raka.prawira;1
3497847;;0
3498080;adib.tamtama;1
3498398;;0
3498837;;0
3498893;;0
3499058;adib.tamtama;1
3499217;adib.tamtama;1
3499295;;0
3499712;raka.prawira;1
3500349;raka.prawira;1
3500646;raka.prawira;1
3502655;;0
3503589;;0
3504299;raka.prawira;1
3505878;raka.prawira;1
3509316;;0
3510095;;0
3510771;;0
3511058;;0
3511997;raka.prawira;1
3512463;;0
3513128;;0
3513834;;0
3514065;;0
3516297;;0
3517492;adib.tamtama;1
3521296;;0
3521486;;0
3523163;raka.prawira;1
3524130;;0
3525944;;0
3526155;;0
3528408;adib.tamtama;1
3528561;raka.prawira;1
3529043;;0
3529057;;0
3532872;adib.tamtama;1
3532883;raka.prawira;1
3533950;;0
3533975;;0
3536239;;0
3537336;;0
3538986;adib.tamtama;1
3539937;;0
3540437;;0
3540742;;0
3542378;adib.tamtama;1
3542907;;0
3544437;;0
3545120;adib.tamtama;1
3545302;;0
3545439;adib.tamtama;1
3546585;;0
3549706;raka.prawira;1
3551739;;0
3556235;;0
3556339;;0
3557724;raka.prawira;1
3558979;raka.prawira;1
3561933;;0
3563066;;0
3563616;;0
3565618;adib.tamtama;1
3568031;;0
3568089;;0
3568534;;0
3568775;;0
3568947;;0
3569640;;0
3569795;;0
3570465;;0
3572065;;0
3572588;raka.prawira;1
3574006;adib.tamtama;1
3575026;adib.tamtama;1
3578204;adib.tamtama;1
3578590;;0
3579558;;0
3580484;;0
3583803;;0
3583982;;0
3584771;;0
3585659;;0
3587039;;0
3589345;;0
3589628;;0
3589906;;0
3590548;;0
3591431;;0
3591850;;0
3591949;;0
3592235;;0
3592695;adib.tamtama;1
3594715;;0
3595727;raka.prawira;1
3596134;;0
3597369;raka.prawira;1
3600038;;0
3600408;;0
3601533;;0
3601995;;0
3602125;;0
3602126;;0
3602128;;0
3603176;;0
3603883;;0
3604841;;0
3605090;;0
3605106;;0
3605990;adib.tamtama;1
3606417;raka.prawira;1
3606769;;0
3608125;;0
3612719;;0
3613596;adib.tamtama;1
3614566;;0
3614645;;0
3614745;adib.tamtama;1
3615365;;0
3616160;raka.prawira;1
3616679;;0
3616796;;0
3617221;;0
3618042;;0
3620264;raka.prawira;1
3621364;raka.prawira;1
3621620;;0
3621927;;0
3623084;;0
3624536;;0
3624986;;0
3626029;;0
3626355;;0
3627800;;0
3628814;;0
3630897;;0
3632320;adib.tamtama;1
3632802;;0
3634981;raka.prawira;1
3636662;;0
3637448;;0
3639147;;0
3641029;;0
3641381;;0
3641999;;0
3642813;;0
3642868;;0
3643370;;0
3646102;;0
3646274;raka.prawira;1
3648561;adib.tamtama;1
3649339;;0
3649469;;0
3650004;raka.prawira;1
3650101;;0
3650202;;0
3651210;;0
3651277;;0
3652107;raka.prawira;1
3652636;;0
3654453;;0
3657594;adib.tamtama;1
3659392;adib.tamtama;1
3659459;adib.tamtama;1
3659710;;0
3660164;;0
3661007;;0
3661782;;0
3661895;raka.prawira;1
3662153;;0
3662483;;0
3663790;;0
3664039;raka.prawira;1
3664657;raka.prawira;1
3665453;;0
3665981;;0
3670457;;0
3671287;;0
3671609;adib.tamtama;1
3673167;;0
3673419;;0
3673486;;0
3673869;;0
3674767;;0
3674932;;0
3675161;;0
3675530;;0
3675735;;0
3675797;raka.prawira;1
3677049;;0
3677813;;0
3679332;;0
3681065;raka.prawira;1
3683480;;0
3686092;raka.prawira;1
3686213;;0
3686607;;0
3687078;;0
3687968;;0
3688396;raka.prawira;1
3688491;adib.tamtama;1
3690384;raka.prawira;1
3691016;;0
3691836;raka.prawira;1
3693623;;0
3693716;;0
3694152;;0
3694575;;0
3695363;;0
3695405;;0
3695796;;0
3696688;;0
3696754;;0
3697201;;0
3697538;;0
3697811;;0
3699354;adib.tamtama;1
3699503;;0
3699960;;0
3700131;adib.tamtama;1
3702049;adib.tamtama;1
3704082;;0
3704415;;0
3704762;;0
3705717;;0
3705728;;0
3705850;;0
3706667;;0
3707387;;0
3707398;;0
3707697;;0
3707935;;0
3708102;;0
3708129;;0
3708512;adib.tamtama;1
3709992;;0
3710717;;0
3711699;;0
3712497;;0
3713099;;0
3713666;;0
3716266;;0
3716656;;0
3716940;;0
3717073;;0
3718437;;0
3718474;;0
3718684;;0
3719587;;0
3721925;;0
3723564;;0
3723608;;0
3724585;;0
3724690;raka.prawira;1
3727436;;0
3727476;;0
3731227;;0
3731810;raka.prawira;1
3732756;;0
3733210;;0
3734327;;0
3734336;;0
3734430;;0
3735301;;0
3737602;;0
3737690;;0
3737698;;0
3738210;;0
3738948;raka.prawira;1
3740329;;0
3740821;;0
3741114;;0
3742107;;0
3742352;;0
3743557;;0
3743928;;0
3744475;;0
3748592;;0
3749387;adib.tamtama;1
3749514;;0
3749789;;0
3753788;;0
3754880;;0
3755262;;0
3755886;;0
3756021;raka.prawira;1
3756398;;0
3756563;;0
3757467;;0
3758427;;0
3759565;;0
3762215;raka.prawira;1
3762762;;0
3763102;raka.prawira;1
3763170;;0
3763788;;0
3764533;;0
3765386;;0
3766813;adib.tamtama;1
3767401;;0
3767561;raka.prawira;1
3769071;;0
3770681;adib.tamtama;1
3771812;;0
3771819;;0
3772239;raka.prawira;1
3772316;;0
3774617;;0
3775831;;0
3776812;;0
3777451;;0
3777635;raka.prawira;1
3778910;adib.tamtama;1
3779246;;0
3780597;;0
3780777;;0
3782214;;0
3782967;;0
3782999;;0
3783150;;0
3784302;;0
3786662;;0
3786818;adib.tamtama;1
3787871;;0
3789250;adib.tamtama;1
3789534;;0
3791086;;0
3791297;raka.prawira;1
3793061;;0
3793584;;0
3794474;;0
3794636;;0
3796294;;0
3796951;;0
3797114;;0
3798226;adib.tamtama;1
3798566;;0
3799431;;0
3799630;;0
3799759;;0
3799807;;0
3800224;;0
3800504;;0
3802276;;0
3803918;;0
3804334;adib.tamtama;1
3807170;;0
3807728;;0
3809094;;0
3809673;;0
3809764;;0
3810551;raka.prawira;1
3810578;;0
3810772;;0
3811986;;0
3812337;;0
3812775;;0
3813124;;0
3814272;adib.tamtama;1
3814399;;0
3814643;adib.tamtama;1
3814749;;0
3815252;;0
3815498;adib.tamtama;1
3816852;;0
3820003;;0
3820486;raka.prawira;1
3820502;;0
3821013;;0
3821770;;0
3826197;;0
3826768;;0
3829437;;0
3829790;;0
3831895;;0
3832681;;0
3835087;adib.tamtama;1
3835980;;0
3837066;;0
3839436;;0
3841349;;0
3842662;;0
3843409;;0
3845003;;0
3845620;raka.prawira;1
3846701;;0
3846870;raka.prawira;1
3847788;;0
3848693;raka.prawira;1
3849246;adib.tamtama;1
3850251;;0
3850952;;0
3851169;;0
3851716;;0
3852918;raka.prawira;1
3855105;;0
3855480;;0
3855878;;0
3855884;;0
3856329;;0
3858507;;0
3858809;;0
3859266;;0
3859427;;0
3860399;;0
3861215;;0
3861661;;0
3861749;;0
3861934;;0
3864594;;0
3865859;;0
3866687;raka.prawira;1
3867443;raka.prawira;1
3874725;raka.prawira;1
3875819;;0
3876826;;0
3876832;;0
3877003;raka.prawira;1
3877181;adib.tamtama;1
3878019;raka.prawira;1
3878672;raka.prawira;1
3879088;;0
3880870;adib.tamtama;1
3880949;raka.prawira;1
3881066;raka.prawira;1
3881740;raka.prawira;1
3882604;raka.prawira;1
3882933;raka.prawira;1
3884157;raka.prawira;1
3884257;adib.tamtama;1
3884325;raka.prawira;1
3886278;;0
3886912;raka.prawira;1
3887501;;0
3888468;;0
3888618;;0
3890401;;0
3891976;;0
3892991;;0
3893969;;0
3894308;;0
3894417;;0
3894523;raka.prawira;1
3896178;;0
3897294;;0
3899704;;0
3899720;;0
3900258;;0
3901247;;0
3902402;;0
3902557;;0
3902593;;0
3903172;adib.tamtama;1
3903900;;0
3904564;;0
3906011;raka.prawira;1
3908049;raka.prawira;1
3908574;raka.prawira;1
3908741;;0
3911593;;0
3914135;;0
3916764;;0
3917037;;0
3917801;raka.prawira;1
3918774;raka.prawira;1
3919618;raka.prawira;1
3921067;;0
3922032;;0
3922422;raka.prawira;1
3922935;raka.prawira;1
3924747;raka.prawira;1
3924838;;0
3925846;;0
3926447;raka.prawira;1
3926944;;0
3927310;raka.prawira;1
3927627;;0
3929361;;0
3929652;raka.prawira;1
3929852;raka.prawira;1
3930711;;0
3931515;;0
3931565;;0
3931684;;0
3931928;adib.tamtama;1
3932229;;0
3932436;adib.tamtama;1
3933291;;0
3933726;raka.prawira;1
3933965;;0
3935378;;0
3936751;;0
3937050;;0
3937488;;0
3938622;;0
3940239;;0
3941589;;0
3942518;;0
3943184;;0
3943976;;0
3944435;;0
3944936;;0
3947359;raka.prawira;1
3947458;adib.tamtama;1
3947723;;0
3948525;;0
3948900;;0
3950245;;0
3950564;raka.prawira;1
3951121;;0
3951191;;0
3954688;raka.prawira;1
3955068;adib.tamtama;1
3955073;;0
3955489;;0
3957603;raka.prawira;1
3957778;;0
3957983;raka.prawira;1
3958651;;0
3961398;;0
3963089;adib.tamtama;1
3964216;;0
3965723;raka.prawira;1
3965878;;0
3966794;;0
3968342;;0
3968803;adib.tamtama;1
3969389;;0
3972041;;0
3972979;raka.prawira;1
3973948;;0
3974069;;0
3974316;;0
3975947;adib.tamtama;1
3979596;raka.prawira;1
3981054;;0
3981152;raka.prawira;1
3981372;adib.tamtama;1
3983990;;0
3985364;;0
3985737;raka.prawira;1
3986104;;0
3987895;;0
3987930;adib.tamtama;1
3990203;;0
3990345;raka.prawira;1
3990454;adib.tamtama;1
3991027;raka.prawira;1
3994889;;0
3996071;;0
3997640;;0
3998355;;0
3998774;;0
3999038;;0
3999043;adib.tamtama;1
4000486;;0
4002324;;0
4003873;;0
4005601;;0
4005692;;0
4005699;;0
4005928;adib.tamtama;1
4006220;;0
4006325;;0
4006963;;0
4007434;raka.prawira;1
4008212;;0
4008489;;0
4010288;;0
4010505;;0
4010618;;0
4010804;adib.tamtama;1
4012083;;0
4013227;raka.prawira;1
4013294;;0
4015457;;0
4015661;;0
4017701;adib.tamtama;1
4018172;adib.tamtama;1
4019715;;0
4020330;raka.prawira;1
4020374;;0
4020534;raka.prawira;1
4021178;;0
4021566;;0
4021588;raka.prawira;1
4021901;adib.tamtama;1
4022243;raka.prawira;1
4022693;;0
4024724;;0
4026892;;0
4027354;;0
4029184;raka.prawira;1
4029724;;0
4030316;raka.prawira;1
4031127;;0
4031388;adib.tamtama;1
4031549;;0
4033434;adib.tamtama;1
4033759;;0
4033987;;0
4035134;;0
4036208;;0
4036481;;0
4037591;raka.prawira;1
4038931;raka.prawira;1
4039955;;0
4040444;adib.tamtama;1
4040566;raka.prawira;1
4040938;;0
4045290;;0
4046055;;0
4047245;;0
4048784;adib.tamtama;1
4048858;;0
4050023;;0
4051420;;0
4060205;adib.tamtama;1
4060885;;0
4063137;adib.tamtama;1
4063494;raka.prawira;1
4064163;adib.tamtama;1
4065118;;0
4066117;;0
4066473;;0
4067754;raka.prawira;1
4069636;adib.tamtama;1
4071596;;0
4073742;raka.prawira;1
4074340;;0
4075858;;0
4076090;;0
4076387;;0
4076633;;0
4078307;;0
4078849;adib.tamtama;1
4078937;;0
4079002;;0
4079578;;0
4079645;raka.prawira;1
4079778;;0
4079845;;0
4080246;;0
4081627;;0
4082103;raka.prawira;1
4082714;;0
4083944;adib.tamtama;1
4084800;;0
4086205;raka.prawira;1
4086949;;0
4087208;raka.prawira;1
4087251;;0
4087364;;0
4088040;;0
4088589;raka.prawira;1
4088683;;0
4089483;;0
4089671;adib.tamtama;1
4091664;;0
4093498;raka.prawira;1
4095098;;0
4095242;;0
4096654;;0
4097297;;0
4099204;;0
4100359;;0
4102846;;0
4103348;raka.prawira;1
4107869;;0
4108843;;0
4109361;;0
4109849;raka.prawira;1
4110391;adib.tamtama;1
4111554;;0
4112762;;0
4113114;;0
4113774;adib.tamtama;1
4114235;adib.tamtama;1
4115028;;0
4115322;;0
4115355;;0
4117062;;0
4120927;adib.tamtama;1
4121061;;0
4121105;;0
4123177;;0
4126708;;0
4126978;;0
4127639;;0
4127648;;0
4127698;adib.tamtama;1
4128511;;0
4131283;;0
4132352;;0
4132454;;0
4132785;raka.prawira;1
4132806;raka.prawira;1
4132905;raka.prawira;1
4134668;;0
4136423;adib.tamtama;1
4137163;;0
4137557;;0
4138691;;0
4139056;;0
4139205;raka.prawira;1
4139235;raka.prawira;1
4140025;raka.prawira;1
4140322;raka.prawira;1
4142871;;0
4144775;;0
4145015;;0
4145295;;0
4145594;;0
4145862;;0
4146549;;0
4148595;raka.prawira;1
4153306;;0
4154379;;0
4155804;;0
4158765;;0
4159104;;0
4160585;;0
4164024;;0
4165809;adib.tamtama;1
4166123;;0
4167880;;0
4168483;raka.prawira;1
4170769;;0
4172085;;0
4172251;;0
4173771;;0
4174400;;0
4174884;;0
4175291;;0
4176647;;0
4177355;;0
4178036;;0
4178051;adib.tamtama;1
4180021;;0
4181099;;0
4181893;;0
4184777;;0
4186066;adib.tamtama;1
4186078;adib.tamtama;1
4186157;adib.tamtama;1
4187048;;0
4187509;;0
4188363;;0
4189743;;0
4189939;raka.prawira;1
4190324;;0
4190579;raka.prawira;1
4191687;;0
4191829;;0
4196724;;0
4197663;;0
4198000;raka.prawira;1
4199037;raka.prawira;1
4201153;;0
4202049;adib.tamtama;1
4202682;;0
4203070;adib.tamtama;1
4203999;raka.prawira;1
4204188;;0
4204814;;0
4206145;;0
4206754;adib.tamtama;1
4207479;adib.tamtama;1
4209895;;0
4210573;;0
4212380;;0
4213255;;0
4216678;;0
4216939;;0
4218446;raka.prawira;1
4218657;;0
4220082;;0
4221998;;0
4222175;adib.tamtama;1
4222371;adib.tamtama;1
4224076;;0
4224558;;0
4224896;;0
4225017;;0
4225451;;0
4226279;;0
4226388;;0
4226954;;0
4227643;adib.tamtama;1
4230333;adib.tamtama;1
4230531;;0
4230925;;0
4231544;;0
4233051;;0
4233101;;0
4233816;;0
4235864;raka.prawira;1
4237113;;0
4237892;;0
4239601;;0
4241831;;0
4242259;;0
4242415;;0
4242420;;0
4242901;;0
4243792;;0
4244072;;0
4244362;raka.prawira;1
4244996;;0
4246210;;0
4247498;raka.prawira;1
4248248;;0
4251005;;0
4251402;adib.tamtama;1
4251710;;0
4253060;;0
4253398;raka.prawira;1
4254305;;0
4254517;raka.prawira;1
4254628;;0
4255108;;0
4255206;;0
4255858;;0
4255975;;0
4256379;;0
4256705;raka.prawira;1
4260415;;0
4260673;;0
4261335;;0
4261877;;0
4262541;;0
4262763;;0
4262833;;0
4263030;raka.prawira;1
4263713;;0
4264037;;0
4264848;raka.prawira;1
4265701;;0
4266806;;0
4266879;adib.tamtama;1
4267704;adib.tamtama;1
4269068;;0
4271199;adib.tamtama;1
4272498;;0
4273162;;0
4273738;;0
4274550;raka.prawira;1
4274939;;0
4276289;;0
4277614;raka.prawira;1
4277729;;0
4278019;adib.tamtama;1
4278914;raka.prawira;1
4278986;;0
4279451;;0
4281950;;0
4282415;;0
4284961;;0
4290672;raka.prawira;1
4291672;adib.tamtama;1
4292867;raka.prawira;1
4292919;;0
4293951;;0
4294102;raka.prawira;1
4294349;adib.tamtama;1
4294698;;0
4296178;;0
4296836;raka.prawira;1
4299014;raka.prawira;1
4299288;;0
4300605;;0
4301723;;0
4302035;adib.tamtama;1
4302302;adib.tamtama;1
4303184;;0
4304980;raka.prawira;1
4305326;raka.prawira;1
4306055;;0
4307332;raka.prawira;1
4308472;;0
4308498;;0
4309529;raka.prawira;1
4311667;raka.prawira;1
4311840;;0
4313258;;0
4316033;;0
4316947;raka.prawira;1
4320052;raka.prawira;1
4320618;;0
4323282;adib.tamtama;1
4323496;;0
4324041;;0
4324128;adib.tamtama;1
4325689;;0
4326268;;0
4326842;;0
4326872;adib.tamtama;1
4327928;;0
4329303;;0
4329996;;0
4330030;;0
4330203;raka.prawira;1
4330464;raka.prawira;1
4330624;raka.prawira;1
4330913;;0
4331111;;0
4335323;adib.tamtama;1
4336244;;0
4336644;raka.prawira;1
4338057;raka.prawira;1
4338847;;0
4338916;;0
4340908;adib.tamtama;1
4341883;;0
4342881;;0
4343125;;0
4343258;raka.prawira;1
4345216;;0
4345898;;0
4346200;;0
4346294;;0
4349476;;0
4349552;;0
4349691;;0
4351804;raka.prawira;1
4352935;;0
4353484;raka.prawira;1
4356221;;0
4358837;;0
4361834;raka.prawira;1
4363328;raka.prawira;1
4363499;;0
4364328;raka.prawira;1
4364582;;0
4364594;;0
4365640;;0
4366282;raka.prawira;1
4369386;;0
4370374;adib.tamtama;1
4371125;;0
4371683;;0
4372227;;0
4373177;;0
4373214;;0
4373483;;0
4374076;;0
4374082;;0
4374120;;0
4374777;;0
4375178;;0
4375501;;0
4376460;adib.tamtama;1
4376798;raka.prawira;1
4377934;;0
4378938;;0
4379056;;0
4379983;;0
4380439;raka.prawira;1
4380674;;0
4382568;;0
4383292;adib.tamtama;1
4386357;;0
4386578;;0
4388113;adib.tamtama;1
4389164;;0
4391893;;0
4391919;;0
4392904;raka.prawira;1
4396810;;0
4397782;adib.tamtama;1
4398731;;0
4399002;;0
4400976;adib.tamtama;1
4401314;;0
4404096;;0
4404624;raka.prawira;1
4405192;;0
4405664;raka.prawira;1
4408689;adib.tamtama;1
4408942;adib.tamtama;1
4409904;;0
4411509;;0
4411839;;0
4413910;raka.prawira;1
4413919;raka.prawira;1
4413943;;0
4414503;;0
4414723;;0
4415716;adib.tamtama;1
4416258;;0
4416818;;0
4416822;;0
4417401;;0
4422550;;0
4422585;;0
4422603;;0
4422862;adib.tamtama;1
4423269;;0
4424091;raka.prawira;1
4426248;raka.prawira;1
4426647;adib.tamtama;1
4427592;;0
4427799;;0
4429608;;0
4430101;;0
4431824;;0
4432458;;0
4432860;;0
4432872;;0
4432883;;0
4433355;;0
4435349;;0
4436254;;0
4436816;;0
4438704;;0
4440097;adib.tamtama;1
4440460;;0
4440586;;0
4441690;;0
4443736;;0
4444433;;0
4445472;adib.tamtama;1
4446637;;0
4448360;;0
4451176;;0
4451914;;0
4452152;;0
4453193;adib.tamtama;1
4453252;;0
4454207;;0
4454212;adib.tamtama;1
4455238;;0
4455283;;0
4455703;;0
4456237;;0
4456661;;0
4457209;;0
4457503;;0
4458952;adib.tamtama;1
4458982;;0
4459207;;0
4460384;;0
4461162;raka.prawira;1
4461342;;0
4461522;raka.prawira;1
4462802;;0
4463641;;0
4463726;;0
4464464;;0
4465769;adib.tamtama;1
4466485;raka.prawira;1
4466888;;0
4467401;raka.prawira;1
4467611;;0
4471103;;0
4471422;;0
4472506;;0
4473147;;0
4474045;;0
4474348;;0
4476783;;0
4477368;;0
4478080;;0
4479053;;0
4479697;;0
4480475;;0
4480617;;0
4482635;adib.tamtama;1
4483254;;0
4486063;;0
4486226;;0
4486623;raka.prawira;1
4486698;;0
4487114;adib.tamtama;1
4487684;;0
4488273;;0
4489386;;0
4490127;adib.tamtama;1
4490938;;0
4491687;;0
4491714;;0
4492655;;0
4492889;;0
4493356;;0
4493813;;0
4494447;;0
4495171;;0
4495679;;0
4496373;raka.prawira;1
4498998;raka.prawira;1
4499502;;0
4500832;raka.prawira;1
4502923;;0
4503935;;0
4504606;;0
4505047;;0
4507468;;0
4509495;;0
4511678;;0
4512270;;0
4513515;;0
4515375;;0
4516964;;0
4517326;raka.prawira;1
4517335;;0
4521253;;0
4523056;;0
4523162;;0
4523850;;0
4524225;adib.tamtama;1
4524315;;0
4524865;;0
4526637;;0
4527157;;0
4529300;;0
4529453;;0
4531816;;0
4532792;raka.prawira;1
4534049;;0
4534474;;0
4534538;;0
4534765;raka.prawira;1
4538981;;0
4539775;;0
4539950;;0
4541752;adib.tamtama;1
4542242;;0
4543798;;0
4544335;;0
4544583;;0
4545229;;0
4545441;;0
4545470;;0
4545493;raka.prawira;1
4545507;raka.prawira;1
4547511;;0
4548488;raka.prawira;1
4551988;;0
4552187;raka.prawira;1
4552247;;0
4552574;;0
4552936;;0
4554751;;0
4555355;;0
4555436;;0
4558853;;0
4559087;;0
4559254;;0
4559640;raka.prawira;1
4559986;;0
4560441;;0
4560951;raka.prawira;1
4562244;;0
4562324;;0
4565210;;0
4568041;;0
4568110;;0
4568971;;0
4569369;;0
4569954;;0
4571080;;0
4571542;;0
4571965;;0
4572151;;0
4574232;;0
4574469;;0
4575250;adib.tamtama;1
4576670;;0
4578128;;0
4578456;;0
4581118;;0
4581433;;0
4582798;;0
4583035;;0
4583041;;0
4583350;;0
4583839;;0
4584358;;0
4584428;;0
4584665;;0
4584960;;0
4587746;;0
4588004;adib.tamtama;1
4589277;adib.tamtama;1
4590342;;0
4591005;;0
4591336;;0
4591660;;0
4591948;raka.prawira;1
4592122;raka.prawira;1
4592568;;0
4592601;;0
4592791;raka.prawira;1
4593294;;0
4593681;;0
4593731;;0
4593818;;0
4594191;;0
4594350;;0
4596457;;0
4598899;raka.prawira;1
4598960;raka.prawira;1
4599016;raka.prawira;1
4599224;adib.tamtama;1
4599245;adib.tamtama;1
4599299;raka.prawira;1
4599361;adib.tamtama;1
4599376;raka.prawira;1
4610888;raka.prawira;1
4611051;raka.prawira;1
4611219;raka.prawira;1
4611327;raka.prawira;1
4611415;raka.prawira;1
4611527;raka.prawira;1
4611707;;0
4611719;raka.prawira;1
4611800;raka.prawira;1
4611844;adib.tamtama;1
4611875;raka.prawira;1
4611882;raka.prawira;1
4611909;raka.prawira;1
4611924;raka.prawira;1
4612042;raka.prawira;1
4612102;raka.prawira;1
4612125;raka.prawira;1
4612219;raka.prawira;1
4612254;raka.prawira;1
4612264;adib.tamtama;1
4612286;raka.prawira;1
4612353;raka.prawira;1
4612404;raka.prawira;1
4612453;raka.prawira;1
4612493;raka.prawira;1
4612526;raka.prawira;1
4612637;raka.prawira;1
4612807;raka.prawira;1
4612831;raka.prawira;1
4612840;raka.prawira;1
4612930;raka.prawira;1
4612958;raka.prawira;1
4612976;raka.prawira;1
4612977;raka.prawira;1
4613124;raka.prawira;1
4613147;raka.prawira;1
4613177;raka.prawira;1
4613184;raka.prawira;1
4613225;raka.prawira;1
4613440;raka.prawira;1
4613530;raka.prawira;1
4613591;adib.tamtama;1
4613645;raka.prawira;1
4613654;raka.prawira;1
4613756;;0
4613760;raka.prawira;1
4613814;raka.prawira;1
4613916;adib.tamtama;1
4614008;adib.tamtama;1
4614024;raka.prawira;1
4614063;raka.prawira;1
4614103;raka.prawira;1
4614137;raka.prawira;1
4614138;raka.prawira;1
4614175;raka.prawira;1
4614195;;0
4614217;raka.prawira;1
4614383;raka.prawira;1
4634242;raka.prawira;1
4634457;raka.prawira;1
4634667;adib.tamtama;1
4635148;raka.prawira;1
4635150;raka.prawira;1
4635162;raka.prawira;1
4635237;;0
4635273;raka.prawira;1
4635292;raka.prawira;1
4635321;;0
4635364;raka.prawira;1
4635365;adib.tamtama;1
4635451;adib.tamtama;1
4635561;raka.prawira;1
4647485;;0
4647486;;0
4647487;;0
4647488;;0
4647489;;0
4647490;;0
4647491;;0
4647492;raka.prawira;1
4647493;;0
4647494;;0
4647495;;0
4647496;;0
4647497;;0
4647498;;0
4647499;;0
4647500;;0
4647501;;0
4647502;;0
4647503;;0
4647504;;0
4647505;;0
4647506;;0
4647507;;0
4647508;;0
4647509;;0
4647510;;0
4647511;;0
4647512;;0
4647513;;0
4647514;;0
4647515;;0
4647516;;0
4647517;;0
4647518;;0
4647519;;0
4647520;;0
4647521;;0
4647522;;0
4647523;;0
4647524;;0
4647525;;0
4647526;;0
4647527;;0
4647528;;0
4647529;;0
4647530;;0
4647531;;0
4647532;;0
4647533;;0
4647534;;0
4647535;;0
4647536;;0
4647537;;0
4647538;;0
4647539;;0
4647540;;0
4647541;;0
4902683;;0
4902684;;0
4902685;;0
4902686;;0
4902687;;0
4902688;;0
4902689;;0
4902690;;0
4902691;;0
4902692;;0
4902693;;0
4902694;;0
4902695;;0
4902696;;0
4902697;;0
4902698;;0
4902699;;0
4902700;;0
4902701;;0
4902702;;0
4902703;;0
4902704;adib.tamtama;1
4902705;;0
4902706;;0
4902707;;0
4902708;;0
4902709;;0
4902710;;0
4902711;;0
4902712;;0
4902713;;0
4902714;;0
4902715;;0
4902716;;0
4902717;;0
4902718;;0
4902719;raka.prawira;1
4902720;raka.prawira;1
4902721;;0
4902722;;0
4902723;;0
4902724;;0
4902725;raka.prawira;1
4902726;raka.prawira;1
4902727;raka.prawira;1
4902728;raka.prawira;1
4902729;raka.prawira;1
4902730;raka.prawira;1
4902731;raka.prawira;1
4902732;raka.prawira;1
4902733;raka.prawira;1
4902734;raka.prawira;1
4902735;raka.prawira;1
4902736;raka.prawira;1
4902737;raka.prawira;1
4902738;raka.prawira;1
4902739;raka.prawira;1
4902740;raka.prawira;1
4902741;raka.prawira;1
4902742;raka.prawira;1
4902743;raka.prawira;1
4902744;;0
4902745;;0
4902746;;0
4902747;;0
4902748;;0
4902749;;0
4902750;;0
4902751;;0
4902752;;0
4902753;;0
4902754;;0
4902755;;0
4902756;;0
4902757;;0
4902758;;0
4902759;;0
4902760;;0
4902761;;0
4902762;;0
4902763;;0
4902764;;0
4902765;;0
4902766;;0
4902767;;0
4902768;;0
4902769;;0
4902770;;0
4902771;;0
4902772;;0
4902773;;0
4902774;;0
4902775;;0
4902776;;0
4902777;;0
4902778;;0
4902779;;0
4902780;;0
4902781;;0
4902782;;0
4902783;;0
4902784;;0
4902785;;0
4902786;;0
4902787;;0
4902788;;0
4902789;;0
4902790;;0
4902791;;0
4902792;;0
4902793;;0
4902794;raka.prawira;1
4902795;;0
4902796;;0
4902797;;0
4902798;;0
4902799;;0
4902800;;0
4902801;;0
4902802;;0
4902803;;0
4902804;;0
4902805;;0
4902806;;0
4902807;;0
4902808;;0
4902809;;0
4902810;;0
4902811;;0
4902812;;0
4902813;;0
4902814;;0
4902815;;0
4902816;;0
4902817;;0
4902818;;0
4902819;;0
4902820;;0
4902821;raka.prawira;1
4902822;;0
4902823;;0
4902824;;0
4902825;;0
4902826;;0
4902827;;0
4902828;;0
4902829;;0
4902830;;0
4902831;;0
4902832;;0
4902833;;0
4902834;;0
4902835;;0
4902836;;0
4902837;adib.tamtama;1
4902838;;0
4902839;;0
4902840;;0
4902841;;0
4902842;;0
4902843;;0
4902844;;0
4902845;;0
4902846;;0
4902847;;0
4902848;;0
4902849;;0
4902850;;0
4902851;;0
4902852;;0
4902853;;0
4902854;;0
4902855;;0
4902856;;0
4902857;;0
4902858;;0
4902859;;0
4902860;;0
4902861;;0
4902862;;0
4902863;;0
4902864;;0
4902865;;0
4902866;raka.prawira;1
4902867;;0
4902868;;0
4902869;;0
4902870;;0
4902871;;0
4902872;;0
4902873;;0
4902874;;0
4902875;;0
4902876;;0
4902877;;0
4902878;;0
4902879;;0
4905309;;0
4905310;;0
4905311;;0
4905312;;0
4905313;;0
4905314;;0
4905315;;0
4905316;;0
4905317;;0
4905318;;0
4905319;;0
4905320;;0
4905321;;0
4905322;;0
4905323;;0
4905324;;0
4905666;raka.prawira;1
4905667;;0
4905668;;0
4905669;;0
4943789;;0
4943790;;0
4943791;;0
4943792;;0
4943793;;0
4943794;;0
4943795;;0
4943796;;0
4955809;;0
4955810;;0
4955811;;0
4955812;;0
4955813;;0
4955814;;0
4955815;;0
4955816;;0
4955817;;0
4955818;;0
4955819;;0
4955820;;0
4955821;;0
4955822;;0
4955823;;0
4955824;raka.prawira;1
4955825;;0
4955826;;0
4955827;;0
4973766;;0
4973767;;0
4973768;;0
4973769;;0
4973770;;0
4973771;;0
4973772;;0
4973773;;0
4973774;;0
4973775;;0
4973776;;0
4973777;;0
4973778;;0
4973779;;0
4973780;;0
4973963;raka.prawira;1
4973964;;0
4973965;;0
5373120;;0
5373184;;0
5373185;;0
5373186;;0
5373187;;0
5373188;;0
5373189;;0
5373190;;0
5373191;;0
5373192;;0
5373193;;0
5373194;;0
5373195;;0
5373196;;0
5373197;;0
5373198;;0
5373199;;0
5373200;;0
5373201;;0
5373202;;0
5373203;;0
5373204;;0
5373205;;0
5373206;;0
5373207;;0
5373208;;0
5373209;;0
5373210;;0
5373211;;0
5373212;;0
5373213;;0
5373214;;0
5373215;;0
5373216;;0
5373217;;0
5373218;;0
5373219;;0
5373220;;0
5373221;;0
5373222;;0
5373223;;0
5373224;;0
5373225;raka.prawira;1
5373226;;0
5373227;;0
5373228;;0
5373229;;0
5373230;;0
5373231;;0
5373232;;0
5373233;;0
5373234;;0
5373235;;0
5373236;;0
5373237;;0
5373238;;0
5373239;;0
5373240;;0
5373241;;0
5373242;raka.prawira;1
5373243;;0
5373244;;0
5373245;;0
5373246;;0
5373247;;0
5373248;;0
5373249;;0
5373250;;0
5373251;;0
5373252;;0
5373253;;0
5373254;;0
5373255;;0
5373256;;0
5373257;;0
5373258;;0
5373259;;0
5373260;;0
5373261;adib.tamtama;1
5373262;;0
5373263;;0
5373264;;0
5373265;;0
5373266;;0
5373267;adib.tamtama;1
5373268;;0
5373269;;0
5373270;;0
5373271;;0
5373272;;0
5373273;;0
5373274;;0
5373275;;0
5373276;;0
5373277;;0
5373278;;0
5373279;;0
5373280;;0
5373281;;0
5373282;;0
5373283;;0
5373284;adib.tamtama;1
5373285;;0
5373286;;0
5373287;;0
5373288;;0
5373289;;0
5373290;;0
5373291;;0
5373292;;0
5373293;;0
5373294;;0
5373295;;0
5373296;;0
5373297;adib.tamtama;1
5373298;;0
5373299;;0
5373300;;0
5373301;;0
5373302;;0
5373303;;0
5373304;;0
5373305;;0
5373306;;0
5373307;;0
5373308;;0
5373309;;0
5373310;;0
5373311;;0
5373312;;0
5373313;;0
5373314;;0
5373315;;0
5373316;;0
5373317;;0
5373318;;0
5373319;;0
5373320;;0
5373321;;0
5373322;;0
5373323;;0
5373324;;0
5373325;;0
5373326;;0
5373327;;0
5373328;;0
5373329;;0
5373330;;0
5373331;;0
5373332;;0
5373333;;0
5373334;;0
5373335;;0
5373336;;0
5373337;;0
5373338;;0
5373339;;0
5373340;;0
5373341;raka.prawira;1
5373342;;0
5373343;;0
5373344;;0
5373345;;0
5373346;;0
5373347;;0
5373348;;0
5373349;;0
5373350;;0
5373351;;0
5373352;;0
5373353;;0
5373354;;0
5373355;;0
5373356;;0
5373357;;0
5373358;;0
5373359;;0
5373360;;0
5373361;;0
5373362;;0
5373363;;0
5373364;;0
5373365;;0
5373366;;0
5373367;;0
5373368;;0
5373369;;0
5373370;;0
5373371;;0
5373372;;0
5373373;;0
5373374;;0
5373375;;0
5373376;;0
5373377;;0
5373378;;0
5373379;;0
5373380;;0
5373381;;0
5373382;;0
5373383;;0
5373384;;0
5373385;;0
5373386;;0
5373387;;0
5373388;;0
5373389;;0
5373390;;0
5373391;;0
5373392;;0
5373393;;0
5373394;;0
5373395;;0
5373396;;0
5373397;;0
5373398;;0
5373399;raka.prawira;1
5373400;;0
5373401;;0
5373402;;0
5373403;;0
5373404;;0
5373405;;0
5373406;;0
5373407;;0
5373408;;0
5373409;;0
5373410;;0
5373411;;0
5373412;;0
5373413;;0
5373414;;0
5373415;;0
5373416;;0
5373417;;0
5373418;;0
5373419;;0
5373420;;0
5373421;;0
5373422;;0
5373423;;0
5373424;;0
5373425;;0
5373426;;0
5373427;;0
5373428;;0
5373429;;0
5373430;;0
5373431;;0
5373432;;0
5373433;;0
5373434;;0
5373435;;0
5373436;;0
5373437;;0
5373438;;0
5373439;;0
5373440;;0
5373441;;0
5373442;;0
5373443;;0
5373444;;0
5373445;;0
5373446;;0
5373447;;0
5373448;;0
5373449;;0
5373450;;0
5373451;;0
5373452;;0
5373453;;0
5373454;;0
5373455;;0
5373456;;0
5373457;;0
5373458;;0
5373459;;0
5373460;;0
5373461;;0
5373462;;0
5373463;;0
5373464;;0
5373465;;0
5373466;;0
5373467;;0
5373468;;0
5373469;;0
5373470;;0
5373471;;0
5373472;;0
5373473;;0
5373474;;0
5373475;;0
5373476;;0
5373477;;0
5373478;;0
5373479;;0
5373480;;0
5373481;;0
5373482;;0
5373483;;0
5373484;;0
5373485;;0
5373486;;0
5373487;;0
5373488;;0
5373489;;0
5373490;;0
5373491;;0
5373492;;0
5373493;;0
5373494;;0
5373495;;0
5373496;;0
5373497;;0
5373498;;0
5373499;;0
5373500;;0
5373501;;0
5373502;;0
5373503;;0
5373504;;0
5373505;;0
5373506;;0
5373507;;0
5373508;;0
5373509;;0
5373510;;0
5373511;;0
5373512;;0
5373513;;0
5373514;;0
5373515;;0
5373516;;0
5373517;;0
5373518;;0
5373519;;0
5373520;;0
5373521;;0
5373522;;0
5373523;;0
5373524;;0
5373525;;0
5373526;;0
5373527;;0
5373528;;0
5373529;;0
5373530;;0
5373531;;0
5373532;;0
5373533;;0
5373534;;0
5373535;;0
5373536;;0
5373537;;0
5373538;raka.prawira;1
5373539;;0
5373540;;0
5373541;;0
5373542;;0
5373543;;0
5373544;;0
5373545;;0
5373546;;0
5373547;;0
5373548;;0
5373549;;0
5373550;raka.prawira;1
5373551;;0
5373552;;0
5373553;;0
5373554;;0
5373555;;0
5373556;;0
5373557;;0
5373558;;0
5373559;;0
5373560;;0
5373561;;0
5373562;;0
5373563;;0
5373564;;0
5373565;;0
5373566;;0
5373567;;0
5373568;;0
5373569;;0
5373570;;0
5373571;;0
5373572;;0
5373573;;0
5373574;;0
5373575;;0
5373576;;0
5373577;;0
5373578;;0
5373579;;0
5373580;;0
5373581;;0
5373582;;0
5373583;;0
5373584;;0
5373585;;0
5373586;;0
5373587;;0
5373588;;0
5373589;;0
5373590;;0
5373591;;0
5373592;;0
5373593;;0
5373594;;0
5373595;;0
5373596;;0
5373597;;0
5373598;;0
5373599;;0
5373600;;0
5373601;;0
5373602;;0
5373603;;0
5373604;;0
5373605;;0
5373606;;0
5373607;;0
5373608;;0
5373609;;0
5373610;;0
5373611;;0
5373612;;0
5373613;;0
5373614;;0
5373615;;0
5373616;;0
5373617;;0
5373618;;0
5373619;;0
5373620;;0
5373621;;0
5373622;;0
5373623;adib.tamtama;1
5373624;;0
5373625;;0
5373626;;0
5373627;;0
5373628;;0
5373629;;0
5373630;;0
5373631;;0
5373632;;0
5373633;;0
5373634;;0
5373635;;0
5373636;;0
5373637;;0
5373638;;0
5373639;;0
5373640;;0
5373641;;0
5373642;;0
5373643;;0
5373644;;0
5373645;;0
5373646;;0
5373647;;0
5373648;;0
5373649;;0
5373650;;0
5373651;;0
5373652;;0
5373653;;0
5373654;;0
5373655;;0
5373656;;0
5373657;;0
5373658;;0
5373659;;0
5373660;;0
5373661;;0
5373662;;0
5373663;;0
5373664;;0
5373665;;0
5373666;;0
5373667;;0
5373668;;0
5373669;;0
5373670;;0
5373671;;0
5373672;;0
5373673;;0
5373674;;0
5373675;;0
5373676;;0
5373677;;0
5373678;;0
5373679;;0
5373680;;0
5373681;;0
5373682;;0
5373683;;0
5373684;;0
5373685;;0
5373686;;0
5373687;;0
5373688;;0
5373689;;0
5373690;;0
5373691;;0
5373692;;0
5373693;;0
5373694;;0
5373695;;0
5373696;;0
5373697;;0
5373698;;0
5373699;;0
5373700;;0
5373701;;0
5373702;;0
5373703;;0
5373704;;0
5373705;;0
5373706;;0
5373707;;0
5373708;;0
5373709;;0
5378861;;0
5378862;;0
5378863;;0
5378864;;0
5378865;;0
5378866;;0
5378867;;0
5378868;;0
5378869;;0
5378870;raka.prawira;1
5378871;;0
5378872;;0
5378873;;0
5378874;;0
5378875;;0
5378876;;0
5378877;;0
5378878;;0
5378879;;0
5378880;;0
5378881;;0
5378882;;0
5378883;;0
5378884;;0
5378885;;0
5378886;;0
5378887;;0
5378888;;0
5378889;;0
5378890;;0
5378891;;0
5378892;;0
5378893;;0
5378894;;0
5378895;;0
5378896;;0
5378897;;0
5378898;;0
5378899;;0
5378900;;0
5378901;;0
5378902;;0
5378903;;0
5378904;;0
5378905;;0
5378906;;0
5378907;;0
5378908;;0
5378909;;0
5378910;;0
5378911;;0
5378912;raka.prawira;1
5378913;;0
5378914;;0
5378915;;0
5378916;;0
5378917;;0
5378918;;0
5378919;;0
5378920;;0
5378921;;0
5378922;;0
5378923;;0
5378924;;0
5378925;;0
5378926;;0
5378927;;0
5378928;;0
5378929;;0
5378930;;0
5378931;;0
5378932;;0
5378933;;0
5378934;;0
5506447;;0
5506448;;0
5506449;;0
5506450;;0
5506451;;0
5506452;;0
5506453;;0
5506454;;0
5506455;;0
5506456;;0
5506457;raka.prawira;1
5506458;;0
5506459;;0
5506460;;0
5506461;;0
5506462;;0
5506463;;0
5506464;;0
5506465;;0
5506466;;0
5506467;;0
5506468;;0
5506469;;0
5506470;;0
5506471;;0
5506472;;0
5506473;;0
5506474;;0
5506475;;0
5506476;;0
5506477;;0
5506478;;0
5506479;;0
5506480;;0
5506481;;0
5506482;;0
5506483;;0
5506484;raka.prawira;1
5506485;;0
5506486;;0
5506487;;0
5506488;;0
5506489;;0
5507049;;0
5714552;;0
5714553;;0
5714554;;0
5714555;;0
5714556;;0
5714557;;0
5714558;;0
5714559;;0
5714560;;0
5714561;;0
5714562;;0
5714563;;0
5714564;;0
5714565;;0
5714566;;0
5714567;;0
5714568;;0
5714569;;0
5714570;;0
5714571;;0
5714572;;0
5714573;;0
5714574;;0
5714575;;0
5714576;;0
5714577;;0
5714578;;0
5714579;;0
5714580;;0
5714581;raka.prawira;1
5714582;;0
5714583;;0
5714584;;0
5714585;;0
5714586;;0
5714587;;0
5714588;;0
5714589;;0
5714590;;0
5714591;;0
5714592;;0
5714593;;0
5714594;;0
5714595;;0
5714596;;0
5714597;;0
5714598;;0
5714599;;0
5714600;;0
5714601;;0
5714602;;0
5714603;adib.tamtama;1
5714604;;0
5714605;;0
5714606;;0
5714607;;0
5714608;;0
5714609;;0
5714610;;0
5714611;adib.tamtama;1
5714612;;0
5714613;;0
5714614;;0
5714615;;0
5714616;;0
5714617;;0
5714618;;0
5714619;;0
5714620;raka.prawira;1
5714621;;0
5714622;;0
5714623;;0
5714624;;0
5714625;;0
5714626;;0
5714627;;0
5714628;;0
5714629;;0
5714630;;0
5714631;;0
5714632;;0
5714633;;0
5714634;;0
5714635;;0
5714636;;0
5714637;;0
5714638;;0
5714639;raka.prawira;1
5714640;;0
5714641;;0
5714642;raka.prawira;1
5714643;;0
5714644;;0
5714645;;0
5714646;;0
5714647;raka.prawira;1
5714648;;0
5714649;;0
5714650;;0
5714651;;0
5714652;;0
5714653;;0
5714654;;0
5714655;raka.prawira;1
5714656;;0
5714657;;0
5714658;;0
5714659;;0
5714660;;0
5714661;;0
5714662;;0
5714663;;0
5714664;raka.prawira;1
5714665;raka.prawira;1
5714666;;0
5714667;;0
5714668;;0
5714669;;0
5714670;;0
5714671;;0
5714672;;0
5714673;;0
5714674;;0
5714675;;0
5714676;;0
5714677;;0
5714678;;0
5714679;;0
5714680;;0
5714681;;0
5714682;;0
5714683;;0
5714684;;0
5714685;;0
5714686;;0
5714687;;0
5714688;;0
5714689;;0
5714690;;0
5714691;;0
5714692;;0
5714693;;0
5714694;;0
5714695;;0
5714696;;0
5714697;;0
5714698;;0
5714699;;0
5714700;;0
5714701;;0
5714702;;0
5714703;;0
5714704;;0
5714705;;0
5714706;;0
5714707;;0
5714708;;0
5714709;;0
5714710;raka.prawira;1
5714711;;0
5714712;;0
5714713;;0
5714714;;0
5714715;;0
5714716;;0
5714717;;0
5714718;;0
5714719;;0
5714720;;0
5714721;;0
5714722;;0
5714723;;0
5714724;;0
5714725;;0
5714726;;0
5714727;;0
5714728;;0
5714729;;0
5714730;;0
5714731;;0
5714732;;0
5714733;;0
5714734;;0
5714735;;0
5714736;;0
5714737;;0
5714738;;0
5714739;;0
5714740;;0
5714741;;0
5714742;raka.prawira;1
5714743;;0
5714744;;0
5714745;;0
5714746;;0
5714747;;0
5714748;;0
5714749;;0
5714750;;0
5714751;;0
5714752;;0
5714753;;0
5714754;;0
5714755;;0
5714756;;0
5714757;;0
5714758;;0
5714759;;0
5714760;;0
5714761;;0
5714762;;0
5714763;;0
5714764;;0
5714765;;0
5714766;;0
5714767;;0
5714768;;0
5714769;;0
5714770;;0
5714771;;0
5714772;;0
5717410;;0
5717411;;0
5717412;;0
5717413;;0
5717414;;0
5717415;raka.prawira;1
5717416;;0
5717417;;0
5717418;;0
5717419;;0
5717420;;0
5717421;;0
5717422;raka.prawira;1
5717423;;0
5717424;;0
5717425;;0
5717426;raka.prawira;1
5717427;;0
5717428;raka.prawira;1
5717429;;0
5717430;;0
5717431;;0
5717432;;0
5717433;raka.prawira;1
5717434;;0
5717435;;0
5717436;;0
5717437;;0
5717438;;0
5717439;;0
5717440;;0
5775585;;0
5775586;;0
5775587;;0
5775588;raka.prawira;1
5775589;;0
5775590;;0
5775591;;0
5775592;;0
5775593;;0
5775594;;0
5775595;;0
5775596;;0
5775597;;0
5775598;;0
5775599;;0
5775600;;0
5775601;;0
5775602;;0
5775603;;0
5775604;;0
5775605;;0
5775606;;0
5775607;;0
5775608;;0
5775609;;0
5775610;;0
5775611;;0
5775612;;0
5775613;;0
5775614;;0
5775615;;0
5775616;raka.prawira;1
5775617;raka.prawira;1
5775618;;0
5775619;;0
5775620;;0
5775621;;0
5775622;;0
5775623;;0
5775624;;0
5775625;;0
5775626;;0
5775627;;0
5775628;;0
5776099;raka.prawira;1
5776100;;0
5776101;;0
5776102;;0
5776103;;0
5776104;;0
5784608;;0
5784609;;0
5814910;;0
5814911;;0
5814912;;0
5814913;;0
5814914;;0
5814915;;0
5814916;;0
5814917;;0
5814918;;0
5814919;;0
5814920;;0
5814921;;0
5814922;;0
5814923;;0
5814924;;0
5814925;;0
5814926;;0
5814927;;0
5814928;;0
5814929;;0
5814930;;0
5814931;;0
5814932;;0
5814933;;0
5814934;;0
5814935;;0
5814936;;0
5814937;;0
5814938;;0
5814939;;0
5814940;;0
5814941;;0
5814942;;0
5814943;;0
5814944;;0
5814945;;0
5814946;;0
5814947;;0
5814948;;0
5814949;;0
5814950;;0
5814951;raka.prawira;1
5814952;;0
5814953;;0
5814954;;0
5814955;;0
5814956;;0
5814957;;0
5814958;;0
5814959;;0
5814960;;0
5814961;;0
5814962;;0
5814963;;0
5814964;;0
5814965;;0
5814966;;0
5814967;;0
5814968;;0
5814969;;0
5814970;;0
5814971;;0
5814972;;0
5814973;;0
5814974;;0
5814975;;0
5814976;;0
5814977;;0
5814978;;0
5814979;;0
5814980;;0
5814981;;0
5814982;;0
5814983;;0
5814984;;0
5814985;;0
5814986;;0
5814987;;0
5814988;;0
5814989;;0
5814990;;0
5814991;;0
5814992;;0
5814993;;0
5814994;;0
5814995;;0
5814996;;0
5814997;;0
5814998;;0
5814999;;0
5815000;;0
5815001;;0
5815002;;0
5815003;;0
5816100;raka.prawira;1
5816101;;0
5816102;;0
5816103;;0
5816104;;0
5816105;;0
5816106;;0
5816107;;0
5825068;;0
5825069;;0
5825070;raka.prawira;1
5825071;;0
5825072;;0
5825073;;0
5825074;raka.prawira;1
5825188;;0
5851007;;0
5851008;;0
5851009;;0
5851010;;0
5851011;;0
5851012;;0
5851013;;0
5851014;;0
5851015;;0
5851016;;0
5851017;;0
5851018;;0
5851019;;0
5851020;;0
5851021;;0
5851022;;0
5851023;;0
5851024;;0
5851025;raka.prawira;1
5851026;raka.prawira;1
5851027;;0
5851028;;0
5851029;;0
5851030;;0
5851031;;0
5851032;;0
5851033;;0
5851034;;0
5851332;;0
5851333;;0
5851334;;0
5851335;;0
5866454;;0
5866455;;0
5866456;adib.tamtama;1
5866457;;0
5866458;;0
5866459;raka.prawira;1
5866460;;0
5866461;;0
5866462;;0
5866463;raka.prawira;1
5866464;;0
5866465;adib.tamtama;1
5866466;;0
5866467;;0
5866468;;0
5866469;;0
5866470;;0
5866471;;0
5866472;;0
5866473;;0
5866474;;0
5866475;;0
5866476;;0
5866477;;0
5866478;;0
5866646;;0
5875231;;0
5875232;;0
5875233;raka.prawira;1
5875234;;0
5875235;;0
5875236;;0
5875237;;0
5875238;;0
5889575;raka.prawira;1
5889576;;0
5889577;raka.prawira;1
5889578;raka.prawira;1
5889579;;0
5889580;raka.prawira;1
5889581;;0
5889582;;0
5889583;;0
5889584;raka.prawira;1
5889585;;0
5889586;;0
5889587;;0
5889588;;0
5889589;;0
5889590;;0
5889591;;0
5889592;;0
5889747;;0
5889748;raka.prawira;1
5889749;raka.prawira;1
5950539;;0
5950540;;0
5951095;;0
5951096;;0
5952161;;0
5952534;;0
5952535;;0
5952536;;0
5952622;;0
5952623;;0
5952636;;0
5952968;;0
5952969;;0
5952970;;0
5952971;;0
5952972;;0
5955725;;0
5955726;;0
5955886;;0
5955910;raka.prawira;1
5955939;;0
5955940;;0
5955941;raka.prawira;1
5956013;raka.prawira;1
5956042;;0
5956043;;0
5956044;;0
5956203;;0
5956204;raka.prawira;1
5956205;;0
5956206;raka.prawira;1
5956207;;0
5956226;;0
5956227;;0
5956228;;0
5956229;;0
5956402;raka.prawira;1
5956523;;0
5956524;;0
5956525;;0
5956780;;0
5956874;;0
5956875;;0
5957091;raka.prawira;1
5957092;;0
5957954;;0
5958029;;0
5958030;;0
5958960;;0
5959676;;0
5959677;;0
5960137;raka.prawira;1
5960218;;0
5961023;;0
5961024;;0
5961025;;0
5961725;;0
5961742;;0
5961743;;0
5961744;;0
5961745;;0
5962064;;0
5962391;;0
5962528;raka.prawira;1
5966151;;0
5966152;;0
5966153;;0
5966154;;0
5966155;raka.prawira;1
5966156;;0
5966157;;0
5966158;;0
5966159;raka.prawira;1
5966160;raka.prawira;1
5966161;raka.prawira;1
5966162;;0
5966163;;0
5966164;;0
5966165;;0
5966166;adib.tamtama;1
5966167;;0
5976233;adib.tamtama;1
5976261;adib.tamtama;1
5976277;adib.tamtama;1
5976321;;0
5976518;raka.prawira;1
5976520;adib.tamtama;1
5976637;;0
5976680;raka.prawira;1
5976713;;0
5976732;;0
5976795;;0
5976802;raka.prawira;1
5976806;raka.prawira;1
5976811;;0
5976819;raka.prawira;1
5977056;;0
6043143;;0
6053379;raka.prawira;1
6054323;raka.prawira;1
6055323;;0
6058098;;0
6058100;adib.tamtama;1
6061244;raka.prawira;1
6061365;raka.prawira;1
6075497;raka.prawira;1
6077135;raka.prawira;1
6077136;;0
6077137;;0
6077138;adib.tamtama;1
6077312;;0
6077592;;0
6077603;;0
6077604;adib.tamtama;1
6077605;;0
6077606;;0
6077607;adib.tamtama;1
6077608;adib.tamtama;1
6077609;adib.tamtama;1
6077610;raka.prawira;1
6083451;raka.prawira;1
6083452;raka.prawira;1
6083453;;0
6083454;raka.prawira;1
6085836;raka.prawira;1
6085837;adib.tamtama;1
6085838;;0
6085839;;0
6085840;adib.tamtama;1
6085841;;0
6085842;raka.prawira;1
6085843;raka.prawira;1
6085844;;0
6085845;raka.prawira;1
6085846;raka.prawira;1
6085847;;0
6085848;;0
6085849;raka.prawira;1
6085850;raka.prawira;1
6085851;raka.prawira;1
6085852;;0
6085853;;0
6085854;raka.prawira;1
6085855;;0
6085856;;0
6085857;;0
6085858;raka.prawira;1
6085859;raka.prawira;1
6085860;raka.prawira;1
6085861;;0
6085862;;0
6085863;raka.prawira;1
6085872;adib.tamtama;1
6085873;adib.tamtama;1
6085874;adib.tamtama;1
6085875;;0
6085876;;0
6085877;;0
6095112;;0
6095113;;0
6095114;;0
6095115;;0
6095116;;0
6095117;;0
6095118;;0
6095119;;0
6095120;;0
6095121;;0
6095122;;0
6095123;raka.prawira;1
6095124;;0
6095125;raka.prawira;1
6095126;;0
6095127;;0
6095128;raka.prawira;1
6095129;;0
6095130;;0
6095131;;0
6095132;;0
6095133;;0
6095134;;0
6095135;;0
6095136;;0
6095137;;0
6095138;;0
6095139;;0
6095140;raka.prawira;1
6095141;;0
6095142;;0
6095143;;0
6095144;;0
6095145;;0
6095146;raka.prawira;1
6095147;adib.tamtama;1
6095148;;0
6095149;;0
6095150;;0
6095151;;0
6095152;;0
6096659;raka.prawira;1
6096660;raka.prawira;1
6171365;adib.tamtama;1
6171366;adib.tamtama;1
6171367;adib.tamtama;1
6171368;adib.tamtama;1
6171369;adib.tamtama;1
6171370;adib.tamtama;1
6171371;;0
6171372;;0
6171374;;0
6171375;;0
6171376;raka.prawira;1
6171383;adib.tamtama;1
6171386;adib.tamtama;1
6171387;;0
6171388;;0
6171389;;0
6171390;raka.prawira;1
6171391;raka.prawira;1
6171392;raka.prawira;1
6171393;;0
6171394;raka.prawira;1
6171395;raka.prawira;1
6171397;raka.prawira;1
6171403;;0
6171404;raka.prawira;1
6171405;raka.prawira;1
6171406;adib.tamtama;1
6171408;adib.tamtama;1
6171409;adib.tamtama;1
6171410;adib.tamtama;1
6171411;;0
6171412;;0
6171413;;0
6171414;;0
6171415;;0
6171416;;0
6171417;;0
6171419;;0
6171428;;0
6171430;;0
6171431;;0
6171432;;0
6171433;;0
6171434;;0
6171435;adib.tamtama;1
6171436;adib.tamtama;1
6171445;;0
6171446;raka.prawira;1
6171447;;0
6171448;;0
6171449;raka.prawira;1
6171492;adib.tamtama;1
6171493;adib.tamtama;1
6171494;raka.prawira;1
6171497;;0
6171498;;0
6171499;;0
6171500;;0
6171501;;0
6171502;;0
6171503;;0
6171504;;0
6171505;;0
6171506;;0
6171508;;0
6171509;;0
6171510;;0
6171511;adib.tamtama;1
6171512;adib.tamtama;1
6171513;;0
6171527;adib.tamtama;1
6171528;adib.tamtama;1
6171530;adib.tamtama;1
6171531;adib.tamtama;1
6171532;adib.tamtama;1
6171534;raka.prawira;1
6171535;;0
6171536;;0
6171537;;0
6171538;;0
6171539;adib.tamtama;1
6171541;;0
6192177;raka.prawira;1
6192178;raka.prawira;1
6192179;;0
6192180;raka.prawira;1
6192181;raka.prawira;1
6192182;raka.prawira;1
6194344;;0
6194345;adib.tamtama;1
6194346;raka.prawira;1
6194347;;0
6194348;raka.prawira;1
6194901;;0
6194902;raka.prawira;1
6194903;raka.prawira;1
6194904;raka.prawira;1
6196627;;0
6208917;raka.prawira;1
6395731;;0
6395732;adib.tamtama;1
6395733;;0
6395734;;0
6395735;;0
6395736;;0
6395737;;0
6395738;;0
6395739;raka.prawira;1
6395740;raka.prawira;1
6395741;raka.prawira;1
6395742;;0
6395743;;0
6395744;;0
6395745;;0
6395746;;0
6395747;raka.prawira;1
6395748;raka.prawira;1
6395749;raka.prawira;1
6395750;raka.prawira;1
6395751;;0
6395752;;0
6395753;;0
6395754;;0
6395755;raka.prawira;1
6395756;raka.prawira;1
6395757;;0
6395758;raka.prawira;1
6395759;raka.prawira;1
6395760;raka.prawira;1
6395761;raka.prawira;1
6395762;raka.prawira;1
6395763;raka.prawira;1
6395764;raka.prawira;1
6395765;raka.prawira;1
6395766;raka.prawira;1
6395767;raka.prawira;1
6395768;raka.prawira;1
6395769;raka.prawira;1
6395770;raka.prawira;1
6395771;raka.prawira;1
6395772;raka.prawira;1
6395773;raka.prawira;1
6395774;raka.prawira;1
6395775;raka.prawira;1
6395776;raka.prawira;1
6395777;;0
6395778;adib.tamtama;1
6395779;;0
6395780;;0
6395781;;0
6395782;raka.prawira;1
6395783;;0
6395784;;0
6395785;;0
6395786;raka.prawira;1
6395787;raka.prawira;1
6395788;;0
6395789;;0
6395790;raka.prawira;1
6395791;raka.prawira;1
6395792;raka.prawira;1
6395793;raka.prawira;1
6395794;;0
6395795;;0
6395796;raka.prawira;1
6395797;raka.prawira;1
6395798;adib.tamtama;1
6395799;;0
6395800;raka.prawira;1
6395801;raka.prawira;1
6395802;raka.prawira;1
6395803;;0
6395804;raka.prawira;1
6395805;raka.prawira;1
6395806;raka.prawira;1
6395807;raka.prawira;1
6395808;raka.prawira;1
6395809;;0
6395810;raka.prawira;1
6395811;;0
6395812;;0
6395813;raka.prawira;1
6395814;;0
6395815;raka.prawira;1
6395816;raka.prawira;1
6395817;raka.prawira;1
6395818;raka.prawira;1
6395819;;0
6395820;;0
6395821;raka.prawira;1
6395822;;0
6395823;;0
6395824;raka.prawira;1
6395825;;0
6395826;;0
6395827;raka.prawira;1
6395828;adib.tamtama;1
6395829;raka.prawira;1
6395830;;0
6395831;raka.prawira;1
6395832;;0
6395833;raka.prawira;1
6395834;;0
6395835;raka.prawira;1
6395836;raka.prawira;1
6395837;raka.prawira;1
6395838;;0
6395839;;0
6395840;;0
6395841;;0
6395842;raka.prawira;1
6395843;raka.prawira;1
6395844;raka.prawira;1
6395845;raka.prawira;1
6395846;raka.prawira;1
6395847;raka.prawira;1
6395848;raka.prawira;1
6395849;raka.prawira;1
6395850;raka.prawira;1
6395851;raka.prawira;1
6395852;;0
6395853;;0
6395854;;0
6395855;;0
6395856;raka.prawira;1
6395857;;0
6395858;raka.prawira;1
6395859;raka.prawira;1
6395860;raka.prawira;1
6395861;raka.prawira;1
6395862;raka.prawira;1
6395863;raka.prawira;1
6395864;raka.prawira;1
6395865;raka.prawira;1
6395866;raka.prawira;1
6395867;;0
6395868;raka.prawira;1
6395869;;0
6395870;raka.prawira;1
6395871;;0
6395872;raka.prawira;1
6395873;raka.prawira;1
6395874;raka.prawira;1
6395875;raka.prawira;1
6395876;raka.prawira;1
6395877;raka.prawira;1
6395878;;0
6395879;;0
6395880;raka.prawira;1
6395881;raka.prawira;1
6395882;raka.prawira;1
6395883;raka.prawira;1
6395884;;0
6395885;raka.prawira;1
6395886;raka.prawira;1
6395887;raka.prawira;1
6395888;raka.prawira;1
6395889;raka.prawira;1
6395890;raka.prawira;1
6395891;raka.prawira;1
6395892;;0
6395893;raka.prawira;1
6395894;raka.prawira;1
6395895;raka.prawira;1
6395896;;0
6395897;raka.prawira;1
6395898;raka.prawira;1
6395899;raka.prawira;1
6395900;raka.prawira;1
6395901;;0
6395902;raka.prawira;1
6395903;raka.prawira;1
6395904;;0
6395905;raka.prawira;1
6395906;;0
6395907;;0
6395908;;0
6395909;;0
6395910;raka.prawira;1
6395911;;0
6395912;;0
6395913;;0
6395914;raka.prawira;1
6395915;raka.prawira;1
6395916;raka.prawira;1
6395917;raka.prawira;1
6395918;raka.prawira;1
6395919;raka.prawira;1
6395920;raka.prawira;1
6395921;raka.prawira;1
6395922;raka.prawira;1
6395923;raka.prawira;1
6395924;raka.prawira;1
6395925;raka.prawira;1
6395926;raka.prawira;1
6395927;raka.prawira;1
6395928;;0
6395929;raka.prawira;1
6395930;raka.prawira;1
6395931;;0
6395932;raka.prawira;1
6395933;raka.prawira;1
6395934;;0
6395935;raka.prawira;1
6395936;;0
6395937;raka.prawira;1
6395938;raka.prawira;1
6395939;;0
6395940;raka.prawira;1
6395941;;0
6395942;raka.prawira;1
6395943;;0
6395944;;0
6395945;raka.prawira;1
6395946;raka.prawira;1
6395947;;0
6395948;raka.prawira;1
6395949;;0
6395950;raka.prawira;1
6395951;;0
6395952;raka.prawira;1
6395953;raka.prawira;1
6395954;raka.prawira;1
6395955;raka.prawira;1
6395956;;0
6395957;raka.prawira;1
6395958;raka.prawira;1
6395959;;0
6395960;raka.prawira;1
6395961;;0
6395962;;0
6395963;raka.prawira;1
6395964;raka.prawira;1
6395965;raka.prawira;1
6395966;raka.prawira;1
6395967;raka.prawira;1
6395968;raka.prawira;1
6395969;raka.prawira;1
6395970;raka.prawira;1
6395971;raka.prawira;1
6395972;;0
6395973;raka.prawira;1
6395974;raka.prawira;1
6395975;raka.prawira;1
6395976;;0
6395977;raka.prawira;1
6395978;raka.prawira;1
6395979;raka.prawira;1
6395980;raka.prawira;1
6395981;raka.prawira;1
6395982;raka.prawira;1
6395983;;0
6395984;raka.prawira;1
6395985;;0
6395986;raka.prawira;1
6395987;raka.prawira;1
6395988;raka.prawira;1
6395989;;0
6395990;raka.prawira;1
6395991;;0
6395992;;0
6395993;raka.prawira;1
6395994;;0
6395995;;0
6395996;;0
6395997;;0
6395998;raka.prawira;1
6395999;raka.prawira;1
6396000;;0
6396001;raka.prawira;1
6396002;raka.prawira;1
6396003;raka.prawira;1
6396004;;0
6396005;raka.prawira;1
6396006;raka.prawira;1
6396007;raka.prawira;1
6396008;raka.prawira;1
6396009;raka.prawira;1
6396010;raka.prawira;1
6396011;raka.prawira;1
6396012;raka.prawira;1
6396013;raka.prawira;1
6396014;raka.prawira;1
6396015;raka.prawira;1
6396016;raka.prawira;1
6396017;raka.prawira;1
6396018;raka.prawira;1
6396019;raka.prawira;1
6396020;raka.prawira;1
6396021;raka.prawira;1
6396022;raka.prawira;1
6396023;adib.tamtama;1
6396024;raka.prawira;1
6396025;adib.tamtama;1
6396026;raka.prawira;1
6396027;;0
6396028;raka.prawira;1
6396029;raka.prawira;1
6396030;raka.prawira;1
6396031;raka.prawira;1
6396032;raka.prawira;1
6396033;raka.prawira;1
6396034;raka.prawira;1
6396035;raka.prawira;1
6396036;raka.prawira;1
6396037;raka.prawira;1
6396038;raka.prawira;1
6396039;raka.prawira;1
6396040;raka.prawira;1
6396041;;0
6396042;;0
6396043;;0
6396044;;0
6396045;;0
6396046;;0
6396047;;0
6396048;;0
6396049;;0
6396050;;0
6396051;;0
6396052;;0
6396053;;0
6396054;;0
6396055;;0
6396056;;0
6396057;;0
6396058;;0
6396059;;0
6396060;;0
6396061;;0
6396062;;0
6396063;;0
6396064;;0
6396065;;0
6396066;;0
6396067;;0
6396068;;0
6396069;;0
6396070;;0
6396071;;0
6396072;;0
6396073;;0
6396074;;0
6396075;;0
6396076;;0
6396077;raka.prawira;1
6396078;raka.prawira;1
6396079;;0
6396080;;0
6396081;;0
6396082;;0
6396083;;0
6396084;;0
6396085;;0
6396086;;0
6396087;;0
6396088;raka.prawira;1
6396089;;0
6396090;;0
6396091;;0
6396092;;0
6396093;;0
6396094;;0
6396095;;0
6396096;;0
6396097;;0
6396098;;0
6396099;;0
6396100;;0
6396101;;0
6396102;;0
6396103;;0
6396104;;0
6396105;;0
6396106;;0
6396107;;0
6396108;;0
6396109;;0
6396110;;0
6396111;;0
6396112;;0
6396113;;0
6396114;;0
6396115;;0
6396116;;0
6396117;;0
6396118;;0
6396119;;0
6396120;;0
6396121;;0
6396122;raka.prawira;1
6396123;;0
6396124;;0
6396125;;0
6396126;;0
6396127;;0
6396128;;0
6396129;;0
6396130;raka.prawira;1
6396131;raka.prawira;1
6396132;raka.prawira;1
6396133;raka.prawira;1
6396134;;0
6396135;;0
6396136;adib.tamtama;1
6396137;adib.tamtama;1
6396138;;0
6396139;;0
6396140;adib.tamtama;1
6396141;;0
6396142;adib.tamtama;1
6396143;;0
6396144;;0
6396145;adib.tamtama;1
6396146;adib.tamtama;1
6396147;raka.prawira;1
6396148;;0
6396149;;0
6396150;raka.prawira;1
6396151;raka.prawira;1
6396152;;0
6396153;;0
6396154;raka.prawira;1
6396155;raka.prawira;1
6396156;;0
6396157;;0
6396158;raka.prawira;1
6396159;;0
6396160;;0
6396161;;0
6396162;;0
6396163;raka.prawira;1
6396164;;0
6396165;;0
6396166;;0
6396167;;0
6396168;;0
6396169;;0
6396170;;0
6396171;raka.prawira;1
6396172;;0
6396173;;0
6396174;;0
6396175;;0
6396176;raka.prawira;1
6396177;;0
6396178;raka.prawira;1
6396179;;0
6396180;raka.prawira;1
6396181;adib.tamtama;1
6396182;adib.tamtama;1
6396183;adib.tamtama;1
6396184;adib.tamtama;1
6396185;adib.tamtama;1
6396186;;0
6396187;raka.prawira;1
6396188;raka.prawira;1
6396189;;0
6396190;;0
6396191;;0
6396192;;0
6396193;;0
6396194;;0
6396195;;0
6396196;;0
6396197;;0
6396198;;0
6396199;;0
6396200;;0
6396201;adib.tamtama;1
6396202;;0
6396203;;0
6396204;raka.prawira;1
6396205;adib.tamtama;1
6469218;raka.prawira;1
6469293;raka.prawira;1
6472310;raka.prawira;1
6473260;raka.prawira;1
6473383;raka.prawira;1
6473421;;0
6473844;raka.prawira;1
6474067;raka.prawira;1
6474138;adib.tamtama;1
6474170;raka.prawira;1
6474287;raka.prawira;1
6474365;;0
6474417;adib.tamtama;1
6474785;;0
6474928;raka.prawira;1
6475682;raka.prawira;1
6475855;;0
6476120;raka.prawira;1
6476126;;0
6476134;;0
6476420;raka.prawira;1
6476588;raka.prawira;1
6477243;;0
6477271;;0
6477474;;0
6487789;;0
6487990;;0
6488121;;0
6488219;;0
6488450;;0
6488476;;0
6488489;adib.tamtama;1
6488551;;0
6488815;raka.prawira;1
6489254;;0
6489384;;0
6489974;;0
6490094;;0
6490102;adib.tamtama;1
6490241;;0
6490328;;0
6490608;;0
6492107;adib.tamtama;1
6492247;adib.tamtama;1
6492527;;0
6492689;adib.tamtama;1
6492915;adib.tamtama;1
6584919;adib.tamtama;1
6584920;adib.tamtama;1
6584921;adib.tamtama;1
6584922;adib.tamtama;1
6584923;adib.tamtama;1
6584924;adib.tamtama;1
6584925;adib.tamtama;1
6584926;adib.tamtama;1
6584927;adib.tamtama;1
6584928;adib.tamtama;1
6584929;adib.tamtama;1
6584930;;0
6584931;;0
6584932;;0
6584933;;0
6584934;;0
6584935;;0
6584936;;0
6584937;;0
6584938;;0
6584939;;0
6584940;;0
6584941;adib.tamtama;1
6584942;;0
6584943;;0
6584944;;0
6584945;;0
6584946;raka.prawira;1
6584947;raka.prawira;1
6584948;;0
6584949;;0
6584950;;0
6584951;;0
6584952;;0
6584953;;0
6584954;;0
6584955;;0
6584956;;0
6584957;raka.prawira;1
6584958;;0
6584959;;0
6584960;;0
6584961;;0
6584962;;0
6584963;;0
6584964;;0
6584965;;0
6584966;;0
6584967;adib.tamtama;1
6584968;;0
6584969;;0
6584970;;0
6584971;;0
6584972;;0
6584973;;0
6584974;;0
6584975;;0
6584976;;0
6584977;;0
6584978;;0
6584979;;0
6584980;;0
6584981;;0
6584982;;0
6584983;;0
6584984;;0
6584985;;0
6584986;;0
6584987;;0
6584988;;0
6584989;;0
6584990;;0
6584991;;0
6584992;;0
6584993;;0
6584994;;0
6584995;;0
6584996;;0
6584997;;0
6584998;;0
6584999;;0
6585000;raka.prawira;1
6585001;raka.prawira;1
6585002;raka.prawira;1
6585003;raka.prawira;1
6585004;adib.tamtama;1
6585005;;0
6585006;raka.prawira;1
6585007;;0
6585008;;0
6585009;;0
6585010;raka.prawira;1
6585011;raka.prawira;1
6585012;;0
6585013;;0
6585014;raka.prawira;1
6585015;raka.prawira;1
6585016;raka.prawira;1
6585017;raka.prawira;1
6585018;raka.prawira;1
6585019;adib.tamtama;1
6585020;adib.tamtama;1
6585021;adib.tamtama;1
6585022;raka.prawira;1
6585023;;0
6585024;adib.tamtama;1
6585025;adib.tamtama;1
6585026;adib.tamtama;1
6585027;adib.tamtama;1
6585028;adib.tamtama;1
6585029;adib.tamtama;1
6585030;adib.tamtama;1
6585031;adib.tamtama;1
6585032;adib.tamtama;1
6585033;raka.prawira;1
6585034;adib.tamtama;1
6615846;;0
6615847;;0
6615848;adib.tamtama;1
6615849;;0
6615850;;0
6615851;;0
6615852;adib.tamtama;1
6615853;adib.tamtama;1
6615854;;0
6615855;;0
6615856;raka.prawira;1
6615857;adib.tamtama;1
6615858;adib.tamtama;1
6615859;;0
6615860;;0
6615861;adib.tamtama;1
6615862;adib.tamtama;1
6615863;adib.tamtama;1
6617278;adib.tamtama;1
6617319;;0
6618162;;0
6619224;;0
6619328;;0
6619345;;0
6619494;;0
6619663;;0
6619777;adib.tamtama;1
6620247;;0
6620743;;0
6620910;;0
6620983;raka.prawira;1
6621273;;0
6621293;;0
6621360;;0
6621591;;0
6622222;;0
6622258;;0
6623306;adib.tamtama;1
6624313;;0
6624680;;0
6625054;;0
6626157;adib.tamtama;1
6626798;;0
6627038;raka.prawira;1
6627226;;0
6627979;;0
6629379;;0
6629480;;0
6633144;;0
6633902;raka.prawira;1
6634006;raka.prawira;1
6634007;adib.tamtama;1
6634008;raka.prawira;1
6634009;raka.prawira;1
6638209;raka.prawira;1
6638210;;0
6638211;;0
6638212;;0
6638213;;0
6638214;;0
6638215;raka.prawira;1
6638216;raka.prawira;1
6638217;raka.prawira;1
6638857;;0
6639027;;0
6643141;;0
6643167;raka.prawira;1
6643382;;0
6643416;;0
6643583;;0
6643633;raka.prawira;1
6643888;;0
6643889;;0
6643890;;0
6643891;;0
6643892;;0
6643893;raka.prawira;1
6643894;;0
6644235;;0
6644308;adib.tamtama;1
6644941;raka.prawira;1
6645668;adib.tamtama;1
6645675;;0
6645744;adib.tamtama;1
6645760;;0
6645794;;0
6646212;adib.tamtama;1
6646412;;0
6646585;;0
6646675;;0
6646789;;0
6647163;adib.tamtama;1
6647429;adib.tamtama;1
6647626;raka.prawira;1
6648536;adib.tamtama;1
6648872;adib.tamtama;1
6648952;;0
6649472;;0
6650179;;0
6650648;;0
6650717;raka.prawira;1
6650910;;0
6651878;;0
6652047;;0
6652918;;0
6653751;raka.prawira;1
6653840;raka.prawira;1
6654826;raka.prawira;1
6655101;raka.prawira;1
6695837;;0
6699172;raka.prawira;1
6701571;adib.tamtama;1
6702190;adib.tamtama;1
6702560;raka.prawira;1
6702567;adib.tamtama;1
6702572;adib.tamtama;1
6702577;;0
6702578;adib.tamtama;1
6706510;adib.tamtama;1
6706864;raka.prawira;1
6707131;adib.tamtama;1
6707132;raka.prawira;1
6707536;adib.tamtama;1
6707887;adib.tamtama;1
6708582;adib.tamtama;1
6709564;adib.tamtama;1
6709866;adib.tamtama;1
6711000;adib.tamtama;1
6711436;adib.tamtama;1
6711646;;0
6711679;adib.tamtama;1
6712946;adib.tamtama;1
6713992;;0
6714215;adib.tamtama;1
6715503;adib.tamtama;1
6718320;;0
6718860;;0
6719302;;0
6719445;;0
6719776;;0
6720397;;0
6720456;;0
6724929;;0
6726789;;0
6734745;;0
6740227;raka.prawira;1
6740236;raka.prawira;1
6740243;raka.prawira;1
6740251;raka.prawira;1
6740260;raka.prawira;1
6740272;raka.prawira;1
6740280;raka.prawira;1
6740289;raka.prawira;1
6740297;raka.prawira;1
6740304;raka.prawira;1
6740312;raka.prawira;1
6740318;raka.prawira;1
6740325;raka.prawira;1
6740334;raka.prawira;1
6740341;raka.prawira;1
6740349;raka.prawira;1
6740356;raka.prawira;1
6740364;raka.prawira;1
6740370;raka.prawira;1
6740379;raka.prawira;1
6740386;raka.prawira;1
6740396;raka.prawira;1
6740404;raka.prawira;1
6740412;raka.prawira;1
6740418;raka.prawira;1
6740427;raka.prawira;1
6740434;raka.prawira;1
6740441;raka.prawira;1
6740449;raka.prawira;1
6740456;raka.prawira;1
6740465;raka.prawira;1
6740471;raka.prawira;1
6740477;raka.prawira;1
6740484;raka.prawira;1
6740491;raka.prawira;1
6740499;raka.prawira;1
6740506;raka.prawira;1
6740513;raka.prawira;1
6740520;raka.prawira;1
6740527;raka.prawira;1
6740536;raka.prawira;1
6740543;raka.prawira;1
6740550;raka.prawira;1
6740558;raka.prawira;1
6740563;raka.prawira;1
6740569;raka.prawira;1
6740575;raka.prawira;1
6740583;raka.prawira;1
6740590;raka.prawira;1
6740599;raka.prawira;1
6740607;raka.prawira;1
6740615;raka.prawira;1
6740623;raka.prawira;1
6740629;raka.prawira;1
6740637;raka.prawira;1
6740645;raka.prawira;1
6740653;raka.prawira;1
6740661;raka.prawira;1
6740670;raka.prawira;1
6740677;raka.prawira;1
6740684;raka.prawira;1
6740693;raka.prawira;1
6740701;raka.prawira;1
6740709;raka.prawira;1
6740717;raka.prawira;1
6740724;raka.prawira;1
6740732;raka.prawira;1
6740740;raka.prawira;1
6740746;raka.prawira;1
6740754;raka.prawira;1
6740761;raka.prawira;1
6740770;raka.prawira;1
6740777;raka.prawira;1
6740784;raka.prawira;1
6740792;raka.prawira;1
6740800;raka.prawira;1
6740807;raka.prawira;1
6740812;raka.prawira;1
6740819;raka.prawira;1
6740827;raka.prawira;1
6740857;raka.prawira;1
6740864;raka.prawira;1
6740871;raka.prawira;1
6740878;raka.prawira;1
6740886;raka.prawira;1
6740895;raka.prawira;1
6740901;raka.prawira;1
6740907;raka.prawira;1
6740916;raka.prawira;1
6740924;raka.prawira;1
6740932;raka.prawira;1
6740940;raka.prawira;1
6740949;raka.prawira;1
6740957;raka.prawira;1
6740965;raka.prawira;1
6740973;raka.prawira;1
6740980;raka.prawira;1
6740988;adib.tamtama;1
6740995;adib.tamtama;1
6741004;adib.tamtama;1
6741009;adib.tamtama;1
6741015;adib.tamtama;1
6741020;adib.tamtama;1
6741026;adib.tamtama;1
6741031;adib.tamtama;1
6741037;adib.tamtama;1
6741043;adib.tamtama;1
6741048;adib.tamtama;1
6741054;adib.tamtama;1
6741059;adib.tamtama;1
6741065;adib.tamtama;1
6741070;adib.tamtama;1
6741075;adib.tamtama;1
6741081;adib.tamtama;1
6741086;adib.tamtama;1
6741092;adib.tamtama;1
6741097;adib.tamtama;1
6741103;adib.tamtama;1
6741108;adib.tamtama;1
6741114;adib.tamtama;1
6806431;adib.tamtama;1
6806452;adib.tamtama;1
6806463;adib.tamtama;1
6806479;adib.tamtama;1
6806490;adib.tamtama;1
6806511;adib.tamtama;1
6806528;adib.tamtama;1
6806546;adib.tamtama;1
6806564;raka.prawira;1
6806580;raka.prawira;1
6806599;raka.prawira;1
6806611;raka.prawira;1
6806628;raka.prawira;1
6806641;raka.prawira;1
6806656;raka.prawira;1
6806681;adib.tamtama;1
6806693;raka.prawira;1
6806707;raka.prawira;1
6806719;raka.prawira;1
6806733;raka.prawira;1
6806750;raka.prawira;1
6806771;raka.prawira;1
6806786;raka.prawira;1
6806808;raka.prawira;1
6806821;raka.prawira;1
6806839;raka.prawira;1
6806851;raka.prawira;1
6806866;raka.prawira;1
6806883;raka.prawira;1
6806892;raka.prawira;1
6806904;raka.prawira;1
6806947;raka.prawira;1
6806965;raka.prawira;1
6806981;adib.tamtama;1
6807009;raka.prawira;1
6807021;raka.prawira;1
6807036;raka.prawira;1
6807050;adib.tamtama;1
6807069;adib.tamtama;1
6807085;adib.tamtama;1
6807102;adib.tamtama;1
6807128;adib.tamtama;1
6807141;adib.tamtama;1
6807157;adib.tamtama;1
6807170;adib.tamtama;1
6807193;adib.tamtama;1
6807207;adib.tamtama;1
6807222;adib.tamtama;1
6807233;adib.tamtama;1
6807247;adib.tamtama;1
6807260;adib.tamtama;1
6807282;adib.tamtama;1
6807297;raka.prawira;1
6807310;raka.prawira;1
6807344;raka.prawira;1
6807357;raka.prawira;1
6807376;raka.prawira;1
6807404;raka.prawira;1
6807420;raka.prawira;1
6807433;raka.prawira;1
6807450;raka.prawira;1
6807460;raka.prawira;1
6807470;raka.prawira;1
6807484;raka.prawira;1
6807498;raka.prawira;1
6807531;raka.prawira;1
6807547;raka.prawira;1
6807558;raka.prawira;1
6807576;raka.prawira;1
6807594;raka.prawira;1
6807609;raka.prawira;1
6807627;raka.prawira;1
6807637;raka.prawira;1
6807650;raka.prawira;1
6807659;raka.prawira;1
6807674;raka.prawira;1
6807691;raka.prawira;1
6807706;raka.prawira;1
6807727;raka.prawira;1
6807739;raka.prawira;1
6807762;raka.prawira;1
6807773;raka.prawira;1
6807793;raka.prawira;1
6807804;raka.prawira;1
6807820;raka.prawira;1
6807838;raka.prawira;1
6807849;raka.prawira;1
6807868;raka.prawira;1
6807877;raka.prawira;1
6807924;raka.prawira;1
6807941;raka.prawira;1
7477334;raka.prawira;1
7477363;;0
7477475;;0
7479680;adib.tamtama;1
7482057;raka.prawira;1
7483481;;0
7483797;;0
7483846;;0
7483847;adib.tamtama;1
7488449;;0
7488999;;0
16740615;;0
16741659;;0
16741892;raka.prawira;1
16741964;raka.prawira;1
16742179;;0
16742193;;0
16742230;;0
16742796;;0
16743392;adib.tamtama;1
16755165;;0
16757791;raka.prawira;1
16958556;adib.tamtama;1
16958557;adib.tamtama;1
16958558;ahmadfaisal;1
16958559;raka.prawira;1
16958560;adib.tamtama;1
16958561;ahmadfaisal;1
16958562;adib.tamtama;1
16958563;adib.tamtama;1
16958564;adib.tamtama;1
16958565;adib.tamtama;1
16958566;ahmadfaisal;1
16958567;adib.tamtama;1
16958568;adib.tamtama;1
16958569;adib.tamtama;1
16958570;raka.prawira;1
16958571;adib.tamtama;1
16958572;adib.tamtama;1
16958573;adib.tamtama;1
16958574;adib.tamtama;1
16958575;adib.tamtama;1
16958576;adib.tamtama;1
16958577;adib.tamtama;1
16958578;ahmadfaisal;1
16958579;adib.tamtama;1
16958580;adib.tamtama;1
16958581;ahmadfaisal;1
16958582;raka.prawira;1
16958583;adib.tamtama;1
16958584;adib.tamtama;1
16958585;adib.tamtama;1
16958586;adib.tamtama;1
16958587;adib.tamtama;1
16958588;adib.tamtama;1
16958589;adib.tamtama;1
16958590;adib.tamtama;1
16958591;adib.tamtama;1
16958592;adib.tamtama;1
16958593;adib.tamtama;1
16958594;adib.tamtama;1
16958595;ahmadfaisal;1
16958596;adib.tamtama;1
16958597;adib.tamtama;1
16958598;adib.tamtama;1
16958599;adib.tamtama;1
16958600;adib.tamtama;1
16958601;adib.tamtama;1
16958602;adib.tamtama;1
16958603;adib.tamtama;1
16958604;adib.tamtama;1
16958605;adib.tamtama;1
16958606;ahmadfaisal;1
16958607;adib.tamtama;1
16958608;adib.tamtama;1
16958609;adib.tamtama;1
16958610;raka.prawira;1
16958611;adib.tamtama;1
16958612;ahmadfaisal;1
16958613;adib.tamtama;1
16958614;adib.tamtama;1
16958615;adib.tamtama;1
16958616;raka.prawira;1
16958617;ahmadfaisal;1
16958618;adib.tamtama;1
16958619;raka.prawira;1
16958620;adib.tamtama;1
16958621;adib.tamtama;1
16958622;adib.tamtama;1
16958623;adib.tamtama;1
16958624;adib.tamtama;1
16958625;adib.tamtama;1
16958626;adib.tamtama;1
16958627;adib.tamtama;1
16958628;adib.tamtama;1
16958629;adib.tamtama;1
16958630;;0
16958631;adib.tamtama;1
16958632;adib.tamtama;1
16958633;raka.prawira;1
16958634;adib.tamtama;1
16958635;ahmadfaisal;1
16958636;adib.tamtama;1
16958637;adib.tamtama;1
16958638;ahmadfaisal;1
16958639;adib.tamtama;1
16958640;adib.tamtama;1
16958641;adib.tamtama;1
16958642;adib.tamtama;1
16958643;adib.tamtama;1
16958644;adib.tamtama;1
16958645;adib.tamtama;1
16958646;adib.tamtama;1
16958647;adib.tamtama;1
16958648;adib.tamtama;1
16958649;adib.tamtama;1
16958650;adib.tamtama;1
16958651;adib.tamtama;1
16958652;adib.tamtama;1
16958653;raka.prawira;1
16958654;adib.tamtama;1
16958655;adib.tamtama;1
16958656;raka.prawira;1
16958657;adib.tamtama;1
16958658;adib.tamtama;1
16958659;adib.tamtama;1
16958660;adib.tamtama;1
16958661;adib.tamtama;1
16958662;adib.tamtama;1
16958663;adib.tamtama;1
16958664;adib.tamtama;1
16958665;adib.tamtama;1
16958666;adib.tamtama;1
16958667;adib.tamtama;1
16958668;adib.tamtama;1
16958669;adib.tamtama;1
16958670;adib.tamtama;1
16958671;adib.tamtama;1
16958672;adib.tamtama;1
16958673;adib.tamtama;1
16958674;raka.prawira;1
16958675;adib.tamtama;1
16958676;adib.tamtama;1
16958677;adib.tamtama;1
16958678;adib.tamtama;1
16958679;adib.tamtama;1
16958680;adib.tamtama;1
16958681;adib.tamtama;1
16958682;adib.tamtama;1
16958683;ahmadfaisal;1
16958684;adib.tamtama;1
16958685;adib.tamtama;1
16958686;ahmadfaisal;1
16958687;adib.tamtama;1
16958688;adib.tamtama;1
16958689;adib.tamtama;1
16958690;adib.tamtama;1
16958691;adib.tamtama;1
16958692;;0
16958693;;0
16958694;;0
16958695;;0
16958696;;0
16958697;adib.tamtama;1
16958698;adib.tamtama;1
16958699;adib.tamtama;1
16958700;adib.tamtama;1
16958701;ahmadfaisal;1
16958702;adib.tamtama;1
16958703;adib.tamtama;1
16958704;;0
16958705;adib.tamtama;1
16958706;adib.tamtama;1
16958707;adib.tamtama;1
16958708;adib.tamtama;1
16958709;adib.tamtama;1
16958710;adib.tamtama;1
16958711;adib.tamtama;1
16958712;adib.tamtama;1
16958713;ahmadfaisal;1
16958714;adib.tamtama;1
16958715;adib.tamtama;1
16958716;adib.tamtama;1
16958717;adib.tamtama;1
16958718;adib.tamtama;1
16958719;raka.prawira;1
16958720;adib.tamtama;1
16958721;adib.tamtama;1
16958722;raka.prawira;1
16958723;adib.tamtama;1
16958724;adib.tamtama;1
16958725;adib.tamtama;1
16958726;adib.tamtama;1
16958727;adib.tamtama;1
16958728;adib.tamtama;1
16958729;adib.tamtama;1
16958730;adib.tamtama;1
16958731;adib.tamtama;1
16958732;adib.tamtama;1
16958733;adib.tamtama;1
16958734;ahmadfaisal;1
16958735;adib.tamtama;1
16958736;adib.tamtama;1
16958737;adib.tamtama;1
16958738;adib.tamtama;1
16958739;adib.tamtama;1
16958740;adib.tamtama;1
16958741;adib.tamtama;1
16958742;raka.prawira;1
16958743;ahmadfaisal;1
16958744;raka.prawira;1
16958745;adib.tamtama;1
16958746;ahmadfaisal;1
16958747;adib.tamtama;1
16958748;adib.tamtama;1
16958749;adib.tamtama;1
16958750;adib.tamtama;1
16958751;adib.tamtama;1
16958752;adib.tamtama;1
16958753;adib.tamtama;1
16958754;adib.tamtama;1
16958755;adib.tamtama;1
16958756;adib.tamtama;1
16958757;adib.tamtama;1
16958758;adib.tamtama;1
16958759;adib.tamtama;1
16958760;adib.tamtama;1
16958761;adib.tamtama;1
16958762;adib.tamtama;1
16958763;;0
16958764;adib.tamtama;1
16958765;adib.tamtama;1
16958766;adib.tamtama;1
16958767;adib.tamtama;1
16958768;adib.tamtama;1
16958769;adib.tamtama;1
16958770;ahmadfaisal;1
16958771;adib.tamtama;1
16958772;adib.tamtama;1
16958773;adib.tamtama;1
16958774;adib.tamtama;1
16958775;adib.tamtama;1
16958776;adib.tamtama;1
16958777;adib.tamtama;1
16958778;ahmadfaisal;1
16958779;raka.prawira;1
16958780;adib.tamtama;1
16958781;ahmadfaisal;1
16958782;adib.tamtama;1
16958783;adib.tamtama;1
16958784;ahmadfaisal;1
16958785;adib.tamtama;1
16958786;adib.tamtama;1
16958787;adib.tamtama;1
16958788;adib.tamtama;1
16958789;adib.tamtama;1
16958790;adib.tamtama;1
16958791;adib.tamtama;1
16958792;adib.tamtama;1
16958793;adib.tamtama;1
16958794;adib.tamtama;1
16958795;ahmadfaisal;1
16958796;ahmadfaisal;1
16958797;adib.tamtama;1
16958798;adib.tamtama;1
16958799;adib.tamtama;1
16958800;ahmadfaisal;1
16958801;adib.tamtama;1
16958802;adib.tamtama;1
16958803;ahmadfaisal;1
16958804;adib.tamtama;1
16958805;adib.tamtama;1
16958806;adib.tamtama;1
16958807;adib.tamtama;1
16958808;adib.tamtama;1
16958809;raka.prawira;1
16958810;ahmadfaisal;1
16958811;adib.tamtama;1
16958812;ahmadfaisal;1
16958813;adib.tamtama;1
16958814;adib.tamtama;1
16958815;ahmadfaisal;1
16958816;adib.tamtama;1
16958817;adib.tamtama;1
16958818;ahmadfaisal;1
16958819;raka.prawira;1
16958820;adib.tamtama;1
16958821;adib.tamtama;1
16958822;adib.tamtama;1
16958823;adib.tamtama;1
16958824;adib.tamtama;1
16958825;adib.tamtama;1
16958826;adib.tamtama;1
16958827;ahmadfaisal;1
16958828;adib.tamtama;1
16958829;adib.tamtama;1
16958830;adib.tamtama;1
16958831;adib.tamtama;1
16958832;adib.tamtama;1
16958833;adib.tamtama;1
16958834;adib.tamtama;1
16958835;adib.tamtama;1
16958836;adib.tamtama;1
16958837;adib.tamtama;1
16958838;adib.tamtama;1
16958839;raka.prawira;1
16958840;adib.tamtama;1
16958841;adib.tamtama;1
16958842;adib.tamtama;1
16958843;ahmadfaisal;1
16958844;ahmadfaisal;1
16958845;raka.prawira;1
16958846;ahmadfaisal;1
16958847;adib.tamtama;1
16958848;raka.prawira;1
16958849;adib.tamtama;1
16958850;adib.tamtama;1
16958851;adib.tamtama;1
16958852;adib.tamtama;1
16958853;adib.tamtama;1
16958854;adib.tamtama;1
16958855;adib.tamtama;1
16958856;adib.tamtama;1
16958857;adib.tamtama;1
16958858;adib.tamtama;1
16958859;adib.tamtama;1
16958860;adib.tamtama;1
16958861;ahmadfaisal;1
16958862;raka.prawira;1
16958863;adib.tamtama;1
16958864;adib.tamtama;1
16958865;adib.tamtama;1
16958866;adib.tamtama;1
16958867;ahmadfaisal;1
16958868;adib.tamtama;1
16958869;adib.tamtama;1
16958870;adib.tamtama;1
16958871;adib.tamtama;1
16958872;ahmadfaisal;1
16958873;adib.tamtama;1
16958874;adib.tamtama;1
16958875;adib.tamtama;1
16958876;adib.tamtama;1
16958877;adib.tamtama;1
16958878;ahmadfaisal;1
16958879;ahmadfaisal;1
16958880;adib.tamtama;1
16958881;adib.tamtama;1
16958882;raka.prawira;1
16958883;adib.tamtama;1
16958884;adib.tamtama;1
16958885;adib.tamtama;1
16958886;adib.tamtama;1
16958887;ahmadfaisal;1
16958888;adib.tamtama;1
16958889;adib.tamtama;1
16958890;ahmadfaisal;1
16958891;raka.prawira;1
16958892;adib.tamtama;1
16958893;adib.tamtama;1
16958894;raka.prawira;1
16958895;adib.tamtama;1
16958896;adib.tamtama;1
16958897;adib.tamtama;1
16958898;adib.tamtama;1
16958899;adib.tamtama;1
16958900;adib.tamtama;1
16958901;adib.tamtama;1
16958902;adib.tamtama;1
16958903;adib.tamtama;1
16958904;adib.tamtama;1
16958905;raka.prawira;1
16958906;adib.tamtama;1
16958907;adib.tamtama;1
16958908;adib.tamtama;1
16958909;adib.tamtama;1
16958910;adib.tamtama;1
16958911;adib.tamtama;1
16958912;adib.tamtama;1
16958913;adib.tamtama;1
16958914;adib.tamtama;1
16958915;adib.tamtama;1
16958916;adib.tamtama;1
16958917;adib.tamtama;1
16958918;adib.tamtama;1
16958919;adib.tamtama;1
16958920;adib.tamtama;1
16958921;adib.tamtama;1
16958922;adib.tamtama;1
16958923;adib.tamtama;1
16958924;adib.tamtama;1
16958925;;0
16958926;adib.tamtama;1
16958927;adib.tamtama;1
16958928;adib.tamtama;1
16958929;adib.tamtama;1
16958930;adib.tamtama;1
16958931;adib.tamtama;1
16958932;adib.tamtama;1
16958933;adib.tamtama;1
16958934;adib.tamtama;1
16958935;adib.tamtama;1
16958936;adib.tamtama;1
16958937;adib.tamtama;1
16958938;;0
16958939;adib.tamtama;1
16958940;adib.tamtama;1
16958941;ahmadfaisal;1
16958942;adib.tamtama;1
16958943;adib.tamtama;1
16958944;ahmadfaisal;1
16958945;adib.tamtama;1
16958946;ahmadfaisal;1
16958947;ahmadfaisal;1
16958948;raka.prawira;1
16958949;ahmadfaisal;1
16958950;ahmadfaisal;1
16958951;adib.tamtama;1
16958952;adib.tamtama;1
16958953;adib.tamtama;1
16958954;adib.tamtama;1
16958955;adib.tamtama;1
16958956;adib.tamtama;1
16958957;adib.tamtama;1
16958958;adib.tamtama;1
16958959;adib.tamtama;1
16958960;raka.prawira;1
16958961;adib.tamtama;1
16958962;adib.tamtama;1
16958963;adib.tamtama;1
16958964;adib.tamtama;1
16958965;raka.prawira;1
16958966;adib.tamtama;1
16958967;adib.tamtama;1
16958968;adib.tamtama;1
16958969;adib.tamtama;1
16958970;ahmadfaisal;1
16958971;adib.tamtama;1
16958972;adib.tamtama;1
16958973;adib.tamtama;1
16958974;adib.tamtama;1
16958975;ahmadfaisal;1
16958976;adib.tamtama;1
16958977;raka.prawira;1
16958978;adib.tamtama;1
16958979;adib.tamtama;1
16958980;adib.tamtama;1
16958981;adib.tamtama;1
16958982;ahmadfaisal;1
16958983;adib.tamtama;1
16958984;ahmadfaisal;1
16958985;raka.prawira;1
16958986;adib.tamtama;1
16958987;adib.tamtama;1
16958988;raka.prawira;1
16958989;adib.tamtama;1
16958990;adib.tamtama;1
16958991;adib.tamtama;1
16958992;adib.tamtama;1
16958993;adib.tamtama;1
16958994;adib.tamtama;1
16958995;adib.tamtama;1
16958996;adib.tamtama;1
16958997;adib.tamtama;1
16958998;ahmadfaisal;1
16958999;adib.tamtama;1
16959000;adib.tamtama;1
16959001;adib.tamtama;1
16959002;adib.tamtama;1
16959003;adib.tamtama;1
16959004;adib.tamtama;1
16959005;raka.prawira;1
16959006;adib.tamtama;1
16959007;adib.tamtama;1
16959008;raka.prawira;1
16959009;adib.tamtama;1
16959010;adib.tamtama;1
16959011;raka.prawira;1
16959012;adib.tamtama;1
16959013;adib.tamtama;1
16959014;adib.tamtama;1
16959015;adib.tamtama;1
16959016;adib.tamtama;1
16959017;adib.tamtama;1
16959018;ahmadfaisal;1
16959019;adib.tamtama;1
16959020;adib.tamtama;1
16959021;adib.tamtama;1
16959022;adib.tamtama;1
16959023;adib.tamtama;1
16959024;adib.tamtama;1
16959025;adib.tamtama;1
16959026;adib.tamtama;1
16959027;adib.tamtama;1
16959028;raka.prawira;1
16959029;adib.tamtama;1
16959030;adib.tamtama;1
16959031;raka.prawira;1
16959032;ahmadfaisal;1
16959033;adib.tamtama;1
16959034;adib.tamtama;1
16959035;adib.tamtama;1
16959036;adib.tamtama;1
16959037;adib.tamtama;1
16959038;adib.tamtama;1
16959039;adib.tamtama;1
16959040;adib.tamtama;1
16959041;adib.tamtama;1
16959042;adib.tamtama;1
16959043;adib.tamtama;1
16959044;ahmadfaisal;1
16959045;adib.tamtama;1
16959046;adib.tamtama;1
16959047;adib.tamtama;1
16959048;raka.prawira;1
16959049;adib.tamtama;1
16959050;adib.tamtama;1
16959051;adib.tamtama;1
16959052;adib.tamtama;1
16959053;adib.tamtama;1
16959054;raka.prawira;1
16959055;adib.tamtama;1
16959056;;0
16959057;raka.prawira;1
16959058;adib.tamtama;1
16959059;adib.tamtama;1
16959060;raka.prawira;1
16959061;adib.tamtama;1
16959062;ahmadfaisal;1
16959063;adib.tamtama;1
16959064;adib.tamtama;1
16959065;ahmadfaisal;1
16959066;adib.tamtama;1
16959067;adib.tamtama;1
16959068;raka.prawira;1
16959069;adib.tamtama;1
16959070;adib.tamtama;1
16959071;adib.tamtama;1
16959072;adib.tamtama;1
16959073;adib.tamtama;1
16959074;adib.tamtama;1
16959075;adib.tamtama;1
16959076;adib.tamtama;1
16959077;adib.tamtama;1
16959078;adib.tamtama;1
16959079;adib.tamtama;1
16959080;adib.tamtama;1
16959081;raka.prawira;1
16959082;adib.tamtama;1
16959083;adib.tamtama;1
16959084;adib.tamtama;1
16959085;adib.tamtama;1
16959086;adib.tamtama;1
16959087;ahmadfaisal;1
16959088;adib.tamtama;1
16959089;adib.tamtama;1
16959090;adib.tamtama;1
16959091;adib.tamtama;1
16959092;adib.tamtama;1
16959093;adib.tamtama;1
16959094;raka.prawira;1
16959095;adib.tamtama;1
16959096;adib.tamtama;1
16959097;adib.tamtama;1
16959098;adib.tamtama;1
16959099;ahmadfaisal;1
16959100;adib.tamtama;1
16959101;adib.tamtama;1
16959102;adib.tamtama;1
16959103;adib.tamtama;1
16959104;adib.tamtama;1
16959105;adib.tamtama;1
16959106;ahmadfaisal;1
16959107;adib.tamtama;1
16959108;ahmadfaisal;1
16959109;adib.tamtama;1
16959110;adib.tamtama;1
16959111;raka.prawira;1
16959112;adib.tamtama;1
16959113;adib.tamtama;1
16959114;adib.tamtama;1
16959115;adib.tamtama;1
16959116;;0
16959117;raka.prawira;1
16959118;adib.tamtama;1
16959119;adib.tamtama;1
16959120;adib.tamtama;1
16959121;ahmadfaisal;1
16959122;adib.tamtama;1
16959123;adib.tamtama;1
16959124;adib.tamtama;1
16959125;adib.tamtama;1
16959126;adib.tamtama;1
16959127;adib.tamtama;1
16959128;adib.tamtama;1
16959129;adib.tamtama;1
16959130;ahmadfaisal;1
16959131;raka.prawira;1
16959132;adib.tamtama;1
16959133;adib.tamtama;1
16959134;adib.tamtama;1
16959135;adib.tamtama;1
16959136;adib.tamtama;1
16959137;adib.tamtama;1
16959138;adib.tamtama;1
16959139;adib.tamtama;1
16959140;adib.tamtama;1
16959141;adib.tamtama;1
16959142;ahmadfaisal;1
16959143;adib.tamtama;1
16959144;adib.tamtama;1
16959145;adib.tamtama;1
16959146;adib.tamtama;1
16959147;adib.tamtama;1
16959148;adib.tamtama;1
16959149;adib.tamtama;1
16959150;adib.tamtama;1
16959151;adib.tamtama;1
16959152;adib.tamtama;1
16959153;adib.tamtama;1
16959154;adib.tamtama;1
16959155;adib.tamtama;1
16959156;ahmadfaisal;1
16959157;adib.tamtama;1
16959158;adib.tamtama;1
16959159;adib.tamtama;1
16959160;raka.prawira;1
16959161;adib.tamtama;1
16959162;adib.tamtama;1
16959163;adib.tamtama;1
16959164;adib.tamtama;1
16959165;ahmadfaisal;1
16959166;raka.prawira;1
16959167;adib.tamtama;1
16959168;adib.tamtama;1
16959169;adib.tamtama;1
16959170;ahmadfaisal;1
16959171;adib.tamtama;1
16959172;adib.tamtama;1
16959173;adib.tamtama;1
16959174;raka.prawira;1
16959175;adib.tamtama;1
16959176;adib.tamtama;1
16959177;raka.prawira;1
16959178;adib.tamtama;1
16959179;adib.tamtama;1
16959180;adib.tamtama;1
16959181;ahmadfaisal;1
16959182;adib.tamtama;1
16959183;adib.tamtama;1
16959184;adib.tamtama;1
16959185;adib.tamtama;1
16959186;adib.tamtama;1
16959187;adib.tamtama;1
16959188;adib.tamtama;1
16959189;adib.tamtama;1
16959190;adib.tamtama;1
16959191;adib.tamtama;1
16959192;adib.tamtama;1
16959193;adib.tamtama;1
16959194;adib.tamtama;1
16959195;adib.tamtama;1
16959196;adib.tamtama;1
16959197;adib.tamtama;1
16959198;adib.tamtama;1
16959199;adib.tamtama;1
16959200;adib.tamtama;1
16959201;adib.tamtama;1
16959202;adib.tamtama;1
16959203;adib.tamtama;1
16959204;adib.tamtama;1
16959205;adib.tamtama;1
16959206;adib.tamtama;1
16959207;adib.tamtama;1
16959208;adib.tamtama;1
16959209;adib.tamtama;1
16959210;adib.tamtama;1
16959211;adib.tamtama;1
16959212;adib.tamtama;1
16959213;adib.tamtama;1
16959214;raka.prawira;1
16959215;adib.tamtama;1
16959216;adib.tamtama;1
16959217;raka.prawira;1
16959218;adib.tamtama;1
16959219;ahmadfaisal;1
16959220;raka.prawira;1
16959221;adib.tamtama;1
16959222;adib.tamtama;1
16959223;raka.prawira;1
16959224;adib.tamtama;1
16959225;adib.tamtama;1
16959226;adib.tamtama;1
16959227;adib.tamtama;1
16959228;adib.tamtama;1
16959229;adib.tamtama;1
16959230;ahmadfaisal;1
16959231;adib.tamtama;1
16959232;adib.tamtama;1
16959233;adib.tamtama;1
16959234;adib.tamtama;1
16959235;adib.tamtama;1
16959236;adib.tamtama;1
16959237;raka.prawira;1
16959238;adib.tamtama;1
16959239;ahmadfaisal;1
16959240;adib.tamtama;1
16959241;adib.tamtama;1
16959242;adib.tamtama;1
16959243;adib.tamtama;1
16959244;ahmadfaisal;1
16959245;adib.tamtama;1
16959246;adib.tamtama;1
16959247;adib.tamtama;1
16959248;adib.tamtama;1
16959249;adib.tamtama;1
16959250;adib.tamtama;1
16959251;adib.tamtama;1
16959252;adib.tamtama;1
16959253;adib.tamtama;1
16959254;adib.tamtama;1
16959255;adib.tamtama;1
16959256;adib.tamtama;1
16959257;adib.tamtama;1
16959258;adib.tamtama;1
16959259;adib.tamtama;1
16959260;raka.prawira;1
16959261;adib.tamtama;1
16959262;adib.tamtama;1
16959263;adib.tamtama;1
16959264;adib.tamtama;1
16959265;adib.tamtama;1
16959266;adib.tamtama;1
16959267;adib.tamtama;1
16959268;adib.tamtama;1
16959269;raka.prawira;1
16959270;adib.tamtama;1
16959271;adib.tamtama;1
16959272;ahmadfaisal;1
16959273;adib.tamtama;1
16959274;adib.tamtama;1
16959275;ahmadfaisal;1
16959276;adib.tamtama;1
16959277;adib.tamtama;1
16959278;adib.tamtama;1
16959279;ahmadfaisal;1
16959280;adib.tamtama;1
16959281;adib.tamtama;1
16959282;adib.tamtama;1
16959283;adib.tamtama;1
16959284;adib.tamtama;1
16959285;adib.tamtama;1
16959286;adib.tamtama;1
16959287;adib.tamtama;1
16959288;adib.tamtama;1
16959289;adib.tamtama;1
16959290;adib.tamtama;1
16959291;ahmadfaisal;1
16959292;adib.tamtama;1
16959293;adib.tamtama;1
16959294;ahmadfaisal;1
16959295;adib.tamtama;1
16959296;ahmadfaisal;1
16959297;raka.prawira;1
16959298;adib.tamtama;1
16959299;adib.tamtama;1
16959300;adib.tamtama;1
16959301;adib.tamtama;1
16959302;adib.tamtama;1
16959303;raka.prawira;1
16959304;adib.tamtama;1
16959305;adib.tamtama;1
16959306;adib.tamtama;1
16959307;adib.tamtama;1
16959308;adib.tamtama;1
16959309;adib.tamtama;1
16959310;ahmadfaisal;1
16959311;adib.tamtama;1
16959312;adib.tamtama;1
16959313;adib.tamtama;1
16959314;adib.tamtama;1
16959315;adib.tamtama;1
16959316;adib.tamtama;1
16959317;adib.tamtama;1
16959318;adib.tamtama;1
16959319;ahmadfaisal;1
16959320;adib.tamtama;1
16959321;raka.prawira;1
16959322;adib.tamtama;1
16959323;adib.tamtama;1
16959324;adib.tamtama;1
16959325;adib.tamtama;1
16959326;adib.tamtama;1
16959327;adib.tamtama;1
16959328;adib.tamtama;1
16959329;adib.tamtama;1
16959330;adib.tamtama;1
16959331;ahmadfaisal;1
16959332;adib.tamtama;1
16959333;ahmadfaisal;1
16959334;adib.tamtama;1
16959335;adib.tamtama;1
16959336;adib.tamtama;1
16959337;adib.tamtama;1
16959338;adib.tamtama;1
16959339;adib.tamtama;1
16959340;raka.prawira;1
16959341;adib.tamtama;1
16959342;ahmadfaisal;1
16959343;adib.tamtama;1
16959344;ahmadfaisal;1
16959345;ahmadfaisal;1
16959346;raka.prawira;1
16959347;ahmadfaisal;1
16959348;adib.tamtama;1
16959349;adib.tamtama;1
16959350;adib.tamtama;1
16959351;adib.tamtama;1
16959352;adib.tamtama;1
16959353;ahmadfaisal;1
16959354;adib.tamtama;1
16959355;adib.tamtama;1
16959356;adib.tamtama;1
16959357;adib.tamtama;1
16959358;adib.tamtama;1
16959359;ahmadfaisal;1
16959360;;0
16959361;adib.tamtama;1
16959362;ahmadfaisal;1
16959363;adib.tamtama;1
16959364;adib.tamtama;1
16959365;adib.tamtama;1
16959366;raka.prawira;1
16959367;adib.tamtama;1
16959368;ahmadfaisal;1
16959369;adib.tamtama;1
16959370;adib.tamtama;1
16959371;adib.tamtama;1
16959372;adib.tamtama;1
16959373;;0
16959374;adib.tamtama;1
16959375;adib.tamtama;1
16959376;adib.tamtama;1
16959377;adib.tamtama;1
16959378;adib.tamtama;1
16959379;adib.tamtama;1
16959380;adib.tamtama;1
16959381;adib.tamtama;1
16959382;ahmadfaisal;1
16959383;adib.tamtama;1
16959384;adib.tamtama;1
16959385;adib.tamtama;1
16959386;adib.tamtama;1
16959387;ahmadfaisal;1
16959388;ahmadfaisal;1
16959389;adib.tamtama;1
16959390;adib.tamtama;1
16959391;adib.tamtama;1
16959392;adib.tamtama;1
16959393;adib.tamtama;1
16959394;adib.tamtama;1
16959395;adib.tamtama;1
16959396;adib.tamtama;1
16959397;adib.tamtama;1
16959398;adib.tamtama;1
16959399;adib.tamtama;1
16959400;adib.tamtama;1
16959401;adib.tamtama;1
16959402;adib.tamtama;1
16959403;adib.tamtama;1
16959404;adib.tamtama;1
16959405;adib.tamtama;1
16959406;adib.tamtama;1
16959407;adib.tamtama;1
16959408;ahmadfaisal;1
16959409;adib.tamtama;1
16959410;ahmadfaisal;1
16959411;adib.tamtama;1
16959412;adib.tamtama;1
16959413;adib.tamtama;1
16959414;ahmadfaisal;1
16959415;adib.tamtama;1
16959416;adib.tamtama;1
16959417;adib.tamtama;1
16959418;adib.tamtama;1
16959419;ahmadfaisal;1
16959420;adib.tamtama;1
16959421;adib.tamtama;1
16959422;ahmadfaisal;1
16959423;adib.tamtama;1
16959424;ahmadfaisal;1
16959425;adib.tamtama;1
16959426;adib.tamtama;1
16959427;adib.tamtama;1
16959428;adib.tamtama;1
16959429;adib.tamtama;1
16959430;adib.tamtama;1
16959431;adib.tamtama;1
16959432;raka.prawira;1
16959433;adib.tamtama;1
16959434;adib.tamtama;1
16959435;adib.tamtama;1
16959436;adib.tamtama;1
16959437;adib.tamtama;1
16959438;adib.tamtama;1
16959439;adib.tamtama;1
16959440;ahmadfaisal;1
16959441;adib.tamtama;1
16959442;ahmadfaisal;1
16959443;adib.tamtama;1
16959444;adib.tamtama;1
16959445;adib.tamtama;1
16959446;adib.tamtama;1
16959447;adib.tamtama;1
16959448;adib.tamtama;1
16959449;adib.tamtama;1
16959450;adib.tamtama;1
16959451;adib.tamtama;1
16959452;adib.tamtama;1
16959453;adib.tamtama;1
16959454;ahmadfaisal;1
16959455;adib.tamtama;1
16959456;adib.tamtama;1
16959457;adib.tamtama;1
16959458;adib.tamtama;1
16959459;adib.tamtama;1
16959460;adib.tamtama;1
16959461;adib.tamtama;1
16959462;ahmadfaisal;1
16959463;adib.tamtama;1
16959464;adib.tamtama;1
16959465;ahmadfaisal;1
16959466;raka.prawira;1
16959467;ahmadfaisal;1
16959468;adib.tamtama;1
16959469;adib.tamtama;1
16959470;adib.tamtama;1
16959471;ahmadfaisal;1
16959472;adib.tamtama;1
16959473;adib.tamtama;1
16959474;adib.tamtama;1
16959475;adib.tamtama;1
16959476;adib.tamtama;1
16959477;adib.tamtama;1
16959478;adib.tamtama;1
16959479;ahmadfaisal;1
16959480;adib.tamtama;1
16959481;adib.tamtama;1
16959482;ahmadfaisal;1
16959483;adib.tamtama;1
16959484;adib.tamtama;1
16959485;adib.tamtama;1
16959486;adib.tamtama;1
16959487;adib.tamtama;1
16959488;adib.tamtama;1
16959489;raka.prawira;1
16959490;adib.tamtama;1
16959491;adib.tamtama;1
16959492;adib.tamtama;1
16959493;adib.tamtama;1
16959494;adib.tamtama;1
16959495;adib.tamtama;1
16959496;ahmadfaisal;1
16959497;adib.tamtama;1
16959498;adib.tamtama;1
16959499;ahmadfaisal;1
16959500;adib.tamtama;1
16959501;adib.tamtama;1
16959502;adib.tamtama;1
16959503;ahmadfaisal;1
16959504;adib.tamtama;1
16959505;adib.tamtama;1
16959506;adib.tamtama;1
16959507;ahmadfaisal;1
16959508;ahmadfaisal;1
16959509;adib.tamtama;1
16959510;adib.tamtama;1
16959511;adib.tamtama;1
16959512;adib.tamtama;1
16959513;adib.tamtama;1
16959514;adib.tamtama;1
16959515;adib.tamtama;1
16959516;adib.tamtama;1
16959517;adib.tamtama;1
16959518;adib.tamtama;1
16959519;adib.tamtama;1
16959520;adib.tamtama;1
16959521;adib.tamtama;1
16959522;adib.tamtama;1
16959523;adib.tamtama;1
16959524;adib.tamtama;1
16959525;adib.tamtama;1
16959526;raka.prawira;1
16959527;adib.tamtama;1
16959528;adib.tamtama;1
16959529;adib.tamtama;1
16959530;adib.tamtama;1
16959531;adib.tamtama;1
16959532;adib.tamtama;1
16959533;adib.tamtama;1
16959534;adib.tamtama;1
16959535;raka.prawira;1
16959536;adib.tamtama;1
16959537;ahmadfaisal;1
16959538;adib.tamtama;1
16959539;ahmadfaisal;1
16959540;;0
16959541;adib.tamtama;1
16959542;adib.tamtama;1
16959543;adib.tamtama;1
16959544;adib.tamtama;1
16959545;adib.tamtama;1
16959546;adib.tamtama;1
16959547;adib.tamtama;1
16959548;adib.tamtama;1
16959549;raka.prawira;1
16959550;ahmadfaisal;1
16959551;ahmadfaisal;1
16959552;adib.tamtama;1
16959553;adib.tamtama;1
16959554;adib.tamtama;1
16959555;adib.tamtama;1
16959556;ahmadfaisal;1
16959557;ahmadfaisal;1
16959558;adib.tamtama;1
16959559;adib.tamtama;1
16959560;adib.tamtama;1
16959561;adib.tamtama;1
16959562;adib.tamtama;1
16959563;adib.tamtama;1
16959564;adib.tamtama;1
16959565;adib.tamtama;1
16959566;adib.tamtama;1
16959567;adib.tamtama;1
16959568;adib.tamtama;1
16959569;raka.prawira;1
16959570;adib.tamtama;1
16959571;adib.tamtama;1
16959572;raka.prawira;1
16959573;adib.tamtama;1
16959574;ahmadfaisal;1
16959575;adib.tamtama;1
16959576;adib.tamtama;1
16959577;adib.tamtama;1
16959578;adib.tamtama;1
16959579;adib.tamtama;1
16959580;adib.tamtama;1
16959581;adib.tamtama;1
16959582;ahmadfaisal;1
16959583;adib.tamtama;1
16959584;adib.tamtama;1
16959585;adib.tamtama;1
16959586;adib.tamtama;1
16959587;adib.tamtama;1
16959588;adib.tamtama;1
16959589;adib.tamtama;1
16959590;adib.tamtama;1
16959591;adib.tamtama;1
16959592;raka.prawira;1
16959593;adib.tamtama;1
16959594;ahmadfaisal;1
16959595;adib.tamtama;1
16959596;adib.tamtama;1
16959597;ahmadfaisal;1
16959598;adib.tamtama;1
16959599;ahmadfaisal;1
16959600;ahmadfaisal;1
16959601;raka.prawira;1
16959602;adib.tamtama;1
16959603;adib.tamtama;1
16959604;adib.tamtama;1
16959605;adib.tamtama;1
16959606;adib.tamtama;1
16959607;adib.tamtama;1
16959608;ahmadfaisal;1
16959609;raka.prawira;1
16959610;adib.tamtama;1
16959611;ahmadfaisal;1
16959612;adib.tamtama;1
16959613;adib.tamtama;1
16959614;adib.tamtama;1
16959615;adib.tamtama;1
16959616;adib.tamtama;1
16959617;adib.tamtama;1
16959618;adib.tamtama;1
16959619;adib.tamtama;1
16959620;adib.tamtama;1
16959621;adib.tamtama;1
16959622;adib.tamtama;1
16959623;adib.tamtama;1
16959624;adib.tamtama;1
16959625;adib.tamtama;1
16959626;ahmadfaisal;1
16959627;adib.tamtama;1
16959628;ahmadfaisal;1
16959629;adib.tamtama;1
16959630;adib.tamtama;1
16959631;adib.tamtama;1
16959632;adib.tamtama;1
16959633;adib.tamtama;1
16959634;adib.tamtama;1
16959635;adib.tamtama;1
16959636;adib.tamtama;1
16959637;adib.tamtama;1
16959638;adib.tamtama;1
16959639;ahmadfaisal;1
16959640;ahmadfaisal;1
16959641;adib.tamtama;1
16959642;adib.tamtama;1
16959643;adib.tamtama;1
16959644;adib.tamtama;1
16959645;adib.tamtama;1
16959646;adib.tamtama;1
16959647;adib.tamtama;1
16959648;adib.tamtama;1
16959649;adib.tamtama;1
16959650;adib.tamtama;1
16959651;ahmadfaisal;1
16959652;raka.prawira;1
16959653;adib.tamtama;1
16959654;adib.tamtama;1
16959655;adib.tamtama;1
16959656;adib.tamtama;1
16959657;ahmadfaisal;1
16959658;adib.tamtama;1
16959659;adib.tamtama;1
16959660;adib.tamtama;1
16959661;adib.tamtama;1
16959662;adib.tamtama;1
16959663;adib.tamtama;1
16959664;adib.tamtama;1
16959665;adib.tamtama;1
16959666;adib.tamtama;1
16959667;adib.tamtama;1
16959668;adib.tamtama;1
16959669;adib.tamtama;1
16959670;adib.tamtama;1
16959671;adib.tamtama;1
16959672;raka.prawira;1
16959673;adib.tamtama;1
16959674;adib.tamtama;1
16959675;adib.tamtama;1
16959676;ahmadfaisal;1
16959677;adib.tamtama;1
16959678;adib.tamtama;1
16959679;adib.tamtama;1
16959680;adib.tamtama;1
16959681;adib.tamtama;1
16959682;adib.tamtama;1
16959683;adib.tamtama;1
16959684;adib.tamtama;1
16959685;adib.tamtama;1
16959686;adib.tamtama;1
16959687;adib.tamtama;1
16959688;adib.tamtama;1
16959689;adib.tamtama;1
16959690;adib.tamtama;1
16959691;adib.tamtama;1
16959692;adib.tamtama;1
16959693;adib.tamtama;1
16959694;adib.tamtama;1
16959695;raka.prawira;1
16959696;adib.tamtama;1
16959697;adib.tamtama;1
16959698;adib.tamtama;1
16959699;adib.tamtama;1
16959700;adib.tamtama;1
16959701;adib.tamtama;1
16959702;ahmadfaisal;1
16959703;adib.tamtama;1
16959704;adib.tamtama;1
16959705;adib.tamtama;1
16959706;adib.tamtama;1
16959707;adib.tamtama;1
16959708;;0
16959709;adib.tamtama;1
16959710;adib.tamtama;1
16959711;ahmadfaisal;1
16959712;adib.tamtama;1
16959713;adib.tamtama;1
16959714;adib.tamtama;1
16959715;adib.tamtama;1
16959716;adib.tamtama;1
16959717;adib.tamtama;1
16959718;raka.prawira;1
16959719;adib.tamtama;1
16959720;ahmadfaisal;1
16959721;adib.tamtama;1
16959722;adib.tamtama;1
16959723;adib.tamtama;1
16959724;raka.prawira;1
16959725;adib.tamtama;1
16959726;adib.tamtama;1
16959727;adib.tamtama;1
16959728;adib.tamtama;1
16959729;adib.tamtama;1
16959730;raka.prawira;1
16959731;adib.tamtama;1
16959732;adib.tamtama;1
16959733;adib.tamtama;1
16959734;adib.tamtama;1
16959735;adib.tamtama;1
16959736;adib.tamtama;1
16959737;adib.tamtama;1
16959738;adib.tamtama;1
16959739;adib.tamtama;1
16959740;adib.tamtama;1
16959741;adib.tamtama;1
16959742;adib.tamtama;1
16959743;adib.tamtama;1
16959744;adib.tamtama;1
16959745;ahmadfaisal;1
16959746;adib.tamtama;1
16959747;adib.tamtama;1
16959748;adib.tamtama;1
16959749;adib.tamtama;1
16959750;;0
16959751;adib.tamtama;1
16959752;adib.tamtama;1
16959753;adib.tamtama;1
16959754;adib.tamtama;1
16959755;adib.tamtama;1
16959756;adib.tamtama;1
16959757;adib.tamtama;1
16959758;raka.prawira;1
16959759;adib.tamtama;1
16959760;adib.tamtama;1
16959761;raka.prawira;1
16959762;adib.tamtama;1
16959763;adib.tamtama;1
16959764;;0
16959765;adib.tamtama;1
16959766;ahmadfaisal;1
16959767;adib.tamtama;1
16959768;adib.tamtama;1
16959769;ahmadfaisal;1
16959770;adib.tamtama;1
16959771;adib.tamtama;1
16959772;;0
16959773;adib.tamtama;1
16959774;ahmadfaisal;1
16959775;raka.prawira;1
16959776;adib.tamtama;1
16959777;adib.tamtama;1
16959778;adib.tamtama;1
16959779;adib.tamtama;1
16959780;adib.tamtama;1
16959781;adib.tamtama;1
16959782;adib.tamtama;1
16959783;adib.tamtama;1
16959784;adib.tamtama;1
16959785;adib.tamtama;1
16959786;adib.tamtama;1
16959787;raka.prawira;1
16959788;adib.tamtama;1
16959789;adib.tamtama;1
16959790;adib.tamtama;1
16959791;adib.tamtama;1
16959792;adib.tamtama;1
16959793;adib.tamtama;1
16959794;adib.tamtama;1
16959795;adib.tamtama;1
16959796;adib.tamtama;1
16959797;adib.tamtama;1
16959798;adib.tamtama;1
16959799;adib.tamtama;1
16959800;adib.tamtama;1
16959801;adib.tamtama;1
16959802;adib.tamtama;1
16959803;adib.tamtama;1
16959804;adib.tamtama;1
16959805;adib.tamtama;1
16959806;adib.tamtama;1
16959807;adib.tamtama;1
16959808;adib.tamtama;1
16959809;adib.tamtama;1
16959810;adib.tamtama;1
16959811;adib.tamtama;1
16959812;adib.tamtama;1
16959813;adib.tamtama;1
16959814;ahmadfaisal;1
16959815;adib.tamtama;1
16959816;adib.tamtama;1
16959817;ahmadfaisal;1
16959818;adib.tamtama;1
16959819;adib.tamtama;1
16959820;adib.tamtama;1
16959821;adib.tamtama;1
16959822;adib.tamtama;1
16959823;adib.tamtama;1
16959824;raka.prawira;1
16959825;adib.tamtama;1
16959826;ahmadfaisal;1
16959827;raka.prawira;1
16959828;adib.tamtama;1
16959829;adib.tamtama;1
16959830;adib.tamtama;1
16959831;adib.tamtama;1
16959832;adib.tamtama;1
16959833;adib.tamtama;1
16959834;ahmadfaisal;1
16959835;adib.tamtama;1
16959836;adib.tamtama;1
16959837;ahmadfaisal;1
16959838;adib.tamtama;1
16959839;;0
16959840;;0
16959841;;0
16959842;adib.tamtama;1
16959843;ahmadfaisal;1
16959844;adib.tamtama;1
16959845;adib.tamtama;1
16959846;adib.tamtama;1
16959847;adib.tamtama;1
16959848;adib.tamtama;1
16959849;ahmadfaisal;1
16959850;adib.tamtama;1
16959851;adib.tamtama;1
16959852;adib.tamtama;1
16959853;adib.tamtama;1
16959854;adib.tamtama;1
16959855;adib.tamtama;1
16959856;adib.tamtama;1
16959857;adib.tamtama;1
16959858;adib.tamtama;1
16959859;ahmadfaisal;1
16959860;adib.tamtama;1
16959861;adib.tamtama;1
16959862;adib.tamtama;1
16959863;adib.tamtama;1
16959864;adib.tamtama;1
16959865;ahmadfaisal;1
16959866;adib.tamtama;1
16959867;adib.tamtama;1
16959868;adib.tamtama;1
16959869;adib.tamtama;1
16959870;raka.prawira;1
16959871;adib.tamtama;1
16959872;;0
16959873;;0
16959874;adib.tamtama;1
16959875;adib.tamtama;1
16959876;;0
16959877;;0
16959878;;0
16959879;adib.tamtama;1
16959880;adib.tamtama;1
16959881;adib.tamtama;1
16959882;adib.tamtama;1
16959883;adib.tamtama;1
16959884;adib.tamtama;1
16959885;adib.tamtama;1
16959886;ahmadfaisal;1
16959887;raka.prawira;1
16959888;adib.tamtama;1
16959889;adib.tamtama;1
16959890;adib.tamtama;1
16959891;ahmadfaisal;1
16959892;ahmadfaisal;1
16959893;adib.tamtama;1
16959894;ahmadfaisal;1
16959895;ahmadfaisal;1
16959896;adib.tamtama;1
16959897;adib.tamtama;1
16959898;adib.tamtama;1
16959899;adib.tamtama;1
16959900;adib.tamtama;1
16959901;raka.prawira;1
16959902;adib.tamtama;1
16959903;ahmadfaisal;1
16959904;adib.tamtama;1
16959905;adib.tamtama;1
16959906;adib.tamtama;1
16959907;raka.prawira;1
16959908;adib.tamtama;1
16959909;adib.tamtama;1
16959910;adib.tamtama;1
16959911;adib.tamtama;1
16959912;ahmadfaisal;1
16959913;adib.tamtama;1
16959914;ahmadfaisal;1
16959915;ahmadfaisal;1
16959916;adib.tamtama;1
16959917;adib.tamtama;1
16959918;ahmadfaisal;1
16959919;adib.tamtama;1
16959920;ahmadfaisal;1
16959921;raka.prawira;1
16959922;adib.tamtama;1
16959923;adib.tamtama;1
16959924;raka.prawira;1
16959925;adib.tamtama;1
16959926;adib.tamtama;1
16959927;raka.prawira;1
16959928;adib.tamtama;1
16959929;adib.tamtama;1
16959930;adib.tamtama;1
16959931;adib.tamtama;1
16959932;adib.tamtama;1
16959933;adib.tamtama;1
16959934;adib.tamtama;1
16959935;adib.tamtama;1
16959936;adib.tamtama;1
16959937;adib.tamtama;1
16959938;adib.tamtama;1
16959939;adib.tamtama;1
16959940;adib.tamtama;1
16959941;adib.tamtama;1
16959942;adib.tamtama;1
16959943;adib.tamtama;1
16959944;adib.tamtama;1
16959945;adib.tamtama;1
16959946;adib.tamtama;1
16959947;raka.prawira;1
16959948;adib.tamtama;1
16959949;adib.tamtama;1
16959950;adib.tamtama;1
16959951;adib.tamtama;1
16959952;adib.tamtama;1
16959953;raka.prawira;1
16959954;adib.tamtama;1
16959955;adib.tamtama;1
16959956;adib.tamtama;1
16959957;adib.tamtama;1
16959958;adib.tamtama;1
16959959;adib.tamtama;1
16959960;adib.tamtama;1
16959961;ahmadfaisal;1
16959962;adib.tamtama;1
16959963;adib.tamtama;1
16959964;raka.prawira;1
16959965;ahmadfaisal;1
16959966;adib.tamtama;1
16959967;adib.tamtama;1
16959968;adib.tamtama;1
16959969;adib.tamtama;1
16959970;adib.tamtama;1
16959971;adib.tamtama;1
16959972;adib.tamtama;1
16959973;adib.tamtama;1
16959974;adib.tamtama;1
16959975;adib.tamtama;1
16959976;adib.tamtama;1
16959977;adib.tamtama;1
16959978;ahmadfaisal;1
16959979;adib.tamtama;1
16959980;adib.tamtama;1
16959981;adib.tamtama;1
16959982;adib.tamtama;1
16959983;adib.tamtama;1
16959984;adib.tamtama;1
16959985;adib.tamtama;1
16959986;;0
16959987;adib.tamtama;1
16959988;adib.tamtama;1
16959989;adib.tamtama;1
16959990;adib.tamtama;1
16959991;adib.tamtama;1
16959992;adib.tamtama;1
16959993;adib.tamtama;1
16959994;adib.tamtama;1
16959995;ahmadfaisal;1
16959996;adib.tamtama;1
16959997;adib.tamtama;1
16959998;adib.tamtama;1
16959999;adib.tamtama;1
16960000;;0
16960001;adib.tamtama;1
16960002;raka.prawira;1
16960003;ahmadfaisal;1
16960004;raka.prawira;1
16960005;adib.tamtama;1
16960006;adib.tamtama;1
16960007;adib.tamtama;1
16960008;adib.tamtama;1
16960009;adib.tamtama;1
16960010;adib.tamtama;1
16960011;adib.tamtama;1
16960012;adib.tamtama;1
16960013;adib.tamtama;1
16960014;adib.tamtama;1
16960015;ahmadfaisal;1
16960016;adib.tamtama;1
16960017;adib.tamtama;1
16960018;adib.tamtama;1
16960019;raka.prawira;1
16960020;adib.tamtama;1
16960021;adib.tamtama;1
16960022;adib.tamtama;1
16960023;adib.tamtama;1
16960024;adib.tamtama;1
16960025;adib.tamtama;1
16960026;adib.tamtama;1
16960027;raka.prawira;1
16960028;adib.tamtama;1
16960029;adib.tamtama;1
16960030;adib.tamtama;1
16960031;adib.tamtama;1
16960032;adib.tamtama;1
16960033;adib.tamtama;1
16960034;adib.tamtama;1
16960035;adib.tamtama;1
16960036;adib.tamtama;1
16960037;adib.tamtama;1
16960038;ahmadfaisal;1
16960039;adib.tamtama;1
16960040;adib.tamtama;1
16960041;adib.tamtama;1
16960042;adib.tamtama;1
16960043;adib.tamtama;1
16960044;adib.tamtama;1
16960045;adib.tamtama;1
16960046;adib.tamtama;1
16960047;adib.tamtama;1
16960048;adib.tamtama;1
16960049;adib.tamtama;1
16960050;adib.tamtama;1
16960051;adib.tamtama;1
16960052;adib.tamtama;1
16960053;adib.tamtama;1
16960054;adib.tamtama;1
16960055;ahmadfaisal;1
16960056;adib.tamtama;1
16960057;adib.tamtama;1
16960058;adib.tamtama;1
16960059;adib.tamtama;1
16960060;adib.tamtama;1
16960061;adib.tamtama;1
16960062;raka.prawira;1
16960063;adib.tamtama;1
16960064;ahmadfaisal;1
16960065;adib.tamtama;1
16960066;adib.tamtama;1
16960067;raka.prawira;1
16960068;adib.tamtama;1
16960069;ahmadfaisal;1
16960070;adib.tamtama;1
16960071;adib.tamtama;1
16960072;adib.tamtama;1
16960073;raka.prawira;1
16960074;ahmadfaisal;1
16960075;ahmadfaisal;1
16960076;adib.tamtama;1
16960077;adib.tamtama;1
16960078;adib.tamtama;1
16960079;adib.tamtama;1
16960080;adib.tamtama;1
16960081;adib.tamtama;1
16960082;;0
16960083;adib.tamtama;1
16960084;adib.tamtama;1
16960085;adib.tamtama;1
16960086;ahmadfaisal;1
16960087;adib.tamtama;1
16960088;adib.tamtama;1
16960089;adib.tamtama;1
16960090;adib.tamtama;1
16960091;adib.tamtama;1
16960092;adib.tamtama;1
16960093;adib.tamtama;1
16960094;ahmadfaisal;1
16960095;adib.tamtama;1
16960096;adib.tamtama;1
16960097;adib.tamtama;1
16960098;adib.tamtama;1
16960099;adib.tamtama;1
16960100;ahmadfaisal;1
16960101;adib.tamtama;1
16960102;adib.tamtama;1
16960103;adib.tamtama;1
16960104;adib.tamtama;1
16960105;adib.tamtama;1
16960106;adib.tamtama;1
16960107;adib.tamtama;1
16960108;adib.tamtama;1
16960109;adib.tamtama;1
16960110;adib.tamtama;1
16960111;adib.tamtama;1
16960112;ahmadfaisal;1
16960113;raka.prawira;1
16960114;adib.tamtama;1
16960115;adib.tamtama;1
16960116;adib.tamtama;1
16960117;adib.tamtama;1
16960118;adib.tamtama;1
16960119;raka.prawira;1
16960120;adib.tamtama;1
16960121;adib.tamtama;1
16960122;adib.tamtama;1
16960123;ahmadfaisal;1
16960124;adib.tamtama;1
16960125;adib.tamtama;1
16960126;ahmadfaisal;1
16960127;adib.tamtama;1
16960128;adib.tamtama;1
16960129;adib.tamtama;1
16960130;adib.tamtama;1
16960131;adib.tamtama;1
16960132;adib.tamtama;1
16960133;adib.tamtama;1
16960134;adib.tamtama;1
16960135;adib.tamtama;1
16960136;adib.tamtama;1
16960137;adib.tamtama;1
16960138;adib.tamtama;1
16960139;adib.tamtama;1
16960140;ahmadfaisal;1
16960141;adib.tamtama;1
16960142;adib.tamtama;1
16960143;;0
16960144;adib.tamtama;1
16960145;adib.tamtama;1
16960146;adib.tamtama;1
16960147;adib.tamtama;1
16960148;adib.tamtama;1
16960149;adib.tamtama;1
16960150;raka.prawira;1
16960151;adib.tamtama;1
16960152;ahmadfaisal;1
16960153;adib.tamtama;1
16960154;adib.tamtama;1
16960155;adib.tamtama;1
16960156;adib.tamtama;1
16960157;adib.tamtama;1
16960158;adib.tamtama;1
16960159;adib.tamtama;1
16960160;ahmadfaisal;1
16960161;adib.tamtama;1
16960162;adib.tamtama;1
16960163;adib.tamtama;1
16960164;adib.tamtama;1
16960165;adib.tamtama;1
16960166;ahmadfaisal;1
16960167;adib.tamtama;1
16960168;adib.tamtama;1
16960169;ahmadfaisal;1
16960170;ahmadfaisal;1
16960171;adib.tamtama;1
16960172;ahmadfaisal;1
16960173;adib.tamtama;1
16960174;adib.tamtama;1
16960175;ahmadfaisal;1
16960176;adib.tamtama;1
16960177;adib.tamtama;1
16960178;adib.tamtama;1
16960179;adib.tamtama;1
16960180;adib.tamtama;1
16960181;adib.tamtama;1
16960182;adib.tamtama;1
16960183;ahmadfaisal;1
16960184;adib.tamtama;1
16960185;adib.tamtama;1
16960186;adib.tamtama;1
16960187;adib.tamtama;1
16960188;ahmadfaisal;1
16960189;adib.tamtama;1
16960190;adib.tamtama;1
16960191;adib.tamtama;1
16960192;adib.tamtama;1
16960193;adib.tamtama;1
16960194;adib.tamtama;1
16960195;adib.tamtama;1
16960196;adib.tamtama;1
16960197;adib.tamtama;1
16960198;adib.tamtama;1
16960199;raka.prawira;1
16960200;adib.tamtama;1
16960201;adib.tamtama;1
16960202;adib.tamtama;1
16960203;adib.tamtama;1
16960204;adib.tamtama;1
16960205;adib.tamtama;1
16960206;adib.tamtama;1
16960207;adib.tamtama;1
16960208;adib.tamtama;1
16960209;adib.tamtama;1
16960210;ahmadfaisal;1
16960211;adib.tamtama;1
16960212;ahmadfaisal;1
16960213;raka.prawira;1
16960214;adib.tamtama;1
16960215;adib.tamtama;1
16960216;adib.tamtama;1
16960217;adib.tamtama;1
16960218;adib.tamtama;1
16960219;adib.tamtama;1
16960220;adib.tamtama;1
16960221;adib.tamtama;1
16960222;raka.prawira;1
16960223;adib.tamtama;1
16960224;adib.tamtama;1
16960225;adib.tamtama;1
16960226;adib.tamtama;1
16960227;adib.tamtama;1
16960228;adib.tamtama;1
16960229;adib.tamtama;1
16960230;adib.tamtama;1
16960231;adib.tamtama;1
16960232;adib.tamtama;1
16960233;adib.tamtama;1
16960234;adib.tamtama;1
16960235;adib.tamtama;1
16960236;raka.prawira;1
16960237;adib.tamtama;1
16960238;adib.tamtama;1
16960239;raka.prawira;1
16960240;adib.tamtama;1
16960241;adib.tamtama;1
16960242;raka.prawira;1
16960243;ahmadfaisal;1
16960244;adib.tamtama;1
16960245;adib.tamtama;1
16960246;ahmadfaisal;1
16960247;adib.tamtama;1
16960248;adib.tamtama;1
16960249;ahmadfaisal;1
16960250;adib.tamtama;1
16960251;adib.tamtama;1
16960252;adib.tamtama;1
16960253;adib.tamtama;1
16960254;adib.tamtama;1
16960255;adib.tamtama;1
16960256;adib.tamtama;1
16960257;adib.tamtama;1
16960258;adib.tamtama;1
16960259;raka.prawira;1
16960260;adib.tamtama;1
16960261;ahmadfaisal;1
16960262;adib.tamtama;1
16960263;adib.tamtama;1
16960264;adib.tamtama;1
16960265;adib.tamtama;1
16960266;adib.tamtama;1
16960267;adib.tamtama;1
16960268;adib.tamtama;1
16960269;adib.tamtama;1
16960270;adib.tamtama;1
16960271;;0
16960272;adib.tamtama;1
16960273;adib.tamtama;1
16960274;adib.tamtama;1
16960275;adib.tamtama;1
16960276;adib.tamtama;1
16960277;adib.tamtama;1
16960278;adib.tamtama;1
16960279;adib.tamtama;1
16960280;adib.tamtama;1
16960281;ahmadfaisal;1
16960282;adib.tamtama;1
16960283;adib.tamtama;1
16960284;adib.tamtama;1
16960285;adib.tamtama;1
16960286;adib.tamtama;1
16960287;adib.tamtama;1
16960288;raka.prawira;1
16960289;ahmadfaisal;1
16960290;adib.tamtama;1
16960291;adib.tamtama;1
16960292;adib.tamtama;1
16960293;adib.tamtama;1
16960294;adib.tamtama;1
16960295;adib.tamtama;1
16960296;adib.tamtama;1
16960297;adib.tamtama;1
16960298;adib.tamtama;1
16960299;adib.tamtama;1
16960300;adib.tamtama;1
16960301;adib.tamtama;1
16960302;raka.prawira;1
16960303;adib.tamtama;1
16960304;adib.tamtama;1
16960305;raka.prawira;1
16960306;adib.tamtama;1
16960307;ahmadfaisal;1
16960308;adib.tamtama;1
16960309;adib.tamtama;1
16960310;adib.tamtama;1
16960311;adib.tamtama;1
16960312;adib.tamtama;1
16960313;adib.tamtama;1
16960314;adib.tamtama;1
16960315;ahmadfaisal;1
16960316;raka.prawira;1
16960317;adib.tamtama;1
16960318;adib.tamtama;1
16960319;adib.tamtama;1
16960320;adib.tamtama;1
16960321;adib.tamtama;1
16960322;adib.tamtama;1
16960323;adib.tamtama;1
16960324;ahmadfaisal;1
16960325;adib.tamtama;1
16960326;adib.tamtama;1
16960327;adib.tamtama;1
16960328;adib.tamtama;1
16960329;adib.tamtama;1
16960330;adib.tamtama;1
16960331;adib.tamtama;1
16960332;adib.tamtama;1
16960333;adib.tamtama;1
16960334;raka.prawira;1
16960335;adib.tamtama;1
16960336;adib.tamtama;1
16960337;adib.tamtama;1
16960338;adib.tamtama;1
16960339;raka.prawira;1
16960340;adib.tamtama;1
16960341;ahmadfaisal;1
16960342;raka.prawira;1
16960343;adib.tamtama;1
16960344;adib.tamtama;1
16960345;adib.tamtama;1
16960346;adib.tamtama;1
16960347;adib.tamtama;1
16960348;adib.tamtama;1
16960349;ahmadfaisal;1
16960350;adib.tamtama;1
16960351;adib.tamtama;1
16960352;adib.tamtama;1
16960353;adib.tamtama;1
16960354;adib.tamtama;1
16960355;adib.tamtama;1
16960356;ahmadfaisal;1
16960357;adib.tamtama;1
16960358;adib.tamtama;1
16960359;adib.tamtama;1
16960360;adib.tamtama;1
16960361;adib.tamtama;1
16960362;adib.tamtama;1
16960363;ahmadfaisal;1
16960364;adib.tamtama;1
16960365;raka.prawira;1
16960366;adib.tamtama;1
16960367;adib.tamtama;1
16960368;adib.tamtama;1
16960369;adib.tamtama;1
16960370;adib.tamtama;1
16960371;adib.tamtama;1
16960372;adib.tamtama;1
16960373;ahmadfaisal;1
16960374;adib.tamtama;1
16960375;ahmadfaisal;1
16960376;adib.tamtama;1
16960377;ahmadfaisal;1
16960378;ahmadfaisal;1
16960379;adib.tamtama;1
16960380;adib.tamtama;1
16960381;adib.tamtama;1
16960382;adib.tamtama;1
16960383;adib.tamtama;1
16960384;adib.tamtama;1
16960385;adib.tamtama;1
16960386;adib.tamtama;1
16960387;adib.tamtama;1
16960388;adib.tamtama;1
16960389;adib.tamtama;1
16960390;adib.tamtama;1
16960391;adib.tamtama;1
16960392;adib.tamtama;1
16960393;adib.tamtama;1
16960394;adib.tamtama;1
16960395;adib.tamtama;1
16960396;adib.tamtama;1
16960397;adib.tamtama;1
16960398;ahmadfaisal;1
16960399;adib.tamtama;1
16960400;adib.tamtama;1
16960401;adib.tamtama;1
16960402;adib.tamtama;1
16960403;adib.tamtama;1
16960404;adib.tamtama;1
16960405;adib.tamtama;1
16960406;adib.tamtama;1
16960407;adib.tamtama;1
16960408;adib.tamtama;1
16960409;adib.tamtama;1
16960410;adib.tamtama;1
16960411;adib.tamtama;1
16960412;adib.tamtama;1
16960413;adib.tamtama;1
16960414;adib.tamtama;1
16960415;adib.tamtama;1
16960416;adib.tamtama;1
16960417;adib.tamtama;1
16960418;adib.tamtama;1
16960419;adib.tamtama;1
16960420;adib.tamtama;1
16960421;adib.tamtama;1
16960422;adib.tamtama;1
16960423;adib.tamtama;1
16960424;ahmadfaisal;1
16960425;adib.tamtama;1
16960426;adib.tamtama;1
16960427;ahmadfaisal;1
16960428;adib.tamtama;1
16960429;adib.tamtama;1
16960430;adib.tamtama;1
16960431;adib.tamtama;1
16960432;adib.tamtama;1
16960433;adib.tamtama;1
16960434;adib.tamtama;1
16960435;adib.tamtama;1
16960436;ahmadfaisal;1
16960437;adib.tamtama;1
16960438;adib.tamtama;1
16960439;;0
16960440;adib.tamtama;1
16960441;adib.tamtama;1
16960442;raka.prawira;1
16960443;adib.tamtama;1
16960444;adib.tamtama;1
16960445;adib.tamtama;1
16960446;adib.tamtama;1
16960447;ahmadfaisal;1
16960448;adib.tamtama;1
16960449;adib.tamtama;1
16960450;adib.tamtama;1
16960451;adib.tamtama;1
16960452;adib.tamtama;1
16960453;adib.tamtama;1
16960454;adib.tamtama;1
16960455;ahmadfaisal;1
16960456;adib.tamtama;1
16960457;adib.tamtama;1
16960458;ahmadfaisal;1
16960459;adib.tamtama;1
16960460;adib.tamtama;1
16960461;ahmadfaisal;1
16960462;adib.tamtama;1
16960463;raka.prawira;1
16960464;ahmadfaisal;1
16960465;raka.prawira;1
16960466;adib.tamtama;1
16960467;adib.tamtama;1
16960468;raka.prawira;1
16960469;adib.tamtama;1
16960470;;0
16960471;adib.tamtama;1
16960472;adib.tamtama;1
16960473;ahmadfaisal;1
16960474;adib.tamtama;1
16960475;ahmadfaisal;1
16960476;adib.tamtama;1
16960477;adib.tamtama;1
16960478;adib.tamtama;1
16960479;adib.tamtama;1
16960480;adib.tamtama;1
16960481;ahmadfaisal;1
16960482;adib.tamtama;1
16960483;adib.tamtama;1
16960484;adib.tamtama;1
16960485;raka.prawira;1
16960486;adib.tamtama;1
16960487;adib.tamtama;1
16960488;adib.tamtama;1
16960489;adib.tamtama;1
16960490;adib.tamtama;1
16960491;adib.tamtama;1
16960492;adib.tamtama;1
16960493;adib.tamtama;1
16960494;adib.tamtama;1
16960495;adib.tamtama;1
16960496;adib.tamtama;1
16960497;raka.prawira;1
16960498;ahmadfaisal;1
16960499;adib.tamtama;1
16960500;adib.tamtama;1
16960501;ahmadfaisal;1
16960502;adib.tamtama;1
16960503;adib.tamtama;1
16960504;adib.tamtama;1
16960505;adib.tamtama;1
16960506;adib.tamtama;1
16960507;adib.tamtama;1
16960508;raka.prawira;1
16960509;adib.tamtama;1
16960510;ahmadfaisal;1
16960511;adib.tamtama;1
16960512;adib.tamtama;1
16960513;adib.tamtama;1
16960514;adib.tamtama;1
16960515;ahmadfaisal;1
16960516;adib.tamtama;1
16960517;adib.tamtama;1
16960518;adib.tamtama;1
16960519;adib.tamtama;1
16960520;adib.tamtama;1
16960521;adib.tamtama;1
16960522;ahmadfaisal;1
16960523;adib.tamtama;1
16960524;adib.tamtama;1
16960525;adib.tamtama;1
16960526;adib.tamtama;1
16960527;;0
16960528;raka.prawira;1
16960529;adib.tamtama;1
16960530;ahmadfaisal;1
16960531;adib.tamtama;1
16960532;adib.tamtama;1
16960533;adib.tamtama;1
16960534;adib.tamtama;1
16960535;adib.tamtama;1
16960536;adib.tamtama;1
16960537;adib.tamtama;1
16960538;adib.tamtama;1
16960539;adib.tamtama;1
16960540;adib.tamtama;1
16960541;adib.tamtama;1
16960542;adib.tamtama;1
16960543;adib.tamtama;1
16960544;adib.tamtama;1
16960545;adib.tamtama;1
16960546;adib.tamtama;1
16960547;ahmadfaisal;1
16960548;raka.prawira;1
16960549;;0
16960550;adib.tamtama;1
16960551;raka.prawira;1
16960552;adib.tamtama;1
16960553;adib.tamtama;1
16960554;adib.tamtama;1
16960555;adib.tamtama;1
16960556;adib.tamtama;1
16960557;adib.tamtama;1
16960558;ahmadfaisal;1
16960559;adib.tamtama;1
16960560;adib.tamtama;1
16960561;adib.tamtama;1
16960562;adib.tamtama;1
16960563;adib.tamtama;1
16960564;adib.tamtama;1
16960565;adib.tamtama;1
16960566;adib.tamtama;1
16960567;adib.tamtama;1
16960568;adib.tamtama;1
16960569;adib.tamtama;1
16960570;adib.tamtama;1
16960571;adib.tamtama;1
16960572;ahmadfaisal;1
16960573;adib.tamtama;1
16960574;adib.tamtama;1
16960575;adib.tamtama;1
16960576;adib.tamtama;1
16960577;raka.prawira;1
16960578;adib.tamtama;1
16960579;ahmadfaisal;1
16960580;adib.tamtama;1
16960581;adib.tamtama;1
16960582;adib.tamtama;1
16960583;adib.tamtama;1
16960584;ahmadfaisal;1
16960585;adib.tamtama;1
16960586;adib.tamtama;1
16960587;adib.tamtama;1
16960588;adib.tamtama;1
16960589;adib.tamtama;1
16960590;adib.tamtama;1
16960591;adib.tamtama;1
16960592;adib.tamtama;1
16960593;adib.tamtama;1
16960594;adib.tamtama;1
16960595;adib.tamtama;1
16960596;adib.tamtama;1
16960597;adib.tamtama;1
16960598;ahmadfaisal;1
16960599;adib.tamtama;1
16960600;adib.tamtama;1
16960601;adib.tamtama;1
16960602;adib.tamtama;1
16960603;adib.tamtama;1
16960604;adib.tamtama;1
16960605;adib.tamtama;1
16960606;adib.tamtama;1
16960607;adib.tamtama;1
16960608;adib.tamtama;1
16960609;adib.tamtama;1
16960610;adib.tamtama;1
16960611;;0
16960612;adib.tamtama;1
16960613;ahmadfaisal;1
16960614;adib.tamtama;1
16960615;adib.tamtama;1
16960616;adib.tamtama;1
16960617;adib.tamtama;1
16960618;adib.tamtama;1
16960619;adib.tamtama;1
16960620;adib.tamtama;1
16960621;ahmadfaisal;1
16960622;adib.tamtama;1
16960623;adib.tamtama;1
16960624;adib.tamtama;1
16960625;adib.tamtama;1
16960626;adib.tamtama;1
16960627;ahmadfaisal;1
16960628;raka.prawira;1
16960629;adib.tamtama;1
16960630;adib.tamtama;1
16960631;adib.tamtama;1
16960632;adib.tamtama;1
16960633;adib.tamtama;1
16960634;raka.prawira;1
16960635;adib.tamtama;1
16960636;ahmadfaisal;1
16960637;adib.tamtama;1
16960638;adib.tamtama;1
16960639;adib.tamtama;1
16960640;adib.tamtama;1
16960641;adib.tamtama;1
16960642;adib.tamtama;1
16960643;adib.tamtama;1
16960644;adib.tamtama;1
16960645;adib.tamtama;1
16960646;adib.tamtama;1
16960647;ahmadfaisal;1
16960648;adib.tamtama;1
16960649;adib.tamtama;1
16960650;ahmadfaisal;1
16960651;adib.tamtama;1
16960652;;0
16960653;adib.tamtama;1
16960654;adib.tamtama;1
16960655;adib.tamtama;1
16960656;adib.tamtama;1
16960657;adib.tamtama;1
16960658;adib.tamtama;1
16960659;adib.tamtama;1
16960660;adib.tamtama;1
16960661;ahmadfaisal;1
16960662;ahmadfaisal;1
16960663;adib.tamtama;1
16960664;adib.tamtama;1
16960665;adib.tamtama;1
16960666;adib.tamtama;1
16960667;adib.tamtama;1
16960668;adib.tamtama;1
16960669;adib.tamtama;1
16960670;adib.tamtama;1
16960671;adib.tamtama;1
16960672;adib.tamtama;1
16960673;adib.tamtama;1
16960674;adib.tamtama;1
16960675;adib.tamtama;1
16960676;adib.tamtama;1
16960677;adib.tamtama;1
16960678;adib.tamtama;1
16960679;adib.tamtama;1
16960680;adib.tamtama;1
16960681;adib.tamtama;1
16960682;adib.tamtama;1
16960683;raka.prawira;1
16960684;ahmadfaisal;1
16960685;adib.tamtama;1
16960686;adib.tamtama;1
16960687;adib.tamtama;1
16960688;ahmadfaisal;1
16960689;adib.tamtama;1
16960690;adib.tamtama;1
16960691;adib.tamtama;1
16960692;adib.tamtama;1
16960693;adib.tamtama;1
16960694;adib.tamtama;1
16960695;adib.tamtama;1
16960696;adib.tamtama;1
16960697;adib.tamtama;1
16960698;adib.tamtama;1
16960699;adib.tamtama;1
16960700;adib.tamtama;1
16960701;adib.tamtama;1
16960702;adib.tamtama;1
16960703;adib.tamtama;1
16960704;adib.tamtama;1
16960705;adib.tamtama;1
16960706;adib.tamtama;1
16960707;ahmadfaisal;1
16960708;adib.tamtama;1
16960709;adib.tamtama;1
16960710;adib.tamtama;1
16960711;adib.tamtama;1
16960712;raka.prawira;1
16960713;ahmadfaisal;1
16960714;adib.tamtama;1
16960715;adib.tamtama;1
16960716;ahmadfaisal;1
16960717;adib.tamtama;1
16960718;adib.tamtama;1
16960719;ahmadfaisal;1
16960720;adib.tamtama;1
16960721;adib.tamtama;1
16960722;adib.tamtama;1
16960723;adib.tamtama;1
16960724;adib.tamtama;1
16960725;adib.tamtama;1
16960726;adib.tamtama;1
16960727;adib.tamtama;1
16960728;adib.tamtama;1
16960729;adib.tamtama;1
16960730;ahmadfaisal;1
16960731;adib.tamtama;1
16960732;adib.tamtama;1
16960733;adib.tamtama;1
16960734;adib.tamtama;1
16960735;adib.tamtama;1
16960736;adib.tamtama;1
16960737;adib.tamtama;1
16960738;adib.tamtama;1
16960739;;0
16960740;adib.tamtama;1
16960741;ahmadfaisal;1
16960742;adib.tamtama;1
16960743;adib.tamtama;1
16960744;adib.tamtama;1
16960745;adib.tamtama;1
16960746;adib.tamtama;1
16960747;ahmadfaisal;1
16960748;ahmadfaisal;1
16960749;adib.tamtama;1
16960750;adib.tamtama;1
16960751;adib.tamtama;1
16960752;adib.tamtama;1
16960753;ahmadfaisal;1
16960754;adib.tamtama;1
16960755;adib.tamtama;1
16960756;adib.tamtama;1
16960757;adib.tamtama;1
16960758;adib.tamtama;1
16960759;adib.tamtama;1
16960760;raka.prawira;1
16960761;adib.tamtama;1
16960762;ahmadfaisal;1
16960763;adib.tamtama;1
16960764;adib.tamtama;1
16960765;adib.tamtama;1
16960766;adib.tamtama;1
16960767;adib.tamtama;1
16960768;adib.tamtama;1
16960769;adib.tamtama;1
16960770;adib.tamtama;1
16960771;adib.tamtama;1
16960772;adib.tamtama;1
16960773;adib.tamtama;1
16960774;adib.tamtama;1
16960775;adib.tamtama;1
16960776;ahmadfaisal;1
16960777;adib.tamtama;1
16960778;adib.tamtama;1
16960779;adib.tamtama;1
16960780;adib.tamtama;1
16960781;adib.tamtama;1
16960782;adib.tamtama;1
16960783;adib.tamtama;1
16960784;adib.tamtama;1
16960785;adib.tamtama;1
16960786;adib.tamtama;1
16960787;adib.tamtama;1
16960788;adib.tamtama;1
16960789;adib.tamtama;1
16960790;adib.tamtama;1
16960791;ahmadfaisal;1
16960792;adib.tamtama;1
16960793;adib.tamtama;1
16960794;adib.tamtama;1
16960795;adib.tamtama;1
16960796;adib.tamtama;1
16960797;adib.tamtama;1
16960798;adib.tamtama;1
16960799;ahmadfaisal;1
16960800;adib.tamtama;1
16960801;ahmadfaisal;1
16960802;adib.tamtama;1
16960803;adib.tamtama;1
16960804;ahmadfaisal;1
16960805;adib.tamtama;1
16960806;adib.tamtama;1
16960807;adib.tamtama;1
16960808;adib.tamtama;1
16960809;adib.tamtama;1
16960810;adib.tamtama;1
16960811;adib.tamtama;1
16960812;adib.tamtama;1
16960813;adib.tamtama;1
16960814;adib.tamtama;1
16960815;adib.tamtama;1
16960816;adib.tamtama;1
16960817;adib.tamtama;1
16960818;adib.tamtama;1
16960819;ahmadfaisal;1
16960820;adib.tamtama;1
16960821;adib.tamtama;1
16960822;adib.tamtama;1
16960823;adib.tamtama;1
16960824;adib.tamtama;1
16960825;adib.tamtama;1
16960826;adib.tamtama;1
16960827;adib.tamtama;1
16960828;adib.tamtama;1
16960829;adib.tamtama;1
16960830;adib.tamtama;1
16960831;adib.tamtama;1
16960832;adib.tamtama;1
16960833;adib.tamtama;1
16960834;adib.tamtama;1
16960835;adib.tamtama;1
16960836;adib.tamtama;1
16960837;adib.tamtama;1
16960838;adib.tamtama;1
16960839;adib.tamtama;1
16960840;adib.tamtama;1
16960841;adib.tamtama;1
16960842;ahmadfaisal;1
16960843;raka.prawira;1
16960844;adib.tamtama;1
16960845;adib.tamtama;1
16960846;raka.prawira;1
16960847;ahmadfaisal;1
16960848;adib.tamtama;1
16960849;adib.tamtama;1
16960850;adib.tamtama;1
16960851;adib.tamtama;1
16960852;adib.tamtama;1
16960853;adib.tamtama;1
16960854;adib.tamtama;1
16960855;adib.tamtama;1
16960856;adib.tamtama;1
16960857;adib.tamtama;1
16960858;adib.tamtama;1
16960859;ahmadfaisal;1
16960860;raka.prawira;1
16960861;adib.tamtama;1
16960862;adib.tamtama;1
16960863;adib.tamtama;1
16960864;adib.tamtama;1
16960865;adib.tamtama;1
16960866;adib.tamtama;1
16960867;adib.tamtama;1
16960868;adib.tamtama;1
16960869;adib.tamtama;1
16960870;;0
16960871;adib.tamtama;1
16960872;adib.tamtama;1
16960873;adib.tamtama;1
16960874;ahmadfaisal;1
16960875;adib.tamtama;1
16960876;adib.tamtama;1
16960877;adib.tamtama;1
16960878;adib.tamtama;1
16960879;ahmadfaisal;1
16960880;raka.prawira;1
16960881;adib.tamtama;1
16960882;adib.tamtama;1
16960883;raka.prawira;1
16960884;adib.tamtama;1
16960885;adib.tamtama;1
16960886;adib.tamtama;1
16960887;adib.tamtama;1
16960888;raka.prawira;1
16960889;raka.prawira;1
16960890;ahmadfaisal;1
16960891;adib.tamtama;1
16960892;adib.tamtama;1
16960893;;0
16960894;adib.tamtama;1
16960895;adib.tamtama;1
16960896;ahmadfaisal;1
16960897;adib.tamtama;1
16960898;adib.tamtama;1
16960899;ahmadfaisal;1
16960900;raka.prawira;1
16960901;adib.tamtama;1
16960902;ahmadfaisal;1
16960903;adib.tamtama;1
16960904;adib.tamtama;1
16960905;ahmadfaisal;1
16960906;adib.tamtama;1
16960907;adib.tamtama;1
16960908;adib.tamtama;1
16960909;adib.tamtama;1
16960910;adib.tamtama;1
16960911;adib.tamtama;1
16960912;raka.prawira;1
16960913;adib.tamtama;1
16960914;adib.tamtama;1
16960915;adib.tamtama;1
16960916;adib.tamtama;1
16960917;adib.tamtama;1
16960918;adib.tamtama;1
16960919;adib.tamtama;1
16960920;raka.prawira;1
16960921;adib.tamtama;1
16960922;adib.tamtama;1
16960923;adib.tamtama;1
16960924;adib.tamtama;1
16960925;adib.tamtama;1
16960926;raka.prawira;1
16960927;adib.tamtama;1
16960928;adib.tamtama;1
16960929;adib.tamtama;1
16960930;adib.tamtama;1
16960931;adib.tamtama;1
16960932;adib.tamtama;1
16960933;ahmadfaisal;1
16960934;adib.tamtama;1
16960935;adib.tamtama;1
16960936;ahmadfaisal;1
16960937;adib.tamtama;1
16960938;adib.tamtama;1
16960939;ahmadfaisal;1
16960940;adib.tamtama;1
16960941;adib.tamtama;1
16960942;adib.tamtama;1
16960943;adib.tamtama;1
16960944;adib.tamtama;1
16960945;ahmadfaisal;1
16960946;raka.prawira;1
16960947;adib.tamtama;1
16960948;adib.tamtama;1
16960949;raka.prawira;1
16960950;adib.tamtama;1
16960951;adib.tamtama;1
16960952;adib.tamtama;1
16960953;adib.tamtama;1
16960954;adib.tamtama;1
16960955;adib.tamtama;1
16960956;adib.tamtama;1
16960957;adib.tamtama;1
16960958;adib.tamtama;1
16960959;adib.tamtama;1
16960960;ahmadfaisal;1
16960961;adib.tamtama;1
16960962;adib.tamtama;1
16960963;adib.tamtama;1
16960964;adib.tamtama;1
16960965;adib.tamtama;1
16960966;adib.tamtama;1
16960967;adib.tamtama;1
16960968;ahmadfaisal;1
16960969;adib.tamtama;1
16960970;ahmadfaisal;1
16960971;ahmadfaisal;1
16960972;adib.tamtama;1
16960973;adib.tamtama;1
16960974;adib.tamtama;1
16960975;raka.prawira;1
16960976;adib.tamtama;1
16960977;adib.tamtama;1
16960978;adib.tamtama;1
16960979;adib.tamtama;1
16960980;adib.tamtama;1
16960981;adib.tamtama;1
16960982;adib.tamtama;1
16960983;adib.tamtama;1
16960984;adib.tamtama;1
16960985;ahmadfaisal;1
16960986;raka.prawira;1
16960987;adib.tamtama;1
16960988;adib.tamtama;1
16960989;raka.prawira;1
16960990;adib.tamtama;1
16960991;adib.tamtama;1
16960992;adib.tamtama;1
16960993;adib.tamtama;1
16960994;ahmadfaisal;1
16960995;raka.prawira;1
16960996;adib.tamtama;1
16960997;adib.tamtama;1
16960998;adib.tamtama;1
16960999;ahmadfaisal;1
16961000;adib.tamtama;1
16961001;adib.tamtama;1
16961002;adib.tamtama;1
16961003;raka.prawira;1
16961004;adib.tamtama;1
16961005;adib.tamtama;1
16961006;raka.prawira;1
16961007;adib.tamtama;1
16961008;adib.tamtama;1
16961009;adib.tamtama;1
16961010;adib.tamtama;1
16961011;adib.tamtama;1
16961012;adib.tamtama;1
16961013;adib.tamtama;1
16961014;adib.tamtama;1
16961015;adib.tamtama;1
16961016;adib.tamtama;1
16961017;adib.tamtama;1
16961018;adib.tamtama;1
16961019;adib.tamtama;1
16961020;adib.tamtama;1
16961021;adib.tamtama;1
16961022;adib.tamtama;1
16961023;ahmadfaisal;1
16961024;adib.tamtama;1
16961025;adib.tamtama;1
16961026;adib.tamtama;1
16961027;adib.tamtama;1
16961028;adib.tamtama;1
16961029;raka.prawira;1
16961030;adib.tamtama;1
16961031;adib.tamtama;1
16961032;adib.tamtama;1
16961033;ahmadfaisal;1
16961034;ahmadfaisal;1
16961035;adib.tamtama;1
16961036;adib.tamtama;1
16961037;ahmadfaisal;1
16961038;adib.tamtama;1
16961039;adib.tamtama;1
16961040;adib.tamtama;1
16961041;adib.tamtama;1
16961042;ahmadfaisal;1
16961043;adib.tamtama;1
16961044;adib.tamtama;1
16961045;ahmadfaisal;1
16961046;raka.prawira;1
16961047;adib.tamtama;1
16961048;adib.tamtama;1
16961049;adib.tamtama;1
16961050;adib.tamtama;1
16961051;adib.tamtama;1
16961052;adib.tamtama;1
16961053;adib.tamtama;1
16961054;ahmadfaisal;1
16961055;raka.prawira;1
16961056;adib.tamtama;1
16961057;ahmadfaisal;1
16961058;adib.tamtama;1
16961059;adib.tamtama;1
16961060;adib.tamtama;1
16961061;adib.tamtama;1
16961062;adib.tamtama;1
16961063;adib.tamtama;1
16961064;adib.tamtama;1
16961065;adib.tamtama;1
16961066;adib.tamtama;1
16961067;adib.tamtama;1
16961068;adib.tamtama;1
16961069;adib.tamtama;1
16961070;adib.tamtama;1
16961071;ahmadfaisal;1
16961072;adib.tamtama;1
16961073;adib.tamtama;1
16961074;adib.tamtama;1
16961075;raka.prawira;1
16961076;adib.tamtama;1
16961077;adib.tamtama;1
16961078;adib.tamtama;1
16961079;adib.tamtama;1
16961080;adib.tamtama;1
16961081;adib.tamtama;1
16961082;adib.tamtama;1
16961083;adib.tamtama;1
16961084;adib.tamtama;1
16961085;ahmadfaisal;1
16961086;adib.tamtama;1
16961087;adib.tamtama;1
16961088;adib.tamtama;1
16961089;raka.prawira;1
16961090;adib.tamtama;1
16961091;adib.tamtama;1
16961092;adib.tamtama;1
16961093;ahmadfaisal;1
16961094;adib.tamtama;1
16961095;adib.tamtama;1
16961096;adib.tamtama;1
16961097;adib.tamtama;1
16961098;adib.tamtama;1
16961099;adib.tamtama;1
16961100;adib.tamtama;1
16961101;adib.tamtama;1
16961102;adib.tamtama;1
16961103;adib.tamtama;1
16961104;adib.tamtama;1
16961105;adib.tamtama;1
16961106;adib.tamtama;1
16961107;adib.tamtama;1
16961108;ahmadfaisal;1
16961109;adib.tamtama;1
16961110;adib.tamtama;1
16961111;adib.tamtama;1
16961112;adib.tamtama;1
16961113;ahmadfaisal;1
16961114;ahmadfaisal;1
16961115;adib.tamtama;1
16961116;adib.tamtama;1
16961117;ahmadfaisal;1
16961118;adib.tamtama;1
16961119;adib.tamtama;1
16961120;adib.tamtama;1
16961121;adib.tamtama;1
16961122;adib.tamtama;1
16961123;adib.tamtama;1
16961124;adib.tamtama;1
16961125;adib.tamtama;1
16961126;adib.tamtama;1
16961127;adib.tamtama;1
16961128;adib.tamtama;1
16961129;raka.prawira;1
16961130;adib.tamtama;1
16961131;adib.tamtama;1
16961132;adib.tamtama;1
16961133;adib.tamtama;1
16961134;adib.tamtama;1
16961135;adib.tamtama;1
16961136;;0
16961137;adib.tamtama;1
16961138;adib.tamtama;1
16961139;adib.tamtama;1
16961140;adib.tamtama;1
16961141;adib.tamtama;1
16961142;adib.tamtama;1
16961143;adib.tamtama;1
16961144;adib.tamtama;1
16961145;ahmadfaisal;1
16961146;ahmadfaisal;1
16961147;adib.tamtama;1
16961148;adib.tamtama;1
16961149;adib.tamtama;1
16961150;adib.tamtama;1
16961151;adib.tamtama;1
16961152;adib.tamtama;1
16961153;adib.tamtama;1
16961154;ahmadfaisal;1
16961155;raka.prawira;1
16961156;adib.tamtama;1
16961157;adib.tamtama;1
16961158;adib.tamtama;1
16961159;adib.tamtama;1
16961160;adib.tamtama;1
16961161;adib.tamtama;1
16961162;adib.tamtama;1
16961163;adib.tamtama;1
16961164;adib.tamtama;1
16961165;adib.tamtama;1
16961166;adib.tamtama;1
16961167;adib.tamtama;1
16961168;adib.tamtama;1
16961169;adib.tamtama;1
16961170;adib.tamtama;1
16961171;ahmadfaisal;1
16961172;adib.tamtama;1
16961173;adib.tamtama;1
16961174;ahmadfaisal;1
16961175;raka.prawira;1
16961176;adib.tamtama;1
16961177;adib.tamtama;1
16961178;adib.tamtama;1
16961179;adib.tamtama;1
16961180;adib.tamtama;1
16961181;adib.tamtama;1
16961182;adib.tamtama;1
16961183;adib.tamtama;1
16961184;adib.tamtama;1
16961185;adib.tamtama;1
16961186;adib.tamtama;1
16961187;adib.tamtama;1
16961188;adib.tamtama;1
16961189;adib.tamtama;1
16961190;adib.tamtama;1
16961191;ahmadfaisal;1
16961192;raka.prawira;1
16961193;;0
16961194;adib.tamtama;1
16961195;adib.tamtama;1
16961196;ahmadfaisal;1
16961197;ahmadfaisal;1
16961198;adib.tamtama;1
16961199;adib.tamtama;1
16961200;adib.tamtama;1
16961201;adib.tamtama;1
16961202;adib.tamtama;1
16961203;adib.tamtama;1
16961204;adib.tamtama;1
16961205;adib.tamtama;1
16961206;adib.tamtama;1
16961207;adib.tamtama;1
16961208;raka.prawira;1
16961209;adib.tamtama;1
16961210;adib.tamtama;1
16961211;adib.tamtama;1
16961212;adib.tamtama;1
16961213;adib.tamtama;1
16961214;ahmadfaisal;1
16961215;adib.tamtama;1
16961216;adib.tamtama;1
16961217;ahmadfaisal;1
16961218;adib.tamtama;1
16961219;adib.tamtama;1
16961220;adib.tamtama;1
16961221;adib.tamtama;1
16961222;adib.tamtama;1
16961223;adib.tamtama;1
16961224;raka.prawira;1
16961225;adib.tamtama;1
16961226;adib.tamtama;1
16961227;adib.tamtama;1
16961228;adib.tamtama;1
16961229;adib.tamtama;1
16961230;adib.tamtama;1
16961231;adib.tamtama;1
16961232;raka.prawira;1
16961233;adib.tamtama;1
16961234;ahmadfaisal;1
16961235;raka.prawira;1
16961236;adib.tamtama;1
16961237;adib.tamtama;1
16961238;adib.tamtama;1
16961239;adib.tamtama;1
16961240;ahmadfaisal;1
16961241;adib.tamtama;1
16961242;adib.tamtama;1
16961243;adib.tamtama;1
16961244;adib.tamtama;1
16961245;adib.tamtama;1
16961246;adib.tamtama;1
16961247;adib.tamtama;1
16961248;adib.tamtama;1
16961249;adib.tamtama;1
16961250;adib.tamtama;1
16961251;adib.tamtama;1
16961252;adib.tamtama;1
16961253;adib.tamtama;1
16961254;adib.tamtama;1
16961255;adib.tamtama;1
16961256;ahmadfaisal;1
16961257;ahmadfaisal;1
16961258;raka.prawira;1
16961259;adib.tamtama;1
16961260;adib.tamtama;1
16961261;adib.tamtama;1
16961262;adib.tamtama;1
16961263;adib.tamtama;1
16961264;raka.prawira;1
16961265;adib.tamtama;1
16961266;adib.tamtama;1
16961267;adib.tamtama;1
16961268;adib.tamtama;1
16961269;adib.tamtama;1
16961270;adib.tamtama;1
16961271;ahmadfaisal;1
16961272;adib.tamtama;1
16961273;adib.tamtama;1
16961274;ahmadfaisal;1
16961275;adib.tamtama;1
16961276;ahmadfaisal;1
16961277;ahmadfaisal;1
16961278;adib.tamtama;1
16961279;adib.tamtama;1
16961280;adib.tamtama;1
16961281;raka.prawira;1
16961282;adib.tamtama;1
16961283;adib.tamtama;1
16961284;adib.tamtama;1
16961285;ahmadfaisal;1
16961286;adib.tamtama;1
16961287;adib.tamtama;1
16961288;adib.tamtama;1
16961289;adib.tamtama;1
16961290;adib.tamtama;1
16961291;adib.tamtama;1
16961292;adib.tamtama;1
16961293;adib.tamtama;1
16961294;adib.tamtama;1
16961295;raka.prawira;1
16961296;adib.tamtama;1
16961297;adib.tamtama;1
16961298;adib.tamtama;1
16961299;adib.tamtama;1
16961300;adib.tamtama;1
16961301;raka.prawira;1
16961302;ahmadfaisal;1
16961303;ahmadfaisal;1
16961304;adib.tamtama;1
16961305;adib.tamtama;1
16961306;adib.tamtama;1
16961307;adib.tamtama;1
16961308;adib.tamtama;1
16961309;adib.tamtama;1
16961310;adib.tamtama;1
16961311;adib.tamtama;1
16961312;adib.tamtama;1
16961313;adib.tamtama;1
16961314;ahmadfaisal;1
16961315;adib.tamtama;1
16961316;adib.tamtama;1
16961317;adib.tamtama;1
16961318;adib.tamtama;1
16961319;adib.tamtama;1
16961320;adib.tamtama;1
16961321;adib.tamtama;1
16961322;adib.tamtama;1
16961323;ahmadfaisal;1
16961324;raka.prawira;1
16961325;adib.tamtama;1
16961326;adib.tamtama;1
16961327;adib.tamtama;1
16961328;adib.tamtama;1
16961329;adib.tamtama;1
16961330;adib.tamtama;1
16961331;adib.tamtama;1
16961332;adib.tamtama;1
16961333;adib.tamtama;1
16961334;adib.tamtama;1
16961335;adib.tamtama;1
16961336;adib.tamtama;1
16961337;adib.tamtama;1
16961338;raka.prawira;1
16961339;adib.tamtama;1
16961340;adib.tamtama;1
16961341;adib.tamtama;1
16961342;ahmadfaisal;1
16961343;ahmadfaisal;1
16961344;adib.tamtama;1
16961345;adib.tamtama;1
16961346;adib.tamtama;1
16961347;adib.tamtama;1
16961348;ahmadfaisal;1
16961349;adib.tamtama;1
16961350;adib.tamtama;1
16961351;adib.tamtama;1
16961352;adib.tamtama;1
16961353;raka.prawira;1
16961354;adib.tamtama;1
16961355;adib.tamtama;1
16961356;adib.tamtama;1
16961357;adib.tamtama;1
16961358;adib.tamtama;1
16961359;adib.tamtama;1
16961360;adib.tamtama;1
16961361;adib.tamtama;1
16961362;adib.tamtama;1
16961363;adib.tamtama;1
16961364;adib.tamtama;1
16961365;adib.tamtama;1
16961366;adib.tamtama;1
16961367;adib.tamtama;1
16961368;adib.tamtama;1
16961369;ahmadfaisal;1
16961370;adib.tamtama;1
16961371;ahmadfaisal;1
16961372;adib.tamtama;1
16961373;adib.tamtama;1
16961374;adib.tamtama;1
16961375;adib.tamtama;1
16961376;adib.tamtama;1
16961377;ahmadfaisal;1
16961378;raka.prawira;1
16961379;adib.tamtama;1
16961380;adib.tamtama;1
16961381;adib.tamtama;1
16961382;adib.tamtama;1
16961383;adib.tamtama;1
16961384;adib.tamtama;1
16961385;adib.tamtama;1
16961386;adib.tamtama;1
16961387;raka.prawira;1
16961388;adib.tamtama;1
16961389;adib.tamtama;1
16961390;adib.tamtama;1
16961391;adib.tamtama;1
16961392;adib.tamtama;1
16961393;adib.tamtama;1
16961394;adib.tamtama;1
16961395;adib.tamtama;1
16961396;adib.tamtama;1
16961397;adib.tamtama;1
16961398;adib.tamtama;1
16961399;adib.tamtama;1
16961400;ahmadfaisal;1
16961401;adib.tamtama;1
16961402;ahmadfaisal;1
16961403;adib.tamtama;1
16961404;adib.tamtama;1
16961405;ahmadfaisal;1
16961406;adib.tamtama;1
16961407;adib.tamtama;1
16961408;ahmadfaisal;1
16961409;ahmadfaisal;1
16961410;adib.tamtama;1
16961411;adib.tamtama;1
16961412;adib.tamtama;1
16961413;adib.tamtama;1
16961414;ahmadfaisal;1
16961415;adib.tamtama;1
16961416;adib.tamtama;1
16961417;adib.tamtama;1
16961418;ahmadfaisal;1
16961419;adib.tamtama;1
16961420;adib.tamtama;1
16961421;adib.tamtama;1
16961422;adib.tamtama;1
16961423;adib.tamtama;1
16961424;adib.tamtama;1
16961425;adib.tamtama;1
16961426;ahmadfaisal;1
16961427;adib.tamtama;1
16961428;adib.tamtama;1
16961429;adib.tamtama;1
16961430;raka.prawira;1
16961431;adib.tamtama;1
16961432;adib.tamtama;1
16961433;adib.tamtama;1
16961434;ahmadfaisal;1
16961435;adib.tamtama;1
16961436;adib.tamtama;1
16961437;ahmadfaisal;1
16961438;adib.tamtama;1
16961439;adib.tamtama;1
16961440;ahmadfaisal;1
16961441;adib.tamtama;1
16961442;adib.tamtama;1
16961443;adib.tamtama;1
16961444;adib.tamtama;1
16961445;adib.tamtama;1
16961446;adib.tamtama;1
16961447;adib.tamtama;1
16961448;adib.tamtama;1
16961449;adib.tamtama;1
16961450;adib.tamtama;1
16961451;adib.tamtama;1
16961452;adib.tamtama;1
16961453;adib.tamtama;1
16961454;adib.tamtama;1
16961455;adib.tamtama;1
16961456;adib.tamtama;1
16961457;adib.tamtama;1
16961458;ahmadfaisal;1
16961459;adib.tamtama;1
16961460;adib.tamtama;1
16961461;raka.prawira;1
16961462;adib.tamtama;1
16961463;ahmadfaisal;1
16961464;adib.tamtama;1
16961465;adib.tamtama;1
16961466;adib.tamtama;1
16961467;raka.prawira;1
16961468;adib.tamtama;1
16961469;adib.tamtama;1
16961470;adib.tamtama;1
16961471;adib.tamtama;1
16961472;adib.tamtama;1
16961473;adib.tamtama;1
16961474;adib.tamtama;1
16961475;adib.tamtama;1
16961476;adib.tamtama;1
16961477;adib.tamtama;1
16961478;adib.tamtama;1
16961479;adib.tamtama;1
16961480;ahmadfaisal;1
16961481;adib.tamtama;1
16961482;ahmadfaisal;1
16961483;adib.tamtama;1
16961484;raka.prawira;1
16961485;adib.tamtama;1
16961486;adib.tamtama;1
16961487;raka.prawira;1
16961488;adib.tamtama;1
16961489;ahmadfaisal;1
16961490;adib.tamtama;1
16961491;adib.tamtama;1
16961492;adib.tamtama;1
16961493;raka.prawira;1
16961494;adib.tamtama;1
16961495;ahmadfaisal;1
16961496;adib.tamtama;1
16961497;adib.tamtama;1
16961498;adib.tamtama;1
16961499;adib.tamtama;1
16961500;adib.tamtama;1
16961501;adib.tamtama;1
16961502;adib.tamtama;1
16961503;ahmadfaisal;1
16961504;adib.tamtama;1
16961505;adib.tamtama;1
16961506;ahmadfaisal;1
16961507;adib.tamtama;1
16961508;adib.tamtama;1
16961509;adib.tamtama;1
16961510;raka.prawira;1
16961511;adib.tamtama;1
16961512;adib.tamtama;1
16961513;adib.tamtama;1
16961514;adib.tamtama;1
16961515;adib.tamtama;1
16961516;raka.prawira;1
16961517;adib.tamtama;1
16961518;adib.tamtama;1
16961519;adib.tamtama;1
16961520;adib.tamtama;1
16961521;adib.tamtama;1
16961522;adib.tamtama;1
16961523;ahmadfaisal;1
16961524;adib.tamtama;1
16961525;adib.tamtama;1
16961526;adib.tamtama;1
16961527;adib.tamtama;1
16961528;adib.tamtama;1
16961529;adib.tamtama;1
16961530;raka.prawira;1
16961531;adib.tamtama;1
16961532;adib.tamtama;1
16961533;adib.tamtama;1
16961534;adib.tamtama;1
16961535;ahmadfaisal;1
16961536;adib.tamtama;1
16961537;adib.tamtama;1
16961538;adib.tamtama;1
16961539;adib.tamtama;1
16961540;adib.tamtama;1
16961541;adib.tamtama;1
16961542;adib.tamtama;1
16961543;ahmadfaisal;1
16961544;adib.tamtama;1
16961545;adib.tamtama;1
16961546;adib.tamtama;1
16961547;adib.tamtama;1
16961548;ahmadfaisal;1
16961549;ahmadfaisal;1
16961550;adib.tamtama;1
16961551;adib.tamtama;1
16961552;adib.tamtama;1
16961553;adib.tamtama;1
16961554;adib.tamtama;1
16961555;adib.tamtama;1
16961556;adib.tamtama;1
16961557;adib.tamtama;1
16961558;adib.tamtama;1
16961559;adib.tamtama;1
16961560;adib.tamtama;1
16961561;ahmadfaisal;1
16961562;adib.tamtama;1
16961563;adib.tamtama;1
16961564;ahmadfaisal;1
16961565;adib.tamtama;1
16961566;adib.tamtama;1
16961567;adib.tamtama;1
16961568;adib.tamtama;1
16961569;ahmadfaisal;1
16961570;adib.tamtama;1
16961571;adib.tamtama;1
16961572;adib.tamtama;1
16961573;adib.tamtama;1
16961574;adib.tamtama;1
16961575;adib.tamtama;1
16961576;adib.tamtama;1
16961577;adib.tamtama;1
16961578;adib.tamtama;1
16961579;adib.tamtama;1
16961580;adib.tamtama;1
16961581;ahmadfaisal;1
16961582;adib.tamtama;1
16961583;adib.tamtama;1
16961584;adib.tamtama;1
16961585;adib.tamtama;1
16961586;adib.tamtama;1
16961587;adib.tamtama;1
16961588;adib.tamtama;1
16961589;ahmadfaisal;1
16961590;raka.prawira;1
16961591;adib.tamtama;1
16961592;adib.tamtama;1
16961593;adib.tamtama;1
16961594;adib.tamtama;1
16961595;adib.tamtama;1
16961596;adib.tamtama;1
16961597;adib.tamtama;1
16961598;ahmadfaisal;1
16961599;adib.tamtama;1
16961600;ahmadfaisal;1
16961601;ahmadfaisal;1
16961602;adib.tamtama;1
16961603;adib.tamtama;1
16961604;adib.tamtama;1
16961605;adib.tamtama;1
16961606;ahmadfaisal;1
16961607;adib.tamtama;1
16961608;adib.tamtama;1
16961609;adib.tamtama;1
16961610;raka.prawira;1
16961611;adib.tamtama;1
16961612;adib.tamtama;1
16961613;adib.tamtama;1
16961614;ahmadfaisal;1
16961615;adib.tamtama;1
16961616;adib.tamtama;1
16961617;adib.tamtama;1
16961618;adib.tamtama;1
16961619;adib.tamtama;1
16961620;adib.tamtama;1
16961621;adib.tamtama;1
16961622;adib.tamtama;1
16961623;ahmadfaisal;1
16961624;adib.tamtama;1
16961625;adib.tamtama;1
16961626;adib.tamtama;1
16961627;adib.tamtama;1
16961628;adib.tamtama;1
16961629;ahmadfaisal;1
16961630;raka.prawira;1
16961631;adib.tamtama;1
16961632;ahmadfaisal;1
16961633;adib.tamtama;1
16961634;ahmadfaisal;1
16961635;adib.tamtama;1
16961636;adib.tamtama;1
16961637;ahmadfaisal;1
16961638;adib.tamtama;1
16961639;adib.tamtama;1
16961640;adib.tamtama;1
16961641;adib.tamtama;1
16961642;adib.tamtama;1
16961643;adib.tamtama;1
16961644;adib.tamtama;1
16961645;adib.tamtama;1
16961646;adib.tamtama;1
16961647;raka.prawira;1
16961648;adib.tamtama;1
16961649;ahmadfaisal;1
16961650;adib.tamtama;1
16961651;adib.tamtama;1
16961652;adib.tamtama;1
16961653;raka.prawira;1
16961654;adib.tamtama;1
16961655;ahmadfaisal;1
16961656;adib.tamtama;1
16961657;adib.tamtama;1
16961658;adib.tamtama;1
16961659;adib.tamtama;1
16961660;adib.tamtama;1
16961661;adib.tamtama;1
16961662;adib.tamtama;1
16961663;adib.tamtama;1
16961664;adib.tamtama;1
16961665;adib.tamtama;1
16961666;adib.tamtama;1
16961667;adib.tamtama;1
16961668;adib.tamtama;1
16961669;adib.tamtama;1
16961670;raka.prawira;1
16961671;adib.tamtama;1
16961672;adib.tamtama;1
16961673;raka.prawira;1
16961674;adib.tamtama;1
16961675;adib.tamtama;1
16961676;adib.tamtama;1
16961677;adib.tamtama;1
16961678;adib.tamtama;1
16961679;adib.tamtama;1
16961680;adib.tamtama;1
16961681;adib.tamtama;1
16961682;adib.tamtama;1
16961683;adib.tamtama;1
16961684;adib.tamtama;1
16961685;adib.tamtama;1
16961686;ahmadfaisal;1
16961687;adib.tamtama;1
16961688;adib.tamtama;1
16961689;ahmadfaisal;1
16961690;adib.tamtama;1
16961691;raka.prawira;1
16961692;ahmadfaisal;1
16961693;raka.prawira;1
16961694;adib.tamtama;1
16961695;adib.tamtama;1
16961696;adib.tamtama;1
16961697;adib.tamtama;1
16961698;ahmadfaisal;1
16961699;adib.tamtama;1
16961700;adib.tamtama;1
16961701;adib.tamtama;1
16961702;adib.tamtama;1
16961703;adib.tamtama;1
16961704;adib.tamtama;1
16961705;adib.tamtama;1
16961706;adib.tamtama;1
16961707;adib.tamtama;1
16961708;adib.tamtama;1
16961709;adib.tamtama;1
16961710;adib.tamtama;1
16961711;adib.tamtama;1
16961712;adib.tamtama;1
16961713;adib.tamtama;1
16961714;adib.tamtama;1
16961715;adib.tamtama;1
16961716;;0
16961717;adib.tamtama;1
16961718;ahmadfaisal;1
16961719;adib.tamtama;1
16961720;adib.tamtama;1
16961721;adib.tamtama;1
16961722;raka.prawira;1
16961723;adib.tamtama;1
16961724;adib.tamtama;1
16961725;adib.tamtama;1
16961726;adib.tamtama;1
16961727;ahmadfaisal;1
16961728;adib.tamtama;1
16961729;adib.tamtama;1
16961730;adib.tamtama;1
16961731;raka.prawira;1
16961732;adib.tamtama;1
16961733;adib.tamtama;1
16961734;adib.tamtama;1
16961735;adib.tamtama;1
16961736;adib.tamtama;1
16961737;adib.tamtama;1
16961738;ahmadfaisal;1
16961739;adib.tamtama;1
16961740;adib.tamtama;1
16961741;ahmadfaisal;1
16961742;adib.tamtama;1
16961743;adib.tamtama;1
16961744;adib.tamtama;1
16961745;adib.tamtama;1
16961746;adib.tamtama;1
16961747;adib.tamtama;1
16961748;adib.tamtama;1
16961749;adib.tamtama;1
16961750;adib.tamtama;1
16961751;adib.tamtama;1
16961752;ahmadfaisal;1
16961753;adib.tamtama;1
16961754;adib.tamtama;1
16961755;ahmadfaisal;1
16961756;raka.prawira;1
16961757;adib.tamtama;1
16961758;adib.tamtama;1
16961759;raka.prawira;1
16961760;adib.tamtama;1
16961761;ahmadfaisal;1
16961762;adib.tamtama;1
16961763;adib.tamtama;1
16961764;adib.tamtama;1
16961765;adib.tamtama;1
16961766;ahmadfaisal;1
16961767;ahmadfaisal;1
16961768;adib.tamtama;1
16961769;adib.tamtama;1
16961770;adib.tamtama;1
16961771;adib.tamtama;1
16961772;adib.tamtama;1
16961773;adib.tamtama;1
16961774;ahmadfaisal;1
16961775;ahmadfaisal;1
16961776;raka.prawira;1
16961777;adib.tamtama;1
16961778;adib.tamtama;1
16961779;adib.tamtama;1
16961780;adib.tamtama;1
16961781;adib.tamtama;1
16961782;adib.tamtama;1
16961783;adib.tamtama;1
16961784;raka.prawira;1
16961785;adib.tamtama;1
16961786;ahmadfaisal;1
16961787;adib.tamtama;1
16961788;adib.tamtama;1
16961789;adib.tamtama;1
16961790;adib.tamtama;1
16961791;adib.tamtama;1
16961792;adib.tamtama;1
16961793;adib.tamtama;1
16961794;adib.tamtama;1
16961795;adib.tamtama;1
16961796;adib.tamtama;1
16961797;adib.tamtama;1
16961798;adib.tamtama;1
16961799;raka.prawira;1
16961800;adib.tamtama;1
16961801;adib.tamtama;1
16961802;raka.prawira;1
16961803;adib.tamtama;1
16961804;adib.tamtama;1
16961805;adib.tamtama;1
16961806;adib.tamtama;1
16961807;adib.tamtama;1
16961808;adib.tamtama;1
16961809;ahmadfaisal;1
16961810;adib.tamtama;1
16961811;adib.tamtama;1
16961812;adib.tamtama;1
16961813;adib.tamtama;1
16961814;adib.tamtama;1
16961815;adib.tamtama;1
16961816;adib.tamtama;1
16961817;adib.tamtama;1
16961818;adib.tamtama;1
16961819;adib.tamtama;1
16961820;adib.tamtama;1
16961821;adib.tamtama;1
16961822;adib.tamtama;1
16961823;adib.tamtama;1
16961824;adib.tamtama;1
16961825;adib.tamtama;1
16961826;adib.tamtama;1
16961827;adib.tamtama;1
16961828;adib.tamtama;1
16961829;adib.tamtama;1
16961830;ahmadfaisal;1
16961831;adib.tamtama;1
16961832;adib.tamtama;1
16961833;ahmadfaisal;1
16961834;adib.tamtama;1
16961835;adib.tamtama;1
16961836;adib.tamtama;1
16961837;adib.tamtama;1
16961838;adib.tamtama;1
16961839;adib.tamtama;1
16961840;adib.tamtama;1
16961841;adib.tamtama;1
16961842;raka.prawira;1
16961843;adib.tamtama;1
16961844;adib.tamtama;1
16961845;adib.tamtama;1
16961846;adib.tamtama;1
16961847;;0
16961848;adib.tamtama;1
16961849;adib.tamtama;1
16961850;ahmadfaisal;1
16961851;adib.tamtama;1
16961852;adib.tamtama;1
16961853;ahmadfaisal;1
16961854;adib.tamtama;1
16961855;adib.tamtama;1
16961856;adib.tamtama;1
16961857;adib.tamtama;1
16961858;adib.tamtama;1
16961859;adib.tamtama;1
16961860;adib.tamtama;1
16961861;ahmadfaisal;1
16961862;adib.tamtama;1
16961863;adib.tamtama;1
16961864;adib.tamtama;1
16961865;adib.tamtama;1
16961866;adib.tamtama;1
16961867;adib.tamtama;1
16961868;adib.tamtama;1
16961869;adib.tamtama;1
16961870;adib.tamtama;1
16961871;adib.tamtama;1
16961872;ahmadfaisal;1
16961873;adib.tamtama;1
16961874;adib.tamtama;1
16961875;adib.tamtama;1
16961876;adib.tamtama;1
16961877;adib.tamtama;1
16961878;;0
16961879;;0
16961880;adib.tamtama;1
16961881;adib.tamtama;1
16961882;adib.tamtama;1
16961883;adib.tamtama;1
16961884;ahmadfaisal;1
16961885;raka.prawira;1
16961886;adib.tamtama;1
16961887;adib.tamtama;1
16961888;adib.tamtama;1
16961889;adib.tamtama;1
16961890;ahmadfaisal;1
16961891;adib.tamtama;1
16961892;adib.tamtama;1
16961893;adib.tamtama;1
16961894;adib.tamtama;1
16961895;adib.tamtama;1
16961896;adib.tamtama;1
16961897;adib.tamtama;1
16961898;ahmadfaisal;1
16961899;adib.tamtama;1
16961900;adib.tamtama;1
16961901;adib.tamtama;1
16961902;adib.tamtama;1
16961903;ahmadfaisal;1
16961904;adib.tamtama;1
16961905;raka.prawira;1
16961906;adib.tamtama;1
16961907;adib.tamtama;1
16961908;adib.tamtama;1
16961909;ahmadfaisal;1
16961910;adib.tamtama;1
16961911;adib.tamtama;1
16961912;adib.tamtama;1
16961913;adib.tamtama;1
16961914;adib.tamtama;1
16961915;adib.tamtama;1
16961916;adib.tamtama;1
16961917;adib.tamtama;1
16961918;adib.tamtama;1
16961919;adib.tamtama;1
16961920;adib.tamtama;1
16961921;adib.tamtama;1
16961922;raka.prawira;1
16961923;adib.tamtama;1
16961924;ahmadfaisal;1
17077929;;0
17078443;;0
17084738;;0
17084879;;0
17085933;;0
17086317;;0
17088141;;0
17088429;;0
17088571;;0
17088765;;0
17093912;raka.prawira;1
17094007;;0
17096393;;0
17140544;;0
17279852;;0
17286722;;0
17336456;;0
17339257;;0
17340898;raka.prawira;1
17345597;raka.prawira;1
17345929;;0
17346945;ahmadfaisal;1
17349857;;0
17351193;adib.tamtama;1
17352205;adib.tamtama;1
17354926;;0
17354954;;0
17356295;ahmadfaisal;1
17358777;raka.prawira;1
17364086;raka.prawira;1
17364946;ahmadfaisal;1
17366315;;0
17366584;;0
17367223;;0
17367364;ahmadfaisal;1
17367724;;0
17368099;adib.tamtama;1
17368241;;0
17370073;adib.tamtama;1
17371763;;0
17372284;adib.tamtama;1
17373580;;0
17374598;;0
17378878;adib.tamtama;1
17380020;;0
17380794;;0
17382961;;0
17382969;;0
17383577;;0
17384366;;0
17384597;;0
17386396;;0
17390991;raka.prawira;1
17392383;adib.tamtama;1
17394606;raka.prawira;1
17396575;ahmadfaisal;1
17397258;;0
17397692;;0
17399649;;0
17402417;;0
17404308;ahmadfaisal;1
17405029;raka.prawira;1
17406808;adib.tamtama;1
17408686;adib.tamtama;1
17413562;;0
17489483;;0
17735851;;0
17738255;;0
17858831;;0
17942574;;0
17943283;;0
17943428;;0
17943480;;0
17970337;;0
17970344;raka.prawira;1
17970351;;0
17970388;;0
17970426;raka.prawira;1
17970455;;0
17973312;;0
17973316;;0
18064476;;0
18064625;;0
18149975;raka.prawira;1
18163121;;0
18345493;;0
18345502;raka.prawira;1
18345504;;0
18345512;;0
18345515;raka.prawira;1
18345544;;0
18345549;;0
18345562;adib.tamtama;1
18345577;adib.tamtama;1
18345583;adib.tamtama;1
18345584;;0
18345590;;0
18345597;adib.tamtama;1
18345598;;0
18345602;;0
18345604;raka.prawira;1
18345612;;0
18345619;;0
18345628;;0
18345630;;0
18345648;;0
18345652;;0
18345658;;0
18345659;;0
18345662;;0
18345676;;0
18345678;;0
18345683;adib.tamtama;1
18345701;;0
18345711;;0
18345714;hairuddin;1
18345720;;0
18345730;;0
18345731;;0
18345740;;0
18345742;;0
18345750;;0
18345751;raka.prawira;1
18345754;;0
18345783;;0
18345807;;0
18345819;;0
18345834;raka.prawira;1
18345838;adib.tamtama;1
18345840;;0
18345845;;0
18345875;;0
18345876;adib.tamtama;1
18345882;;0
18345901;raka.prawira;1
18345903;adib.tamtama;1
18345920;raka.prawira;1
18345930;;0
18345932;adib.tamtama;1
18345933;;0
18345935;;0
18345940;;0
18345991;;0
18346012;adib.tamtama;1
18346025;;0
18346026;;0
18346031;;0
18346036;;0
18346048;;0
18346061;;0
18346097;;0
18346099;;0
18346104;;0
18346113;adib.tamtama;1
18346116;raka.prawira;1
18346120;;0
18346180;;0
18346189;adib.tamtama;1
18346198;;0
18346199;;0
18346204;;0
18346219;;0
18346220;;0
18346221;adib.tamtama;1
18346232;;0
18346234;;0
18346241;adib.tamtama;1
18346243;;0
18346246;;0
18346270;adib.tamtama;1
18346273;;0
18346280;;0
18346285;;0
18346297;;0
18346312;adib.tamtama;1
18346315;raka.prawira;1
18346316;adib.tamtama;1
18346327;adib.tamtama;1
18346328;;0
18346334;;0
18346338;adib.tamtama;1
18346339;;0
18346350;;0
18346358;adib.tamtama;1
18346360;;0
18346389;;0
18346391;raka.prawira;1
18346406;adib.tamtama;1
18346411;adib.tamtama;1
18346413;;0
18346417;raka.prawira;1
18346429;;0
18346437;adib.tamtama;1
18346440;adib.tamtama;1
18346444;adib.tamtama;1
18346446;raka.prawira;1
18346449;;0
18346452;;0
18346456;adib.tamtama;1
18346461;adib.tamtama;1
18346479;;0
18346483;;0
18346493;adib.tamtama;1
18346496;adib.tamtama;1
18346498;;0
18346500;adib.tamtama;1
18346501;;0
18346504;adib.tamtama;1
18346511;;0
18346520;adib.tamtama;1
18346526;;0
18346535;;0
18346536;;0
18346551;adib.tamtama;1
18346563;;0
18346566;;0
18346605;;0
18346619;;0
18346627;raka.prawira;1
18346642;raka.prawira;1
18346662;;0
18346685;;0
18346690;;0
18346699;;0
18346702;adib.tamtama;1
18346706;;0
18346709;raka.prawira;1
18346713;adib.tamtama;1
18346722;;0
18346733;adib.tamtama;1
18346740;;0
25721872;adib.tamtama;1
25721937;;0
25723339;;0
25723400;;0
25723555;;0
25726373;;0
25727556;adib.tamtama;1
25727994;;0
25728666;;0
25731379;;0
25733342;;0
25735082;;0
25735612;;0
25738814;;0
25738984;;0
25738995;;0
25739110;;0
25739335;;0
25739464;;0
25739660;;0
25740271;adib.tamtama;1
25741357;adib.tamtama;1
25743622;adib.tamtama;1
25743625;;0
25743723;;0
25744413;;0
25746147;adib.tamtama;1
25746950;adib.tamtama;1
25749347;;0
25749818;;0
25749819;;0
25752040;raka.prawira;1
25754027;;0
25754930;;0
25756426;adib.tamtama;1
25756606;adib.tamtama;1
25757192;;0
25757371;;0
25757435;;0
25757857;hairuddin;1
25758174;adib.tamtama;1
25759550;adib.tamtama;1
25759562;;0
25759731;;0
25761770;adib.tamtama;1
25766708;;0
25766746;;0
25768566;;0
25769741;raka.prawira;1
25769826;;0
25769904;;0
25770090;raka.prawira;1
25770687;;0
25771275;;0
25771918;;0
25772258;;0
25772411;;0
25772669;;0
25773660;;0
25773782;;0
25773951;raka.prawira;1
25774106;;0
25774416;;0
25775199;hairuddin;1
25775844;;0
25777124;;0
25777590;adib.tamtama;1
25779172;;0
25781067;;0
25782997;;0
25783207;;0
25784000;raka.prawira;1
25784870;;0
25785204;;0
25786292;;0
25786364;;0
25787057;;0
25787928;;0
25788130;;0
25790255;raka.prawira;1
25791025;;0
25791847;;0
25791960;adib.tamtama;1
25792080;;0
25792102;adib.tamtama;1
25792366;;0
25792388;;0
25793029;;0
25793401;;0
25794733;raka.prawira;1
25795295;adib.tamtama;1
25795399;;0
25795503;hairuddin;1
25795519;adib.tamtama;1
25796305;;0
25796669;;0
25798911;raka.prawira;1
25799558;;0
25799561;;0
25800605;;0
25800648;;0
25800650;;0
25800675;;0
25804110;;0
25805906;adib.tamtama;1
25805993;;0
25808652;;0
25808665;;0
25808669;;0
25808706;;0
25809012;;0
25811613;;0
25812633;hairuddin;1
25812673;;0
25813560;;0
25814732;adib.tamtama;1
25815746;;0
25816105;;0
25817544;;0
25817558;;0
25819614;;0
25821458;raka.prawira;1
25823108;;0
25823906;;0
25827670;;0
25828455;raka.prawira;1
25828962;raka.prawira;1
25833482;;0
25833506;;0
25833926;;0
25838132;adib.tamtama;1
25838319;adib.tamtama;1
25838419;;0
25839008;;0
25840047;;0
25843347;;0
25843557;;0
25844017;raka.prawira;1
25844338;adib.tamtama;1
25844566;raka.prawira;1
25848865;;0
25850222;raka.prawira;1
25850297;;0
25851984;;0
25853204;;0
25855563;adib.tamtama;1
25857194;;0
25863631;;0
25863733;;0
25865906;;0
25868231;;0
25869710;;0
25873181;raka.prawira;1
25873343;;0
25876180;adib.tamtama;1
25877357;raka.prawira;1
25879795;;0
25880006;;0
25880007;raka.prawira;1
25880016;;0
25880056;;0
25880060;adib.tamtama;1
25881334;adib.tamtama;1
25883746;;0
25884081;;0
25884860;raka.prawira;1
25885463;adib.tamtama;1
25886141;;0
25886407;;0
25886451;;0
25886677;adib.tamtama;1
25887002;adib.tamtama;1
25887903;;0
25888120;adib.tamtama;1
25888428;;0
25888451;;0
25888452;;0
25888454;;0
25888456;;0
25888457;;0
25888835;;0
25889491;;0
25890184;;0
25890380;;0
25890446;;0
25890842;;0
25890952;;0
25890976;;0
25891555;adib.tamtama;1
25892984;raka.prawira;1
25892989;;0
25893268;hairuddin;1
25893291;;0
25893325;;0
25893604;;0
25893692;;0
25893775;;0
25894572;;0
25896453;;0
25896470;adib.tamtama;1
25896479;adib.tamtama;1
25896501;;0
25896503;;0
25896504;;0
25896506;;0
25896507;;0
25896511;;0
25896556;;0
25896559;adib.tamtama;1
25896565;;0
25896569;;0
25896571;adib.tamtama;1
25896856;;0
25896858;;0
25896875;adib.tamtama;1
25896884;adib.tamtama;1
25896941;adib.tamtama;1
25896944;adib.tamtama;1
25897147;;0
25897298;;0
25897299;;0
25897301;;0
25897347;;0
25897494;adib.tamtama;1
25897789;adib.tamtama;1
25897809;adib.tamtama;1
25897866;;0
25897867;adib.tamtama;1
25897874;;0
25898988;;0
25900686;;0
25900779;;0
25900789;adib.tamtama;1
25900885;;0
25902557;;0
25902700;;0
25905230;;0
25905680;;0
25905763;;0
25906417;;0
25908498;raka.prawira;1
25908576;;0
25909359;;0
25909372;;0
25909439;;0
25909557;;0
25909644;;0
25910120;;0
25910580;raka.prawira;1
25910623;;0
25910737;hairuddin;1
25910889;;0
25911631;;0
25911979;;0
25912270;;0
25913129;;0
25913276;;0
25914040;;0
25914646;;0
25917488;hairuddin;1
25917518;;0
25917528;;0
25917541;;0
25917592;;0
25917776;;0
25919439;;0
25920193;raka.prawira;1
25921788;;0
25921795;;0
25922651;;0
25922652;;0
25922654;;0
25922657;;0
25922659;;0
25922693;;0
25922703;;0
25922908;adib.tamtama;1
25923008;adib.tamtama;1
25923662;;0
25923681;;0
25923747;;0
25924700;;0
25925148;adib.tamtama;1
25925283;;0
25925388;;0
25925701;;0
25925707;;0
25926631;;0
25926742;;0
25926894;;0
25927246;;0
25927451;;0
25927463;;0
25928758;;0
25929855;;0
25932137;;0
25932664;;0
25932686;;0
25932709;adib.tamtama;1
25932813;;0
25932869;;0
25932962;;0
25933014;;0
25933101;adib.tamtama;1
25935134;;0
25935998;;0
25936021;;0
25938400;;0
25940705;;0
25941048;;0
25942027;hairuddin;1
25942138;;0
25942236;adib.tamtama;1
25943464;;0
25943618;;0
25943698;;0
25944674;;0
25946330;;0
25947026;;0
25951026;;0
25951533;;0
25951903;adib.tamtama;1
25952873;raka.prawira;1
25953974;;0
25954363;;0
25954390;adib.tamtama;1
25954711;;0
25954716;hairuddin;1
25954730;;0
25954893;;0
25954915;;0
25955534;raka.prawira;1
25955619;adib.tamtama;1
25956533;;0
25957748;adib.tamtama;1
25958522;adib.tamtama;1
25960273;;0
25961035;;0
25961680;;0
25964581;;0
25964794;;0
25964813;raka.prawira;1
25966430;adib.tamtama;1
25966506;;0
25967816;;0
25967874;;0
25968386;adib.tamtama;1
25968776;;0
25970325;;0
25970371;;0
25970918;raka.prawira;1
25971436;;0
25972508;adib.tamtama;1
25972545;raka.prawira;1
25972582;;0
25974769;;0
25974860;;0
25976010;adib.tamtama;1
25976018;;0
25976217;;0
25976959;;0
25977606;;0
25979034;;0
25979068;adib.tamtama;1
25981282;raka.prawira;1
25984759;;0
25985114;raka.prawira;1
25986027;;0
25986056;adib.tamtama;1
25986160;;0
25986521;raka.prawira;1
25986697;;0
25987850;;0
25988217;;0
25988475;adib.tamtama;1
25992569;raka.prawira;1
25994063;;0
25995991;;0
25996404;;0
25999415;adib.tamtama;1
26000341;;0
26000476;;0
26000613;;0
26001008;;0
26001038;;0
26002171;;0
26002700;;0
26002779;adib.tamtama;1
26005136;;0
26005905;raka.prawira;1
26006779;;0
26007566;hairuddin;1
26009006;;0
26009423;raka.prawira;1
26009445;;0
26009592;;0
26009678;;0
26009785;;0
26011691;;0
26012480;;0
26012663;raka.prawira;1
26012806;adib.tamtama;1
26012881;hairuddin;1
26014486;raka.prawira;1
26015271;;0
26015309;;0
26015343;adib.tamtama;1
26017342;;0
26018306;raka.prawira;1
26019091;;0
26019306;adib.tamtama;1
26020038;;0
26020862;;0
26021436;;0
26021834;;0
26021888;;0
26022501;;0
26023208;;0
26023492;;0
26026310;;0
26026577;;0
26029146;adib.tamtama;1
26029272;;0
26029591;;0
26030578;;0
26032125;;0
26035202;;0
26036006;raka.prawira;1
26038598;;0
26038714;;0
26039766;;0
26040742;;0
26040757;;0
26041460;adib.tamtama;1
26041491;;0
26042247;;0
26042757;;0
26044658;;0
26044696;;0
26046230;;0
26046268;;0
26047127;;0
26047132;;0
26047722;;0
26048149;;0
26048803;;0
26049493;;0
26050584;;0
26051070;;0
26051395;raka.prawira;1
26055554;;0
26055975;;0
26056027;raka.prawira;1
26057463;;0
26057526;;0
26057933;;0
26059928;;0
26060378;;0
26063042;;0
26063382;hairuddin;1
26064321;adib.tamtama;1
26064728;adib.tamtama;1
26065142;;0
26065483;;0
26065813;;0
26066623;;0
26066810;raka.prawira;1
26066929;;0
26067833;;0
26067844;;0
26068980;raka.prawira;1
26069606;hairuddin;1
26070547;;0
26073548;;0
26074850;;0
26075073;;0
26075088;;0
26076279;adib.tamtama;1
26076608;;0
26079275;adib.tamtama;1
26079341;raka.prawira;1
26079475;;0
26079696;adib.tamtama;1
26079906;;0
26080152;;0
26080311;adib.tamtama;1
26080704;adib.tamtama;1
26080727;;0
26081314;;0
26081369;;0
26082406;;0
26082430;;0
26083106;;0
26084309;;0
26085102;;0
26085451;raka.prawira;1
26086478;raka.prawira;1
26086490;;0
26087081;;0
26087373;;0
26087509;adib.tamtama;1
26087536;adib.tamtama;1
26087659;;0
26088515;adib.tamtama;1
26088696;raka.prawira;1
26090292;adib.tamtama;1
26090816;raka.prawira;1
26091131;raka.prawira;1
26091399;;0
26092491;;0
26094624;;0
26094984;;0
26095159;raka.prawira;1
26098379;;0
26099186;raka.prawira;1
26099833;;0
26100883;;0
26101701;;0
26101788;hairuddin;1
26102024;hairuddin;1
26102539;;0
26103643;;0
26104099;;0
26104182;;0
26104588;raka.prawira;1
26104786;;0
26104893;;0
26106377;;0
26106533;;0
26109755;;0
26110047;;0
26111268;;0
26112127;;0
26112880;adib.tamtama;1
26113233;raka.prawira;1
26113907;;0
26114272;;0
26114617;;0
26115201;;0
26116431;adib.tamtama;1
26118356;;0
26118518;;0
26119310;;0
26120740;;0
26125779;;0
26125935;;0
26126333;hairuddin;1
26127750;adib.tamtama;1
26128310;;0
26128535;adib.tamtama;1
26128686;;0
26128769;adib.tamtama;1
26130010;;0
26130050;raka.prawira;1
26130324;;0
26130670;;0
26130676;hairuddin;1
26130775;;0
26130826;;0
26130956;;0
26131666;adib.tamtama;1
26131888;;0
26132016;;0
26132441;;0
26135600;hairuddin;1
26135705;;0
26135810;;0
26136471;;0
26137654;;0
26137874;hairuddin;1
26139051;;0
26139080;;0
26139130;raka.prawira;1
26139722;hairuddin;1
26140029;;0
26140613;;0
26140615;raka.prawira;1
26142109;;0
26142114;;0
26143120;raka.prawira;1
26143629;;0
26145783;adib.tamtama;1
26146136;;0
26148578;;0
26149966;;0
26150070;;0
26151569;raka.prawira;1
26153053;raka.prawira;1
26154279;;0
26155205;raka.prawira;1
26155274;;0
26158366;;0
26159094;;0
26160876;;0
26160885;;0
26162009;raka.prawira;1
26162896;adib.tamtama;1
26162940;adib.tamtama;1
26163414;;0
26163555;;0
26163731;adib.tamtama;1
26163791;adib.tamtama;1
26163894;;0
26163934;adib.tamtama;1
26163993;adib.tamtama;1
26164067;;0
26164169;adib.tamtama;1
26164200;adib.tamtama;1
26164293;adib.tamtama;1
26164977;;0
26165145;;0
26166676;hairuddin;1
26166677;;0
26166935;;0
26167273;;0
26167856;;0
26167922;;0
26168567;;0
26168747;adib.tamtama;1
26169203;;0
26169244;;0
26169332;raka.prawira;1
26169470;;0
26170004;;0
26171571;adib.tamtama;1
26175015;;0
26175098;hairuddin;1
26175197;;0
26176584;;0
26176782;;0
26177121;raka.prawira;1
26177472;;0
26178157;;0
26178204;raka.prawira;1
26181358;;0
26182315;;0
26182584;hairuddin;1
26182724;;0
26182733;adib.tamtama;1
26182972;;0
26182973;raka.prawira;1
26183216;adib.tamtama;1
26183349;;0
26183362;raka.prawira;1
26183390;adib.tamtama;1
26183407;raka.prawira;1
26183580;;0
26183659;adib.tamtama;1
26186246;;0
26187311;;0
26187630;;0
26187645;hairuddin;1
26187891;adib.tamtama;1
26188465;hairuddin;1
26188525;adib.tamtama;1
26188912;;0
26189067;;0
26189222;raka.prawira;1
26189249;hairuddin;1
26189311;adib.tamtama;1
26189384;;0
26189697;adib.tamtama;1
26189786;;0
26189866;;0
26190381;adib.tamtama;1
26190760;;0
26190985;;0
26191010;adib.tamtama;1
26191761;raka.prawira;1
26191787;;0
26191942;adib.tamtama;1
26191990;adib.tamtama;1
26192067;adib.tamtama;1
26192138;adib.tamtama;1
26192229;adib.tamtama;1
26192816;;0
26193542;;0
26194682;;0
26195288;adib.tamtama;1
26196149;;0
26196567;;0
26198085;;0
26198193;;0
26199650;;0
26199665;;0
26200998;;0
26201231;;0
26202164;;0
26202172;;0
26202828;;0
26203415;;0
26204376;;0
26204637;adib.tamtama;1
26205341;raka.prawira;1
26205651;;0
26206947;;0
26206986;;0
26208111;;0
26208411;adib.tamtama;1
26208583;;0
26208627;;0
26209228;;0
26210192;;0
26210450;;0
26211693;;0
26213527;raka.prawira;1
26214039;;0
26214041;;0
26214077;;0
26214164;;0
26214332;;0
26214424;;0
26215312;;0
26215318;;0
26216798;;0
26216807;;0
26217964;;0
26219406;;0
26220762;;0
26221497;;0
26221904;;0
26222523;;0
26222534;raka.prawira;1
26223288;;0
26223564;;0
26224072;;0
26224123;;0
26224469;;0
26224848;;0
26224882;;0
26224884;;0
26224928;raka.prawira;1
26225029;raka.prawira;1
26225214;;0
26225277;;0
26225320;;0
26226051;raka.prawira;1
26226224;;0
26226378;;0
26226451;;0
26227680;adib.tamtama;1
26227892;adib.tamtama;1
26232027;;0
26232045;;0
26232727;adib.tamtama;1
26232798;;0
26232879;raka.prawira;1
26233158;;0
26233993;;0
26234360;;0
26234785;raka.prawira;1
26238707;;0
26238722;;0
26240158;;0
26242048;;0
26242051;;0
26242058;;0
26242062;;0
26242198;;0
26242395;adib.tamtama;1
26242621;;0
26242952;adib.tamtama;1
26244357;;0
26244410;adib.tamtama;1
26248409;;0
26249152;;0
26250469;adib.tamtama;1
26250538;;0
26251866;;0
26252126;raka.prawira;1
26252878;;0
26252893;;0
26257029;;0
26257449;;0
26258375;;0
26258386;;0
26258396;;0
26258518;;0
26258534;;0
26258554;;0
26261791;;0
26261954;raka.prawira;1
26261992;hairuddin;1
26262158;adib.tamtama;1
26262561;;0
26262794;;0
26263466;;0
26263616;adib.tamtama;1
26263949;;0
26264266;;0
26267892;;0
26267960;;0
26270071;adib.tamtama;1
26270256;raka.prawira;1
26270793;adib.tamtama;1
26271079;;0
26272656;raka.prawira;1
26274345;adib.tamtama;1
26274684;hairuddin;1
26274868;;0
26274988;adib.tamtama;1
26275263;raka.prawira;1
26277068;;0
26280611;;0
26283323;adib.tamtama;1
26283561;;0
26283615;;0
26288320;;0
26288345;;0
26288473;adib.tamtama;1
26289435;raka.prawira;1
26289475;;0
26290029;adib.tamtama;1
26291057;;0
26298346;;0
26298510;adib.tamtama;1
26300589;adib.tamtama;1
26300788;adib.tamtama;1
26300825;;0
26301119;;0
26303310;;0
26304024;;0
26304381;;0
26305099;;0
26305371;;0
26305979;;0
26306379;raka.prawira;1
26306865;;0
26307062;;0
26307308;hairuddin;1
26310814;;0
26312308;adib.tamtama;1
26314122;;0
26314523;;0
26314531;adib.tamtama;1
26315409;adib.tamtama;1
26316092;;0
26316314;adib.tamtama;1
26316722;;0
26316814;raka.prawira;1
26318937;adib.tamtama;1
26319535;adib.tamtama;1
26321607;;0
26321715;;0
26323074;;0
26323665;hairuddin;1
26324262;;0
26324681;adib.tamtama;1
26324984;;0
26326183;adib.tamtama;1
26326778;hairuddin;1
26328204;adib.tamtama;1
26328401;;0
26328736;raka.prawira;1
26329868;adib.tamtama;1
26330891;;0
26330898;;0
26330914;;0
26331655;;0
26331656;adib.tamtama;1
26331697;adib.tamtama;1
26335726;;0
26336578;;0
26339129;;0
26340440;;0
26340529;;0
26342384;adib.tamtama;1
26342489;;0
26342928;adib.tamtama;1
26343349;;0
26343920;raka.prawira;1
26344201;;0
26344279;;0
26344780;raka.prawira;1
26345669;;0
26346069;;0
26346388;;0
26348659;;0
26349065;adib.tamtama;1
26350407;;0
26351669;;0
26352515;adib.tamtama;1
26352959;adib.tamtama;1
26355565;;0
26356750;adib.tamtama;1
26359132;;0
26359326;adib.tamtama;1
26360293;adib.tamtama;1
26361192;raka.prawira;1
26361228;adib.tamtama;1
26361292;;0
26361883;;0
26361909;adib.tamtama;1
26361991;;0
26362012;;0
26363548;adib.tamtama;1
26364236;;0
26364337;adib.tamtama;1
26364395;adib.tamtama;1
26365888;;0
26369582;;0
26369922;raka.prawira;1
26370683;;0
26370721;;0
26371588;adib.tamtama;1
26372052;;0
26372185;;0
26374456;;0
26374533;raka.prawira;1
26378746;;0
26378900;;0
26379141;adib.tamtama;1
26379748;;0
26379914;adib.tamtama;1
26380150;adib.tamtama;1
26380340;adib.tamtama;1
26380785;;0
26381172;;0
26383127;;0
26383488;;0
26383507;raka.prawira;1
26383539;;0
26384070;;0
26384695;;0
26385261;raka.prawira;1
26387028;;0
26387072;raka.prawira;1
26387122;;0
26387137;;0
26387669;;0
26389766;;0
26390716;;0
26391346;;0
26393806;;0
26393827;;0
26393986;;0
26394417;;0
26394461;;0
26395228;;0
26395264;adib.tamtama;1
26395308;;0
26395358;hairuddin;1
26395443;;0
26395549;;0
26396779;;0
26397956;;0
26397989;;0
26398486;;0
26398488;;0
26398489;adib.tamtama;1
26398491;adib.tamtama;1
26398500;adib.tamtama;1
26398520;;0
26398522;raka.prawira;1
26398529;raka.prawira;1
26398534;;0
26398544;raka.prawira;1
26398545;hairuddin;1
26398547;raka.prawira;1
26398554;raka.prawira;1
26398565;raka.prawira;1
26398573;;0
26398576;;0
26398579;;0
26398580;adib.tamtama;1
26398584;raka.prawira;1
26398585;hairuddin;1
26398589;raka.prawira;1
26398592;hairuddin;1
26398595;;0
26398597;;0
26398598;raka.prawira;1
26398599;raka.prawira;1
26398603;raka.prawira;1
26398608;;0
26398615;raka.prawira;1
26398618;raka.prawira;1
26398619;raka.prawira;1
26398622;;0
26398628;;0
26398630;raka.prawira;1
26398631;raka.prawira;1
26398632;raka.prawira;1
26398633;raka.prawira;1
26398634;raka.prawira;1
26398637;;0
26398638;;0
26398644;;0
26398646;raka.prawira;1
26398650;adib.tamtama;1
26398652;adib.tamtama;1
26398653;raka.prawira;1
26398655;;0
26398661;raka.prawira;1
26398668;raka.prawira;1
26398670;;0
26398675;;0
26398676;;0
26399440;;0
26400172;;0
26400766;hairuddin;1
26401129;raka.prawira;1
26402895;;0
26403850;;0
26404714;;0
26404874;;0
26405158;adib.tamtama;1
26405259;raka.prawira;1
26405281;;0
26405947;raka.prawira;1
26407657;raka.prawira;1
26408225;;0
26409164;adib.tamtama;1
26409450;;0
26410322;;0
26410612;;0
26410695;;0
26412487;raka.prawira;1
26412624;;0
26414898;;0
26415105;;0
26415108;;0
26415110;raka.prawira;1
26415124;;0
26415128;raka.prawira;1
26415141;raka.prawira;1
26415143;;0
26415144;adib.tamtama;1
26415150;raka.prawira;1
26415158;adib.tamtama;1
26415163;raka.prawira;1
26415165;raka.prawira;1
26415171;;0
26415172;raka.prawira;1
26415173;hairuddin;1
26415181;raka.prawira;1
26415183;raka.prawira;1
26416295;raka.prawira;1
26416476;;0
26418041;raka.prawira;1
26418162;;0
26419037;;0
26420117;;0
26420462;;0
26420512;;0
26420947;;0
26421175;;0
26421446;;0
26421576;adib.tamtama;1
26421758;;0
26421936;;0
26422307;;0
26422837;;0
26423081;;0
26423207;;0
26423221;;0
26423238;;0
26423250;;0
26423282;;0
26423363;;0
26423441;;0
26423445;;0
26423644;;0
26424383;;0
26424384;raka.prawira;1
26424389;raka.prawira;1
26424394;;0
26424396;;0
26424402;adib.tamtama;1
26424404;adib.tamtama;1
26424405;adib.tamtama;1
26424406;raka.prawira;1
26424411;hairuddin;1
26424412;;0
26424413;adib.tamtama;1
26424414;;0
26424429;;0
26424436;raka.prawira;1
26424444;adib.tamtama;1
26424446;raka.prawira;1
26424447;;0
26424448;adib.tamtama;1
26424451;adib.tamtama;1
26424454;adib.tamtama;1
26424455;;0
26424458;raka.prawira;1
26424459;;0
26424462;adib.tamtama;1
26424463;raka.prawira;1
26424464;;0
26424465;adib.tamtama;1
26424467;adib.tamtama;1
26424468;raka.prawira;1
26424469;;0
26424473;;0
26424478;adib.tamtama;1
26424479;raka.prawira;1
26424480;raka.prawira;1
26424481;adib.tamtama;1
26424482;raka.prawira;1
26424483;raka.prawira;1
26424487;raka.prawira;1
26424489;;0
26424493;raka.prawira;1
26424494;;0
26424495;hairuddin;1
26424496;adib.tamtama;1
26424498;adib.tamtama;1
26424499;hairuddin;1
26425389;raka.prawira;1
26425811;;0
26425873;raka.prawira;1
26426976;;0
26428093;raka.prawira;1
26428557;;0
26428578;;0
26429641;adib.tamtama;1
26429900;;0
26430564;;0
26431094;;0
26432319;adib.tamtama;1
26433114;;0
26433602;;0
26433646;;0
26434085;;0
26434112;;0
26434174;;0
26434312;;0
26434333;;0
26434392;;0
26434475;;0
26434552;;0
26435273;;0
26435556;;0
26435590;;0
26435842;raka.prawira;1
26436000;;0
26436112;;0
26436149;adib.tamtama;1
26436152;raka.prawira;1
26438058;;0
26438654;;0
26439571;;0
26439960;;0
26440032;;0
26440036;;0
26440375;;0
26441067;;0
26442187;;0
26442483;;0
26442544;;0
26442731;;0
26442747;;0
26442984;;0
26443712;;0
26444000;;0
26444115;;0
26444157;raka.prawira;1
26444673;;0
26444918;adib.tamtama;1
26445987;;0
26446068;;0
26447245;;0
26447250;;0
26447460;adib.tamtama;1
26448692;;0
26449073;;0
26450408;;0
26450936;adib.tamtama;1
26451727;;0
26452735;;0
26452753;;0
26452766;adib.tamtama;1
26453094;;0
26453741;;0
26454149;;0
26454457;raka.prawira;1
26454467;;0
26454470;raka.prawira;1
26454474;adib.tamtama;1
26454478;raka.prawira;1
26454485;raka.prawira;1
26454490;adib.tamtama;1
26454496;raka.prawira;1
26454497;raka.prawira;1
26454509;adib.tamtama;1
26454524;hairuddin;1
26454529;raka.prawira;1
26454535;;0
26454538;raka.prawira;1
26454550;;0
26454554;adib.tamtama;1
26454562;;0
26454564;hairuddin;1
26454573;raka.prawira;1
26454583;adib.tamtama;1
26455845;;0
26456139;hairuddin;1
26456615;;0
26457600;;0
26457748;;0
26458128;;0
26458851;;0
26460591;adib.tamtama;1
26460999;;0
26461101;;0
26461486;;0
26462217;;0
26462411;;0
26463867;;0
26464818;adib.tamtama;1
26464843;raka.prawira;1
26465180;;0
26465686;;0
26466158;;0
26466419;raka.prawira;1
26466736;;0
26466916;raka.prawira;1
26467275;;0
26467573;;0
26468112;;0
26468446;;0
26469116;;0
26469406;;0
26469420;;0
26469794;hairuddin;1
26470075;;0
26470912;;0
26472407;raka.prawira;1
26472476;raka.prawira;1
26472771;adib.tamtama;1
26473966;;0
26474260;raka.prawira;1
26474261;;0
26474262;raka.prawira;1
26474267;hairuddin;1
26474274;raka.prawira;1
26474275;;0
26474276;;0
26474280;adib.tamtama;1
26474281;adib.tamtama;1
26474284;;0
26474287;;0
26474288;;0
26474289;;0
26474290;;0
26474292;adib.tamtama;1
26474293;;0
26474295;raka.prawira;1
26474299;raka.prawira;1
26474304;;0
26474317;;0
26474320;raka.prawira;1
26474322;raka.prawira;1
26474323;;0
26474325;raka.prawira;1
26474330;adib.tamtama;1
26474331;adib.tamtama;1
26474333;adib.tamtama;1
26474336;adib.tamtama;1
26474337;;0
26474341;adib.tamtama;1
26474346;adib.tamtama;1
26475319;;0
26477402;;0
26478587;;0
26478999;raka.prawira;1
26479100;;0
26479164;raka.prawira;1
26479571;;0
26479586;;0
26483273;;0
26484777;;0
26484794;;0
26485728;;0
26485874;;0
26486043;adib.tamtama;1
26486065;;0
26490101;;0
26492567;;0
26492977;;0
26493071;;0
26493369;;0
26493403;;0
26493497;;0
26493623;;0
26493979;;0
26493983;adib.tamtama;1
26494997;;0
26495127;hairuddin;1
26496237;raka.prawira;1
26496382;;0
26497357;adib.tamtama;1
26497825;;0
26498147;;0
26499462;;0
26499609;;0
26499752;;0
26499841;;0
26500434;raka.prawira;1
26502712;;0
26503200;hairuddin;1
26503559;;0
26504636;;0
26504650;;0
26504814;raka.prawira;1
26504816;raka.prawira;1
26504825;;0
26504826;adib.tamtama;1
26504828;adib.tamtama;1
26504839;adib.tamtama;1
26504854;adib.tamtama;1
26504855;adib.tamtama;1
26504856;hairuddin;1
26504858;;0
26504864;adib.tamtama;1
26504871;;0
26504872;raka.prawira;1
26504873;raka.prawira;1
26504876;raka.prawira;1
26504886;;0
26504887;raka.prawira;1
26504927;adib.tamtama;1
26504930;raka.prawira;1
26504934;hairuddin;1
26504940;hairuddin;1
26504947;;0
26504949;raka.prawira;1
26505452;;0
26505848;raka.prawira;1
26505975;adib.tamtama;1
26507958;;0
26508170;adib.tamtama;1
26509088;;0
26509597;hairuddin;1
26510221;adib.tamtama;1
26513838;;0
26513854;;0
26513879;;0
26513918;;0
26514491;adib.tamtama;1
26515424;;0
26515429;adib.tamtama;1
26515430;adib.tamtama;1
26515433;;0
26515434;;0
26515437;;0
26515443;adib.tamtama;1
26515444;;0
26515446;raka.prawira;1
26515447;;0
26515452;adib.tamtama;1
26515457;adib.tamtama;1
26515461;;0
26515467;adib.tamtama;1
26515472;raka.prawira;1
26515475;;0
26515476;;0
26515477;adib.tamtama;1
26515481;;0
26519187;;0
26519304;;0
26520296;;0
26522307;adib.tamtama;1
26523263;;0
26525702;;0
26525731;;0
26525992;;0
26526071;;0
26528727;adib.tamtama;1
26529740;;0
26536458;;0
26537519;raka.prawira;1
26537935;;0
26539667;;0
26540598;;0
26540812;;0
26540908;adib.tamtama;1
26542375;adib.tamtama;1
26543582;;0
26544406;;0
26545435;;0
26547161;;0
26547201;;0
26548117;;0
26548316;;0
26549191;;0
26549204;adib.tamtama;1
26549231;;0
26554167;;0
26554949;adib.tamtama;1
26555888;hairuddin;1
26556556;raka.prawira;1
26556608;adib.tamtama;1
26557582;raka.prawira;1
26557728;;0
26557838;adib.tamtama;1
26558591;;0
26558637;;0
26559679;adib.tamtama;1
26560086;adib.tamtama;1
26561345;raka.prawira;1
26562755;adib.tamtama;1
26562906;;0
26563084;;0
26563873;adib.tamtama;1
26565065;;0
26566167;adib.tamtama;1
26566366;;0
26566382;adib.tamtama;1
26566411;adib.tamtama;1
26568468;;0
26569760;;0
26570693;;0
26572493;;0
26573026;hairuddin;1
26573401;;0
26573860;;0
26574038;adib.tamtama;1
26574085;adib.tamtama;1
26575028;;0
26575094;;0
26575147;;0
26575266;;0
26575292;;0
26575345;adib.tamtama;1
26575756;raka.prawira;1
26576333;adib.tamtama;1
26577458;;0
26582003;adib.tamtama;1
26583769;;0
26583974;;0
26584433;adib.tamtama;1
26584848;adib.tamtama;1
26585350;;0
26585682;;0
26585790;adib.tamtama;1
26586192;raka.prawira;1
26586193;;0
26586854;;0
26587531;adib.tamtama;1
26588469;adib.tamtama;1
26590504;;0
26593683;;0
26594986;adib.tamtama;1
26595129;hairuddin;1
26595414;;0
26595637;raka.prawira;1
26595780;;0
26602754;adib.tamtama;1
26605119;raka.prawira;1
26606030;;0
26607499;hairuddin;1
26609282;;0
26610067;;0
26610161;adib.tamtama;1
26610400;;0
26610623;raka.prawira;1
26611153;;0
26612259;adib.tamtama;1
26612460;raka.prawira;1
26612503;adib.tamtama;1
26613023;raka.prawira;1
26613714;adib.tamtama;1
26615231;;0
26615955;;0
26616012;;0
26616150;;0
26617190;;0
26617410;;0
26618900;;0
26620386;raka.prawira;1
26620967;;0
26620984;;0
26621254;raka.prawira;1
26621611;;0
26621724;;0
26622375;;0
26622573;;0
26625159;raka.prawira;1
26625603;;0
26626649;hairuddin;1
26627202;adib.tamtama;1
26627650;adib.tamtama;1
26628102;;0
26630400;;0
26630789;;0
26630869;;0
26631144;raka.prawira;1
26631175;;0
26631306;;0
26631740;;0
26631897;adib.tamtama;1
26632362;;0
26632672;;0
26635454;adib.tamtama;1
26635741;;0
26636562;;0
26637131;adib.tamtama;1
26637315;;0
26637739;;0
26641592;;0
26642168;;0
26643244;adib.tamtama;1
26643597;adib.tamtama;1
26644077;;0
26646893;;0
26647602;;0
26647771;;0
26649006;;0
26649022;;0
26649029;adib.tamtama;1
26649032;;0
26649034;;0
26649115;;0
26649133;;0
26649265;adib.tamtama;1
26649276;;0
26649377;hairuddin;1
26649556;adib.tamtama;1
26649583;;0
26649587;;0
26649606;;0
26649616;;0
26649630;;0
26649739;;0
26649758;;0
26649958;adib.tamtama;1
26649964;;0
26649977;;0
26649980;;0
26649984;;0
26649991;;0
26650046;;0
26650097;;0
26650135;;0
26650159;;0
26650163;adib.tamtama;1
26650185;;0
26650188;;0
26650329;;0
26650334;;0
26650717;;0
26651945;;0
26653059;;0
26653110;;0
26653360;;0
26654557;raka.prawira;1
26656623;;0
26656636;;0
26657076;;0
26657662;;0
26658026;adib.tamtama;1
26658971;;0
26659142;;0
26659144;;0
26659146;adib.tamtama;1
26659148;;0
26659150;;0
26659153;;0
26659167;;0
26659386;raka.prawira;1
26659426;;0
26660066;adib.tamtama;1
26660071;;0
26660084;;0
26660092;adib.tamtama;1
26660097;;0
26660292;;0
26660297;;0
26660311;adib.tamtama;1
26660313;;0
26660335;;0
26660356;adib.tamtama;1
26660386;;0
26660445;;0
26660503;;0
26662629;raka.prawira;1
26663647;;0
26663692;raka.prawira;1
26663896;adib.tamtama;1
26664171;raka.prawira;1
26665223;;0
26666853;;0
26666856;;0
26666988;;0
26667004;;0
26667042;;0
26667061;;0
26667230;;0
26667236;adib.tamtama;1
26667240;;0
26667254;;0
26667279;adib.tamtama;1
26667421;;0
26667427;;0
26667448;;0
26667694;;0
26668046;;0
26668173;;0
26668190;;0
26668301;;0
26668488;;0
26668673;adib.tamtama;1
26668712;;0
26668726;adib.tamtama;1
26668727;;0
26670132;;0
26671227;adib.tamtama;1
26671228;hairuddin;1
26671240;hairuddin;1
26671382;;0
26671841;;0
26673219;adib.tamtama;1
26674424;;0
26674556;;0
26674635;;0
26674684;;0
26674941;;0
26675324;;0
26675413;;0
26675427;;0
26676506;;0
26678024;;0
26678406;;0
26679404;;0
26679487;;0
26679524;;0
26679688;;0
26681243;;0
26681360;;0
26681630;adib.tamtama;1
26681764;;0
26681853;adib.tamtama;1
26683276;;0
26683547;;0
26685149;adib.tamtama;1
26686029;;0
26686771;;0
26687372;;0
26687968;;0
26688855;raka.prawira;1
26689234;;0
26689409;;0
26690931;raka.prawira;1
26691795;;0
26693680;;0
26694630;adib.tamtama;1
26694688;adib.tamtama;1
26695431;;0
26696541;;0
26697078;;0
26697785;raka.prawira;1
26697928;;0
26699131;adib.tamtama;1
26699355;raka.prawira;1
26699645;hairuddin;1
26699781;;0
26700189;;0
26701017;;0
26701073;;0
26701221;;0
26701252;;0
26701613;;0
26702071;;0
26702293;;0
26703271;adib.tamtama;1
26703512;;0
26704860;;0
26705068;;0
26705549;raka.prawira;1
26705595;;0
26706194;;0
26706549;;0
26707564;;0
26707641;;0
26708154;adib.tamtama;1
26709425;;0
26709431;;0
26709489;;0
26709583;;0
26709630;;0
26710068;;0
26710816;;0
26713063;;0
26713273;;0
26713354;;0
26713418;raka.prawira;1
26715571;;0
26715670;;0
26716109;raka.prawira;1
26717138;raka.prawira;1
26717630;adib.tamtama;1
26718009;raka.prawira;1
26718554;;0
26719560;;0
26719816;adib.tamtama;1
26719952;;0
26720070;adib.tamtama;1
26720142;;0
26720168;;0
26720418;;0
26720687;;0
26720853;adib.tamtama;1
26721057;;0
26721175;;0
26721271;;0
26721604;adib.tamtama;1
26722157;;0
26723080;;0
26723185;;0
26723549;;0
26724049;;0
26724104;adib.tamtama;1
26724724;;0
26724748;raka.prawira;1
26724861;raka.prawira;1
26725147;;0
26725808;;0
26725820;;0
26725996;raka.prawira;1
26726015;raka.prawira;1
26726823;;0
26727804;raka.prawira;1
26727952;;0
26728522;;0
26733965;;0
26734480;;0
26734560;;0
26737259;raka.prawira;1
26738644;;0
26738666;raka.prawira;1
26740248;adib.tamtama;1
26740259;adib.tamtama;1
26740696;;0
26740838;adib.tamtama;1
26741719;adib.tamtama;1
26743458;raka.prawira;1
26743781;;0
26743905;adib.tamtama;1
26744080;;0
26744259;;0
26744725;hairuddin;1
26745124;;0
26746284;;0
26746679;;0
26746730;adib.tamtama;1
26746870;adib.tamtama;1
26747238;adib.tamtama;1
26747266;;0
26747431;;0
26749734;adib.tamtama;1
26749799;adib.tamtama;1
26750433;;0
26750581;;0
26750917;adib.tamtama;1
26751473;;0
26751912;;0
26752465;;0
26752467;;0
26752737;;0
26752775;;0
26753032;;0
26753339;;0
26755177;;0
26756277;;0
26757000;;0
26757075;;0
26757359;adib.tamtama;1
26757679;;0
26758580;adib.tamtama;1
26758628;;0
26758952;raka.prawira;1
26759088;raka.prawira;1
26759152;;0
26759313;;0
26760117;;0
26760173;;0
26760208;;0
26760753;;0
26761149;;0
26761780;;0
26762708;;0
26762782;;0
26763266;;0
26763373;;0
26763721;;0
26764873;hairuddin;1
26765950;;0
26766907;adib.tamtama;1
26766908;adib.tamtama;1
26767843;raka.prawira;1
26767917;;0
26769224;;0
26769288;;0
26772189;;0
26773794;adib.tamtama;1
26775308;;0
26775607;adib.tamtama;1
26775810;;0
26775934;;0
26776088;;0
26776115;;0
26776218;;0
26777008;raka.prawira;1
26781967;;0
26782079;;0
26783123;;0
26783366;adib.tamtama;1
26783534;;0
26784581;;0
26785971;adib.tamtama;1
26786236;;0
26786561;;0
26786646;raka.prawira;1
26787566;;0
26792253;;0
26792296;;0
26792456;;0
26792727;;0
26792818;adib.tamtama;1
26793026;raka.prawira;1
26809232;;0
26809378;;0
26809494;adib.tamtama;1
26810080;adib.tamtama;1
26810248;raka.prawira;1
26810450;;0
26811335;;0
26820086;adib.tamtama;1
26820129;adib.tamtama;1
26820343;raka.prawira;1
26820438;raka.prawira;1
26828675;;0
26829113;;0
26830557;raka.prawira;1
26830883;hairuddin;1
26837869;hairuddin;1
26839569;;0
26840610;;0
26841250;;0
26845284;;0
26846935;adib.tamtama;1
26847565;;0
26847928;;0
26848174;adib.tamtama;1
26848341;;0
26848551;;0
26848642;;0
26848712;;0
26850298;;0
26856726;;0
26857394;;0
26858435;;0
26859471;adib.tamtama;1
26859672;;0
26863010;adib.tamtama;1
26867112;;0
26867308;;0
26868336;;0
26868358;;0
26870579;raka.prawira;1
26873329;adib.tamtama;1
26875219;;0
26876153;;0
26877200;;0
26878508;adib.tamtama;1
26879162;raka.prawira;1
26883009;adib.tamtama;1
26887149;raka.prawira;1
26888239;raka.prawira;1
26888372;;0
26888724;;0
26888976;raka.prawira;1
26889844;;0
26889864;;0
26890240;;0
26890583;;0
26892019;;0
26892304;adib.tamtama;1
26897036;raka.prawira;1
26898063;;0
26899369;;0
26899836;;0
26900201;adib.tamtama;1
26900342;raka.prawira;1
26900674;;0
26901104;;0
26902186;;0
26903163;;0
26903789;adib.tamtama;1
26907628;;0
26907695;;0
26907741;;0
26907833;raka.prawira;1
26908049;adib.tamtama;1
26908284;;0
26909718;;0
26911083;;0
26911137;;0
26911211;;0
26911238;;0
26911373;adib.tamtama;1
26911440;;0
26916052;;0
26917667;;0
26917736;;0
26918008;;0
26918766;raka.prawira;1
26918955;adib.tamtama;1
26919040;;0
26919184;adib.tamtama;1
26920324;;0
26924875;;0
26924961;hairuddin;1
26926739;;0
26927556;;0
26927561;adib.tamtama;1
26927909;;0
26928663;;0
26929146;;0
26929952;;0
26930017;;0
26930460;raka.prawira;1
26930480;;0
26930606;;0
26932520;;0
26932587;hairuddin;1
26932618;adib.tamtama;1
26933502;;0
26933871;;0
26933903;adib.tamtama;1
26934202;;0
26934212;;0
26934697;adib.tamtama;1
26934793;;0
26934795;;0
26935381;raka.prawira;1
26935410;;0
26936919;;0
26939190;;0
26939701;;0
26939866;;0
26940015;raka.prawira;1
26940022;raka.prawira;1
26940208;;0
26941704;;0
26943710;;0
26943894;;0
26944095;;0
26944289;hairuddin;1
26945624;;0
26946365;;0
26947245;;0
26947940;;0
26949171;;0
26949228;;0
26949297;;0
26953185;raka.prawira;1
26954173;;0
26957577;raka.prawira;1
26957761;;0
26957947;;0
26958663;adib.tamtama;1
26958691;;0
26958832;adib.tamtama;1
26958877;;0
26959195;;0
26960180;;0
26960291;;0
26962031;;0
26962626;;0
26963251;;0
26963485;;0
26963584;;0
26963813;adib.tamtama;1
26963836;;0
26964265;;0
26968916;;0
26970737;;0
26971430;;0
26971432;;0
26975358;;0
26975756;;0
26977330;;0
26980168;;0
26981465;;0
26981494;;0
26981505;;0
26982089;adib.tamtama;1
26984204;;0
26985312;;0
26987344;;0
26987855;;0
26987905;;0
26987927;;0
26987939;;0
26987969;;0
26987999;;0
26988015;;0
26988761;;0
26988955;;0
26989165;;0
26990128;;0
26990133;;0
26990143;;0
26990161;;0
26990176;;0
26990264;;0
26990439;;0
26990640;;0
26991909;;0
26994019;;0
26994276;;0
26994279;;0
26994290;;0
26994299;;0
26994313;;0
26994347;;0
26994359;;0
26994395;;0
26994408;adib.tamtama;1
26994416;;0
26994427;;0
26994431;;0
26994519;;0
26994547;;0
26994618;;0
26994674;;0
26995026;;0
26995298;;0
26995487;;0
26995667;;0
26996554;;0
26997796;;0
26999644;;0
27000069;raka.prawira;1
27000159;adib.tamtama;1
27000317;raka.prawira;1
27000319;raka.prawira;1
27000339;;0
27000946;;0
27000957;;0
27001229;;0
27003015;;0
27003322;;0
27004403;;0
27004687;;0
27006037;;0
27006472;;0
27006751;;0
27007168;;0
27008085;;0
27008239;;0
27008783;raka.prawira;1
27008840;adib.tamtama;1
27008883;raka.prawira;1
27008930;;0
27009095;raka.prawira;1
27009310;raka.prawira;1
27011632;;0
27012627;adib.tamtama;1
27013889;;0
27016687;raka.prawira;1
27017698;raka.prawira;1
27018709;;0
27018960;raka.prawira;1
27018961;raka.prawira;1
27019289;;0
27021175;adib.tamtama;1
27021260;adib.tamtama;1
27024180;;0
27024578;raka.prawira;1
27025036;;0
27025044;;0
27025063;;0
27025080;;0
27025092;;0
27025097;;0
27025144;;0
27025159;;0
27025177;;0
27025186;;0
27025215;;0
27025244;;0
27025373;;0
27025411;;0
27026190;;0
27026662;;0
27026822;;0
27029440;raka.prawira;1
27030369;;0
27031683;adib.tamtama;1
27033514;;0
27034128;;0
27036393;adib.tamtama;1
27037322;;0
27038992;;0
27039638;;0
27041050;;0
27042001;raka.prawira;1
27042180;;0
27042262;;0
27042592;;0
27043984;;0
27044246;;0
27044349;hairuddin;1
27045162;hairuddin;1
27045951;;0
27046199;;0
27046337;;0
27046432;;0
27046491;;0
27046531;;0
27048388;;0
27048486;adib.tamtama;1
27048663;;0
27051150;adib.tamtama;1
27053101;;0
27053217;adib.tamtama;1
27053379;;0
27053835;adib.tamtama;1
27054363;;0
27055091;;0
27055703;raka.prawira;1
27055924;;0
27056507;;0
27056594;;0
27057413;adib.tamtama;1
27060063;;0
27061209;;0
27061287;adib.tamtama;1
27062070;;0
27062129;;0
27062453;;0
27062552;;0
27062628;;0
27063798;adib.tamtama;1
27064121;;0
27064980;;0
27065006;raka.prawira;1
27067843;;0
27071218;adib.tamtama;1
27071821;;0
27073788;;0
27073852;;0
27076422;adib.tamtama;1
27076617;adib.tamtama;1
27078546;;0
27079338;;0
27080291;;0
27080814;;0
27081792;;0
27081897;;0
27082674;;0
27082804;;0
27083676;;0
27085693;;0
27087614;;0
27087714;adib.tamtama;1
27088570;adib.tamtama;1
27089302;;0
27093622;;0
27093952;adib.tamtama;1
27094108;;0
27094135;;0
27094434;;0
27094651;;0
27096225;;0
27096247;;0
27097223;raka.prawira;1
27098675;;0
27099050;;0
27099947;adib.tamtama;1
27101760;;0
27101926;;0
27102027;adib.tamtama;1
27102036;;0
27103254;;0
27104284;;0
27106207;;0
27106264;;0
27106607;;0
27107119;;0
27111841;;0
27113236;;0
27113412;;0
27114796;;0
27118171;;0
27118571;;0
27118679;;0
27118960;;0
27119171;;0
27120138;adib.tamtama;1
27120337;;0
27121353;raka.prawira;1
27121655;hairuddin;1
27122566;;0
27123695;adib.tamtama;1
27123839;adib.tamtama;1
27125175;adib.tamtama;1
27125499;adib.tamtama;1
27127158;adib.tamtama;1
27127198;adib.tamtama;1
27127359;;0
27127465;adib.tamtama;1
27127790;adib.tamtama;1
27128655;;0
27129112;;0
27130087;;0
27130130;;0
27130209;;0
27130373;;0
27130673;hairuddin;1
27132089;adib.tamtama;1
27132159;;0
27132212;;0
27133584;;0
27133785;hairuddin;1
27134944;;0
27135465;;0
27137328;;0
27137457;;0
27138586;;0
27139115;;0
27139190;;0
27141594;;0
27141860;;0
27142118;;0
27143578;adib.tamtama;1
27143684;adib.tamtama;1
27143713;adib.tamtama;1
27144199;raka.prawira;1
27144863;;0
27145444;;0
27146280;;0
27147122;;0
27147240;adib.tamtama;1
27147715;adib.tamtama;1
27148286;;0
27148441;;0
27148516;;0
27148869;;0
27149016;;0
27149218;hairuddin;1
27149648;hairuddin;1
27149802;;0
27150575;;0
27150727;adib.tamtama;1
27150768;;0
27152725;adib.tamtama;1
27152801;adib.tamtama;1
27153062;;0
27154123;raka.prawira;1
27155758;raka.prawira;1
27155852;;0
27158287;;0
27160655;;0
27161347;;0
27161409;;0
27162546;adib.tamtama;1
27162656;adib.tamtama;1
27163693;;0
27163978;;0
27165741;adib.tamtama;1
27166731;;0
27167101;;0
27169200;;0
27173572;;0
27175016;;0
27175117;adib.tamtama;1
27175401;;0
27175450;adib.tamtama;1
27177225;;0
27177310;;0
27177378;;0
27178128;adib.tamtama;1
27180642;raka.prawira;1
27181938;;0
27182736;;0
27182953;adib.tamtama;1
27183375;;0
27183468;adib.tamtama;1
27183509;adib.tamtama;1
27183801;;0
27192438;adib.tamtama;1
27194011;;0
27194113;adib.tamtama;1
27194222;;0
27194886;;0
27198171;;0
27202325;;0
27210967;;0
27211089;;0
27211097;adib.tamtama;1
27211230;;0
27211512;;0
27211578;;0
27211797;;0
27217288;;0
27221511;adib.tamtama;1
27222087;;0
27222145;;0
27222432;;0
27227440;;0
27228438;adib.tamtama;1
27228518;;0
27229380;raka.prawira;1
27229632;;0
27229746;;0
27230032;;0
27232061;raka.prawira;1
27232076;adib.tamtama;1
27239978;;0
27240214;adib.tamtama;1
27240228;;0
27240581;adib.tamtama;1
27242109;raka.prawira;1
27245479;;0
27245919;;0
27247787;;0
27247998;adib.tamtama;1
27248118;adib.tamtama;1
27248154;adib.tamtama;1
27249149;;0
27249434;;0
27256355;;0
27256719;;0
27257003;adib.tamtama;1
27257114;;0
27257297;;0
27257800;;0
27258492;;0
27259801;;0
27260284;;0
27260665;adib.tamtama;1
27260862;;0
27261100;;0
27261650;;0
27266563;;0
27267893;raka.prawira;1
27268746;;0
27269143;;0
27269362;;0
27269451;;0
27269490;;0
27269494;;0
27269496;;0
27269515;;0
27269516;;0
27269525;;0
27269539;;0
27269554;;0
27269579;;0
27269583;;0
27269587;;0
27269588;;0
27269593;;0
27269619;;0
27269621;;0
27270398;;0
27270507;;0
27272167;;0
27273985;;0
27274363;;0
27275386;;0
27276003;;0
27276358;adib.tamtama;1
27276855;adib.tamtama;1
27277623;adib.tamtama;1
27278262;;0
27280871;;0
27281184;;0
27281365;;0
27283178;;0
27285902;;0
27286210;;0
27286712;adib.tamtama;1
27286725;;0
27286758;hairuddin;1
27286892;;0
27287035;raka.prawira;1
27287729;hairuddin;1
27288043;;0
27288214;;0
27288219;;0
27288223;;0
27288297;;0
27288311;;0
27288312;;0
27288318;;0
27288336;;0
27288344;;0
27288373;;0
27288385;;0
27288389;;0
27288402;;0
27288406;;0
27288420;;0
27288428;;0
27288470;;0
27288487;;0
27288506;;0
27288516;;0
27288583;;0
27288735;;0
27288821;;0
27288852;raka.prawira;1
27290324;raka.prawira;1
27290363;;0
27290433;;0
27290981;;0
27291499;raka.prawira;1
27293929;;0
27294840;adib.tamtama;1
27294885;adib.tamtama;1
27295040;;0
27295213;;0
27295441;adib.tamtama;1
27295552;;0
27296103;adib.tamtama;1
27296501;;0
27296525;;0
27296708;;0
27297262;raka.prawira;1
27298458;adib.tamtama;1
27301783;;0
27302563;;0
27302685;;0
27302689;;0
27302693;;0
27302698;;0
27302700;;0
27302739;;0
27302742;;0
27302753;;0
27302787;;0
27302793;;0
27302830;;0
27302838;;0
27302848;;0
27302893;;0
27303075;adib.tamtama;1
27303081;;0
27304127;;0
27305080;;0
27305207;;0
27305391;;0
27306436;;0
27306841;hairuddin;1
27307027;;0
27307236;;0
27310658;adib.tamtama;1
27311004;;0
27312151;;0
27312913;;0
27312928;;0
27312935;;0
27312949;;0
27312981;;0
27312994;;0
27312999;;0
27313008;;0
27313020;;0
27313027;;0
27313035;;0
27313040;;0
27313056;;0
27313083;;0
27313087;;0
27313090;;0
27313096;;0
27313151;;0
27313171;;0
27313413;;0
27313510;;0
27313938;;0
27315146;adib.tamtama;1
27316224;adib.tamtama;1
27317037;;0
27317116;;0
27317140;;0
27317762;;0
27317921;adib.tamtama;1
27318317;;0
27319048;;0
27320637;adib.tamtama;1
27320896;;0
27320950;;0
27323883;;0
27323922;;0
27324724;adib.tamtama;1
27325119;adib.tamtama;1
27325186;adib.tamtama;1
27326398;;0
27327136;;0
27327340;;0
27327391;;0
27327493;;0
27327498;;0
27328110;hairuddin;1
27328337;;0
27328450;;0
27329569;hairuddin;1
27329693;;0
27330033;adib.tamtama;1
27330391;adib.tamtama;1
27332130;;0
27332744;;0
27332908;;0
27332996;adib.tamtama;1
27332997;adib.tamtama;1
27334367;;0
27335117;;0
27335286;;0
27335405;adib.tamtama;1
27335567;adib.tamtama;1
27335799;adib.tamtama;1
27336388;;0
27336501;adib.tamtama;1
27336674;raka.prawira;1
27336732;adib.tamtama;1
27337663;adib.tamtama;1
27338593;;0
27338594;;0
27342080;;0
27343497;;0
27343500;;0
27343583;adib.tamtama;1
27344402;;0
27344465;;0
27344698;raka.prawira;1
27345592;hairuddin;1
27345751;adib.tamtama;1
27345759;adib.tamtama;1
27345782;adib.tamtama;1
27345963;hairuddin;1
27346097;adib.tamtama;1
27346133;hairuddin;1
27346610;;0
27346662;raka.prawira;1
27351883;;0
27351910;;0
27352427;;0
27353297;hairuddin;1
27353339;hairuddin;1
27357793;;0
27358361;;0
27359752;raka.prawira;1
27362337;;0
27362434;adib.tamtama;1
27365590;;0
27365637;raka.prawira;1
27366275;;0
27366538;;0
27368592;raka.prawira;1
27369777;;0
27370227;;0
27370302;;0
27370430;adib.tamtama;1
27371218;;0
27371989;;0
27372419;;0
27372422;;0
27372722;;0
27373764;;0
27374798;adib.tamtama;1
27375224;raka.prawira;1
27375441;;0
27375604;raka.prawira;1
27375660;adib.tamtama;1
27375822;;0
27377114;;0
27377142;;0
27377745;;0
27378322;adib.tamtama;1
27378362;adib.tamtama;1
27378912;;0
27378935;;0
27380295;;0
27380770;;0
27380848;adib.tamtama;1
27382247;;0
27384928;adib.tamtama;1
27385020;raka.prawira;1
27385438;adib.tamtama;1
27385793;;0
27385922;adib.tamtama;1
27386153;;0
27386178;adib.tamtama;1
27386816;adib.tamtama;1
27387050;;0
27387128;raka.prawira;1
27387231;;0
27387321;adib.tamtama;1
27387436;;0
27387766;adib.tamtama;1
27387827;;0
27388088;;0
27388884;adib.tamtama;1
27389070;;0
27389171;hairuddin;1
27389431;;0
27390078;;0
27390331;adib.tamtama;1
27390524;hairuddin;1
27390584;;0
27390776;;0
27390861;raka.prawira;1
27391359;;0
27392193;;0
27392734;hairuddin;1
27393731;;0
27395680;raka.prawira;1
27395683;;0
27395972;raka.prawira;1
27396299;;0
27396658;;0
27397146;;0
27397302;;0
27397330;;0
27397414;;0
27397877;;0
27397892;;0
27399787;;0
27399910;adib.tamtama;1
27400204;hairuddin;1
27400581;;0
27400979;adib.tamtama;1
27402385;;0
27405140;;0
27405743;adib.tamtama;1
27406416;;0
27407571;raka.prawira;1
27410715;;0
27410875;;0
27411162;;0
27411171;;0
27411749;raka.prawira;1
27416970;;0
27417237;;0
27417882;;0
27419044;;0
27419250;;0
27420629;raka.prawira;1
27424881;adib.tamtama;1
27424922;adib.tamtama;1
27425231;;0
27427255;adib.tamtama;1
27428830;;0
27428966;;0
27432345;;0
27436497;raka.prawira;1
27436859;;0
27437148;;0
27437191;;0
27440433;;0
27440582;raka.prawira;1
27441201;;0
27441316;;0
27444199;adib.tamtama;1
27444386;;0
27446688;;0
27448433;;0
27450037;;0
27451568;;0
27453117;raka.prawira;1
27453575;adib.tamtama;1
27453632;;0
27456201;;0
27456745;adib.tamtama;1
27457100;;0
27458745;raka.prawira;1
27459596;;0
27460629;;0
27461729;;0
27465101;;0
27465571;;0
27465755;;0
27465996;;0
27466852;;0
27467475;;0
27469982;;0
27469983;;0
27471386;;0
27473469;raka.prawira;1
27474373;;0
27476531;;0
27477697;;0
27479013;hairuddin;1
27481436;adib.tamtama;1
27481549;;0
27482736;;0
27485750;;0
27485983;;0
27486426;;0
27486803;;0
27486904;;0
27487063;;0
27488269;;0
27488332;hairuddin;1
27488360;;0
27488375;;0
27488539;hairuddin;1
27489381;;0
27489596;;0
27489735;;0
27489924;;0
27490089;;0
27491078;raka.prawira;1
27491710;;0
27491823;;0
27492156;;0
27492942;;0
27493324;;0
27493817;;0
27494361;;0
27494529;;0
27494543;;0
27495214;;0
27495381;;0
27496170;raka.prawira;1
27496189;raka.prawira;1
27496191;;0
27496216;;0
27496629;;0
27496815;;0
27497078;;0
27497394;;0
27499116;;0
27499129;;0
27501794;;0
27501962;;0
27502185;;0
27502909;adib.tamtama;1
27503000;;0
27503343;;0
27503610;adib.tamtama;1
27503705;;0
27504792;adib.tamtama;1
27505489;;0
27505522;;0
27505913;;0
27506011;adib.tamtama;1
27506584;hairuddin;1
27506999;raka.prawira;1
27507677;raka.prawira;1
27508354;;0
27508657;raka.prawira;1
27508781;;0
27509713;;0
27509715;;0
27509818;;0
27509836;;0
27509853;;0
27509862;;0
27509866;;0
27509878;;0
27509886;;0
27509892;;0
27509906;;0
27509956;;0
27510154;;0
27510301;;0
27510312;raka.prawira;1
27510314;;0
27510336;;0
27510348;;0
27510380;;0
27511288;;0
27511717;;0
27511720;;0
27513101;raka.prawira;1
27513575;;0
27513612;;0
27513693;;0
27513753;;0
27514491;;0
27514515;;0
27514527;;0
27514648;;0
27514804;;0
27514807;;0
27514808;;0
27514814;;0
27514816;;0
27514825;;0
27514830;;0
27514908;;0
27515225;;0
27515255;;0
27515491;;0
27515718;;0
27515729;;0
27515734;;0
27515738;;0
27515753;;0
27515761;;0
27515781;raka.prawira;1
27515845;;0
27515848;;0
27515856;;0
27515861;;0
27515875;;0
27515877;;0
27515917;;0
27515933;;0
27515948;;0
27515974;;0
27516204;;0
27516220;;0
27516966;;0
27516968;;0
27516983;;0
27517016;;0
27517286;;0
27517318;;0
27517486;;0
27517509;;0
27517704;;0
27517734;;0
27517751;hairuddin;1
27517792;;0
27517919;;0
27517934;;0
27518038;;0
27518040;;0
27518043;;0
27518051;;0
27518074;;0
27518076;;0
27518101;;0
27518108;;0
27518125;;0
27518144;;0
27518188;;0
27518232;;0
27518252;;0
27518625;;0
27518634;;0
27519114;;0
27519123;;0
27519135;;0
27519196;;0
27519425;;0
27519914;;0
27519923;;0
27519928;;0
27519929;;0
27519939;;0
27519941;;0
27519946;;0
27519957;;0
27520110;;0
27520125;;0
27520486;;0
27520503;;0
27520626;;0
27520661;;0
27525141;adib.tamtama;1
27525279;;0
27525510;;0
27525840;;0
27526085;;0
27526384;;0
27526485;;0
27526601;;0
27526638;;0
27526659;;0
27526671;;0
27526685;;0
27526690;;0
27526695;;0
27526700;;0
27526714;;0
27526722;;0
27526733;;0
27526752;;0
27526775;;0
27526875;;0
27526910;;0
27527159;;0
27527183;;0
27527185;;0
27527194;;0
27527202;;0
27527528;;0
27527531;;0
27527536;;0
27527554;;0
27527561;;0
27527562;;0
27527587;;0
27527601;;0
27527609;;0
27527656;adib.tamtama;1
27529164;;0
27529184;;0
27529293;adib.tamtama;1
27530771;;0
27531085;;0
27531599;;0
27532081;;0
27533271;;0
27534408;;0
27535100;;0
27535642;adib.tamtama;1
27537122;;0
27537199;;0
27537277;;0
27537700;;0
27538057;;0
27539350;;0
27539560;;0
27540818;;0
27541025;;0
27541043;adib.tamtama;1
27542866;;0
27543829;;0
27543839;;0
27544497;adib.tamtama;1
27544637;raka.prawira;1
27544812;;0
27545553;;0
27545618;;0
27545700;;0
27545741;raka.prawira;1
27545891;;0
27545991;adib.tamtama;1
27546180;;0
27546235;;0
27546634;;0
27547078;;0
27547300;;0
27548173;;0
27548208;;0
27549134;;0
27549216;;0
27549382;;0
27549821;;0
27550120;;0
27550574;;0
27550902;;0
27552492;;0
27555737;;0
27556147;raka.prawira;1
27556192;;0
27557373;;0
27557565;raka.prawira;1
27557567;;0
27563369;;0
27563843;;0
27564770;;0
27565385;;0
27566097;;0
27566952;adib.tamtama;1
27571486;;0
27571536;adib.tamtama;1
27573731;;0
27575325;;0
27575394;;0
27576348;;0
27577697;adib.tamtama;1
27577700;;0
27577843;adib.tamtama;1
27578674;;0
27579339;;0
27579375;;0
27580864;adib.tamtama;1
27580875;adib.tamtama;1
27580887;adib.tamtama;1
27581959;;0
27585115;;0
27585411;;0
27585994;;0
27586167;;0
27586757;;0
27587021;adib.tamtama;1
27587543;;0
27587646;adib.tamtama;1
27589067;raka.prawira;1
27590407;;0
27590930;;0
27591193;;0
27592706;raka.prawira;1
27593160;;0
27593272;;0
27596632;;0
27597416;adib.tamtama;1
27597431;;0
27597843;;0
27598319;;0
27602531;;0
27602694;;0
27603848;adib.tamtama;1
27604946;adib.tamtama;1
27605677;hairuddin;1
27611588;hairuddin;1
27613272;;0
27613490;;0
27614476;;0
27614551;;0
27622858;;0
27624645;;0
27629646;;0
27629669;;0
27630948;;0
27632184;;0
27632929;;0
27633438;adib.tamtama;1
27637395;;0
27637592;adib.tamtama;1
27637608;;0
27638157;;0
27638838;;0
27638872;;0
27639673;;0
27639892;;0
27640014;;0
27640983;;0
27641220;;0
27641574;;0
27642013;;0
27642658;;0
27643296;adib.tamtama;1
27646044;;0
27647168;;0
27647630;hairuddin;1
27647631;;0
27647743;;0
27647826;;0
27647832;;0
27648593;;0
27648631;;0
27648694;;0
27649380;;0
27652677;adib.tamtama;1
27652704;hairuddin;1
27652706;adib.tamtama;1
27653303;;0
27653572;hairuddin;1
27653626;adib.tamtama;1
27653655;hairuddin;1
27653981;adib.tamtama;1
27656703;raka.prawira;1
27657316;raka.prawira;1
27657757;;0
27658140;;0
27659377;;0
27661468;;0
27662414;hairuddin;1
27662708;adib.tamtama;1
27662714;adib.tamtama;1
27665829;;0
27665970;;0
27665980;;0
27667330;;0
27669737;;0
27670527;;0
27671225;adib.tamtama;1
27671364;raka.prawira;1
27671439;;0
27671599;raka.prawira;1
27671619;;0
27674516;;0
27674671;;0
27682590;adib.tamtama;1
27684519;;0
27688561;hairuddin;1
27689672;;0
27690043;;0
27690065;;0
27691169;;0
27692212;;0
27692368;;0
27692427;;0
27695489;;0
27696386;raka.prawira;1
27696391;;0
27696591;;0
27697046;;0
27698793;;0
27700981;;0
27701281;;0
27701491;;0
27701831;;0
27704008;;0
27704714;raka.prawira;1
27704721;;0
27705496;;0
27706937;raka.prawira;1
27708690;adib.tamtama;1
27708927;;0
27709273;;0
27711356;;0
27711585;raka.prawira;1
27712315;;0
27712358;;0
27713810;;0
27713962;;0
27714066;adib.tamtama;1
27714078;raka.prawira;1
27714253;raka.prawira;1
27714499;;0
27714634;;0
27715053;;0
27715699;;0
27717093;;0
27717462;hairuddin;1
27719386;;0
27720517;;0
27720554;;0
27721551;hairuddin;1
27722243;;0
27722872;;0
27723070;adib.tamtama;1
27723382;;0
27723652;hairuddin;1
27723989;;0
27724499;adib.tamtama;1
27726417;;0
27727651;;0
27729505;;0
27730494;;0
27730729;;0
27731123;;0
27731278;adib.tamtama;1
27733471;;0
27733483;;0
27733733;;0
27734927;adib.tamtama;1
27735694;adib.tamtama;1
27736540;;0
27737950;;0
27738935;;0
27739412;;0
27739465;;0
27739803;;0
27739838;;0
27741007;;0
27741380;;0
27742616;adib.tamtama;1
27743594;;0
27745396;;0
27745409;;0
27745574;;0
27747279;;0
27747919;;0
27748450;;0
27748925;;0
27749681;adib.tamtama;1
27749715;;0
27749880;raka.prawira;1
27750304;;0
27751302;;0
27751978;adib.tamtama;1
27752283;;0
27752299;;0
27757674;;0
27758017;;0
27758578;;0
27759546;adib.tamtama;1
27760208;;0
27760483;;0
27761310;;0
27762172;;0
27762875;;0
27764484;;0
27764687;;0
27765132;;0
27765366;raka.prawira;1
27765644;;0
27766301;;0
27767042;raka.prawira;1
27767252;;0
27767282;;0
27767320;adib.tamtama;1
27768562;;0
27768670;raka.prawira;1
27770174;;0
27770663;;0
27770666;;0
27771215;;0
27771216;;0
27771233;;0
27772336;;0
27772750;;0
27772775;;0
27772802;;0
27774109;;0
27774676;;0
27774744;;0
27774801;;0
27774933;;0
27774939;;0
27774967;;0
27774978;;0
27775367;;0
27775373;;0
27775387;;0
27775405;;0
27775557;;0
27775772;;0
27775783;;0
27775786;;0
27775817;;0
27775821;;0
27776351;;0
27776366;;0
27776367;;0
27776369;;0
27776379;;0
27776885;;0
27777146;;0
27777774;adib.tamtama;1
27779275;;0
27779886;adib.tamtama;1
27780094;;0
27780152;raka.prawira;1
27780648;;0
27780936;;0
27781349;adib.tamtama;1
27781391;;0
27782030;adib.tamtama;1
27782186;adib.tamtama;1
27783330;;0
27783362;;0
27783665;;0
27784884;;0
27785985;;0
27788302;;0
27788427;;0
27789763;;0
27790077;;0
27790252;;0
27790363;raka.prawira;1
27790449;;0
27791917;raka.prawira;1
27792174;;0
27793521;;0
27793741;;0
27794652;;0
27795120;;0
27795540;;0
27796578;;0
27797716;;0
27798272;;0
27799026;;0
27802338;adib.tamtama;1
27802404;;0
27802576;raka.prawira;1
27802703;;0
27803305;;0
27803444;;0
27804545;adib.tamtama;1
27804852;;0
27805239;adib.tamtama;1
27805465;;0
27805493;;0
27805562;;0
27806046;;0
27806553;;0
27807651;;0
27807739;adib.tamtama;1
27808732;;0
27809293;raka.prawira;1
27809939;;0
27812741;;0
27812890;;0
27813991;;0
27814243;;0
27814452;adib.tamtama;1
27815150;;0
27815344;;0
27815394;;0
27815430;;0
27815602;;0
27816108;;0
27816998;;0
27817180;;0
27818094;;0
27818131;raka.prawira;1
27818141;;0
27818189;;0
27820950;;0
27820955;;0
27821067;;0
27821187;raka.prawira;1
27821251;;0
27822514;adib.tamtama;1
27822886;;0
27823722;;0
27823908;;0
27824039;adib.tamtama;1
27824235;;0
27826157;;0
27826337;;0
27827249;;0
27827568;;0
27827776;;0
27827926;;0
27827993;;0
27828002;;0
27828779;adib.tamtama;1
27828831;hairuddin;1
27829229;hairuddin;1
27829281;adib.tamtama;1
27829293;hairuddin;1
27829337;hairuddin;1
27829564;adib.tamtama;1
27829571;hairuddin;1
27829629;hairuddin;1
27830101;adib.tamtama;1
27830454;adib.tamtama;1
27830464;hairuddin;1
27830536;adib.tamtama;1
27830554;adib.tamtama;1
27830565;adib.tamtama;1
27830708;hairuddin;1
27830720;adib.tamtama;1
27830930;hairuddin;1
27831006;adib.tamtama;1
27831042;adib.tamtama;1
27832108;;0
27833005;adib.tamtama;1
27833051;adib.tamtama;1
27833513;;0
27835253;adib.tamtama;1
27835335;;0
27835681;;0
27836720;;0
27836771;;0
27836911;;0
27836983;;0
27836996;;0
27837440;;0
27837471;;0
27837496;;0
27837575;;0
27838182;;0
27838219;raka.prawira;1
27838270;;0
27838869;adib.tamtama;1
27838989;adib.tamtama;1
27839383;hairuddin;1
27839400;adib.tamtama;1
27839416;adib.tamtama;1
27839421;adib.tamtama;1
27839423;hairuddin;1
27839426;adib.tamtama;1
27841560;;0
27841650;raka.prawira;1
27841932;;0
27842158;;0
27843164;;0
27843196;;0
27843326;;0
27843400;hairuddin;1
27845280;;0
27845578;;0
27845723;;0
27846820;;0
27846827;;0
27847633;raka.prawira;1
27848729;;0
27848823;;0
27849044;;0
27849191;;0
27849430;;0
27851143;raka.prawira;1
27851890;;0
27852181;;0
27853344;;0
27854942;;0
27855453;;0
27855556;;0
27855972;;0
27856701;adib.tamtama;1
27857119;;0
27858050;adib.tamtama;1
27858099;adib.tamtama;1
27858180;adib.tamtama;1
27861094;hairuddin;1
27861450;;0
27862354;;0
27862359;;0
27864323;;0
27866279;;0
27867940;;0
27870100;raka.prawira;1
27870815;hairuddin;1
27872226;;0
27873400;;0
27873793;;0
27874242;;0
27874669;adib.tamtama;1
27875846;raka.prawira;1
27875881;;0
27879067;;0
27879854;;0
27880272;;0
27881070;raka.prawira;1
27882482;;0
27882630;;0
27883484;adib.tamtama;1
27884407;;0
27884468;;0
27885320;raka.prawira;1
27885420;;0
27885844;;0
27885948;;0
27886308;;0
27886487;;0
27886610;adib.tamtama;1
27886619;;0
27887004;;0
27888415;;0
27888890;;0
27889036;;0
27889764;raka.prawira;1
27890128;;0
27890639;;0
27892272;adib.tamtama;1
27892773;;0
27892787;;0
27894620;;0
27894964;;0
27901634;;0
27901995;adib.tamtama;1
27902547;adib.tamtama;1
27903362;;0
27903483;;0
27903760;;0
27903914;;0
27904178;adib.tamtama;1
27905644;;0
27906811;;0
27908347;hairuddin;1
27911143;;0
27912397;;0
27912576;adib.tamtama;1
27913776;;0
27914850;adib.tamtama;1
27915612;adib.tamtama;1
27915617;raka.prawira;1
27915618;;0
27915623;adib.tamtama;1
27915625;raka.prawira;1
27915626;raka.prawira;1
27915627;raka.prawira;1
27915628;raka.prawira;1
27915630;raka.prawira;1
27915631;raka.prawira;1
27915632;;0
27915633;adib.tamtama;1
27915634;raka.prawira;1
27915636;raka.prawira;1
27915637;adib.tamtama;1
27915638;adib.tamtama;1
27915639;raka.prawira;1
27915640;;0
27915642;adib.tamtama;1
27917348;;0
27917478;;0
27917760;;0
27919965;;0
27920751;raka.prawira;1
27921105;adib.tamtama;1
27921589;;0
27922690;adib.tamtama;1
27922730;adib.tamtama;1
27923591;adib.tamtama;1
27924789;;0
27925841;adib.tamtama;1
27926533;raka.prawira;1
27926534;;0
27926535;;0
27926536;;0
27926537;raka.prawira;1
27926538;;0
27926540;;0
27926541;;0
27926542;raka.prawira;1
27926543;adib.tamtama;1
27926544;;0
27926546;;0
27926548;;0
27926549;;0
27926550;;0
27926552;raka.prawira;1
27926553;;0
27926555;;0
27926556;;0
27927801;hairuddin;1
27927805;adib.tamtama;1
27927812;raka.prawira;1
27927813;;0
27927814;;0
27927816;raka.prawira;1
27927819;raka.prawira;1
27927821;;0
27927822;raka.prawira;1
27927823;raka.prawira;1
27927824;;0
27927825;;0
27927827;adib.tamtama;1
27929631;raka.prawira;1
27930127;;0
27930317;adib.tamtama;1
27930597;;0
27930897;raka.prawira;1
27930900;adib.tamtama;1
27930902;raka.prawira;1
27930903;;0
27930904;raka.prawira;1
27930907;raka.prawira;1
27930908;raka.prawira;1
27930910;raka.prawira;1
27930911;raka.prawira;1
27930912;raka.prawira;1
27930915;raka.prawira;1
27930916;raka.prawira;1
27930917;;0
27930918;raka.prawira;1
27930920;adib.tamtama;1
27930921;adib.tamtama;1
27932316;;0
27933600;hairuddin;1
27936018;;0
27936898;;0
27940683;adib.tamtama;1
27942160;adib.tamtama;1
27943112;;0
27943131;adib.tamtama;1
27943217;adib.tamtama;1
27943422;;0
27943425;;0
27943431;;0
27943444;adib.tamtama;1
27943447;;0
27943678;;0
27943682;adib.tamtama;1
27943695;hairuddin;1
27944342;;0
27944362;;0
27944484;;0
27944493;;0
27944570;;0
27944809;;0
27944833;;0
27945015;;0
27945272;;0
27945783;;0
27947134;;0
27947454;;0
27947538;;0
27947540;;0
27947860;;0
27948832;;0
27949535;;0
27949602;hairuddin;1
27949629;;0
27951539;;0
27954984;raka.prawira;1
27955720;adib.tamtama;1
27955823;raka.prawira;1
27955857;;0
27957820;;0
27958203;;0
27958396;adib.tamtama;1
27958484;;0
27959011;hairuddin;1
27960059;;0
27961023;;0
27961296;adib.tamtama;1
27961509;raka.prawira;1
27961646;;0
27961970;hairuddin;1
27962388;adib.tamtama;1
27962634;raka.prawira;1
27963871;;0
27963980;;0
27965105;;0
27966153;adib.tamtama;1
27966586;adib.tamtama;1
27967030;;0
27967596;;0
27967761;hairuddin;1
27968741;adib.tamtama;1
27969683;;0
27972559;;0
27972910;;0
27973373;;0
27973591;;0
27973662;raka.prawira;1
27973724;;0
27973743;;0
27974250;;0
27974813;hairuddin;1
27975026;;0
27975037;;0
27975410;;0
27975526;;0
27976089;raka.prawira;1
27977907;adib.tamtama;1
27977939;adib.tamtama;1
27979633;;0
27980385;;0
27980486;;0
27980509;;0
27981241;adib.tamtama;1
27981496;adib.tamtama;1
27983229;;0
27983292;;0
27983528;;0
27985364;;0
27986745;raka.prawira;1
27987814;;0
27987923;;0
27987945;raka.prawira;1
27987993;raka.prawira;1
27988497;;0
27988655;;0
27988688;raka.prawira;1
27989492;adib.tamtama;1
27989659;;0
27990561;;0
27991732;adib.tamtama;1
27991984;adib.tamtama;1
27992056;adib.tamtama;1
27992224;raka.prawira;1
27992395;;0
27992414;adib.tamtama;1
27994453;hairuddin;1
27994788;;0
27994886;;0
27995193;adib.tamtama;1
27995387;;0
27999772;;0
28001338;raka.prawira;1
28001419;;0
28003870;;0
28007220;raka.prawira;1
28007644;raka.prawira;1
28008140;;0
28008938;;0
28009276;;0
28009325;raka.prawira;1
28009637;raka.prawira;1
28009712;raka.prawira;1
28010297;;0
28010587;;0
28011319;;0
28011357;;0
28012030;raka.prawira;1
28012187;;0
28012395;;0
28014101;;0
28015658;raka.prawira;1
28016281;;0
28017367;;0
28018669;;0
28021539;;0
28022777;;0
28023563;;0
28029075;;0
28029118;;0
28030015;;0
28030398;;0
28030452;adib.tamtama;1
28032166;;0
28032981;;0
28033847;adib.tamtama;1
28035681;;0
28036851;hairuddin;1
28037030;;0
28037209;raka.prawira;1
28037596;;0
28037619;;0
28038160;;0
28038915;;0
28039670;adib.tamtama;1
28040237;raka.prawira;1
28040785;;0
28041300;;0
28041486;;0
28041650;;0
28042225;;0
28044013;;0
28045100;;0
28045531;adib.tamtama;1
28045672;;0
28045989;;0
28046287;;0
28046380;adib.tamtama;1
28046738;;0
28047283;hairuddin;1
28049885;raka.prawira;1
28050012;;0
28050213;;0
28050508;;0
28050523;;0
28050641;;0
28050796;;0
28051186;adib.tamtama;1
28051388;;0
28051521;;0
28052045;;0
28052066;;0
28052362;;0
28053509;;0
28054245;;0
28055588;;0
28055694;adib.tamtama;1
28056066;;0
28056188;;0
28056280;;0
28057636;;0
28058092;;0
28060510;;0
28063610;;0
28063679;;0
28064796;;0
28065979;raka.prawira;1
28066200;;0
28070421;adib.tamtama;1
28070508;raka.prawira;1
28070899;;0
28071798;;0
28072030;;0
28072047;;0
28072179;hairuddin;1
28074089;;0
28074597;;0
28075599;;0
28075777;;0
28076141;;0
28076207;;0
28076262;;0
28076325;raka.prawira;1
28076701;;0
28077140;;0
28077204;;0
28077953;;0
28081658;;0
28082242;raka.prawira;1
28083815;;0
28084026;adib.tamtama;1
28084148;;0
28084369;;0
28084609;;0
28084674;;0
28084990;;0
28085369;;0
28086932;;0
28089024;;0
28089027;adib.tamtama;1
28089400;;0
28089597;;0
28089690;;0
28089693;;0
28089703;;0
28089708;;0
28089712;;0
28090062;raka.prawira;1
28092157;adib.tamtama;1
28092173;;0
28092279;;0
28092385;;0
28092954;;0
28093111;;0
28093123;;0
28093132;;0
28093507;;0
28094163;;0
28095055;;0
28095938;adib.tamtama;1
28096644;;0
28097243;;0
28099538;;0
28099682;adib.tamtama;1
28100227;adib.tamtama;1
28100543;hairuddin;1
28100546;adib.tamtama;1
28103245;;0
28104235;;0
28104300;;0
28104395;;0
28104713;adib.tamtama;1
28105198;;0
28105508;;0
28105816;;0
28106574;raka.prawira;1
28106923;;0
28107618;adib.tamtama;1
28107648;adib.tamtama;1
28107731;adib.tamtama;1
28108182;;0
28109649;;0
28109686;;0
28110426;;0
28110751;;0
28110763;;0
28111677;;0
28113720;adib.tamtama;1
28114198;raka.prawira;1
28114589;;0
28115357;;0
28115952;;0
28115962;;0
28115994;;0
28116088;;0
28116428;;0
28116442;;0
28116627;;0
28116939;;0
28117586;raka.prawira;1
28117623;adib.tamtama;1
28117719;raka.prawira;1
28118646;;0
28118837;hairuddin;1
28119057;raka.prawira;1
28120608;;0
28121730;adib.tamtama;1
28121809;adib.tamtama;1
28121904;adib.tamtama;1
28121936;adib.tamtama;1
28122103;;0
28122505;adib.tamtama;1
28122561;raka.prawira;1
28122752;adib.tamtama;1
28122762;adib.tamtama;1
28122854;adib.tamtama;1
28122861;adib.tamtama;1
28124735;;0
28125117;;0
28125389;;0
28125466;;0
28125633;;0
28125809;;0
28125816;;0
28126774;;0
28127123;;0
28127459;;0
28127561;;0
28127777;;0
28127906;;0
28127945;;0
28128516;;0
28128647;;0
28128777;;0
28128866;;0
28128964;raka.prawira;1
28129090;;0
28129253;;0
28129354;adib.tamtama;1
28129404;;0
28129536;;0
28130812;;0
28130869;adib.tamtama;1
28130994;;0
28131452;;0
28131799;;0
28131867;;0
28132271;adib.tamtama;1
28132274;hairuddin;1
28132276;adib.tamtama;1
28132293;adib.tamtama;1
28132351;hairuddin;1
28132578;;0
28132753;;0
28133165;;0
28133211;;0
28133330;;0
28133431;;0
28133541;;0
28133555;;0
28133559;;0
28133577;;0
28133581;;0
28133823;;0
28134931;hairuddin;1
28135175;;0
28135831;;0
28135991;;0
28136408;;0
28136444;;0
28136747;raka.prawira;1
28139412;;0
28139695;raka.prawira;1
28140977;;0
28141615;;0
28141749;;0
28141761;adib.tamtama;1
28142548;raka.prawira;1
28143559;adib.tamtama;1
28143868;adib.tamtama;1
28145155;;0
28145492;;0
28147447;;0
28148196;raka.prawira;1
28148251;;0
28150034;;0
28150309;;0
28151775;;0
28151829;;0
28151957;raka.prawira;1
28152050;;0
28152066;;0
28152069;;0
28152085;;0
28152268;;0
28152358;adib.tamtama;1
28155562;raka.prawira;1
28155979;raka.prawira;1
28155986;;0
28156631;;0
28156777;;0
28156778;;0
28156855;;0
28156871;;0
28157029;adib.tamtama;1
28157322;;0
28157404;;0
28157876;;0
28159028;;0
28159105;;0
28159365;;0
28159617;;0
28159640;;0
28159709;adib.tamtama;1
28159744;;0
28159955;;0
28160038;;0
28160076;;0
28161144;;0
28161333;;0
28161388;;0
28161777;adib.tamtama;1
28162002;;0
28162577;;0
28162633;raka.prawira;1
28163572;;0
28164892;;0
28165139;;0
28165191;;0
28165507;;0
28166822;raka.prawira;1
28167194;;0
28167284;;0
28167579;;0
28167623;;0
28167658;;0
28167670;;0
28168576;;0
28169088;;0
28170571;raka.prawira;1
28170807;;0
28172073;;0
28172077;;0
28172421;;0
28172441;;0
28172724;;0
28172860;;0
28173084;raka.prawira;1
28174673;;0
28174724;;0
28174940;;0
28175048;;0
28175551;raka.prawira;1
28175579;;0
28175622;raka.prawira;1
28176892;;0
28177303;hairuddin;1
28178070;adib.tamtama;1
28181316;;0
28182421;;0
28183927;;0
28184348;;0
28185087;;0
28185120;;0
28185174;;0
28186690;;0
28187027;;0
28187481;;0
28191768;adib.tamtama;1
28192854;;0
28195169;;0
28197595;raka.prawira;1
28198127;;0
28198419;;0
28201160;;0
28205140;;0
28206008;adib.tamtama;1
28206921;raka.prawira;1
28211748;;0
28212160;;0
28213368;;0
28213668;;0
28214750;;0
28215717;adib.tamtama;1
28216174;;0
28216368;adib.tamtama;1
28216493;;0
28222243;;0
28222258;;0
28222674;;0
28223188;;0
28223441;;0
28223478;;0
28223728;;0
28223864;;0
28223990;;0
28225302;;0
28225615;;0
28232650;;0
28232868;;0
28233888;adib.tamtama;1
28237178;;0
28237672;;0
28242293;;0
28243851;;0
28243995;;0
28247189;;0
28251814;;0
28252833;;0
28253342;raka.prawira;1
28255015;;0
28255117;;0
28258784;;0
28260436;;0
28261466;;0
28262115;;0
28262608;adib.tamtama;1
28263110;;0
28263766;;0
28263993;;0
28266450;;0
28266726;raka.prawira;1
28267922;;0
28268095;;0
28268328;adib.tamtama;1
28268419;;0
28268577;;0
28268800;adib.tamtama;1
28269241;raka.prawira;1
28269753;;0
28269954;;0
28270826;;0
28271031;;0
28271545;;0
28272014;;0
28272845;raka.prawira;1
28275196;raka.prawira;1
28275771;raka.prawira;1
28278328;;0
28279521;;0
28280202;adib.tamtama;1
28280527;;0
28280719;raka.prawira;1
28281080;;0
28283913;;0
28285612;raka.prawira;1
28286688;;0
28288213;;0
28288635;;0
28291637;;0
28291907;raka.prawira;1
28292528;raka.prawira;1
28292926;adib.tamtama;1
28294661;adib.tamtama;1
28296600;;0
28298115;;0
28301040;raka.prawira;1
28301599;;0
28304443;;0
28305228;;0
28307561;;0
28307719;;0
28308705;adib.tamtama;1
28308888;;0
28309164;;0
28309865;adib.tamtama;1
28310575;;0
28310622;;0
28310634;;0
28310650;;0
28310719;adib.tamtama;1
28310721;adib.tamtama;1
28310723;;0
28310725;;0
28310756;adib.tamtama;1
28311491;;0
28311549;;0
28311552;;0
28311572;;0
28311590;;0
28311614;;0
28313556;;0
28313703;adib.tamtama;1
28317714;;0
28319543;;0
28319782;;0
28319821;;0
28319884;adib.tamtama;1
28319927;;0
28319955;;0
28319981;;0
28319993;;0
28319998;;0
28320007;;0
28320011;;0
28320022;;0
28320038;;0
28320050;adib.tamtama;1
28320052;;0
28320055;adib.tamtama;1
28320065;;0
28320098;;0
28320273;;0
28320461;;0
28320887;;0
28321239;;0
28321430;;0
28321444;hairuddin;1
28321455;hairuddin;1
28326191;;0
28326435;;0
28327111;raka.prawira;1
28327569;;0
28327607;;0
28328808;;0
28328855;;0
28328865;;0
28328885;;0
28328910;;0
28328916;;0
28328925;;0
28329011;;0
28329050;;0
28329061;;0
28329101;;0
28329112;;0
28329190;;0
28329209;adib.tamtama;1
28329215;;0
28329255;adib.tamtama;1
28329639;;0
28330132;raka.prawira;1
28330975;;0
28335026;;0
28335534;;0
28335677;;0
28335846;;0
28335984;;0
28336118;;0
28336171;;0
28336182;;0
28336198;;0
28336211;;0
28336302;;0
28336309;;0
28336322;;0
28336366;;0
28336369;;0
28336430;;0
28336441;;0
28336443;;0
28336445;;0
28336451;;0
28336452;adib.tamtama;1
28336476;;0
28336562;;0
28336566;;0
28336567;;0
28336660;adib.tamtama;1
28336689;;0
28338305;;0
28339125;;0
28339457;raka.prawira;1
28339562;;0
28339681;raka.prawira;1
28340027;;0
28340639;;0
28340777;;0
28341227;adib.tamtama;1
28341289;;0
28344302;;0
28346608;;0
28346850;;0
28346949;;0
28347159;;0
28347650;;0
28348465;;0
28349502;;0
28349657;;0
28350884;raka.prawira;1
28352248;;0
28353614;;0
28353633;;0
28353711;;0
28353715;;0
28353716;;0
28353737;;0
28353749;;0
28353769;;0
28353771;;0
28353773;;0
28353785;;0
28353817;;0
28353839;;0
28353854;;0
28353871;;0
28353931;;0
28354064;raka.prawira;1
28355675;;0
28355913;;0
28356096;adib.tamtama;1
28356114;;0
28357610;;0
28357746;adib.tamtama;1
28358620;;0
28359837;raka.prawira;1
28361506;adib.tamtama;1
28361808;;0
28362815;adib.tamtama;1
28367527;adib.tamtama;1
28369164;adib.tamtama;1
28370103;;0
28371391;;0
28371446;;0
28371972;adib.tamtama;1
28373136;;0
28373309;;0
28374002;;0
28374426;adib.tamtama;1
28374501;;0
28374589;adib.tamtama;1
28374620;hairuddin;1
28374643;adib.tamtama;1
28374933;raka.prawira;1
28375385;hairuddin;1
28375452;hairuddin;1
28375467;adib.tamtama;1
28375748;adib.tamtama;1
28375764;hairuddin;1
28375775;hairuddin;1
28375789;adib.tamtama;1
28376379;raka.prawira;1
28376974;;0
28378733;;0
28381472;;0
28382213;hairuddin;1
28382780;adib.tamtama;1
28382790;hairuddin;1
28382926;;0
28383273;adib.tamtama;1
28383342;adib.tamtama;1
28383349;adib.tamtama;1
28383355;adib.tamtama;1
28383801;hairuddin;1
28384137;;0
28385691;;0
28386241;;0
28388013;adib.tamtama;1
28388099;raka.prawira;1
28388385;;0
28388454;;0
28388869;;0
28389084;raka.prawira;1
28390340;;0
28390831;adib.tamtama;1
28390915;adib.tamtama;1
28392332;raka.prawira;1
28392679;hairuddin;1
28392696;adib.tamtama;1
28392752;adib.tamtama;1
28394108;;0
28394795;;0
28395513;;0
28398613;;0
28400515;adib.tamtama;1
28400888;;0
28402180;;0
28402193;;0
28402330;;0
28402850;;0
28403128;hairuddin;1
28403251;;0
28403259;;0
28403299;;0
28403690;hairuddin;1
28403868;hairuddin;1
28404234;adib.tamtama;1
28404260;adib.tamtama;1
28404273;hairuddin;1
28404275;adib.tamtama;1
28404277;adib.tamtama;1
28404440;;0
28404604;;0
28404943;;0
28404948;;0
28405117;;0
28405268;;0
28405277;;0
28405414;;0
28408617;;0
28408971;;0
28409180;;0
28409208;;0
28410338;;0
28411985;;0
28412703;adib.tamtama;1
28413420;adib.tamtama;1
28414546;;0
28415591;raka.prawira;1
28416267;;0
28417143;raka.prawira;1
28417236;;0
28418517;;0
28420110;raka.prawira;1
28422413;hairuddin;1
28422482;adib.tamtama;1
28422718;;0
28422764;;0
28423048;;0
28423253;adib.tamtama;1
28424847;;0
28424979;adib.tamtama;1
28426349;adib.tamtama;1
28426413;;0
28426424;;0
28426482;;0
28426628;;0
28426901;;0
28427321;adib.tamtama;1
28428079;;0
28428288;raka.prawira;1
28428354;hairuddin;1
28428732;;0
28428736;;0
28429357;;0
28430272;;0
28430316;;0
28430488;adib.tamtama;1
28431224;adib.tamtama;1
28431717;;0
28432522;;0
28433980;;0
28435065;;0
28435205;;0
28435226;;0
28435281;;0
28435286;;0
28435325;;0
28435332;;0
28436357;;0
28436440;;0
28436729;;0
28437772;;0
28437823;;0
28437892;;0
28437920;;0
28438556;;0
28439625;;0
28440366;;0
28440891;;0
28442634;;0
28445322;;0
28446253;;0
28446278;;0
28446566;adib.tamtama;1
28446638;;0
28447350;;0
28448256;adib.tamtama;1
28448271;;0
28448388;;0
28450112;;0
28450128;;0
28451126;;0
28452528;;0
28453506;;0
28453686;;0
28453688;;0
28454187;;0
28454878;raka.prawira;1
28455699;;0
28457319;;0
28458137;hairuddin;1
28458682;;0
28460637;;0
28460702;;0
28460766;;0
28461786;;0
28462150;;0
28462223;raka.prawira;1
28462284;;0
28462711;raka.prawira;1
28462874;adib.tamtama;1
28463238;;0
28464033;;0
28464498;raka.prawira;1
28464583;;0
28465250;;0
28466216;raka.prawira;1
28466652;;0
28468184;;0
28468448;;0
28468760;;0
28469484;raka.prawira;1
28469676;;0
28471046;;0
28471201;;0
28473994;;0
28474052;;0
28476274;;0
28476468;;0
28478311;adib.tamtama;1
28480655;;0
28484964;;0
28485295;adib.tamtama;1
28485566;adib.tamtama;1
28488320;;0
28490508;;0
28492622;;0
28493118;;0
28493333;;0
28493601;;0
28494756;;0
28496097;;0
28496369;;0
28496721;;0
28498928;;0
28498984;;0
28499373;;0
28501826;;0
28502286;;0
28502809;;0
28505230;;0
28506156;;0
28508331;;0
28512159;;0
28514542;;0
28515087;;0
28515543;;0
28515551;;0
28515570;;0
28515710;;0
28515870;;0
28515906;;0
28515959;;0
28516159;;0
28517350;;0
28518034;;0
28518462;;0
28520028;;0
28521841;;0
28522399;;0
28523574;;0
28525267;;0
28530418;adib.tamtama;1
28531056;adib.tamtama;1
28534028;;0
28535345;;0
28535375;;0
28538827;adib.tamtama;1
28540083;adib.tamtama;1
28540115;raka.prawira;1
28541789;;0
28541816;;0
28541900;;0
28541935;;0
28542822;;0
28544211;;0
28544221;adib.tamtama;1
28544240;adib.tamtama;1
28544843;;0
28545012;;0
28545035;;0
28545395;;0
28546255;;0
28546878;;0
28548326;hairuddin;1
28548995;;0
28549638;;0
28549826;adib.tamtama;1
28550565;;0
28550788;raka.prawira;1
28552954;;0
28552994;;0
28553112;;0
28553190;;0
28553571;raka.prawira;1
28553621;;0
28555036;;0
28555758;;0
28556297;adib.tamtama;1
28556751;adib.tamtama;1
28558107;;0
28558845;adib.tamtama;1
28559428;;0
28559741;adib.tamtama;1
28559987;;0
28560084;;0
28560085;;0
28560487;adib.tamtama;1
28561259;;0
28561949;;0
28562352;;0
28562403;;0
28562916;;0
28563211;;0
28563656;;0
28564304;;0
28564327;adib.tamtama;1
28565031;;0
28565068;adib.tamtama;1
28565479;adib.tamtama;1
28566388;;0
28566811;;0
28567560;adib.tamtama;1
28567760;;0
28567788;;0
28568197;raka.prawira;1
28568531;;0
28568698;;0
28568705;;0
28568806;;0
28569529;;0
28570142;;0
28570219;;0
28570931;;0
28571200;adib.tamtama;1
28572307;;0
28574276;adib.tamtama;1
28574474;adib.tamtama;1
28574562;;0
28574570;;0
28574690;adib.tamtama;1
28574693;adib.tamtama;1
28576395;;0
28576594;adib.tamtama;1
28578759;;0
28580831;;0
28580971;;0
28581228;;0
28582351;;0
28582436;;0
28583318;adib.tamtama;1
28583471;;0
28583781;adib.tamtama;1
28584164;;0
28586257;adib.tamtama;1
28589400;;0
28589473;;0
28589479;;0
28589525;adib.tamtama;1
28589535;adib.tamtama;1
28589720;adib.tamtama;1
28589784;;0
28589805;;0
28589854;;0
28589943;adib.tamtama;1
28590339;;0
28590349;;0
28590351;;0
28590356;;0
28590358;;0
28590362;;0
28590369;;0
28590374;;0
28590378;;0
28590380;;0
28590384;;0
28590412;;0
28590423;;0
28590439;adib.tamtama;1
28590482;;0
28591123;;0
28591355;;0
28591417;;0
28591907;adib.tamtama;1
28591928;;0
28592226;hairuddin;1
28592480;adib.tamtama;1
28593950;;0
28595896;;0
28595899;;0
28595980;hairuddin;1
28596094;;0
28597090;;0
28597977;;0
28598044;;0
28598047;;0
28598049;;0
28598050;;0
28598053;;0
28598054;;0
28598056;;0
28598059;;0
28598066;;0
28598068;;0
28598071;;0
28598075;;0
28598090;;0
28598149;;0
28598682;;0
28598688;;0
28598713;;0
28598726;;0
28598876;;0
28598979;;0
28599030;adib.tamtama;1
28599323;;0
28599522;;0
28599582;;0
28599586;;0
28599588;;0
28599589;;0
28599599;;0
28599601;;0
28599605;;0
28599617;;0
28599620;;0
28599622;;0
28599627;;0
28599647;;0
28599660;;0
28599709;;0
28599859;;0
28600243;;0
28600328;;0
28600462;;0
28600557;;0
28601527;;0
28602321;;0
28602402;;0
28602657;;0
28602703;;0
28605284;;0
28607826;;0
28608261;;0
28608267;;0
28608727;;0
28608826;;0
28609518;;0
28610417;;0
28610469;;0
28610969;;0
28611336;raka.prawira;1
28611375;;0
28612432;;0
28613536;;0
28613569;adib.tamtama;1
28614158;;0
28614167;;0
28614171;;0
28614464;;0
28614587;adib.tamtama;1
28614923;raka.prawira;1
28614995;;0
28615070;;0
28615194;;0
28615857;raka.prawira;1
28616279;;0
28616368;;0
28616721;;0
28616754;;0
28617351;;0
28617545;;0
28617601;;0
28618240;;0
28618501;;0
28618802;raka.prawira;1
28618852;;0
28618918;;0
28618933;;0
28618969;;0
28619370;adib.tamtama;1
28619551;;0
28619552;;0
28619715;;0
28619829;adib.tamtama;1
28619896;;0
28622721;;0
28622795;adib.tamtama;1
28622827;;0
28622992;;0
28623075;;0
28623090;hairuddin;1
28623270;;0
28623316;;0
28623784;;0
28624305;;0
28625173;;0
28626057;adib.tamtama;1
28626337;;0
28627197;;0
28627802;;0
28628362;;0
28629086;;0
28629741;raka.prawira;1
28631074;raka.prawira;1
28631900;;0
28632446;;0
28632511;;0
28632540;;0
28635284;;0
28635287;;0
28635289;;0
28635290;;0
28635291;;0
28635297;;0
28635299;;0
28635311;;0
28635312;;0
28635315;;0
28635316;;0
28635327;;0
28635331;;0
28635334;;0
28635337;;0
28635340;;0
28635406;;0
28635417;;0
28635521;hairuddin;1
28635533;;0
28635684;;0
28636110;;0
28636308;;0
28636571;adib.tamtama;1
28636916;;0
28636989;;0
28637437;;0
28637873;raka.prawira;1
28637876;;0
28637921;;0
28637931;;0
28637960;;0
28637999;;0
28638369;raka.prawira;1
28638440;;0
28638618;;0
28638655;;0
28638821;;0
28639134;;0
28639378;raka.prawira;1
28639927;;0
28639930;adib.tamtama;1
28640371;raka.prawira;1
28640605;;0
28641071;;0
28641132;;0
28641149;;0
28641214;;0
28642541;;0
28642788;;0
28642896;;0
28643173;raka.prawira;1
28643518;raka.prawira;1
28643539;;0
28644308;;0
28644408;raka.prawira;1
28644633;;0
28644884;;0
28644998;;0
28645190;;0
28646427;;0
28646539;adib.tamtama;1
28647365;raka.prawira;1
28647674;raka.prawira;1
28647841;;0
28648019;;0
28648694;;0
28650624;adib.tamtama;1
28650722;;0
28650823;adib.tamtama;1
28650958;;0
28651105;;0
28652550;adib.tamtama;1
28652647;;0
28653302;raka.prawira;1
28653310;;0
28653478;raka.prawira;1
28653705;;0
28653710;;0
28655793;raka.prawira;1
28657752;;0
28657832;;0
28658063;;0
28659708;adib.tamtama;1
28659762;;0
28662568;;0
28662628;;0
28663066;;0
28663212;;0
28663241;raka.prawira;1
28663307;;0
28663476;adib.tamtama;1
28663887;raka.prawira;1
28664385;;0
28664481;raka.prawira;1
28665399;adib.tamtama;1
28668373;adib.tamtama;1
28668969;;0
28670663;adib.tamtama;1
28670713;adib.tamtama;1
28671412;adib.tamtama;1
28671499;adib.tamtama;1
28672162;;0
28672337;;0
28672407;;0
28673314;hairuddin;1
28673592;;0
28675392;;0
28676500;raka.prawira;1
28677651;;0
28681589;;0
28683369;adib.tamtama;1
28683844;;0
28686208;;0
28687332;adib.tamtama;1
28687422;raka.prawira;1
28689689;adib.tamtama;1
28689738;;0
28690130;;0
28691976;;0
28692245;raka.prawira;1
28692861;;0
28695157;adib.tamtama;1
28696513;;0
28697168;;0
28698401;adib.tamtama;1
28698821;adib.tamtama;1
28699063;;0
28699151;;0
28699544;;0
28700400;;0
28700684;;0
28702009;;0
28705276;;0
28705973;;0
28706198;adib.tamtama;1
28707483;;0
28707763;;0
28708855;adib.tamtama;1
28710767;;0
28712080;;0
28712096;raka.prawira;1
28712100;raka.prawira;1
28712103;raka.prawira;1
28712106;;0
28712153;;0
28712174;;0
28712550;adib.tamtama;1
28713015;;0
28714416;;0
28715393;raka.prawira;1
28715939;;0
28716042;;0
28719546;;0
28720010;;0
28720272;;0
28720807;;0
28722444;;0
28724485;raka.prawira;1
28727022;adib.tamtama;1
28729168;raka.prawira;1
28729986;;0
28730682;;0
28731296;raka.prawira;1
28731361;;0
28731392;;0
28731527;hairuddin;1
28732343;raka.prawira;1
28735501;;0
28735902;adib.tamtama;1
28736343;;0
28736820;hairuddin;1
28737994;;0
28737998;raka.prawira;1
28738648;;0
28738664;;0
28739108;;0
28739460;;0
28739760;;0
28739889;;0
28739966;adib.tamtama;1
28740855;;0
28740865;adib.tamtama;1
28744235;;0
28744757;raka.prawira;1
28745178;;0
28745188;;0
28745603;;0
28746480;;0
28746499;;0
28746514;adib.tamtama;1
28746931;;0
28747810;;0
28748267;raka.prawira;1
28749979;adib.tamtama;1
28750504;;0
28751868;adib.tamtama;1
28752887;;0
28752929;;0
28753384;;0
28754616;;0
28754651;;0
28755076;;0
28757239;;0
28760123;;0
28760236;;0
28761206;;0
28761327;;0
28762078;;0
28763732;;0
28763768;;0
28766589;raka.prawira;1
28766610;raka.prawira;1
28766683;;0
28766692;;0
28766766;;0
28767218;;0
28767574;;0
28768386;adib.tamtama;1
28768954;;0
28770856;adib.tamtama;1
28773037;;0
28774729;adib.tamtama;1
28775347;;0
28775449;;0
28777488;;0
28777919;;0
28778107;;0
28778219;raka.prawira;1
28778634;hairuddin;1
28778698;adib.tamtama;1
28779639;adib.tamtama;1
28780729;;0
28780843;;0
28781281;;0
28781341;adib.tamtama;1
28781374;;0
28781623;adib.tamtama;1
28782199;;0
28782821;;0
28783155;;0
28783350;;0
28786581;;0
28786623;;0
28786681;;0
28786696;raka.prawira;1
28788731;;0
28788938;;0
28789386;;0
28789902;;0
28790423;;0
28790473;;0
28790616;;0
28790633;;0
28790727;;0
28790746;;0
28790750;;0
28790786;;0
28790844;;0
28791641;;0
28791777;;0
28792670;;0
28792672;hairuddin;1
28793258;;0
28796050;;0
28796092;;0
28796097;;0
28796276;;0
28796983;;0
28797029;;0
28797407;hairuddin;1
28798138;raka.prawira;1
28798161;;0
28798287;adib.tamtama;1
28798396;raka.prawira;1
28798424;;0
28798429;;0
28798562;raka.prawira;1
28798580;;0
28798622;;0
28798637;;0
28799156;;0
28799602;;0
28799626;adib.tamtama;1
28799645;;0
28799657;adib.tamtama;1
28799687;;0
28799758;;0
28799871;raka.prawira;1
28800890;;0
28800892;;0
28800945;;0
28800975;;0
28800982;raka.prawira;1
28801049;;0
28802549;;0
28803263;raka.prawira;1
28803278;;0
28803598;;0
28804258;raka.prawira;1
28804775;raka.prawira;1
28805170;raka.prawira;1
28806637;;0
28808362;;0
28808427;;0
28809523;;0
28809975;;0
28810397;;0
28810404;;0
28810435;;0
28810440;;0
28810599;;0
28810652;;0
28810754;;0
28810968;;0
28811332;;0
28811409;;0
28811520;;0
28811532;;0
28813404;raka.prawira;1
28814441;;0
28815640;;0
28817717;;0
28817797;;0
28818121;;0
28818278;;0
28819510;;0
28819532;adib.tamtama;1
28819944;;0
28819947;;0
28819977;;0
28820707;;0
28820831;;0
28820864;;0
28821675;;0
28823428;adib.tamtama;1
28823564;;0
28823690;raka.prawira;1
28823733;;0
28824257;;0
28824602;;0
28824895;;0
28825412;raka.prawira;1
28826267;;0
28826608;;0
28826863;;0
28827269;adib.tamtama;1
28828403;adib.tamtama;1
28828522;;0
28833443;;0
28833599;raka.prawira;1
28835419;;0
28835732;;0
28836735;;0
28836743;;0
28836745;raka.prawira;1
28836748;;0
28836776;;0
28836916;;0
28837363;adib.tamtama;1
28837367;raka.prawira;1
28837562;;0
28837596;raka.prawira;1
28837640;;0
28837717;;0
28837858;;0
28837877;;0
28837878;;0
28837907;;0
28838122;;0
28838150;;0
28838154;;0
28838320;;0
28838338;;0
28838354;raka.prawira;1
28838378;raka.prawira;1
28838431;;0
28838449;raka.prawira;1
28838454;;0
28838460;;0
28839229;;0
28839329;;0
28840279;;0
28840315;;0
28840431;;0
28841607;;0
28841851;;0
28841883;;0
28841888;;0
28843494;raka.prawira;1
28843909;;0
28844097;;0
28844104;;0
28844699;;0
28845230;;0
28845311;raka.prawira;1
28845405;;0
28845733;;0
28845809;;0
28846098;;0
28846500;;0
28846509;;0
28846629;;0
28847010;;0
28847433;;0
28847487;;0
28847693;raka.prawira;1
28847730;;0
28847749;;0
28848557;raka.prawira;1
28848684;;0
28851657;;0
28853522;adib.tamtama;1
28853585;adib.tamtama;1
28854864;;0
28855010;;0
28855102;;0
28855293;;0
28855295;;0
28855480;;0
28855551;;0
28855585;;0
28855899;;0
28856119;;0
28856147;;0
28856590;raka.prawira;1
28857398;hairuddin;1
28857504;;0
28858327;raka.prawira;1
28858816;;0
28860485;raka.prawira;1
28860489;;0
28861435;;0
28863361;;0
28863924;;0
28863933;raka.prawira;1
28864075;;0
28864088;;0
28864272;;0
28865334;;0
28865538;;0
28865778;;0
28866353;raka.prawira;1
28866741;;0
28867072;;0
28867079;raka.prawira;1
28867347;;0
28867745;;0
28868651;raka.prawira;1
28869052;;0
28869157;;0
28869981;;0
28870380;;0
28871769;adib.tamtama;1
28873374;;0
28873459;;0
28873606;;0
28873955;;0
28874283;;0
28874434;adib.tamtama;1
28874536;;0
28874721;;0
28875026;hairuddin;1
28875114;;0
28875171;;0
28875193;;0
28875498;;0
28875612;;0
28876084;;0
28876113;;0
28876130;;0
28877659;;0
28878101;adib.tamtama;1
28878209;;0
28879003;raka.prawira;1
28879065;;0
28879457;;0
28880407;;0
28880556;;0
28880829;;0
28881547;adib.tamtama;1
28882051;;0
28882754;;0
28882846;raka.prawira;1
28883010;;0
28883121;;0
28883864;;0
28883962;raka.prawira;1
28884039;;0
28884193;;0
28884541;;0
28887883;hairuddin;1
28888587;raka.prawira;1
28888616;adib.tamtama;1
28888905;adib.tamtama;1
28890194;;0
28891014;;0
28891335;raka.prawira;1
28891515;adib.tamtama;1
28891803;raka.prawira;1
28892305;;0
28893170;adib.tamtama;1
28896026;;0
28896096;;0
28897098;;0
28897636;adib.tamtama;1
28898086;adib.tamtama;1
28898248;adib.tamtama;1
28898348;adib.tamtama;1
28898385;;0
28898912;raka.prawira;1
28898963;;0
28898979;raka.prawira;1
28899004;;0
28899023;adib.tamtama;1
28899331;;0
28899413;;0
28900131;;0
28900160;hairuddin;1
28900562;;0
28901310;;0
28901576;;0
28901816;raka.prawira;1
28902833;;0
28903412;;0
28904630;;0
28905015;;0
28905232;;0
28905697;;0
28905746;raka.prawira;1
28907727;hairuddin;1
28907926;;0
28908958;;0
28909414;raka.prawira;1
28910449;;0
28910560;adib.tamtama;1
28910612;;0
28912215;;0
28912270;;0
28914451;adib.tamtama;1
28915645;;0
28915876;adib.tamtama;1
28916102;adib.tamtama;1
28917058;adib.tamtama;1
28918031;raka.prawira;1
28918628;;0
28919171;;0
28920795;;0
28921590;;0
28921950;;0
28921964;;0
28922389;adib.tamtama;1
28923108;;0
28924255;;0
28924352;;0
28924649;adib.tamtama;1
28926169;raka.prawira;1
28926460;;0
28928449;;0
28928614;;0
28930203;;0
28931044;adib.tamtama;1
28932407;;0
28933527;adib.tamtama;1
28935407;;0
28937545;hairuddin;1
28938252;hairuddin;1
28938888;;0
28939915;adib.tamtama;1
28940332;;0
28941602;;0
28943099;adib.tamtama;1
28943238;;0
28943973;adib.tamtama;1
28944472;adib.tamtama;1
28944576;raka.prawira;1
28945470;adib.tamtama;1
28945479;adib.tamtama;1
28946745;adib.tamtama;1
28949017;adib.tamtama;1
28949164;;0
28950413;;0
28952003;adib.tamtama;1
28952401;adib.tamtama;1
28952568;adib.tamtama;1
28952676;;0
28952915;raka.prawira;1
28953348;;0
28953545;;0
28954683;adib.tamtama;1
28954804;adib.tamtama;1
28954846;;0
28955598;;0
28956545;adib.tamtama;1
28958548;raka.prawira;1
28959581;adib.tamtama;1
28960584;adib.tamtama;1
28960840;;0
28961181;;0
28961271;adib.tamtama;1
28961457;hairuddin;1
28961704;adib.tamtama;1
28962602;;0
28963174;;0
28963236;;0
28963596;adib.tamtama;1
28963620;adib.tamtama;1
28965676;;0
28968010;;0
28968391;raka.prawira;1
28969188;;0
28969830;hairuddin;1
28971848;;0
28972673;adib.tamtama;1
28972720;hairuddin;1
28972770;;0
28972818;;0
28973189;;0
28973445;raka.prawira;1
28974450;;0
28974733;;0
28974925;adib.tamtama;1
28975529;;0
28976736;;0
28977059;;0
28977763;;0
28977872;;0
28979979;;0
28980081;;0
28980767;;0
28982172;;0
28983544;adib.tamtama;1
28985164;;0
28986057;;0
28986324;;0
28987280;adib.tamtama;1
28987347;;0
28989210;;0
28989346;;0
28990305;;0
28990764;;0
28991226;;0
28991256;;0
28991511;;0
28993197;;0
28993995;;0
28994154;hairuddin;1
28994202;adib.tamtama;1
28995453;;0
28996354;;0
28996546;;0
28997026;;0
28997076;;0
28997638;;0
28997642;adib.tamtama;1
28998218;raka.prawira;1
28998364;;0
28999637;hairuddin;1
29000595;;0
29001193;;0
29001703;;0
29002064;;0
29003316;;0
29004531;adib.tamtama;1
29006007;hairuddin;1
29006835;;0
29008500;;0
29009116;;0
29011822;raka.prawira;1
29012708;;0
29017446;;0
29017594;adib.tamtama;1
29018246;;0
29018311;;0
29018899;adib.tamtama;1
29019853;;0
29020298;;0
29020406;adib.tamtama;1
29020420;;0
29021175;;0
29021492;adib.tamtama;1
29022791;;0
29022860;adib.tamtama;1
29023166;;0
29023386;;0
29023502;;0
29024315;;0
29024365;raka.prawira;1
29025301;;0
29027351;;0
29027719;;0
29032054;;0
29033645;adib.tamtama;1
29033658;;0
29034927;;0
29035662;;0
29039004;adib.tamtama;1
29039694;;0
29039974;;0
29040437;;0
29041326;;0
29041435;hairuddin;1
29041452;;0
29041477;adib.tamtama;1
29042423;;0
29043513;;0
29043811;;0
29043901;adib.tamtama;1
29044153;;0
29044240;;0
29044527;;0
29045464;;0
29045723;raka.prawira;1
29045862;;0
29047734;;0
29047874;raka.prawira;1
29048383;;0
29049935;;0
29050076;;0
29050489;raka.prawira;1
29050674;;0
29051538;;0
29053588;;0
29054008;;0
29054399;;0
29056444;;0
29057406;;0
29057414;;0
29057435;adib.tamtama;1
29057533;;0
29057767;;0
29058003;;0
29058577;;0
29058673;raka.prawira;1
29059572;;0
29060094;;0
29060238;;0
29061571;adib.tamtama;1
29064230;raka.prawira;1
29064268;raka.prawira;1
29064603;;0
29065548;adib.tamtama;1
29065660;;0
29065861;;0
29066191;raka.prawira;1
29066192;adib.tamtama;1
29066425;adib.tamtama;1
29066463;;0
29067014;;0
29069896;;0
29070541;;0
29070879;;0
29071199;raka.prawira;1
29071670;;0
29072496;raka.prawira;1
29072997;;0
29073879;;0
29074346;;0
29074737;adib.tamtama;1
29074800;;0
29074815;adib.tamtama;1
29074902;;0
29074963;;0
29074970;adib.tamtama;1
29074989;;0
29075238;adib.tamtama;1
29075248;adib.tamtama;1
29075801;adib.tamtama;1
29075898;adib.tamtama;1
29075935;;0
29076183;;0
29076189;;0
29076757;;0
29079057;adib.tamtama;1
29079090;raka.prawira;1
29079241;;0
29079801;;0
29080112;;0
29080287;;0
29080320;;0
29080833;;0
29082467;raka.prawira;1
29082548;;0
29083620;adib.tamtama;1
29083772;adib.tamtama;1
29083863;;0
29084368;;0
29084564;adib.tamtama;1
29085782;;0
29086665;;0
29086667;;0
29087173;;0
29088868;;0
29088917;;0
29089933;;0
29090031;adib.tamtama;1
29090411;;0
29090506;;0
29090795;;0
29091248;raka.prawira;1
29092075;;0
29092152;;0
29092375;;0
29092377;;0
29092481;;0
29092978;raka.prawira;1
29093180;;0
29093410;;0
29093586;adib.tamtama;1
29093912;;0
29094009;;0
29094301;;0
29094938;adib.tamtama;1
29096205;raka.prawira;1
29098625;;0
29098697;adib.tamtama;1
29098863;;0
29099138;;0
29099335;hairuddin;1
29099472;adib.tamtama;1
29100003;adib.tamtama;1
29100741;;0
29101336;;0
29101371;raka.prawira;1
29101411;;0
29102829;;0
29103704;;0
29105722;;0
29106598;;0
29106659;;0
29107706;;0
29108867;adib.tamtama;1
29109145;;0
29109360;;0
29110880;;0
29111616;;0
29112152;;0
29112570;;0
29113479;adib.tamtama;1
29114053;;0
29114082;;0
29114134;;0
29114578;;0
29115594;adib.tamtama;1
29116026;;0
29116417;;0
29116608;adib.tamtama;1
29116963;;0
29118655;;0
29119004;;0
29119588;raka.prawira;1
29119603;raka.prawira;1
29120051;;0
29120793;;0
29122499;hairuddin;1
29123558;hairuddin;1
29123849;;0
29124667;;0
29124788;;0
29126210;;0
29126410;;0
29126548;;0
29126607;;0
29127733;;0
29128341;adib.tamtama;1
29128842;;0
29129214;;0
29132318;;0
29132594;adib.tamtama;1
29132747;;0
29133938;;0
29134597;;0
29137975;;0
29138556;adib.tamtama;1
29138930;;0
29139510;hairuddin;1
29140048;raka.prawira;1
29140162;;0
29141471;adib.tamtama;1
29141502;adib.tamtama;1
29141825;;0
29141881;;0
29141959;;0
29142582;raka.prawira;1
29143089;hairuddin;1
29143564;;0
29146439;;0
29146553;;0
29146648;adib.tamtama;1
29149630;adib.tamtama;1
29150646;;0
29150647;;0
29151168;adib.tamtama;1
29152537;;0
29152554;adib.tamtama;1
29153017;;0
29153093;;0
29153129;;0
29153272;;0
29153290;;0
29153462;;0
29153494;;0
29153508;;0
29153533;;0
29153976;;0
29154077;;0
29154123;;0
29154625;;0
29158020;;0
29159253;adib.tamtama;1
29159633;raka.prawira;1
29159795;;0
29160053;hairuddin;1
29161728;adib.tamtama;1
29161751;;0
29161957;;0
29162023;;0
29162118;adib.tamtama;1
29162519;;0
29162541;;0
29162770;;0
29162797;;0
29162907;;0
29162942;;0
29165369;adib.tamtama;1
29165841;raka.prawira;1
29168111;;0
29168502;;0
29168694;;0
29169331;adib.tamtama;1
29169969;;0
29170032;;0
29171792;adib.tamtama;1
29173229;;0
29176144;;0
29176151;;0
29176159;;0
29176849;adib.tamtama;1
29177011;adib.tamtama;1
29178238;raka.prawira;1
29179013;adib.tamtama;1
29179037;;0
29180417;;0
29183060;adib.tamtama;1
29183246;;0
29183472;;0
29183888;;0
29183889;adib.tamtama;1
29184699;;0
29185589;;0
29186338;adib.tamtama;1
29186386;;0
29186412;;0
29188923;adib.tamtama;1
29189175;raka.prawira;1
29189368;adib.tamtama;1
29189719;adib.tamtama;1
29190613;;0
29190665;adib.tamtama;1
29190680;;0
29191956;;0
29192106;raka.prawira;1
29192451;adib.tamtama;1
29193272;;0
29194248;adib.tamtama;1
29195597;adib.tamtama;1
29195891;adib.tamtama;1
29196238;;0
29196685;;0
29197188;;0
29198637;;0
29198749;;0
29201757;;0
29203516;;0
29203521;;0
29204214;adib.tamtama;1
29204270;hairuddin;1
29208995;adib.tamtama;1
29210177;hairuddin;1
29211185;adib.tamtama;1
29211446;;0
29212999;;0
29213013;;0
29216630;hairuddin;1
29217552;;0
29219687;adib.tamtama;1
29222590;;0
29223498;;0
29223511;hairuddin;1
29224287;;0
29226565;;0
29227032;;0
29227376;adib.tamtama;1
29228425;;0
29228452;;0
29228464;raka.prawira;1
29228641;;0
29228959;adib.tamtama;1
29229968;adib.tamtama;1
29230468;;0
29230834;;0
29232167;;0
29232761;adib.tamtama;1
29232959;;0
29233716;;0
29234315;;0
29236418;;0
29236634;;0
29239225;;0
29239410;adib.tamtama;1
29239904;adib.tamtama;1
29240511;;0
29240538;;0
29240641;;0
29240669;;0
29240740;;0
29242595;;0
29245115;;0
29246376;;0
29246435;;0
29247130;;0
29247434;;0
29247550;;0
29247753;;0
29248200;;0
29250234;;0
29250374;;0
29250954;;0
29250996;adib.tamtama;1
29251013;;0
29251119;adib.tamtama;1
29251173;adib.tamtama;1
29253444;adib.tamtama;1
29253588;;0
29255098;;0
29255247;adib.tamtama;1
29255424;adib.tamtama;1
29256110;;0
29258086;;0
29258163;;0
29258422;raka.prawira;1
29258548;;0
29262165;raka.prawira;1
29263638;;0
29263942;;0
29264423;;0
29264436;;0
29264873;;0
29265154;;0
29265886;;0
29266358;;0
29266484;adib.tamtama;1
29267277;;0
29267422;;0
29267533;;0
29267726;;0
29267868;;0
29268006;;0
29268070;;0
29268101;;0
29268781;;0
29269146;;0
29269495;raka.prawira;1
29269589;;0
29269794;;0
29271303;;0
29271325;adib.tamtama;1
29271453;raka.prawira;1
29272274;;0
29273391;;0
29273459;adib.tamtama;1
29273579;;0
29273765;adib.tamtama;1
29273776;;0
29273933;;0
29274717;;0
29274781;;0
29274981;;0
29274993;;0
29275573;;0
29275889;;0
29275951;raka.prawira;1
29276861;raka.prawira;1
29282280;;0
29282321;;0
29282367;hairuddin;1
29282773;raka.prawira;1
29282812;;0
29282864;;0
29284533;;0
29284646;;0
29286398;;0
29291713;;0
29292532;;0
29293429;;0
29293949;;0
29295012;;0
29296251;raka.prawira;1
29299725;;0
29301454;;0
29302320;raka.prawira;1
29302556;adib.tamtama;1
29302611;raka.prawira;1
29302816;;0
29306573;;0
29306626;adib.tamtama;1
29307047;;0
29307102;;0
29307543;;0
29308516;;0
29308722;;0
29308829;hairuddin;1
29309905;raka.prawira;1
29310320;;0
29310455;raka.prawira;1
29310858;;0
29311393;;0
29311478;;0
29312256;raka.prawira;1
29312534;raka.prawira;1
29313031;;0
29314925;;0
29314984;;0
29315003;;0
29315036;;0
29315068;;0
29315087;;0
29315141;adib.tamtama;1
29315173;;0
29315270;;0
29315803;;0
29316032;;0
29316513;;0
29317398;raka.prawira;1
29317469;;0
29318536;raka.prawira;1
29318639;;0
29319368;;0
29320958;;0
29321372;;0
29322254;;0
29322622;;0
29323392;;0
29323623;;0
29325980;adib.tamtama;1
29327373;raka.prawira;1
29327807;;0
29328205;;0
29328920;;0
29329294;;0
29331327;;0
29332133;;0
29332385;;0
29335223;;0
29335801;hairuddin;1
29337671;;0
29337751;;0
29338107;;0
29338537;;0
29339067;;0
29339159;;0
29339186;;0
29339370;;0
29339648;;0
29339796;;0
29340089;;0
29340930;;0
29341254;;0
29341943;;0
29342590;adib.tamtama;1
29343487;;0
29345218;;0
29346004;;0
29347186;;0
29348491;;0
29349535;;0
29349962;;0
29350607;;0
29350946;;0
29351678;;0
29353729;raka.prawira;1
29353750;;0
29353965;;0
29354122;;0
29354708;;0
29354777;;0
29355944;;0
29357256;adib.tamtama;1
29357575;;0
29359110;adib.tamtama;1
29359311;;0
29359605;;0
29359715;;0
29360207;adib.tamtama;1
29361189;adib.tamtama;1
29361426;raka.prawira;1
29361891;;0
29364270;;0
29366950;;0
29366981;adib.tamtama;1
29367776;;0
29368516;;0
29370001;;0
29370032;;0
29370359;;0
29374566;;0
29374583;;0
29374981;;0
29375097;;0
29375245;;0
29375460;adib.tamtama;1
29375950;adib.tamtama;1
29376073;;0
29376752;;0
29378064;;0
29378964;;0
29379021;;0
29379547;;0
29379787;;0
29380323;;0
29383410;;0
29383986;;0
29383989;;0
29384003;;0
29384433;;0
29385269;;0
29388581;;0
29391727;adib.tamtama;1
29392137;raka.prawira;1
29393425;adib.tamtama;1
29393563;;0
29395527;raka.prawira;1
29395535;;0
29396027;;0
29396100;;0
29397303;adib.tamtama;1
29398769;;0
29398783;;0
29400127;raka.prawira;1
29400898;;0
29402652;;0
29402767;;0
29402775;;0
29403046;;0
29404058;;0
29405494;;0
29406042;adib.tamtama;1
29406451;hairuddin;1
29408187;;0
29411293;;0
29411327;;0
29414385;;0
29414807;;0
29416264;raka.prawira;1
29416480;;0
29417036;adib.tamtama;1
29417287;raka.prawira;1
29417467;;0
29419953;;0
29419977;;0
29423736;;0
29426579;;0
29426747;;0
29426847;;0
29427004;;0
29427242;;0
29427256;adib.tamtama;1
29432145;;0
29432782;raka.prawira;1
29433092;;0
29433233;adib.tamtama;1
29433309;;0
29433980;;0
29434173;;0
29435584;;0
29436585;;0
29437435;adib.tamtama;1
29437719;adib.tamtama;1
29439691;;0
29440692;raka.prawira;1
29441221;;0
29443733;;0
29444282;raka.prawira;1
29444567;hairuddin;1
29447069;;0
29447070;;0
29447073;;0
29447221;;0
29448331;hairuddin;1
29449340;;0
29449429;;0
29451173;;0
29451354;;0
29452628;adib.tamtama;1
29453166;;0
29453210;;0
29453419;raka.prawira;1
29453534;;0
29454006;;0
29455248;;0
29455801;hairuddin;1
29456229;adib.tamtama;1
29456858;adib.tamtama;1
29456886;adib.tamtama;1
29456940;hairuddin;1
29457955;;0
29458885;;0
29459233;adib.tamtama;1
29459658;;0
29459736;;0
29459964;;0
29460193;;0
29460354;;0
29460403;;0
29460709;adib.tamtama;1
29462727;;0
29463542;;0
29463571;adib.tamtama;1
29463596;;0
29463937;adib.tamtama;1
29465606;hairuddin;1
29468773;;0
29469361;;0
29470449;;0
29471041;;0
29472056;;0
29472080;raka.prawira;1
29472116;;0
29472121;;0
29472434;hairuddin;1
29473565;;0
29474105;;0
29474681;;0
29476680;;0
29480227;;0
29480790;;0
29485315;;0
29485854;;0
29485859;adib.tamtama;1
29486003;;0
29486134;;0
29487158;;0
29487561;;0
29488081;;0
29489701;;0
29489733;;0
29490860;;0
29491583;;0
29491667;;0
29491826;;0
29492089;;0
29492197;;0
29492279;;0
29492537;;0
29492918;;0
29493725;;0
29496145;adib.tamtama;1
29497148;;0
29497314;;0
29497993;;0
29498087;adib.tamtama;1
29498428;raka.prawira;1
29498548;;0
29500014;;0
29500044;raka.prawira;1
29500668;hairuddin;1
29501542;;0
29501884;adib.tamtama;1
29502344;adib.tamtama;1
29503129;raka.prawira;1
29503138;;0
29503901;;0
29504496;;0
29504989;;0
29505094;;0
29505763;;0
29507294;;0
29507373;;0
29507560;;0
29513464;;0
29516089;;0
29517047;;0
29517072;;0
29517088;;0
29517117;;0
29517142;;0
29517143;;0
29517195;adib.tamtama;1
29519924;;0
29521764;;0
29523138;adib.tamtama;1
29523848;;0
29523985;adib.tamtama;1
29524012;;0
29524790;;0
29524812;;0
29524876;;0
29524932;;0
29526460;;0
29527134;;0
29528024;;0
29528791;;0
29529180;;0
29529375;adib.tamtama;1
29529943;;0
29529966;hairuddin;1
29530039;;0
29532160;;0
29538105;adib.tamtama;1
29538782;;0
29540658;;0
29540727;hairuddin;1
29540918;raka.prawira;1
29541993;raka.prawira;1
29542263;adib.tamtama;1
29544390;;0
29546163;;0
29546547;raka.prawira;1
29547511;;0
29548789;;0
29548854;;0
29548911;;0
29548922;;0
29549171;;0
29549730;adib.tamtama;1
29552922;adib.tamtama;1
29555471;;0
29555633;;0
29555830;;0
29555920;;0
29557170;adib.tamtama;1
29558447;;0
29558451;adib.tamtama;1
29558563;raka.prawira;1
29558671;raka.prawira;1
29558771;hairuddin;1
29558777;;0
29559592;;0
29563607;;0
29564288;;0
29565151;;0
29567899;;0
29569264;;0
29569710;;0
29570028;raka.prawira;1
29570455;raka.prawira;1
29570467;raka.prawira;1
29571091;;0
29571814;;0
29572326;;0
29574246;;0
29574578;adib.tamtama;1
29574599;;0
29576828;raka.prawira;1
29577480;;0
29577491;;0
29577643;;0
29577832;;0
29578035;;0
29578329;;0
29578477;;0
29580472;;0
29582482;;0
29583700;;0
29585066;;0
29586267;;0
29586328;;0
29587869;;0
29590944;;0
29591181;;0
29591233;;0
29591247;;0
29591283;;0
29591359;adib.tamtama;1
29592994;;0
29597814;hairuddin;1
29598888;raka.prawira;1
29598935;;0
29598986;;0
29602742;raka.prawira;1
29602785;;0
29603187;;0
29609307;;0
29609342;;0
29609362;;0
29609827;;0
29610524;;0
29610646;;0
29610738;hairuddin;1
29611012;raka.prawira;1
29614617;;0
29614707;;0
29614746;;0
29615123;;0
29615786;;0
29616179;adib.tamtama;1
29617382;;0
29617643;raka.prawira;1
29618750;;0
29618966;adib.tamtama;1
29619220;adib.tamtama;1
29619867;;0
29619993;;0
29621144;adib.tamtama;1
29621576;;0
29625435;;0
29628841;;0
29629452;;0
29630076;hairuddin;1
29633929;;0
29634381;;0
29636002;raka.prawira;1
29636011;;0
29638551;raka.prawira;1
29638567;;0
29638613;;0
29639033;;0
29640472;adib.tamtama;1
29642939;;0
29643748;;0
29644832;;0
29645990;;0
29646191;;0
29646738;;0
29647222;;0
29647225;;0
29647334;;0
29647382;;0
29647458;;0
29647595;;0
29647866;;0
29649017;;0
29649125;adib.tamtama;1
29649137;;0
29649154;;0
29653968;raka.prawira;1
29654907;;0
29655177;;0
29655426;;0
29655964;adib.tamtama;1
29656127;;0
29656224;;0
29659882;raka.prawira;1
29660144;;0
29661250;;0
29664172;;0
29666739;;0
29666959;;0
29667462;raka.prawira;1
29668723;;0
29669604;raka.prawira;1
29670063;;0
29670594;raka.prawira;1
29670853;adib.tamtama;1
29671128;;0
29671161;;0
29672570;;0
29673797;;0
29674523;;0
29675541;;0
29675794;raka.prawira;1
29676075;;0
29676631;;0
29679290;;0
29680269;raka.prawira;1
29680916;;0
29683017;;0
29683059;;0
29683735;;0
29686922;;0
29688245;adib.tamtama;1
29688326;adib.tamtama;1
29688386;adib.tamtama;1
29688443;;0
29689076;adib.tamtama;1
29691750;;0
29691875;;0
29693767;;0
29693894;;0
29694089;;0
29694225;;0
29695881;;0
29696801;;0
29701750;;0
29701764;;0
29701903;hairuddin;1
29702093;raka.prawira;1
29703455;;0
29703484;adib.tamtama;1
29703869;;0
29704416;adib.tamtama;1
29705793;adib.tamtama;1
29707507;hairuddin;1
29708649;adib.tamtama;1
29709675;;0
29711245;raka.prawira;1
29711657;raka.prawira;1
29713272;raka.prawira;1
29713916;;0
29713961;raka.prawira;1
29714220;;0
29714627;;0
29714766;;0
29714791;;0
29715433;;0
29717175;;0
29717339;;0
29717353;;0
29717661;;0
29718356;;0
29718703;;0
29721104;;0
29721352;;0
29721643;;0
29721902;raka.prawira;1
29723976;;0
29724112;raka.prawira;1
29724279;;0
29724379;adib.tamtama;1
29726400;adib.tamtama;1
29726925;hairuddin;1
29730932;;0
29731714;adib.tamtama;1
29733596;;0
29734103;;0
29734435;raka.prawira;1
29735001;;0
29738102;adib.tamtama;1
29738119;;0
29738150;;0
29739497;raka.prawira;1
29740032;raka.prawira;1
29741024;;0
29741309;adib.tamtama;1
29741326;;0
29743319;;0
29743415;;0
29743783;;0
29743983;;0
29744761;;0
29746808;;0
29747415;;0
29747983;;0
29748396;raka.prawira;1
29748806;adib.tamtama;1
29749425;adib.tamtama;1
29749781;;0
29751023;;0
29751025;raka.prawira;1
29751167;hairuddin;1
29751210;;0
29751259;;0
29751291;;0
29751705;;0
29753612;;0
29754409;;0
29754448;;0
29754722;;0
29756065;;0
29756222;adib.tamtama;1
29756269;;0
29756657;hairuddin;1
29756800;raka.prawira;1
29757006;adib.tamtama;1
29757248;;0
29757993;;0
29758576;;0
29758743;;0
29759305;;0
29763526;;0
29764280;;0
29764383;;0
29765203;;0
29766207;;0
29766457;raka.prawira;1
29766490;;0
29767194;adib.tamtama;1
29768770;;0
29768781;;0
29769069;hairuddin;1
29769262;raka.prawira;1
29770896;;0
29771703;;0
29773785;;0
29773819;;0
29773870;;0
29773915;;0
29774079;adib.tamtama;1
29776088;hairuddin;1
29776699;;0
29776776;raka.prawira;1
29777037;;0
29777197;;0
29777223;;0
29777290;;0
29777410;;0
29777472;;0
29777793;;0
29777805;;0
29777839;;0
29777937;;0
29779375;;0
29780227;;0
29780312;;0
29780462;;0
29781067;;0
29781603;;0
29782921;;0
29783124;;0
29784005;;0
29784201;;0
29785089;;0
29785097;;0
29786327;;0
29787382;adib.tamtama;1
29787712;;0
29787764;;0
29788334;;0
29788660;;0
29788691;;0
29789629;adib.tamtama;1
29789983;adib.tamtama;1
29790194;adib.tamtama;1
29792361;;0
29793011;;0
29793019;;0
29793052;;0
29793164;hairuddin;1
29793358;;0
29795699;;0
29795736;;0
29796553;;0
29799056;hairuddin;1
29799386;adib.tamtama;1
29800784;;0
29801085;;0
29806372;;0
29807545;;0
29807647;;0
29808021;;0
29808354;adib.tamtama;1
29809305;raka.prawira;1
29809451;adib.tamtama;1
29809469;;0
29811164;;0
29811597;;0
29811921;;0
29811980;;0
29812433;;0
29815149;;0
29815600;;0
29815650;;0
29816175;;0
29816974;adib.tamtama;1
29817185;;0
29818871;;0
29818901;raka.prawira;1
29819141;;0
29819232;raka.prawira;1
29819391;;0
29819442;;0
29819723;;0
29820934;;0
29821704;;0
29822794;;0
29823663;adib.tamtama;1
29823759;;0
29823898;;0
29825716;;0
29825859;;0
29826049;;0
29826314;raka.prawira;1
29826450;;0
29826480;;0
29829289;;0
29829437;;0
29830803;;0
29832161;hairuddin;1
29832204;adib.tamtama;1
29832339;adib.tamtama;1
29832528;;0
29833029;;0
29837850;;0
29838724;;0
29839301;adib.tamtama;1
29841508;;0
29841928;adib.tamtama;1
29842917;adib.tamtama;1
29850137;;0
29850407;;0
29853788;;0
29856056;;0
29857077;adib.tamtama;1
29858127;;0
29858216;;0
29858259;;0
29858598;;0
29859157;;0
29861322;;0
29861923;;0
29861957;;0
29868172;adib.tamtama;1
29869153;adib.tamtama;1
29869177;;0
29869240;;0
29869537;;0
29869566;;0
29869743;;0
29869747;;0
29870293;;0
29871145;;0
29872181;;0
29876298;;0
29876301;;0
29878118;;0
29878436;;0
29878490;;0
29878653;;0
29879493;;0
29879643;adib.tamtama;1
29880039;;0
29880061;adib.tamtama;1
29881147;adib.tamtama;1
29881555;;0
29885369;;0
29885519;;0
29886408;;0
29886495;raka.prawira;1
29888028;;0
29888471;;0
29888843;;0
29889322;;0
29889337;;0
29889530;raka.prawira;1
29889546;;0
29889597;;0
29890537;;0
29890856;;0
29890862;;0
29890870;;0
29890917;;0
29890957;;0
29890967;;0
29890994;;0
29891129;raka.prawira;1
29891146;;0
29891199;;0
29891266;;0
29891328;raka.prawira;1
29891570;;0
29892262;;0
29892352;;0
29894615;adib.tamtama;1
29896814;;0
29898882;;0
29899348;raka.prawira;1
29899592;;0
29899768;adib.tamtama;1
29900517;;0
29900894;;0
29900904;;0
29901097;adib.tamtama;1
29902371;adib.tamtama;1
29902376;;0
29902409;adib.tamtama;1
29902532;;0
29902752;;0
29902778;;0
29904484;adib.tamtama;1
29904713;adib.tamtama;1
29904750;;0
29905207;hairuddin;1
29905387;raka.prawira;1
29905407;;0
29905662;;0
29906448;;0
29906452;;0
29906578;;0
29906599;;0
29906618;;0
29906642;;0
29906650;;0
29906937;;0
29907206;adib.tamtama;1
29907684;;0
29908224;;0
29908313;;0
29908784;;0
29909197;;0
29909619;;0
29909696;;0
29911472;adib.tamtama;1
29911570;adib.tamtama;1
29911597;;0
29911902;;0
29911907;;0
29911964;;0
29912934;;0
29913174;;0
29913201;adib.tamtama;1
29913679;;0
29915126;;0
29915176;;0
29916487;;0
29916495;;0
29916503;;0
29916555;;0
29916587;adib.tamtama;1
29917507;;0
29918346;;0
29918505;;0
29919777;adib.tamtama;1
29919843;;0
29919881;;0
29920115;;0
29921644;;0
29922822;;0
29923273;;0
29924155;;0
29924554;adib.tamtama;1
29924730;;0
29924733;;0
29924743;;0
29924793;hairuddin;1
29924823;;0
29924836;adib.tamtama;1
29924855;;0
29924920;;0
29925247;hairuddin;1
29925268;hairuddin;1
29925280;;0
29925285;;0
29925431;;0
29925482;;0
29925554;;0
29925837;;0
29925919;;0
29925931;;0
29926710;;0
29926762;;0
29926778;;0
29926939;;0
29926948;;0
29927080;raka.prawira;1
29927398;;0
29928193;;0
29928198;;0
29929487;;0
29929760;;0
29929777;;0
29929809;;0
29929916;hairuddin;1
29930425;;0
29930620;;0
29931652;;0
29934073;;0
29934085;;0
29934443;;0
29934535;;0
29934555;;0
29934817;;0
29935821;;0
29936333;adib.tamtama;1
29936982;;0
29937324;;0
29937379;;0
29937779;;0
29938335;;0
29939348;;0
29939818;;0
29940410;;0
29940560;;0
29940857;;0
29941015;;0
29941058;;0
29941434;;0
29943011;;0
29943287;;0
29943695;;0
29943708;adib.tamtama;1
29943856;;0
29943998;;0
29944748;;0
29944821;;0
29944983;;0
29945912;;0
29945929;;0
29945947;;0
29946082;;0
29946084;;0
29946085;;0
29946089;;0
29946090;;0
29946928;;0
29946963;raka.prawira;1
29947173;;0
29947371;;0
29947379;raka.prawira;1
29947440;adib.tamtama;1
29947521;;0
29947811;;0
29947907;;0
29948073;;0
29948538;;0
29949485;adib.tamtama;1
29951039;;0
29951064;raka.prawira;1
29951066;raka.prawira;1
29951067;raka.prawira;1
29951079;;0
29951084;raka.prawira;1
29951095;;0
29951101;adib.tamtama;1
29951104;raka.prawira;1
29951117;hairuddin;1
29951121;adib.tamtama;1
29951130;;0
29951132;adib.tamtama;1
29951155;;0
29951162;adib.tamtama;1
29951188;raka.prawira;1
29951203;;0
29951205;;0
29951207;adib.tamtama;1
29952340;;0
29952361;;0
29952368;adib.tamtama;1
29952376;;0
29952542;;0
29952604;;0
29952823;;0
29953252;;0
29953253;;0
29953256;raka.prawira;1
29953869;;0
29954180;;0
29954342;adib.tamtama;1
29954422;;0
29956034;;0
29957039;;0
29957062;;0
29957641;;0
29958130;;0
29959226;;0
29960268;;0
29961739;;0
29962301;;0
29962375;hairuddin;1
29962874;hairuddin;1
29963393;;0
29964064;;0
29964933;;0
29965016;adib.tamtama;1
29965547;;0
29965865;;0
29966173;;0
29968164;adib.tamtama;1
29968690;;0
29968987;;0
29969240;;0
29969286;;0
29969303;;0
29969374;;0
29970228;;0
29971076;adib.tamtama;1
29971216;adib.tamtama;1
29974629;;0
29974632;;0
29974660;;0
29974994;;0
29975051;;0
29976263;adib.tamtama;1
29976454;;0
29978387;hairuddin;1
29979184;;0
29980077;;0
29980083;;0
29980373;adib.tamtama;1
29980507;raka.prawira;1
29983324;;0
29983489;;0
29983878;raka.prawira;1
29984171;;0
29984272;;0
29985556;adib.tamtama;1
29987642;;0
29988102;;0
29990477;adib.tamtama;1
29991368;;0
29993800;adib.tamtama;1
29994066;adib.tamtama;1
29994760;;0
29994800;;0
29995205;adib.tamtama;1
29997690;;0
29997941;raka.prawira;1
30000415;raka.prawira;1
30000530;adib.tamtama;1
30001812;;0
30001831;;0
30001870;;0
30002547;;0
30003041;;0
30004801;adib.tamtama;1
30004933;;0
30006114;adib.tamtama;1
30006424;;0
30011792;;0
30012599;raka.prawira;1
30015771;adib.tamtama;1
30015813;;0
30017286;;0
30017423;;0
30017756;;0
30019725;;0
30020580;adib.tamtama;1
30020773;raka.prawira;1
30020877;adib.tamtama;1
30022029;adib.tamtama;1
30022258;adib.tamtama;1
30023868;;0
30025088;;0
30027726;raka.prawira;1
30028344;;0
30028379;;0
30030777;;0
30031091;adib.tamtama;1
30031307;;0
30031775;adib.tamtama;1
30034550;adib.tamtama;1
30037182;raka.prawira;1
30038205;adib.tamtama;1
30038763;;0
30038800;;0
30039405;raka.prawira;1
30039513;;0
30039539;;0
30039673;;0
30040617;;0
30040640;;0
30040662;;0
30041385;;0
30041488;;0
30041514;;0
30041523;raka.prawira;1
30041545;;0
30041556;;0
30041698;;0
30042509;;0
30046401;;0
30046600;;0
30047566;;0
30048819;;0
30049996;;0
30050002;;0
30050089;;0
30050102;;0
30050110;;0
30050120;;0
30050135;;0
30050569;;0
30050580;;0
30050949;;0
30051473;raka.prawira;1
30051650;adib.tamtama;1
30052546;adib.tamtama;1
30055129;;0
30056214;adib.tamtama;1
30056634;;0
30056760;;0
30056966;hairuddin;1
30058794;raka.prawira;1
30060914;;0
30065368;hairuddin;1
30066426;adib.tamtama;1
30066879;;0
30066935;;0
30067272;;0
30067357;;0
30067729;;0
30072461;;0
30073127;;0
30074036;;0
30074092;;0
30074190;;0
30074259;adib.tamtama;1
30074431;raka.prawira;1
30074775;;0
30075043;;0
30076038;;0
30077482;;0
30077869;adib.tamtama;1
30078123;adib.tamtama;1
30078139;;0
30078175;;0
30082793;;0
30082802;raka.prawira;1
30082880;;0
30082912;;0
30082945;;0
30083051;raka.prawira;1
30083421;raka.prawira;1
30084734;raka.prawira;1
30085021;;0
30085223;;0
30086998;hairuddin;1
30087456;;0
30087615;adib.tamtama;1
30088268;hairuddin;1
30088294;hairuddin;1
30088359;adib.tamtama;1
30088981;;0
30089037;;0
30089146;;0
30089246;;0
30089701;adib.tamtama;1
30090532;;0
30090629;;0
30090838;;0
30091009;;0
30091054;;0
30091436;adib.tamtama;1
30091787;;0
30092780;;0
30092887;;0
30093052;;0
30096364;;0
30097196;;0
30098940;;0
30099129;adib.tamtama;1
30099684;adib.tamtama;1
30099889;;0
30099938;adib.tamtama;1
30099975;;0
30100043;;0
30101225;;0
30101553;;0
30101671;;0
30102675;;0
30104533;;0
30104544;;0
30104551;adib.tamtama;1
30104554;raka.prawira;1
30104556;raka.prawira;1
30104558;hairuddin;1
30104578;;0
30104584;;0
30104591;;0
30104604;adib.tamtama;1
30104610;raka.prawira;1
30104629;;0
30104657;raka.prawira;1
30104661;raka.prawira;1
30104671;adib.tamtama;1
30104682;raka.prawira;1
30104684;raka.prawira;1
30104706;raka.prawira;1
30104712;;0
30104718;raka.prawira;1
30104728;;0
30104729;raka.prawira;1
30104756;raka.prawira;1
30106243;;0
30106894;raka.prawira;1
30106898;raka.prawira;1
30106903;adib.tamtama;1
30106911;adib.tamtama;1
30106914;raka.prawira;1
30106915;;0
30106919;hairuddin;1
30106924;adib.tamtama;1
30106931;adib.tamtama;1
30106932;;0
30106953;;0
30106958;adib.tamtama;1
30106960;adib.tamtama;1
30106977;;0
30106986;;0
30106992;adib.tamtama;1
30106996;adib.tamtama;1
30107024;raka.prawira;1
30107030;adib.tamtama;1
30107033;;0
30107045;hairuddin;1
30107048;;0
30107049;raka.prawira;1
30107052;;0
30107055;;0
30107061;;0
30107074;hairuddin;1
30108128;raka.prawira;1
30108519;raka.prawira;1
30109328;raka.prawira;1
30109647;;0
30109843;raka.prawira;1
30109914;;0
30111264;;0
30111424;;0
30111502;raka.prawira;1
30112330;hairuddin;1
30112956;;0
30115365;raka.prawira;1
30116004;;0
30117705;;0
30118508;;0
30119489;;0
30120055;;0
30120138;;0
30120523;raka.prawira;1
30120932;adib.tamtama;1
30120944;adib.tamtama;1
30120957;raka.prawira;1
30120960;;0
30121125;raka.prawira;1
30121793;;0
30122722;;0
30122765;;0
30123016;raka.prawira;1
30123208;;0
30124310;hairuddin;1
30124648;;0
30124954;;0
30125032;;0
30125383;;0
30126322;;0
30126341;;0
30127099;;0
30127543;;0
30127907;;0
30128066;;0
30128106;;0
30128461;;0
30128803;;0
30128919;adib.tamtama;1
30129032;;0
30129107;;0
30129217;;0
30129749;;0
30131681;;0
30133041;;0
30133090;;0
30133722;;0
30134322;;0
30134787;;0
30134945;;0
30135015;adib.tamtama;1
30135445;;0
30135652;adib.tamtama;1
30137031;raka.prawira;1
30137076;;0
30137607;;0
30137976;;0
30140151;;0
30141075;;0
30143019;;0
30143041;;0
30143063;;0
30144404;;0
30146116;;0
30146231;adib.tamtama;1
30146976;;0
30148165;;0
30148509;;0
30148518;;0
30149664;raka.prawira;1
30150677;;0
30152077;;0
30152189;;0
30152214;;0
30156110;raka.prawira;1
30156132;raka.prawira;1
30156136;adib.tamtama;1
30156142;hairuddin;1
30156147;raka.prawira;1
30156150;;0
30156162;hairuddin;1
30156168;;0
30156169;raka.prawira;1
30156170;;0
30156184;hairuddin;1
30156186;;0
30156194;hairuddin;1
30156198;raka.prawira;1
30156211;;0
30156223;raka.prawira;1
30156225;;0
30156248;raka.prawira;1
30156407;;0
30156416;;0
30156420;;0
30156428;;0
30157809;;0
30157997;;0
30158031;;0
30160034;adib.tamtama;1
30160119;;0
30160389;adib.tamtama;1
30160422;;0
30160575;;0
30160723;hairuddin;1
30161180;;0
30161294;adib.tamtama;1
30161610;raka.prawira;1
30161665;;0
30163697;raka.prawira;1
30164432;adib.tamtama;1
30164433;adib.tamtama;1
30164514;raka.prawira;1
30165984;raka.prawira;1
30165989;;0
30165996;;0
30166002;;0
30166361;;0
30166658;;0
30166662;;0
30166712;;0
30166716;;0
30166751;;0
30167084;;0
30169604;;0
30170085;adib.tamtama;1
30170797;hairuddin;1
30170833;;0
30173950;;0
30173991;;0
30174372;;0
30174956;raka.prawira;1
30175805;;0
30178076;;0
30178078;;0
30178207;;0
30178273;;0
30178403;adib.tamtama;1
30178547;;0
30178751;;0
30179582;;0
30180078;adib.tamtama;1
30180870;;0
30181131;;0
30181385;;0
30181619;;0
30184902;;0
30184943;adib.tamtama;1
30184961;raka.prawira;1
30184964;;0
30185354;;0
30185463;;0
30186200;;0
30187357;;0
30187457;adib.tamtama;1
30187482;;0
30188400;;0
30189297;;0
30189434;;0
30189460;;0
30189537;;0
30190156;;0
30190861;raka.prawira;1
30190965;hairuddin;1
30194265;;0
30195521;;0
30195783;;0
30197019;hairuddin;1
30197283;;0
30197349;;0
30197400;;0
30197453;;0
30197510;;0
30197516;;0
30197584;raka.prawira;1
30197589;hairuddin;1
30198330;;0
30198524;;0
30199054;;0
30199309;;0
30199678;;0
30199973;;0
30200351;;0
30200870;;0
30201182;;0
30201248;;0
30201321;;0
30201407;;0
30201634;;0
30204809;adib.tamtama;1
30204811;;0
30204980;;0
30205263;;0
30205334;;0
30205878;;0
30206283;raka.prawira;1
30206447;;0
30206480;;0
30206840;raka.prawira;1
30207057;;0
30207381;;0
30207459;;0
30207794;raka.prawira;1
30207808;;0
30207855;;0
30207867;raka.prawira;1
30208098;raka.prawira;1
30208135;;0
30208199;;0
30208305;;0
30208315;;0
30208396;;0
30208398;;0
30208616;;0
30208621;;0
30208886;;0
30209053;;0
30209193;raka.prawira;1
30209291;;0
30209392;;0
30209400;;0
30209717;adib.tamtama;1
30209739;;0
30209741;;0
30209742;;0
30209744;raka.prawira;1
30209745;;0
30209756;;0
30209760;;0
30209763;raka.prawira;1
30209858;adib.tamtama;1
30209958;;0
30211301;;0
30211586;;0
30212110;;0
30213077;;0
30215675;;0
30216107;;0
30218170;;0
30220256;;0
30221733;;0
30221998;raka.prawira;1
30222004;raka.prawira;1
30222988;;0
30223283;;0
30224178;;0
30225008;raka.prawira;1
30226252;;0
30226321;;0
30226349;;0
30226740;;0
30226904;;0
30227193;;0
30227194;raka.prawira;1
30227195;;0
30227197;;0
30227538;;0
30229004;;0
30229260;;0
30229882;;0
30234774;;0
30234847;;0
30235380;;0
30235681;;0
30235706;adib.tamtama;1
30236193;;0
30236279;raka.prawira;1
30236709;;0
30237238;;0
30237480;adib.tamtama;1
30237942;;0
30238242;raka.prawira;1
30239444;;0
30243539;;0
30243847;;0
30244205;adib.tamtama;1
30244386;;0
30245028;;0
30245093;;0
30245265;;0
30245360;;0
30245361;;0
30245365;;0
30245367;;0
30246256;;0
30246258;;0
30246259;raka.prawira;1
30246261;;0
30246521;;0
30246636;;0
30247283;;0
30247611;raka.prawira;1
30247669;;0
30251934;adib.tamtama;1
30252315;;0
30252402;;0
30252538;;0
30252690;;0
30252736;;0
30252816;;0
30252986;;0
30253418;hairuddin;1
30253518;;0
30253536;;0
30253558;;0
30253732;raka.prawira;1
30255681;adib.tamtama;1
30259334;raka.prawira;1
30260563;;0
30263042;;0
30268467;;0
30268691;raka.prawira;1
30269425;adib.tamtama;1
30276617;adib.tamtama;1
30276720;;0
30276881;adib.tamtama;1
30277052;;0
30277258;adib.tamtama;1
30278773;hairuddin;1
30279720;;0
30281054;;0
30286796;raka.prawira;1
30287408;;0
30287825;adib.tamtama;1
30289042;adib.tamtama;1
30289181;adib.tamtama;1
30289409;;0
30290612;;0
30290758;adib.tamtama;1
30290811;;0
30291037;;0
30294013;;0
30294038;;0
30295957;;0
30297639;raka.prawira;1
30298069;;0
30299128;raka.prawira;1
30304649;;0
30304692;raka.prawira;1
30306464;;0
30308659;;0
30310297;;0
30311580;;0
30314151;;0
30315525;adib.tamtama;1
30316126;hairuddin;1
30317624;raka.prawira;1
30317650;adib.tamtama;1
30317703;raka.prawira;1
30320643;;0
30322610;;0
30322614;;0
30323353;adib.tamtama;1
30327332;;0
30328311;adib.tamtama;1
30328659;;0
30328964;;0
30332088;;0
30333042;raka.prawira;1
30333214;;0
30333762;adib.tamtama;1
30335937;;0
30339560;;0
30341190;;0
30341599;;0
30343613;;0
30343646;;0
30343885;;0
30343932;;0
30344359;;0
30344371;;0
30344460;;0
30344648;;0
30344695;;0
30344730;;0
30344861;;0
30347021;;0
30347157;;0
30350537;adib.tamtama;1
30353222;;0
30353745;;0
30357052;;0
30359759;;0
30360504;raka.prawira;1
30361118;adib.tamtama;1
30363387;raka.prawira;1
30363420;;0
30367449;raka.prawira;1
30368019;adib.tamtama;1
30368447;;0
30368471;adib.tamtama;1
30368507;;0
30368613;raka.prawira;1
30368989;adib.tamtama;1
30369308;;0
30369671;raka.prawira;1
30370076;raka.prawira;1
30370082;;0
30370173;adib.tamtama;1
30370213;;0
30370272;;0
30370465;;0
30370607;raka.prawira;1
30371398;adib.tamtama;1
30373188;raka.prawira;1
30373346;adib.tamtama;1
30374222;;0
30374451;;0
30374710;;0
30376108;adib.tamtama;1
30380267;raka.prawira;1
30380971;;0
30380991;;0
30381204;adib.tamtama;1
30381960;;0
30382137;;0
30385019;adib.tamtama;1
30385221;;0
30386054;;0
30386243;;0
30386260;hairuddin;1
30386613;;0
30386779;;0
30387199;raka.prawira;1
30387670;;0
30387742;;0
30387958;raka.prawira;1
30388405;;0
30388591;;0
30389275;raka.prawira;1
30391189;hairuddin;1
30391430;;0
30392740;;0
30393272;;0
30393938;raka.prawira;1
30394576;;0
30396317;;0
30397301;;0
30397404;adib.tamtama;1
30397718;;0
30399167;;0
30401018;;0
30401093;adib.tamtama;1
30401383;;0
30404213;;0
30404445;;0
30404739;raka.prawira;1
30404967;;0
30405500;adib.tamtama;1
30407511;;0
30408516;;0
30409431;;0
30409941;;0
30410438;;0
30410632;;0
30411155;;0
30412381;raka.prawira;1
30412971;adib.tamtama;1
30414277;;0
30419138;;0
30421010;;0
30421015;;0
30421047;;0
30421316;;0
30422166;;0
30425499;;0
30425715;;0
30425913;;0
30426255;adib.tamtama;1
30428057;;0
30429350;;0
30429436;adib.tamtama;1
30429454;;0
30429553;;0
30429719;;0
30430129;;0
30430175;;0
30430734;;0
30430840;raka.prawira;1
30430995;;0
30431159;;0
30431361;;0
30431464;;0
30431508;adib.tamtama;1
30431836;hairuddin;1
30432169;raka.prawira;1
30434937;adib.tamtama;1
30434975;;0
30437298;;0
30438053;;0
30438573;;0
30439745;;0
30440523;;0
30440539;;0
30440579;;0
30441145;;0
30441775;;0
30441825;;0
30442116;;0
30443944;;0
30444848;;0
30445264;;0
30445651;;0
30445734;raka.prawira;1
30445747;raka.prawira;1
30445766;adib.tamtama;1
30445806;adib.tamtama;1
30446352;adib.tamtama;1
30447179;;0
30447941;;0
30451092;;0
30452388;;0
30453205;;0
30453248;;0
30453321;;0
30455059;;0
30456245;;0
30456260;;0
30456383;;0
30457085;;0
30457581;;0
30457715;raka.prawira;1
30457764;;0
30457883;;0
30458274;;0
30460146;;0
30460537;;0
30461591;adib.tamtama;1
30462220;;0
30462243;raka.prawira;1
30462608;;0
30462796;;0
30463015;;0
30463813;;0
30464258;;0
30464790;adib.tamtama;1
30465022;;0
30465549;;0
30465577;;0
30465932;;0
30465936;;0
30465974;;0
30466297;;0
30467158;;0
30467202;;0
30467457;;0
30467607;;0
30467658;raka.prawira;1
30468239;;0
30468549;;0
30468819;;0
30469009;;0
30469252;adib.tamtama;1
30469679;;0
30469885;;0
30469930;;0
30470029;;0
30470097;;0
30471044;;0
30471269;;0
30471611;;0
30472417;raka.prawira;1
30474344;;0
30475010;;0
30475677;;0
30475683;;0
30476428;;0
30476665;;0
30478232;;0
30478907;;0
30479283;;0
30479823;;0
30480360;;0
30480388;;0
30480428;;0
30481793;;0
30482576;;0
30483014;;0
30483557;raka.prawira;1
30483882;;0
30484370;;0
30484656;;0
30485538;;0
30486588;;0
30486713;;0
30487536;;0
30489422;;0
30490774;;0
30492678;;0
30493506;;0
30493824;;0
30494530;;0
30494674;;0
30494861;;0
30496314;;0
30497700;;0
30503673;;0
30503856;;0
30506082;;0
30511372;;0
30511623;adib.tamtama;1
30516924;raka.prawira;1
30517131;;0
30518966;adib.tamtama;1
30519481;adib.tamtama;1
30519604;adib.tamtama;1
30519870;;0
30520015;;0
30520035;;0
30520068;;0
30520078;;0
30520449;;0
30520480;;0
30520820;;0
30520828;;0
30524613;;0
30528371;adib.tamtama;1
30528862;raka.prawira;1
30531755;adib.tamtama;1
30536017;;0
30536270;;0
30536766;raka.prawira;1
30538236;adib.tamtama;1
30544721;raka.prawira;1
30545815;;0
30549361;adib.tamtama;1
30549506;;0
30554089;;0
30554377;;0
30554504;;0
30554924;;0
30559105;;0
30559138;;0
30560903;adib.tamtama;1
30560910;;0
30561177;adib.tamtama;1
30563758;;0
30567302;hairuddin;1
30568856;;0
30572782;adib.tamtama;1
30572851;hairuddin;1
30575111;raka.prawira;1
30577379;;0
30579970;adib.tamtama;1
30579974;hairuddin;1
30579975;hairuddin;1
30583055;hairuddin;1
30583105;;0
30583515;;0
30586450;;0
30590626;;0
30590627;adib.tamtama;1
30590628;adib.tamtama;1
30590630;adib.tamtama;1
30590631;;0
30590632;hairuddin;1
30595188;;0
30595441;hairuddin;1
30595609;hairuddin;1
30598945;;0
30611944;;0
30614759;;0
30616944;;0
30617049;adib.tamtama;1
30617054;;0
30617057;adib.tamtama;1
30617063;hairuddin;1
30617064;adib.tamtama;1
30629422;adib.tamtama;1
30630862;;0
30631550;;0
30636636;adib.tamtama;1
30637041;adib.tamtama;1
30637770;;0
30638164;;0
30638676;adib.tamtama;1
30638678;adib.tamtama;1
30638680;adib.tamtama;1
30640037;adib.tamtama;1
30640506;;0
30640869;;0
30640938;;0
30641273;;0
30641613;raka.prawira;1
30646654;;0
30647638;;0
30647731;adib.tamtama;1
30648358;adib.tamtama;1
30648444;;0
30650626;;0
30651706;raka.prawira;1
30652516;adib.tamtama;1
30655297;adib.tamtama;1
30655647;;0
30655967;adib.tamtama;1
30656715;;0
30658476;;0
30659887;;0
30659901;;0
30660752;;0
30661379;;0
30661892;;0
30662038;adib.tamtama;1
30662078;adib.tamtama;1
30662079;adib.tamtama;1
30662082;adib.tamtama;1
30662085;;0
30662097;hairuddin;1
30664260;raka.prawira;1
30669738;;0
30669766;;0
30670485;;0
30670750;adib.tamtama;1
30671104;raka.prawira;1
30671353;raka.prawira;1
30674924;;0
30675162;;0
30675552;;0
30677113;;0
30678481;;0
30678490;;0
30679297;;0
30680516;;0
30682930;;0
30683146;;0
30683695;;0
30683735;;0
30683933;;0
30684227;;0
30684868;;0
30686666;;0
30686710;raka.prawira;1
30686769;;0
30687767;;0
30687771;raka.prawira;1
30688529;;0
30688559;;0
30689291;;0
30691923;;0
30696800;adib.tamtama;1
30697361;;0
30697518;;0
30697675;;0
30698007;;0
30698918;;0
30699059;raka.prawira;1
30699462;adib.tamtama;1
30699688;;0
30699952;raka.prawira;1
30702288;;0
30702298;raka.prawira;1
30702396;;0
30702881;;0
30704139;;0
30704636;;0
30704782;;0
30704783;;0
30704886;adib.tamtama;1
30707021;adib.tamtama;1
30707816;;0
30708264;;0
30710968;adib.tamtama;1
30711513;adib.tamtama;1
30712312;hairuddin;1
30712411;;0
30712588;adib.tamtama;1
30719947;raka.prawira;1
30720013;;0
30720224;adib.tamtama;1
30720328;adib.tamtama;1
30720554;hairuddin;1
30721090;;0
30721186;;0
30721691;;0
30722895;;0
30723108;;0
30723135;adib.tamtama;1
30725567;;0
30726880;;0
30727664;;0
30727865;;0
30728095;;0
30728287;;0
30728362;adib.tamtama;1
30729493;adib.tamtama;1
30729576;raka.prawira;1
30729813;;0
30730116;;0
30730434;;0
30730492;;0
30730948;;0
30731026;;0
30731154;;0
30733019;;0
30733092;adib.tamtama;1
30733612;raka.prawira;1
30733755;;0
30734663;adib.tamtama;1
30735167;;0
30736079;;0
30736127;;0
30738639;adib.tamtama;1
30738731;;0
30739390;;0
30739888;;0
30740173;adib.tamtama;1
30741408;adib.tamtama;1
30745090;;0
30745228;;0
30746247;;0
30746821;;0
30747482;adib.tamtama;1
30747497;adib.tamtama;1
30748416;;0
30749753;;0
30749884;adib.tamtama;1
30750373;;0
30750677;;0
30751501;raka.prawira;1
30751678;;0
30751734;;0
30752481;;0
30753940;adib.tamtama;1
30754080;adib.tamtama;1
30754452;;0
30755082;;0
30755397;;0
30755709;raka.prawira;1
30756621;;0
30756736;;0
30757050;;0
30757250;;0
30757578;adib.tamtama;1
30757752;;0
30760038;;0
30760685;adib.tamtama;1
30761001;;0
30761624;;0
30761655;;0
30763272;;0
30763375;;0
30764313;;0
30764982;;0
30765695;;0
30766317;raka.prawira;1
30766529;;0
30767836;raka.prawira;1
30767945;;0
30768106;adib.tamtama;1
30768581;;0
30768966;;0
30769088;raka.prawira;1
30769655;adib.tamtama;1
30770083;raka.prawira;1
30770162;;0
30770471;;0
30770553;;0
30771315;;0
30773055;;0
30774819;adib.tamtama;1
30776246;adib.tamtama;1
30776462;;0
30777278;;0
30777825;;0
30779125;;0
30779464;adib.tamtama;1
30781393;;0
30781416;raka.prawira;1
30782576;;0
30783032;;0
30783126;;0
30784451;adib.tamtama;1
30784518;adib.tamtama;1
30785120;;0
30785517;;0
30785738;;0
30788716;;0
30790230;adib.tamtama;1
30790245;adib.tamtama;1
30790247;;0
30792111;;0
30793280;;0
30793434;;0
30793615;;0
30794229;adib.tamtama;1
30794325;;0
30794374;;0
30794489;;0
30794689;raka.prawira;1
30794737;;0
30795046;;0
30795364;;0
30796011;;0
30796177;;0
30799862;;0
30802501;;0
30802750;;0
30804962;;0
30806306;adib.tamtama;1
30807213;;0
30808365;adib.tamtama;1
30808383;raka.prawira;1
30809250;;0
30811992;;0
30813021;;0
30815565;;0
30816512;raka.prawira;1
30817655;;0
30817747;;0
30818210;;0
30818672;adib.tamtama;1
30818700;adib.tamtama;1
30818718;;0
30819449;;0
30819541;adib.tamtama;1
30820161;;0
30820169;adib.tamtama;1
30820272;adib.tamtama;1
30820301;;0
30820916;adib.tamtama;1
30821326;;0
30822008;adib.tamtama;1
30822101;adib.tamtama;1
30824755;hairuddin;1
30826080;;0
30826111;;0
30826899;;0
30827092;;0
30827256;;0
30828403;;0
30828547;hairuddin;1
30828693;;0
30830069;;0
30830386;;0
30830461;adib.tamtama;1
30830916;;0
30831929;;0
30832229;raka.prawira;1
30834636;raka.prawira;1
30835423;;0
30835483;adib.tamtama;1
30836108;;0
30836630;;0
30837833;adib.tamtama;1
30839845;;0
30840406;;0
30841486;;0
30842906;adib.tamtama;1
30843629;raka.prawira;1
30848840;;0
30849407;;0
30849431;raka.prawira;1
30849460;;0
30849503;;0
30849538;;0
30851894;;0
30852060;;0
30854905;;0
30856592;;0
30858732;raka.prawira;1
30859369;;0
30862105;;0
30864848;;0
30868566;;0
30869547;;0
30869552;;0
30871321;adib.tamtama;1
30872547;;0
30875617;adib.tamtama;1
30876348;raka.prawira;1
30876408;adib.tamtama;1
30876509;;0
30877062;;0
30877583;adib.tamtama;1
30878649;;0
30879316;;0
30884651;;0
30885347;raka.prawira;1
30885372;raka.prawira;1
30885430;adib.tamtama;1
30885690;adib.tamtama;1
30887394;;0
30888387;hairuddin;1
30890115;;0
30890518;;0
30891665;;0
30893346;;0
30893365;;0
30894262;;0
30895358;adib.tamtama;1
30895514;adib.tamtama;1
30896244;;0
30897713;;0
30899345;adib.tamtama;1
30900597;;0
30901203;;0
30904304;;0
30905584;;0
30905611;;0
30906108;hairuddin;1
30906522;;0
30906550;;0
30906618;;0
30908244;;0
30908895;adib.tamtama;1
30909751;adib.tamtama;1
30911344;;0
30915397;adib.tamtama;1
30918606;adib.tamtama;1
30919625;;0
30920017;;0
30920347;adib.tamtama;1
30920358;;0
30920450;;0
30920569;;0
30922520;;0
30922668;adib.tamtama;1
30923277;raka.prawira;1
30924708;adib.tamtama;1
30924782;adib.tamtama;1
30925317;;0
30925910;;0
30925992;adib.tamtama;1
30926148;;0
30927616;;0
30928088;;0
30929011;;0
30929172;;0
30930666;;0
30931005;raka.prawira;1
30931402;raka.prawira;1
30931547;;0
30934319;;0
30936657;;0
30936682;;0
30936780;;0
30937075;;0
30937380;;0
30938262;;0
30938529;raka.prawira;1
30939441;adib.tamtama;1
30939491;adib.tamtama;1
30939709;;0
30939808;;0
30940039;adib.tamtama;1
30940556;raka.prawira;1
30940629;raka.prawira;1
30941601;;0
30943823;;0
30943861;;0
30944110;;0
30944744;adib.tamtama;1
30947741;;0
30948198;;0
30949646;;0
30949851;;0
30950174;;0
30952389;hairuddin;1
30953140;;0
30954300;raka.prawira;1
30954338;raka.prawira;1
30955563;;0
30955684;;0
30955807;;0
30956510;;0
30958422;;0
30959692;;0
30961557;;0
30962822;raka.prawira;1
30964150;raka.prawira;1
30964169;;0
30964368;;0
30965732;;0
30965771;;0
30966026;raka.prawira;1
30966157;;0
30966770;;0
30967672;;0
30967699;;0
30969277;;0
30970830;adib.tamtama;1
30970950;;0
30971970;;0
30972019;;0
30972872;;0
30972877;adib.tamtama;1
30975571;;0
30976949;;0
30979015;;0
30980124;;0
30980247;;0
30980294;;0
30981128;;0
30981564;;0
30982864;;0
30982954;adib.tamtama;1
30983712;;0
30983858;;0
30985652;;0
30986036;;0
30986559;;0
30986624;;0
30987316;;0
30988510;;0
30989179;adib.tamtama;1
30989433;;0
30990685;;0
30990889;;0
30990960;;0
30991446;;0
30991575;;0
30991679;;0
30992665;;0
30993950;adib.tamtama;1
30995215;;0
30995478;adib.tamtama;1
30997959;;0
30998907;;0
30998985;;0
30999085;;0
31000267;;0
31000281;;0
31001054;;0
31001474;;0
31001495;;0
31004108;;0
31005173;;0
31006812;;0
31007608;adib.tamtama;1
31007880;;0
31008470;;0
31009276;;0
31009723;;0
31010228;;0
31011044;;0
31011463;raka.prawira;1
31012217;;0
31012753;;0
31012802;;0
31014420;;0
31015454;;0
31015511;hairuddin;1
31015859;;0
31016130;;0
31016181;;0
31016886;adib.tamtama;1
31016981;;0
31017204;raka.prawira;1
31017207;adib.tamtama;1
31017482;;0
31017691;;0
31017850;;0
31018632;;0
31018661;raka.prawira;1
31018837;;0
31019439;;0
31019523;;0
31019705;adib.tamtama;1
31020187;;0
31020227;;0
31020421;;0
31021307;;0
31022121;;0
31022439;raka.prawira;1
31024241;;0
31025991;adib.tamtama;1
31026631;;0
31027010;;0
31027149;raka.prawira;1
31027988;;0
31029349;raka.prawira;1
31029610;;0
31029696;;0
31030319;;0
31031532;;0
31031551;;0
31032284;hairuddin;1
31032470;;0
31032490;hairuddin;1
31032845;;0
31033141;;0
31034386;adib.tamtama;1
31034582;;0
31035236;;0
31035815;adib.tamtama;1
31037851;;0
31038875;;0
31039573;;0
31039805;raka.prawira;1
31040340;;0
31043003;;0
31043413;;0
31044356;;0
31044444;;0
31045151;adib.tamtama;1
31045267;;0
31045665;;0
31046492;;0
31049348;;0
31051806;;0
31054184;adib.tamtama;1
31054209;;0
31054706;;0
31054916;raka.prawira;1
31056259;;0
31057197;adib.tamtama;1
31057500;;0
31057537;;0
31057647;;0
31057805;;0
31059152;;0
31059165;;0
31059202;;0
31059558;;0
31063374;;0
31063989;raka.prawira;1
31064020;adib.tamtama;1
31064470;;0
31064714;;0
31065453;;0
31065546;;0
31065820;adib.tamtama;1
31066113;adib.tamtama;1
31067370;adib.tamtama;1
31067584;;0
31068061;;0
31068094;;0
31071540;;0
31071758;adib.tamtama;1
31071775;raka.prawira;1
31072130;;0
31072167;;0
31072219;raka.prawira;1
31072823;raka.prawira;1
31072875;;0
31073143;raka.prawira;1
31073373;;0
31073523;raka.prawira;1
31073531;;0
31074907;;0
31074914;adib.tamtama;1
31074921;;0
31074930;raka.prawira;1
31074988;;0
31075147;;0
31082376;;0
31082586;adib.tamtama;1
31082711;;0
31082819;;0
31083203;;0
31083228;;0
31083351;hairuddin;1
31083353;;0
31083373;;0
31083846;;0
31084252;;0
31084734;;0
31085488;;0
31085892;adib.tamtama;1
31086010;raka.prawira;1
31087947;raka.prawira;1
31089946;adib.tamtama;1
31090235;;0
31090310;raka.prawira;1
31090905;;0
31091896;raka.prawira;1
31092019;;0
31094735;raka.prawira;1
31098298;adib.tamtama;1
31101049;;0
31101080;;0
31107703;adib.tamtama;1
31109236;;0
31109259;;0
31109442;;0
31109516;;0
31110394;raka.prawira;1
31111254;;0
31111943;;0
31112037;adib.tamtama;1
31112682;;0
31112768;;0
31118845;;0
31123393;hairuddin;1
31124155;;0
31125134;;0
31126970;;0
31128229;;0
31128872;adib.tamtama;1
31128963;adib.tamtama;1
31128986;;0
31129153;;0
31129278;;0
31129420;;0
31132948;adib.tamtama;1
31134600;;0
31134770;;0
31136046;;0
31136048;;0
31137265;;0
31137783;;0
31137800;;0
31138845;raka.prawira;1
31139213;;0
31141577;adib.tamtama;1
31142689;raka.prawira;1
31144187;;0
31144190;;0
31144192;;0
31144210;;0
31144218;;0
31144632;;0
31144672;;0
31144865;adib.tamtama;1
31146266;;0
31146278;;0
31146605;;0
31146699;adib.tamtama;1
31146704;adib.tamtama;1
31146866;;0
31147178;;0
31147573;raka.prawira;1
31150934;;0
31151063;;0
31151064;;0
31151162;;0
31151305;;0
31151407;;0
31151645;;0
31153386;hairuddin;1
31154420;;0
31155138;raka.prawira;1
31157359;adib.tamtama;1
31159021;;0
31159555;raka.prawira;1
31159572;adib.tamtama;1
31161107;raka.prawira;1
31164504;raka.prawira;1
31165398;adib.tamtama;1
31165403;;0
31165802;;0
31167526;;0
31167643;raka.prawira;1
31168320;;0
31169301;;0
31169496;adib.tamtama;1
31172528;;0
31172712;;0
31172771;;0
31172845;adib.tamtama;1
31174354;raka.prawira;1
31175269;;0
31176237;adib.tamtama;1
31176584;;0
31176860;;0
31176987;raka.prawira;1
31179422;hairuddin;1
31179615;adib.tamtama;1
31180043;;0
31180322;;0
31184710;adib.tamtama;1
31186825;;0
31187714;;0
31189384;;0
31190825;;0
31192046;adib.tamtama;1
31193840;;0
31194650;;0
31195714;;0
31197532;;0
31197633;adib.tamtama;1
31199091;raka.prawira;1
31199130;;0
31199134;;0
31200172;;0
31200330;;0
31200984;;0
31201485;;0
31202458;;0
31203945;adib.tamtama;1
31204248;;0
31204343;adib.tamtama;1
31204656;;0
31204813;;0
31205447;adib.tamtama;1
31206029;adib.tamtama;1
31206921;;0
31208067;adib.tamtama;1
31208126;;0
31209417;;0
31209583;;0
31209863;;0
31210674;;0
31211045;;0
31211314;;0
31211341;;0
31214042;;0
31214056;;0
31216826;raka.prawira;1
31217642;;0
31218900;;0
31219120;;0
31219126;;0
31219128;;0
31219162;adib.tamtama;1
31219173;;0
31221446;;0
31221710;;0
31222241;adib.tamtama;1
31222344;;0
31224105;;0
31224623;;0
31227521;;0
31227973;;0
31227997;;0
31228037;;0
31228195;;0
31228844;;0
31229155;raka.prawira;1
31229200;adib.tamtama;1
31229896;;0
31229924;;0
31230643;;0
31230829;;0
31232285;;0
31232724;;0
31233345;;0
31234339;;0
31234362;raka.prawira;1
31234575;raka.prawira;1
31234800;raka.prawira;1
31234919;adib.tamtama;1
31234938;raka.prawira;1
31235514;;0
31235939;;0
31236096;;0
31236200;;0
31236536;adib.tamtama;1
31237207;;0
31238243;raka.prawira;1
31238252;;0
31238571;;0
31238891;;0
31239383;;0
31239385;;0
31239444;raka.prawira;1
31240606;;0
31240846;adib.tamtama;1
31241346;;0
31241991;;0
31242087;adib.tamtama;1
31242675;;0
31245655;raka.prawira;1
31246991;adib.tamtama;1
31247000;;0
31248210;;0
31248255;adib.tamtama;1
31248553;;0
31249126;;0
31249223;;0
31249319;;0
31249346;adib.tamtama;1
31251771;adib.tamtama;1
31251772;adib.tamtama;1
31252959;adib.tamtama;1
31252994;;0
31253100;;0
31253994;;0
31254356;;0
31254438;raka.prawira;1
31254689;;0
31256504;hairuddin;1
31256522;raka.prawira;1
31256582;adib.tamtama;1
31256771;;0
31256981;;0
31257685;;0
31257821;;0
31258116;;0
31259687;;0
31260000;;0
31261597;;0
31261768;;0
31262129;;0
31262221;;0
31262437;;0
31262496;;0
31262565;;0
31264033;;0
31264467;adib.tamtama;1
31265007;raka.prawira;1
31265335;;0
31265365;;0
31265442;;0
31265763;;0
31266389;raka.prawira;1
31266722;;0
31266877;adib.tamtama;1
31267186;;0
31267202;;0
31267511;raka.prawira;1
31267953;;0
31268072;;0
31268144;hairuddin;1
31268371;;0
31268689;;0
31268750;hairuddin;1
31269144;;0
31269514;;0
31269601;;0
31269647;raka.prawira;1
31269728;;0
31270033;;0
31270145;raka.prawira;1
31270445;;0
31271428;;0
31271433;;0
31272214;;0
31272603;;0
31272613;;0
31273392;hairuddin;1
31273452;adib.tamtama;1
31274107;;0
31274118;;0
31274999;adib.tamtama;1
31275926;;0
31276106;;0
31276298;;0
31276708;adib.tamtama;1
31278291;;0
31278732;;0
31279403;adib.tamtama;1
31279431;;0
31279514;adib.tamtama;1
31279740;;0
31279834;;0
31281256;;0
31282635;;0
31282750;;0
31282822;;0
31283223;adib.tamtama;1
31283972;;0
31284829;;0
31284921;adib.tamtama;1
31285599;;0
31285789;;0
31285974;;0
31286607;;0
31286633;;0
31287349;;0
31287590;;0
31288756;;0
31289505;;0
31290485;;0
31290498;;0
31290671;;0
31291023;adib.tamtama;1
31291867;adib.tamtama;1
31291938;;0
31292546;;0
31293530;raka.prawira;1
31293695;;0
31293854;;0
31294196;raka.prawira;1
31294601;;0
31294607;;0
31295194;;0
31298825;;0
31298885;;0
31298963;raka.prawira;1
31299072;adib.tamtama;1
31299272;;0
31299303;raka.prawira;1
31299641;;0
31300543;;0
31301065;raka.prawira;1
31301294;raka.prawira;1
31301941;;0
31302894;hairuddin;1
31304699;adib.tamtama;1
31304869;;0
31306452;;0
31306575;;0
31306738;;0
31307219;;0
31307467;;0
31308534;;0
31309688;raka.prawira;1
31310448;;0
31312884;raka.prawira;1
31312904;hairuddin;1
31313374;;0
31314131;;0
31314829;;0
31315423;;0
31315825;;0
31315830;adib.tamtama;1
31316421;;0
31316627;;0
31317862;;0
31318667;;0
31318972;;0
31321765;;0
31322850;hairuddin;1
31323300;;0
31323821;;0
31323841;;0
31323896;;0
31323981;;0
31324574;;0
31326667;raka.prawira;1
31327054;adib.tamtama;1
31331015;raka.prawira;1
31331094;;0
31331146;;0
31331237;;0
31331790;;0
31332700;;0
31333109;;0
31333121;;0
31333137;;0
31333243;;0
31333335;;0
31333437;;0
31333674;;0
31333805;hairuddin;1
31334298;;0
31341850;adib.tamtama;1
31342168;;0
31342921;adib.tamtama;1
31343007;adib.tamtama;1
31343072;adib.tamtama;1
31343202;;0
31343299;;0
31343807;adib.tamtama;1
31344179;;0
31344193;;0
31345394;adib.tamtama;1
31346042;;0
31352176;;0
31352399;adib.tamtama;1
31352578;;0
31354811;;0
31356238;;0
31356603;;0
31356655;;0
31356904;;0
31357421;;0
31362460;;0
31362740;adib.tamtama;1
31363713;adib.tamtama;1
31364251;adib.tamtama;1
31364751;adib.tamtama;1
31366412;adib.tamtama;1
31367486;raka.prawira;1
31370532;raka.prawira;1
31371605;hairuddin;1
31371897;hairuddin;1
31371919;;0
31371976;adib.tamtama;1
31372003;adib.tamtama;1
31372044;hairuddin;1
31372260;adib.tamtama;1
31372508;;0
31372773;;0
31373209;hairuddin;1
31374315;raka.prawira;1
31375792;adib.tamtama;1
31375867;adib.tamtama;1
31378641;;0
31378665;;0
31380200;adib.tamtama;1
31380963;;0
31381742;adib.tamtama;1
31381748;;0
31383380;;0
31384361;;0
31385545;;0
31385623;;0
31386125;adib.tamtama;1
31387867;;0
31387900;;0
31387929;;0
31389501;;0
31389935;;0
31390640;;0
31390673;;0
31390815;;0
31391530;adib.tamtama;1
31391594;;0
31392823;raka.prawira;1
31393530;raka.prawira;1
31393533;raka.prawira;1
31393683;;0
31394086;raka.prawira;1
31396727;;0
31399868;;0
31403282;;0
31403468;;0
31409254;adib.tamtama;1
31409327;raka.prawira;1
31409768;;0
31411121;;0
31411904;adib.tamtama;1
31411927;adib.tamtama;1
31412077;;0
31413233;adib.tamtama;1
31413234;adib.tamtama;1
31413235;;0
31413238;;0
31413241;;0
31413244;adib.tamtama;1
31413326;raka.prawira;1
31414059;adib.tamtama;1
31414060;;0
31414061;;0
31414062;adib.tamtama;1
31414063;adib.tamtama;1
31414065;;0
31414097;adib.tamtama;1
31414899;hairuddin;1
31415099;raka.prawira;1
31415635;raka.prawira;1
31418178;adib.tamtama;1
31418582;;0
31421589;;0
31422486;;0
31422818;;0
31423255;;0
31424230;adib.tamtama;1
31424251;adib.tamtama;1
31424795;;0
31424809;adib.tamtama;1
31424811;adib.tamtama;1
31424812;adib.tamtama;1
31424818;;0
31425681;;0
31425682;adib.tamtama;1
31425684;adib.tamtama;1
31425685;hairuddin;1
31425688;adib.tamtama;1
31425689;adib.tamtama;1
31426696;adib.tamtama;1
31426721;raka.prawira;1
31426862;;0
31427002;hairuddin;1
31428113;raka.prawira;1
31429454;;0
31431889;;0
31431908;;0
31432438;;0
31432483;hairuddin;1
31432959;;0
31433059;adib.tamtama;1
31434383;;0
31434485;hairuddin;1
31434685;hairuddin;1
31434720;adib.tamtama;1
31434850;;0
31437182;;0
31438090;;0
31438109;raka.prawira;1
31438321;;0
31438968;;0
31440109;;0
31440397;raka.prawira;1
31440683;adib.tamtama;1
31443311;adib.tamtama;1
31444273;raka.prawira;1
31444795;raka.prawira;1
31445639;;0
31446389;adib.tamtama;1
31447315;;0
31449005;;0
31449026;;0
31449082;;0
31449347;;0
31450740;;0
31450817;raka.prawira;1
31451197;raka.prawira;1
31451875;;0
31452426;raka.prawira;1
31452450;hairuddin;1
31452585;;0
31454406;raka.prawira;1
31456320;raka.prawira;1
31456366;adib.tamtama;1
31457588;;0
31460739;;0
31461120;;0
31461406;;0
31461467;;0
31461839;adib.tamtama;1
31461874;adib.tamtama;1
31462370;;0
31462732;;0
31462978;adib.tamtama;1
31463062;;0
31463138;;0
31465198;;0
31465518;adib.tamtama;1
31466023;;0
31468856;;0
31469346;;0
31469479;;0
31469740;;0
31469753;;0
31470178;;0
31470188;;0
31470210;;0
31470335;;0
31470722;;0
31470992;;0
31471000;;0
31471025;;0
31471149;;0
31471314;adib.tamtama;1
31474634;;0
31475328;adib.tamtama;1
31478313;adib.tamtama;1
31478373;;0
31478507;;0
31478519;;0
31478630;;0
31478654;;0
31478741;;0
31479665;;0
31479897;adib.tamtama;1
31481341;hairuddin;1
31481445;;0
31482179;;0
31482690;;0
31482850;;0
31482882;;0
31482924;adib.tamtama;1
31483248;raka.prawira;1
31483669;;0
31484331;;0
31484679;;0
31484701;raka.prawira;1
31484972;;0
31485245;;0
31486213;adib.tamtama;1
31486310;;0
31486612;;0
31486638;;0
31486654;;0
31486731;;0
31486897;;0
31486950;;0
31488757;;0
31488939;;0
31491164;;0
31491344;;0
31491376;;0
31491583;;0
31491599;;0
31493941;;0
31497336;;0
31497408;;0
31499044;;0
31499052;;0
31499342;adib.tamtama;1
31499370;;0
31499611;adib.tamtama;1
31499835;;0
31500010;;0
31500358;;0
31500551;;0
31500600;;0
31500996;;0
31504358;;0
31505956;raka.prawira;1
31506165;;0
31506681;raka.prawira;1
31508210;adib.tamtama;1
31509139;raka.prawira;1
31509212;;0
31509998;;0
31511430;adib.tamtama;1
31511579;;0
31513272;;0
31513447;;0
31513619;;0
31513647;;0
31514543;;0
31514913;adib.tamtama;1
31515229;;0
31515343;;0
31515372;raka.prawira;1
31515934;adib.tamtama;1
31515964;raka.prawira;1
31516476;;0
31517206;;0
31517369;;0
31517392;raka.prawira;1
31518406;raka.prawira;1
31518992;;0
31519009;raka.prawira;1
31519040;;0
31519484;;0
31519900;raka.prawira;1
31520019;;0
31520847;adib.tamtama;1
31521257;;0
31522594;adib.tamtama;1
31522595;;0
31522606;adib.tamtama;1
31522926;;0
31523031;hairuddin;1
31525181;;0
31525251;;0
31526381;adib.tamtama;1
31526459;;0
31526511;;0
31526550;;0
31527337;;0
31527640;;0
31527692;;0
31527884;;0
31528513;raka.prawira;1
31529172;;0
31531440;;0
31532379;;0
31533354;;0
31533569;;0
31533953;raka.prawira;1
31535240;hairuddin;1
31537211;;0
31537226;;0
31537242;;0
31537246;;0
31537262;;0
31537309;;0
31537505;;0
31538218;;0
31538438;;0
31538440;;0
31538503;adib.tamtama;1
31538579;;0
31538633;;0
31539547;;0
31539550;;0
31539554;;0
31539555;adib.tamtama;1
31539577;;0
31539586;;0
31539598;;0
31539627;;0
31539629;;0
31539653;;0
31539740;adib.tamtama;1
31539901;;0
31540217;;0
31540816;;0
31540879;;0
31541029;;0
31541635;;0
31542003;;0
31542473;raka.prawira;1
31542540;raka.prawira;1
31543081;;0
31543538;raka.prawira;1
31544871;;0
31545406;adib.tamtama;1
31545700;;0
31546080;adib.tamtama;1
31546169;;0
31546685;raka.prawira;1
31547237;;0
31547668;;0
31548080;;0
31548095;;0
31548723;;0
31549192;adib.tamtama;1
31550166;;0
31550571;raka.prawira;1
31550639;;0
31551373;;0
31551390;;0
31551492;adib.tamtama;1
31553486;raka.prawira;1
31554161;adib.tamtama;1
31554639;;0
31557384;;0
31557504;;0
31557578;;0
31557611;;0
31558226;;0
31558568;;0
31558613;raka.prawira;1
31559410;raka.prawira;1
31560817;hairuddin;1
31561071;;0
31561101;adib.tamtama;1
31561107;;0
31561126;adib.tamtama;1
31561147;adib.tamtama;1
31561231;adib.tamtama;1
31561712;adib.tamtama;1
31562951;raka.prawira;1
31563035;;0
31563082;;0
31563781;;0
31563956;;0
31564500;;0
31564948;;0
31566828;raka.prawira;1
31566870;adib.tamtama;1
31567190;;0
31567201;;0
31568846;hairuddin;1
31569255;adib.tamtama;1
31569278;adib.tamtama;1
31569347;adib.tamtama;1
31569388;adib.tamtama;1
31569393;adib.tamtama;1
31569402;adib.tamtama;1
31569417;adib.tamtama;1
31569666;adib.tamtama;1
31569675;;0
31570189;hairuddin;1
31570726;adib.tamtama;1
31571152;adib.tamtama;1
31572739;;0
31575748;;0
31575947;;0
31576037;;0
31576189;;0
31577816;;0
31579161;adib.tamtama;1
31579242;;0
31580390;;0
31580664;raka.prawira;1
31582339;;0
31583496;;0
31583933;;0
31584273;raka.prawira;1
31584285;;0
31584290;;0
31585641;;0
31586005;adib.tamtama;1
31586031;;0
31588184;raka.prawira;1
31590011;adib.tamtama;1
31590714;hairuddin;1
31592678;raka.prawira;1
31593962;;0
31594896;;0
31594905;;0
31594917;;0
31594923;;0
31595347;raka.prawira;1
31596604;;0
31597116;;0
31598989;adib.tamtama;1
31599530;;0
31603535;;0
31605169;adib.tamtama;1
31606798;;0
31607111;;0
31607177;raka.prawira;1
31610795;adib.tamtama;1
31611128;;0
31611236;;0
31611276;;0
31611591;;0
31612860;adib.tamtama;1
31612896;adib.tamtama;1
31613005;;0
31613276;adib.tamtama;1
31613369;adib.tamtama;1
31615112;;0
31615923;adib.tamtama;1
31618096;;0
31618303;;0
31620659;;0
31623988;;0
31624102;adib.tamtama;1
31624750;adib.tamtama;1
31625860;;0
31626063;;0
31626399;;0
31628258;;0
31631771;;0
31631881;;0
31632029;adib.tamtama;1
31632113;raka.prawira;1
31632216;adib.tamtama;1
31632222;adib.tamtama;1
31632828;;0
31634676;;0
31634965;;0
31635464;;0
31635738;;0
31636392;;0
31636728;;0
31636840;;0
31637576;raka.prawira;1
31639918;;0
31641452;adib.tamtama;1
31644931;;0
31648606;adib.tamtama;1
31656729;;0
31657820;;0
31664207;;0
31665304;;0
31670478;;0
31671894;raka.prawira;1
31672455;raka.prawira;1
31677350;adib.tamtama;1
31681856;;0
31681858;raka.prawira;1
31681977;adib.tamtama;1
31683109;;0
31683467;hairuddin;1
31683635;;0
31684419;;0
31684673;;0
31684684;;0
31684705;;0
31688066;adib.tamtama;1
31694574;raka.prawira;1
31697449;;0
31697588;raka.prawira;1
31701721;;0
31701826;;0
31701961;;0
31702464;;0
31702521;adib.tamtama;1
31703259;adib.tamtama;1
31703445;;0
31705397;;0
31706590;;0
31707842;;0
31711458;;0
31711817;;0
31711830;;0
31711864;;0
31711950;;0
31711981;;0
31711982;raka.prawira;1
31712079;;0
31715827;hairuddin;1
31716610;;0
31718677;adib.tamtama;1
31719181;;0
31721253;raka.prawira;1
31721779;;0
31721858;;0
31722594;;0
31722769;;0
31722819;;0
31723359;;0
31723371;;0
31723431;;0
31723438;;0
31723439;;0
31723594;;0
31724584;;0
31730310;adib.tamtama;1
31730572;adib.tamtama;1
31730609;adib.tamtama;1
31730623;adib.tamtama;1
31730658;;0
31730960;raka.prawira;1
31731056;adib.tamtama;1
31731246;;0
31731258;;0
31731395;;0
31731452;;0
31731555;adib.tamtama;1
31731590;hairuddin;1
31732159;;0
31732171;hairuddin;1
31732912;adib.tamtama;1
31737913;;0
31739104;;0
31740081;adib.tamtama;1
31740195;adib.tamtama;1
31740258;adib.tamtama;1
31740652;adib.tamtama;1
31741096;adib.tamtama;1
31741788;;0
31741852;raka.prawira;1
31741855;adib.tamtama;1
31742060;;0
31742068;;0
31742142;adib.tamtama;1
31742337;;0
31742577;;0
31744625;adib.tamtama;1
31744651;;0
31745050;raka.prawira;1
31746275;;0
31746469;;0
31746576;;0
31746754;;0
31746790;raka.prawira;1
31746830;raka.prawira;1
31748056;;0
31749319;adib.tamtama;1
31749520;;0
31749797;adib.tamtama;1
31750165;;0
31750770;;0
31750894;;0
31750958;raka.prawira;1
31751337;;0
31751526;;0
31752007;;0
31752334;raka.prawira;1
31752605;;0
31752612;;0
31752633;adib.tamtama;1
31753714;;0
31754184;;0
31757397;;0
31758448;;0
31758915;adib.tamtama;1
31759326;raka.prawira;1
31760604;;0
31761259;;0
31761286;;0
31761545;raka.prawira;1
31765722;;0
31765744;;0
31765749;;0
31765753;raka.prawira;1
31766071;;0
31766127;;0
31767837;;0
31767867;;0
31768766;;0
31769469;;0
31769543;;0
31769905;;0
31770111;;0
31770171;adib.tamtama;1
31771619;;0
31774141;;0
31774453;;0
31774669;;0
31774906;;0
31774945;;0
31775292;;0
31775772;raka.prawira;1
31776091;;0
31776767;;0
31776868;;0
31777205;adib.tamtama;1
31777293;;0
31777439;;0
31777745;;0
31777995;;0
31778258;;0
31778361;;0
31778587;raka.prawira;1
31778923;;0
31779519;adib.tamtama;1
31779577;;0
31779607;;0
31779690;adib.tamtama;1
31780070;adib.tamtama;1
31781107;;0
31784233;;0
31785102;;0
31785509;;0
31786368;adib.tamtama;1
31787958;;0
31788061;;0
31788737;hairuddin;1
31790777;;0
31791078;raka.prawira;1
31791654;raka.prawira;1
31791674;;0
31793427;;0
31793448;;0
31794563;;0
31795175;;0
31796518;;0
31796869;;0
31797011;;0
31797586;;0
31797736;;0
31799002;adib.tamtama;1
31799393;;0
31799484;;0
31799859;;0
31800149;;0
31800601;;0
31800981;;0
31801708;;0
31801864;adib.tamtama;1
31801936;;0
31802123;;0
31802858;adib.tamtama;1
31803177;;0
31804538;;0
31805163;;0
31805351;;0
31807006;;0
31807668;;0
31811684;;0
31811955;;0
31812731;adib.tamtama;1
31813869;;0
31814448;;0
31814705;;0
31814786;;0
31815087;;0
31815439;;0
31815987;;0
31816499;;0
31816541;;0
31817119;;0
31821758;raka.prawira;1
31821779;;0
31823051;;0
31824178;;0
31826415;;0
31826656;raka.prawira;1
31827114;;0
31827521;raka.prawira;1
31827975;;0
31829458;;0
31836008;hairuddin;1
31837417;;0
31842145;adib.tamtama;1
31842651;;0
31843609;raka.prawira;1
31844702;;0
31846747;adib.tamtama;1
31846793;;0
31848525;;0
31849067;;0
31849150;raka.prawira;1
31849627;adib.tamtama;1
31849889;;0
31850462;adib.tamtama;1
31850485;;0
31851563;adib.tamtama;1
31851869;adib.tamtama;1
31852186;;0
31852307;;0
31852353;;0
31852608;;0
31853095;;0
31856173;;0
31857495;adib.tamtama;1
31857871;adib.tamtama;1
31858218;;0
31858881;raka.prawira;1
31860186;adib.tamtama;1
31861051;adib.tamtama;1
31861951;;0
31862052;;0
31862620;;0
31864686;hairuddin;1
31865460;;0
31866135;raka.prawira;1
31866194;raka.prawira;1
31866616;;0
31867347;;0
31867356;adib.tamtama;1
31867905;;0
31868994;adib.tamtama;1
31869106;;0
31871028;adib.tamtama;1
31871669;adib.tamtama;1
31871858;;0
31871859;;0
31871917;adib.tamtama;1
31875135;raka.prawira;1
31875870;;0
31875994;;0
31876432;;0
31876627;;0
31877166;;0
31877279;;0
31878660;adib.tamtama;1
31880139;raka.prawira;1
31880618;;0
31880664;;0
31880666;;0
31880846;;0
31881340;;0
31885397;adib.tamtama;1
31885544;hairuddin;1
31886066;;0
31889405;;0
31889478;;0
31889490;;0
31889502;;0
31889664;;0
31889751;;0
31889908;;0
31891192;;0
31892834;;0
31892835;;0
31894002;;0
31894018;;0
31894103;raka.prawira;1
31894190;;0
31894239;;0
31894329;;0
31894505;adib.tamtama;1
31897407;;0
31898225;raka.prawira;1
31899686;;0
31900229;;0
31901672;;0
31902885;;0
31902919;adib.tamtama;1
31903003;;0
31903317;;0
31904532;adib.tamtama;1
31905810;hairuddin;1
31907613;;0
31907786;;0
31907876;;0
31909084;;0
31909100;;0
31909143;adib.tamtama;1
31915262;;0
31915473;;0
31915475;raka.prawira;1
31915486;raka.prawira;1
31915516;raka.prawira;1
31915517;;0
31915529;;0
31915773;;0
31915995;raka.prawira;1
31916050;;0
31916121;raka.prawira;1
31916147;;0
31916251;;0
31916301;raka.prawira;1
31916308;;0
31916310;;0
31916320;;0
31917317;;0
31917442;;0
31917574;adib.tamtama;1
31917670;;0
31921882;;0
31926427;raka.prawira;1
31932378;;0
31932735;;0
31934588;;0
31948897;;0
31959228;adib.tamtama;1
31959332;;0
31959946;;0
31960165;raka.prawira;1
31960546;;0
31960990;;0
31961031;;0
31966465;;0
31966663;;0
31966686;;0
31966696;raka.prawira;1
31967190;raka.prawira;1
31968598;;0
31975384;;0
31975779;;0
31975855;;0
31975910;;0
31976127;;0
31976642;;0
31976915;;0
31976980;;0
31977537;;0
31977589;;0
31978288;;0
31982793;;0
31985771;;0
31993953;adib.tamtama;1
31993962;;0
31993980;;0
31993995;;0
31994286;;0
31994347;;0
31994753;;0
32004249;;0
32004578;;0
32005232;;0
32009728;;0
32010580;adib.tamtama;1
32012341;;0
32012408;raka.prawira;1
32012718;;0
32012891;;0
32016714;hairuddin;1
32027736;;0
32030444;;0
32030826;;0
32030910;raka.prawira;1
32031667;;0
32031711;;0
32033746;adib.tamtama;1
32039000;;0
32040008;;0
32040337;adib.tamtama;1
32040530;;0
32041632;;0
32042131;;0
32045838;;0
32045893;;0
32045901;;0
32046292;raka.prawira;1
32046463;;0
32047138;;0
32047346;;0
32047494;;0
32048192;;0
32048525;;0
32048799;;0
32049913;;0
32051052;;0
32051054;;0
32051330;;0
32051430;;0
32051506;;0
32051567;;0
32051652;;0
32053568;adib.tamtama;1
32054777;;0
32056191;adib.tamtama;1
32056406;raka.prawira;1
32056871;;0
32056977;;0
32057473;raka.prawira;1
32058631;;0
32059101;;0
32059798;;0
32059890;;0
32059911;;0
32060171;;0
32060292;adib.tamtama;1
32060371;;0
32060422;;0
32060801;;0
32061050;adib.tamtama;1
32061355;;0
32063246;;0
32066339;;0
32067394;adib.tamtama;1
32067733;;0
32067782;;0
32067931;;0
32069777;;0
32069950;;0
32070024;;0
32070231;;0
32070376;;0
32070794;hairuddin;1
32070927;hairuddin;1
32070998;adib.tamtama;1
32071319;;0
32071414;;0
32071971;;0
32073070;raka.prawira;1
32076061;;0
32076131;;0
32076478;;0
32076605;;0
32076669;;0
32076698;;0
32078200;adib.tamtama;1
32078797;adib.tamtama;1
32078910;;0
32079229;raka.prawira;1
32079344;;0
32079569;adib.tamtama;1
32079581;adib.tamtama;1
32079655;;0
32080527;;0
32080784;adib.tamtama;1
32081404;raka.prawira;1
32085816;;0
32086208;;0
32086475;;0
32086870;;0
32087327;;0
32088062;;0
32088150;;0
32088547;;0
32088629;adib.tamtama;1
32088699;adib.tamtama;1
32089261;;0
32089632;;0
32090014;;0
32094549;;0
32094558;;0
32094717;;0
32094749;;0
32100052;;0
32101034;;0
32101110;;0
32101132;;0
32101148;;0
32101175;;0
32101188;;0
32101191;;0
32101197;;0
32101199;;0
32101205;;0
32101264;;0
32101315;;0
32101319;;0
32101324;;0
32101347;;0
32101355;;0
32101366;;0
32101402;raka.prawira;1
32101458;raka.prawira;1
32103352;adib.tamtama;1
32105870;;0
32106836;;0
32107925;;0
32107934;;0
32108247;adib.tamtama;1
32108567;;0
32108873;;0
32109065;;0
32110004;;0
32111274;;0
32112717;adib.tamtama;1
32112771;adib.tamtama;1
32113329;;0
32114191;;0
32115181;adib.tamtama;1
32115616;raka.prawira;1
32116030;;0
32116145;adib.tamtama;1
32116192;;0
32116202;;0
32116218;;0
32116220;;0
32116229;;0
32116233;;0
32116248;;0
32116250;;0
32116289;;0
32116295;;0
32116315;raka.prawira;1
32116320;;0
32116337;;0
32116350;;0
32116367;;0
32116380;;0
32116408;raka.prawira;1
32116418;;0
32116470;;0
32116862;;0
32116964;;0
32116989;;0
32116997;;0
32117005;;0
32117010;;0
32117017;;0
32117028;;0
32117038;;0
32117039;;0
32117060;;0
32117077;;0
32117097;;0
32117101;;0
32117177;;0
32117180;raka.prawira;1
32117242;;0
32117289;;0
32117774;;0
32117899;raka.prawira;1
32118204;;0
32118433;;0
32122652;;0
32123110;;0
32124219;;0
32124602;;0
32125337;;0
32125620;;0
32125621;;0
32125626;;0
32125655;;0
32125671;;0
32125698;;0
32125717;;0
32125888;;0
32126005;;0
32126052;raka.prawira;1
32126130;;0
32126597;;0
32126709;adib.tamtama;1
32132025;;0
32133096;;0
32133130;;0
32134706;adib.tamtama;1
32135792;raka.prawira;1
32138258;;0
32138757;;0
32144375;;0
32145866;;0
32146474;;0
32146475;;0
32146837;adib.tamtama;1
32147532;raka.prawira;1
32147807;adib.tamtama;1
32148030;;0
32149522;adib.tamtama;1
32150289;adib.tamtama;1
32151853;;0
32154659;;0
32154665;;0
32154670;;0
32154693;;0
32154702;raka.prawira;1
32154750;;0
32154753;;0
32154773;raka.prawira;1
32154789;;0
32154792;;0
32157824;adib.tamtama;1
32158832;adib.tamtama;1
32160860;;0
32160871;;0
32161352;;0
32161719;adib.tamtama;1
32162585;;0
32166276;adib.tamtama;1
32167131;raka.prawira;1
32168905;;0
32168970;;0
32170295;;0
32170439;raka.prawira;1
32170538;raka.prawira;1
32170613;adib.tamtama;1
32170782;;0
32171336;raka.prawira;1
32171460;;0
32172398;;0
32174924;;0
32176455;adib.tamtama;1
32176739;;0
32176945;;0
32177344;adib.tamtama;1
32178113;;0
32178159;adib.tamtama;1
32178184;;0
32179506;;0
32179810;;0
32180212;raka.prawira;1
32180702;adib.tamtama;1
32180778;;0
32180990;raka.prawira;1
32181467;;0
32185612;;0
32186407;;0
32186451;;0
32187020;;0
32187704;;0
32188470;adib.tamtama;1
32189618;adib.tamtama;1
32189712;;0
32191050;;0
32192311;;0
32196187;;0
32196229;;0
32196723;;0
32197291;;0
32197469;hairuddin;1
32198020;;0
32199728;;0
32200869;;0
32201101;;0
32201167;;0
32201354;;0
32201368;raka.prawira;1
32201447;;0
32201497;;0
32201522;raka.prawira;1
32201555;;0
32203177;;0
32204532;adib.tamtama;1
32204770;hairuddin;1
32204784;adib.tamtama;1
32205004;adib.tamtama;1
32205825;;0
32206246;;0
32207068;adib.tamtama;1
32207491;hairuddin;1
32207608;;0
32207693;;0
32207879;;0
32208815;adib.tamtama;1
32209067;;0
32209459;;0
32209738;adib.tamtama;1
32209754;;0
32211136;raka.prawira;1
32211663;;0
32211689;;0
32213059;;0
32214006;;0
32214363;;0
32214618;hairuddin;1
32214843;adib.tamtama;1
32217117;adib.tamtama;1
32217464;;0
32217914;;0
32218243;;0
32222154;;0
32223120;;0
32225189;;0
32226461;;0
32226814;;0
32226815;;0
32227267;;0
32227824;adib.tamtama;1
32230694;;0
32232965;raka.prawira;1
32239733;;0
32239828;;0
32239938;;0
32240313;;0
32240665;;0
32240966;raka.prawira;1
32241099;hairuddin;1
32241543;raka.prawira;1
32243740;;0
32244222;;0
32244515;;0
32244755;;0
32248690;adib.tamtama;1
32251028;;0
32252387;;0
32252414;;0
32252672;;0
32256602;;0
32256628;;0
32257052;;0
32257139;;0
32257168;;0
32257237;;0
32257834;;0
32259462;adib.tamtama;1
32259518;;0
32259664;raka.prawira;1
32260841;;0
32261685;;0
32262245;hairuddin;1
32262321;;0
32262356;;0
32262691;;0
32262720;adib.tamtama;1
32262724;;0
32262782;raka.prawira;1
32262788;raka.prawira;1
32263151;adib.tamtama;1
32263503;;0
32264745;;0
32265617;;0
32265903;;0
32267943;adib.tamtama;1
32268016;;0
32268025;;0
32268427;;0
32269246;;0
32269346;;0
32269371;;0
32272040;raka.prawira;1
32272221;;0
32272445;;0
32272665;;0
32273019;;0
32273892;raka.prawira;1
32274208;;0
32274274;;0
32274399;;0
32274462;;0
32274496;;0
32275430;;0
32276872;;0
32276890;adib.tamtama;1
32277233;adib.tamtama;1
32277275;;0
32277324;;0
32277354;;0
32280483;;0
32280613;adib.tamtama;1
32282700;;0
32283293;;0
32284282;;0
32285492;;0
32285565;;0
32285874;;0
32285917;adib.tamtama;1
32288199;adib.tamtama;1
32288212;adib.tamtama;1
32292156;;0
32292157;;0
32293023;;0
32293638;;0
32294120;raka.prawira;1
32295113;raka.prawira;1
32302663;;0
32302747;raka.prawira;1
32302850;raka.prawira;1
32304282;raka.prawira;1
32321438;;0
32322093;;0
32322128;adib.tamtama;1
32322658;;0
32323022;adib.tamtama;1
32323666;adib.tamtama;1
32324363;;0
32324427;;0
32330102;;0
32331189;;0
32332601;;0
32333020;;0
32337603;;0
32339936;;0
32340123;;0
32340197;;0
32340229;;0
32340251;hairuddin;1
32340273;hairuddin;1
32340285;;0
32340659;adib.tamtama;1
32340665;hairuddin;1
32340830;raka.prawira;1
32340892;adib.tamtama;1
32340909;;0
32341939;;0
32343681;;0
32346219;adib.tamtama;1
32346503;;0
32346536;;0
32347246;;0
32347815;;0
32348021;;0
32348774;;0
32349674;;0
32349714;raka.prawira;1
32350182;;0
32350395;;0
32351257;;0
32351324;;0
32353123;;0
32354358;;0
32356486;;0
32357031;raka.prawira;1
32357150;hairuddin;1
32357977;raka.prawira;1
32358712;;0
32359243;adib.tamtama;1
32359360;;0
32359535;adib.tamtama;1
32360248;;0
32360600;;0
32361458;;0
32361500;;0
32361562;raka.prawira;1
32363096;;0
32363461;;0
32363625;;0
32363825;;0
32364943;;0
32364953;adib.tamtama;1
32364954;;0
32364962;;0
32364980;;0
32365030;adib.tamtama;1
32365039;adib.tamtama;1
32365057;;0
32365177;;0
32365390;;0
32368194;raka.prawira;1
32368231;;0
32368239;;0
32368446;;0
32368556;hairuddin;1
32368595;;0
32368611;adib.tamtama;1
32369408;raka.prawira;1
32369802;;0
32369822;raka.prawira;1
32370382;;0
32370673;;0
32370769;;0
32371402;;0
32374187;raka.prawira;1
32374476;;0
32374679;;0
32374683;;0
32374966;adib.tamtama;1
32375293;;0
32375635;raka.prawira;1
32376091;;0
32376435;;0
32376594;;0
32376753;;0
32376836;;0
32377129;;0
32378477;adib.tamtama;1
32378787;;0
32379073;;0
32379564;;0
32379884;;0
32380237;;0
32380447;;0
32381592;hairuddin;1
32381603;raka.prawira;1
32381681;;0
32383226;hairuddin;1
32384397;adib.tamtama;1
32384538;raka.prawira;1
32385507;adib.tamtama;1
32386025;;0
32387254;;0
32387278;;0
32387599;;0
32387804;;0
32388457;;0
32389191;;0
32390399;raka.prawira;1
32390863;;0
32390906;raka.prawira;1
32392720;;0
32393387;;0
32393482;;0
32393547;;0
32393594;;0
32393639;;0
32393730;;0
32394187;;0
32394611;;0
32395190;;0
32395255;;0
32396318;adib.tamtama;1
32396441;;0
32397521;hairuddin;1
32397566;adib.tamtama;1
32397637;;0
32397642;;0
32397675;raka.prawira;1
32397756;;0
32397824;raka.prawira;1
32398263;;0
32399236;adib.tamtama;1
32399256;;0
32399914;raka.prawira;1
32402605;;0
32403000;adib.tamtama;1
32403610;;0
32404034;;0
32404357;raka.prawira;1
32404659;;0
32404683;;0
32405084;raka.prawira;1
32405158;;0
32405521;;0
32405546;;0
32406762;raka.prawira;1
32406853;;0
32408260;;0
32408272;;0
32408527;;0
32408847;;0
32408874;adib.tamtama;1
32409018;;0
32409021;;0
32410201;adib.tamtama;1
32410410;adib.tamtama;1
32413189;;0
32414352;adib.tamtama;1
32414582;;0
32414759;;0
32415452;adib.tamtama;1
32416719;adib.tamtama;1
32417202;;0
32417725;raka.prawira;1
32418325;;0
32420417;;0
32420426;raka.prawira;1
32420454;;0
32420500;;0
32420519;;0
32420522;adib.tamtama;1
32420543;raka.prawira;1
32420548;;0
32420737;adib.tamtama;1
32420780;raka.prawira;1
32421076;;0
32421423;adib.tamtama;1
32423969;adib.tamtama;1
32424751;;0
32426724;;0
32427706;adib.tamtama;1
32428206;;0
32428711;;0
32429214;adib.tamtama;1
32429232;;0
32429340;;0
32429367;adib.tamtama;1
32430713;adib.tamtama;1
32431114;raka.prawira;1
32431222;adib.tamtama;1
32432342;adib.tamtama;1
32433813;;0
32434432;;0
32434717;raka.prawira;1
32434750;;0
32434998;adib.tamtama;1
32435894;;0
32438785;;0
32438945;adib.tamtama;1
32440503;;0
32440943;;0
32445051;adib.tamtama;1
32445663;;0
32445672;raka.prawira;1
32445684;;0
32446767;;0
32446783;;0
32448154;;0
32448861;adib.tamtama;1
32451731;;0
32452393;;0
32452535;;0
32453435;;0
32454109;adib.tamtama;1
32454452;adib.tamtama;1
32454668;;0
32454877;;0
32455973;raka.prawira;1
32456632;adib.tamtama;1
32460825;raka.prawira;1
32462939;;0
32462979;;0
32463225;;0
32463229;;0
32463516;;0
32466231;adib.tamtama;1
32466528;;0
32467124;;0
32467144;adib.tamtama;1
32467171;;0
32467198;adib.tamtama;1
32472316;;0
32473770;adib.tamtama;1
32474640;adib.tamtama;1
32474677;raka.prawira;1
32474701;;0
32474726;;0
32474787;;0
32474843;;0
32475061;;0
32475152;raka.prawira;1
32475161;;0
32475209;raka.prawira;1
32475235;;0
32475318;raka.prawira;1
32475362;adib.tamtama;1
32475370;adib.tamtama;1
32475775;;0
32479391;;0
32485502;adib.tamtama;1
32497575;;0
32498614;;0
32498684;;0
32500854;;0
32502205;;0
32502376;raka.prawira;1
32502388;raka.prawira;1
32502395;raka.prawira;1
32502600;adib.tamtama;1
32502620;;0
32506902;;0
32506907;;0
32509520;adib.tamtama;1
32513749;;0
32517503;adib.tamtama;1
32517522;;0
32518639;;0
32518891;;0
32519373;;0
32519422;adib.tamtama;1
32519459;;0
32519527;;0
32519540;;0
32519816;;0
32519909;;0
32519961;;0
32519995;;0
32520379;;0
32520557;;0
32520562;;0
32520584;;0
32520599;;0
32520606;;0
32520634;;0
32520656;;0
32521121;;0
32521157;;0
32521190;;0
32521257;;0
32521426;;0
32521506;;0
32521607;;0
32521673;;0
32521677;;0
32521703;;0
32521708;;0
32527641;;0
32527647;;0
32527676;;0
32528070;;0
32528088;;0
32528156;;0
32528494;;0
32528497;;0
32528592;;0
32528731;;0
32528751;;0
32528790;;0
32528793;;0
32528799;;0
32529151;;0
32529153;;0
32529392;;0
32529432;;0
32529823;;0
32531556;;0
32531916;;0
32532331;adib.tamtama;1
32536193;raka.prawira;1
32536585;;0
32536689;;0
32537530;adib.tamtama;1
32537589;;0
32537631;;0
32538238;;0
32538620;;0
32538708;adib.tamtama;1
32539319;;0
32539329;;0
32539673;adib.tamtama;1
32539717;;0
32539865;;0
32540970;adib.tamtama;1
32541226;;0
32541412;;0
32541445;;0
32541549;;0
32541559;;0
32541582;;0
32544057;raka.prawira;1
32546557;;0
32546750;;0
32546940;;0
32548107;;0
32548252;adib.tamtama;1
32548253;raka.prawira;1
32548271;;0
32548297;;0
32548652;;0
32549880;;0
32549881;raka.prawira;1
32549882;;0
32550070;;0
32550075;;0
32550078;;0
32550082;;0
32550092;;0
32550619;;0
32550788;;0
32551318;;0
32551950;;0
32551952;;0
32552827;;0
32553694;;0
32557350;hairuddin;1
32557582;;0
32558517;;0
32559751;;0
32560473;;0
32560511;;0
32560527;;0
32560640;;0
32561695;;0
32565340;;0
32565343;adib.tamtama;1
32566891;adib.tamtama;1
32567164;;0
32570882;;0
32571116;raka.prawira;1
32571192;;0
32572712;;0
32578879;hairuddin;1
32578951;;0
32579098;;0
32579870;;0
32581529;;0
32588890;raka.prawira;1
32590130;;0
32590289;raka.prawira;1
32590524;;0
32590891;;0
32590953;;0
32591229;;0
32591326;adib.tamtama;1
32591429;;0
32591461;;0
32591467;;0
32591571;;0
32591628;;0
32591688;;0
32591705;raka.prawira;1
32596595;;0
32596989;;0
32598226;;0
32599318;;0
32599551;;0
32600092;adib.tamtama;1
32600218;;0
32600930;adib.tamtama;1
32600996;raka.prawira;1
32601358;adib.tamtama;1
35893866;raka.prawira;1
35895708;;0
35896374;;0
35898890;adib.tamtama;1
35909903;adib.tamtama;1
35910205;;0
35916129;raka.prawira;1
35918188;;0
35921434;raka.prawira;1
35922996;;0
35925679;;0
35928710;;0
35929547;;0
35934354;;0
35934449;;0
35937926;;0
35938835;;0
35939974;;0
35941253;;0
35942688;;0
35944285;;0
35944694;;0
35945274;raka.prawira;1
35946755;;0
35946783;;0
35946971;;0
35947361;;0
35947382;;0
35947393;;0
35949052;raka.prawira;1
35949250;;0
35952063;;0
35953564;;0
35954766;raka.prawira;1
35957710;;0
35960724;;0
35961100;;0
35963965;;0
35964432;;0
35965516;;0
35966094;;0
35967618;;0
35969022;raka.prawira;1
35969023;;0
35969522;;0
35969996;;0
35971631;;0
35973593;;0
35973674;;0
35973906;;0
35974121;;0
35976256;;0
35976585;raka.prawira;1
35976894;raka.prawira;1
35976911;;0
35977013;;0
35977022;;0
35977105;;0
35977462;;0
35978771;;0
35981546;;0
35982850;raka.prawira;1
35982998;;0
35992816;;0
35993734;;0
35996626;;0
35998559;raka.prawira;1
36003848;hairuddin;1
36006010;;0
36006063;hairuddin;1
36006129;;0
36007341;;0
36008590;raka.prawira;1
36010520;;0
36010554;;0
36010726;;0
36012796;;0
36012847;;0
36016128;;0
36017425;;0
36018487;adib.tamtama;1
36020509;raka.prawira;1
36022637;;0
36023252;;0
36024497;;0
36024502;;0
36024504;;0
36024507;;0
36024510;;0
36024520;;0
36025685;;0
36025746;adib.tamtama;1
36025770;;0
36025871;;0
36025906;adib.tamtama;1
36025922;adib.tamtama;1
36026168;raka.prawira;1
36026177;;0
36026241;;0
36027264;;0
36028137;;0
36028154;;0
36030698;raka.prawira;1
36031372;;0
36031394;;0
36033109;raka.prawira;1
36034023;;0
36035866;raka.prawira;1
36036130;;0
36036458;;0
36036727;raka.prawira;1
36037460;;0
36037947;hairuddin;1
36039123;;0
36039183;raka.prawira;1
36039197;raka.prawira;1
36039207;raka.prawira;1
36039215;;0
36039976;;0
36040561;hairuddin;1
36042881;adib.tamtama;1
36043101;;0
36043105;;0
36045340;;0
36046086;;0
36046427;;0
36046449;raka.prawira;1
36047582;;0
36048264;adib.tamtama;1
36048568;raka.prawira;1
36049248;;0
36049934;;0
36050621;;0
36051362;;0
36051770;;0
36051867;;0
36051939;;0
36052152;;0
36052396;;0
36052744;;0
36052872;;0
36053228;adib.tamtama;1
36053253;;0
36054140;;0
36054338;;0
36055177;;0
36056229;;0
36057269;;0
36057422;;0
36057516;;0
36057800;;0
36057886;;0
36058375;;0
36058379;;0
36058996;;0
36059961;adib.tamtama;1
36059991;;0
36060075;adib.tamtama;1
36060080;raka.prawira;1
36060129;;0
36060524;;0
36060559;;0
36060873;;0
36060955;;0
36061731;;0
36061761;;0
42729701;;0
42729750;;0
42729786;;0
42729793;;0
42729817;;0
42729837;;0
42729865;;0
42729866;;0
42729875;raka.prawira;1
42729924;;0
42729940;;0
42729957;;0
42730002;;0
42730004;;0
42730100;;0
42730101;;0
42730107;raka.prawira;1
42730117;;0
42730123;;0
42730125;;0
42730128;;0
42730136;;0
42730225;;0
42730256;;0
42730285;;0
42730317;;0
42730334;;0
42730344;;0
42730389;;0
42730434;raka.prawira;1
42730492;;0
42730565;adib.tamtama;1
42730578;;0
42730593;;0
42730619;;0
42730623;;0
42730632;raka.prawira;1
42730647;;0
42730664;raka.prawira;1
42730681;;0
42730713;;0
42730736;;0
42730758;;0
42730811;raka.prawira;1
42730832;;0
42730839;;0
42730948;;0
42730951;;0
42730954;;0
42730956;;0
42730965;;0
42730993;;0
42731023;;0
42731121;;0
42731122;hairuddin;1
42731129;;0
42731224;;0
42731268;;0
42731276;;0
42731280;;0
42731305;;0
42731306;;0
42731323;;0
42731327;raka.prawira;1
42731356;;0
42731365;;0
42731416;raka.prawira;1
42731418;;0
42731421;;0
42731431;;0
42731436;;0
42731484;;0
42731491;;0
42731494;;0
42731518;raka.prawira;1
42731521;adib.tamtama;1
42731549;;0
42731593;;0
42731623;;0
42731626;;0
42731679;;0
42731723;;0
42731759;;0
42731763;;0
42731768;raka.prawira;1
42731777;;0
42731790;adib.tamtama;1
42731884;;0
42731918;raka.prawira;1
42731959;;0
42731960;;0
42731965;;0
42731978;;0
42732028;;0
42732088;;0
42732097;;0
42732108;;0
42732191;raka.prawira;1
42732192;raka.prawira;1
42732217;;0
42732238;;0
42732263;;0
42732287;;0
42732290;raka.prawira;1
42732380;raka.prawira;1
42732423;;0
42732454;;0
42732468;;0
42732491;;0
42732517;;0
42732522;;0
42732613;;0
42732638;;0
42732639;;0
42732666;;0
42732675;;0
42732739;;0
42732785;;0
42732813;;0
42732837;raka.prawira;1
42732884;;0
42732892;;0
42732913;raka.prawira;1
42732931;;0
42732957;;0
42733013;raka.prawira;1
42733014;raka.prawira;1
42733016;;0
42733035;;0
42733036;;0
42733044;;0
42733113;raka.prawira;1
42733141;;0
42733145;;0
42733158;;0
42733164;;0
42733166;;0
42733260;;0
42733279;;0
42733285;;0
42733315;;0
42733318;;0
42733342;;0
42733375;;0
42733387;;0
42733422;;0
42733476;;0
42733509;;0
42733550;;0
42733555;;0
42733640;;0
42733641;;0
42733646;;0
42733662;;0
42733692;;0
42733714;;0
42733834;;0
42733847;;0
42733912;;0
42733927;;0
42734000;;0
42734008;;0
42734077;raka.prawira;1
42734090;;0
42734113;;0
42734139;;0
42734141;raka.prawira;1
42734145;raka.prawira;1
42734146;;0
42734163;;0
42734168;;0
42734192;;0
42734226;raka.prawira;1
42734254;;0
42734261;;0
42734262;;0
42734270;;0
42734310;;0
42734334;;0
42734361;;0
42734393;adib.tamtama;1
42734445;;0
42734460;;0
42734475;;0
42734496;;0
42734530;;0
42734562;;0
42734646;;0
42734723;;0
42734767;;0
42734818;;0
42734886;;0
42734910;;0
42734937;;0
42734941;;0
42734945;;0
42734970;;0
42735006;;0
42735054;adib.tamtama;1
42735064;;0
42735141;raka.prawira;1
42735178;raka.prawira;1
42735179;;0
42735202;;0
42735213;;0
42735218;;0
42735270;;0
42735312;;0
42735403;;0
42735421;;0
42735448;;0
42735557;;0
42735669;;0
42735679;raka.prawira;1
42735708;raka.prawira;1
42735719;raka.prawira;1
42735753;;0
42735800;raka.prawira;1
42735803;;0
42735865;;0
42735902;;0
42735924;;0
42735931;;0
42735977;;0
42735991;raka.prawira;1
42735994;;0
42736009;raka.prawira;1
42736028;raka.prawira;1
42736099;raka.prawira;1
42736122;;0
42736128;;0
42736170;raka.prawira;1
42736256;;0
42736281;;0
42736337;raka.prawira;1
42736362;;0
42736371;;0
42736393;raka.prawira;1
42736394;;0
42736404;;0
42736406;;0
42736409;;0
42736438;raka.prawira;1
42736462;;0
42736477;;0
42736496;;0
42736522;raka.prawira;1
42736554;;0
42736555;;0
42736672;raka.prawira;1
42736675;;0
42736695;;0
42736715;;0
42736730;;0
42736739;;0
42736755;;0
42736774;;0
42736828;;0
42736859;raka.prawira;1
42736873;;0
42736913;;0
42736929;;0
42736936;;0
42736984;;0
42737034;;0
42737089;;0
42737195;;0
42737202;raka.prawira;1
42737204;;0
42737228;;0
42737238;;0
42737252;;0
42737260;;0
42737321;;0
42737333;;0
42737360;raka.prawira;1
42737390;;0
42737413;;0
42737461;;0
42737466;;0
42737484;;0
42737487;;0
42737529;;0
42737549;;0
42737590;raka.prawira;1
42737595;raka.prawira;1
42737599;;0
42737604;;0
42737671;;0
42737691;;0
42737719;;0
42737756;;0
42737774;;0
42737871;;0
42737906;raka.prawira;1
42737919;;0
42737927;;0
42737933;;0
42737939;;0
42737973;raka.prawira;1
42737982;;0
42737986;;0
42738004;;0
42738008;;0
42738009;;0
42738016;;0
42738094;;0
42738131;;0
42738152;;0
42738190;raka.prawira;1
42738193;raka.prawira;1
42738218;raka.prawira;1
42738227;;0
42738252;;0
42738302;;0
42738316;;0
42738334;;0
42738339;;0
42738372;;0
42738401;;0
42738419;;0
42738476;adib.tamtama;1
42738508;;0
42738512;raka.prawira;1
42738519;;0
42738603;;0
42738637;;0
42738659;;0
42738687;;0
42738712;;0
42738757;;0
42738779;;0
42738806;;0
42738885;;0
42738889;;0
42738946;;0
42738953;;0
42739013;;0
42739017;raka.prawira;1
42739026;;0
42739045;raka.prawira;1
42739062;;0
42739136;;0
42739161;;0
42739163;;0
42739233;;0
42739262;;0
42739325;;0
42739409;;0
42739428;;0
42739464;raka.prawira;1
42739480;;0
42739485;;0
42739494;;0
42739556;;0
42739572;;0
42739642;;0
42739666;;0
42739734;;0
42739735;raka.prawira;1
42739762;;0
42739800;;0
42739822;;0
42739858;;0
42739876;;0
42739963;;0
42739995;raka.prawira;1
42740009;;0
42740036;;0
42740051;;0
42740091;;0
42740096;;0
42740114;;0
42740121;;0
42740180;;0
42740228;;0
42740240;;0
42740265;;0
42740273;;0
42740397;;0
42740452;;0
42740517;;0
42740519;;0
42740577;;0
42740651;;0
42740660;;0
42740680;;0
42740704;;0
42740722;;0
42740735;;0
42740752;;0
42740785;;0
42740827;;0
42740840;;0
42740892;raka.prawira;1
42740918;raka.prawira;1
42740935;;0
42740939;;0
42741083;;0
42741155;;0
42741240;;0
42741302;;0
42741324;raka.prawira;1
42741325;;0
42741341;;0
42741355;raka.prawira;1
42741393;;0
42741395;;0
42741452;;0
42741460;;0
42741517;;0
42741537;;0
42741579;;0
42741669;;0
42741712;;0
42741787;;0
42741806;;0
42741823;;0
42741851;;0
42741903;;0
42741951;;0
42741954;;0
42741990;raka.prawira;1
42742042;;0
42742064;raka.prawira;1
42742076;;0
42742110;raka.prawira;1
42742130;;0
42742189;;0
42742199;adib.tamtama;1
42742254;;0
42742265;;0
42742278;;0
42742290;;0
42742295;;0
42742319;;0
42742481;;0
42742490;;0
42742540;raka.prawira;1
42742581;;0
42742587;;0
42742604;;0
42742608;;0
42742625;raka.prawira;1
42742631;;0
42742637;;0
42742732;;0
42742752;;0
42742771;raka.prawira;1
42742852;;0
42742864;raka.prawira;1
42742882;;0
42742944;;0
42742958;;0
42742980;;0
42743049;;0
42743070;raka.prawira;1
42743074;;0
42743099;;0
42743110;raka.prawira;1
42743144;;0
42743171;;0
42743175;;0
42743187;;0
42743210;;0
42743256;;0
42743316;;0
42743359;;0
42743366;;0
42743378;raka.prawira;1
42743387;;0
42743439;;0
42743514;raka.prawira;1
42743566;raka.prawira;1
42743587;;0
42743639;;0
42743665;;0
42743682;;0
42743687;raka.prawira;1
42743738;;0
42743755;;0
42743765;;0
42743807;;0
42743821;;0
42743851;;0
42743867;;0
42743878;;0
42743880;;0
42743890;;0
42743894;raka.prawira;1
42743899;;0
42744029;;0
42744095;;0
42744096;;0
42744110;;0
42744116;;0
42744122;;0
42744171;;0
42744176;;0
42744225;;0
42744282;;0
42744320;raka.prawira;1
42744386;;0
42744396;;0
42744414;;0
42744447;;0
42744480;;0
42744517;;0
42744524;;0
42744556;;0
42744643;;0
42744711;raka.prawira;1
42744743;;0
42744775;raka.prawira;1
42744880;;0
42744921;raka.prawira;1
42744936;;0
42744937;;0
42744962;;0
42744969;raka.prawira;1
42745094;;0
42745099;;0
42745107;;0
42745117;;0
42745142;;0
42745184;;0
42745264;;0
42745280;;0
42745325;;0
42745352;;0
42745555;;0
42745557;;0
42745564;raka.prawira;1
42745573;;0
42745578;;0
42745607;;0
42745620;;0
42745625;;0
42745677;;0
42745716;;0
42745719;raka.prawira;1
42745737;;0
42745768;;0
42745792;raka.prawira;1
42745880;;0
42745885;raka.prawira;1
42745901;;0
42745911;;0
42745913;;0
42745922;;0
42745936;raka.prawira;1
42745970;;0
42745975;;0
42746068;raka.prawira;1
42746073;;0
42746074;;0
42746094;;0
42746137;raka.prawira;1
42746142;;0
42746249;raka.prawira;1
42746289;;0
42746298;;0
42746373;raka.prawira;1
42746380;raka.prawira;1
42746383;;0
42746426;;0
42746457;;0
42746491;;0
42746523;raka.prawira;1
42746535;;0
42746563;;0
42746629;;0
42746652;;0
42746698;;0
42746701;;0
42746706;;0
42746800;raka.prawira;1
42746821;;0
42746873;raka.prawira;1
42746886;raka.prawira;1
42746915;;0
42746992;;0
42747014;;0
42747015;;0
42747110;;0
42747118;raka.prawira;1
42747153;;0
42747160;;0
42747226;;0
42747237;;0
42747239;;0
42747242;;0
42747267;raka.prawira;1
42747289;adib.tamtama;1
42747320;;0
42747332;;0
42747397;;0
42747413;;0
42747491;;0
42747498;raka.prawira;1
42747572;;0
42747578;;0
42747592;raka.prawira;1
42747596;;0
42747598;;0
42747608;;0
42747627;;0
42747669;;0
42747753;;0
42747755;;0
42747756;raka.prawira;1
42747773;;0
42747790;;0
42747793;;0
42747820;;0
42747830;;0
42747840;;0
42747860;;0
42747875;;0
42747904;raka.prawira;1
42748019;raka.prawira;1
42748078;;0
42748127;;0
42748174;;0
42748178;;0
42748232;;0
42748328;;0
42748343;;0
42748354;;0
42748527;;0
42748604;;0
42748629;raka.prawira;1
42748727;raka.prawira;1
42748740;;0
42748755;;0
42748789;;0
42748791;;0
42748864;;0
42748891;;0
42748896;abdulkarim;1
42748910;;0
42748939;;0
42748980;raka.prawira;1
42749000;;0
42749007;raka.prawira;1
42749073;;0
42749089;;0
42749125;;0
42749189;raka.prawira;1
42749221;;0
42749225;;0
42749255;;0
42749281;;0
42749304;;0
42749319;;0
42749328;;0
42749378;;0
42749452;;0
42749553;;0
42749579;;0
42749619;;0
42749651;;0
42749652;;0
42749684;;0
42749697;;0
42749736;;0
42749746;;0
42749760;;0
42749764;;0
42749766;;0
42749773;;0
42863466;;0
42864366;;0
42864979;;0
42865271;;0
42865502;;0
42865848;;0
42867737;;0
42867824;;0
42867832;;0
42868780;;0
42870763;;0
42870804;;0
42871307;;0
42871308;;0
42871309;;0
42874042;adib.tamtama;1
42874156;;0
42875015;;0
42875140;;0
42875262;;0
42875826;;0
42876075;;0
42876766;;0
42877705;;0
42878332;;0
42878348;;0
42878414;;0
42878425;;0
42879235;;0
42879423;;0
42879541;;0
42879818;;0
42879947;;0
42880604;;0
42881244;;0
42881986;;0
42883305;;0
42883335;;0
42884506;;0
42888456;;0
42888568;;0
42889055;;0
42889134;;0
42889840;;0
42890828;;0
42892677;;0
42893598;;0
42893702;;0
42894622;;0
42896108;;0
42896786;;0
42897300;;0
42898899;;0
42898982;;0
42899715;;0
42900613;;0
42900626;;0
42902392;;0
42902393;raka.prawira;1
42902394;raka.prawira;1
42902395;;0
42902396;;0
42902531;;0
42903233;;0
42903671;;0
42903902;;0
42904236;;0
42904237;;0
42904350;;0
42904927;;0
42905344;;0
42905362;;0
42906749;;0
42907197;;0
42907709;;0
42909167;;0
42909327;;0
42913136;;0
42913366;;0
42913367;;0
42913368;;0
42914834;;0
42915659;;0
42916137;;0
42916272;;0
42917555;;0
42917651;;0
42918401;;0
42918578;;0
42920754;;0
42921832;;0
42921867;raka.prawira;1
42921995;raka.prawira;1
42922799;raka.prawira;1
42926009;;0
42926068;;0
42928363;;0
42928921;;0
42929523;;0
42929895;;0
42930452;;0
42931191;;0
42932133;;0
42933440;;0
42934008;raka.prawira;1
42934067;;0
42938745;;0
42940143;;0
42941900;;0
42941983;;0
42943700;;0
42943739;;0
42948392;;0
42948528;;0
42948599;;0
42948632;;0
42948732;;0
42953030;;0
42953647;;0
42953750;;0
42954048;;0
42954061;raka.prawira;1
42954535;;0
42955683;;0
42955846;;0
42957026;;0
42957028;;0
42957146;raka.prawira;1
42957566;;0
42957667;;0
42958373;;0
42960123;;0
42960124;;0
42961654;;0
42962388;;0
42963550;;0
42964331;;0
42964411;;0
42964863;;0
42964874;raka.prawira;1
42966428;;0
42966478;;0
42974418;;0
42974525;;0
42975572;raka.prawira;1
42975577;;0
42978062;;0
42979049;;0
42980013;;0
42981805;;0
42983030;;0
42984580;;0
42984841;;0
42986224;;0
42986278;;0
42986657;raka.prawira;1
42987120;;0
42989681;;0
42990821;;0
42991185;;0
42991361;adib.tamtama;1
42991803;;0
42991878;;0
42992364;;0
42992365;;0
42992560;;0
42993448;;0
42993812;;0
42995847;;0
43003539;;0
43003540;;0
43005586;;0
43006025;;0
43006195;;0
43006749;;0
43007237;;0
43007520;;0
43009793;;0
43011119;;0
43012877;;0
43012878;;0
43012879;;0
43013533;;0
43014159;;0
43014257;raka.prawira;1
43014734;;0
43014840;;0
43015150;;0
43015442;;0
43016590;;0
43018080;;0
43021076;raka.prawira;1
43024002;;0
43026762;;0
43028571;;0
43029022;;0
43029882;;0
43030130;;0
43030131;;0
43032600;;0
43035140;;0
43035268;;0
43039210;adib.tamtama;1
43040949;;0
43041284;;0
43041446;;0
43041804;;0
43042956;;0
43044171;;0
43045164;;0
43046077;;0
43046535;;0
43049214;;0
43054402;;0
43054485;;0
43055000;;0
43055035;;0
43058452;;0
43059494;;0
43059997;;0
43061460;;0
43068017;;0
43072105;;0
43072804;;0
43075500;;0
43076733;;0
43079582;;0
43079583;;0
43080140;;0
43081057;;0
43081182;;0
43081183;;0
43081620;raka.prawira;1
43081671;;0
43083097;;0
43083146;;0
43084133;;0
43084214;;0
43084840;;0
43086106;;0
43086107;;0
43088642;;0
43088759;;0
43092596;;0
43092613;;0
43093951;;0
43094995;;0
43095624;;0
43095824;;0
43096095;;0
43096105;;0
43096724;;0
43096799;;0
43097848;;0
43097964;;0
43098839;;0
43098909;;0
43098910;raka.prawira;1
43099054;;0
43099515;;0
43100920;;0
43102523;;0
43104220;;0
43105259;;0
43105675;;0
43106424;;0
43107807;;0
43108073;;0
43112266;;0
43112325;;0
43112826;;0
43113101;;0
43113700;;0
43115250;;0
43115523;;0
43117290;;0
43117597;;0
43118075;;0
43120507;;0
43121692;;0
43121918;;0
43121965;;0
43122267;;0
43123273;;0
43123440;;0
43123978;;0
43125416;;0
43125417;;0
43125418;;0
43128870;;0
43128958;;0
43129039;;0
43129320;;0
43129813;;0
43130383;;0
43131739;;0
43134038;;0
43134443;;0
43135716;;0
43136623;adib.tamtama;1
43137110;;0
43140019;;0
43140810;;0
43140826;;0
43140996;;0
43141282;;0
43143107;;0
43144482;;0
43145115;;0
43148506;;0
43148875;;0
43150286;;0
43151012;;0
43151684;;0
43155233;;0
43157146;;0
43159227;;0
43159806;;0
43160574;;0
43160580;;0
43160582;;0
43161619;;0
43161739;;0
43164056;;0
43167623;;0
43168032;;0
43169301;;0
43169850;;0
43172498;;0
43173528;;0
43184994;;0
43185664;;0
43185759;;0
43186893;;0
43192121;;0
43192122;;0
43192123;;0
43192288;;0
43192426;;0
43193135;;0
43194692;;0
43194693;;0
43194694;;0
43194963;;0
43194964;;0
43197249;;0
43197260;;0
43198495;;0
43198582;;0
43198597;;0
43198805;;0
43198970;;0
43199049;;0
43200418;;0
43201125;;0
43201364;;0
43201439;;0
43202680;;0
43203232;;0
43203326;;0
43203948;;0
43205389;;0
43207102;;0
43208053;;0
43208563;;0
43208975;;0
43209497;;0
43209574;;0
43209585;;0
43209635;;0
43210054;;0
43210636;;0
43211151;;0
43211916;;0
43214491;;0
43214729;;0
43215405;adib.tamtama;1
43217634;;0
43218902;;0
43220238;;0
43220353;;0
43220652;;0
43226067;;0
43226068;;0
43226069;;0
43226070;;0
43226071;;0
43226072;;0
43226074;raka.prawira;1
43226076;raka.prawira;1
43226077;;0
43226078;;0
43226079;;0
43226081;;0
43226082;;0
43226083;raka.prawira;1
43226084;;0
43226085;;0
43226086;;0
43226266;;0
43226267;;0
43230390;;0
43232247;;0
43233240;;0
43236966;;0
43238288;;0
43238289;;0
43238290;;0
43238291;;0
43238294;;0
43238297;;0
43238981;;0
43241149;;0
43241340;;0
43241614;;0
43242358;;0
43243044;adib.tamtama;1
43243348;;0
43243674;;0
43247110;;0
43250248;;0
43250298;;0
43250299;;0
43252656;;0
43252757;;0
43253240;;0
43255480;;0
43258086;;0
43258144;raka.prawira;1
43258145;;0
43258146;;0
43258377;;0
43258378;;0
43261710;;0
43263629;;0
43263715;;0
43263979;;0
43264213;;0
43264505;;0
43264896;;0
43265127;;0
43265846;;0
43269769;raka.prawira;1
43269875;raka.prawira;1
43270197;;0
43270805;raka.prawira;1
43271174;;0
43271542;raka.prawira;1
43271758;;0
43271759;;0
43272011;;0
43272019;;0
43273579;;0
43273850;;0
43274499;;0
43274803;raka.prawira;1
43274808;;0
43274816;;0
43274850;;0
43275939;;0
43277886;;0
43280914;;0
43281019;;0
43281035;;0
43281589;;0
43281625;;0
43282028;;0
43282046;;0
43282311;;0
43282742;;0
43282806;;0
43282855;;0
43283093;adib.tamtama;1
43283661;;0
43284027;raka.prawira;1
43284085;;0
43284542;;0
43285486;;0
43286041;raka.prawira;1
43286781;;0
43288211;;0
43289771;;0
43289887;;0
43290248;;0
43292864;;0
43292967;;0
43293421;;0
43293873;;0
43294042;;0
43294100;;0
43294216;;0
43295582;;0
43296962;;0
43297604;;0
43297605;raka.prawira;1
43297624;;0
43297627;;0
43297628;;0
43299800;;0
43300117;;0
43303003;;0
43303004;;0
43303005;;0
43303006;;0
43305401;;0
43305936;;0
43306174;;0
43306334;;0
43307057;;0
43307427;;0
43310491;;0
43311151;;0
43315123;;0
43315362;raka.prawira;1
43315830;;0
43315991;;0
43316735;raka.prawira;1
43318209;;0
43320243;;0
43320635;;0
43321034;;0
43322025;;0
43322808;;0
43322814;;0
43323255;;0
43323644;;0
43323827;;0
43323937;;0
43324286;;0
43324287;;0
43325196;;0
43325461;;0
43325462;;0
43325566;;0
43325826;;0
43326067;;0
43327634;;0
43327732;;0
43334794;;0
43343321;;0
43343492;;0
43344945;;0
43345770;;0
43345782;;0
43346993;raka.prawira;1
43348182;;0
43348423;;0
43350211;raka.prawira;1
43351985;;0
43352638;;0
43352730;;0
43354206;;0
43354207;;0
43356532;;0
43356853;;0
43357859;raka.prawira;1
43360245;;0
43360728;;0
43362036;;0
43366607;;0
43368014;;0
43368075;;0
43368557;;0
43368904;;0
43369665;;0
43370706;;0
43371612;;0
43372246;;0
43375969;;0
43387360;;0
43387661;;0
43390788;;0
43390989;;0
43403122;;0
43403752;raka.prawira;1
43403753;;0
43405555;;0
43409145;;0
43409333;;0
43409347;raka.prawira;1
43409570;;0
43413341;;0
43414698;;0
43416821;;0
43417765;;0
43419986;;0
43421203;;0
43421439;;0
43421473;;0
43421823;;0
43421889;;0
43421890;;0
43421891;raka.prawira;1
43421894;;0
43422032;;0
43424142;;0
43424360;;0
43426233;;0
43430300;;0
43433376;;0
43434108;;0
43435551;;0
43436677;;0
43436748;;0
43437058;;0
43437706;;0
43438801;;0
43440799;;0
43442184;;0
43445996;;0
43447589;;0
43453502;;0
43454753;;0
43455058;;0
43455524;;0
43455968;;0
43456667;;0
43456856;;0
43459557;;0
43460676;;0
43461434;;0
43461635;;0
43461779;;0
43462549;;0
43463773;;0
43464323;;0
43464409;;0
43464774;;0
43466915;;0
43469541;;0
43469542;;0
43470728;;0
43472292;;0
43472637;adib.tamtama;1
43472897;;0
43474628;;0
43475122;;0
43475200;;0
43475814;raka.prawira;1
43481218;;0
43482510;;0
43483182;;0
43484421;raka.prawira;1
43485507;;0
43486109;;0
43486223;;0
43486267;;0
43486465;raka.prawira;1
43486735;adib.tamtama;1
43491118;;0
43493472;;0
43498811;;0
43500501;;0
43501235;;0
43502969;;0
43508451;;0
43508679;;0
43508978;raka.prawira;1
43510975;;0
43511078;;0
43512684;;0
43512689;;0
43512972;;0
43518058;;0
43528233;;0
43528391;;0
43537334;;0
43537587;;0
43537805;;0
43547224;;0
43547645;;0
43547860;;0
43548217;;0
43548247;;0
43548265;;0
43548367;;0
43567219;;0
43587450;;0
43685884;;0
43686236;;0
43686701;;0
43693890;;0
43693891;;0
43693926;;0
43694280;;0
43694587;;0
43694707;;0
43695021;;0
43695419;;0
43695917;;0
43696183;;0
43696348;;0
43696391;;0
43696806;;0
43699141;;0
43699711;;0
43700364;;0
43700854;;0
43701103;;0
43701395;;0
43703274;adib.tamtama;1
43703482;;0
43704781;;0
43705180;;0
43705242;;0
43705357;raka.prawira;1
43705537;;0
43705578;;0
43709936;;0
43710783;;0
43711231;;0
43711994;;0
43712775;;0
43715458;;0
43719664;;0
43722456;;0
43722514;;0
43723236;;0
43728807;;0
43739338;;0
43748914;;0
43749020;;0
43768155;;0
43768188;;0
43768913;;0
43778007;;0
43787287;;0
43787293;;0
43788395;;0
43817662;;0
43818199;;0
43828707;;0
43942204;raka.prawira;1
43943977;;0
43945109;;0
43946415;raka.prawira;1
43946549;;0
43946776;;0
43950922;;0
43950984;;0
43951248;raka.prawira;1
43952171;;0
43953537;;0
43953674;;0
43954134;;0
43954141;;0
43954835;;0
43955638;;0
43960867;;0
43961096;;0
43961175;;0
43961973;;0
43962126;;0
43962934;;0
43963058;;0
43966125;raka.prawira;1
43967002;;0
43968984;;0
43969553;;0
43970189;;0
43970809;adib.tamtama;1
43971828;;0
43974315;;0
43974550;;0
43975208;;0
43975424;adib.tamtama;1
43980348;;0
43981125;;0
43981350;;0
43981667;;0
43981688;;0
43989401;;0
43989517;raka.prawira;1
43990898;;0
43991195;;0
43999033;;0
44018361;;0
44019202;;0
44028096;;0
44028265;;0
44037391;;0
44047549;;0
44047875;;0
44048025;;0
44048288;raka.prawira;1
44057677;;0
44087148;;0
44107085;;0
44137144;;0
44164656;;0
44165570;;0
44171688;;0
44172676;;0
44173631;hairuddin;1
44173723;hairuddin;1
44174147;;0
44174876;;0
44175733;;0
44176223;;0
44176804;;0
44176855;;0
44182584;;0
44182585;raka.prawira;1
44182947;raka.prawira;1
44183229;;0
44183569;;0
44183570;;0
44184117;;0
44184593;;0
44186129;;0
44190675;raka.prawira;1
44191664;;0
44192485;;0
44192564;;0
44193268;raka.prawira;1
44193630;;0
44193638;;0
44194096;;0
44194596;;0
44194642;;0
44194872;;0
44195281;;0
44195303;;0
44199868;;0
44200003;;0
44200167;;0
44209690;;0
44220004;raka.prawira;1
44220382;;0
44229806;;0
44230369;;0
44237554;;0
44239312;;0
44248849;;0
44253320;;0
44254090;;0
44254265;;0
44254361;;0
44254582;;0
44257834;;0
44258676;;0
44259228;;0
44263590;;0
44264556;;0
44266994;;0
44269687;;0
44274078;;0
44275566;;0
44278221;;0
44283530;;0
44287467;;0
44294171;;0
44296351;raka.prawira;1
44297385;hairuddin;1
44297522;;0
44298659;;0
44299057;;0
44303597;;0
44303687;;0
44307604;;0
44313748;;0
44313760;;0
44313862;;0
44314146;;0
44314383;;0
44314925;;0
44314962;;0
44316573;;0
44316683;;0
44323369;;0
44333154;;0
44333781;;0
44343412;;0
44354184;;0
44364176;;0
44373608;raka.prawira;1
44373677;;0
44401953;;0
44402449;;0
44402977;;0
44412120;;0
44413019;;0
44414778;adib.tamtama;1
44422974;;0
44431987;;0
44432013;;0
44432901;;0
44441042;;0
44441278;;0
44441598;;0
44449861;;0
44450250;;0
44451282;;0
44452935;;0
44452970;;0
44469851;adib.tamtama;1
44510905;;0
44536227;;0
44536857;;0
44545982;;0
44546469;;0
44555450;;0
44564041;;0
44564307;;0
44569415;;0
44572520;;0
44573615;;0
44574581;;0
44574701;;0
44578435;;0
44583191;;0
44583739;;0
44592759;;0
44593271;;0
44594227;;0
44595559;raka.prawira;1
44599887;;0
44602211;;0
44603140;;0
44613396;;0
44622630;adib.tamtama;1
44622792;;0
44623601;;0
44624246;;0
44625194;;0
44625300;adib.tamtama;1
44632316;;0
44635145;;0
44640200;adib.tamtama;1
44641516;;0
44642867;;0
44643368;;0
44643623;;0
44652913;;0
44653362;;0
44660561;;0
44660856;;0
44672041;;0
44672291;;0
44672556;;0
44789422;;0
44789521;;0
44840414;;0
44847942;;0
44859473;;0
44864267;raka.prawira;1
44864917;;0
44865290;;0
44874129;;0
44874482;;0
44875239;;0
44883479;;0
44883772;;0
44883956;;0
44884156;;0
44884607;;0
44893453;;0
44894259;raka.prawira;1
44894704;;0
44903994;;0
44905344;;0
44913934;;0
44914150;;0
44923764;;0
44924488;;0
44924844;;0
44933278;;0
44933491;;0
44944918;;0
44973289;;0
44973409;;0
44974202;;0
44974431;;0
44974490;;0
44982148;;0
44982566;;0
44983076;;0
44984694;;0
44984741;;0
44994682;;0
44995358;;0
44995784;;0
44995841;;0
45001569;;0
45001891;;0
45002433;;0
45003274;;0
45009065;;0
45018788;;0
45018848;;0
45021646;;0
45021680;;0
45030629;;0
45030743;;0
45039933;;0
45068800;;0
45089773;;0
45089912;;0
45097008;;0
45108886;;0
45155574;;0
45155640;;0
45213328;;0
45213633;;0
45279178;;0
45288748;;0
45292211;;0
45298365;;0
45359986;;0
45368003;;0
45368264;;0
45377957;;0
45379688;raka.prawira;1
45388163;;0
45400167;raka.prawira;1
45460926;;0
45470200;;0
45470851;raka.prawira;1
45539909;;0
45580355;;0
45580367;;0
45580428;;0
45607870;;0
45618757;;0
45619133;;0
45619235;;0
45628423;;0
45635169;;0
45635604;;0
45635932;;0
45636343;;0
45636702;;0
45645971;;0
45656081;;0
45658383;;0
45658561;;0
45664795;;0
45665538;;0
45674893;;0
45678463;;0
45678615;;0
45685094;;0
45687559;;0
45687601;;0
45694832;;0
45695063;;0
45695354;;0
45697701;;0
45698084;;0
45698220;;0
45698557;;0
45702079;;0
45711061;;0
45717775;;0
45721376;;0
45728493;;0
45728838;;0
45732777;;0
45732916;;0
45738184;;0
45738465;;0
45738629;;0
45738836;;0
45747884;;0
45748964;;0
45752370;;0
45757146;;0
45772075;;0
45789606;;0
45797344;;0
45810379;adib.tamtama;1
45810408;;0
45810707;;0
45811594;;0
45818221;;0
45818471;;0
45820628;;0
45820635;;0
45820674;;0
45820811;;0
45821646;;0
45821668;;0
45821819;;0
45821904;;0
45827320;;0
45831050;;0
45832824;;0
45837920;;0
45839563;;0
45842574;;0
45847330;;0
45848854;;0
45850933;;0
45851978;;0
45857701;;0
45861104;;0
45878572;;0
45881254;;0
45882130;;0
45892289;;0
45897416;;0
45897852;;0
45899434;;0
45907355;;0
45908182;;0
45917089;;0
45917483;;0
45927213;;0
45928188;;0
45937280;;0
45947127;;0
45957103;;0
45977263;;0
45987437;;0
46007349;;0
46009378;;0
46009494;raka.prawira;1
46015123;raka.prawira;1
46024164;;0
46024683;;0
46024947;;0
46026079;;0
46030866;;0
46035215;;0
46037121;;0
46037404;;0
46038068;raka.prawira;1
46038275;;0
46044835;;0
46044878;;0
46054226;;0
46056071;;0
46063263;;0
46064136;;0
46064566;raka.prawira;1
46067266;;0
46067610;;0
46072213;raka.prawira;1
46077090;;0
46077246;;0
46087479;;0
46097153;;0
46097638;raka.prawira;1
46102950;;0
46107841;;0
46111392;raka.prawira;1
46112543;;0
46117836;;0
46127537;raka.prawira;1
46127590;;0
46133413;;0
46137865;;0
46142650;;0
46151192;;0
46151570;;0
46158763;;0
46160465;;0
46161693;;0
46161741;;0
46167593;;0
46168113;raka.prawira;1
46169569;;0
46171311;;0
46177685;;0
46179992;;0
46180275;;0
46188134;;0
46188450;;0
46208285;;0
46217289;;0
46229331;;0
46240537;;0
46259462;;0
46267906;;0
46277145;;0
46288068;;0
46288090;;0
46288155;;0
46297537;;0
46299020;raka.prawira;1
46299062;;0
46320202;;0
46356338;;0
46360408;;0
46360444;;0
46364313;;0
46365206;;0
46366209;;0
46371685;raka.prawira;1
46371835;raka.prawira;1
46372797;;0
46379963;;0
46382041;;0
46382103;;0
46383490;;0
46390562;;0
46390636;;0
46393752;;0
46397975;;0
46403227;;0
46403675;;0
46405122;;0
46411610;;0
46414559;;0
46422246;hairuddin;1
46422252;;0
46427147;;0
46442373;;0
46470231;;0
46470234;;0
46478933;;0
46548995;;0
46620317;;0
46638109;;0
46649505;;0
46649661;;0
46656942;;0
46662355;;0
46664077;;0
46667977;;0
46672212;;0
46672827;;0
46673883;;0
46674277;;0
46684781;;0
46691550;raka.prawira;1
46692115;;0
46693527;;0
46694813;;0
46694923;;0
46701302;raka.prawira;1
46701642;;0
46701760;;0
46702455;;0
46711848;;0
46712138;;0
46712539;;0
46714151;;0
46722987;;0
46723223;;0
46723624;;0
46723767;;0
46724435;;0
46724584;;0
46730895;;0
46731357;;0
46732487;;0
46738450;;0
46741080;;0
46748076;;0
46748098;;0
46748157;;0
46751428;;0
46760705;adib.tamtama;1
46808539;adib.tamtama;1
46858025;;0
46858227;;0
46866978;;0
46876542;;0
46876878;;0
46883676;;0
46884700;;0
46884999;;0
46885147;;0
46885906;raka.prawira;1
46886668;;0
46887980;;0
46898393;;0
46913684;;0
46914607;;0
46914776;;0
46918091;raka.prawira;1
46921542;adib.tamtama;1
46921617;;0
46922194;;0
46922436;;0
46922825;;0
46929618;;0
46930362;adib.tamtama;1
46930953;raka.prawira;1
46931213;;0
46931660;;0
46931754;;0
46932118;;0
46933184;;0
46939898;;0
46949815;;0
46958051;;0
46959117;raka.prawira;1
46979394;;0
46979412;;0
46997651;;0
47007863;;0
47057369;;0
47058611;;0
47067295;;0
47097573;;0
47097603;;0
47106708;;0
47106946;;0
47107173;;0
47115014;;0
47116332;;0
47116883;;0
47122090;;0
47122819;;0
47123267;;0
47123791;;0
47123834;;0
47124152;;0
47124304;;0
47124475;;0
47127564;;0
47133592;;0
47133674;;0
47133764;;0
47134626;;0
47141424;;0
47141504;;0
47142186;;0
47142820;raka.prawira;1
47143694;;0
47144163;;0
47151088;;0
47152371;;0
47153368;;0
47154247;;0
47158459;;0
47158468;;0
47161372;;0
47170431;;0
47171041;;0
47172764;;0
47179398;;0
47189165;;0
47192542;;0
47193071;;0
47193772;;0
47201099;;0
47202534;;0
47203894;;0
47204490;raka.prawira;1
47209014;adib.tamtama;1
47211065;;0
47220527;;0
47238364;;0
47268885;;0
47269201;;0
47373890;;0
47374034;;0
47374462;;0
47375377;;0
47382904;;0
47392414;;0
47400006;raka.prawira;1
47400096;;0
47407539;;0
47417287;;0
47420200;;0
47421172;;0
47421244;;0
47421472;raka.prawira;1
47421561;;0
47429411;;0
47429883;;0
47429952;raka.prawira;1
47430754;;0
47430895;;0
47440605;;0
47450318;;0
47460144;;0
47460173;;0
47460601;;0
47460870;;0
47461267;;0
47461494;;0
47473086;;0
47479789;;0
47519029;;0
47547737;;0
47558556;raka.prawira;1
47578421;;0
47586053;;0
47594125;;0
47595885;;0
47596823;;0
47604229;;0
47605030;;0
47605839;;0
47614213;;0
47622694;;0
47622882;;0
47632905;;0
47641378;;0
47651320;;0
47661176;;0
47661608;;0
47661913;;0
47662005;;0
47671229;;0
47671283;hairuddin;1
47678069;raka.prawira;1
47687494;;0
47688799;;0
47689432;;0
47697329;;0
47698755;;0
47709490;;0
47718166;;0
47738347;;0
47740790;;0
47741052;;0
47748992;raka.prawira;1
47751556;;0
47751704;adib.tamtama;1
47752388;;0
47760165;;0
47761019;;0
47761147;;0
47768400;;0
47768948;;0
47787928;;0
47797923;;0
47808176;;0
47845217;;0
47862342;;0
47869464;raka.prawira;1
47869538;;0
47879211;raka.prawira;1
47909543;;0
47909691;;0
47910277;;0
47919059;;0
47929147;;0
47939348;;0
47958916;;0
47979237;;0
48008671;;0
48009005;;0
48037888;raka.prawira;1
48050255;;0
48060180;;0
48060341;;0
48065202;;0
48065394;raka.prawira;1
48065423;;0
48074496;;0
48074609;;0
48074613;;0
48075163;;0
48075340;;0
48076614;;0
48078510;;0
48078763;;0
48081415;;0
48083424;raka.prawira;1
48091607;;0
48092359;;0
48092641;;0
48092730;raka.prawira;1
48092817;raka.prawira;1
48093855;;0
48099065;raka.prawira;1
48111971;;0
48112264;;0
48112729;;0
48113098;;0
48113200;;0
48114051;;0
48114142;;0
48117493;;0
48120046;;0
48122097;;0
48122324;;0
48122572;;0
48122606;;0
48122732;;0
48129118;;0
48130011;;0
48130654;;0
48130657;;0
48130800;;0
48131724;;0
48131986;;0
48132164;;0
48139697;;0
48147390;adib.tamtama;1
48149978;;0
48160613;;0
48160788;;0
48161358;;0
48167275;;0
48167545;;0
48169633;;0
48179748;;0
48180548;;0
48180748;;0
48190217;;0
48199565;;0
48200027;;0
48200194;;0
48207458;;0
48227229;;0
48277136;;0
48277471;;0
48287253;;0
48297116;;0
48305632;;0
48306041;;0
48315561;;0
48316178;raka.prawira;1
48316240;;0
48335741;;0
48345041;;0
48346485;;0
48347094;;0
48353684;;0
48372584;;0
48372595;raka.prawira;1
48374079;;0
48374081;;0
48377227;;0
48383911;;0
48384346;;0
48384491;raka.prawira;1
48384864;;0
48393754;;0
48393828;;0
48394689;;0
48395019;;0
48402170;;0
48402210;;0
48403491;;0
48417398;;0
48441488;;0
48489500;;0
48537804;raka.prawira;1
48546200;;0
48546610;;0
48548825;;0
48555582;;0
48565055;;0
48566735;adib.tamtama;1
48567743;;0
48571905;raka.prawira;1
48571954;;0
48572841;;0
48572851;;0
48574121;;0
48574938;raka.prawira;1
48575552;adib.tamtama;1
48580281;;0
48580458;;0
48581224;;0
48582676;;0
48583366;;0
48583545;;0
48588852;;0
48592179;;0
48592365;;0
48592852;;0
48593075;;0
48593457;;0
48600140;;0
48600546;;0
48600593;;0
48601364;;0
48610168;;0
48611011;;0
48611323;;0
48632187;;0
48632523;;0
48633977;;0
48641193;;0
48641749;raka.prawira;1
48642052;;0
48647836;;0
48650870;;0
48660929;;0
48660999;;0
48677719;raka.prawira;1
48678020;;0
48678067;;0
48678068;;0
48678474;;0
48689366;;0
48690604;;0
48707277;;0
48786876;;0
48786913;;0
48794417;raka.prawira;1
48803932;;0
48810853;;0
48810891;;0
48811971;;0
48813765;;0
48830441;;0
48830671;raka.prawira;1
48837457;;0
48840913;;0
48849743;;0
48860208;;0
48860778;;0
48860856;;0
48861110;;0
48869450;;0
48879155;;0
48880988;;0
48887273;hairuddin;1
48889970;;0
48900075;;0
48901675;;0
48922449;;0
48964337;;0
48964523;;0
48964898;;0
48964926;;0
48984052;hairuddin;1
48984498;;0
48994233;raka.prawira;1
48994599;;0
49003967;;0
49004169;raka.prawira;1
49013484;;0
49014315;;0
49014597;;0
49034054;;0
49043550;raka.prawira;1
49053331;;0
49053346;;0
49060875;;0
49070641;;0
49087758;;0
49087828;;0
49088964;;0
49108086;;0
49109232;;0
49157036;;0
49165321;;0
49166450;;0
49176272;;0
49186370;;0
49195401;;0
49196089;;0
49204008;;0
49207898;;0
49212517;;0
49217611;;0
49217670;;0
49221463;raka.prawira;1
49221905;;0
49222491;;0
49231801;;0
49240746;;0
49241510;;0
49241955;;0
49249210;;0
49249826;;0
49250564;;0
49250697;raka.prawira;1
49258831;;0
49299331;;0
49299962;;0
49300017;;0
49300882;;0
49300991;;0
49307258;;0
49307304;;0
49307311;;0
49309275;;0
49309890;;0
49327127;;0
49347357;;0
49347837;;0
49367125;;0
49377733;;0
49397098;;0
49398257;;0
49398926;;0
55044170;raka.prawira;1
55044175;raka.prawira;1
55044177;raka.prawira;1
55044181;raka.prawira;1
55044199;adib.tamtama;1
55044200;;0
55044204;adib.tamtama;1
55044215;;0
55044226;adib.tamtama;1
55044237;adib.tamtama;1
55044250;adib.tamtama;1
55044252;raka.prawira;1
55044255;adib.tamtama;1
55044257;adib.tamtama;1
55044266;adib.tamtama;1
55044269;;0
55044272;abdulkarim;1
55044279;raka.prawira;1
55044281;raka.prawira;1
55044283;hairuddin;1
55044298;abdulkarim;1
55044322;;0
55044329;raka.prawira;1
55044338;adib.tamtama;1
55044349;;0
55044370;raka.prawira;1
55044372;abdulkarim;1
55044377;adib.tamtama;1
55044379;;0
55044384;hairuddin;1
55044389;;0
55044392;;0
55044395;;0
55044406;raka.prawira;1
55044416;raka.prawira;1
55044418;adib.tamtama;1
55044419;adib.tamtama;1
55044420;raka.prawira;1
55044442;raka.prawira;1
55044447;hairuddin;1
55044453;raka.prawira;1
55044458;raka.prawira;1
55044460;adib.tamtama;1
55044471;adib.tamtama;1
55044474;adib.tamtama;1
55044485;;0
55044492;raka.prawira;1
55044493;adib.tamtama;1
55044512;hairuddin;1
55044520;;0
55044521;raka.prawira;1
55044532;adib.tamtama;1
55044538;adib.tamtama;1
55044539;abdulkarim;1
55044543;abdulkarim;1
55044544;adib.tamtama;1
55044548;raka.prawira;1
55044555;raka.prawira;1
55044557;adib.tamtama;1
55044578;adib.tamtama;1
55044582;hairuddin;1
55044587;raka.prawira;1
55044588;;0
55044590;;0
55044594;;0
55044605;;0
55044612;;0
55044626;;0
55044627;raka.prawira;1
55044628;hairuddin;1
55044643;raka.prawira;1
55044651;;0
55044657;hairuddin;1
55044658;adib.tamtama;1
55044662;adib.tamtama;1
55044666;adib.tamtama;1
55044667;hairuddin;1
55044668;abdulkarim;1
55044669;;0
55044673;raka.prawira;1
55044674;raka.prawira;1
55044677;adib.tamtama;1
55044697;adib.tamtama;1
55044702;raka.prawira;1
55044712;abdulkarim;1
55044714;raka.prawira;1
55044715;;0
55044716;;0
55044742;shoviatamara;1
55044769;adib.tamtama;1
55044772;raka.prawira;1
55044773;adib.tamtama;1
55044785;raka.prawira;1
55044787;;0
55044798;raka.prawira;1
55044799;;0
55044804;adib.tamtama;1
55044822;shoviatamara;1
55044851;adib.tamtama;1
55044854;raka.prawira;1
55044869;raka.prawira;1
55044876;;0
55044888;;0
55044895;adib.tamtama;1
55044909;abdulkarim;1
55044912;raka.prawira;1
55044921;adib.tamtama;1
55044922;;0
55044930;raka.prawira;1
55044941;;0
55044943;raka.prawira;1
55044965;raka.prawira;1
55044979;;0
55044982;abdulkarim;1
55045002;adib.tamtama;1
55045007;shoviatamara;1
55045012;adib.tamtama;1
55045018;ahmadfaisal;1
55045038;;0
55045068;adib.tamtama;1
55045071;raka.prawira;1
55045074;hairuddin;1
55045093;raka.prawira;1
55045101;raka.prawira;1
55045103;;0
55045112;raka.prawira;1
55045115;adib.tamtama;1
55045125;shoviatamara;1
55045127;raka.prawira;1
55045132;adib.tamtama;1
55045137;adib.tamtama;1
55045140;;0
55045143;hairuddin;1
55045160;raka.prawira;1
55045165;;0
55045172;;0
55045174;adib.tamtama;1
55045176;raka.prawira;1
55045183;;0
55045187;;0
55045205;raka.prawira;1
55045221;adib.tamtama;1
55045242;abdulkarim;1
55045254;;0
55045256;;0
55045276;raka.prawira;1
55045293;;0
55045308;raka.prawira;1
55045309;adib.tamtama;1
55045311;abdulkarim;1
55045333;raka.prawira;1
55045352;;0
55045359;raka.prawira;1
55045361;raka.prawira;1
55045365;;0
55045367;abdulkarim;1
55045393;raka.prawira;1
55045396;raka.prawira;1
55045401;adib.tamtama;1
55045410;;0
55045416;;0
55045417;abdulkarim;1
55045426;raka.prawira;1
55045431;raka.prawira;1
55045446;raka.prawira;1
55045455;raka.prawira;1
55045477;abdulkarim;1
55045484;raka.prawira;1
55045508;adib.tamtama;1
55045512;adib.tamtama;1
55045520;;0
55045528;raka.prawira;1
55045536;;0
55045538;;0
55045545;adib.tamtama;1
55045547;;0
55045558;;0
55045564;;0
55045584;;0
55045601;adib.tamtama;1
55045604;raka.prawira;1
55045607;abdulkarim;1
55045608;adib.tamtama;1
55045628;adib.tamtama;1
55045630;raka.prawira;1
55045633;;0
55045636;adib.tamtama;1
55045641;adib.tamtama;1
55045648;;0
55045649;;0
55045652;;0
55045661;raka.prawira;1
55045669;adib.tamtama;1
55045673;adib.tamtama;1
55045685;raka.prawira;1
55045702;;0
55045704;;0
55045712;;0
55045713;;0
55045714;adib.tamtama;1
55045721;;0
55045724;shoviatamara;1
55045728;adib.tamtama;1
55045734;adib.tamtama;1
55045742;;0
55045744;raka.prawira;1
55045771;raka.prawira;1
55045777;raka.prawira;1
55045791;adib.tamtama;1
55045805;abdulkarim;1
55045817;abdulkarim;1
55045824;shoviatamara;1
55045832;raka.prawira;1
55045846;adib.tamtama;1
55045877;;0
55045907;adib.tamtama;1
55045909;hairuddin;1
55045924;adib.tamtama;1
55045926;;0
55045928;adib.tamtama;1
55045935;adib.tamtama;1
55045943;adib.tamtama;1
55045947;raka.prawira;1
55045957;shoviatamara;1
55045966;;0
55045986;abdulkarim;1
55046007;adib.tamtama;1
55046008;hairuddin;1
55046014;raka.prawira;1
55046028;raka.prawira;1
55046037;abdulkarim;1
55046061;adib.tamtama;1
55046063;raka.prawira;1
55046066;;0
55046068;raka.prawira;1
55046069;raka.prawira;1
55046071;raka.prawira;1
55046075;;0
55046081;adib.tamtama;1
55046088;raka.prawira;1
55046098;raka.prawira;1
55046101;raka.prawira;1
55046126;adib.tamtama;1
55046128;raka.prawira;1
55046129;raka.prawira;1
55046131;adib.tamtama;1
55046132;raka.prawira;1
55046137;raka.prawira;1
55046152;raka.prawira;1
55046155;raka.prawira;1
55046180;;0
55046195;;0
55046196;adib.tamtama;1
55046211;;0
55046221;raka.prawira;1
55046229;adib.tamtama;1
55046234;;0
55046236;raka.prawira;1
55046240;abdulkarim;1
55046243;abdulkarim;1
55046262;hairuddin;1
55046265;raka.prawira;1
55046276;;0
55046280;abdulkarim;1
55046284;hairuddin;1
55046290;;0
55046295;hairuddin;1
55046297;adib.tamtama;1
55046304;adib.tamtama;1
55046308;raka.prawira;1
55046319;adib.tamtama;1
55046321;raka.prawira;1
55046331;;0
55046336;hairuddin;1
55046342;abdulkarim;1
55046354;;0
55046356;;0
55046358;shoviatamara;1
55046361;;0
55046367;;0
55046376;raka.prawira;1
55046398;raka.prawira;1
55046405;;0
55046410;;0
55046411;adib.tamtama;1
55046422;raka.prawira;1
55046424;;0
55046425;;0
55046431;;0
55046436;;0
55046439;hairuddin;1
55046443;raka.prawira;1
55046446;raka.prawira;1
55046451;raka.prawira;1
55046456;raka.prawira;1
55046470;raka.prawira;1
55046478;;0
55046480;raka.prawira;1
55046487;raka.prawira;1
55046489;raka.prawira;1
55046496;raka.prawira;1
55046511;hairuddin;1
55046516;shoviatamara;1
55046522;raka.prawira;1
55046527;shoviatamara;1
55046534;;0
55046546;raka.prawira;1
55046552;hairuddin;1
55046555;adib.tamtama;1
55046559;;0
55046562;;0
55046578;;0
55046580;raka.prawira;1
55046581;raka.prawira;1
55046616;;0
55046617;;0
55046654;adib.tamtama;1
55046656;raka.prawira;1
55046666;;0
55046672;;0
55046673;raka.prawira;1
55046685;;0
55046690;raka.prawira;1
55046693;abdulkarim;1
55046702;abdulkarim;1
55046707;adib.tamtama;1
55046718;raka.prawira;1
55046719;adib.tamtama;1
55046757;raka.prawira;1
55046765;;0
55046771;adib.tamtama;1
55046773;adib.tamtama;1
55046775;raka.prawira;1
55046784;;0
55046787;raka.prawira;1
55046799;;0
55046802;raka.prawira;1
55046803;raka.prawira;1
55046819;adib.tamtama;1
55046830;abdulkarim;1
55046833;raka.prawira;1
55046836;abdulkarim;1
55046846;;0
55046849;raka.prawira;1
55046861;raka.prawira;1
55046862;abdulkarim;1
55046864;raka.prawira;1
55046865;adib.tamtama;1
55046872;;0
55046891;;0
55046896;adib.tamtama;1
55046903;hairuddin;1
55046909;adib.tamtama;1
55046921;hairuddin;1
55046925;hairuddin;1
55046929;hairuddin;1
55046933;raka.prawira;1
55046942;;0
55046943;;0
55046955;adib.tamtama;1
55046957;raka.prawira;1
55046961;adib.tamtama;1
55046962;adib.tamtama;1
55046965;;0
55046971;;0
55046995;raka.prawira;1
55047000;adib.tamtama;1
55047010;raka.prawira;1
55047038;raka.prawira;1
55047042;;0
55047054;raka.prawira;1
55047055;adib.tamtama;1
55047060;raka.prawira;1
55047061;adib.tamtama;1
55047063;raka.prawira;1
55047066;adib.tamtama;1
55047072;adib.tamtama;1
55047088;raka.prawira;1
55047100;raka.prawira;1
55047106;hairuddin;1
55047114;;0
55047121;raka.prawira;1
55047128;raka.prawira;1
55047132;raka.prawira;1
55047133;adib.tamtama;1
55047136;abdulkarim;1
55047141;adib.tamtama;1
55047146;;0
55047147;hairuddin;1
55047186;raka.prawira;1
55047190;adib.tamtama;1
55047204;raka.prawira;1
55047209;raka.prawira;1
55047215;raka.prawira;1
55047224;raka.prawira;1
55047231;raka.prawira;1
55047239;raka.prawira;1
55047246;adib.tamtama;1
55047251;raka.prawira;1
55047257;raka.prawira;1
55047260;raka.prawira;1
55047270;abdulkarim;1
55047294;raka.prawira;1
55047296;;0
55047306;hairuddin;1
55047308;;0
55047310;adib.tamtama;1
55047321;adib.tamtama;1
55047323;raka.prawira;1
55047329;raka.prawira;1
55047335;;0
55047349;adib.tamtama;1
55047359;raka.prawira;1
55047369;abdulkarim;1
55047377;adib.tamtama;1
55047388;raka.prawira;1
55047389;abdulkarim;1
55047416;;0
55047424;raka.prawira;1
55047426;adib.tamtama;1
55047441;;0
55047444;;0
55047450;raka.prawira;1
55047463;;0
55047470;;0
55047473;raka.prawira;1
55047477;raka.prawira;1
55047481;raka.prawira;1
55047487;ahmadfaisal;1
55047504;adib.tamtama;1
55047508;raka.prawira;1
55047510;adib.tamtama;1
55068567;raka.prawira;1
55068568;hairuddin;1
55068580;shoviatamara;1
55068586;abdulkarim;1
55068593;abdulkarim;1
55068596;;0
55068598;abdulkarim;1
55068602;raka.prawira;1
55068606;raka.prawira;1
55068631;adib.tamtama;1
55068638;raka.prawira;1
55068644;adib.tamtama;1
55068649;adib.tamtama;1
55068662;hairuddin;1
55068685;hairuddin;1
55068696;adib.tamtama;1
55068697;raka.prawira;1
55068701;;0
55068704;raka.prawira;1
55068723;;0
55068725;;0
55068729;abdulkarim;1
55068737;raka.prawira;1
55068752;;0
55068754;;0
55068775;adib.tamtama;1
55068781;;0
55068790;hairuddin;1
55068792;;0
55068809;raka.prawira;1
55068817;raka.prawira;1
55068843;hairuddin;1
55068858;raka.prawira;1
55068868;raka.prawira;1
55068873;hairuddin;1
55068874;;0
55068936;adib.tamtama;1
55068938;;0
55068939;;0
55068946;;0
55068949;raka.prawira;1
55068953;raka.prawira;1
55068962;adib.tamtama;1
55068965;raka.prawira;1
55068970;;0
55068971;raka.prawira;1
55068987;ahmadfaisal;1
55068988;raka.prawira;1
55068990;adib.tamtama;1
55069016;adib.tamtama;1
55069022;raka.prawira;1
55069024;raka.prawira;1
55069025;adib.tamtama;1
55069035;;0
55069044;raka.prawira;1
55069051;abdulkarim;1
55069059;adib.tamtama;1
55069064;raka.prawira;1
55069068;;0
55069071;raka.prawira;1
55069081;raka.prawira;1
55069096;raka.prawira;1
55069102;;0
55069105;;0
55069112;raka.prawira;1
55069120;raka.prawira;1
55069130;adib.tamtama;1
55069136;;0
55069138;raka.prawira;1
55069143;hairuddin;1
55069148;raka.prawira;1
55069158;hairuddin;1
55069169;raka.prawira;1
55069170;raka.prawira;1
55069174;adib.tamtama;1
55069175;;0
55069182;adib.tamtama;1
55069185;raka.prawira;1
55069207;raka.prawira;1
55069217;adib.tamtama;1
55069237;adib.tamtama;1
55069243;adib.tamtama;1
55069247;raka.prawira;1
55069257;hairuddin;1
55069266;;0
55069282;;0
55069286;adib.tamtama;1
55069287;;0
55069289;adib.tamtama;1
55069291;adib.tamtama;1
55069304;abdulkarim;1
55069305;hairuddin;1
55069314;;0
55069316;adib.tamtama;1
55069320;adib.tamtama;1
55069325;raka.prawira;1
55069328;raka.prawira;1
55069336;adib.tamtama;1
55069337;adib.tamtama;1
55069341;raka.prawira;1
55069350;raka.prawira;1
55069352;;0
55069354;;0
55069356;raka.prawira;1
55069359;adib.tamtama;1
55069374;raka.prawira;1
55069383;adib.tamtama;1
55069396;;0
55069399;raka.prawira;1
55069418;;0
55069422;adib.tamtama;1
55069423;raka.prawira;1
55069447;;0
55069457;;0
55069467;raka.prawira;1
55069468;;0
55069471;raka.prawira;1
55069475;raka.prawira;1
55069478;raka.prawira;1
55069482;raka.prawira;1
55069487;raka.prawira;1
55069492;raka.prawira;1
55069495;raka.prawira;1
55069499;abdulkarim;1
55069500;raka.prawira;1
55069509;;0
55069529;adib.tamtama;1
55069537;raka.prawira;1
55069539;hairuddin;1
55069540;abdulkarim;1
55069543;raka.prawira;1
55069545;raka.prawira;1
55069555;adib.tamtama;1
55069561;;0
55069563;raka.prawira;1
55069565;raka.prawira;1
55069569;raka.prawira;1
55069572;abdulkarim;1
55069577;adib.tamtama;1
55069589;;0
55069590;abdulkarim;1
55069592;adib.tamtama;1
55069620;abdulkarim;1
55069624;raka.prawira;1
55069626;raka.prawira;1
55069643;adib.tamtama;1
55069644;abdulkarim;1
55069649;raka.prawira;1
55069657;;0
55069661;;0
55069664;hairuddin;1
55069665;adib.tamtama;1
55069669;;0
55069673;raka.prawira;1
55069689;raka.prawira;1
55069691;;0
55069692;raka.prawira;1
55069695;hairuddin;1
55069709;;0
55069710;raka.prawira;1
55069712;adib.tamtama;1
55069713;abdulkarim;1
55069714;raka.prawira;1
55069726;raka.prawira;1
55069730;;0
55069732;adib.tamtama;1
55069733;;0
55069735;;0
55069738;;0
55069756;raka.prawira;1
55069759;abdulkarim;1
55069761;;0
55069770;abdulkarim;1
55069789;raka.prawira;1
55069796;raka.prawira;1
55069801;raka.prawira;1
55069804;raka.prawira;1
55069805;;0
55069818;adib.tamtama;1
55069824;adib.tamtama;1
55069835;raka.prawira;1
55069850;raka.prawira;1
55069856;hairuddin;1
55069860;;0
55069894;raka.prawira;1
55069898;raka.prawira;1
55069907;raka.prawira;1
55069929;raka.prawira;1
55069943;adib.tamtama;1
55069948;abdulkarim;1
55069950;adib.tamtama;1
55069960;hairuddin;1
55069968;;0
55069970;raka.prawira;1
55069973;;0
55069977;raka.prawira;1
55069980;;0
55069995;;0
55070007;raka.prawira;1
55070011;raka.prawira;1
55070020;raka.prawira;1
55070031;raka.prawira;1
55070049;raka.prawira;1
55070060;hairuddin;1
55070063;shoviatamara;1
55070085;;0
55070090;raka.prawira;1
55070098;raka.prawira;1
55070109;raka.prawira;1
55070114;abdulkarim;1
55070121;raka.prawira;1
55070131;raka.prawira;1
55070135;;0
55070169;;0
55070172;;0
55070174;;0
55070199;;0
55070211;raka.prawira;1
55070218;adib.tamtama;1
55070225;raka.prawira;1
55070226;raka.prawira;1
55070229;ahmadfaisal;1
55070261;;0
55070270;hairuddin;1
55070279;adib.tamtama;1
55070282;adib.tamtama;1
55070284;;0
55070291;adib.tamtama;1
55070293;raka.prawira;1
55070301;raka.prawira;1
55070308;;0
55070311;;0
55070312;;0
55070323;raka.prawira;1
55070324;;0
55070325;raka.prawira;1
55070337;raka.prawira;1
55070343;raka.prawira;1
55070353;;0
55070361;;0
55070373;hairuddin;1
55070376;raka.prawira;1
55070377;adib.tamtama;1
55070379;adib.tamtama;1
55070383;abdulkarim;1
55070432;raka.prawira;1
55070437;;0
55070451;;0
55070456;;0
55070462;;0
55070463;raka.prawira;1
55070467;shoviatamara;1
55070474;raka.prawira;1
55070477;raka.prawira;1
55070483;;0
55070489;;0
55070502;raka.prawira;1
55070514;adib.tamtama;1
55070517;raka.prawira;1
55070531;adib.tamtama;1
55070534;raka.prawira;1
55070536;raka.prawira;1
55070557;adib.tamtama;1
55070568;adib.tamtama;1
55070577;adib.tamtama;1
55070588;;0
55070589;abdulkarim;1
55070601;adib.tamtama;1
55070609;raka.prawira;1
55070613;;0
55070618;;0
55070628;raka.prawira;1
55070630;;0
55070641;adib.tamtama;1
55070646;;0
55070647;raka.prawira;1
55070648;raka.prawira;1
55070659;;0
55070661;raka.prawira;1
55070664;raka.prawira;1
55070665;shoviatamara;1
55070671;adib.tamtama;1
55070679;raka.prawira;1
55070688;;0
55070710;raka.prawira;1
55070716;raka.prawira;1
55070717;shoviatamara;1
55070727;;0
55070729;abdulkarim;1
55070731;raka.prawira;1
55070733;raka.prawira;1
55070736;adib.tamtama;1
55070738;;0
55070753;;0
55070758;hairuddin;1
55070765;raka.prawira;1
55070776;adib.tamtama;1
55070781;;0
55070789;raka.prawira;1
55070791;abdulkarim;1
55070796;;0
55070834;raka.prawira;1
55070839;adib.tamtama;1
55070853;adib.tamtama;1
55070855;;0
55070864;raka.prawira;1
55070866;;0
55070881;adib.tamtama;1
55070882;adib.tamtama;1
55070906;adib.tamtama;1
55070907;abdulkarim;1
55070923;;0
55070924;adib.tamtama;1
55070926;adib.tamtama;1
55070928;hairuddin;1
55070939;;0
55070941;raka.prawira;1
55070948;raka.prawira;1
55070949;;0
55070963;;0
55071004;raka.prawira;1
55071009;adib.tamtama;1
55071012;;0
55071020;adib.tamtama;1
55071023;;0
55071033;;0
55071034;adib.tamtama;1
55071038;raka.prawira;1
55071039;;0
55071045;abdulkarim;1
55071052;adib.tamtama;1
55071071;raka.prawira;1
55071081;raka.prawira;1
55071086;raka.prawira;1
55071095;;0
55071105;ahmadfaisal;1
55071106;;0
55071108;;0
55071115;raka.prawira;1
55071124;;0
55071126;;0
55071132;raka.prawira;1
55071133;raka.prawira;1
55071141;;0
55071144;raka.prawira;1
55071148;;0
55071150;;0
55071151;adib.tamtama;1
55071157;raka.prawira;1
55071164;adib.tamtama;1
55071166;;0
55071168;raka.prawira;1
55071170;;0
55071183;;0
55071188;abdulkarim;1
55071195;ahmadfaisal;1
55071201;raka.prawira;1
55071203;adib.tamtama;1
55071207;;0
55071211;;0
55071217;ahmadfaisal;1
55071224;adib.tamtama;1
55071227;hairuddin;1
55071231;adib.tamtama;1
55071240;abdulkarim;1
55071243;raka.prawira;1
55071255;adib.tamtama;1
55071265;raka.prawira;1
55071271;raka.prawira;1
55071272;;0
55071283;adib.tamtama;1
55071287;;0
55071294;;0
55071306;raka.prawira;1
55071309;;0
55071338;raka.prawira;1
55071339;raka.prawira;1
55071346;adib.tamtama;1
55071355;;0
55071388;adib.tamtama;1
55071434;raka.prawira;1
55071447;hairuddin;1
55071455;raka.prawira;1
55071478;abdulkarim;1
55071480;shoviatamara;1
55071489;;0
55071491;raka.prawira;1
55071497;;0
55071501;raka.prawira;1
55071505;;0
55071507;adib.tamtama;1
55071516;adib.tamtama;1
55071522;raka.prawira;1
55071529;raka.prawira;1
55071533;;0
55071535;raka.prawira;1
55071536;adib.tamtama;1
55071551;raka.prawira;1
55071572;;0
55071585;;0
55071589;;0
55071600;;0
55071606;adib.tamtama;1
55071613;raka.prawira;1
55071638;abdulkarim;1
55071642;;0
55071644;;0
55071646;;0
55071658;;0
55071661;;0
55071664;abdulkarim;1
55071667;;0
55071676;raka.prawira;1
55071694;adib.tamtama;1
55071695;raka.prawira;1
55071701;hairuddin;1
55071703;raka.prawira;1
55071704;;0
55071705;raka.prawira;1
55071723;shoviatamara;1
55071730;;0
55071731;raka.prawira;1
55071746;raka.prawira;1
55071747;;0
55071758;raka.prawira;1
55071761;abdulkarim;1
55071781;hairuddin;1
55071782;abdulkarim;1
55071784;abdulkarim;1
55071786;shoviatamara;1
55071807;hairuddin;1
55071822;adib.tamtama;1
55071829;adib.tamtama;1
55071831;raka.prawira;1
55071842;adib.tamtama;1
55071850;raka.prawira;1
55071851;raka.prawira;1
55071855;;0
55071860;raka.prawira;1
55071862;raka.prawira;1
55071866;abdulkarim;1
55071879;adib.tamtama;1
55071880;raka.prawira;1
55071884;;0
55071891;;0
55071896;abdulkarim;1
55071923;raka.prawira;1
55071927;adib.tamtama;1
55071951;;0
55071952;;0
55071959;abdulkarim;1
55071982;raka.prawira;1
55071997;raka.prawira;1
55072003;hairuddin;1
55072005;adib.tamtama;1
55072019;hairuddin;1
55072022;raka.prawira;1
55072024;raka.prawira;1
55072030;shoviatamara;1
55072055;adib.tamtama;1
55072066;;0
55072074;abdulkarim;1
55072082;raka.prawira;1
55072085;adib.tamtama;1
55072097;raka.prawira;1
55072104;hairuddin;1
55072110;adib.tamtama;1
55072124;hairuddin;1
55072129;raka.prawira;1
55072142;;0
55072147;raka.prawira;1
55072150;adib.tamtama;1
55072154;;0
55072159;raka.prawira;1
55072194;;0
55072196;abdulkarim;1
55072199;;0
55072238;raka.prawira;1
55072244;adib.tamtama;1
55072255;raka.prawira;1
55072258;adib.tamtama;1
55072260;adib.tamtama;1
55072263;;0
55072267;abdulkarim;1
55072272;adib.tamtama;1
55072273;;0
55072281;adib.tamtama;1
55072291;adib.tamtama;1
55072310;;0
55072316;;0
55072324;raka.prawira;1
55072337;;0
55072349;adib.tamtama;1
55072350;adib.tamtama;1
55072351;;0
55072357;adib.tamtama;1
55072360;;0
55072367;shoviatamara;1
55072372;adib.tamtama;1
55072381;adib.tamtama;1
55072396;;0
55072405;adib.tamtama;1
55072420;raka.prawira;1
55072437;;0
55072443;raka.prawira;1
55072446;;0
55072452;raka.prawira;1
55072456;raka.prawira;1
55072463;raka.prawira;1
55072465;adib.tamtama;1
55072466;;0
55072467;raka.prawira;1
55072507;raka.prawira;1
55072533;;0
55072542;raka.prawira;1
55072552;adib.tamtama;1
55072560;adib.tamtama;1
55072564;abdulkarim;1
55072571;adib.tamtama;1
55072583;raka.prawira;1
55072612;adib.tamtama;1
55072618;;0
55072626;;0
55072635;abdulkarim;1
55072636;hairuddin;1
55072640;adib.tamtama;1
55072647;abdulkarim;1
55072656;adib.tamtama;1
55072664;;0
55072667;adib.tamtama;1
55072687;;0
55072689;;0
55072690;;0
55072692;adib.tamtama;1
55072694;adib.tamtama;1
55072706;raka.prawira;1
55072707;raka.prawira;1
55072712;raka.prawira;1
55072714;adib.tamtama;1
55072738;raka.prawira;1
55072739;adib.tamtama;1
55072749;;0
55072761;hairuddin;1
55072765;hairuddin;1
55072768;raka.prawira;1
55072771;raka.prawira;1
55072772;shoviatamara;1
55072783;hairuddin;1
55072822;raka.prawira;1
55072825;raka.prawira;1
55072832;;0
55072839;adib.tamtama;1
55072843;adib.tamtama;1
55072846;raka.prawira;1
55072874;raka.prawira;1
55072889;adib.tamtama;1
55072893;raka.prawira;1
55072903;raka.prawira;1
55072911;raka.prawira;1
55072912;raka.prawira;1
55072917;adib.tamtama;1
55072939;abdulkarim;1
55072942;raka.prawira;1
55072947;;0
55072952;;0
55072963;raka.prawira;1
55072964;raka.prawira;1
55072974;;0
55072990;raka.prawira;1
55072998;adib.tamtama;1
55073005;raka.prawira;1
55073011;hairuddin;1
55073015;raka.prawira;1
55073042;raka.prawira;1
55073047;raka.prawira;1
55073049;adib.tamtama;1
55073053;abdulkarim;1
55073065;;0
55073071;;0
55073082;;0
55073083;raka.prawira;1
55073086;adib.tamtama;1
55073088;raka.prawira;1
55073095;;0
55073100;adib.tamtama;1
55073109;;0
55073117;abdulkarim;1
55073122;raka.prawira;1
55073128;;0
55073131;;0
55073143;abdulkarim;1
55073146;adib.tamtama;1
55073164;raka.prawira;1
55073168;raka.prawira;1
55073173;adib.tamtama;1
55073174;;0
55073179;raka.prawira;1
55073198;;0
55073199;raka.prawira;1
55073202;raka.prawira;1
55073215;raka.prawira;1
55073255;;0
55073260;hairuddin;1
55073270;adib.tamtama;1
55073277;raka.prawira;1
55073279;abdulkarim;1
55073282;adib.tamtama;1
55073285;raka.prawira;1
55073286;raka.prawira;1
55073324;adib.tamtama;1
55073325;adib.tamtama;1
55073366;;0
55073376;raka.prawira;1
55073386;abdulkarim;1
55073387;raka.prawira;1
55073395;raka.prawira;1
55073421;;0
55073424;raka.prawira;1
55073427;raka.prawira;1
55073428;;0
55073436;adib.tamtama;1
55073442;;0
55073455;raka.prawira;1
55073457;raka.prawira;1
55073470;;0
55073471;abdulkarim;1
55073479;shoviatamara;1
55073483;raka.prawira;1
55073504;abdulkarim;1
55073514;;0
55073519;raka.prawira;1
55073529;raka.prawira;1
55073538;adib.tamtama;1
55073554;raka.prawira;1
55073556;raka.prawira;1
55073560;raka.prawira;1
55073574;hairuddin;1
55073575;abdulkarim;1
55073606;;0
55073613;adib.tamtama;1
55073615;shoviatamara;1
55073638;abdulkarim;1
55073643;raka.prawira;1
55073658;adib.tamtama;1
55073668;adib.tamtama;1
55073687;raka.prawira;1
55073708;adib.tamtama;1
55073719;;0
55073728;raka.prawira;1
55073732;abdulkarim;1
55073743;;0
55073748;raka.prawira;1
55073754;;0
55073756;adib.tamtama;1
55073758;adib.tamtama;1
55073765;raka.prawira;1
55073771;;0
55073774;adib.tamtama;1
55073776;raka.prawira;1
55073797;raka.prawira;1
55073802;raka.prawira;1
55073804;abdulkarim;1
55073809;;0
55073814;raka.prawira;1
55073822;hairuddin;1
55073824;;0
55073830;;0
55073831;abdulkarim;1
55073840;adib.tamtama;1
55073851;raka.prawira;1
55073857;;0
55073859;raka.prawira;1
55073865;adib.tamtama;1
55073866;raka.prawira;1
55073870;adib.tamtama;1
55073880;raka.prawira;1
55073889;abdulkarim;1
55073894;;0
55073906;raka.prawira;1
55073910;raka.prawira;1
55073915;adib.tamtama;1
55073919;;0
55073926;abdulkarim;1
55073934;;0
55073954;adib.tamtama;1
55073987;adib.tamtama;1
55073993;raka.prawira;1
55073999;;0
55074007;;0
55074010;raka.prawira;1
55074011;adib.tamtama;1
55074031;raka.prawira;1
55074043;abdulkarim;1
55074050;;0
55074052;;0
55074057;;0
55074059;raka.prawira;1
55074069;adib.tamtama;1
55074100;;0
55074103;raka.prawira;1
55074108;shoviatamara;1
55074110;;0
55074112;;0
55074115;;0
55074116;raka.prawira;1
55074122;raka.prawira;1
55074140;raka.prawira;1
55074143;adib.tamtama;1
55074144;;0
55074171;raka.prawira;1
55074175;adib.tamtama;1
55074196;adib.tamtama;1
55074200;adib.tamtama;1
55074204;;0
55074205;adib.tamtama;1
55074214;raka.prawira;1
55074218;adib.tamtama;1
55074229;adib.tamtama;1
55074231;raka.prawira;1
55074242;abdulkarim;1
55074243;adib.tamtama;1
55074245;raka.prawira;1
55074250;raka.prawira;1
55074276;;0
55074277;hairuddin;1
55074283;;0
55074292;hairuddin;1
55074295;raka.prawira;1
55074297;adib.tamtama;1
55074301;adib.tamtama;1
55074309;raka.prawira;1
55074311;;0
55074318;ahmadfaisal;1
55074328;ahmadfaisal;1
55074332;;0
55074342;raka.prawira;1
55074344;raka.prawira;1
55074363;raka.prawira;1
55074371;raka.prawira;1
55074372;raka.prawira;1
55074375;raka.prawira;1
55074395;adib.tamtama;1
55074410;raka.prawira;1
55074418;adib.tamtama;1
55074422;abdulkarim;1
55074436;raka.prawira;1
55074466;raka.prawira;1
55074483;raka.prawira;1
55074487;shoviatamara;1
55074493;raka.prawira;1
55074507;adib.tamtama;1
55074515;raka.prawira;1
55074517;abdulkarim;1
55074533;;0
55074542;raka.prawira;1
55074543;raka.prawira;1
55074545;adib.tamtama;1
55074549;abdulkarim;1
55074553;raka.prawira;1
55074555;adib.tamtama;1
55074557;raka.prawira;1
55074563;;0
55074564;hairuddin;1
55074566;adib.tamtama;1
55074574;;0
55074579;hairuddin;1
55074582;raka.prawira;1
55074585;adib.tamtama;1
55074592;adib.tamtama;1
55074601;adib.tamtama;1
55074623;;0
55074626;raka.prawira;1
55074629;raka.prawira;1
55074631;raka.prawira;1
55074632;raka.prawira;1
55074640;;0
55074641;raka.prawira;1
55074642;raka.prawira;1
55074653;;0
55074656;abdulkarim;1
55074663;raka.prawira;1
55074666;raka.prawira;1
55074679;raka.prawira;1
55074686;;0
55074695;raka.prawira;1
55074697;raka.prawira;1
55074698;hairuddin;1
55074708;raka.prawira;1
55074710;raka.prawira;1
55074721;;0
55074731;adib.tamtama;1
55074741;hairuddin;1
55074750;;0
55074755;raka.prawira;1
55074757;raka.prawira;1
55074776;;0
55074784;;0
55074785;raka.prawira;1
55074791;abdulkarim;1
55074797;raka.prawira;1
55074801;raka.prawira;1
55074802;adib.tamtama;1
55074803;hairuddin;1
55074806;raka.prawira;1
55074836;adib.tamtama;1
55074845;raka.prawira;1
55074864;raka.prawira;1
55074882;;0
55074895;raka.prawira;1
55074900;;0
55074904;raka.prawira;1
55074919;adib.tamtama;1
55074923;raka.prawira;1
55074939;abdulkarim;1
55074942;;0
55074944;adib.tamtama;1
55074973;ahmadfaisal;1
55074976;raka.prawira;1
55074981;raka.prawira;1
55074984;raka.prawira;1
55074985;adib.tamtama;1
55074997;;0
55075016;;0
55075017;;0
55075039;raka.prawira;1
55075045;abdulkarim;1
55075052;;0
55075060;raka.prawira;1
55075069;;0
55075098;raka.prawira;1
55075101;adib.tamtama;1
55075108;abdulkarim;1
55075115;raka.prawira;1
55075128;raka.prawira;1
55075135;raka.prawira;1
55075142;raka.prawira;1
55075144;adib.tamtama;1
55075147;raka.prawira;1
55075156;adib.tamtama;1
55075164;;0
55075167;adib.tamtama;1
55075180;raka.prawira;1
55075181;abdulkarim;1
55075182;;0
55075183;;0
55075186;abdulkarim;1
55075187;raka.prawira;1
55075195;adib.tamtama;1
55075203;raka.prawira;1
55075208;hairuddin;1
55075226;hairuddin;1
55075233;;0
55075242;hairuddin;1
55075252;adib.tamtama;1
55075254;raka.prawira;1
55075257;;0
55075264;raka.prawira;1
55075271;hairuddin;1
55075276;raka.prawira;1
55075283;raka.prawira;1
55075290;adib.tamtama;1
55075296;raka.prawira;1
55075305;;0
55075313;raka.prawira;1
55075319;hairuddin;1
55075335;;0
55075337;raka.prawira;1
55075348;hairuddin;1
55075352;;0
55075356;adib.tamtama;1
55075358;raka.prawira;1
55075367;hairuddin;1
55075369;raka.prawira;1
55075380;;0
55075381;raka.prawira;1
55075384;adib.tamtama;1
55075385;hairuddin;1
55075394;raka.prawira;1
55075405;raka.prawira;1
55075409;adib.tamtama;1
55075414;adib.tamtama;1
55075418;;0
55075421;raka.prawira;1
55075425;adib.tamtama;1
55075446;;0
55075447;;0
55075448;hairuddin;1
55075451;abdulkarim;1
55075453;raka.prawira;1
55075454;raka.prawira;1
55075455;hairuddin;1
55075466;raka.prawira;1
55075487;;0
55075493;adib.tamtama;1
55075502;adib.tamtama;1
55075503;raka.prawira;1
55075514;;0
55075521;abdulkarim;1
55075532;raka.prawira;1
55075533;hairuddin;1
55075539;adib.tamtama;1
55075552;hairuddin;1
55075564;hairuddin;1
55075570;raka.prawira;1
55075592;adib.tamtama;1
55075597;;0
55075598;abdulkarim;1
55075606;ahmadfaisal;1
55075613;;0
55075614;raka.prawira;1
55075618;adib.tamtama;1
55075620;raka.prawira;1
55075624;adib.tamtama;1
55075639;abdulkarim;1
55075641;adib.tamtama;1
55075644;;0
55075659;raka.prawira;1
55075679;hairuddin;1
55075696;raka.prawira;1
55075700;abdulkarim;1
55075702;raka.prawira;1
55075717;raka.prawira;1
55075720;adib.tamtama;1
55075721;hairuddin;1
55075725;;0
55075729;raka.prawira;1
55075740;shoviatamara;1
55075744;raka.prawira;1
55075747;;0
55075748;;0
55075753;shoviatamara;1
55075754;adib.tamtama;1
55075755;;0
55075766;raka.prawira;1
55075770;raka.prawira;1
55075775;shoviatamara;1
55075781;;0
55075788;;0
55075797;;0
55075808;;0
55075812;raka.prawira;1
55075816;abdulkarim;1
55075823;raka.prawira;1
55075825;hairuddin;1
55075828;raka.prawira;1
55075832;raka.prawira;1
55075836;raka.prawira;1
55075857;adib.tamtama;1
55075868;adib.tamtama;1
55075869;shoviatamara;1
55075875;raka.prawira;1
55075876;raka.prawira;1
55075886;raka.prawira;1
55075891;raka.prawira;1
55075900;;0
55075911;hairuddin;1
55075914;hairuddin;1
55075915;raka.prawira;1
55075940;adib.tamtama;1
55075941;raka.prawira;1
55075943;raka.prawira;1
55075944;hairuddin;1
55075948;adib.tamtama;1
55075949;;0
55075950;raka.prawira;1
55075951;abdulkarim;1
55075966;;0
55075971;raka.prawira;1
55075996;hairuddin;1
55076026;;0
55076028;raka.prawira;1
55076032;hairuddin;1
55076044;;0
55076051;;0
55076055;shoviatamara;1
55076059;raka.prawira;1
55076062;;0
55076069;adib.tamtama;1
55076077;abdulkarim;1
55076084;shoviatamara;1
55076098;;0
55076107;;0
55076112;raka.prawira;1
55076126;;0
55076129;abdulkarim;1
55076131;;0
55076138;adib.tamtama;1
55076139;abdulkarim;1
55076147;hairuddin;1
55076165;raka.prawira;1
55076173;;0
55076184;raka.prawira;1
55076194;abdulkarim;1
55076206;;0
55076214;adib.tamtama;1
55076221;adib.tamtama;1
55076243;abdulkarim;1
55076250;hairuddin;1
55076256;raka.prawira;1
55076258;shoviatamara;1
55076280;abdulkarim;1
55076283;;0
55076291;adib.tamtama;1
55076294;hairuddin;1
55076301;adib.tamtama;1
55076304;;0
55076305;;0
55076316;hairuddin;1
55076317;abdulkarim;1
55076322;raka.prawira;1
55076323;raka.prawira;1
55076325;;0
55076330;;0
55076333;raka.prawira;1
55076340;raka.prawira;1
55076344;;0
55076346;;0
55076357;raka.prawira;1
55076366;shoviatamara;1
55076371;raka.prawira;1
55076375;raka.prawira;1
55076387;shoviatamara;1
55076389;adib.tamtama;1
55076402;raka.prawira;1
55076415;adib.tamtama;1
55076418;raka.prawira;1
55076432;;0
55076437;;0
55076439;adib.tamtama;1
55076445;;0
55076447;raka.prawira;1
55076464;raka.prawira;1
55076478;raka.prawira;1
55076480;adib.tamtama;1
55076481;hairuddin;1
55076482;shoviatamara;1
55076496;;0
55076513;hairuddin;1
55076522;raka.prawira;1
55076526;raka.prawira;1
55076540;raka.prawira;1
55076561;raka.prawira;1
55076562;;0
55076563;;0
55076573;;0
55076599;raka.prawira;1
55076603;raka.prawira;1
55076619;;0
55076623;adib.tamtama;1
55076628;abdulkarim;1
55076629;hairuddin;1
55076631;;0
55076637;;0
55076639;adib.tamtama;1
55076647;raka.prawira;1
55076674;raka.prawira;1
55076683;raka.prawira;1
55076690;;0
55076693;adib.tamtama;1
55076697;adib.tamtama;1
55076707;;0
55076709;abdulkarim;1
55076717;raka.prawira;1
55076758;adib.tamtama;1
55076760;adib.tamtama;1
55076768;;0
55076781;raka.prawira;1
55076782;raka.prawira;1
55076784;raka.prawira;1
55076785;adib.tamtama;1
55076790;raka.prawira;1
55076816;raka.prawira;1
55076822;adib.tamtama;1
55076829;adib.tamtama;1
55076835;adib.tamtama;1
55076836;;0
55076844;adib.tamtama;1
55076854;raka.prawira;1
55076855;adib.tamtama;1
55076857;ahmadfaisal;1
55076860;raka.prawira;1
55076864;adib.tamtama;1
55076879;adib.tamtama;1
55076886;adib.tamtama;1
55076909;;0
55076926;raka.prawira;1
55076936;adib.tamtama;1
55076954;raka.prawira;1
55076956;shoviatamara;1
55076959;raka.prawira;1
55076961;;0
55076973;;0
55076979;;0
55076980;adib.tamtama;1
55076982;raka.prawira;1
55076988;adib.tamtama;1
55076991;raka.prawira;1
55077014;adib.tamtama;1
55077035;adib.tamtama;1
55077036;raka.prawira;1
55077046;adib.tamtama;1
55077066;;0
55077088;abdulkarim;1
55077105;raka.prawira;1
55077124;adib.tamtama;1
55077127;;0
55077136;raka.prawira;1
55077148;hairuddin;1
55077171;raka.prawira;1
55077172;raka.prawira;1
55077174;ahmadfaisal;1
55077210;adib.tamtama;1
55077212;adib.tamtama;1
55077213;adib.tamtama;1
55077222;;0
55077240;adib.tamtama;1
55077255;;0
55077256;raka.prawira;1
55077257;raka.prawira;1
55077273;shoviatamara;1
55077276;raka.prawira;1
55077282;adib.tamtama;1
55077283;;0
55077293;abdulkarim;1
55077319;adib.tamtama;1
55077325;;0
55077335;adib.tamtama;1
55077344;adib.tamtama;1
55077346;shoviatamara;1
55077350;adib.tamtama;1
55077354;adib.tamtama;1
55077366;raka.prawira;1
55077368;raka.prawira;1
55077370;adib.tamtama;1
55077382;;0
55077386;raka.prawira;1
55077394;adib.tamtama;1
55077395;raka.prawira;1
55077398;hairuddin;1
55077418;raka.prawira;1
55077439;raka.prawira;1
55077440;adib.tamtama;1
55077449;;0
55077499;raka.prawira;1
55077500;adib.tamtama;1
55077511;raka.prawira;1
55097734;;0
55097744;adib.tamtama;1
55097748;raka.prawira;1
55097754;hairuddin;1
55097766;raka.prawira;1
55097774;adib.tamtama;1
55097776;adib.tamtama;1
55097783;;0
55097785;adib.tamtama;1
55097791;;0
55097804;raka.prawira;1
55097809;;0
55097816;raka.prawira;1
55097819;adib.tamtama;1
55097824;;0
55097826;;0
55097848;adib.tamtama;1
55097849;;0
55097857;abdulkarim;1
55097871;;0
55097874;raka.prawira;1
55097879;adib.tamtama;1
55097885;;0
55097894;;0
55097897;raka.prawira;1
55097901;adib.tamtama;1
55097920;abdulkarim;1
55097926;adib.tamtama;1
55097943;raka.prawira;1
55097950;adib.tamtama;1
55097951;raka.prawira;1
55097958;abdulkarim;1
55097967;;0
55097972;;0
55097994;raka.prawira;1
55097999;;0
55098027;raka.prawira;1
55098032;;0
55098036;raka.prawira;1
55098043;adib.tamtama;1
55098055;raka.prawira;1
55098066;;0
55098070;hairuddin;1
55098074;raka.prawira;1
55098079;raka.prawira;1
55098087;adib.tamtama;1
55098092;raka.prawira;1
55098094;raka.prawira;1
55098097;raka.prawira;1
55098099;abdulkarim;1
55098100;adib.tamtama;1
55098104;raka.prawira;1
55098109;raka.prawira;1
55098111;hairuddin;1
55098121;;0
55098125;abdulkarim;1
55098128;raka.prawira;1
55098143;shoviatamara;1
55098147;;0
55098149;;0
55098151;;0
55098158;raka.prawira;1
55098171;adib.tamtama;1
55098186;abdulkarim;1
55098187;raka.prawira;1
55098191;adib.tamtama;1
55098196;shoviatamara;1
55098210;abdulkarim;1
55098223;raka.prawira;1
55098230;raka.prawira;1
55098233;adib.tamtama;1
55098235;;0
55098242;adib.tamtama;1
55098264;adib.tamtama;1
55098267;adib.tamtama;1
55098271;raka.prawira;1
55098274;adib.tamtama;1
55098283;raka.prawira;1
55098284;adib.tamtama;1
55098288;;0
55098308;;0
55098310;hairuddin;1
55098327;;0
55098328;;0
55098389;adib.tamtama;1
55098420;;0
55098424;;0
55098430;raka.prawira;1
55098432;raka.prawira;1
55098445;shoviatamara;1
55098448;abdulkarim;1
55098455;adib.tamtama;1
55098477;adib.tamtama;1
55098498;raka.prawira;1
55098502;raka.prawira;1
55098504;raka.prawira;1
55098521;abdulkarim;1
55098531;adib.tamtama;1
55098548;raka.prawira;1
55098549;adib.tamtama;1
55098573;raka.prawira;1
55098580;adib.tamtama;1
55098581;adib.tamtama;1
55098591;raka.prawira;1
55098607;;0
55098616;abdulkarim;1
55098619;raka.prawira;1
55098625;raka.prawira;1
55098650;adib.tamtama;1
55098657;;0
55098661;;0
55098674;raka.prawira;1
55098678;;0
55098697;;0
55098708;adib.tamtama;1
55098711;raka.prawira;1
55098715;;0
55098716;raka.prawira;1
55098721;raka.prawira;1
55098727;adib.tamtama;1
55098728;;0
55098733;abdulkarim;1
55098746;raka.prawira;1
55098748;shoviatamara;1
55098752;;0
55098757;raka.prawira;1
55098759;raka.prawira;1
55098760;abdulkarim;1
55098807;adib.tamtama;1
55098822;ahmadfaisal;1
55098827;raka.prawira;1
55098828;raka.prawira;1
55098859;adib.tamtama;1
55098869;raka.prawira;1
55098873;shoviatamara;1
55098876;;0
55098887;raka.prawira;1
55098901;adib.tamtama;1
55098906;raka.prawira;1
55098914;;0
55098921;adib.tamtama;1
55098925;ahmadfaisal;1
55098930;;0
55098932;raka.prawira;1
55098933;raka.prawira;1
55098935;hairuddin;1
55098936;hairuddin;1
55098938;abdulkarim;1
55098941;adib.tamtama;1
55098948;adib.tamtama;1
55098956;raka.prawira;1
55098958;adib.tamtama;1
55098963;adib.tamtama;1
55098964;raka.prawira;1
55098967;;0
55098970;;0
55098978;raka.prawira;1
55098982;raka.prawira;1
55098988;raka.prawira;1
55099005;abdulkarim;1
55099021;;0
55099023;raka.prawira;1
55099031;abdulkarim;1
55099053;raka.prawira;1
55099054;raka.prawira;1
55099057;;0
55099068;;0
55099071;;0
55099075;;0
55099080;;0
55099087;;0
55099091;adib.tamtama;1
55099092;hairuddin;1
55099094;ahmadfaisal;1
55099102;adib.tamtama;1
55099104;raka.prawira;1
55099106;raka.prawira;1
55099119;;0
55099128;adib.tamtama;1
55099150;adib.tamtama;1
55099151;raka.prawira;1
55099160;;0
55099163;raka.prawira;1
55099167;raka.prawira;1
55099168;raka.prawira;1
55099171;raka.prawira;1
55099173;raka.prawira;1
55099181;;0
55099190;raka.prawira;1
55099221;;0
55099223;raka.prawira;1
55099238;hairuddin;1
55099255;;0
55099257;adib.tamtama;1
55099264;raka.prawira;1
55099274;hairuddin;1
55099277;raka.prawira;1
55099286;raka.prawira;1
55099292;raka.prawira;1
55099308;raka.prawira;1
55099314;hairuddin;1
55099325;shoviatamara;1
55099337;shoviatamara;1
55099344;abdulkarim;1
55099345;raka.prawira;1
55099352;;0
55099355;adib.tamtama;1
55099359;adib.tamtama;1
55099360;raka.prawira;1
55099365;raka.prawira;1
55099382;raka.prawira;1
55099383;raka.prawira;1
55099389;hairuddin;1
55099414;adib.tamtama;1
55099415;;0
55099419;raka.prawira;1
55099438;raka.prawira;1
55099440;abdulkarim;1
55099441;raka.prawira;1
55099458;abdulkarim;1
55099461;;0
55099474;raka.prawira;1
55099478;adib.tamtama;1
55099482;;0
55099484;;0
55099486;raka.prawira;1
55099499;adib.tamtama;1
55099503;adib.tamtama;1
55099511;raka.prawira;1
55099513;raka.prawira;1
55099520;;0
55099561;adib.tamtama;1
55099565;abdulkarim;1
55099582;;0
55099584;raka.prawira;1
55099585;;0
55099591;shoviatamara;1
55099592;adib.tamtama;1
55099596;raka.prawira;1
55099597;;0
55099602;ahmadfaisal;1
55099606;raka.prawira;1
55099613;;0
55099635;abdulkarim;1
55099643;raka.prawira;1
55099657;raka.prawira;1
55099660;abdulkarim;1
55099665;hairuddin;1
55099668;hairuddin;1
55099696;raka.prawira;1
55099706;hairuddin;1
55099707;;0
55099708;abdulkarim;1
55099725;abdulkarim;1
55099733;adib.tamtama;1
55099735;;0
55099745;;0
55099756;adib.tamtama;1
55099766;;0
55099774;;0
55099776;raka.prawira;1
55099778;hairuddin;1
55099798;adib.tamtama;1
55099811;shoviatamara;1
55099821;hairuddin;1
55099823;adib.tamtama;1
55099833;hairuddin;1
55099843;hairuddin;1
55099845;adib.tamtama;1
55099846;;0
55099847;raka.prawira;1
55099854;adib.tamtama;1
55099874;shoviatamara;1
55099881;abdulkarim;1
55099883;adib.tamtama;1
55099885;adib.tamtama;1
55099892;abdulkarim;1
55099893;;0
55099896;abdulkarim;1
55099898;adib.tamtama;1
55099917;;0
55099925;abdulkarim;1
55099929;abdulkarim;1
55099948;shoviatamara;1
55099952;raka.prawira;1
55099967;adib.tamtama;1
55099995;;0
55100000;adib.tamtama;1
55100002;;0
55100012;raka.prawira;1
55100017;adib.tamtama;1
55100033;raka.prawira;1
55100036;adib.tamtama;1
55100047;adib.tamtama;1
55100049;raka.prawira;1
55100054;;0
55100059;;0
55100073;raka.prawira;1
55100075;ahmadfaisal;1
55100080;abdulkarim;1
55100082;raka.prawira;1
55100099;;0
55100104;adib.tamtama;1
55100110;raka.prawira;1
55100112;raka.prawira;1
55100118;adib.tamtama;1
55100125;hairuddin;1
55100134;raka.prawira;1
55100151;raka.prawira;1
55100152;;0
55100153;;0
55100159;;0
55100165;;0
55100166;adib.tamtama;1
55100172;;0
55100177;;0
55100179;adib.tamtama;1
55100193;;0
55100197;hairuddin;1
55100201;;0
55100211;adib.tamtama;1
55100218;raka.prawira;1
55100219;raka.prawira;1
55100222;raka.prawira;1
55100225;adib.tamtama;1
55100228;adib.tamtama;1
55100231;;0
55100239;raka.prawira;1
55100244;adib.tamtama;1
55100255;raka.prawira;1
55100259;raka.prawira;1
55100265;raka.prawira;1
55100273;abdulkarim;1
55100278;;0
55100283;abdulkarim;1
55100286;;0
55100302;raka.prawira;1
55100318;raka.prawira;1
55100323;adib.tamtama;1
55100340;adib.tamtama;1
55100347;adib.tamtama;1
55100349;hairuddin;1
55100358;raka.prawira;1
55100377;raka.prawira;1
55100386;adib.tamtama;1
55100392;adib.tamtama;1
55100395;raka.prawira;1
55100396;;0
55100398;raka.prawira;1
55100413;adib.tamtama;1
55100419;raka.prawira;1
55100428;raka.prawira;1
55100434;raka.prawira;1
55100436;raka.prawira;1
55100448;adib.tamtama;1
55100450;raka.prawira;1
55100454;raka.prawira;1
55100456;;0
55100457;raka.prawira;1
55100465;adib.tamtama;1
55100469;;0
55100474;adib.tamtama;1
55100476;adib.tamtama;1
55100484;raka.prawira;1
55100485;;0
55100496;abdulkarim;1
55100514;adib.tamtama;1
55100534;;0
55100536;;0
55100537;raka.prawira;1
55100550;raka.prawira;1
55100569;adib.tamtama;1
55100577;raka.prawira;1
55100591;hairuddin;1
55100603;hairuddin;1
55100607;raka.prawira;1
55100608;raka.prawira;1
55100617;;0
55100623;hairuddin;1
55100624;ahmadfaisal;1
55100625;;0
55100629;raka.prawira;1
55100641;raka.prawira;1
55100644;raka.prawira;1
55100647;adib.tamtama;1
55100653;abdulkarim;1
55100657;raka.prawira;1
55100684;raka.prawira;1
55100704;adib.tamtama;1
55100707;;0
55100709;raka.prawira;1
55100713;adib.tamtama;1
55100718;raka.prawira;1
55100732;adib.tamtama;1
55100737;adib.tamtama;1
55100750;shoviatamara;1
55100773;;0
55100774;adib.tamtama;1
55100779;abdulkarim;1
55100780;abdulkarim;1
55100783;;0
55100784;raka.prawira;1
55100789;;0
55100797;raka.prawira;1
55100812;abdulkarim;1
55100817;;0
55100828;adib.tamtama;1
55100852;raka.prawira;1
55100862;raka.prawira;1
55100866;raka.prawira;1
55100878;;0
55100879;raka.prawira;1
55100880;raka.prawira;1
55100882;abdulkarim;1
55100886;abdulkarim;1
55100889;raka.prawira;1
55100897;hairuddin;1
55100898;raka.prawira;1
55100901;raka.prawira;1
55100903;raka.prawira;1
55100914;raka.prawira;1
55100919;abdulkarim;1
55100922;raka.prawira;1
55100944;;0
55100956;raka.prawira;1
55100966;adib.tamtama;1
55100971;;0
55100989;abdulkarim;1
55101011;raka.prawira;1
55101012;raka.prawira;1
55101024;adib.tamtama;1
55101026;adib.tamtama;1
55101037;raka.prawira;1
55101041;shoviatamara;1
55101042;raka.prawira;1
55101048;abdulkarim;1
55101055;hairuddin;1
55101058;raka.prawira;1
55101070;adib.tamtama;1
55101074;adib.tamtama;1
55101080;adib.tamtama;1
55101081;abdulkarim;1
55101113;raka.prawira;1
55101122;adib.tamtama;1
55101124;raka.prawira;1
55101134;adib.tamtama;1
55101141;adib.tamtama;1
55101146;;0
55101150;;0
55101186;;0
55101234;raka.prawira;1
55101249;raka.prawira;1
55101250;hairuddin;1
55101266;raka.prawira;1
55101270;adib.tamtama;1
55101278;raka.prawira;1
55101295;raka.prawira;1
55101306;raka.prawira;1
55101356;raka.prawira;1
55101373;raka.prawira;1
55101376;adib.tamtama;1
55101377;abdulkarim;1
55101384;raka.prawira;1
55101390;abdulkarim;1
55101392;adib.tamtama;1
55101397;adib.tamtama;1
55101407;;0
55101418;adib.tamtama;1
55101424;hairuddin;1
55101435;raka.prawira;1
55101449;adib.tamtama;1
55101465;raka.prawira;1
55101480;adib.tamtama;1
55101493;;0
55101496;raka.prawira;1
55101507;raka.prawira;1
55101517;adib.tamtama;1
55101519;adib.tamtama;1
55101532;abdulkarim;1
55101534;adib.tamtama;1
55101541;;0
55101546;raka.prawira;1
55101550;adib.tamtama;1
55101570;raka.prawira;1
55101572;hairuddin;1
55101576;raka.prawira;1
55101582;abdulkarim;1
55101597;adib.tamtama;1
55101599;adib.tamtama;1
55101606;abdulkarim;1
55101637;hairuddin;1
55101645;raka.prawira;1
55101657;hairuddin;1
55101662;adib.tamtama;1
55101668;abdulkarim;1
55101670;;0
55101678;;0
55101681;raka.prawira;1
55101693;adib.tamtama;1
55101695;abdulkarim;1
55101699;adib.tamtama;1
55101710;;0
55101717;;0
55101718;ahmadfaisal;1
55101736;adib.tamtama;1
55101738;raka.prawira;1
55101743;abdulkarim;1
55101745;raka.prawira;1
55101747;;0
55101751;abdulkarim;1
55101756;;0
55101763;;0
55101769;abdulkarim;1
55101772;;0
55101781;raka.prawira;1
55101783;;0
55101786;raka.prawira;1
55101803;ahmadfaisal;1
55101809;adib.tamtama;1
55101815;adib.tamtama;1
55101819;adib.tamtama;1
55101820;adib.tamtama;1
55101828;abdulkarim;1
55101829;adib.tamtama;1
55101833;raka.prawira;1
55101853;;0
55101861;abdulkarim;1
55101867;adib.tamtama;1
55101872;adib.tamtama;1
55101883;abdulkarim;1
55101894;hairuddin;1
55101902;hairuddin;1
55101907;;0
55101912;raka.prawira;1
55101920;;0
55101921;raka.prawira;1
55101926;raka.prawira;1
55101949;;0
55101964;raka.prawira;1
55101966;;0
55101980;raka.prawira;1
55101990;hairuddin;1
55101991;raka.prawira;1
55102011;raka.prawira;1
55102014;raka.prawira;1
55102027;;0
55102037;adib.tamtama;1
55102041;raka.prawira;1
55102052;raka.prawira;1
55102053;shoviatamara;1
55102060;adib.tamtama;1
55102066;;0
55102079;adib.tamtama;1
55102083;adib.tamtama;1
55102096;adib.tamtama;1
55102098;;0
55102103;raka.prawira;1
55102112;;0
55102114;;0
55102115;adib.tamtama;1
55102122;raka.prawira;1
55102125;raka.prawira;1
55102135;adib.tamtama;1
55102141;abdulkarim;1
55102148;adib.tamtama;1
55102173;;0
55102174;abdulkarim;1
55102191;raka.prawira;1
55102206;adib.tamtama;1
55102214;;0
55102228;raka.prawira;1
55102232;adib.tamtama;1
55102250;raka.prawira;1
55102252;abdulkarim;1
55102265;raka.prawira;1
55102269;raka.prawira;1
55102292;raka.prawira;1
55102300;raka.prawira;1
55102301;adib.tamtama;1
55102314;adib.tamtama;1
55102319;raka.prawira;1
55102359;raka.prawira;1
55102366;;0
55102371;adib.tamtama;1
55102372;adib.tamtama;1
55102375;hairuddin;1
55102388;adib.tamtama;1
55102398;;0
55102402;raka.prawira;1
55102428;raka.prawira;1
55102431;adib.tamtama;1
55102445;adib.tamtama;1
55102478;adib.tamtama;1
55102489;raka.prawira;1
55102499;raka.prawira;1
55102520;;0
55102522;shoviatamara;1
55102538;adib.tamtama;1
55102539;raka.prawira;1
55102546;raka.prawira;1
55102552;hairuddin;1
55102558;adib.tamtama;1
55102578;adib.tamtama;1
55102581;;0
55102583;hairuddin;1
55102598;;0
55102606;adib.tamtama;1
55102608;abdulkarim;1
55102613;raka.prawira;1
55102636;adib.tamtama;1
55102637;raka.prawira;1
55102640;raka.prawira;1
55102641;abdulkarim;1
55102644;adib.tamtama;1
55102645;raka.prawira;1
55102647;hairuddin;1
55102648;abdulkarim;1
55102672;raka.prawira;1
55102680;adib.tamtama;1
55102700;abdulkarim;1
55102702;;0
55102707;adib.tamtama;1
55102713;adib.tamtama;1
55102729;hairuddin;1
55102738;;0
55102742;;0
55102744;;0
55102749;raka.prawira;1
55102753;;0
55102764;raka.prawira;1
55102772;adib.tamtama;1
55102776;;0
55102816;abdulkarim;1
55102852;raka.prawira;1
55102857;raka.prawira;1
55102878;;0
55102886;;0
55102889;;0
55102910;;0
55102933;;0
55102934;raka.prawira;1
55102939;adib.tamtama;1
55102958;raka.prawira;1
55102975;;0
55102980;;0
55102981;raka.prawira;1
55103006;shoviatamara;1
55103022;raka.prawira;1
55103031;adib.tamtama;1
55103040;;0
55103066;;0
55103072;;0
55103081;;0
55103091;abdulkarim;1
55103094;;0
55103095;shoviatamara;1
55103111;;0
55103121;shoviatamara;1
55103123;adib.tamtama;1
55103124;shoviatamara;1
55103125;raka.prawira;1
55103133;;0
55103142;;0
55103149;raka.prawira;1
55103154;adib.tamtama;1
55103162;raka.prawira;1
55103163;raka.prawira;1
55103165;raka.prawira;1
55103172;raka.prawira;1
55103197;hairuddin;1
55103199;abdulkarim;1
55103202;adib.tamtama;1
55103205;adib.tamtama;1
55103212;;0
55103216;raka.prawira;1
55103230;raka.prawira;1
55103253;raka.prawira;1
55103259;raka.prawira;1
55103265;raka.prawira;1
55103266;raka.prawira;1
55103291;adib.tamtama;1
55103305;;0
55103307;;0
55103336;raka.prawira;1
55103353;raka.prawira;1
55103356;shoviatamara;1
55103384;;0
55103386;adib.tamtama;1
55103398;hairuddin;1
55103407;ahmadfaisal;1
55103408;hairuddin;1
55103418;adib.tamtama;1
55103421;raka.prawira;1
55103425;adib.tamtama;1
55103426;raka.prawira;1
55103435;adib.tamtama;1
55103461;shoviatamara;1
55103481;raka.prawira;1
55103483;shoviatamara;1
55103491;;0
55103501;raka.prawira;1
55103515;raka.prawira;1
55103526;;0
55103532;abdulkarim;1
55103539;adib.tamtama;1
55103554;abdulkarim;1
55103557;adib.tamtama;1
55103561;raka.prawira;1
55103568;raka.prawira;1
55103577;hairuddin;1
55103591;abdulkarim;1
55103592;raka.prawira;1
55103604;adib.tamtama;1
55103605;ahmadfaisal;1
55103620;adib.tamtama;1
55103621;;0
55103627;;0
55103629;raka.prawira;1
55103655;raka.prawira;1
55103673;adib.tamtama;1
55103683;adib.tamtama;1
55103689;adib.tamtama;1
55103692;;0
55103693;;0
55103694;hairuddin;1
55103696;;0
55103716;abdulkarim;1
55103727;adib.tamtama;1
55103728;raka.prawira;1
55103733;raka.prawira;1
55103743;;0
55103754;;0
55103759;raka.prawira;1
55103763;raka.prawira;1
55103773;raka.prawira;1
55103780;;0
55103792;;0
55103806;;0
55103810;adib.tamtama;1
55103812;raka.prawira;1
55103829;;0
55103832;raka.prawira;1
55103834;hairuddin;1
55103839;;0
55103843;raka.prawira;1
55103848;;0
55103850;abdulkarim;1
55103860;raka.prawira;1
55103881;;0
55103883;raka.prawira;1
55103896;raka.prawira;1
55103899;raka.prawira;1
55103903;raka.prawira;1
55103914;;0
55103921;;0
55103933;abdulkarim;1
55103942;abdulkarim;1
55103945;ahmadfaisal;1
55103952;;0
55103961;raka.prawira;1
55103968;;0
55103969;raka.prawira;1
55103971;;0
55104007;abdulkarim;1
55121032;adib.tamtama;1
55121035;;0
55121039;;0
55121060;raka.prawira;1
55121065;raka.prawira;1
55121066;hairuddin;1
55121070;abdulkarim;1
55121071;adib.tamtama;1
55121074;raka.prawira;1
55121077;hairuddin;1
55121090;abdulkarim;1
55121094;raka.prawira;1
55121105;adib.tamtama;1
55121116;raka.prawira;1
55121119;raka.prawira;1
55121141;raka.prawira;1
55121142;;0
55121166;hairuddin;1
55121181;;0
55121196;;0
55121197;;0
55121209;adib.tamtama;1
55121210;raka.prawira;1
55121212;adib.tamtama;1
55121214;raka.prawira;1
55121233;adib.tamtama;1
55121241;raka.prawira;1
55121253;adib.tamtama;1
55121260;;0
55121269;;0
55121297;raka.prawira;1
55121300;raka.prawira;1
55121302;raka.prawira;1
55121322;raka.prawira;1
55121329;raka.prawira;1
55121331;raka.prawira;1
55121335;raka.prawira;1
55121341;raka.prawira;1
55121342;raka.prawira;1
55121344;abdulkarim;1
55121347;ahmadfaisal;1
55121348;;0
55121363;;0
55121377;raka.prawira;1
55121395;adib.tamtama;1
55121406;raka.prawira;1
55121413;;0
55121415;raka.prawira;1
55121435;raka.prawira;1
55121438;raka.prawira;1
55121439;adib.tamtama;1
55121455;;0
55121462;hairuddin;1
55121465;;0
55121477;raka.prawira;1
55121485;adib.tamtama;1
55121499;adib.tamtama;1
55121503;raka.prawira;1
55121507;;0
55121519;raka.prawira;1
55121544;;0
55121550;adib.tamtama;1
55121557;adib.tamtama;1
55121568;hairuddin;1
55121572;;0
55121575;raka.prawira;1
55121582;raka.prawira;1
55121585;adib.tamtama;1
55121600;ahmadfaisal;1
55121603;raka.prawira;1
55121608;adib.tamtama;1
55121617;;0
55121622;raka.prawira;1
55121632;;0
55121639;adib.tamtama;1
55121646;adib.tamtama;1
55121647;;0
55121649;raka.prawira;1
55121658;;0
55121659;raka.prawira;1
55121664;raka.prawira;1
55121669;raka.prawira;1
55121676;abdulkarim;1
55121677;;0
55121691;raka.prawira;1
55121692;;0
55121699;raka.prawira;1
55121706;;0
55121709;;0
55121710;adib.tamtama;1
55121715;adib.tamtama;1
55121720;raka.prawira;1
55121723;hairuddin;1
55121729;raka.prawira;1
55121759;;0
55121762;;0
55121775;hairuddin;1
55121789;adib.tamtama;1
55121793;;0
55121797;;0
55121798;;0
55121802;;0
55121803;adib.tamtama;1
55121804;adib.tamtama;1
55121811;raka.prawira;1
55121812;;0
55121829;;0
55121837;adib.tamtama;1
55121843;raka.prawira;1
55121848;raka.prawira;1
55121849;raka.prawira;1
55121851;;0
55121856;raka.prawira;1
55121859;adib.tamtama;1
55121862;adib.tamtama;1
55121886;adib.tamtama;1
55121890;;0
55121901;shoviatamara;1
55121916;shoviatamara;1
55121917;raka.prawira;1
55121930;;0
55121937;raka.prawira;1
55121938;hairuddin;1
55121948;adib.tamtama;1
55121954;;0
55121968;hairuddin;1
55121971;raka.prawira;1
55121987;adib.tamtama;1
55121997;hairuddin;1
55122008;hairuddin;1
55122031;raka.prawira;1
55122047;raka.prawira;1
55122058;raka.prawira;1
55122060;raka.prawira;1
55122070;;0
55122075;raka.prawira;1
55122092;raka.prawira;1
55122099;;0
55122106;;0
55122111;shoviatamara;1
55122113;raka.prawira;1
55122117;raka.prawira;1
55122120;adib.tamtama;1
55122124;adib.tamtama;1
55122126;hairuddin;1
55122130;adib.tamtama;1
55122136;adib.tamtama;1
55122153;;0
55122154;;0
55122160;adib.tamtama;1
55122171;;0
55122191;raka.prawira;1
55122192;raka.prawira;1
55122199;adib.tamtama;1
55122204;raka.prawira;1
55122208;raka.prawira;1
55122209;;0
55122236;raka.prawira;1
55122241;adib.tamtama;1
55122249;raka.prawira;1
55122266;;0
55122267;;0
55122312;;0
55122313;adib.tamtama;1
55122317;hairuddin;1
55122318;raka.prawira;1
55122319;adib.tamtama;1
55122323;raka.prawira;1
55122324;adib.tamtama;1
55122335;abdulkarim;1
55122389;adib.tamtama;1
55122398;;0
55122401;hairuddin;1
55122402;;0
55122408;abdulkarim;1
55122418;raka.prawira;1
55122422;raka.prawira;1
55122448;raka.prawira;1
55122452;raka.prawira;1
55122459;;0
55122461;;0
55122467;;0
55122469;;0
55122479;raka.prawira;1
55122510;raka.prawira;1
55122513;raka.prawira;1
55122536;hairuddin;1
55122549;hairuddin;1
55122551;raka.prawira;1
55122562;;0
55122565;raka.prawira;1
55122566;;0
55122579;adib.tamtama;1
55122605;adib.tamtama;1
55122606;adib.tamtama;1
55122611;adib.tamtama;1
55122613;adib.tamtama;1
55122621;abdulkarim;1
55122623;raka.prawira;1
55122629;hairuddin;1
55122639;raka.prawira;1
55122641;shoviatamara;1
55122650;raka.prawira;1
55122668;adib.tamtama;1
55122696;abdulkarim;1
55122716;abdulkarim;1
55122721;adib.tamtama;1
55122743;raka.prawira;1
55122744;raka.prawira;1
55122750;adib.tamtama;1
55122753;raka.prawira;1
55122764;;0
55122766;raka.prawira;1
55122767;raka.prawira;1
55122774;raka.prawira;1
55122800;raka.prawira;1
55122814;adib.tamtama;1
55122822;raka.prawira;1
55122830;abdulkarim;1
55122837;raka.prawira;1
55122850;;0
55122857;raka.prawira;1
55122858;shoviatamara;1
55122873;;0
55122874;;0
55122881;abdulkarim;1
55122884;hairuddin;1
55122885;abdulkarim;1
55122894;raka.prawira;1
55122899;raka.prawira;1
55122902;abdulkarim;1
55122916;abdulkarim;1
55122927;;0
55122929;raka.prawira;1
55122930;;0
55122942;raka.prawira;1
55122945;raka.prawira;1
55122948;adib.tamtama;1
55122952;;0
55122954;hairuddin;1
55122965;;0
55122966;;0
55122995;adib.tamtama;1
55122997;adib.tamtama;1
55123003;adib.tamtama;1
55123008;;0
55123013;raka.prawira;1
55123019;;0
55123025;raka.prawira;1
55123043;adib.tamtama;1
55123054;raka.prawira;1
55123056;hairuddin;1
55123068;;0
55123072;adib.tamtama;1
55123096;;0
55123097;abdulkarim;1
55123102;raka.prawira;1
55123116;;0
55123133;raka.prawira;1
55123134;adib.tamtama;1
55123139;adib.tamtama;1
55123142;raka.prawira;1
55123144;;0
55123149;raka.prawira;1
55123162;hairuddin;1
55123174;;0
55123189;adib.tamtama;1
55123193;raka.prawira;1
55123209;;0
55123214;shoviatamara;1
55123225;;0
55123243;;0
55123247;;0
55123257;hairuddin;1
55123277;abdulkarim;1
55123284;raka.prawira;1
55123293;adib.tamtama;1
55123297;raka.prawira;1
55123304;adib.tamtama;1
55123307;hairuddin;1
55123316;raka.prawira;1
55123326;raka.prawira;1
55123344;adib.tamtama;1
55123347;;0
55123349;adib.tamtama;1
55123368;adib.tamtama;1
55123369;;0
55123383;raka.prawira;1
55123385;raka.prawira;1
55123387;raka.prawira;1
55123389;adib.tamtama;1
55123392;;0
55123396;raka.prawira;1
55123398;adib.tamtama;1
55123421;raka.prawira;1
55123429;;0
55123432;;0
55123434;hairuddin;1
55123435;shoviatamara;1
55123437;adib.tamtama;1
55123440;;0
55123442;raka.prawira;1
55123447;;0
55123462;;0
55123463;raka.prawira;1
55123467;adib.tamtama;1
55123471;;0
55123488;shoviatamara;1
55123537;raka.prawira;1
55123541;raka.prawira;1
55123543;raka.prawira;1
55123549;abdulkarim;1
55123550;raka.prawira;1
55123558;raka.prawira;1
55123569;raka.prawira;1
55123570;adib.tamtama;1
55123573;raka.prawira;1
55123580;adib.tamtama;1
55123590;raka.prawira;1
55123601;abdulkarim;1
55123609;adib.tamtama;1
55123618;raka.prawira;1
55123620;;0
55123624;raka.prawira;1
55123627;adib.tamtama;1
55123629;raka.prawira;1
55123638;raka.prawira;1
55123642;hairuddin;1
55123649;adib.tamtama;1
55123652;;0
55123660;;0
55123661;raka.prawira;1
55123669;raka.prawira;1
55123672;hairuddin;1
55123674;raka.prawira;1
55123683;ahmadfaisal;1
55123684;;0
55123695;adib.tamtama;1
55123697;abdulkarim;1
55123698;raka.prawira;1
55123699;adib.tamtama;1
55123700;;0
55123738;adib.tamtama;1
55123739;abdulkarim;1
55123751;;0
55123755;adib.tamtama;1
55123760;;0
55123761;;0
55123775;;0
55123795;;0
55123806;adib.tamtama;1
55123807;raka.prawira;1
55123819;;0
55123829;adib.tamtama;1
55123842;adib.tamtama;1
55123852;shoviatamara;1
55123856;adib.tamtama;1
55123872;raka.prawira;1
55123893;abdulkarim;1
55123908;abdulkarim;1
55123922;hairuddin;1
55123923;hairuddin;1
55123926;raka.prawira;1
55123933;hairuddin;1
55123935;adib.tamtama;1
55123936;raka.prawira;1
55123940;adib.tamtama;1
55123942;hairuddin;1
55123953;raka.prawira;1
55123968;;0
55123972;raka.prawira;1
55123985;raka.prawira;1
55123994;raka.prawira;1
55124002;abdulkarim;1
55124015;adib.tamtama;1
55124018;adib.tamtama;1
55124048;ahmadfaisal;1
55124058;hairuddin;1
55124068;;0
55124074;adib.tamtama;1
55124076;raka.prawira;1
55124087;;0
55124089;;0
55124090;;0
55124092;raka.prawira;1
55124093;raka.prawira;1
55124119;abdulkarim;1
55124123;abdulkarim;1
55124142;hairuddin;1
55124152;adib.tamtama;1
55124160;raka.prawira;1
55124172;;0
55124180;adib.tamtama;1
55124192;raka.prawira;1
55124197;;0
55124199;raka.prawira;1
55124204;;0
55124210;adib.tamtama;1
55124216;abdulkarim;1
55124220;raka.prawira;1
55124225;abdulkarim;1
55124228;;0
55124230;adib.tamtama;1
55124233;;0
55124241;adib.tamtama;1
55124248;raka.prawira;1
55124265;raka.prawira;1
55124267;adib.tamtama;1
55124272;adib.tamtama;1
55124300;hairuddin;1
55124314;adib.tamtama;1
55124325;raka.prawira;1
55124336;;0
55124338;;0
55124349;raka.prawira;1
55124357;adib.tamtama;1
55124358;raka.prawira;1
55124365;raka.prawira;1
55124371;;0
55124373;;0
55124380;adib.tamtama;1
55124386;raka.prawira;1
55124402;raka.prawira;1
55124404;;0
55124419;raka.prawira;1
55124421;adib.tamtama;1
55124426;;0
55124427;adib.tamtama;1
55124430;adib.tamtama;1
55124439;raka.prawira;1
55124449;raka.prawira;1
55124462;adib.tamtama;1
55124481;adib.tamtama;1
55124484;;0
55124490;adib.tamtama;1
55124502;raka.prawira;1
55124507;;0
55124521;raka.prawira;1
55124523;raka.prawira;1
55124531;raka.prawira;1
55124545;adib.tamtama;1
55124551;raka.prawira;1
55124556;;0
55124567;raka.prawira;1
55124570;adib.tamtama;1
55124583;raka.prawira;1
55124588;hairuddin;1
55124592;raka.prawira;1
55124607;adib.tamtama;1
55124609;raka.prawira;1
55124613;raka.prawira;1
55124622;;0
55124641;raka.prawira;1
55124661;raka.prawira;1
55124667;;0
55124671;adib.tamtama;1
55124700;raka.prawira;1
55124701;;0
55124703;raka.prawira;1
55124723;raka.prawira;1
55124724;raka.prawira;1
55124727;adib.tamtama;1
55124740;adib.tamtama;1
55124746;raka.prawira;1
55124747;hairuddin;1
55124750;raka.prawira;1
55124765;hairuddin;1
55124786;raka.prawira;1
55124807;shoviatamara;1
55124809;raka.prawira;1
55124813;raka.prawira;1
55124821;adib.tamtama;1
55124827;hairuddin;1
55124836;;0
55124841;raka.prawira;1
55124846;raka.prawira;1
55124850;;0
55124857;raka.prawira;1
55124859;;0
55124883;raka.prawira;1
55124893;;0
55124898;;0
55124902;;0
55124907;raka.prawira;1
55124918;adib.tamtama;1
55124920;raka.prawira;1
55124929;raka.prawira;1
55124936;raka.prawira;1
55124937;adib.tamtama;1
55124946;;0
55124949;raka.prawira;1
55124968;raka.prawira;1
55124975;raka.prawira;1
55124986;hairuddin;1
55124993;;0
55125004;raka.prawira;1
55125006;;0
55125046;raka.prawira;1
55125052;raka.prawira;1
55125056;;0
55125075;adib.tamtama;1
55125083;adib.tamtama;1
55125086;;0
55125100;hairuddin;1
55125113;abdulkarim;1
55125132;abdulkarim;1
55125157;raka.prawira;1
55125160;adib.tamtama;1
55125184;abdulkarim;1
55125185;adib.tamtama;1
55125198;;0
55125200;adib.tamtama;1
55125209;;0
55125211;raka.prawira;1
55125224;abdulkarim;1
55125225;;0
55125227;raka.prawira;1
55125231;hairuddin;1
55125233;raka.prawira;1
55125261;adib.tamtama;1
55125263;;0
55125265;hairuddin;1
55125269;;0
55125277;raka.prawira;1
55125280;abdulkarim;1
55125294;hairuddin;1
55125300;adib.tamtama;1
55125313;adib.tamtama;1
55125317;;0
55125320;adib.tamtama;1
55125336;raka.prawira;1
55125339;;0
55125349;adib.tamtama;1
55125366;raka.prawira;1
55125369;raka.prawira;1
55125378;raka.prawira;1
55125381;adib.tamtama;1
55125400;adib.tamtama;1
55125419;adib.tamtama;1
55125424;shoviatamara;1
55125430;raka.prawira;1
55125447;;0
55125478;abdulkarim;1
55125491;abdulkarim;1
55125499;;0
55125511;adib.tamtama;1
55125512;shoviatamara;1
55125519;hairuddin;1
55125521;;0
55125527;raka.prawira;1
55125556;;0
55125591;raka.prawira;1
55125594;abdulkarim;1
55125598;;0
55125599;adib.tamtama;1
55125600;raka.prawira;1
55125605;raka.prawira;1
55125611;raka.prawira;1
55125622;raka.prawira;1
55125625;adib.tamtama;1
55125639;adib.tamtama;1
55125653;abdulkarim;1
55125655;adib.tamtama;1
55125656;raka.prawira;1
55125660;adib.tamtama;1
55125664;abdulkarim;1
55125665;raka.prawira;1
55125672;;0
55125673;;0
55125677;raka.prawira;1
55125687;raka.prawira;1
55125688;adib.tamtama;1
55125692;;0
55125694;hairuddin;1
55125702;;0
55125703;raka.prawira;1
55125713;;0
55125718;adib.tamtama;1
55125730;raka.prawira;1
55125736;hairuddin;1
55125741;adib.tamtama;1
55125743;raka.prawira;1
55125750;;0
55125772;raka.prawira;1
55125783;;0
55125795;adib.tamtama;1
55125797;abdulkarim;1
55125803;raka.prawira;1
55125809;shoviatamara;1
55125812;adib.tamtama;1
55125826;;0
55125830;raka.prawira;1
55125834;abdulkarim;1
55125847;raka.prawira;1
55125874;shoviatamara;1
55125893;abdulkarim;1
55125905;;0
55125917;raka.prawira;1
55125919;adib.tamtama;1
55125923;abdulkarim;1
55125927;;0
55125928;raka.prawira;1
55125934;abdulkarim;1
55125940;adib.tamtama;1
55125944;raka.prawira;1
55125945;;0
55125948;;0
55125949;abdulkarim;1
55125951;raka.prawira;1
55125958;adib.tamtama;1
55125960;;0
55125965;raka.prawira;1
55125981;raka.prawira;1
55125984;adib.tamtama;1
55125991;raka.prawira;1
55125997;;0
55126006;adib.tamtama;1
55126012;;0
55126014;;0
55126020;hairuddin;1
55126026;;0
55126042;shoviatamara;1
55126050;adib.tamtama;1
55126051;abdulkarim;1
55126055;raka.prawira;1
55126057;adib.tamtama;1
55126058;raka.prawira;1
55126062;adib.tamtama;1
55126079;;0
55126084;raka.prawira;1
55126088;;0
55126120;raka.prawira;1
55126135;abdulkarim;1
55126144;raka.prawira;1
55126147;raka.prawira;1
55126155;;0
55126160;;0
55126207;hairuddin;1
55126211;shoviatamara;1
55126229;;0
55126242;raka.prawira;1
55126247;hairuddin;1
55126269;;0
55126279;adib.tamtama;1
55126283;adib.tamtama;1
55126288;adib.tamtama;1
55126294;adib.tamtama;1
55126295;;0
55126296;adib.tamtama;1
55126297;adib.tamtama;1
55126299;adib.tamtama;1
55126303;hairuddin;1
55126304;;0
55126309;adib.tamtama;1
55126312;raka.prawira;1
55126314;;0
55126327;;0
55126328;raka.prawira;1
55126339;raka.prawira;1
55126340;hairuddin;1
55126345;raka.prawira;1
55126347;hairuddin;1
55126355;raka.prawira;1
55126364;raka.prawira;1
55126365;;0
55126373;adib.tamtama;1
55126375;;0
55126382;raka.prawira;1
55126412;raka.prawira;1
55126416;;0
55126459;abdulkarim;1
55126466;raka.prawira;1
55126467;adib.tamtama;1
55126468;;0
55126469;;0
55126471;raka.prawira;1
55126503;;0
55126511;raka.prawira;1
55126517;raka.prawira;1
55126520;adib.tamtama;1
55126534;adib.tamtama;1
55126536;raka.prawira;1
55126537;adib.tamtama;1
55126539;;0
55126546;raka.prawira;1
55126548;;0
55126551;abdulkarim;1
55126558;hairuddin;1
55126562;raka.prawira;1
55126566;adib.tamtama;1
55126568;adib.tamtama;1
55126570;;0
55126597;adib.tamtama;1
55126598;raka.prawira;1
55126599;adib.tamtama;1
55126634;raka.prawira;1
55126646;raka.prawira;1
55126658;adib.tamtama;1
55126662;adib.tamtama;1
55126683;raka.prawira;1
55126690;adib.tamtama;1
55126704;;0
55126715;raka.prawira;1
55126722;;0
55126733;raka.prawira;1
55126737;;0
55126741;adib.tamtama;1
55126751;;0
55126780;adib.tamtama;1
55126791;raka.prawira;1
55126801;raka.prawira;1
55126835;raka.prawira;1
55126843;adib.tamtama;1
55126846;raka.prawira;1
55126858;abdulkarim;1
55126869;raka.prawira;1
55126870;raka.prawira;1
55126872;raka.prawira;1
55126876;raka.prawira;1
55126881;adib.tamtama;1
55126896;ahmadfaisal;1
55126928;;0
55126947;raka.prawira;1
55126952;raka.prawira;1
55126963;;0
55126986;raka.prawira;1
55126995;raka.prawira;1
55127008;raka.prawira;1
55127009;adib.tamtama;1
55127040;raka.prawira;1
55127041;raka.prawira;1
55127046;;0
55127049;;0
55127058;raka.prawira;1
55127095;;0
55127096;adib.tamtama;1
55127100;raka.prawira;1
55127109;raka.prawira;1
55127114;adib.tamtama;1
55127116;;0
55127145;raka.prawira;1
55127170;;0
55127172;raka.prawira;1
55127176;abdulkarim;1
55127183;raka.prawira;1
55127200;raka.prawira;1
55127202;;0
55127231;raka.prawira;1
55127238;hairuddin;1
55127257;raka.prawira;1
55127261;;0
55127267;raka.prawira;1
55127271;shoviatamara;1
55127272;raka.prawira;1
55127274;raka.prawira;1
55127277;raka.prawira;1
55127281;raka.prawira;1
55127292;;0
55127305;;0
55127306;raka.prawira;1
55127323;hairuddin;1
55127330;;0
55127332;raka.prawira;1
55127341;;0
55127343;;0
55127344;abdulkarim;1
55127347;raka.prawira;1
55127356;hairuddin;1
55127384;;0
55127399;adib.tamtama;1
55127402;raka.prawira;1
55127414;adib.tamtama;1
55127426;raka.prawira;1
55127437;raka.prawira;1
55127439;;0
55127443;abdulkarim;1
55127453;adib.tamtama;1
55127463;;0
55127470;raka.prawira;1
55127476;;0
55127480;abdulkarim;1
55127507;raka.prawira;1
55127522;;0
55127536;raka.prawira;1
55127542;abdulkarim;1
55127567;;0
55127579;;0
55127584;adib.tamtama;1
55127598;adib.tamtama;1
55127599;adib.tamtama;1
55127601;;0
55127608;adib.tamtama;1
55127613;adib.tamtama;1
55127614;raka.prawira;1
55127635;adib.tamtama;1
55127640;raka.prawira;1
55127654;hairuddin;1
55127659;adib.tamtama;1
55127669;raka.prawira;1
55127674;hairuddin;1
55127676;shoviatamara;1
55127682;adib.tamtama;1
55127689;;0
55127693;raka.prawira;1
55127705;raka.prawira;1
55127708;abdulkarim;1
55127710;adib.tamtama;1
55127714;raka.prawira;1
55127715;;0
55127742;raka.prawira;1
55127760;raka.prawira;1
55127762;adib.tamtama;1
55127764;;0
55127775;raka.prawira;1
55127777;raka.prawira;1
55127789;raka.prawira;1
55127798;raka.prawira;1
55127803;raka.prawira;1
55127812;hairuddin;1
55127813;abdulkarim;1
55127816;raka.prawira;1
55127823;;0
55127851;;0
55127859;;0
55127865;raka.prawira;1
55127881;adib.tamtama;1
55127895;;0
55127904;shoviatamara;1
55127927;raka.prawira;1
55127932;raka.prawira;1
55127939;abdulkarim;1
55127945;raka.prawira;1
55127949;;0
55127954;;0
55127968;raka.prawira;1
55127982;;0
55127992;adib.tamtama;1
55128004;hairuddin;1
55128007;adib.tamtama;1
55128008;raka.prawira;1
55128009;raka.prawira;1
55128014;;0
55128020;raka.prawira;1
55128032;abdulkarim;1
55128037;adib.tamtama;1
55128039;adib.tamtama;1
55128042;raka.prawira;1
55128047;adib.tamtama;1
55128048;;0
55128054;;0
55128066;;0
55128075;;0
55128095;raka.prawira;1
55128105;raka.prawira;1
55128106;raka.prawira;1
55128117;;0
55128137;;0
55128145;raka.prawira;1
55128156;adib.tamtama;1
55128158;raka.prawira;1
55128161;abdulkarim;1
55128166;adib.tamtama;1
55128175;raka.prawira;1
55128182;;0
55128187;raka.prawira;1
55128193;adib.tamtama;1
55128200;raka.prawira;1
55128211;;0
55128215;;0
55128217;hairuddin;1
55128231;raka.prawira;1
55128234;adib.tamtama;1
55128254;raka.prawira;1
55128261;adib.tamtama;1
55128268;abdulkarim;1
55128279;abdulkarim;1
55128291;raka.prawira;1
55128296;raka.prawira;1
55128309;raka.prawira;1
55128317;raka.prawira;1
55128331;hairuddin;1
55128332;shoviatamara;1
55128361;raka.prawira;1
55128362;adib.tamtama;1
55128363;;0
55128370;;0
55128372;;0
55128379;raka.prawira;1
55128384;hairuddin;1
55128389;raka.prawira;1
55128399;adib.tamtama;1
55128403;abdulkarim;1
55128417;adib.tamtama;1
55128429;abdulkarim;1
55128451;raka.prawira;1
55128457;raka.prawira;1
55128464;;0
55128484;adib.tamtama;1
55128495;adib.tamtama;1
55128496;raka.prawira;1
55128497;raka.prawira;1
55128507;raka.prawira;1
55128520;adib.tamtama;1
55128535;raka.prawira;1
55128545;raka.prawira;1
55128546;adib.tamtama;1
55128547;;0
55128565;;0
55128573;abdulkarim;1
55128576;raka.prawira;1
55128587;raka.prawira;1
55128598;;0
55128603;;0
55151591;adib.tamtama;1
55151593;raka.prawira;1
55151606;adib.tamtama;1
55151616;;0
55151625;;0
55151635;raka.prawira;1
55151659;;0
55151669;raka.prawira;1
55151679;adib.tamtama;1
55151684;adib.tamtama;1
55151688;adib.tamtama;1
55151699;adib.tamtama;1
55151705;;0
55151710;adib.tamtama;1
55151722;;0
55151727;adib.tamtama;1
55151729;adib.tamtama;1
55151738;;0
55151758;;0
55151766;hairuddin;1
55151776;hairuddin;1
55151795;;0
55151802;raka.prawira;1
55151805;adib.tamtama;1
55151807;;0
55151817;;0
55151818;raka.prawira;1
55151823;;0
55151845;adib.tamtama;1
55151853;;0
55151862;adib.tamtama;1
55151872;adib.tamtama;1
55151876;;0
55151882;abdulkarim;1
55151884;raka.prawira;1
55151887;;0
55151892;;0
55151899;raka.prawira;1
55151904;raka.prawira;1
55151905;;0
55151906;raka.prawira;1
55151918;;0
55151933;adib.tamtama;1
55151938;;0
55151947;raka.prawira;1
55151951;abdulkarim;1
55151981;adib.tamtama;1
55151985;hairuddin;1
55152039;;0
55152042;raka.prawira;1
55152056;adib.tamtama;1
55152059;raka.prawira;1
55152064;adib.tamtama;1
55152081;adib.tamtama;1
55152084;shoviatamara;1
55152085;raka.prawira;1
55152093;adib.tamtama;1
55152099;hairuddin;1
55152101;raka.prawira;1
55152103;adib.tamtama;1
55152107;raka.prawira;1
55152133;;0
55152135;hairuddin;1
55152140;raka.prawira;1
55152141;adib.tamtama;1
55152148;;0
55152158;;0
55152159;raka.prawira;1
55152161;adib.tamtama;1
55152171;raka.prawira;1
55152190;raka.prawira;1
55152204;raka.prawira;1
55152209;hairuddin;1
55152216;raka.prawira;1
55152223;raka.prawira;1
55152226;adib.tamtama;1
55152234;;0
55152236;raka.prawira;1
55152237;raka.prawira;1
55152251;adib.tamtama;1
55152265;raka.prawira;1
55152281;raka.prawira;1
55152285;;0
55152287;raka.prawira;1
55152305;ahmadfaisal;1
55152306;raka.prawira;1
55152315;adib.tamtama;1
55152324;adib.tamtama;1
55152327;raka.prawira;1
55152335;adib.tamtama;1
55152363;abdulkarim;1
55152366;;0
55152367;;0
55152377;raka.prawira;1
55152384;raka.prawira;1
55152391;raka.prawira;1
55152425;raka.prawira;1
55152446;abdulkarim;1
55152462;adib.tamtama;1
55152464;;0
55152472;adib.tamtama;1
55152474;adib.tamtama;1
55152475;raka.prawira;1
55152484;raka.prawira;1
55152485;hairuddin;1
55152488;abdulkarim;1
55152515;raka.prawira;1
55152523;raka.prawira;1
55152525;adib.tamtama;1
55152534;adib.tamtama;1
55152541;raka.prawira;1
55152547;hairuddin;1
55152551;;0
55152557;hairuddin;1
55152570;adib.tamtama;1
55152572;abdulkarim;1
55152577;abdulkarim;1
55152579;hairuddin;1
55152595;raka.prawira;1
55152608;raka.prawira;1
55152611;raka.prawira;1
55152614;raka.prawira;1
55152616;raka.prawira;1
55152619;raka.prawira;1
55152631;hairuddin;1
55152634;raka.prawira;1
55152641;raka.prawira;1
55152649;raka.prawira;1
55152652;hairuddin;1
55152671;hairuddin;1
55152673;hairuddin;1
55152674;raka.prawira;1
55152675;raka.prawira;1
55152689;adib.tamtama;1
55152717;raka.prawira;1
55152720;;0
55152723;raka.prawira;1
55152730;adib.tamtama;1
55152738;;0
55152742;;0
55152762;;0
55152766;raka.prawira;1
55152776;shoviatamara;1
55152782;raka.prawira;1
55152784;adib.tamtama;1
55152786;raka.prawira;1
55152796;raka.prawira;1
55152797;raka.prawira;1
55152800;raka.prawira;1
55152810;adib.tamtama;1
55152812;adib.tamtama;1
55152815;adib.tamtama;1
55152828;;0
55152831;;0
55152832;raka.prawira;1
55152833;raka.prawira;1
55152834;;0
55152850;adib.tamtama;1
55152858;raka.prawira;1
55152861;raka.prawira;1
55152864;raka.prawira;1
55152869;adib.tamtama;1
55152883;adib.tamtama;1
55152886;raka.prawira;1
55152887;adib.tamtama;1
55152899;;0
55152901;shoviatamara;1
55152903;;0
55152906;adib.tamtama;1
55152929;raka.prawira;1
55152944;raka.prawira;1
55152946;adib.tamtama;1
55152961;raka.prawira;1
55152967;adib.tamtama;1
55152978;abdulkarim;1
55152997;shoviatamara;1
55152999;raka.prawira;1
55153001;hairuddin;1
55153005;raka.prawira;1
55153007;shoviatamara;1
55153019;;0
55153024;raka.prawira;1
55153056;raka.prawira;1
55153065;raka.prawira;1
55153070;abdulkarim;1
55153077;raka.prawira;1
55153079;raka.prawira;1
55153082;;0
55153086;raka.prawira;1
55153096;adib.tamtama;1
55153118;hairuddin;1
55153130;raka.prawira;1
55153162;raka.prawira;1
55153164;;0
55153179;adib.tamtama;1
55153181;shoviatamara;1
55153192;shoviatamara;1
55153196;ahmadfaisal;1
55153197;raka.prawira;1
55153211;abdulkarim;1
55153222;abdulkarim;1
55153226;raka.prawira;1
55153227;raka.prawira;1
55153235;raka.prawira;1
55153240;shoviatamara;1
55153258;abdulkarim;1
55153263;raka.prawira;1
55153276;raka.prawira;1
55153279;raka.prawira;1
55153282;raka.prawira;1
55153285;adib.tamtama;1
55153302;raka.prawira;1
55153307;raka.prawira;1
55153308;;0
55153325;adib.tamtama;1
55153327;adib.tamtama;1
55153331;raka.prawira;1
55153337;raka.prawira;1
55153345;raka.prawira;1
55153346;raka.prawira;1
55153349;ahmadfaisal;1
55153351;raka.prawira;1
55153361;adib.tamtama;1
55153363;;0
55153375;;0
55153382;raka.prawira;1
55153386;;0
55153389;raka.prawira;1
55153406;raka.prawira;1
55153411;;0
55153423;hairuddin;1
55153433;raka.prawira;1
55153452;abdulkarim;1
55153453;adib.tamtama;1
55153455;hairuddin;1
55153456;raka.prawira;1
55153473;raka.prawira;1
55153486;hairuddin;1
55153494;;0
55153505;;0
55153514;raka.prawira;1
55153523;;0
55153528;hairuddin;1
55153545;adib.tamtama;1
55153577;;0
55153580;adib.tamtama;1
55153582;abdulkarim;1
55153591;;0
55153602;abdulkarim;1
55153613;hairuddin;1
55153618;;0
55153625;;0
55153639;;0
55153647;raka.prawira;1
55153648;adib.tamtama;1
55153651;abdulkarim;1
55153653;raka.prawira;1
55153664;abdulkarim;1
55153668;raka.prawira;1
55153676;adib.tamtama;1
55153683;;0
55153688;raka.prawira;1
55153691;raka.prawira;1
55153705;raka.prawira;1
55153714;;0
55153723;raka.prawira;1
55153731;;0
55153733;;0
55153735;raka.prawira;1
55153738;abdulkarim;1
55153750;hairuddin;1
55153759;hairuddin;1
55153760;adib.tamtama;1
55153763;;0
55153766;hairuddin;1
55153778;raka.prawira;1
55153782;raka.prawira;1
55153797;;0
55153816;adib.tamtama;1
55153817;adib.tamtama;1
55153818;;0
55153822;;0
55153823;raka.prawira;1
55153830;;0
55153872;raka.prawira;1
55153881;raka.prawira;1
55153885;;0
55153892;adib.tamtama;1
55153893;raka.prawira;1
55153895;;0
55153898;;0
55153906;;0
55153913;;0
55153916;abdulkarim;1
55153921;raka.prawira;1
55153929;adib.tamtama;1
55153932;adib.tamtama;1
55153936;raka.prawira;1
55153937;adib.tamtama;1
55153947;abdulkarim;1
55153951;;0
55153961;hairuddin;1
55153965;hairuddin;1
55153973;;0
55153993;adib.tamtama;1
55154027;;0
55154028;abdulkarim;1
55154034;raka.prawira;1
55154048;adib.tamtama;1
55154051;raka.prawira;1
55154064;hairuddin;1
55154069;raka.prawira;1
55154089;raka.prawira;1
55154094;raka.prawira;1
55154107;;0
55154110;raka.prawira;1
55154120;raka.prawira;1
55154126;;0
55154139;;0
55154144;adib.tamtama;1
55154176;raka.prawira;1
55154184;raka.prawira;1
55154205;hairuddin;1
55154206;;0
55154216;;0
55154217;;0
55154223;adib.tamtama;1
55154233;adib.tamtama;1
55154264;raka.prawira;1
55154266;;0
55154268;abdulkarim;1
55154274;raka.prawira;1
55154277;abdulkarim;1
55154278;hairuddin;1
55154280;raka.prawira;1
55154287;raka.prawira;1
55154293;raka.prawira;1
55154298;hairuddin;1
55154303;;0
55154318;hairuddin;1
55154320;raka.prawira;1
55154331;;0
55154336;adib.tamtama;1
55154352;raka.prawira;1
55154359;raka.prawira;1
55154360;abdulkarim;1
55154366;raka.prawira;1
55154368;;0
55154381;adib.tamtama;1
55154393;hairuddin;1
55154394;adib.tamtama;1
55154398;;0
55154401;raka.prawira;1
55154416;raka.prawira;1
55154420;;0
55154422;raka.prawira;1
55154424;abdulkarim;1
55154430;adib.tamtama;1
55154436;hairuddin;1
55154438;adib.tamtama;1
55154446;;0
55154456;shoviatamara;1
55154469;hairuddin;1
55154475;adib.tamtama;1
55154480;;0
55154491;raka.prawira;1
55154493;;0
55154499;;0
55154501;;0
55154502;;0
55154510;raka.prawira;1
55154515;raka.prawira;1
55154521;;0
55154539;adib.tamtama;1
55154541;hairuddin;1
55154542;adib.tamtama;1
55154543;;0
55154547;raka.prawira;1
55154549;;0
55154550;adib.tamtama;1
55154563;ahmadfaisal;1
55154565;adib.tamtama;1
55154580;raka.prawira;1
55154585;;0
55154586;abdulkarim;1
55154592;abdulkarim;1
55154594;abdulkarim;1
55154609;raka.prawira;1
55154610;adib.tamtama;1
55154640;adib.tamtama;1
55154643;raka.prawira;1
55154646;raka.prawira;1
55154653;raka.prawira;1
55154654;adib.tamtama;1
55154660;;0
55154679;raka.prawira;1
55154681;;0
55154706;raka.prawira;1
55154719;;0
55154731;raka.prawira;1
55154738;;0
55154743;adib.tamtama;1
55154775;;0
55154781;;0
55154789;hairuddin;1
55154827;adib.tamtama;1
55154829;adib.tamtama;1
55154834;abdulkarim;1
55154836;;0
55154851;adib.tamtama;1
55154866;;0
55154868;;0
55154903;;0
55154909;raka.prawira;1
55154941;adib.tamtama;1
55154945;adib.tamtama;1
55154946;adib.tamtama;1
55154947;abdulkarim;1
55154958;adib.tamtama;1
55154967;adib.tamtama;1
55154973;abdulkarim;1
55154974;raka.prawira;1
55154982;;0
55154996;raka.prawira;1
55154997;raka.prawira;1
55155007;raka.prawira;1
55155023;;0
55155026;adib.tamtama;1
55155028;raka.prawira;1
55155030;raka.prawira;1
55155042;adib.tamtama;1
55155049;adib.tamtama;1
55155052;abdulkarim;1
55155059;raka.prawira;1
55155065;raka.prawira;1
55155073;raka.prawira;1
55155074;raka.prawira;1
55155084;raka.prawira;1
55155088;adib.tamtama;1
55155097;raka.prawira;1
55155115;;0
55155127;raka.prawira;1
55155138;raka.prawira;1
55155147;raka.prawira;1
55155155;adib.tamtama;1
55155180;;0
55155188;adib.tamtama;1
55155198;raka.prawira;1
55155216;adib.tamtama;1
55155232;adib.tamtama;1
55155238;hairuddin;1
55155241;raka.prawira;1
55155242;raka.prawira;1
55155246;adib.tamtama;1
55155250;;0
55155254;raka.prawira;1
55155264;adib.tamtama;1
55155265;raka.prawira;1
55155268;shoviatamara;1
55155309;raka.prawira;1
55155315;adib.tamtama;1
55155319;;0
55155349;raka.prawira;1
55155350;raka.prawira;1
55155358;;0
55155365;shoviatamara;1
55155375;abdulkarim;1
55155384;hairuddin;1
55155388;adib.tamtama;1
55155389;adib.tamtama;1
55155395;adib.tamtama;1
55155396;abdulkarim;1
55155410;adib.tamtama;1
55155411;adib.tamtama;1
55155427;;0
55155436;hairuddin;1
55155437;adib.tamtama;1
55155441;raka.prawira;1
55155444;raka.prawira;1
55155462;raka.prawira;1
55155479;abdulkarim;1
55155504;adib.tamtama;1
55155512;;0
55155544;hairuddin;1
55155551;abdulkarim;1
55155565;shoviatamara;1
55155569;adib.tamtama;1
55155588;;0
55155594;;0
55155602;raka.prawira;1
55155603;;0
55155605;raka.prawira;1
55155607;raka.prawira;1
55155608;adib.tamtama;1
55155610;raka.prawira;1
55155636;;0
55155647;abdulkarim;1
55155670;;0
55155671;adib.tamtama;1
55155681;adib.tamtama;1
55155684;adib.tamtama;1
55155722;adib.tamtama;1
55155728;abdulkarim;1
55155731;raka.prawira;1
55155733;raka.prawira;1
55155740;adib.tamtama;1
55155741;raka.prawira;1
55155746;;0
55155756;raka.prawira;1
55155759;raka.prawira;1
55155760;;0
55155765;;0
55155775;;0
55155778;raka.prawira;1
55155795;abdulkarim;1
55155802;abdulkarim;1
55155803;raka.prawira;1
55155805;hairuddin;1
55155809;raka.prawira;1
55155813;abdulkarim;1
55155817;;0
55155821;raka.prawira;1
55155833;adib.tamtama;1
55155851;;0
55155852;raka.prawira;1
55155882;raka.prawira;1
55155889;abdulkarim;1
55155897;hairuddin;1
55155902;raka.prawira;1
55155912;shoviatamara;1
55155919;;0
55155945;;0
55155969;;0
55155970;adib.tamtama;1
55155975;;0
55155989;;0
55155991;;0
55156005;raka.prawira;1
55156010;;0
55156013;adib.tamtama;1
55156014;;0
55156024;;0
55156041;raka.prawira;1
55156051;raka.prawira;1
55156054;raka.prawira;1
55156056;raka.prawira;1
55156073;abdulkarim;1
55156084;abdulkarim;1
55156085;adib.tamtama;1
55156095;abdulkarim;1
55156113;hairuddin;1
55156126;raka.prawira;1
55156137;raka.prawira;1
55156149;raka.prawira;1
55156153;;0
55156177;hairuddin;1
55156181;adib.tamtama;1
55156187;;0
55156191;;0
55156215;raka.prawira;1
55156226;raka.prawira;1
55156227;raka.prawira;1
55156231;;0
55156239;adib.tamtama;1
55156242;;0
55156243;;0
55156246;;0
55156247;raka.prawira;1
55156271;raka.prawira;1
55156279;abdulkarim;1
55156284;raka.prawira;1
55156316;adib.tamtama;1
55156317;raka.prawira;1
55156320;raka.prawira;1
55156326;raka.prawira;1
55156332;hairuddin;1
55156341;;0
55156351;raka.prawira;1
55156354;abdulkarim;1
55156376;raka.prawira;1
55156377;adib.tamtama;1
55156384;adib.tamtama;1
55156397;adib.tamtama;1
55156404;hairuddin;1
55156423;adib.tamtama;1
55156426;raka.prawira;1
55156441;shoviatamara;1
55156446;;0
55156448;raka.prawira;1
55156461;adib.tamtama;1
55156463;shoviatamara;1
55156470;raka.prawira;1
55156484;raka.prawira;1
55156486;;0
55156496;;0
55156513;raka.prawira;1
55156519;ahmadfaisal;1
55156520;adib.tamtama;1
55156522;abdulkarim;1
55156525;adib.tamtama;1
55156526;abdulkarim;1
55156527;raka.prawira;1
55156541;adib.tamtama;1
55156554;raka.prawira;1
55156555;raka.prawira;1
55156563;raka.prawira;1
55156576;raka.prawira;1
55156589;ahmadfaisal;1
55156593;raka.prawira;1
55156595;raka.prawira;1
55156618;raka.prawira;1
55156623;raka.prawira;1
55156637;raka.prawira;1
55156654;;0
55156656;adib.tamtama;1
55156662;adib.tamtama;1
55156677;adib.tamtama;1
55156682;abdulkarim;1
55156689;adib.tamtama;1
55156690;raka.prawira;1
55156699;raka.prawira;1
55156707;hairuddin;1
55156723;adib.tamtama;1
55156732;adib.tamtama;1
55156733;shoviatamara;1
55156735;raka.prawira;1
55156748;raka.prawira;1
55156749;raka.prawira;1
55156754;abdulkarim;1
55156768;raka.prawira;1
55156774;raka.prawira;1
55156780;raka.prawira;1
55156787;adib.tamtama;1
55156794;raka.prawira;1
55156797;raka.prawira;1
55156815;adib.tamtama;1
55156816;raka.prawira;1
55156818;raka.prawira;1
55156832;hairuddin;1
55156837;raka.prawira;1
55156855;adib.tamtama;1
55156858;raka.prawira;1
55156861;;0
55156869;raka.prawira;1
55156902;raka.prawira;1
55156929;raka.prawira;1
55156932;adib.tamtama;1
55156947;;0
55156952;adib.tamtama;1
55156954;raka.prawira;1
55156956;raka.prawira;1
55156965;;0
55156980;raka.prawira;1
55156981;;0
55156989;;0
55156995;raka.prawira;1
55157003;adib.tamtama;1
55157014;;0
55157033;;0
55157048;;0
55157110;;0
55157111;adib.tamtama;1
55157160;raka.prawira;1
55157171;;0
55157214;abdulkarim;1
55157256;raka.prawira;1
55157268;adib.tamtama;1
55157273;;0
55157280;hairuddin;1
55157286;raka.prawira;1
55157291;raka.prawira;1
55157302;raka.prawira;1
55157316;;0
55157327;adib.tamtama;1
55157332;;0
55157351;adib.tamtama;1
55157352;;0
55157383;;0
55157392;raka.prawira;1
55157394;raka.prawira;1
55157404;adib.tamtama;1
55157422;raka.prawira;1
55157440;;0
55157454;shoviatamara;1
55157466;raka.prawira;1
55157475;adib.tamtama;1
55157504;;0
55157506;abdulkarim;1
55157513;adib.tamtama;1
55157553;;0
55157554;;0
55157566;raka.prawira;1
55157590;;0
55157605;abdulkarim;1
55157610;raka.prawira;1
55157621;adib.tamtama;1
55157630;;0
55157631;;0
55157655;;0
55157661;;0
55157662;raka.prawira;1
55157673;abdulkarim;1
55157680;raka.prawira;1
55157702;raka.prawira;1
55157704;adib.tamtama;1
55157738;shoviatamara;1
55157773;raka.prawira;1
55157782;raka.prawira;1
55157841;raka.prawira;1
55157854;hairuddin;1
55157864;abdulkarim;1
55157881;;0
55157902;abdulkarim;1
55157912;;0
55157914;raka.prawira;1
55157923;;0
55157955;;0
55157964;raka.prawira;1
55157975;raka.prawira;1
55157979;abdulkarim;1
55157987;abdulkarim;1
55157989;;0
55157991;shoviatamara;1
55157995;raka.prawira;1
55157997;raka.prawira;1
55158006;adib.tamtama;1
55158024;raka.prawira;1
55178726;;0
55178730;raka.prawira;1
55178733;raka.prawira;1
55178747;hairuddin;1
55178763;;0
55178766;;0
55178772;adib.tamtama;1
55178785;adib.tamtama;1
55178792;abdulkarim;1
55178794;raka.prawira;1
55178795;raka.prawira;1
55178802;;0
55178811;;0
55178816;adib.tamtama;1
55178819;adib.tamtama;1
55178825;;0
55178831;raka.prawira;1
55178840;adib.tamtama;1
55178861;raka.prawira;1
55178867;;0
55178870;;0
55178871;abdulkarim;1
55178873;abdulkarim;1
55178874;adib.tamtama;1
55178877;adib.tamtama;1
55178890;raka.prawira;1
55178895;hairuddin;1
55178905;raka.prawira;1
55178906;hairuddin;1
55178911;raka.prawira;1
55178913;adib.tamtama;1
55178929;adib.tamtama;1
55178931;raka.prawira;1
55178936;adib.tamtama;1
55178939;adib.tamtama;1
55178947;raka.prawira;1
55178954;raka.prawira;1
55178965;;0
55178970;raka.prawira;1
55178973;;0
55178982;adib.tamtama;1
55178986;abdulkarim;1
55178994;adib.tamtama;1
55178996;;0
55178997;abdulkarim;1
55179000;raka.prawira;1
55179013;raka.prawira;1
55179014;;0
55179029;;0
55179031;hairuddin;1
55179044;raka.prawira;1
55179046;hairuddin;1
55179081;raka.prawira;1
55179087;shoviatamara;1
55179093;raka.prawira;1
55179105;;0
55179118;raka.prawira;1
55179119;adib.tamtama;1
55179121;abdulkarim;1
55179128;adib.tamtama;1
55179135;raka.prawira;1
55179136;adib.tamtama;1
55179144;raka.prawira;1
55179145;abdulkarim;1
55179150;hairuddin;1
55179154;;0
55179157;raka.prawira;1
55179159;;0
55179168;ahmadfaisal;1
55179176;raka.prawira;1
55179187;;0
55179201;raka.prawira;1
55179205;;0
55179225;adib.tamtama;1
55179242;shoviatamara;1
55179248;raka.prawira;1
55179256;abdulkarim;1
55179260;;0
55179271;hairuddin;1
55179286;;0
55179300;adib.tamtama;1
55179301;raka.prawira;1
55179306;raka.prawira;1
55179310;raka.prawira;1
55179318;;0
55179341;adib.tamtama;1
55179394;raka.prawira;1
55179398;;0
55179402;;0
55179406;adib.tamtama;1
55179423;raka.prawira;1
55179429;adib.tamtama;1
55179442;raka.prawira;1
55179443;;0
55179446;;0
55179464;raka.prawira;1
55179479;raka.prawira;1
55179497;adib.tamtama;1
55179510;;0
55179529;adib.tamtama;1
55179551;raka.prawira;1
55179553;adib.tamtama;1
55179559;raka.prawira;1
55179572;raka.prawira;1
55179574;;0
55179579;abdulkarim;1
55179583;abdulkarim;1
55179592;raka.prawira;1
55179593;;0
55179604;raka.prawira;1
55179605;adib.tamtama;1
55179615;adib.tamtama;1
55179620;raka.prawira;1
55179622;raka.prawira;1
55179624;;0
55179629;raka.prawira;1
55179635;;0
55179660;;0
55179665;raka.prawira;1
55179666;adib.tamtama;1
55179682;;0
55179707;raka.prawira;1
55179709;raka.prawira;1
55179716;adib.tamtama;1
55179724;raka.prawira;1
55179730;raka.prawira;1
55179732;raka.prawira;1
55179735;;0
55179741;adib.tamtama;1
55179748;raka.prawira;1
55179754;adib.tamtama;1
55179755;raka.prawira;1
55179756;;0
55179764;abdulkarim;1
55179783;;0
55179793;raka.prawira;1
55179801;raka.prawira;1
55179805;raka.prawira;1
55179808;abdulkarim;1
55179810;adib.tamtama;1
55179827;hairuddin;1
55179833;raka.prawira;1
55179865;adib.tamtama;1
55179869;adib.tamtama;1
55179875;hairuddin;1
55179892;;0
55179901;hairuddin;1
55179902;adib.tamtama;1
55179903;;0
55179905;;0
55179914;raka.prawira;1
55179926;abdulkarim;1
55179930;;0
55179949;adib.tamtama;1
55179950;raka.prawira;1
55179952;raka.prawira;1
55179958;;0
55179964;raka.prawira;1
55179965;raka.prawira;1
55179970;adib.tamtama;1
55179972;raka.prawira;1
55179979;raka.prawira;1
55179989;hairuddin;1
55179991;adib.tamtama;1
55179998;raka.prawira;1
55180008;raka.prawira;1
55180023;raka.prawira;1
55180032;adib.tamtama;1
55180048;abdulkarim;1
55180051;raka.prawira;1
55180052;;0
55180067;raka.prawira;1
55180078;raka.prawira;1
55180083;adib.tamtama;1
55180091;;0
55180095;;0
55180121;hairuddin;1
55180122;shoviatamara;1
55180136;hairuddin;1
55180152;adib.tamtama;1
55180154;raka.prawira;1
55180165;;0
55180175;;0
55180176;adib.tamtama;1
55180181;raka.prawira;1
55180197;;0
55180201;raka.prawira;1
55180225;raka.prawira;1
55180231;;0
55180233;raka.prawira;1
55180238;;0
55180248;adib.tamtama;1
55180267;adib.tamtama;1
55180270;raka.prawira;1
55180295;raka.prawira;1
55180297;shoviatamara;1
55180301;abdulkarim;1
55180304;raka.prawira;1
55180315;abdulkarim;1
55180323;raka.prawira;1
55180324;raka.prawira;1
55180328;raka.prawira;1
55180329;shoviatamara;1
55180333;;0
55180338;abdulkarim;1
55180344;adib.tamtama;1
55180346;adib.tamtama;1
55180355;raka.prawira;1
55180358;adib.tamtama;1
55180374;raka.prawira;1
55180387;adib.tamtama;1
55180393;;0
55180395;raka.prawira;1
55180397;adib.tamtama;1
55180410;raka.prawira;1
55180420;raka.prawira;1
55180423;abdulkarim;1
55180432;shoviatamara;1
55180439;raka.prawira;1
55180441;raka.prawira;1
55180464;shoviatamara;1
55180472;;0
55180473;raka.prawira;1
55180481;adib.tamtama;1
55180491;adib.tamtama;1
55180508;hairuddin;1
55180509;adib.tamtama;1
55180516;raka.prawira;1
55180523;adib.tamtama;1
55180536;raka.prawira;1
55180540;abdulkarim;1
55180552;raka.prawira;1
55180561;raka.prawira;1
55180570;adib.tamtama;1
55180572;;0
55180580;shoviatamara;1
55180589;;0
55180592;adib.tamtama;1
55180594;raka.prawira;1
55180604;raka.prawira;1
55180606;adib.tamtama;1
55180617;adib.tamtama;1
55180638;;0
55180656;adib.tamtama;1
55180684;adib.tamtama;1
55180694;raka.prawira;1
55180707;;0
55180710;abdulkarim;1
55180714;shoviatamara;1
55180720;raka.prawira;1
55180722;adib.tamtama;1
55180731;raka.prawira;1
55180734;adib.tamtama;1
55180737;adib.tamtama;1
55180738;abdulkarim;1
55180750;raka.prawira;1
55180756;adib.tamtama;1
55180771;adib.tamtama;1
55180772;shoviatamara;1
55180780;raka.prawira;1
55180795;adib.tamtama;1
55180796;adib.tamtama;1
55180797;raka.prawira;1
55180798;shoviatamara;1
55180800;;0
55180805;adib.tamtama;1
55180827;raka.prawira;1
55180832;;0
55180841;adib.tamtama;1
55180842;;0
55180843;raka.prawira;1
55180846;adib.tamtama;1
55180848;raka.prawira;1
55180853;;0
55180857;shoviatamara;1
55180858;;0
55180872;;0
55180876;raka.prawira;1
55180878;raka.prawira;1
55180889;adib.tamtama;1
55180906;;0
55180909;hairuddin;1
55180924;raka.prawira;1
55180925;;0
55180931;ahmadfaisal;1
55180934;adib.tamtama;1
55180935;;0
55180943;adib.tamtama;1
55180954;;0
55180962;;0
55180969;abdulkarim;1
55180981;raka.prawira;1
55180987;hairuddin;1
55181003;raka.prawira;1
55181033;;0
55181036;shoviatamara;1
55181057;shoviatamara;1
55181062;raka.prawira;1
55181066;abdulkarim;1
55181068;ahmadfaisal;1
55181072;adib.tamtama;1
55181093;adib.tamtama;1
55181098;;0
55181107;;0
55181118;abdulkarim;1
55181129;abdulkarim;1
55181136;raka.prawira;1
55181151;hairuddin;1
55181153;shoviatamara;1
55181162;ahmadfaisal;1
55181164;adib.tamtama;1
55181168;adib.tamtama;1
55181174;adib.tamtama;1
55181179;raka.prawira;1
55181189;adib.tamtama;1
55181193;raka.prawira;1
55181206;;0
55181213;abdulkarim;1
55181222;adib.tamtama;1
55181244;raka.prawira;1
55181267;adib.tamtama;1
55181281;raka.prawira;1
55181282;;0
55181283;raka.prawira;1
55181288;raka.prawira;1
55181289;adib.tamtama;1
55181290;ahmadfaisal;1
55181291;;0
55181300;;0
55181302;;0
55181305;raka.prawira;1
55181311;adib.tamtama;1
55181317;raka.prawira;1
55181326;raka.prawira;1
55181328;;0
55181333;raka.prawira;1
55181335;raka.prawira;1
55181336;adib.tamtama;1
55181342;adib.tamtama;1
55181347;raka.prawira;1
55181356;;0
55181362;abdulkarim;1
55181376;abdulkarim;1
55181378;;0
55181379;abdulkarim;1
55181421;raka.prawira;1
55181447;hairuddin;1
55181477;raka.prawira;1
55181508;adib.tamtama;1
55181510;raka.prawira;1
55181517;raka.prawira;1
55181518;raka.prawira;1
55181519;raka.prawira;1
55181524;raka.prawira;1
55181529;;0
55181544;raka.prawira;1
55181549;;0
55181552;;0
55181555;raka.prawira;1
55181556;raka.prawira;1
55181575;abdulkarim;1
55181584;raka.prawira;1
55181585;;0
55181587;raka.prawira;1
55181588;;0
55181598;raka.prawira;1
55181599;adib.tamtama;1
55181603;abdulkarim;1
55181619;hairuddin;1
55181625;adib.tamtama;1
55181639;adib.tamtama;1
55181641;abdulkarim;1
55181643;adib.tamtama;1
55181669;adib.tamtama;1
55181678;shoviatamara;1
55181685;;0
55181689;hairuddin;1
55181705;raka.prawira;1
55181707;raka.prawira;1
55181708;;0
55181717;;0
55181722;shoviatamara;1
55181728;adib.tamtama;1
55181731;raka.prawira;1
55181754;raka.prawira;1
55181761;adib.tamtama;1
55206904;;0
55206924;raka.prawira;1
55206937;hairuddin;1
55206939;adib.tamtama;1
55206942;adib.tamtama;1
55206944;abdulkarim;1
55206950;raka.prawira;1
55206951;;0
55206963;shoviatamara;1
55206965;adib.tamtama;1
55206969;;0
55206972;shoviatamara;1
55206988;raka.prawira;1
55206997;adib.tamtama;1
55206998;raka.prawira;1
55206999;adib.tamtama;1
55207000;raka.prawira;1
55207004;raka.prawira;1
55207005;;0
55207008;raka.prawira;1
55207026;;0
55207039;adib.tamtama;1
55207045;hairuddin;1
55207048;adib.tamtama;1
55207050;raka.prawira;1
55207053;raka.prawira;1
55207061;adib.tamtama;1
55207062;adib.tamtama;1
55207068;adib.tamtama;1
55207077;;0
55207081;raka.prawira;1
55207110;adib.tamtama;1
55207124;adib.tamtama;1
55207136;raka.prawira;1
55207139;adib.tamtama;1
55207141;raka.prawira;1
55207147;;0
55207155;raka.prawira;1
55207159;adib.tamtama;1
55207183;shoviatamara;1
55207188;adib.tamtama;1
55207199;;0
55207202;;0
55207217;adib.tamtama;1
55207219;;0
55207222;hairuddin;1
55207235;adib.tamtama;1
55207243;raka.prawira;1
55207245;hairuddin;1
55207265;raka.prawira;1
55207275;hairuddin;1
55207288;ahmadfaisal;1
55207293;raka.prawira;1
55207305;raka.prawira;1
55207307;raka.prawira;1
55207310;raka.prawira;1
55207312;adib.tamtama;1
55207322;abdulkarim;1
55207325;raka.prawira;1
55207326;adib.tamtama;1
55207330;abdulkarim;1
55207335;;0
55207336;;0
55207350;adib.tamtama;1
55207358;raka.prawira;1
55207375;adib.tamtama;1
55207377;adib.tamtama;1
55207381;;0
55207385;abdulkarim;1
55207398;adib.tamtama;1
55207402;adib.tamtama;1
55207413;abdulkarim;1
55207416;raka.prawira;1
55207426;shoviatamara;1
55207448;adib.tamtama;1
55207453;adib.tamtama;1
55207456;;0
55207460;;0
55207465;abdulkarim;1
55207479;raka.prawira;1
55207480;raka.prawira;1
55207491;;0
55207496;;0
55207499;;0
55207502;;0
55207503;raka.prawira;1
55207516;adib.tamtama;1
55207519;raka.prawira;1
55207520;raka.prawira;1
55207522;;0
55207524;raka.prawira;1
55207526;;0
55207542;adib.tamtama;1
55207548;raka.prawira;1
55207564;adib.tamtama;1
55207583;raka.prawira;1
55207587;raka.prawira;1
55207589;raka.prawira;1
55207591;raka.prawira;1
55207594;raka.prawira;1
55207604;raka.prawira;1
55207608;adib.tamtama;1
55207615;raka.prawira;1
55207626;adib.tamtama;1
55207629;raka.prawira;1
55207649;raka.prawira;1
55207653;adib.tamtama;1
55207659;adib.tamtama;1
55207665;raka.prawira;1
55207667;adib.tamtama;1
55207678;adib.tamtama;1
55207684;hairuddin;1
55207692;adib.tamtama;1
55207695;hairuddin;1
55207699;adib.tamtama;1
55207700;;0
55207710;abdulkarim;1
55207711;raka.prawira;1
55207712;raka.prawira;1
55207714;raka.prawira;1
55207717;;0
55207720;adib.tamtama;1
55207724;adib.tamtama;1
55207729;abdulkarim;1
55207731;raka.prawira;1
55207735;abdulkarim;1
55207743;raka.prawira;1
55207746;abdulkarim;1
55207750;;0
55207753;adib.tamtama;1
55207762;adib.tamtama;1
55207785;raka.prawira;1
55207791;raka.prawira;1
55207803;;0
55207805;raka.prawira;1
55207814;adib.tamtama;1
55207815;adib.tamtama;1
55207818;raka.prawira;1
55207821;;0
55207823;raka.prawira;1
55207851;abdulkarim;1
55207852;adib.tamtama;1
55207853;adib.tamtama;1
55207855;raka.prawira;1
55207857;raka.prawira;1
55207863;;0
55207864;raka.prawira;1
55207866;abdulkarim;1
55207879;adib.tamtama;1
55207883;raka.prawira;1
55207893;adib.tamtama;1
55207896;;0
55207898;adib.tamtama;1
55207903;raka.prawira;1
55207920;raka.prawira;1
55207929;;0
55207933;;0
55207935;adib.tamtama;1
55207957;adib.tamtama;1
55207963;hairuddin;1
55207998;raka.prawira;1
55208012;;0
55208023;;0
55208025;raka.prawira;1
55208030;;0
55208036;;0
55208038;raka.prawira;1
55208044;adib.tamtama;1
55208049;;0
55208050;;0
55208061;;0
55208064;raka.prawira;1
55208065;;0
55208071;raka.prawira;1
55208072;raka.prawira;1
55208073;adib.tamtama;1
55208097;raka.prawira;1
55208109;hairuddin;1
55208110;hairuddin;1
55208115;raka.prawira;1
55208116;adib.tamtama;1
55208130;raka.prawira;1
55208134;raka.prawira;1
55208136;adib.tamtama;1
55208144;raka.prawira;1
55208161;abdulkarim;1
55208164;hairuddin;1
55208176;;0
55208180;;0
55208196;raka.prawira;1
55208202;;0
55208208;raka.prawira;1
55208223;raka.prawira;1
55208256;adib.tamtama;1
55208260;raka.prawira;1
55208266;raka.prawira;1
55208273;raka.prawira;1
55208278;;0
55208280;;0
55208284;raka.prawira;1
55208304;adib.tamtama;1
55208306;raka.prawira;1
55208332;;0
55208334;raka.prawira;1
55208348;raka.prawira;1
55208349;shoviatamara;1
55208353;abdulkarim;1
55208355;adib.tamtama;1
55208359;;0
55208363;;0
55208388;raka.prawira;1
55208393;;0
55208395;;0
55208420;;0
55208427;raka.prawira;1
55208431;raka.prawira;1
55208432;;0
55208434;abdulkarim;1
55208452;raka.prawira;1
55208471;adib.tamtama;1
55208473;raka.prawira;1
55208487;abdulkarim;1
55208494;adib.tamtama;1
55208495;adib.tamtama;1
55208501;adib.tamtama;1
55208503;raka.prawira;1
55208504;;0
55208511;adib.tamtama;1
55208516;;0
55208527;hairuddin;1
55208532;;0
55208551;raka.prawira;1
55208559;hairuddin;1
55208567;raka.prawira;1
55208570;abdulkarim;1
55208573;adib.tamtama;1
55208575;adib.tamtama;1
55208583;adib.tamtama;1
55208596;abdulkarim;1
55208601;abdulkarim;1
55208604;hairuddin;1
55208606;adib.tamtama;1
55208642;raka.prawira;1
55208646;;0
55208647;adib.tamtama;1
55208654;raka.prawira;1
55208655;raka.prawira;1
55208656;;0
55208662;;0
55208666;raka.prawira;1
55208668;adib.tamtama;1
55208676;adib.tamtama;1
55208684;raka.prawira;1
55208685;hairuddin;1
55208693;raka.prawira;1
55208701;adib.tamtama;1
55208706;abdulkarim;1
55208709;raka.prawira;1
55208715;adib.tamtama;1
55208724;raka.prawira;1
55208727;raka.prawira;1
55208748;raka.prawira;1
55208777;raka.prawira;1
55208784;adib.tamtama;1
55208786;raka.prawira;1
55208829;raka.prawira;1
55208839;shoviatamara;1
55208841;hairuddin;1
55208845;;0
55208854;raka.prawira;1
55208874;adib.tamtama;1
55208904;abdulkarim;1
55208926;raka.prawira;1
55208929;adib.tamtama;1
55208942;;0
55208947;;0
55208955;adib.tamtama;1
55208983;raka.prawira;1
55208987;shoviatamara;1
55208990;raka.prawira;1
55209005;;0
55209019;;0
55209042;raka.prawira;1
55209048;hairuddin;1
55209051;raka.prawira;1
55209056;raka.prawira;1
55209063;adib.tamtama;1
55209072;raka.prawira;1
55209074;;0
55209084;raka.prawira;1
55209087;;0
55209103;;0
55209119;;0
55209126;;0
55209129;;0
55209130;;0
55209134;;0
55209145;raka.prawira;1
55209147;raka.prawira;1
55209154;adib.tamtama;1
55209170;abdulkarim;1
55209171;raka.prawira;1
55209175;;0
55209194;raka.prawira;1
55209196;raka.prawira;1
55209206;raka.prawira;1
55209210;raka.prawira;1
55209213;raka.prawira;1
55209217;raka.prawira;1
55209222;adib.tamtama;1
55209230;raka.prawira;1
55209248;raka.prawira;1
55209250;raka.prawira;1
55209251;hairuddin;1
55209252;;0
55209260;raka.prawira;1
55209277;raka.prawira;1
55209281;adib.tamtama;1
55209283;raka.prawira;1
55209299;raka.prawira;1
55209313;;0
55209338;adib.tamtama;1
55209341;raka.prawira;1
55209352;abdulkarim;1
55209371;;0
55209382;;0
55209393;raka.prawira;1
55209394;abdulkarim;1
55209405;raka.prawira;1
55209415;raka.prawira;1
55209420;adib.tamtama;1
55209441;raka.prawira;1
55209443;hairuddin;1
55209450;hairuddin;1
55209460;adib.tamtama;1
55209477;abdulkarim;1
55209478;raka.prawira;1
55209480;shoviatamara;1
55209481;adib.tamtama;1
55209483;raka.prawira;1
55209506;adib.tamtama;1
55209509;shoviatamara;1
55209512;abdulkarim;1
55209520;;0
55209532;raka.prawira;1
55209541;raka.prawira;1
55209551;;0
55209554;abdulkarim;1
55209562;;0
55209565;;0
55209568;shoviatamara;1
55209571;adib.tamtama;1
55209582;raka.prawira;1
55209585;raka.prawira;1
55209586;;0
55209588;adib.tamtama;1
55209623;adib.tamtama;1
55209628;adib.tamtama;1
55209631;;0
55209632;hairuddin;1
55209646;;0
55209655;raka.prawira;1
55209656;adib.tamtama;1
55209667;adib.tamtama;1
55209669;adib.tamtama;1
55209671;adib.tamtama;1
55209676;adib.tamtama;1
55209677;;0
55209688;raka.prawira;1
55209692;raka.prawira;1
55209732;adib.tamtama;1
55209743;raka.prawira;1
55209810;raka.prawira;1
55209817;raka.prawira;1
55209820;adib.tamtama;1
55209825;;0
55209827;;0
55209848;raka.prawira;1
55209851;abdulkarim;1
55209858;raka.prawira;1
55209862;abdulkarim;1
55209863;raka.prawira;1
55209868;raka.prawira;1
55209873;;0
55209874;raka.prawira;1
55209883;hairuddin;1
55209890;;0
55209902;adib.tamtama;1
55209904;raka.prawira;1
55209905;hairuddin;1
55209918;raka.prawira;1
55209919;adib.tamtama;1
55209920;;0
55209932;raka.prawira;1
55209944;shoviatamara;1
55209953;raka.prawira;1
55209959;raka.prawira;1
55209960;raka.prawira;1
55209962;raka.prawira;1
55209963;adib.tamtama;1
55209970;;0
55209975;hairuddin;1
55209997;;0
55210080;;0
55210096;;0
55210167;adib.tamtama;1
55210191;;0
55210193;raka.prawira;1
55210208;adib.tamtama;1
55210211;;0
55210218;adib.tamtama;1
55210230;;0
55210237;raka.prawira;1
55210238;hairuddin;1
55210243;raka.prawira;1
55236515;raka.prawira;1
55236519;adib.tamtama;1
55236520;;0
55236524;raka.prawira;1
55236529;abdulkarim;1
55236530;raka.prawira;1
55236539;;0
55236544;abdulkarim;1
55236546;raka.prawira;1
55236549;raka.prawira;1
55236556;abdulkarim;1
55236558;hairuddin;1
55236567;abdulkarim;1
55236568;hairuddin;1
55236569;;0
55236571;;0
55236578;;0
55236582;adib.tamtama;1
55236592;;0
55236597;raka.prawira;1
55236600;raka.prawira;1
55236613;raka.prawira;1
55236631;;0
55236645;raka.prawira;1
55236657;;0
55236680;;0
55236685;hairuddin;1
55236697;raka.prawira;1
55236699;raka.prawira;1
55236724;hairuddin;1
55236733;;0
55236741;;0
55236743;raka.prawira;1
55236755;shoviatamara;1
55236773;adib.tamtama;1
55236775;raka.prawira;1
55236778;adib.tamtama;1
55236784;;0
55236797;adib.tamtama;1
55236802;;0
55236813;hairuddin;1
55236815;adib.tamtama;1
55236838;raka.prawira;1
55236860;;0
55236866;;0
55236878;;0
55236898;adib.tamtama;1
55236900;;0
55236906;shoviatamara;1
55236911;;0
55236913;;0
55236919;raka.prawira;1
55236920;raka.prawira;1
55236921;;0
55236951;raka.prawira;1
55236967;raka.prawira;1
55236968;abdulkarim;1
55236969;hairuddin;1
55236982;;0
55236985;adib.tamtama;1
55237002;raka.prawira;1
55237005;;0
55237008;adib.tamtama;1
55237019;;0
55237060;;0
55237065;adib.tamtama;1
55237067;;0
55237068;raka.prawira;1
55237071;raka.prawira;1
55237072;raka.prawira;1
55237081;raka.prawira;1
55237093;;0
55237113;abdulkarim;1
55237131;raka.prawira;1
55237132;adib.tamtama;1
55237145;raka.prawira;1
55237149;hairuddin;1
55237170;raka.prawira;1
55237174;;0
55237176;;0
55237180;adib.tamtama;1
55237181;;0
55237186;hairuddin;1
55237194;;0
55237202;raka.prawira;1
55237210;adib.tamtama;1
55237216;adib.tamtama;1
55237227;hairuddin;1
55237241;raka.prawira;1
55237245;raka.prawira;1
55237247;abdulkarim;1
55237249;;0
55237255;adib.tamtama;1
55237257;adib.tamtama;1
55237281;raka.prawira;1
55237301;raka.prawira;1
55237307;hairuddin;1
55237325;;0
55237326;raka.prawira;1
55237333;raka.prawira;1
55237342;abdulkarim;1
55237358;adib.tamtama;1
55237367;;0
55237375;adib.tamtama;1
55237385;raka.prawira;1
55237388;adib.tamtama;1
55237391;adib.tamtama;1
55237405;abdulkarim;1
55237407;raka.prawira;1
55237418;raka.prawira;1
55237434;abdulkarim;1
55237438;raka.prawira;1
55237461;adib.tamtama;1
55237483;;0
55237503;raka.prawira;1
55237517;;0
55237519;raka.prawira;1
55237539;raka.prawira;1
55237563;raka.prawira;1
55237575;;0
55237585;raka.prawira;1
55237587;;0
55237614;raka.prawira;1
55237623;abdulkarim;1
55237627;;0
55237646;;0
55237653;adib.tamtama;1
55237659;raka.prawira;1
55237662;raka.prawira;1
55237669;adib.tamtama;1
55237670;raka.prawira;1
55237679;raka.prawira;1
55237681;;0
55237714;raka.prawira;1
55237717;;0
55237718;raka.prawira;1
55237719;;0
55237730;;0
55237734;adib.tamtama;1
55237806;adib.tamtama;1
55237815;adib.tamtama;1
55237828;adib.tamtama;1
55237832;;0
55237839;raka.prawira;1
55237840;hairuddin;1
55237845;shoviatamara;1
55237858;raka.prawira;1
55237859;adib.tamtama;1
55237866;raka.prawira;1
55237875;raka.prawira;1
55237878;adib.tamtama;1
55237880;raka.prawira;1
55237887;raka.prawira;1
55237890;adib.tamtama;1
55237902;;0
55237906;;0
55237925;hairuddin;1
55237934;;0
55237935;;0
55237937;;0
55237941;raka.prawira;1
55237963;raka.prawira;1
55237975;raka.prawira;1
55237978;;0
55237982;adib.tamtama;1
55237994;raka.prawira;1
55238006;raka.prawira;1
55238013;adib.tamtama;1
55238033;adib.tamtama;1
55238034;adib.tamtama;1
55238035;adib.tamtama;1
55238042;;0
55238043;adib.tamtama;1
55238051;shoviatamara;1
55238079;raka.prawira;1
55238084;raka.prawira;1
55238091;adib.tamtama;1
55238118;adib.tamtama;1
55238121;raka.prawira;1
55238122;adib.tamtama;1
55238124;;0
55238128;;0
55238129;abdulkarim;1
55238132;raka.prawira;1
55238137;adib.tamtama;1
55238146;raka.prawira;1
55238148;;0
55238157;raka.prawira;1
55238160;abdulkarim;1
55238162;ahmadfaisal;1
55238165;raka.prawira;1
55238178;raka.prawira;1
55238209;;0
55238211;;0
55238215;raka.prawira;1
55238218;abdulkarim;1
55238220;raka.prawira;1
55238243;;0
55238247;adib.tamtama;1
55238254;adib.tamtama;1
55238255;adib.tamtama;1
55238259;raka.prawira;1
55238264;raka.prawira;1
55238269;adib.tamtama;1
55238272;adib.tamtama;1
55238277;shoviatamara;1
55238289;;0
55238298;raka.prawira;1
55238317;adib.tamtama;1
55238323;adib.tamtama;1
55238331;adib.tamtama;1
55238334;raka.prawira;1
55238340;raka.prawira;1
55238347;raka.prawira;1
55238364;;0
55238369;;0
55238372;;0
55238376;raka.prawira;1
55238387;;0
55238391;raka.prawira;1
55238392;;0
55238401;raka.prawira;1
55238414;raka.prawira;1
55238416;adib.tamtama;1
55238424;adib.tamtama;1
55238430;raka.prawira;1
55238437;hairuddin;1
55238438;;0
55238444;hairuddin;1
55238449;raka.prawira;1
55238481;raka.prawira;1
55238490;raka.prawira;1
55238514;adib.tamtama;1
55238516;raka.prawira;1
55238519;;0
55238521;raka.prawira;1
55238526;raka.prawira;1
55238551;;0
55238553;raka.prawira;1
55238565;abdulkarim;1
55238584;raka.prawira;1
55238594;;0
55238607;raka.prawira;1
55238611;raka.prawira;1
55238634;;0
55238637;raka.prawira;1
55238639;abdulkarim;1
55238642;ahmadfaisal;1
55238645;adib.tamtama;1
55238647;hairuddin;1
55238659;adib.tamtama;1
55238666;;0
55238667;adib.tamtama;1
55238669;hairuddin;1
55238676;abdulkarim;1
55238688;raka.prawira;1
55238697;;0
55238709;;0
55238743;adib.tamtama;1
55238746;hairuddin;1
55238761;shoviatamara;1
55238771;abdulkarim;1
55238777;raka.prawira;1
55238779;shoviatamara;1
55238788;adib.tamtama;1
55238794;adib.tamtama;1
55238795;adib.tamtama;1
55238797;raka.prawira;1
55238798;raka.prawira;1
55238803;raka.prawira;1
55238808;raka.prawira;1
55238811;raka.prawira;1
55238813;raka.prawira;1
55238818;adib.tamtama;1
55238820;adib.tamtama;1
55238823;raka.prawira;1
55238825;;0
55238834;;0
55238839;raka.prawira;1
55238849;;0
55238868;shoviatamara;1
55238877;raka.prawira;1
55238880;raka.prawira;1
55238890;hairuddin;1
55238899;raka.prawira;1
55238912;ahmadfaisal;1
55238915;adib.tamtama;1
55238916;hairuddin;1
55238917;raka.prawira;1
55238922;;0
55238925;;0
55238940;;0
55238959;;0
55238964;raka.prawira;1
55238973;raka.prawira;1
55238987;;0
55238988;;0
55238993;adib.tamtama;1
55238997;raka.prawira;1
55239014;abdulkarim;1
55239020;adib.tamtama;1
55239040;abdulkarim;1
55239053;;0
55239055;adib.tamtama;1
55239061;raka.prawira;1
55239071;adib.tamtama;1
55239074;raka.prawira;1
55239103;adib.tamtama;1
55239107;raka.prawira;1
55239110;adib.tamtama;1
55239127;adib.tamtama;1
55239145;;0
55239149;;0
55239154;ahmadfaisal;1
55239158;;0
55239160;raka.prawira;1
55239162;abdulkarim;1
55239178;adib.tamtama;1
55239182;raka.prawira;1
55239188;adib.tamtama;1
55239209;;0
55239210;;0
55239224;raka.prawira;1
55239233;adib.tamtama;1
55239234;;0
55239239;raka.prawira;1
55239242;;0
55239249;raka.prawira;1
55239251;adib.tamtama;1
55239259;adib.tamtama;1
55239267;hairuddin;1
55239270;adib.tamtama;1
55239273;adib.tamtama;1
55239275;abdulkarim;1
55239288;;0
55239297;raka.prawira;1
55239298;raka.prawira;1
55239312;;0
55239317;adib.tamtama;1
55239321;abdulkarim;1
55239344;raka.prawira;1
55239345;;0
55239357;adib.tamtama;1
55239365;;0
55239382;raka.prawira;1
55239383;hairuddin;1
55239392;raka.prawira;1
55239412;hairuddin;1
55239414;raka.prawira;1
55239420;raka.prawira;1
55239448;;0
55239454;adib.tamtama;1
55239467;adib.tamtama;1
55239468;raka.prawira;1
55239482;;0
55239497;shoviatamara;1
55239513;raka.prawira;1
55239517;raka.prawira;1
55239525;;0
55239537;adib.tamtama;1
55239556;adib.tamtama;1
55239561;;0
55239564;;0
55239568;adib.tamtama;1
55239572;adib.tamtama;1
55239577;raka.prawira;1
55239591;raka.prawira;1
55239592;ahmadfaisal;1
55239601;raka.prawira;1
55239614;adib.tamtama;1
55239616;raka.prawira;1
55239620;;0
55239637;hairuddin;1
55239642;raka.prawira;1
55239648;hairuddin;1
55239658;adib.tamtama;1
55239673;raka.prawira;1
55239680;;0
55239686;adib.tamtama;1
55239687;;0
55239690;raka.prawira;1
55239699;raka.prawira;1
55239700;abdulkarim;1
55239715;raka.prawira;1
55239716;raka.prawira;1
55239724;raka.prawira;1
55239734;raka.prawira;1
55239740;;0
55239755;hairuddin;1
55239758;raka.prawira;1
55239772;;0
55239783;;0
55239804;;0
55239808;raka.prawira;1
55239811;;0
55239813;adib.tamtama;1
55239819;raka.prawira;1
55239820;adib.tamtama;1
55239821;hairuddin;1
55239846;adib.tamtama;1
55239847;;0
55239850;ahmadfaisal;1
55239880;adib.tamtama;1
55239882;ahmadfaisal;1
55239885;;0
55239888;;0
55239893;raka.prawira;1
55239899;raka.prawira;1
55239906;raka.prawira;1
55239909;adib.tamtama;1
55239948;abdulkarim;1
55239949;;0
55239957;;0
55239961;raka.prawira;1
55239971;adib.tamtama;1
55239978;raka.prawira;1
55239985;raka.prawira;1
55239998;raka.prawira;1
55240004;raka.prawira;1
55240016;;0
55240030;ahmadfaisal;1
55240041;abdulkarim;1
55240043;adib.tamtama;1
55240045;raka.prawira;1
55240047;raka.prawira;1
55240056;raka.prawira;1
55240062;shoviatamara;1
55240068;raka.prawira;1
55240077;adib.tamtama;1
55240081;hairuddin;1
55240098;raka.prawira;1
55240110;;0
55240119;raka.prawira;1
55240152;raka.prawira;1
55240158;raka.prawira;1
55240174;hairuddin;1
55240177;adib.tamtama;1
55240179;;0
55240181;adib.tamtama;1
55240194;raka.prawira;1
55263460;adib.tamtama;1
55263461;;0
55263466;;0
55263484;;0
55263486;raka.prawira;1
55263500;adib.tamtama;1
55263513;adib.tamtama;1
55263514;abdulkarim;1
55263519;adib.tamtama;1
55263537;hairuddin;1
55263540;adib.tamtama;1
55263546;raka.prawira;1
55263547;abdulkarim;1
55263566;abdulkarim;1
55263568;abdulkarim;1
55263570;;0
55263576;raka.prawira;1
55263582;raka.prawira;1
55263593;;0
55263599;abdulkarim;1
55263604;adib.tamtama;1
55263623;raka.prawira;1
55263636;;0
55263645;;0
55263650;raka.prawira;1
55263653;;0
55263655;shoviatamara;1
55263658;adib.tamtama;1
55263669;raka.prawira;1
55263679;;0
55263695;abdulkarim;1
55263705;raka.prawira;1
55263719;adib.tamtama;1
55263723;raka.prawira;1
55263735;;0
55263746;;0
55263749;adib.tamtama;1
55263754;abdulkarim;1
55263758;adib.tamtama;1
55263770;adib.tamtama;1
55263772;;0
55263796;raka.prawira;1
55263802;adib.tamtama;1
55263813;hairuddin;1
55263814;raka.prawira;1
55263826;adib.tamtama;1
55263834;raka.prawira;1
55263840;raka.prawira;1
55263846;raka.prawira;1
55263854;abdulkarim;1
55263857;raka.prawira;1
55263878;;0
55263879;adib.tamtama;1
55263885;raka.prawira;1
55263888;raka.prawira;1
55263890;adib.tamtama;1
55263899;adib.tamtama;1
55263905;adib.tamtama;1
55263910;adib.tamtama;1
55263917;adib.tamtama;1
55263921;adib.tamtama;1
55263922;;0
55263930;raka.prawira;1
55263956;;0
55263981;adib.tamtama;1
55263994;hairuddin;1
55263995;;0
55264003;raka.prawira;1
55264006;raka.prawira;1
55264007;raka.prawira;1
55264022;;0
55264027;hairuddin;1
55264042;abdulkarim;1
55264076;abdulkarim;1
55264079;raka.prawira;1
55264085;abdulkarim;1
55264093;raka.prawira;1
55264098;adib.tamtama;1
55264121;adib.tamtama;1
55264132;raka.prawira;1
55264134;raka.prawira;1
55264139;ahmadfaisal;1
55264141;;0
55264152;raka.prawira;1
55264154;;0
55264171;hairuddin;1
55264176;raka.prawira;1
55264177;;0
55264179;raka.prawira;1
55264184;;0
55264187;raka.prawira;1
55264190;shoviatamara;1
55264194;hairuddin;1
55264208;adib.tamtama;1
55264227;raka.prawira;1
55264230;raka.prawira;1
55264232;adib.tamtama;1
55264238;adib.tamtama;1
55264250;;0
55264256;raka.prawira;1
55264257;abdulkarim;1
55264266;hairuddin;1
55264269;abdulkarim;1
55264279;;0
55264299;shoviatamara;1
55264310;;0
55264311;raka.prawira;1
55264316;;0
55264320;raka.prawira;1
55264327;hairuddin;1
55264330;;0
55264333;adib.tamtama;1
55264335;raka.prawira;1
55264337;adib.tamtama;1
55264358;hairuddin;1
55264361;abdulkarim;1
55264362;;0
55264365;;0
55264367;;0
55264369;shoviatamara;1
55264370;adib.tamtama;1
55264373;raka.prawira;1
55264385;adib.tamtama;1
55264394;raka.prawira;1
55264398;;0
55264409;;0
55264430;raka.prawira;1
55264433;;0
55264435;;0
55264444;;0
55264452;hairuddin;1
55264456;hairuddin;1
55264457;raka.prawira;1
55264460;;0
55264468;raka.prawira;1
55264474;raka.prawira;1
55264482;;0
55264487;shoviatamara;1
55264491;adib.tamtama;1
55264493;raka.prawira;1
55264494;;0
55264498;raka.prawira;1
55264508;hairuddin;1
55264515;raka.prawira;1
55264519;hairuddin;1
55264527;abdulkarim;1
55264542;;0
55264553;;0
55264558;;0
55264559;;0
55264574;raka.prawira;1
55264575;;0
55264583;;0
55264586;raka.prawira;1
55264598;raka.prawira;1
55264603;raka.prawira;1
55264620;;0
55264654;adib.tamtama;1
55264656;hairuddin;1
55264657;raka.prawira;1
55264675;;0
55264678;hairuddin;1
55264679;raka.prawira;1
55264684;abdulkarim;1
55264693;hairuddin;1
55264707;adib.tamtama;1
55264717;raka.prawira;1
55264719;hairuddin;1
55264728;raka.prawira;1
55264736;adib.tamtama;1
55264746;adib.tamtama;1
55264747;raka.prawira;1
55264748;raka.prawira;1
55264764;raka.prawira;1
55264779;raka.prawira;1
55264782;adib.tamtama;1
55264794;;0
55264825;adib.tamtama;1
55264832;raka.prawira;1
55264839;raka.prawira;1
55264846;raka.prawira;1
55264849;raka.prawira;1
55264855;raka.prawira;1
55264857;raka.prawira;1
55264859;hairuddin;1
55264865;abdulkarim;1
55264867;adib.tamtama;1
55264873;;0
55264875;adib.tamtama;1
55264876;;0
55264877;ahmadfaisal;1
55264884;;0
55264893;raka.prawira;1
55264905;raka.prawira;1
55264914;;0
55264916;raka.prawira;1
55264919;raka.prawira;1
55264932;;0
55264943;shoviatamara;1
55264945;;0
55264948;;0
55264953;shoviatamara;1
55264960;adib.tamtama;1
55264968;raka.prawira;1
55264983;abdulkarim;1
55264986;;0
55264987;adib.tamtama;1
55264995;raka.prawira;1
55264997;abdulkarim;1
55265012;;0
55265027;hairuddin;1
55265029;raka.prawira;1
55265036;;0
55265038;;0
55265041;raka.prawira;1
55265042;;0
55265044;raka.prawira;1
55265063;;0
55265068;;0
55265094;adib.tamtama;1
55265104;raka.prawira;1
55265109;raka.prawira;1
55265110;raka.prawira;1
55265112;abdulkarim;1
55265116;;0
55265118;raka.prawira;1
55265144;;0
55265147;raka.prawira;1
55265153;shoviatamara;1
55265155;raka.prawira;1
55265160;shoviatamara;1
55265173;adib.tamtama;1
55265177;raka.prawira;1
55265182;;0
55265183;adib.tamtama;1
55265190;raka.prawira;1
55265209;raka.prawira;1
55265225;abdulkarim;1
55265229;adib.tamtama;1
55265237;abdulkarim;1
55265243;raka.prawira;1
55265259;raka.prawira;1
55265261;raka.prawira;1
55265276;;0
55265278;;0
55265286;raka.prawira;1
55265303;abdulkarim;1
55265321;;0
55265327;adib.tamtama;1
55265335;adib.tamtama;1
55265337;raka.prawira;1
55265345;adib.tamtama;1
55265347;abdulkarim;1
55265366;;0
55265396;hairuddin;1
55265398;;0
55265402;;0
55265416;adib.tamtama;1
55265423;;0
55265437;raka.prawira;1
55265448;raka.prawira;1
55265451;raka.prawira;1
55265455;;0
55265462;adib.tamtama;1
55265464;;0
55265471;raka.prawira;1
55265473;;0
55265479;adib.tamtama;1
55265480;shoviatamara;1
55265483;;0
55265486;adib.tamtama;1
55301976;;0
55301984;raka.prawira;1
55301987;;0
55301989;raka.prawira;1
55301998;adib.tamtama;1
55302002;;0
55302015;;0
55302035;;0
55302051;raka.prawira;1
55302057;raka.prawira;1
55302059;adib.tamtama;1
55302062;raka.prawira;1
55302072;raka.prawira;1
55302076;adib.tamtama;1
55302079;raka.prawira;1
55302084;raka.prawira;1
55302085;adib.tamtama;1
55302088;raka.prawira;1
55302104;raka.prawira;1
55302110;;0
55302119;hairuddin;1
55302121;adib.tamtama;1
55302123;adib.tamtama;1
55302128;adib.tamtama;1
55302130;raka.prawira;1
55302133;adib.tamtama;1
55302140;raka.prawira;1
55302149;adib.tamtama;1
55302171;raka.prawira;1
55302174;raka.prawira;1
55302183;raka.prawira;1
55302186;;0
55302193;raka.prawira;1
55302198;hairuddin;1
55302199;hairuddin;1
55302213;;0
55302217;abdulkarim;1
55302224;raka.prawira;1
55302242;abdulkarim;1
55302246;raka.prawira;1
55302248;raka.prawira;1
55302252;;0
55302255;;0
55302257;adib.tamtama;1
55302268;raka.prawira;1
55302277;adib.tamtama;1
55302289;raka.prawira;1
55302290;adib.tamtama;1
55302298;raka.prawira;1
55302305;raka.prawira;1
55302317;abdulkarim;1
55302318;raka.prawira;1
55302322;raka.prawira;1
55302328;adib.tamtama;1
55302334;abdulkarim;1
55302336;;0
55302342;abdulkarim;1
55302348;raka.prawira;1
55302349;raka.prawira;1
55302361;;0
55302364;raka.prawira;1
55302365;;0
55302366;raka.prawira;1
55302373;adib.tamtama;1
55302375;raka.prawira;1
55333950;raka.prawira;1
55333953;;0
55333992;raka.prawira;1
55334001;raka.prawira;1
55334006;;0
55334007;raka.prawira;1
55334010;adib.tamtama;1
55334014;adib.tamtama;1
55334021;hairuddin;1
55334022;raka.prawira;1
55334026;adib.tamtama;1
55334030;adib.tamtama;1
55334035;;0
55334039;raka.prawira;1
55334050;hairuddin;1
55334051;;0
55334059;;0
55334072;shoviatamara;1
55334077;adib.tamtama;1
55334080;raka.prawira;1
55334086;raka.prawira;1
55334094;adib.tamtama;1
55334100;adib.tamtama;1
55334103;raka.prawira;1
55334105;hairuddin;1
55334109;shoviatamara;1
55334113;;0
55334117;adib.tamtama;1
55334127;hairuddin;1
55334132;raka.prawira;1
55334137;hairuddin;1
55334140;;0
55334141;abdulkarim;1
55334142;raka.prawira;1
55334146;adib.tamtama;1
55334149;hairuddin;1
55334153;raka.prawira;1
55334155;raka.prawira;1
55334167;adib.tamtama;1
55334170;;0
55334181;hairuddin;1
55334185;adib.tamtama;1
55334194;;0
55334203;raka.prawira;1
55334206;raka.prawira;1
55334215;adib.tamtama;1
55334229;adib.tamtama;1
55334234;raka.prawira;1
55334249;raka.prawira;1
55334255;raka.prawira;1
55334258;raka.prawira;1
57476027;;0
57476823;;0
57477949;;0
57477968;;0
57478648;;0
57478791;;0
57480801;;0
57480913;;0
57481182;;0
57481198;;0
57482063;;0
57482429;;0
57482655;;0
57482920;;0
57483338;;0
57483371;;0
57483721;;0
57484163;adib.tamtama;1
57484526;;0
57484537;;0
57484718;;0
57484746;;0
57484835;;0
57484894;;0
57488105;;0
57489528;;0
57490660;;0
57496798;;0
57497148;;0
57497327;;0
57498062;;0
57498065;;0
57498067;;0
57498491;;0
57499610;;0
57499776;;0
57499955;;0
57500241;;0
57501052;;0
57501270;;0
57501890;;0
57502205;;0
57502960;;0
57502978;;0
57502988;;0
57503281;;0
57503441;;0
57504875;;0
57507298;raka.prawira;1
57507541;;0
57509132;;0
57510029;;0
57510351;;0
57511011;;0
57511058;;0
57512722;;0
57513218;;0
57513360;;0
57513443;;0
57513493;;0
57514211;;0
57514560;raka.prawira;1
57515551;;0
57516023;;0
57516243;;0
57516520;;0
57516668;;0
57516693;;0
57517048;;0
57517178;;0
57517196;;0
57517577;;0
57518697;;0
57518754;;0
57519001;;0
57519224;;0
57519249;;0
57519251;;0
57519491;;0
57521063;;0
57523788;;0
57524554;adib.tamtama;1
57527133;;0
57527603;;0
57527724;;0
57528052;;0
57528641;;0
57528798;;0
57528910;;0
57528912;;0
57528914;raka.prawira;1
57528962;;0
57528984;;0
57529346;;0
57530048;;0
57530280;;0
57530549;;0
57530594;;0
57531431;;0
57531961;;0
57532010;;0
57532092;;0
57532205;;0
57532256;adib.tamtama;1
57532306;;0
57532414;;0
57532556;;0
57532735;;0
57532861;;0
57532866;;0
57532867;;0
57533247;;0
57533428;adib.tamtama;1
57533429;;0
57533494;raka.prawira;1
57533688;;0
57534114;;0
57534687;raka.prawira;1
57534759;;0
57534773;;0
57534847;;0
57536131;;0
57536149;;0
57536311;;0
57536524;;0
57536912;;0
57537172;;0
57537508;;0
57537652;;0
57540039;;0
57540623;;0
57540664;;0
57540764;;0
57540882;;0
57541129;;0
57541330;;0
57541408;;0
57541691;;0
57541801;;0
57542384;raka.prawira;1
57542677;;0
57542714;;0
57542895;;0
57542960;raka.prawira;1
57543106;;0
57543284;;0
57543290;;0
57543658;;0
57543710;;0
57544173;;0
57544331;;0
57544392;;0
57544448;;0
57544481;;0
57544503;;0
57544564;;0
57544571;;0
57545048;;0
57545399;raka.prawira;1
57545400;;0
57545522;;0
57545934;;0
57545985;raka.prawira;1
57546636;;0
57546651;;0
57546653;;0
57546857;;0
57546864;;0
57546865;raka.prawira;1
57547103;;0
57547407;;0
57547834;raka.prawira;1
57547920;;0
57547921;;0
57547953;;0
57547974;;0
57570883;;0
57570884;adib.tamtama;1
57570885;;0
57570886;abdulkarim;1
57570887;adib.tamtama;1
57570888;;0
57570889;;0
57570890;;0
57570891;raka.prawira;1
57570892;;0
57570893;adib.tamtama;1
57570894;abdulkarim;1
57570895;;0
57570896;;0
57570897;;0
57570898;hairuddin;1
57570899;;0
57570900;adib.tamtama;1
57570901;adib.tamtama;1
57570902;;0
57570903;;0
57570904;;0
57570905;adib.tamtama;1
57570906;adib.tamtama;1
57570907;adib.tamtama;1
57570908;adib.tamtama;1
57570909;hairuddin;1
57570910;raka.prawira;1
57570911;;0
57578461;adib.tamtama;1
57579295;hairuddin;1
57579919;adib.tamtama;1
57580660;;0
57582087;;0
57582473;;0
57584476;;0
57590768;abdulkarim;1
57590769;;0
57590770;;0
57590771;hairuddin;1
57590772;hairuddin;1
57590773;raka.prawira;1
57590774;adib.tamtama;1
57590775;;0
57590776;raka.prawira;1
57590777;raka.prawira;1
57590778;raka.prawira;1
57590779;hairuddin;1
57590780;raka.prawira;1
57590781;;0
57590782;shoviatamara;1
57590783;shoviatamara;1
57594424;;0
57594425;raka.prawira;1
57594426;abdulkarim;1
57596321;adib.tamtama;1
57597276;raka.prawira;1
57597277;;0
57597723;raka.prawira;1
57603167;;0
57620391;raka.prawira;1
57624652;adib.tamtama;1
57624838;hairuddin;1
57624839;adib.tamtama;1
57624840;abdulkarim;1
57624957;adib.tamtama;1
57625045;adib.tamtama;1
57625121;;0
57642808;raka.prawira;1
57652460;adib.tamtama;1
57652461;raka.prawira;1
57652462;raka.prawira;1
57652463;raka.prawira;1
57652464;raka.prawira;1
57652465;raka.prawira;1
57652466;shoviatamara;1
57652467;;0
57652468;raka.prawira;1
57652469;abdulkarim;1
57652470;abdulkarim;1
57652471;adib.tamtama;1
57652472;raka.prawira;1
57652473;raka.prawira;1
57652474;shoviatamara;1
57652475;adib.tamtama;1
57652476;raka.prawira;1
57654940;hairuddin;1
57655094;raka.prawira;1
57660006;;0
57664617;;0
58015015;raka.prawira;1
58015019;;0
58015026;;0
58015666;;0
58015673;;0
58015776;;0
58015799;;0
58015812;;0
58015874;;0
58015882;;0
58015928;;0
58015943;;0
58015965;;0
58016012;;0
58016043;;0
58016065;;0
58016095;;0
58016131;;0
58016146;;0
58016155;;0
58016166;;0
58016196;;0
58016257;;0
58016259;;0
58016260;;0
58016271;;0
58016313;;0
58016317;;0
58016324;;0
58016332;;0
58016364;;0
58016369;;0
58016395;;0
58016432;adib.tamtama;1
58016457;;0
58016470;;0
58016500;;0
58016501;;0
58016516;;0
58016533;raka.prawira;1
58016562;;0
58016582;;0
58016600;;0
58016618;;0
58016637;;0
58016649;;0
58016652;;0
58016658;;0
58016659;;0
58016670;raka.prawira;1
58016673;;0
58016717;;0
58016718;;0
58016738;;0
58016765;;0
58016766;;0
58016767;;0
58016768;;0
58016770;;0
58016835;;0
58016881;;0
58016892;;0
58016895;;0
58016897;;0
58016909;;0
58016942;;0
58016945;adib.tamtama;1
58016975;;0
58017004;;0
58017017;;0
58017028;;0
58017054;;0
58017079;;0
58017093;;0
58017138;;0
58017144;;0
58017147;;0
58017162;;0
58017180;;0
58087679;;0
58087680;raka.prawira;1
58094257;;0
58094258;;0
58100741;;0
58101501;;0
58105471;;0
58105527;;0
58105643;;0
58106078;;0
58107862;;0
58108332;;0
58110524;;0
58112848;;0
58113369;;0
58113370;;0
58113568;;0
58113592;;0
58113856;;0
58113862;;0
58114310;;0
58117035;;0
58124128;;0
58124129;raka.prawira;1
58124130;raka.prawira;1
58124131;abdulkarim;1
58124132;shoviatamara;1
58124133;hairuddin;1
58124134;adib.tamtama;1
58124135;adib.tamtama;1
58124136;adib.tamtama;1
58153952;;0
58153953;;0
58153954;;0
58153955;;0
58153956;;0
58153957;;0
58153958;;0
58153959;;0
58153960;;0
58167031;;0
58167716;;0
58167879;adib.tamtama;1
58169190;;0
58169315;;0
58169506;;0
58171570;adib.tamtama;1
58173701;;0
58187005;;0
58187782;;0
58187993;;0
58188788;;0
58193047;;0
58201285;;0
58202139;;0
58204307;;0
58207067;raka.prawira;1
58210263;;0
58212585;;0
58214171;;0
58215852;raka.prawira;1
58216494;raka.prawira;1
58218486;;0
58219296;;0
58219369;;0
58219695;;0
58219763;;0
58221784;;0
58225728;;0
58226086;adib.tamtama;1
58236182;;0
58242510;;0
58242920;;0
58246527;;0
58249457;;0
58251054;abdulkarim;1
58267638;;0
58271188;;0
58278033;;0
58290035;;0
58296741;;0
58298942;;0
58315406;adib.tamtama;1
58324939;;0
58329784;;0
58332097;;0
58332307;;0
58334434;;0
58334577;raka.prawira;1
58339724;;0
58344778;;0
58345250;;0
58359657;;0
58363496;;0
58368074;;0
58372541;;0
58372701;;0
58382671;;0
58384028;;0
58384041;;0
58384203;;0
58384425;;0
58384460;raka.prawira;1
58385455;;0
58392201;;0
58393009;;0
58394811;;0
58402643;;0
58406518;;0
58421463;;0
58431466;;0
58432895;;0
58436451;;0
58436488;;0
58436489;;0
58437117;;0
58438185;raka.prawira;1
58441680;raka.prawira;1
58446813;;0
58452143;raka.prawira;1
58459039;;0
58464551;adib.tamtama;1
58465633;;0
58467440;;0
58468812;;0
58469403;;0
58474282;;0
58475520;;0
58479548;hairuddin;1
58480518;;0
58497264;;0
58504625;;0
58515099;;0
58519779;;0
58521298;;0
58521924;;0
58533731;;0
58536054;;0
58541791;adib.tamtama;1
58544665;;0
58548223;adib.tamtama;1
58550532;;0
58556627;;0
58558804;;0
58559504;;0
58563681;;0
58564540;;0
58565183;;0
58566870;;0
58567696;;0
58568393;;0
58570039;raka.prawira;1
58572066;;0
58576027;;0
58576779;;0
58586503;;0
58593150;;0
58594877;raka.prawira;1
58595300;;0
58595690;;0
58603321;;0
58603451;;0
58606103;;0
58607280;;0
58608601;;0
58612379;;0
58613368;adib.tamtama;1
58615888;;0
58618574;;0
58625009;;0
58625991;;0
58627937;;0
58629395;;0
58632199;;0
58634072;raka.prawira;1
58634576;raka.prawira;1
58634689;;0
58635202;;0
58639287;;0
58643682;;0
58644713;;0
58646391;;0
58647850;;0
58654658;raka.prawira;1
58656216;raka.prawira;1
58658077;;0
58658123;;0
58659647;;0
58661506;raka.prawira;1
58665455;;0
58667397;;0
58667834;;0
58670309;adib.tamtama;1
58670377;;0
58670473;;0
58670543;;0
58670597;;0
58671536;adib.tamtama;1
58671669;;0
58671707;adib.tamtama;1
58671714;;0
58671721;;0
58672073;;0
58672922;;0
58673251;;0
58673301;;0
58673805;adib.tamtama;1
58674171;;0
58674212;;0
58674700;;0
58674770;;0
58676027;;0
58676537;;0
58678428;adib.tamtama;1
58678441;;0
58680029;;0
58680862;;0
58684203;;0
58684483;;0
58685011;adib.tamtama;1
58685862;;0
58686167;adib.tamtama;1
58686795;adib.tamtama;1
58686862;;0
58688650;;0
58689905;;0
58692690;;0
58692898;;0
58693594;;0
58694219;;0
58694942;;0
58699342;abdulkarim;1
58706768;;0
58711392;adib.tamtama;1
58712153;;0
58721204;adib.tamtama;1
64410001;raka.prawira;1
94411506;raka.prawira;1
94411723;;0
94412181;raka.prawira;1
94412688;;0
94413528;raka.prawira;1
94414016;raka.prawira;1
94416976;;0
94418876;;0
94420569;raka.prawira;1
94420962;raka.prawira;1
94422332;adib.tamtama;1
94431129;raka.prawira;1
94431130;raka.prawira;1
94431132;;0
94431134;raka.prawira;1
94431144;raka.prawira;1
94431321;raka.prawira;1
94436926;;0
94437206;;0
94440519;;0
94639527;raka.prawira;1
94639996;raka.prawira;1
94651468;raka.prawira;1
94656150;raka.prawira;1
94660208;;0
94660462;raka.prawira;1
94725725;raka.prawira;1
97333389;;0
97333390;;0
97333391;;0
97333392;raka.prawira;1
97333393;;0
97333394;;0
97333395;raka.prawira;1
97333396;raka.prawira;1
97333397;raka.prawira;1
97333398;raka.prawira;1
97333399;raka.prawira;1
97333400;;0
97333401;raka.prawira;1
97333402;;0
97333403;raka.prawira;1
97333404;;0
97333405;;0
97333406;;0
97333412;raka.prawira;1
97333415;adib.tamtama;1
97333416;adib.tamtama;1
97333417;;0
97333418;;0
97333419;;0
97333420;;0
97333421;;0
97333422;raka.prawira;1
97333423;;0
97333424;raka.prawira;1
97333425;;0
97333426;;0
97333427;;0
97333428;;0
97333429;;0
97333430;;0
97333431;;0
97333432;;0
97333433;;0
97333434;;0
97333435;;0
97333436;;0
97333445;;0
97333446;;0
97333447;;0
97333448;;0
97333449;;0
97333450;raka.prawira;1
97333451;;0
97333452;adib.tamtama;1
97333453;;0
97333454;;0
97333455;raka.prawira;1
97333456;;0
97333457;;0
97333458;;0
97333461;;0
97333463;;0
97333464;;0
97333465;;0
97333469;;0
97333470;;0
97333475;raka.prawira;1
97333476;;0
97333477;;0
97333478;raka.prawira;1
97333479;raka.prawira;1
97333480;;0
97333481;;0
97333482;;0
97333483;;0
97333484;;0
97333485;;0
97333486;raka.prawira;1
97333492;;0
97333493;;0
97333494;;0
97333495;;0
97333500;raka.prawira;1
97333501;;0
97333502;raka.prawira;1
97333507;;0
97333508;;0
97333509;;0
97333510;;0
97333511;;0
97333516;;0
97333517;;0
97333519;;0
97333520;;0
97333521;;0
97333526;;0
97333528;;0
97333529;;0
97333530;;0
97333531;;0
97333532;raka.prawira;1
97333534;;0
97333535;;0
97333539;;0
97333540;;0
97333541;;0
97333542;adib.tamtama;1
97333543;;0
97333550;;0
97333551;;0
97333560;;0
97333562;;0
97333571;raka.prawira;1
97333572;raka.prawira;1
97333575;raka.prawira;1
97333576;;0
97333577;;0
97333578;;0
97333579;;0
97333580;raka.prawira;1
97333583;;0
97333584;;0
97333585;;0
97333588;;0
97333589;;0
97333590;;0
97333591;;0
97333592;;0
97333594;;0
97333595;;0
97333598;raka.prawira;1
97333599;raka.prawira;1
97333608;;0
97333614;;0
97333615;;0
97333616;;0
97333617;;0
97333618;adib.tamtama;1
97333619;raka.prawira;1
97333620;;0
97333622;;0
97333639;raka.prawira;1
97333642;;0
97333649;;0
97333654;;0
97333655;raka.prawira;1
97333660;;0
97333664;;0
97333676;raka.prawira;1
97333681;;0
97333682;;0
97333683;;0
97333697;;0
97333698;;0
97333699;;0
97333700;;0
97333701;adib.tamtama;1
97333708;;0
97333709;;0
97333710;;0
97333714;;0
97333716;raka.prawira;1
97333718;raka.prawira;1
97333719;;0
97333720;;0
97333729;;0
97333732;;0
97333735;;0
97333736;;0
97333741;;0
97333742;;0
97333743;;0
97333745;raka.prawira;1
97333747;;0
97333749;;0
97333754;;0
97333756;;0
97333757;adib.tamtama;1
97333763;;0
97333773;;0
97333788;raka.prawira;1
97333797;;0
97333803;;0
97333804;;0
97333806;;0
97333812;;0
97333814;raka.prawira;1
97333815;adib.tamtama;1
97333816;;0
97333817;;0
97333818;raka.prawira;1
97333820;raka.prawira;1
97333830;;0
97333831;;0
97333832;;0
97333833;;0
97333834;raka.prawira;1
97333843;;0
97333846;;0
97333847;;0
97333848;;0
97333849;;0
97333850;;0
97333851;raka.prawira;1
97333853;raka.prawira;1
97333854;;0
97333855;;0
97333858;;0
97333860;;0
97333861;;0
97333863;;0
97333864;;0
97333866;;0
97333870;;0
97333872;adib.tamtama;1
97333873;raka.prawira;1
97333874;raka.prawira;1
97333876;;0
97333877;raka.prawira;1
97333885;;0
97333886;;0
97333887;;0
97333890;raka.prawira;1
97333896;;0
97333897;;0
97333898;;0
97333904;;0
97333906;;0
97333914;;0
97333918;raka.prawira;1
97333930;;0
97333931;raka.prawira;1
97333932;;0
97333940;;0
97333941;;0
97333942;;0
97333952;raka.prawira;1
97333956;;0
97333957;;0
97333958;;0
97333962;raka.prawira;1
97333969;;0
97333970;;0
97333971;;0
97333972;raka.prawira;1
97333973;;0
97333974;raka.prawira;1
97333986;;0
97333987;;0
97333989;;0
97333990;;0
97333991;;0
97333995;;0
97333997;raka.prawira;1
97334001;;0
97334018;;0
97334019;;0
97334037;;0
97334039;;0
97334061;raka.prawira;1
97334062;;0
97334066;;0
97334068;raka.prawira;1
97334091;raka.prawira;1
97334092;;0
97334094;raka.prawira;1
97334098;raka.prawira;1
97334106;;0
97334115;raka.prawira;1
97334116;;0
97334125;;0
97334126;raka.prawira;1
97334156;;0
97334162;;0
97334176;;0
97334187;;0
97334188;raka.prawira;1
97334196;;0
97334197;raka.prawira;1
97334208;hairuddin;1
97334210;;0
97334217;raka.prawira;1
97334218;;0
97334220;;0
97334222;;0
97334226;adib.tamtama;1
97334227;;0
97334228;;0
97334250;;0
97334307;;0
97334308;;0
97334309;raka.prawira;1
97334327;;0
97334355;raka.prawira;1
97334386;;0
97334388;;0
97334389;;0
97334422;raka.prawira;1
97334423;;0
97334425;;0
97334426;;0
97334427;;0
97334428;;0
97334429;;0
97334444;;0
97334451;raka.prawira;1
97334452;raka.prawira;1
97334453;;0
97334461;raka.prawira;1
97334462;;0
97334463;;0
97334514;raka.prawira;1
97334533;raka.prawira;1
97334538;;0
97334540;;0
97334541;;0
97334542;;0
97334560;raka.prawira;1
97334566;;0
97334570;raka.prawira;1
97334588;;0
97334629;;0
97334630;;0
97334632;;0
97334633;;0
97334634;raka.prawira;1
97334646;;0
97334657;;0
97334658;raka.prawira;1
97334661;;0
97334663;;0
97334702;;0
97334703;;0
97334709;;0
97334722;raka.prawira;1
97334734;raka.prawira;1
97334744;raka.prawira;1
97334758;;0
97334759;;0
97334761;;0
97334767;;0
97334779;;0
97334793;raka.prawira;1
97334830;;0
97334831;;0
97334832;raka.prawira;1
97334855;;0
97334856;;0
97334861;;0
97334862;raka.prawira;1
97334865;;0
97334875;raka.prawira;1
97334877;raka.prawira;1
97334882;;0
97334895;;0
97334920;;0
97334921;raka.prawira;1
97334931;raka.prawira;1
97334939;;0
97334940;;0
97334984;;0
97335013;;0
97335017;;0
97335037;adib.tamtama;1
97335038;;0
97335044;;0
97335046;;0
97335055;;0
97335080;raka.prawira;1
97335131;;0
97335188;raka.prawira;1
97335233;;0
97335266;;0
97335267;;0
97335277;;0
97335278;;0
97335279;;0
97335280;;0
97335294;;0
97335295;;0
97335297;;0
97335300;raka.prawira;1
97335312;;0
97335350;;0
97335378;;0
97335379;;0
97335392;;0
97335394;;0
97335396;;0
97335402;;0
97335403;;0
97335409;;0
97335410;;0
97335421;;0
97335427;;0
97335428;;0
97335436;;0
97335439;;0
97335443;;0
97335446;;0
97335447;;0
97335448;;0
97335449;;0
97335477;;0
97335480;;0
97335496;;0
97335501;;0
97335502;;0
97335503;;0
97335506;;0
97335513;;0
97335530;;0
97335536;;0
97335537;raka.prawira;1
97335538;;0
97335546;;0
97335553;;0
97335554;;0
97335555;;0
97335557;raka.prawira;1
97335561;;0
97335586;;0
97335587;raka.prawira;1
97335594;;0
97335599;;0
97335620;;0
97335621;;0
97335622;;0
97335623;;0
97335624;;0
97335625;raka.prawira;1
97335626;;0
97335627;;0
97335628;;0
97335629;;0
97335635;;0
97335637;;0
97335662;;0
97335663;;0
97335694;;0
97335737;raka.prawira;1
97335774;;0
97335962;;0
97335964;;0
97336112;raka.prawira;1
97336113;;0
97336114;raka.prawira;1
97336188;raka.prawira;1
97336214;;0
97336215;;0
97336216;raka.prawira;1
97336246;;0
97336255;;0
97336269;;0
97336270;;0
97336271;;0
97336317;;0
97336369;raka.prawira;1
97336371;raka.prawira;1
97336372;;0
97336373;;0
97336374;raka.prawira;1
97336446;;0
97336447;;0
97336448;;0
97336449;;0
97336476;raka.prawira;1
97336504;;0
97336505;raka.prawira;1
97336506;raka.prawira;1
97336542;raka.prawira;1
97336548;;0
97336549;;0
97336552;;0
97336566;;0
97336593;;0
97336597;;0
97336601;raka.prawira;1
97336611;;0
97336612;raka.prawira;1
97336617;;0
97336625;raka.prawira;1
97336627;;0
97336629;;0
97336630;;0
97336631;;0
97336640;;0
97336658;;0
97336659;;0
97336662;raka.prawira;1
97336664;;0
97336740;raka.prawira;1
97336772;;0
97336777;;0
97336801;;0
97336802;;0
97336803;raka.prawira;1
97336809;raka.prawira;1
97336810;;0
97336822;;0
97336823;raka.prawira;1
97336824;;0
97336844;;0
97336861;;0
97336878;raka.prawira;1
97336891;raka.prawira;1
97336910;raka.prawira;1
97336911;raka.prawira;1
97336913;raka.prawira;1
97336914;raka.prawira;1
97336927;;0
97336938;;0
97336939;raka.prawira;1
97336940;raka.prawira;1
97336941;;0
97336950;;0
97336951;;0
97336961;;0
97336969;;0
97336970;;0
97336994;;0
97336995;;0
97336997;raka.prawira;1
97337008;;0
97337042;;0
97337080;;0
97337136;;0
97337157;raka.prawira;1
97337165;;0
97337166;;0
97337169;;0
97337197;;0
97337209;;0
97337266;;0
97337284;raka.prawira;1
97337285;raka.prawira;1
97337298;raka.prawira;1
97337335;;0
97337358;;0
97337372;adib.tamtama;1
97337382;;0
97337386;;0
97337420;;0
97337421;;0
97337422;;0
97337440;;0
97337447;raka.prawira;1
97337448;raka.prawira;1
97337456;;0
97337466;;0
97337470;;0
97337471;;0
97337472;;0
97337476;;0
97337511;;0
97337512;raka.prawira;1
97337513;;0
97337541;;0
97337542;;0
97337549;raka.prawira;1
97337550;raka.prawira;1
97337551;adib.tamtama;1
97337552;;0
97337553;;0
97337554;adib.tamtama;1
97337555;;0
97337556;raka.prawira;1
97337557;;0
97337558;;0
97337593;raka.prawira;1
97337604;;0
97337616;;0
97337617;;0
97337618;raka.prawira;1
97337619;;0
97337620;;0
97337627;raka.prawira;1
97337633;;0
97337634;raka.prawira;1
97337644;;0
97337645;;0
97337653;;0
97337684;;0
97337738;;0
97337741;;0
97337744;;0
97337812;;0
97337813;;0
97337814;;0
97337815;;0
97337839;;0
97337903;;0
97337906;;0
97337926;;0
97337965;;0
97338000;;0
97338004;;0
97338011;raka.prawira;1
97338012;raka.prawira;1
97338042;raka.prawira;1
97338061;;0
97338088;raka.prawira;1
97338089;;0
97338151;;0
97338153;;0
97338177;;0
97338186;;0
97338215;;0
97338258;;0
97338284;;0
97338302;;0
97338306;;0
97338311;adib.tamtama;1
97338313;;0
97338365;;0
97338372;;0
97338374;;0
97338392;;0
97338407;;0
97338435;;0
97338441;raka.prawira;1
97338442;;0
97338443;;0
97338444;raka.prawira;1
97338468;;0
97338470;;0
97338471;;0
97338475;;0
97338481;raka.prawira;1
97338482;raka.prawira;1
97338501;;0
97338510;;0
97338511;;0
97338512;;0
97338513;;0
97338514;;0
97338515;;0
97338516;;0
97338576;;0
97338585;raka.prawira;1
97338586;;0
97338589;;0
97338616;raka.prawira;1
97338646;;0
97338652;;0
97338660;;0
97338733;;0
97338739;;0
97338740;;0
97338741;;0
97338815;;0
97338822;;0
97338869;;0
97338870;;0
97338871;;0
97338882;;0
97338903;;0
97338904;;0
97338908;;0
97338909;raka.prawira;1
97338930;raka.prawira;1
97338934;;0
97338948;;0
97338960;;0
97338961;;0
97338987;raka.prawira;1
97338988;;0
97338989;;0
97338993;;0
97338994;;0
97338995;;0
97339017;;0
97339069;;0
97339103;;0
97339105;raka.prawira;1
97339114;raka.prawira;1
97339129;;0
97339133;;0
97339134;raka.prawira;1
97339135;;0
97339136;raka.prawira;1
97339257;;0
97339327;;0
97339347;;0
97339372;;0
97339373;;0
97339375;raka.prawira;1
97339385;;0
97339387;;0
97339388;;0
97339389;;0
97339390;;0
97339426;;0
97339486;raka.prawira;1
97339487;;0
97339519;;0
97339520;;0
97339631;;0
97339632;raka.prawira;1
97339642;;0
97339652;;0
97339688;;0
97339689;;0
97339690;;0
97339694;;0
97339728;;0
97339731;raka.prawira;1
97339748;;0
97339769;;0
97339770;raka.prawira;1
97339773;raka.prawira;1
97339784;raka.prawira;1
97339786;;0
97339803;;0
97339839;;0
97339848;;0
97339850;;0
97339857;;0
97339885;;0
97339895;;0
97339896;adib.tamtama;1
97339897;;0
97339910;raka.prawira;1
97339931;;0
97339944;;0
97339958;;0
97339959;;0
97339961;;0
97339962;;0
97339963;;0
97339964;;0
97339965;;0
97339967;;0
97339984;;0
97339985;;0
97339986;;0
97339987;;0
97340040;;0
97340047;;0
97340048;;0
97340049;;0
97340050;;0
97340051;;0
97340052;;0
97340054;;0
97340063;;0
97340066;raka.prawira;1
97340067;;0
97340069;adib.tamtama;1
97340083;;0
97340084;;0
97340123;;0
97340141;;0
97340146;;0
97340211;raka.prawira;1
97340215;;0
97340271;;0
97340278;;0
97340348;;0
97340349;;0
97340350;;0
97340351;raka.prawira;1
97340377;raka.prawira;1
97340421;;0
97340431;raka.prawira;1
97340434;;0
97340447;;0
97340449;;0
97340453;;0
97340476;;0
97340479;raka.prawira;1
97340480;;0
97340481;;0
97340482;;0
97340483;;0
97340484;;0
97340485;;0
97340486;raka.prawira;1
97340491;;0
97340516;;0
97340518;;0
97340534;;0
97340535;;0
97340540;;0
97340544;raka.prawira;1
97340545;raka.prawira;1
97340546;;0
97340547;;0
97340548;;0
97340549;raka.prawira;1
97340558;;0
97340559;;0
97340564;adib.tamtama;1
97340565;adib.tamtama;1
97340566;;0
97340580;adib.tamtama;1
97340581;adib.tamtama;1
97340584;;0
97340604;;0
97340605;;0
97340606;;0
97340610;;0
97340648;;0
97340650;raka.prawira;1
97340686;raka.prawira;1
97340696;;0
97340756;;0
97340800;;0
97340801;;0
97340816;;0
97340856;raka.prawira;1
97340857;raka.prawira;1
97340865;;0
97340866;;0
97340867;raka.prawira;1
97340887;;0
97340908;;0
97340915;adib.tamtama;1
97340916;;0
97340917;;0
97340918;;0
97340919;raka.prawira;1
97340920;;0
97340942;;0
97340947;;0
97340948;;0
97340949;;0
97340950;raka.prawira;1
97340959;raka.prawira;1
97340990;;0
97340994;raka.prawira;1
97340999;;0
97341043;;0
97341057;;0
97341064;;0
97341079;;0
97341080;raka.prawira;1
97341081;raka.prawira;1
97341083;;0
97341085;;0
97341086;;0
97341087;;0
97341088;;0
97341089;;0
97341090;;0
97341091;;0
97341092;raka.prawira;1
97341093;raka.prawira;1
97341094;;0
97341095;;0
97341096;raka.prawira;1
97341097;raka.prawira;1
97341098;raka.prawira;1
97341099;raka.prawira;1
97341100;raka.prawira;1
97341101;;0
97341102;;0
97341103;raka.prawira;1
97341105;;0
97341106;;0
97341107;raka.prawira;1
97341108;;0
97341109;raka.prawira;1
97341110;;0
97341111;;0
97341112;;0
97341113;raka.prawira;1
97341114;;0
97341115;raka.prawira;1
97341116;;0
97341117;;0
97341118;;0
97341119;;0
97341120;;0
97341121;;0
97341122;raka.prawira;1
97341123;;0
97341124;;0
97341125;;0
97341126;raka.prawira;1
97341127;raka.prawira;1
97341128;;0
97341129;;0
97341130;;0
97341131;;0
97341132;;0
97341133;;0
97341134;;0
97341135;;0
97341136;;0
97341137;;0
97341138;;0
97341139;raka.prawira;1
97341140;;0
97341141;;0
97341142;;0
97341143;;0
97341144;;0
97341145;;0
97341146;;0
97341147;;0
97341148;;0
97341149;;0
97341150;;0
97341151;raka.prawira;1
97341152;;0
97341156;;0
97341157;;0
97341158;;0
97341159;raka.prawira;1
97341164;raka.prawira;1
97341165;;0
97341166;raka.prawira;1
97341167;;0
97341168;raka.prawira;1
97341169;;0
97341170;;0
97341171;;0
97341172;raka.prawira;1
97341173;;0
97341174;raka.prawira;1
97341175;raka.prawira;1
97341176;raka.prawira;1
97341177;raka.prawira;1
97341178;raka.prawira;1
97341179;raka.prawira;1
97341180;;0
97341181;;0
97341191;;0
97341194;;0
97341209;;0
97341210;;0
97341211;;0
97341212;;0
97341213;;0
97341214;raka.prawira;1
97341215;;0
97341216;;0
97341217;;0
97341218;;0
97341219;;0
97341220;raka.prawira;1
97341221;;0
97341222;;0
97341223;raka.prawira;1
97341224;raka.prawira;1
97341226;;0
97341227;raka.prawira;1
97341228;;0
97341229;raka.prawira;1
97341230;;0
97341231;;0
97341232;;0
97341233;;0
97341234;;0
97341235;;0
97341236;;0
97341237;;0
97341238;;0
97341239;;0
97341240;;0
97341241;;0
97341242;;0
97341243;;0
97341244;;0
97341245;;0
97341246;;0
97341247;;0
97341248;;0
97341249;;0
97341250;;0
97341251;;0
97341252;;0
97341253;raka.prawira;1
97341254;;0
97341255;raka.prawira;1
97341256;;0
97341257;;0
97341258;;0
97341259;raka.prawira;1
97341260;;0
97341261;raka.prawira;1
97341262;;0
97341263;;0
97341264;adib.tamtama;1
97341265;raka.prawira;1
97341266;;0
97341267;;0
97341268;;0
97341273;;0
97341274;;0
97341275;raka.prawira;1
97341276;;0
97341277;;0
97341278;;0
97341279;;0
97341281;;0
97341282;;0
97341283;;0
97341284;;0
97341285;;0
97341286;raka.prawira;1
97341287;;0
97341288;;0
97341289;;0
97341290;;0
97341291;;0
97341292;;0
97341293;;0
97341294;raka.prawira;1
97341295;;0
97341296;;0
97341297;raka.prawira;1
97341298;;0
97341299;;0
97341302;;0
97341303;;0
97341304;;0
97341305;;0
97341306;;0
97341307;;0
97341308;;0
97341309;;0
97341310;;0
97341311;;0
97341312;;0
97341313;;0
97341314;;0
97341315;raka.prawira;1
97341316;;0
97341317;raka.prawira;1
97341318;raka.prawira;1
97341319;raka.prawira;1
97341320;raka.prawira;1
97341321;;0
97341322;raka.prawira;1
97341323;;0
97341324;;0
97341325;;0
97341326;raka.prawira;1
97341327;;0
97341328;;0
97341329;;0
97341330;raka.prawira;1
97341331;raka.prawira;1
97341333;;0
97341334;;0
97341335;;0
97341336;;0
97341337;;0
97341338;raka.prawira;1
97341339;;0
97341340;;0
97341341;;0
97341342;raka.prawira;1
97341343;raka.prawira;1
97341344;;0
97341345;raka.prawira;1
97341347;;0
97341348;raka.prawira;1
97341349;;0
97341350;;0
97341351;;0
97341352;raka.prawira;1
97341353;;0
97341354;;0
97341355;;0
97341356;;0
97341357;raka.prawira;1
97341358;;0
97341359;;0
97341360;;0
97341361;;0
97341362;;0
97341363;;0
97341364;raka.prawira;1
97341365;raka.prawira;1
97341366;;0
97341367;;0
97341369;;0
97341370;;0
97341371;raka.prawira;1
97341372;raka.prawira;1
97341373;;0
97341374;;0
97341375;;0
97341376;;0
97341377;;0
97341378;;0
97341379;;0
97341380;;0
97341381;raka.prawira;1
97341382;raka.prawira;1
97341383;;0
97341384;raka.prawira;1
97341385;;0
97341386;;0
97341387;raka.prawira;1
97341388;raka.prawira;1
97341389;;0
97341390;;0
97341391;raka.prawira;1
97341395;;0
97341396;;0
97341397;;0
97341398;raka.prawira;1
97341399;raka.prawira;1
97341400;raka.prawira;1
97341401;raka.prawira;1
97341402;;0
97341403;;0
97341404;raka.prawira;1
97341405;raka.prawira;1
97341406;raka.prawira;1
97341407;;0
97341408;;0
97341409;;0
97341410;;0
97341411;raka.prawira;1
97341412;adib.tamtama;1
97341413;;0
97341414;;0
97341415;;0
97341416;;0
97341417;;0
97341418;;0
97341419;;0
97341420;;0
97341421;;0
97341422;;0
97341423;;0
97341424;raka.prawira;1
97341425;;0
97341426;;0
97341427;;0
97341428;;0
97341429;;0
97341430;;0
97341431;;0
97341432;;0
97341433;;0
97341434;;0
97341435;;0
97341436;;0
97341437;;0
97341438;;0
97341439;;0
97341440;;0
97341441;;0
97341442;;0
97341443;;0
97341444;;0
97341445;;0
97341446;;0
97341447;;0
97341448;;0
97341449;;0
97341450;raka.prawira;1
97341451;;0
97341452;;0
97341453;raka.prawira;1
97341454;;0
97341455;;0
97341456;;0
97341457;;0
97341458;raka.prawira;1
97341459;;0
97341460;raka.prawira;1
97341461;;0
97341462;;0
97341463;;0
97341464;;0
97341465;raka.prawira;1
97341466;;0
97341467;;0
97341468;;0
97341469;;0
97341470;;0
97341471;;0
97341472;;0
97341473;;0
97341474;raka.prawira;1
97341475;;0
97341476;;0
97341477;;0
97341478;;0
97341479;;0
97341480;;0
97341481;;0
97341482;;0
97341483;;0
97341484;raka.prawira;1
97341485;;0
97341486;;0
97341487;raka.prawira;1
97341488;;0
97341489;;0
97341490;;0
97341491;;0
97341492;;0
97341493;raka.prawira;1
97341494;;0
97341495;;0
97341496;;0
97341497;;0
97341498;;0
97341499;;0
97341500;;0
97341501;;0
97341502;;0
97341503;;0
97341504;raka.prawira;1
97341505;;0
97341506;;0
97341507;;0
97341508;;0
97341509;;0
97341510;;0
97341511;;0
97341512;;0
97341513;;0
97341514;raka.prawira;1
97341515;raka.prawira;1
97341516;;0
97341517;raka.prawira;1
97341518;;0
97341519;;0
97341520;adib.tamtama;1
97341521;raka.prawira;1
97341522;;0
97341523;;0
97341524;raka.prawira;1
97341525;raka.prawira;1
97341526;;0
97341527;;0
97341528;;0
97341529;;0
97341530;;0
97341531;adib.tamtama;1
97341532;raka.prawira;1
97341533;;0
97341534;adib.tamtama;1
97341535;raka.prawira;1
97341536;;0
97341537;;0
97341538;;0
97341539;;0
97341540;;0
97341541;;0
97341542;;0
97341543;;0
97341544;;0
97341545;;0
97341546;;0
97341547;;0
97341548;;0
97341549;;0
97341550;;0
97341551;;0
97341552;;0
97341553;;0
97341554;;0
97341555;;0
97341556;;0
97341557;;0
97341558;;0
97341559;;0
97341560;;0
97341561;;0
97341562;;0
97341563;;0
97341564;;0
97341565;;0
97341566;;0
97341567;;0
97341568;;0
97341569;;0
97341570;;0
97341571;;0
97341572;raka.prawira;1
97341573;;0
97341574;;0
97341575;;0
97341576;;0
97341577;;0
97341578;;0
97341579;;0
97341580;;0
97341581;;0
97341582;;0
97341583;;0
97341584;;0
97341585;;0
97341586;;0
97341587;;0
97341588;raka.prawira;1
97341589;;0
97341590;;0
97341591;;0
97341592;;0
97341593;;0
97341594;;0
97341595;;0
97341596;;0
97341597;;0
97341598;;0
97341599;;0
97341600;;0
97341601;;0
97341602;;0
97341603;;0
97341604;;0
97341605;;0
97341606;;0
97341607;;0
97341608;;0
97341609;adib.tamtama;1
97341610;raka.prawira;1
97341611;raka.prawira;1
97341612;raka.prawira;1
97341613;raka.prawira;1
97341614;raka.prawira;1
97341615;raka.prawira;1
97341616;;0
97341617;;0
97341618;;0
97341619;raka.prawira;1
97341620;;0
97341621;;0
97341622;raka.prawira;1
97341623;;0
97341624;raka.prawira;1
97341625;;0
97341626;;0
97341627;adib.tamtama;1
97341628;;0
97341629;raka.prawira;1
97341630;raka.prawira;1
97341631;adib.tamtama;1
97341632;adib.tamtama;1
97341633;raka.prawira;1
97341634;;0
97341635;raka.prawira;1
97341636;raka.prawira;1
97341637;;0
97341638;raka.prawira;1
97341639;raka.prawira;1
97341640;raka.prawira;1
97341641;raka.prawira;1
97341642;raka.prawira;1
97341643;raka.prawira;1
97341644;raka.prawira;1
97341645;raka.prawira;1
97341646;raka.prawira;1
97341647;raka.prawira;1
97341648;;0
97341649;raka.prawira;1
97341650;raka.prawira;1
97341651;raka.prawira;1
97341652;;0
97341653;raka.prawira;1
97341654;raka.prawira;1
97341655;raka.prawira;1
97341656;;0
97341657;raka.prawira;1
97341658;raka.prawira;1
97341659;raka.prawira;1
97341660;raka.prawira;1
97341661;raka.prawira;1
97341662;raka.prawira;1
97341663;raka.prawira;1
97341664;raka.prawira;1
97341665;;0
97341666;;0
97341667;;0
97341668;;0
97341669;;0
97341670;;0
97341671;;0
97341672;;0
97341673;;0
97341674;;0
97341675;;0
97341676;;0
97341677;;0
97341678;;0
97341679;;0
97341680;;0
97341681;;0
97341682;;0
97341683;;0
97341684;raka.prawira;1
97341685;;0
97341686;adib.tamtama;1
97341687;raka.prawira;1
97341688;;0
97341689;;0
97341690;;0
97341691;;0
97341692;;0
97341693;;0
97341694;;0
97341695;;0
97341696;;0
97341697;;0
97341698;;0
97341699;;0
97341700;;0
97341701;;0
97341702;;0
97341703;;0
97341704;;0
97341705;;0
97341706;;0
97341707;;0
97341708;;0
97341709;;0
97341710;;0
97341711;;0
97341712;;0
97341713;;0
97341714;;0
97341715;;0
97341716;;0
97341717;;0
97341718;;0
97341719;;0
97341720;;0
97341721;;0
97341722;;0
97341723;;0
97341724;;0
97341725;;0
97341726;;0
97341727;;0
97341728;raka.prawira;1
97341729;raka.prawira;1
97341730;raka.prawira;1
97341731;raka.prawira;1
97341732;raka.prawira;1
97341733;raka.prawira;1
97341734;raka.prawira;1
97341735;raka.prawira;1
97341736;raka.prawira;1
97341737;;0
97341738;;0
97341739;;0
97341740;;0
97341741;;0
97341742;;0
97341743;;0
97341744;;0
97341745;;0
97341746;;0
97341747;adib.tamtama;1
97341748;raka.prawira;1
97341749;;0
97341750;;0
97341751;;0
97341752;;0
97341753;raka.prawira;1
97341754;;0
97341755;;0
97341756;;0
97341757;;0
97341758;;0
97341759;raka.prawira;1
97341760;raka.prawira;1
97341761;raka.prawira;1
97341762;raka.prawira;1
97341763;raka.prawira;1
97341764;raka.prawira;1
97341765;;0
97341766;raka.prawira;1
97341767;raka.prawira;1
97341769;raka.prawira;1
97341770;raka.prawira;1
97341771;adib.tamtama;1
97341772;;0
97341773;raka.prawira;1
97341774;raka.prawira;1
97341775;;0
97341776;;0
97341777;;0
97341778;;0
97341779;raka.prawira;1
97341780;raka.prawira;1
97341781;;0
97341782;;0
97341783;;0
97341784;;0
97341785;;0
97341786;;0
97341787;raka.prawira;1
97341788;raka.prawira;1
97341789;;0
97341790;;0
97341791;;0
97341792;;0
97341793;;0
97341794;;0
97341795;;0
97341796;;0
97341797;;0
97341798;;0
97341799;;0
97341800;;0
97341801;;0
97341802;;0
97341803;;0
97341804;;0
97341805;adib.tamtama;1
97341806;raka.prawira;1
97341807;raka.prawira;1
97341808;raka.prawira;1
97341809;;0
97341810;;0
97341811;;0
97341812;raka.prawira;1
97341813;;0
97341814;;0
97341815;;0
97341816;raka.prawira;1
97341817;;0
97341818;;0
97341819;raka.prawira;1
97341820;raka.prawira;1
97341821;;0
97341822;;0
97341823;;0
97341824;;0
97341825;raka.prawira;1
97341826;;0
97341827;;0
97341828;;0
97341829;;0
97341830;;0
97341831;;0
97341832;raka.prawira;1
97341833;raka.prawira;1
97341834;;0
97341835;;0
97341836;;0
97341837;;0
97341838;;0
97341839;;0
97341840;;0
97341841;;0
97341842;;0
97341843;raka.prawira;1
97341844;;0
97341845;;0
97341846;raka.prawira;1
97341847;raka.prawira;1
97341848;;0
97341849;;0
97341850;raka.prawira;1
97341851;raka.prawira;1
97341852;;0
97341853;;0
97341854;;0
97341855;;0
97341856;;0
97341857;;0
97341858;;0
97341859;;0
97341860;adib.tamtama;1
97341861;;0
97341862;;0
97341863;;0
97341864;;0
97341865;;0
97341866;;0
97341867;;0
97341868;;0
97341869;;0
97341870;;0
97341871;;0
97341872;;0
97341873;;0
97341874;;0
97341875;;0
97341876;;0
97341877;;0
97341878;;0
97341879;;0
97341880;;0
97341881;;0
97341882;;0
97341883;;0
97341884;;0
97341885;;0
97341886;;0
97341887;raka.prawira;1
97341888;;0
97341889;adib.tamtama;1
97341890;;0
97341891;;0
97341892;;0
97341893;;0
97341894;;0
97341895;;0
97341896;;0
97341897;;0
97341898;;0
97341899;;0
97341900;;0
97341901;raka.prawira;1
97341902;adib.tamtama;1
97341903;;0
97341904;;0
97341905;;0
97341906;;0
97341907;;0
97341908;;0
97341909;raka.prawira;1
97341910;;0
97341911;;0
97341912;;0
97341913;;0
97341914;;0
97341915;;0
97341916;;0
97341917;;0
97341918;;0
97341919;;0
97341920;raka.prawira;1
97341921;;0
97341922;;0
97341923;;0
97341924;;0
97341925;;0
97341926;;0
97341927;;0
97341928;;0
97341929;;0
97341930;;0
97341931;;0
97341932;;0
97341933;;0
97341934;;0
97341935;;0
97341936;;0
97341937;;0
97341938;;0
97341939;;0
97341940;;0
97341941;;0
97341942;;0
97341943;;0
97341944;;0
97341945;raka.prawira;1
97341946;;0
97341947;;0
97341948;;0
97341949;;0
97341950;;0
97341951;;0
97341952;;0
97341953;raka.prawira;1
97341954;;0
97341955;;0
97341956;;0
97341957;raka.prawira;1
97341958;raka.prawira;1
97341959;;0
97341960;;0
97341961;raka.prawira;1
97341962;;0
97341963;;0
97341964;raka.prawira;1
97341965;raka.prawira;1
97341966;raka.prawira;1
97341967;;0
97341968;;0
97341969;;0
97341970;;0
97341971;;0
97341972;raka.prawira;1
97341973;raka.prawira;1
97341974;;0
97341975;;0
97341976;;0
97341977;;0
97341978;raka.prawira;1
97341979;;0
97341980;;0
97341981;;0
97341982;;0
97341983;;0
97341984;;0
97341985;;0
97341986;;0
97341987;;0
97341988;;0
97341989;;0
97341990;;0
97341991;raka.prawira;1
97341992;;0
97341993;;0
97341994;;0
97341995;;0
97341996;;0
97341997;raka.prawira;1
97341998;raka.prawira;1
97341999;raka.prawira;1
97342000;;0
97342001;raka.prawira;1
97342002;;0
97342003;;0
97342004;;0
97342005;;0
97342006;;0
97342007;;0
97342008;raka.prawira;1
97342009;;0
97342010;;0
97342011;;0
97342012;raka.prawira;1
97342013;raka.prawira;1
97342014;;0
97342015;;0
97342016;;0
97342017;raka.prawira;1
97342018;;0
97342019;;0
97342020;;0
97342021;;0
97342022;;0
97342023;;0
97342024;;0
97342025;;0
97342026;;0
97342027;;0
97342028;raka.prawira;1
97342029;;0
97342030;;0
97342031;;0
97342032;raka.prawira;1
97342033;;0
97342034;;0
97342035;;0
97342036;;0
97342037;;0
97342038;;0
97342039;raka.prawira;1
97342040;;0
97342041;;0
97342042;;0
97342043;raka.prawira;1
97342044;;0
97342045;;0
97342046;;0
97342047;;0
97342048;;0
97342049;adib.tamtama;1
97342050;;0
97342051;;0
97342052;raka.prawira;1
97342053;;0
97342054;;0
97342055;;0
97342056;;0
97342057;raka.prawira;1
97342058;;0
97342059;;0
97342060;raka.prawira;1
97342061;;0
97342062;;0
97342063;;0
97342064;;0
97342065;;0
97342066;;0
97342067;;0
97342068;;0
97342069;;0
97342070;;0
97342071;;0
97342072;;0
97342073;;0
97342074;;0
97342075;;0
97342076;;0
97342077;;0
97342078;;0
97342079;;0
97342080;;0
97342081;;0
97342082;;0
97342083;;0
97342084;;0
97342085;;0
97342086;;0
97342087;;0
97342088;;0
97342089;;0
97342090;;0
97342091;;0
97342092;;0
97342093;raka.prawira;1
97342094;;0
97342095;adib.tamtama;1
97342096;adib.tamtama;1
97342097;;0
97342098;;0
97342099;;0
97342100;;0
97342101;;0
97342102;;0
97342103;;0
97342104;;0
97342105;;0
97342106;;0
97342107;;0
97342108;;0
97342109;;0
97342110;;0
97342111;raka.prawira;1
97342112;raka.prawira;1
97342113;raka.prawira;1
97342114;;0
97342115;;0
97342124;adib.tamtama;1
97342125;raka.prawira;1
97342126;;0
97342127;;0
97342128;raka.prawira;1
97342129;;0
97342130;;0
97342131;;0
97342132;;0
97342133;;0
97342134;;0
97342135;;0
97342136;;0
97342137;adib.tamtama;1
97342138;adib.tamtama;1
97342139;;0
97342140;raka.prawira;1
97342141;;0
97342142;raka.prawira;1
97342143;;0
97342144;raka.prawira;1
97342145;;0
97342146;;0
97342147;adib.tamtama;1
97342148;raka.prawira;1
97342149;;0
97342150;raka.prawira;1
97342151;adib.tamtama;1
97342152;;0
97342153;adib.tamtama;1
97342154;;0
97342155;;0
97342156;;0
97342157;;0
97342170;;0
97342171;adib.tamtama;1
97342172;raka.prawira;1
97342173;;0
97342174;;0
97342175;;0
97342176;;0
97342177;raka.prawira;1
97342178;;0
97342179;;0
97342180;;0
97342181;;0
97342182;;0
97342183;;0
97342184;;0
97342185;;0
97342186;;0
97342187;;0
97342188;;0
97342189;;0
97342190;;0
97342191;;0
97342192;;0
97342193;;0
97342194;;0
97342195;;0
97342196;;0
97342197;;0
97342198;;0
97342199;;0
97342200;;0
97342201;;0
97342202;;0
97342203;;0
97342204;;0
97342205;;0
97342206;;0
97342207;;0
97342208;;0
97342209;;0
97342210;;0
97342211;;0
97342212;;0
97342213;;0
97342214;;0
97342215;;0
97342216;;0
97342217;;0
97342218;raka.prawira;1
97342219;raka.prawira;1
97342220;;0
97342221;;0
97342222;;0
97342223;;0
97342224;;0
97342225;;0
97342226;;0
97342227;;0
97342228;raka.prawira;1
97342236;;0
97342237;;0
97342238;;0
97342239;;0
97342240;;0
97342241;;0
97342242;;0
97342243;;0
97342244;;0
97342245;;0
97342246;;0
97342247;;0
97342248;;0
97342249;;0
97342250;;0
97342251;;0
97342252;;0
97342253;;0
97342254;;0
97342255;;0
97342256;;0
97342257;;0
97342258;;0
97342259;;0
97342260;;0
97342261;;0
97342262;;0
97342263;;0
97342264;;0
97342265;;0
97342266;adib.tamtama;1
97342267;adib.tamtama;1
97342268;;0
97342269;;0
97342270;;0
97342271;raka.prawira;1
97342272;;0
97342273;;0
97342274;;0
97342296;;0
97342297;;0
97342298;;0
97342299;;0
97342300;;0
97342301;;0
97342302;;0
97342303;;0
97342304;;0
97342305;;0
97342306;;0
97342307;;0
97342308;;0
97342309;;0
97342310;;0
97342311;;0
97342312;;0
97342313;;0
97342327;;0
97342328;;0
97342329;;0
97342330;;0
97342331;raka.prawira;1
97342332;;0
97342333;;0
97342334;;0
97342335;;0
97342336;;0
97342337;;0
97342338;raka.prawira;1
97342339;;0
97342340;raka.prawira;1
97342341;;0
97342342;;0
97342343;;0
97342344;;0
97342345;;0
97342346;;0
97342347;;0
97342348;;0
97342349;;0
97342350;;0
97342351;;0
97342352;;0
97342353;;0
97342354;raka.prawira;1
97342355;;0
97342356;;0
97342389;;0
97342390;;0
97342391;;0
97342392;;0
97342393;;0
97342394;;0
97342395;;0
97342396;;0
97342397;;0
97342398;;0
97342399;;0
97342400;;0
97342401;;0
97342402;;0
97342403;;0
97342404;;0
97342405;;0
97342406;;0
97342407;;0
97342408;;0
97342409;;0
97342410;;0
97342411;;0
97342412;;0
97342413;;0
97342414;;0
97342415;;0
97342416;;0
97342417;;0
97342418;;0
97342512;;0
97342513;raka.prawira;1
97342514;;0
97342515;raka.prawira;1
97342516;;0
97342517;;0
97342518;;0
97342519;;0
97342520;;0
97342521;;0
97342522;raka.prawira;1
97342523;raka.prawira;1
97342524;raka.prawira;1
97377860;;0
97377861;;0
97377862;;0
97377863;;0
97377864;;0
97377865;;0
97377866;;0
97377867;raka.prawira;1
97377868;;0
97377869;;0
97377870;;0
97377871;;0
97377872;;0
97377873;;0
97377874;;0
97377875;;0
97377876;;0
97377877;;0
97377878;;0
97377879;;0
97377880;;0
97377881;;0
97377882;;0
97377883;;0
97377884;;0
97377885;;0
97377886;;0
97377887;;0
97377888;;0
97377889;;0
97377890;;0
97377891;;0
97377892;;0
97377893;;0
97377894;;0
97377895;;0
97377896;;0
97377897;raka.prawira;1
97377898;;0
97377899;;0
97377900;;0
97377901;;0
97377902;;0
97377903;;0
97377904;raka.prawira;1
97377905;;0
97377906;;0
97377907;;0
97377908;;0
97377909;;0
97377910;;0
97377911;raka.prawira;1
97377912;raka.prawira;1
97377913;raka.prawira;1
97377914;;0
97377915;raka.prawira;1
97377916;;0
97377917;;0
97377918;raka.prawira;1
97377919;;0
97377920;;0
97377921;raka.prawira;1
97377944;;0
97377945;raka.prawira;1
97377946;;0
97377947;;0
97377948;;0
97708651;;0
97709619;raka.prawira;1
97709648;;0
97709656;raka.prawira;1
97709867;raka.prawira;1
97709896;;0
97710183;raka.prawira;1
97711690;raka.prawira;1
97712134;;0
97712155;raka.prawira;1
97712163;;0
97712166;adib.tamtama;1
97712277;;0
97712280;adib.tamtama;1
97712317;raka.prawira;1
97712342;;0
97712356;raka.prawira;1
97712383;;0
97712397;;0
97712434;;0
97712471;;0
97712499;raka.prawira;1
97712627;;0
97712990;;0
97767581;raka.prawira;1
97767582;;0
97767583;raka.prawira;1
97767584;;0
97767585;raka.prawira;1
97767586;raka.prawira;1
97767587;;0
97767588;raka.prawira;1
97767589;raka.prawira;1
97767590;;0
97767591;;0
97767592;;0
97767593;;0
97767594;;0
97767595;;0
97767596;raka.prawira;1
97767598;;0
97767599;;0
97767600;;0
97767601;;0
97767602;adib.tamtama;1
97767603;;0
97767604;;0
97767605;raka.prawira;1
97767606;raka.prawira;1
97767607;raka.prawira;1
97767608;raka.prawira;1
97767609;raka.prawira;1
97767610;raka.prawira;1
97767611;;0
97767612;raka.prawira;1
97767613;raka.prawira;1
97767614;raka.prawira;1
97767615;raka.prawira;1
97767616;raka.prawira;1
97767617;raka.prawira;1
97767618;raka.prawira;1
97767619;raka.prawira;1
97767620;raka.prawira;1
97767621;raka.prawira;1
97767622;;0
97767623;raka.prawira;1
97767624;raka.prawira;1
97767625;;0
97767626;raka.prawira;1
97767627;;0
97767628;raka.prawira;1
97767629;raka.prawira;1
97767630;raka.prawira;1
97767631;raka.prawira;1
97767632;raka.prawira;1
97767633;raka.prawira;1
97767634;raka.prawira;1
97804052;;0
97819298;;0
97822026;;0
97830747;;0
97831946;;0
97842050;;0
97847948;raka.prawira;1
98011290;;0
98011327;;0
98054945;raka.prawira;1
98054946;raka.prawira;1
98061698;raka.prawira;1
98061699;raka.prawira;1
98061701;raka.prawira;1
98061702;raka.prawira;1
98077658;raka.prawira;1
98077659;;0
98077660;raka.prawira;1
98077661;;0
98077662;;0
98077663;;0
98077664;;0
98077665;;0
98077666;;0
98077667;;0
98077668;;0
98077669;;0
98077670;;0
98077671;;0
98077672;;0
98077673;;0
98077674;;0
98077675;;0
98077676;;0
98077677;raka.prawira;1
98077678;;0
98077679;;0
98077680;;0
98077681;;0
98077682;adib.tamtama;1
98077683;adib.tamtama;1
98077684;;0
98077685;;0
98077686;;0
98077687;raka.prawira;1
98077688;;0
98077689;;0
