Unnamed: 0;idsbr;nama_usaha;alamat_usaha;kode_wilayah;kdprov;kdkab;kdkec;kddesa;nmprov;nmkab;nmkec;nmdesa;perusahaan_id;skor_kalo;kegiatan_usaha;rank_nama;rank_alamat;history_ref_profiling_id;skala_usaha;sumber_data;lat1;long1;latlong_status;gcid;gcs_result;allow_cancel;allow_edit;allow_flagging;latitude_gc;longitude_gc;latlong_status_gc;gc_username;nama_usaha_gc;alamat_usaha_gc;lat_2;long_2;cleaned_nama_usaha;sim_score;is_duplicate;gc_flag_duplikat;match_with;alamat_cek;cleaned_alamat;id_duplikat;kbli2d;nama_usaha_with_alamat_and_kbli;hasilgc;flag_shadow;is_perorangan;is_kurung;status_perusahaan;alamat_cleaned;RT;RW;is_in_perumahan;is_in_pasar;flag_notes;id_rtrw;latitude;longitude;is_gced_alltime;is_gc_hari_ini
889;97333562;HOTEL IMAN;jl tambang rt 24;6401010011;64;1;10;11;KALIMANTAN TIMUR;PASER;BATU SOPANG;BATU KAJANG;eyJpdiI6ImlCemZOR01DVUNHUFpjelEwanIyd2c9PSIsInZhbHVlIjoiNlVPV1RrZERQNGMyOFo1azRxaWFQUT09IiwibWFjIjoiM2Y0NDg5NDA5ZDI1ZGZmMzlkN2JlZmNjZjZlY2Y1OTQwMzJiZDgwMjU0ODAyZWQwMjZlYTY3ZjBmYjBkMDY4MCIsInRhZyI6IiJ9;;[Kegiatan Usaha: penyediaan kamar kosan, Kategori: L, KBLI: 68111];;;45985;UMKM;;;;invalid;;;FALSE;FALSE;TRUE;;;invalid;;;;-1.820038333;115.9134883;hotel iman;0;0;0;;;jl tambang rt 24;;68;hotel iman jl tambang rt 24 kbli68;1;0;1;0;Alih Usaha;jl tambang rt 24;24;0;;;NAIK 0702 - 15.15 WITA;6401010011_24_0;-1.820038333;115.9134883;0;0
4510;6638213;SARANG WALET PONDOK PESANTREN DARUSSALAM;BATU KAJANG RT 017;6401010011;64;1;10;11;KALIMANTAN TIMUR;PASER;BATU SOPANG;BATU KAJANG;eyJpdiI6IndpUzVzU09YTjRrdlVRUUZzdU1Qd1E9PSIsInZhbHVlIjoicDA1Lyt4TlVQaHZhZU1jMkMrb3NIUT09IiwibWFjIjoiMDI5ZTJhMTgwMDNlMDliZjUwN2ZhZGMwNGZkZjA5NDRhZGY3OGU5YTE2NTg3Y2RlMmU4YmY2OWI1NjE5MDJmNyIsInRhZyI6IiJ9;;[Kegiatan Usaha: -, Kategori: A, KBLI: -];;;45985;;;-1.851308251;115.9305178;valid;;;FALSE;FALSE;TRUE;;;invalid;;;;;;sarang walet pondok pesantren darussalam;0;0;0;;;batu kajang rt 017;;0;sarang walet pondok pesantren darussalam batu kajang rt 017 kbli00;1;0;1;0;Aktif Nonrespons;BATU KAJANG RT 017;17;0;;;NAIK 0702 - 15.15 WITA;6401010011_17_0;-1.84939;115.938747;0;0
7691;28921950;KLINIK EKMS <ELISABETH ROIDA PANE>;Jalan Negara RT. 22;6401010011;64;1;10;11;KALIMANTAN TIMUR;PASER;BATU SOPANG;BATU KAJANG;eyJpdiI6InVBQmc0QnRHWEJCQlRITmdONDhWVnc9PSIsInZhbHVlIjoiZmlmV0ltTGR0c1NoSVYrTlE4VzNkZz09IiwibWFjIjoiNDJjNmY4NzhiNzZjMjg1MjgyZjRmZWM2ZWI0YjQ4MTVlMWYyZjA1NGZkMjljZTE0NDk1Yzg4OGM5NjNmN2M1OCIsInRhZyI6IiJ9;;[Kegiatan Usaha: -, Kategori: -, KBLI: 86105];;;45998;;OSS - Perorangan;;;invalid;;;FALSE;FALSE;FALSE;;;invalid;;;;-1.826583333;115.9198017;klinik ekms elisabeth roida pane;0;0;0;;;jalan negara rt 22;;86;klinik ekms elisabeth roida pane jalan negara rt 22 kbli86;4;0;1;1;Duplikat;Jalan Negara RT 22;22;0;;;NAIK 0702 - 15.15 WITA;6401010011_22_0;-1.826583333;115.9198017;0;0
646;97333483;SEDOTAN PASIR;TOKARE;6401010011;64;1;10;11;KALIMANTAN TIMUR;PASER;BATU SOPANG;BATU KAJANG;eyJpdiI6IlE4aGMwWkY2TzR5OHZYL3UxUjlzcnc9PSIsInZhbHVlIjoiUzh1TlJjT0ZkMVNCZTlmNXlVdnRTQT09IiwibWFjIjoiYzI5MDA3ZDFhYTY3MGQ4ODJmMGIwMWFjYmQzZGE0NTRhMTQ4ZThkMjk1N2U1YzE1NWFjOGUxMzEzODlhZThjOSIsInRhZyI6IiJ9;;[Kegiatan Usaha: -, Kategori: B, KBLI: 08104];;;45985;UMKM;;;;invalid;;;FALSE;FALSE;TRUE;;;invalid;;;;;;sedotan pasir;0.855103814;1;1;PENYEDOTAN PASIR <HERY>;TOKARE;tokare;8;8;sedotan pasir tokare kbli08;1;0;1;0;Aktif;TOKARE;0;0;;;NAIK 0702 - 15.15 WITA;6401010011_0_0;-1.8184634;115.9120438;0;0
1085;97333458;JUAL SEMBAKO (ARNOL);TOKARE;6401010011;64;1;10;11;KALIMANTAN TIMUR;PASER;BATU SOPANG;BATU KAJANG;eyJpdiI6IlVhSE5LbkF5UUJmWmpLZmVjVGdIRXc9PSIsInZhbHVlIjoiMzhJTzZCNkovUXVQL1ZDZkRJK21mdz09IiwibWFjIjoiMjE4NjFhZGZhM2U3ZjVkMjM5ZTdkN2ZjY2NmNDNmM2I4ZmRjMGY2NzI0YjIyNzE3OWUzZTZhYWZmYTZjNDA5MiIsInRhZyI6IiJ9;;[Kegiatan Usaha: -, Kategori: G, KBLI: 47112];;;45985;UMKM;;;;invalid;;;FALSE;FALSE;TRUE;;;invalid;;;;;;jual sembako arnol;0.868154749;1;1;JUAL SEMBAKO <TANDI>;TOKARE;tokare;13;47;jual sembako arnol tokare kbli47;1;0;1;0;Aktif;TOKARE;0;0;;;NAIK 0702 - 15.15 WITA;6401010011_0_0;-1.8184634;115.9120438;0;0
1116;5373231;JUAL SEMBAKO <TANDI>;TOKARE;6401010011;64;1;10;11;KALIMANTAN TIMUR;PASER;BATU SOPANG;BATU KAJANG;eyJpdiI6IlpiZ1VCRXlROVFWZVBwSnUxZktid0E9PSIsInZhbHVlIjoicXU5Vy9RR1gwNHJsNys4N0J6b0c5UT09IiwibWFjIjoiN2JhN2Y4M2FjOGEwNGRlZWY1YmUzMzFjNDAxOTQ2MDk0ZWI5ZDRkZDA4NWM2MGIwMjNkNGJiYzg3YjEzZDBlMSIsInRhZyI6IiJ9;;[Kegiatan Usaha: JUAL SEMBAKO, Kategori: G, KBLI: 47112];;;45985;UMKM;;;;invalid;;;FALSE;FALSE;TRUE;;;invalid;;;;;;jual sembako tandi;0.868154749;1;4;JUAL SEMBAKO (ARNOL);TOKARE;tokare;13;47;jual sembako tandi tokare kbli47;1;0;1;1;Aktif;TOKARE;0;0;;;NAIK 0702 - 15.15 WITA;6401010011_0_0;-1.8184634;115.9120438;0;0
1256;97333485;SEKOLAH MINGGU (YUSPINA);TOKARE;6401010011;64;1;10;11;KALIMANTAN TIMUR;PASER;BATU SOPANG;BATU KAJANG;eyJpdiI6ImdaYk9qcDY0TXNtbG5KZUlRdlNKWFE9PSIsInZhbHVlIjoiVkVxRnpLSU0vM0I4emk1c0pCS1JIdz09IiwibWFjIjoiMmEwMjE3MDc2MDUyYmZlYmYyMzYzYTZkZjViMDA1N2E0Njg1ZjA4MGY3YjY1NDZhZmU1MDJhMTNkMTVhMTE1OCIsInRhZyI6IiJ9;;[Kegiatan Usaha: -, Kategori: P, KBLI: 85121];;;45985;UMKM;;;;invalid;;;FALSE;FALSE;TRUE;;;invalid;;;;;;sekolah minggu yuspina;0.956472268;1;1;SEKOLAH MINGGU;TOKARE;tokare;15;85;sekolah minggu yuspina tokare kbli85;1;0;1;0;Aktif;TOKARE;0;0;;;NAIK 0702 - 15.15 WITA;6401010011_0_0;-1.8184634;115.9120438;0;0
4286;5373201;JUAL PAKAIAN <ABD HALIB>;PASAR BARU;6401010011;64;1;10;11;KALIMANTAN TIMUR;PASER;BATU SOPANG;BATU KAJANG;eyJpdiI6InJOYmk5L2h5UW1ock5ubXhoRUc1WVE9PSIsInZhbHVlIjoiQ29xdk9EaXVyNDhRVk1PQ2JDNDljQT09IiwibWFjIjoiNDg1ZGU1MjRiZjAyODIxMjg5NjFlMGQ3ZDg2ZGE0YmQyMDRhMDE1ZGU0MGVhNzE1ZTkyNjA2YjViNTQwMzJiNyIsInRhZyI6IiJ9;;[Kegiatan Usaha: JUAL PAKAIAN, Kategori: G, KBLI: 47832];;;45985;UMKM;;;;invalid;;;FALSE;FALSE;TRUE;;;invalid;;;;;;jual pakaian abd halib;0.88421622;1;1;JUAL PAKAIAN <FATMA>;PASAR BARU;pasar baru;44;47;jual pakaian abd halib pasar baru kbli47;1;0;1;1;Aktif;PASAR BARU;0;0;;1;NAIK 0702 - 15.15 WITA;6401010011_0_0;-1.8360983;115.9254075;0;0
4287;5373207;JUAL PAKAIAN <FATMA>;PASAR BARU;6401010011;64;1;10;11;KALIMANTAN TIMUR;PASER;BATU SOPANG;BATU KAJANG;eyJpdiI6Ild0T3hKRTFqbkMycW9OU1UvWFlDalE9PSIsInZhbHVlIjoidFdBbjUwWVJiZFVLN21YWUFpa2FIdz09IiwibWFjIjoiYmEwNDU1NTMwMWQwMjI2NGM1N2Q1NTNiYjA3MThiYmExM2QzNjVmODhkZDMxMWE4N2MxMWY1MjEwYzc5YjgwNiIsInRhZyI6IiJ9;;[Kegiatan Usaha: JUAL PAKAIAN JADI, Kategori: G, KBLI: 47832];;;45985;UMKM;;;;invalid;;;FALSE;FALSE;TRUE;;;invalid;;;;;;jual pakaian fatma;0.88421622;1;4;JUAL PAKAIAN <ABD HALIB>;PASAR BARU;pasar baru;44;47;jual pakaian fatma pasar baru kbli47;1;0;1;1;Aktif;PASAR BARU;0;0;;1;NAIK 0702 - 15.15 WITA;6401010011_0_0;-1.8360983;115.9254075;0;0
4575;5775590;JUAL PULSA <MATIUS>;TOKARE;6401010011;64;1;10;11;KALIMANTAN TIMUR;PASER;BATU SOPANG;BATU KAJANG;eyJpdiI6IjgyOXlaMWhldVg1cjRvSmt3U1ZuTkE9PSIsInZhbHVlIjoiNTArT05vamZ2VTNUTzkza0dCT0pwZz09IiwibWFjIjoiZjVlNzdkNmVmYzc0MzdkZGU1MWUxOGZkZDg0OTljMDM2M2FiYzA1NGJhOTBiYzYxODk1NTM4MjI3N2U5ZTk3YyIsInRhZyI6IiJ9;;[Kegiatan Usaha: JUAL PULSA, Kategori: J, KBLI: 61992];;;45985;UMKM;;;;invalid;;;FALSE;FALSE;TRUE;;;invalid;;;;;;jual pulsa matius;0.870218809;1;1;JUAL PULSA <ARNI S>;TOKARE;tokare;50;61;jual pulsa matius tokare kbli61;1;0;1;1;Aktif;TOKARE;0;0;;;NAIK 0702 - 15.15 WITA;6401010011_0_0;-1.8184634;115.9120438;0;0
4576;5775591;JUAL PULSA <ARNI S>;TOKARE;6401010011;64;1;10;11;KALIMANTAN TIMUR;PASER;BATU SOPANG;BATU KAJANG;eyJpdiI6Im9MSDdzamVUYnBLNThsZzlmUVpMYmc9PSIsInZhbHVlIjoiQmZnSEc1TkFaZUdDRVIxWDRPYkM3dz09IiwibWFjIjoiM2I4ZjliNzhiNTI1NjkyOTg1NjMwZGI2NjFkZjhlNmJlMDc3YTBjOGUxNmVlMjlkYTU5ZGFiNjRjYzI4NGIxOSIsInRhZyI6IiJ9;;[Kegiatan Usaha: JUAL PULSA, Kategori: J, KBLI: 61992];;;45985;UMKM;;;;invalid;;;FALSE;FALSE;TRUE;;;invalid;;;;;;jual pulsa arni s;0.870218809;1;4;JUAL PULSA <MATIUS>;TOKARE;tokare;50;61;jual pulsa arni s tokare kbli61;1;0;1;1;Aktif;TOKARE;0;0;;;NAIK 0702 - 15.15 WITA;6401010011_0_0;-1.8184634;115.9120438;0;0
4653;5814930;PERSEWAAN RUMAH <FRANS>;TOKARE;6401010011;64;1;10;11;KALIMANTAN TIMUR;PASER;BATU SOPANG;BATU KAJANG;eyJpdiI6InROdUp1K2w5cmdsa0s4aDA1Z01Iemc9PSIsInZhbHVlIjoid3RQb3hkUGVWNmVxdG1NQ1RKKzVVdz09IiwibWFjIjoiZThkYmEzNjE4ZTMxZmM3OGZlNTVmNzUyMGE1MDAzY2ExMGQ4ZTQ1NTk5ZDJmYzcyZjQ1ZTgyMDNlYzQ4Yjc1MyIsInRhZyI6IiJ9;;[Kegiatan Usaha: PERSEWAAN RUMAH, Kategori: L, KBLI: 68111];;;45985;UMKM;;;;invalid;;;FALSE;FALSE;TRUE;;;invalid;;;;;;persewaan rumah frans;0.933107614;1;1;PERSEWAAN RUMAH <RABU>;TOKARE;tokare;53;68;persewaan rumah frans tokare kbli68;1;0;1;1;Aktif;TOKARE;0;0;;;NAIK 0702 - 15.15 WITA;6401010011_0_0;-1.8184634;115.9120438;0;0
4654;5814936;PERSEWAAN RUMAH <RABU>;TOKARE;6401010011;64;1;10;11;KALIMANTAN TIMUR;PASER;BATU SOPANG;BATU KAJANG;eyJpdiI6IlZjRlIrOXFPSHdMRGo4UFZ1TjlxSnc9PSIsInZhbHVlIjoia2NzQ0JFWVorUncyM0dRL05hM0ZWdz09IiwibWFjIjoiZjkyNjBhZDAyZjE2Njc3NWY5NzNjN2VkZDk0MmYyYmI0OWMzODEzMjgwMzljZGQ0OWI0M2I5M2ViYWE1OGEwZiIsInRhZyI6IiJ9;;[Kegiatan Usaha: PERSEWAAN RUMAH, Kategori: L, KBLI: 68111];;;45985;UMKM;;;;invalid;;;FALSE;FALSE;TRUE;;;invalid;;;;;;persewaan rumah rabu;0.933107614;1;4;PERSEWAAN RUMAH <FRANS>;TOKARE;tokare;53;68;persewaan rumah rabu tokare kbli68;1;0;1;1;Aktif;TOKARE;0;0;;;NAIK 0702 - 15.15 WITA;6401010011_0_0;-1.8184634;115.9120438;0;0
8680;31711830;SRI SUWAHYUNINGSIH;TEPIAN BATANG RT009;6401040003;64;1;40;3;KALIMANTAN TIMUR;PASER;TANAH GROGOT;TEPIAN BATANG;eyJpdiI6InhlM1NKQkdTUkxLUG12bUtjbFEvSWc9PSIsInZhbHVlIjoicnByUDIxVTg4NlBta0ZZYUxlalJQQT09IiwibWFjIjoiNWNhYzNlN2VkYTNjOGIzZjliNDI4MTg1MDVjODNmNWFmYjA5ZjY3OGY1NjMxNmYwN2E0NjE4YTVkZWI1M2VlMSIsInRhZyI6IiJ9;;[Kegiatan Usaha: -, Kategori: -, KBLI: 56102];;;45998;;OSS - Perorangan;;;invalid;;;FALSE;FALSE;FALSE;;;invalid;;;;;;sri suwahyuningsih;0;0;0;;;tepian batang rt009;;56;sri suwahyuningsih tepian batang rt009 kbli56;4;0;1;0;Duplikat;TEPIAN BATANG RT009;9;0;;;NAIK 0702 - 15.15 WITA;6401040003_9_0;-1.89489;116.180273;0;0
40;97334855;kpn aescucap <RSUD panglima sebaya>;jl kusuma bangsa;6401040003;64;1;40;3;KALIMANTAN TIMUR;PASER;TANAH GROGOT;TEPIAN BATANG;eyJpdiI6IjcvTlYzU2gwM3ZaZWprclIreHZsMWc9PSIsInZhbHVlIjoiVUlDdU1uL3hLTXdtSEVSNUphQVVRQT09IiwibWFjIjoiZTU4NTVmMmQwYTAzMzE4N2NmNmY1NWQxYmZhZTI0NDIxNmFmNzE3NDMzZTQ1Y2U2YTg5OGZhYWViZDJmMTZmNCIsInRhZyI6IiJ9;;[Kegiatan Usaha: -, Kategori: K, KBLI: 64141];;;45663;UMKM;;;;invalid;;;FALSE;FALSE;TRUE;;;invalid;;;;;;kpn aescucap rsud panglima sebaya;0.815825508;1;4;KPN AESCULAP;JL KUSUMA BANGSA KM 4 TEPIAN BATANG (RSUD PANGLIMA SEBAYA);jl kusuma bangsa;0;64;kpn aescucap rsud panglima sebaya jl kusuma bangsa kbli64;1;0;1;1;Aktif;jl kusuma bangsa;0;0;;;NAIK 0702 - 15.15 WITA;6401040003_0_0;-1.8869889;116.1768334;0;0
373;97339631;TOKO 33;TEPIAN BATANG;6401040003;64;1;40;3;KALIMANTAN TIMUR;PASER;TANAH GROGOT;TEPIAN BATANG;eyJpdiI6IkhtY1Q4MkozaGpwR0VuMkpKNFNxQnc9PSIsInZhbHVlIjoiWlpLWXZiaktic1ZGc3c0R0szMVBoZz09IiwibWFjIjoiYWIyM2RkMDZkYTg4NzY4ZDcyZmI5ZGQ5NjJlNzhkN2E5ZTlmM2E1M2FmY2E1MmQxZDI4NDBiZGQxZjFlMjIyZSIsInRhZyI6IiJ9;;[Kegiatan Usaha: -, Kategori: G, KBLI: 47711];;;46006;UMKM;;;;invalid;;;FALSE;FALSE;TRUE;;;invalid;;;;;;33;1;1;1;TOKO  33;TEPIAN BATANG;tepian batang;4;47;33 tepian batang kbli47;99;0;1;0;Aktif;TEPIAN BATANG;0;0;;;NAIK 0702 - 15.15 WITA;6401040003_0_0;-1.8793623;116.1731065;0;0
471;97338733;APOTIK SERUMPUN FARMA;JL. KESUMA BANGSA;6401040003;64;1;40;3;KALIMANTAN TIMUR;PASER;TANAH GROGOT;TEPIAN BATANG;eyJpdiI6ImRPbUpvclZ4QUZoVUsweDZ2cUYxV1E9PSIsInZhbHVlIjoiQnlVY2FKeGtPSG1BNklUajlmQW9Fdz09IiwibWFjIjoiNmZiNWZiNDc5YjQ1ZjBjZjUyYTA2N2I1NjU0OWQ0M2JjMjNkYmI1NDZlMzVmN2VmNjU0NjE2ZjEzYmZjMDMyZiIsInRhZyI6IiJ9;;[Kegiatan Usaha: -, Kategori: G, KBLI: 47721];;;45956;UMKM;;;;invalid;;;FALSE;FALSE;TRUE;;;invalid;;;;;;apotik serumpun farma;0.804259009;1;1;SERUMPUN FARMA;Jl. Kusuma Bangsa, Km. 4,5;jl kesuma bangsa;5;47;apotik serumpun farma jl kesuma bangsa kbli47;1;0;1;0;Aktif;JL KESUMA BANGSA;0;0;;;NAIK 0702 - 15.15 WITA;6401040003_0_0;-1.8869889;116.1768334;0;0
541;3040850;MITRA CONSULTANT ENGINEERING;JL DI. PANJAITAN;6401040003;64;1;40;3;KALIMANTAN TIMUR;PASER;TANAH GROGOT;TEPIAN BATANG;eyJpdiI6InNIb1kwL1ZBb1VvMFQ2NDQxSnFZTFE9PSIsInZhbHVlIjoiWUVUZVJid1pSUE1EZGFrd3I1UUlJUT09IiwibWFjIjoiM2I2NTQxMWJmYTYzYjg4ODg3NjIxMzk4YWMzOWRmZTdjNDRmMjJhYTUyMDk4MjBiN2FhMzZlYjcwZmQ1NzYxOSIsInRhZyI6IiJ9;;[Kegiatan Usaha: -, Kategori: M, KBLI: 71101];;;46006;UMKM;Dir Pajak;;;invalid;;;FALSE;FALSE;TRUE;;;invalid;;;;;;mitra consultant engineering;0.886229109;1;1;TRI MITRA CONSULTANT;JALAN DI PANJAITAN;jl di panjaitan;6;71;mitra consultant engineering jl di panjaitan kbli71;1;0;1;0;Aktif;JL DI PANJAITAN;0;0;;;NAIK 0702 - 15.15 WITA;6401040003_0_0;-1.8883913;116.1892953;0;0
591;4378938;PUTRA TO MANENGNGA;JL. KUSUMA BANGSA GG. SERATAI RT.02;6401040003;64;1;40;3;KALIMANTAN TIMUR;PASER;TANAH GROGOT;TEPIAN BATANG;eyJpdiI6InU3UTNzVW9nd2J5SkhvR1JLbVR6T0E9PSIsInZhbHVlIjoiMkdpdHk4MEFIWHR6b0dzNDJva0pPZz09IiwibWFjIjoiNDU1YzlkNDgxODAwMTk2NTU5MGZjZWMzMTE5MzQ1ODI5YjQ0NThjZGUyZDUxYzU3M2YyZDI4N2U3ODY4NmI3MSIsInRhZyI6IiJ9;;"[Kegiatan Usaha: -, Kategori: G, KBLI: 46205]; [Kegiatan Usaha: Perdagangan Eceran Pakan Ternak/Ungg...";;;45985;UMKM;Dir Pajak;;;invalid;;;FALSE;FALSE;TRUE;;;invalid;;;;;;putra to manengnga;0.932950692;1;1;PUTRA TO MANENGNGA, CV;JL KUSUMA BANGSA GG SERATAI;jl kusuma bangsa gg seratai rt 02;7;46;putra to manengnga jl kusuma bangsa gg seratai rt 02 kbli46;1;0;1;0;Aktif;JL KUSUMA BANGSA GG SERATAI RT02;2;0;;;NAIK 0702 - 15.15 WITA;6401040003_2_0;-1.90361;116.186163;0;0
2029;17943428;DELIMA PASER JAYA, cv;JL. KUSUMA BANGSA KILO 5, TELAGA UNGU GG LENOI RT. 012 / RW. 000;6401040003;64;1;40;3;KALIMANTAN TIMUR;PASER;TANAH GROGOT;TEPIAN BATANG;eyJpdiI6InRkMVVrUU9IR1c1NUM3RVlOZnA1UlE9PSIsInZhbHVlIjoiV2JjQjAzY2Y5TldBcGhLOUx2ZUdMdz09IiwibWFjIjoiYjQ3OGJmY2EyNGU0Zjg0ZDFjMGE0OWFmMmQzYzkzMGJlMzJlZjI1N2NlOTJmOTY2OGMwYmU3OGNlOTg2MzIyNiIsInRhZyI6IiJ9;;[Kegiatan Usaha: -, Kategori: F, KBLI: -];;;45962;;;;;invalid;;;FALSE;FALSE;TRUE;;;invalid;;;;;;delima paser jaya;0.86924042;1;1;DELIMA PASER JAYA;Jl. Kusuma Bangsa Kilo 5, Telaga Ungu Gg Lenoi ;jl kusuma bangsa kilo 5 telaga ungu gg lenoi rt 012 rw 000;22;0;delima paser jaya jl kusuma bangsa kilo 5 telaga ungu gg lenoi rt 012 rw 000 kbli00;1;0;1;0;Aktif;JL KUSUMA BANGSA KILO 5 TELAGA UNGU GG LENOI RT 012 RW 000;12;0;;;NAIK 0702 - 15.15 WITA;6401040003_12_0;-1.8686;116.174606;0;0
2691;30990960;YAYU HALIFATUL ISLAMIAH;SMKN 4 JL. KEKSUMA BANGSA;6401040003;64;1;40;3;KALIMANTAN TIMUR;PASER;TANAH GROGOT;TEPIAN BATANG;eyJpdiI6InBMZWhSbllNM0hnd2x5bTlqKzBHTGc9PSIsInZhbHVlIjoidVNweGRMZ1RXS0taR2pHcTB2bDQvZz09IiwibWFjIjoiMjg1OWExODM4YzFmNzFlYTE0MTdlNDlmYzNiNDhhY2JjOGRjYzZjZTU2ODNlMWJkZTg2M2RkZTE3YTgwMGQ4MCIsInRhZyI6IiJ9;;"[Kegiatan Usaha: -, Kategori: -, KBLI: 56103]; [Kegiatan Usaha: -, Kategori: -, KBLI: 56290]; [Kegia...";;;45985;;OSS - Perorangan;;;invalid;;;FALSE;FALSE;TRUE;;;invalid;;;;;;yayu halifatul islamiah;0.910378667;1;1;YAYU HALIFATUL ISLAMIAH;Jl. KESUMA BANGSA NO.22 RT.009;smkn 4 jl keksuma bangsa;27;56;yayu halifatul islamiah smkn 4 jl keksuma bangsa kbli56;1;0;1;0;Aktif;SMKN 4 JL KEKSUMA BANGSA;0;0;;;NAIK 0702 - 15.15 WITA;6401040003_0_0;-1.8853039;116.1739343;0;0
2817;29703455;SAIDAH;JL. TAMANJALIN PERUM TAMANJALIN LESTARI ;6401040003;64;1;40;3;KALIMANTAN TIMUR;PASER;TANAH GROGOT;TEPIAN BATANG;eyJpdiI6Ing1cWN0aW9qeXpxYkRnd0I0VGZ2emc9PSIsInZhbHVlIjoiZW45bWc1QWI0Y2duR0xtWnhrVlBwdz09IiwibWFjIjoiNjBjMzkxMjUyZGQxNjA4MmExMmRmMDcyYmI5ZWM2NzdmMTgyZWFlMWNjODk5M2ZkMThkMzFjNTM5OTFlMThjNCIsInRhZyI6IiJ9;;[Kegiatan Usaha: -, Kategori: -, KBLI: 47112];;;46006;;OSS - Perorangan;;;invalid;;;FALSE;FALSE;TRUE;;;invalid;;;;;;saidah;0.810514177;1;1;JUBAIIDAH;JL.TAMANJALIN TEPIAN BATANG;jl tamanjalin perum tamanjalin lestari;28;47;saidah jl tamanjalin perum tamanjalin lestari kbli47;1;0;1;0;Aktif;JL TAMANJALIN PERUM TAMANJALIN LESTARI;0;0;1;;NAIK 0702 - 15.15 WITA;6401040003_0_0;-1.8878601;116.1591171;0;0
3008;26709489;Warung Makan Mama Gibran <ASMAWATI>;Jalan Piere Tendean;6401040003;64;1;40;3;KALIMANTAN TIMUR;PASER;TANAH GROGOT;TEPIAN BATANG;eyJpdiI6InNTRW9QREowTCtCdjhmQnFJbEczc1E9PSIsInZhbHVlIjoiQnJUenlCaUpXcEgxak1xaEY2TlpUUT09IiwibWFjIjoiOTIxZDkxN2Q1NjY1MzQyNzM4NTJiZGE0YTRkMmIxMjY5MTViM2M2ZDBkMzZiODE5Zjg1ZGM4ZGNkZThlMmRlYSIsInRhZyI6IiJ9;;[Kegiatan Usaha: -, Kategori: I, KBLI: 56102];;;45998;;OSS - Perorangan;;;invalid;;;FALSE;FALSE;TRUE;;;invalid;;;;;;makan mama gibran asmawati;0.879697872;1;1;ASMAWATI;Jalan Piere Tendean;jalan piere tendean;30;56;makan mama gibran asmawati jalan piere tendean kbli56;1;0;1;1;Aktif;Jalan Piere Tendean;0;0;;;NAIK 0702 - 15.15 WITA;6401040003_0_0;-1.8914255;116.1908425;0;0
3098;36047582;FAHIWA BERKAH;Jl. Ulin Gang Perjuangan RT. 012;6401040003;64;1;40;3;KALIMANTAN TIMUR;PASER;TANAH GROGOT;TEPIAN BATANG;eyJpdiI6ImM5bFRyZStyREF6bVhvUlpDcTBHREE9PSIsInZhbHVlIjoiR2hBOFNwdnAzdWhkTkFqVFlnOEdBZz09IiwibWFjIjoiM2M1YTRlMjNhYzBlM2VlMWMzNWQ5YzZjMzFhZDI5M2JiM2RkYjIwMThhYzI5ZDMyZDgwMDJiYzQ1ZGM5Mjc1NiIsInRhZyI6IiJ9;;"[Kegiatan Usaha: Jasa Boga Untuk Suatu Event Tertentu (Event Catering), Kategori: -, KBLI: 56210]; [...";;;46015;;;;;invalid;;;FALSE;FALSE;TRUE;;;invalid;;;;;;fahiwa berkah;0.875007427;1;1;FAHIWA BERKAH;JL. ULIN GG. PERJUANGAN ;jl ulin gang perjuangan rt 012;31;56;fahiwa berkah jl ulin gang perjuangan rt 012 kbli56;1;0;1;0;Aktif;Jl Ulin Gang Perjuangan RT 012;12;0;;;NAIK 0702 - 15.15 WITA;6401040003_12_0;-1.8686;116.174606;0;0
3412;46167593;TRIPLE NINE GROUP;Jl. Kusuma Bangsa Km 5;6401040003;64;1;40;3;KALIMANTAN TIMUR;PASER;TANAH GROGOT;TEPIAN BATANG;eyJpdiI6IlpCSlRJd214R2o4WGtBN05XSmpNRXc9PSIsInZhbHVlIjoiZnc0czFpU3hMdTF2dk54TkV2bjI4Zz09IiwibWFjIjoiYzI3YjU4YzhlYmQ2YzUwMTM3YTc5Y2E0MjhkMTkyOThiMjIxOWJiOTk2NjFjYzRlODBhZTgwZTg1MzJiYTI1YiIsInRhZyI6IiJ9;;"[Kegiatan Usaha: -, Kategori: -, KBLI: 56101]; [Kegiatan Usaha: -, Kategori: -, KBLI: 56101]; [Kegia...";;;;;OSS - Perorangan;;;invalid;;;FALSE;FALSE;TRUE;;;invalid;;;;;;triple nine group;1;1;1;TRIPLE NINE GROUP;Jl. Kusuma Bangsa Km 5;jl kusuma bangsa km 5;33;56;triple nine group jl kusuma bangsa km 5 kbli56;1;0;1;0;Aktif;Jl Kusuma Bangsa Km 5;0;0;;;NAIK 0702 - 15.15 WITA;6401040003_0_0;-1.8869889;116.1768334;0;0
3574;44593271;ARCH STAR CONSULTANT;JALAN DI PANJAITAN GANG NASUHA;6401040003;64;1;40;3;KALIMANTAN TIMUR;PASER;TANAH GROGOT;TEPIAN BATANG;eyJpdiI6IkZXUSsrYU5FdTBDbEtIRExuc1g2M2c9PSIsInZhbHVlIjoiUUUyNDhZNGpkeDZQQUpxSDJzVzRCQT09IiwibWFjIjoiZjQwNTQ2YTA3YjViYzNhZGViNDEzMWMyNTQ4NjhkM2FlNGY4ZTY5MWUzY2VmN2NiNTczYzAzMGUwN2VkNTlmMyIsInRhZyI6IiJ9;;"[Kegiatan Usaha: -, Kategori: -, KBLI: 74120]; [Kegiatan Usaha: -, Kategori: -, KBLI: 70202]; [Kegia...";;;;;OSS - Perorangan;;;invalid;;;FALSE;FALSE;TRUE;;;invalid;;;;;;arch star consultant;0.993787268;1;1;ARCH STAR CONSULTANT;JALAN DI PANJAITAN GANG NASUHA;jalan di panjaitan gang nasuha;34;74;arch star consultant jalan di panjaitan gang nasuha kbli74;1;0;1;0;Aktif;JALAN DI PANJAITAN GANG NASUHA;0;0;;;NAIK 0702 - 15.15 WITA;6401040003_0_0;-1.8883913;116.1892953;0;0
3721;45821819;TANAH BHUMI INDONESIA;Jalan Raya Kilometer 6;6401040003;64;1;40;3;KALIMANTAN TIMUR;PASER;TANAH GROGOT;TEPIAN BATANG;eyJpdiI6IjB0Wmx3MlNJQkFERUJYZytPczQ3WHc9PSIsInZhbHVlIjoiNXh3WWlpK2V4dEx6ejNBTGF1cDhOdz09IiwibWFjIjoiOTg4YzRmM2U3MmNkNDJhNzU0ZDI3NGFmN2UyODg1MGE1ZWNjYTUwYjc1ODhhMzFlODQ4ODJjNWMyOGQxMzdkZSIsInRhZyI6IiJ9;;"[Kegiatan Usaha: -, Kategori: -, KBLI: 77400]; [Kegiatan Usaha: -, Kategori: -, KBLI: 68111]";;;;;OSS - Perorangan;;;invalid;;;FALSE;FALSE;TRUE;;;invalid;;;;;;tanah bhumi indonesia;0.892191412;1;1;TANAH BHUMI INDONESIA;Jalan Raya Kilometer 6;jalan raya kilometer 6;35;77;tanah bhumi indonesia jalan raya kilometer 6 kbli77;1;0;1;0;Aktif;Jalan Raya Kilometer 6;0;0;;;NAIK 0702 - 15.15 WITA;6401040003_0_0;-1.8869889;116.1768334;0;0
3848;43469541;SAMA TAKA;JL. KESUMA BANGSA ;6401040003;64;1;40;3;KALIMANTAN TIMUR;PASER;TANAH GROGOT;TEPIAN BATANG;eyJpdiI6IkxMd1pxWExBTndHVjJXQm5pSm9Ga0E9PSIsInZhbHVlIjoicStveE1XQXJ2cFc0djJQQlU1TXU3Zz09IiwibWFjIjoiMmY4YTYzOGViMDI3NDg4MTVmMjA0ZmVmM2NhMTBjMzg1NGM3MWRlZTZmYzNiNThkY2FmZjNkYzJmMmQ1Nzk4ZSIsInRhZyI6IiJ9;;[Kegiatan Usaha: -, Kategori: -, KBLI: 49432];;;;;OSS - Perorangan;;;invalid;;;FALSE;FALSE;TRUE;;;invalid;;;;;;sama taka;1;1;4;SAMA TAKA;JL. KESUMA BANGSA ;jl kesuma bangsa;36;49;sama taka jl kesuma bangsa kbli49;1;0;1;0;Aktif;JL KESUMA BANGSA;0;0;;;NAIK 0702 - 15.15 WITA;6401040003_0_0;-1.8869889;116.1768334;0;0
4215;45002433;NUSA KONSTRUKSI;JALAN RIDUWAN SUWIDI ;6401040003;64;1;40;3;KALIMANTAN TIMUR;PASER;TANAH GROGOT;TEPIAN BATANG;eyJpdiI6InNvOVlmRzkvN2V4SEVGUzVpcWxmZ1E9PSIsInZhbHVlIjoiNi9nQjRqVURjWkMwQnA3MFNTRHJuUT09IiwibWFjIjoiNGY3NWY0MjY0Mjg5NGIyZTRiYTVjNGU4MDZkN2JhODQ5NjRkNWY5MmJkNDM2ZmUwNTllOGU4NmZkNmEyY2ZjZSIsInRhZyI6IiJ9;;"[Kegiatan Usaha: -, Kategori: -, KBLI: 42101]; [Kegiatan Usaha: -, Kategori: -, KBLI: 42201]; [Kegia...";;;;;OSS - Perorangan;;;invalid;;;FALSE;FALSE;TRUE;;;invalid;;;;;;nusa konstruksi;0.916763983;1;1;NUSA KONSTRUKSI;JALAN RIDUWAN SUWIDI;jalan riduwan suwidi;42;42;nusa konstruksi jalan riduwan suwidi kbli42;1;0;1;0;Aktif;JALAN RIDUWAN SUWIDI;0;0;;;NAIK 0702 - 15.15 WITA;6401040003_0_0;-1.88242;116.1848879;0;0
4267;43686236;KESULTANAN PASER NUSANTARA;JL. NEGARA KILOMETER 4;6401040003;64;1;40;3;KALIMANTAN TIMUR;PASER;TANAH GROGOT;TEPIAN BATANG;eyJpdiI6Ijg1WDJDUGNFdHE4THFTZndLc2ovUmc9PSIsInZhbHVlIjoia2hIMmptbU1ZSExJK21oNVVNQjZzdz09IiwibWFjIjoiM2JjYjY5YTI3ZTAxOTdhYzU5M2VmMzA1ZThjNjMyOWM4YTIyMmM2YTY2YzdjOWNkYWY4ZTE3NzhlOWQ0ZDkwMCIsInRhZyI6IiJ9;;"[Kegiatan Usaha: -, Kategori: -, KBLI: 45301]; [Kegiatan Usaha: -, Kategori: -, KBLI: 05100]; [Kegia...";;;;;OSS - Perorangan;;;invalid;;;FALSE;FALSE;TRUE;;;invalid;;;;;;kesultanan paser nusantara;0.926672318;1;1;KESULTANAN PASER NUSANTARA;JL. NEGARA KILOMETER 4;jl negara kilometer 4;43;45;kesultanan paser nusantara jl negara kilometer 4 kbli45;1;0;1;0;Aktif;JL NEGARA KILOMETER 4;0;0;;;NAIK 0702 - 15.15 WITA;6401040003_0_0;-1.8869889;116.1768334;0;0
4306;48611323;HANSYA TEKNIK MANDIRI;Jalan Pandu Gang Arjuna;6401040003;64;1;40;3;KALIMANTAN TIMUR;PASER;TANAH GROGOT;TEPIAN BATANG;eyJpdiI6IlRQcVFYdE9KRXpvcEREc0RrYjRPMVE9PSIsInZhbHVlIjoiaUdLa1l2Tk90enVNTFpEMkZMcHZ5dz09IiwibWFjIjoiMjlhMmRmYTg5YzQwMzdmNGJhZmM0OGQ1ZjY5NmRjN2NmZDAyNTA4NTFkMmRiNWMzY2MyMzc3YmNiM2UxNGI3NCIsInRhZyI6IiJ9;;"[Kegiatan Usaha: -, Kategori: -, KBLI: 95220]; [Kegiatan Usaha: -, Kategori: -, KBLI: 49429]; [Kegia...";;;;;OSS - Perorangan;;;invalid;;;FALSE;FALSE;TRUE;;;invalid;;;;;;hansya teknik mandiri;0.884458181;1;1;HANSYA TEKNIK MANDIRI;Jalan Pandu Gang Arjuna;jalan pandu gang arjuna;44;95;hansya teknik mandiri jalan pandu gang arjuna kbli95;1;0;1;0;Aktif;Jalan Pandu Gang Arjuna;0;0;;;NAIK 0702 - 15.15 WITA;6401040003_0_0;-1.8767651;116.1869602;0;0
4333;46876878;GOLDEN ADELIA UTAMA;JL. Ridwan Suwidi Km. 3;6401040003;64;1;40;3;KALIMANTAN TIMUR;PASER;TANAH GROGOT;TEPIAN BATANG;eyJpdiI6ImlLZ0lOODkwbjZtNVBRelg0OFZHeUE9PSIsInZhbHVlIjoicHcyaXN2YnlaV21QZTVkeE8yQkt1dz09IiwibWFjIjoiODZlNGU4NGM5MWJjY2ExNmM2NDdlNzY4YjU4MDg0NmIxOTYzMDlhODVlYTFmZWE4OTYyNjZkYjQ2NTc0ZWNlOCIsInRhZyI6IiJ9;;"[Kegiatan Usaha: -, Kategori: -, KBLI: 43301]; [Kegiatan Usaha: -, Kategori: -, KBLI: 43302]; [Kegia...";;;;;OSS - Perorangan;;;invalid;;;FALSE;FALSE;TRUE;;;invalid;;;;;;golden adelia utama;0.87898274;1;1;GOLDEN ADELIA UTAMA;JL. Ridwan Suwidi Km. 3;jl ridwan suwidi km 3;45;43;golden adelia utama jl ridwan suwidi km 3 kbli43;1;0;1;0;Aktif;JL Ridwan Suwidi Km 3;0;0;;;NAIK 0702 - 15.15 WITA;6401040003_0_0;-1.88242;116.1848879;0;0
4442;48678067;BELLA NOUVAL MANDIRI;Desa Tepian Batang, Rukun Tetangga 010, Kecamatan Tanah Grogot, Kabupaten Paser;6401040003;64;1;40;3;KALIMANTAN TIMUR;PASER;TANAH GROGOT;TEPIAN BATANG;eyJpdiI6IitQZzFuK1BTOUVYcGRGbXRSQ01wd3c9PSIsInZhbHVlIjoidkxKcmdieTVMSGQyRnZDblZHSC9jZz09IiwibWFjIjoiNTEzOTFmZDlmMmViOWRmZmQ2M2NhYTJjMTJiZjE4ZGQ3OWNjOGM1YWI5OGYzMTcyOTkxNzY3OTE0NjZlNmM3NiIsInRhZyI6IiJ9;;"[Kegiatan Usaha: -, Kategori: -, KBLI: 77311]; [Kegiatan Usaha: -, Kategori: -, KBLI: 78300]; [Kegia...";;;;;OSS - Perorangan;;;invalid;;;FALSE;FALSE;TRUE;;;invalid;;;;;;bella nouval mandiri;0.939852625;1;1;BELLA NOUVAL MANDIRI;Desa Tepian Batang, Rukun Tetangga 010, Kecamatan Tanah Grogot, Kabupaten Paser;desa tepian batang rukun tetangga 010 kecamatan tanah grogot kabupaten paser;47;77;bella nouval mandiri desa tepian batang rukun tetangga 010 kecamatan tanah grogot  kbli77;1;0;1;0;Aktif;Desa Tepian Batang Rukun Tetangga 010 Kecamatan Tanah Grogot ;0;0;;;NAIK 0702 - 15.15 WITA;6401040003_0_0;-1.8869889;116.1768334;0;0
4600;48600593;KARINDU;JL RAHMAD GANG AL-FAQIR;6401040003;64;1;40;3;KALIMANTAN TIMUR;PASER;TANAH GROGOT;TEPIAN BATANG;eyJpdiI6IlVEV0dscVZDbVpSMVRrSW9wcHpkdFE9PSIsInZhbHVlIjoiejhUYWxqV2ZJT0NlK3B0REhBWXNEZz09IiwibWFjIjoiMWUzM2VjZmMxMzJjZDc3MjdhNmQwNGY3MjEyNWU3ODhlYTEwOGExNjE4NGVmNzA3ZTc1Y2RkNGVlMzBlMmJmOCIsInRhZyI6IiJ9;;"[Kegiatan Usaha: -, Kategori: -, KBLI: 42101]; [Kegiatan Usaha: -, Kategori: -, KBLI: 42201]; [Kegia...";;;;;OSS - Perorangan;;;invalid;;;FALSE;FALSE;TRUE;;;invalid;;;;;;karindu;0.871422227;1;1;KARINDU;JL RAHMAD GANG AL-FAQIR;jl rahmad gang al faqir;50;42;karindu jl rahmad gang al faqir kbli42;1;0;1;0;Aktif;JL RAHMAD GANG ALFAQIR;0;0;;;NAIK 0702 - 15.15 WITA;6401040003_0_0;-1.8789657;116.1814962;0;0
4620;42739858;MULTI SARI ABADI;Jl. Ulin;6401040003;64;1;40;3;KALIMANTAN TIMUR;PASER;TANAH GROGOT;TEPIAN BATANG;eyJpdiI6InUvMkJjQkFOaURNeTQ1KzM0SWJ3dnc9PSIsInZhbHVlIjoiYXdFajhGZk5SWWhhVElkYWFpNUFJQT09IiwibWFjIjoiYzE5YmJjOWVjODVlM2NiNDlkNjAyYTk5NDU0ZmI5ZGNjMzNhM2MxOTNmNGI2NGNlNzM4YmY0YjdjY2EzYWEyYSIsInRhZyI6IiJ9;;"[Kegiatan Usaha: -, Kategori: -, KBLI: 41011]; [Kegiatan Usaha: -, Kategori: -, KBLI: 41016]; [Kegia...";;;;;OSS - Badan Usaha;;;invalid;;;FALSE;FALSE;TRUE;;;invalid;;;;;;multi sari abadi;0.861520284;1;1;MULTI SARI ABADI;Jl. Ulin;jl ulin;51;41;multi sari abadi jl ulin kbli41;1;0;1;0;Aktif;Jl Ulin;0;0;;;NAIK 0702 - 15.15 WITA;6401040003_0_0;-1.8783318;116.1686011;0;0
4645;44536227;ANITECH PRATAMA MANDIRI;Jl. DI. PANJAITAN KM. 4;6401040003;64;1;40;3;KALIMANTAN TIMUR;PASER;TANAH GROGOT;TEPIAN BATANG;eyJpdiI6IkZHODBFOUY1N2pWZkFlVDVOL2ZqRHc9PSIsInZhbHVlIjoiWVVHWm1mUTFVbXJtNUQwRmJQRk0wQT09IiwibWFjIjoiZWQ4YTMwYzU1MzMwYWJjNTZiYmEwYWRkMzAwNmYyYzBlMTA5Y2RjZGViNjM1NjExMjNmY2NmNDNkYjNkNjkwYyIsInRhZyI6IiJ9;;"[Kegiatan Usaha: -, Kategori: -, KBLI: 68200]; [Kegiatan Usaha: -, Kategori: -, KBLI: 46100]; [Kegia...";;;;;OSS - Perorangan;;;invalid;;;FALSE;FALSE;TRUE;;;invalid;;;;;;anitech pratama mandiri;0.890025205;1;1;ANITECH PRATAMA MANDIRI;Jl. DI. PANJAITAN KM. 4;jl di panjaitan km 4;52;68;anitech pratama mandiri jl di panjaitan km 4 kbli68;1;0;1;0;Aktif;Jl DI PANJAITAN KM 4;0;0;;;NAIK 0702 - 15.15 WITA;6401040003_0_0;-1.8883913;116.1892953;0;0
4730;42740519;RUMAH SAKIT UMUM DAERAH PANGLIMA SEBAYA;Jl. Kusuma Bangsa Km.05;6401040003;64;1;40;3;KALIMANTAN TIMUR;PASER;TANAH GROGOT;TEPIAN BATANG;eyJpdiI6InhiRytSNnRGcE4wZE0zZzhLa2NkbVE9PSIsInZhbHVlIjoicWc4Syt4blhYTlhHeHN2MVpPZ1dydz09IiwibWFjIjoiNmQ0NmM2MzYxZjg0NTNiNDNhZjU4ZjNjZDY1ZTE3NDNjYzIzZjAwNDA1MzUyYzJhNGMxOWVjMDM1NDZmOGQxYSIsInRhZyI6IiJ9;;[Kegiatan Usaha: -, Kategori: -, KBLI: 86101];;;;;OSS - Badan Usaha;;;invalid;;;FALSE;FALSE;TRUE;;;invalid;;;;;;rumah sakit umum daerah panglima sebaya;1;1;1;RUMAH SAKIT UMUM DAERAH PANGLIMA SEBAYA;Jl. Kusuma Bangsa Km.05;jl kusuma bangsa km 05;55;86;rumah sakit umum daerah panglima sebaya jl kusuma bangsa km 05 kbli86;1;0;1;0;Aktif;Jl Kusuma Bangsa Km05;0;0;;;NAIK 0702 - 15.15 WITA;6401040003_0_0;-1.8869889;116.1768334;0;0
4762;58676027;SETYA KARYA NUSANTARA;Jl. DI Panjaitan;6401040003;64;1;40;3;KALIMANTAN TIMUR;PASER;TANAH GROGOT;TEPIAN BATANG;eyJpdiI6InZneENyUkZxU3BCYm9CL08yU21HbGc9PSIsInZhbHVlIjoiN1VlSXB3SjZ1a09aRFJtazNkMUFyUT09IiwibWFjIjoiNTcwYjIyNTFhNTM2ODgwMDg5NmI1ZGIzZjg0ZjVkZmRmMmIzNzU3MzU3YTgwMTg2YzUyZDcyYzhmODRkMzM1ZiIsInRhZyI6IiJ9;;[Kegiatan Usaha: Penyediaan Jasa Boga Periode Tertentu, Kategori: -, KBLI: 56290];;;;;;;;invalid;;;FALSE;FALSE;TRUE;;;invalid;;;;;;setya karya nusantara;0.922895468;1;1;SETYA KARYA NUSANTARA;JL. DI. PANJAITAN;jl di panjaitan;56;56;setya karya nusantara jl di panjaitan kbli56;1;0;1;0;Aktif;Jl DI Panjaitan;0;0;;;NAIK 0702 - 15.15 WITA;6401040003_0_0;-1.8883913;116.1892953;0;0
1683;2840485;JEFFRINDO EKAPUTRA;JL MODANG NO 69 RT.005 RW.003, TANAH GROGOT;6401040004;64;1;40;4;KALIMANTAN TIMUR;PASER;TANAH GROGOT;TANAH GROGOT;eyJpdiI6ImRxdlQxeDh0cUR1UGF4SGVRY2NEdmc9PSIsInZhbHVlIjoiMC9KcjRHbXIzUzJmWE9wY0NYeEk1dz09IiwibWFjIjoiYmQyMGNkMzUyZjk2ZGY5YThkZjNmNDIwNjZlM2M4Y2YxZGM0NGU1ODdlMjQ2MTc5NDY2YTM3OTUxNWJiZTUzOSIsInRhZyI6IiJ9;;[Kegiatan Usaha: -, Kategori: G, KBLI: 46100];;;45791;UMKM;Dir Pajak;;;invalid;;;FALSE;FALSE;FALSE;;;invalid;;;;;;jeffrindo ekaputra;0;0;0;;;jl modang no 69 rt 005 rw 003 tanah grogot;;46;jeffrindo ekaputra jl modang no 69 rt 005 rw 003 tanah grogot kbli46;4;0;1;0;Duplikat;JL MODANG NO 69 RT005 RW003 TANAH GROGOT;5;3;;;NAIK 0702 - 15.15 WITA;6401040004_5_3;-1.91122;116.196126;0;0
2002;3274301;PAPADAAN;JL A YANI RT 02 RW 02;6401040004;64;1;40;4;KALIMANTAN TIMUR;PASER;TANAH GROGOT;TANAH GROGOT;eyJpdiI6InNmdE8yWk5IQ0g5Zmg0cHJaSVk2cnc9PSIsInZhbHVlIjoiN1Q0ajhPR1BleDBuQWFSQ1VHRDhWUT09IiwibWFjIjoiNmQyNjJmODQxOGExMjAwZDZkZjM2ZjRhZWU3OThjYmIyNTUxNzE1ZmQ4NTkzZjQ2YzJiOGMwYjc2YzRhZjQ3MSIsInRhZyI6IiJ9;;[Kegiatan Usaha: -, Kategori: I, KBLI: 56210];;;45962;UMKM;Dir Pajak;;;invalid;;;FALSE;FALSE;FALSE;;;invalid;;;;;;papadaan;0;0;0;;;jl a yani rt 02 rw 02;;56;papadaan jl a yani rt 02 rw 02 kbli56;4;0;1;0;Duplikat;JL A YANI RT 02 RW 02;2;2;;;NAIK 0702 - 15.15 WITA;6401040004_2_2;-1.91708;116.195563;0;0
3811;6055323;PINARA 21 KOS & GUEST HOUSE;JL. S.I. KHALILUDIN, GG NUSA INDAH 1, TANAH GROGOT, RT 011 RW 04;6401040004;64;1;40;4;KALIMANTAN TIMUR;PASER;TANAH GROGOT;TANAH GROGOT;eyJpdiI6ImpwSG9GaUtZZHFqNVBpejlLeW0wSmc9PSIsInZhbHVlIjoiUDRxVElrTjMrZUFhTzlSSVRMOC9qdz09IiwibWFjIjoiYTYyMDQ1MDZlMzQxNzlmYzYyZGE1MTQxNmFlNmJlODJmYTdhYWY5ZGU0YmEyODJhOWUwNTdhMWM1ZWM5NWJiNiIsInRhZyI6IiJ9;;[Kegiatan Usaha: Rumah Kos, Kategori: -, KBLI: -];;;45791;UMKM;;;;invalid;;;FALSE;FALSE;FALSE;;;invalid;;;;;;pinara 21 kos guest house;0;0;0;;;jl s i khaliludin gg nusa indah 1 tanah grogot rt 011 rw 04;;0;pinara 21 kos guest house jl s i khaliludin gg nusa indah 1 tanah grogot rt 011 rw 04 kbli00;4;0;1;0;Duplikat;JL SI KHALILUDIN GG NUSA INDAH 1 TANAH GROGOT RT 011 RW 04;11;4;;;NAIK 0702 - 15.15 WITA;6401040004_11_4;-1.90231;116.191342;0;0
4439;6475855;Toko Emas H. Lukman;RT.05/RW.03;6401040004;64;1;40;4;KALIMANTAN TIMUR;PASER;TANAH GROGOT;TANAH GROGOT;eyJpdiI6IlhDUTB4L2N4aEJVV0RVc20zYUVXb2c9PSIsInZhbHVlIjoiTVZLMUpraVliSkN1U21xZmMvdXNudz09IiwibWFjIjoiN2NkMzM4ZTUyZjAzNjc5NmZlMmRhNGI0NDNmNGM4ZDRiMTA3NDUwNmM4Nzk3Njk0Nzg3NmMzNmU3YzllZDdlYSIsInRhZyI6IiJ9;;[Kegiatan Usaha: Menjual: Perhiasan dan Emas Batangan, Kategori: G, KBLI: -];;;45693;;;;;invalid;;;FALSE;FALSE;FALSE;;;invalid;;;;;;emas h lukman;0;0;0;;;rt 05 rw 03;;0;emas h lukman rt 05 rw 03 kbli00;4;0;1;0;Duplikat;RT05RW03;5;3;;;NAIK 0702 - 15.15 WITA;6401040004_5_3;-1.91122;116.196126;0;0
4561;7483797;Johansyah;Jl. P. Mentri RT.003 RW.004;6401040004;64;1;40;4;KALIMANTAN TIMUR;PASER;TANAH GROGOT;TANAH GROGOT;eyJpdiI6IlhLQjllRldrUUlRcmhPMjIzYXdNS1E9PSIsInZhbHVlIjoiTnpLd2VMTytqM213Y0hURk0rckdOUT09IiwibWFjIjoiMjkxZjcyNGM0NDExMjRjZWJlNjc0ZmY3YzI3YjFhZTZjNzE5M2ZmODA1NmY0OTI4MmIwYTA1MGE0ZmQxNmM2MiIsInRhZyI6IiJ9;;;;;46006;;;;;invalid;;;FALSE;FALSE;FALSE;;;invalid;;;;;;johansyah;0;0;0;;;jl p mentri rt 003 rw 004;;0;johansyah jl p mentri rt 003 rw 004 kbli00;4;0;1;0;Duplikat;Jl P Mentri RT003 RW004;3;4;;;NAIK 0702 - 15.15 WITA;6401040004_3_4;-1.90171;116.189459;0;0
13431;55153019;LOGAM MULIA CELL <FARIZKI HARIAJI>;Kandilo plaza, RT 1/RW 1;6401040004;64;1;40;4;KALIMANTAN TIMUR;PASER;TANAH GROGOT;TANAH GROGOT;eyJpdiI6ImFKL0FuWXNlTkdUVGs0Y0pQd2x3ZHc9PSIsInZhbHVlIjoiVkpFTTd4Yit3Mlh1VkxlMkVUWEJTQT09IiwibWFjIjoiN2JlNjE3N2U1OTVkNTFlNmFjZDQ5MzcyMTU2OTFmZmYxY2ZjNTliODRjM2MwNmY4YzRmODIzN2U3NTRhYzM3YiIsInRhZyI6IiJ9;;[Kegiatan Usaha: Menjual handphone dan spart part handphone, Kategori: G, KBLI: 47414];;;;UMKM;;;;invalid;;;FALSE;FALSE;TRUE;;;invalid;;;;;;logam mulia cell farizki hariaji;0;0;0;;;kandilo plaza rt 1 rw 1;;47;logam mulia cell farizki hariaji kandilo plaza rt 1 rw 1 kbli47;1;0;1;1;Aktif;Kandilo plaza RT 1RW 1;1;1;;;NAIK 0702 - 15.15 WITA;6401040004_1_1;-1.92182;116.201222;0;0
305;153218;RINDANG, PT;Jl. Hos. Cokroaminoto No. 61;6401040004;64;1;40;4;KALIMANTAN TIMUR;PASER;TANAH GROGOT;TANAH GROGOT;eyJpdiI6Ino4MDQxbEN6Z1FmZFc2WWxkOTAyYWc9PSIsInZhbHVlIjoibWRYU1dwTGZ5RTE5dkROajR0aTQ2UT09IiwibWFjIjoiNzM5NzhiMDU4ZjhlMTUxNmYwZWRiZTc0YjRkMTU2MTNiNmUwZjRlNjA4NzYyYzk4ZWU3M2IxOWMxMjA4Mjg4NCIsInRhZyI6IiJ9;;[Kegiatan Usaha: KONSTRUKSI SIPIL, Kategori: F, KBLI: 42101];;;45990;UMKM;;;;invalid;;;FALSE;FALSE;TRUE;;;invalid;;;;;;rindang;1;1;1;RINDANG, PT;JL HOS. COKROAMINOTO NO 61;jl hos cokroaminoto no 61;4;42;rindang jl hos cokroaminoto no 61 kbli42;1;0;0;0;Aktif;Jl Hos Cokroaminoto No 61;0;0;;;NAIK 0702 - 15.15 WITA;6401040004_0_0;-1.9164426;116.1935221;0;0
8189;3046700;RARITA PETRO MAKMUR JAYA;DR. CIPTO MANGUNKUSUMO;6401040004;64;1;40;4;KALIMANTAN TIMUR;PASER;TANAH GROGOT;TANAH GROGOT;eyJpdiI6ImhTNU1hR1ptVjE5OTRpbmZCUC9xb1E9PSIsInZhbHVlIjoiUFowclM2Z09XVWtrSVRFZHRNdlVjQT09IiwibWFjIjoiNGRiZmI2MTllZmI2Mjc0NjAwZTlhMDQ5YmE2ZDA1NzYxMmZhNjU3MmZiOGUxZWQzOWU1Mjc1OTE5ZTg1ZWQwOCIsInRhZyI6IiJ9;;[Kegiatan Usaha: -, Kategori: G, KBLI: 47779];;;46006;UMKM;Dir Pajak;;;invalid;;;FALSE;FALSE;TRUE;;;invalid;;;;;;rarita petro makmur jaya;0.896756063;1;1;RARITA PETRO MAKMUR JAYA;JALAN DR. CIPTO MANGUNKUSUMO NO.41 GANG RAWA SARI;dr cipto mangunkusumo;180;47;rarita petro makmur jaya dr cipto mangunkusumo kbli47;1;0;1;0;Aktif;DR CIPTO MANGUNKUSUMO;0;0;;;NAIK 0702 - 15.15 WITA;6401040004_0_0;-1.9005916;116.1846619;0;0
882;2909546;ANDHIKA LINES;JL KH AGUS SALIM GG SWADAYA NO NO 48 RT.01 RW.05, TANAH GROGOT;6401040004;64;1;40;4;KALIMANTAN TIMUR;PASER;TANAH GROGOT;TANAH GROGOT;eyJpdiI6IkRGdFBtcmdWTlN5UGJTWHhIY2o3TEE9PSIsInZhbHVlIjoiTCtOdnZ3Z0xKakpKS01WSXZHOG5CZz09IiwibWFjIjoiNWJmMGZiMDg0YjRhZTgxN2Y5MGIzNmY0MGY0NDUzMDYwMjIyNzllMDJjOTRjNGJlNzM1OTVhN2YxY2NmODVkOCIsInRhZyI6IiJ9;;[Kegiatan Usaha: JASA ANGKUTAN LAUT, SHIPPING AGENCY, Kategori: H, KBLI: 52297];;;45771;UMKM;Dir Pajak;;;invalid;;;FALSE;FALSE;TRUE;;;invalid;;;;;;andhika lines;0.854548181;1;4;PT ANDIKA LINES;JLN AGUS SALIM GG SWADAYA;jl kh agus salim gg swadaya no no 48 rt 01 rw 05 tanah grogot;11;52;andhika lines jl kh agus salim gg swadaya no no 48 rt 01 rw 05 tanah grogot kbli52;4;0;1;0;Aktif;JL KH AGUS SALIM GG SWADAYA NO NO 48 RT01 RW05 TANAH GROGOT;1;5;;;NAIK 0702 - 15.15 WITA;6401040004_1_5;-1.91499;116.187511;0;0
12218;29426579;SANTOSO;DR. CIPTO MANGUNKUSUMO;6401040004;64;1;40;4;KALIMANTAN TIMUR;PASER;TANAH GROGOT;TANAH GROGOT;eyJpdiI6IlMvT0w2bkthczRkVGV2ZllCUGFQM2c9PSIsInZhbHVlIjoiRUZNMVFsMDRmaVJuVy8zWkN6cWoxZz09IiwibWFjIjoiZTRkNWZhOTFhYTBkOGVhMjQ2ZDJjYTFhYmYxNmFmMWNlNGI2MjkxZTE3Yzc3ZmVmMGJiM2U1YzFhZGEzMjQ4MyIsInRhZyI6IiJ9;;"[Kegiatan Usaha: -, Kategori: -, KBLI: 01131]; [Kegiatan Usaha: -, Kategori: -, KBLI: 47111]; [Kegia...";;;46006;;OSS - Perorangan;;;invalid;;;FALSE;FALSE;TRUE;;;invalid;;;;;;santoso;0.847778446;1;1;MEI DARWIN SIHOMBING;JL. DR. CIPTO MANGUNKUSUMO;dr cipto mangunkusumo;536;1;santoso dr cipto mangunkusumo kbli01;1;0;1;0;Aktif;DR CIPTO MANGUNKUSUMO;0;0;;;NAIK 0702 - 15.15 WITA;6401040004_0_0;-1.9005916;116.1846619;0;0
1071;97335626;SALON DEWI;KANDILO PLAZA;6401040004;64;1;40;4;KALIMANTAN TIMUR;PASER;TANAH GROGOT;TANAH GROGOT;eyJpdiI6IlN1bU1JSmw5WUJTRE1OYjZiRVozaEE9PSIsInZhbHVlIjoicm14R0JpcGR5c1BBT2IxdTJoL0VDZz09IiwibWFjIjoiZTQ4NThiNjc4ODU2YWNjNjM5MmFkZWNlN2E0ZWM2NTdmNGYxZjcwOTIzMzFkNzBmMzI3NDI0YTQzZGJmMTYxMiIsInRhZyI6IiJ9;;[Kegiatan Usaha: SALON KECANTIKAN, Kategori: S, KBLI: 96112];;;45977;UMKM;;;;invalid;;;FALSE;FALSE;TRUE;;;invalid;;;;;;salon dewi;0.857075467;1;1;ANY SALON;KANDILO PLAZA;kandilo plaza;13;96;salon dewi kandilo plaza kbli96;1;0;1;0;Aktif;KANDILO PLAZA;0;0;;;NAIK 0702 - 15.15 WITA;6401040004_0_0;-1.9134543;116.1929204;0;0
1079;97335622;ANY SALON;KANDILO PLAZA;6401040004;64;1;40;4;KALIMANTAN TIMUR;PASER;TANAH GROGOT;TANAH GROGOT;eyJpdiI6IlRlQ1V6MWlxVGNQVkJnTnRtRnNaMUE9PSIsInZhbHVlIjoibFh6ZE5sdTNlbldZc2tqQTZ1dXdFZz09IiwibWFjIjoiNDMyNDNjMDhhODE1N2ExYjMwYWRjOWZmMjNiMWQwNWUxMDI2MGQ5OGYyZWI3NGI3MmRmMGE4ZWY5ZDhmZDg3MCIsInRhZyI6IiJ9;;"[Kegiatan Usaha: -, Kategori: S, KBLI: 96111]; [Kegiatan Usaha: SALON KECANTIKAN, Kategori: S, KBLI:...";;;46006;UMKM;;;;invalid;;;FALSE;FALSE;TRUE;;;invalid;;;;;;any salon;0.857075467;1;4;SALON DEWI;KANDILO PLAZA;kandilo plaza;13;96;any salon kandilo plaza kbli96;4;0;1;0;Aktif;KANDILO PLAZA;0;0;;;NAIK 0702 - 15.15 WITA;6401040004_0_0;-1.9134543;116.1929204;0;0
1209;97335629;TOKO EMAS AIDA;KANDILO PLAZA;6401040004;64;1;40;4;KALIMANTAN TIMUR;PASER;TANAH GROGOT;TANAH GROGOT;eyJpdiI6IlR3ZkdhVlJtVDdoK2YzS01lVWtqN0E9PSIsInZhbHVlIjoiSUpCUlI3SFN6ZDJBMVRYMldHUDRSZz09IiwibWFjIjoiYWU5YTQ4ZGQ0NWZmN2U3MTg0Y2IwOGMyNjNjZGY4ZjVkNTllNjYyOWEwYTE2MDVjMGYwZWMxNDRlMWU1Yjk1ZiIsInRhZyI6IiJ9;;[Kegiatan Usaha: -, Kategori: G, KBLI: 47735];;;46006;UMKM;;;;invalid;;;FALSE;FALSE;TRUE;;;invalid;;;;;;emas aida;0.841868295;1;1;TOKO EMAS H.BUHARI;KANDILO PLAZA;kandilo plaza;14;47;emas aida kandilo plaza kbli47;1;0;1;0;Aktif;KANDILO PLAZA;0;0;;;NAIK 0702 - 15.15 WITA;6401040004_0_0;-1.9134543;116.1929204;0;0
1210;97335663;TOKO EMAS H.BUHARI;KANDILO PLAZA;6401040004;64;1;40;4;KALIMANTAN TIMUR;PASER;TANAH GROGOT;TANAH GROGOT;eyJpdiI6IjRsQytLYlBhREtnaGdWZDFwUlBaMFE9PSIsInZhbHVlIjoiV1ZiZWYzSllGeEVoZTgzUmxaQkdtUT09IiwibWFjIjoiMTNjNWNkYTMzMWM1ZTA1OWFmMjViYTQ0MDY5Mzc5NDUyYThiNjA0NTk4MmE0OGFlZWI0MTNhYWI1ZmE2MTEyYyIsInRhZyI6IiJ9;;[Kegiatan Usaha: -, Kategori: G, KBLI: 47735];;;46006;UMKM;;;;invalid;;;FALSE;FALSE;TRUE;;;invalid;;;;;;emas h buhari;0.841868295;1;4;TOKO EMAS AIDA;KANDILO PLAZA;kandilo plaza;14;47;emas h buhari kandilo plaza kbli47;1;0;1;0;Aktif;KANDILO PLAZA;0;0;;;NAIK 0702 - 15.15 WITA;6401040004_0_0;-1.9134543;116.1929204;0;0
1253;97335627;AMEL SALON 2;KANDILO PLAZA;6401040004;64;1;40;4;KALIMANTAN TIMUR;PASER;TANAH GROGOT;TANAH GROGOT;eyJpdiI6ImordDJBL1E3NkVpU3c4alMveTB5dFE9PSIsInZhbHVlIjoidGZjTHh3eC8rKzBYaDFZYlVJNEczZz09IiwibWFjIjoiZjJiNDQ0YWFmMzJhYzBiNjY2ZmZhMDVjZTVlYzQyZDRiM2M4ZTVjYTAyYmI2OGVkOTM4ODU5YmM3MTZkY2U4OSIsInRhZyI6IiJ9;;[Kegiatan Usaha: -, Kategori: S, KBLI: 96112];;;46006;UMKM;;;;invalid;;;FALSE;FALSE;TRUE;;;invalid;;;;;;amel salon 2;0.992212962;1;1;SALON AMEL;KANDILO PLAZA;kandilo plaza;15;96;amel salon 2 kandilo plaza kbli96;1;0;1;0;Aktif;KANDILO PLAZA;0;0;;;NAIK 0702 - 15.15 WITA;6401040004_0_0;-1.9134543;116.1929204;0;0
1255;97335624;SALON AMEL;KANDILO PLAZA;6401040004;64;1;40;4;KALIMANTAN TIMUR;PASER;TANAH GROGOT;TANAH GROGOT;eyJpdiI6IjBZWGNhdlBXRU9PVmZpZFozdFVCWVE9PSIsInZhbHVlIjoibk9NMGdkQ29rSzY4MXBuajZrUy8yQT09IiwibWFjIjoiYmVkNmE5MDBkNTU5ZjgyMDZhNTQyOWMyMzliMjJlNTZkMzI1YzVjMGNlN2NiODA0NTMyZGQ3NzhjNzZlNmE2ZiIsInRhZyI6IiJ9;;[Kegiatan Usaha: -, Kategori: S, KBLI: 96111];;;46006;UMKM;;;;invalid;;;FALSE;FALSE;TRUE;;;invalid;;;;;;salon amel;0.992212962;1;4;AMEL SALON 2;KANDILO PLAZA;kandilo plaza;15;96;salon amel kandilo plaza kbli96;4;0;1;0;Aktif;KANDILO PLAZA;0;0;;;NAIK 0702 - 15.15 WITA;6401040004_0_0;-1.9134543;116.1929204;0;0
1321;97335628;TOKO SERUMPUN;KANDILO PLAZA;6401040004;64;1;40;4;KALIMANTAN TIMUR;PASER;TANAH GROGOT;TANAH GROGOT;eyJpdiI6InZlcm9aOWVNZjhnZ0ZYeVFoZkI5RGc9PSIsInZhbHVlIjoiclVLaDR4RE4zaGJOMWVhRWV3Q01kdz09IiwibWFjIjoiNDJjMWUyZjI3NjdmMWY2NmQ2M2ZiZWJjMTMyZGM0NjZjOTZlMjkyN2FjMTdjOTk3NWZlZWU5Y2I3NGI4Y2ZhMyIsInRhZyI6IiJ9;;[Kegiatan Usaha: -, Kategori: G, KBLI: 47530];;;46006;UMKM;;;;invalid;;;FALSE;FALSE;TRUE;;;invalid;;;;;;serumpun;0.825484809;1;1;TOKO EIGER;KANDILO PLAZA;kandilo plaza;16;47;serumpun kandilo plaza kbli47;1;0;1;0;Aktif;KANDILO PLAZA;0;0;;;NAIK 0702 - 15.15 WITA;6401040004_0_0;-1.9134543;116.1929204;0;0
1331;97334453;TOKO EIGER;KANDILO PLAZA;6401040004;64;1;40;4;KALIMANTAN TIMUR;PASER;TANAH GROGOT;TANAH GROGOT;eyJpdiI6InQ5TjY4NndxSjBub25LNmlxMGdtNHc9PSIsInZhbHVlIjoicGtDREprN21PODFiVXFCbVNSbTU5Zz09IiwibWFjIjoiNjJmNTk2ZWVkN2U1OTA5MDA5OGM1N2Y0ZTM1NDg0NmE4ZDQ5ODg1MWJmYjcwZTE0MzkyNDJmMDY5ZmQyODZiNCIsInRhZyI6IiJ9;;[Kegiatan Usaha: -, Kategori: G, KBLI: 47711];;;46006;UMKM;;;;invalid;;;FALSE;FALSE;TRUE;;;invalid;;;;;;eiger;0.825484809;1;4;TOKO SERUMPUN;KANDILO PLAZA;kandilo plaza;16;47;eiger kandilo plaza kbli47;4;0;1;0;Aktif;KANDILO PLAZA;0;0;;;NAIK 0702 - 15.15 WITA;6401040004_0_0;-1.9134543;116.1929204;0;0
1483;97335662;TOKO SETIA 2 (H.MUSAHIDA);KANDILO PLAZA;6401040004;64;1;40;4;KALIMANTAN TIMUR;PASER;TANAH GROGOT;TANAH GROGOT;eyJpdiI6Ik5RRkh5YlIzQllGcFZFamFaYVZudWc9PSIsInZhbHVlIjoiUTJ3OFc0S0lzU3doanQxVXNTZ2dvUT09IiwibWFjIjoiNjJjZjRhMTVmZWNlY2RmZDA2NTkyM2JlNTZiOTM0OWRiZGVmZTk4YzIyMDdmNzY3NTE5YTBiYTQyNTA2ZDZmOCIsInRhZyI6IiJ9;;[Kegiatan Usaha: -, Kategori: G, KBLI: 47735];;;46006;UMKM;;;;invalid;;;FALSE;FALSE;TRUE;;;invalid;;;;;;setia 2 h musahida;0.859179348;1;1;TOKO SETIA 1;KANDILO PLAZA;kandilo plaza;17;47;setia 2 h musahida kandilo plaza kbli47;1;0;1;0;Aktif;KANDILO PLAZA;0;0;;;NAIK 0702 - 15.15 WITA;6401040004_0_0;-1.9134543;116.1929204;0;0
1494;97335278;TOKO SETIA 1;KANDILO PLAZA;6401040004;64;1;40;4;KALIMANTAN TIMUR;PASER;TANAH GROGOT;TANAH GROGOT;eyJpdiI6Im5KZit2aGZXT0licGRmVUZMTFMxY3c9PSIsInZhbHVlIjoiL0drUXNxTXMzeWI5YUpJMmthUDhhZz09IiwibWFjIjoiMzBmMmRjNzAyZmM0Yzc1ZTRhYzNmOGM1ZWM0YzE0ODFiNDY0YzE3YjRmMDFjNDQ4NjEzMmQ1MzQ0OTU1NDBiNyIsInRhZyI6IiJ9;;[Kegiatan Usaha: -, Kategori: G, KBLI: 47735];;;46006;UMKM;;;;invalid;;;FALSE;FALSE;TRUE;;;invalid;;;;;;setia 1;0.859179348;1;4;TOKO SETIA 2 (H.MUSAHIDA);KANDILO PLAZA;kandilo plaza;17;47;setia 1 kandilo plaza kbli47;4;0;1;0;Aktif;KANDILO PLAZA;0;0;;;NAIK 0702 - 15.15 WITA;6401040004_0_0;-1.9134543;116.1929204;0;0
1590;97335635;ASYKIN CELL 2;KANDILO PLAZA;6401040004;64;1;40;4;KALIMANTAN TIMUR;PASER;TANAH GROGOT;TANAH GROGOT;eyJpdiI6Ilk0VjhaQi9JNHN4VGduMWMyR0c5QkE9PSIsInZhbHVlIjoicWxGK0ZKSFhVYklmTjZ3QjVVb2hoUT09IiwibWFjIjoiYjQ4MGRkN2ViMGNkNGZhY2QwN2NmZmYzY2RlNDBkNTQ1ZGU5MjQ0NjRkNDc1NzU1NDIwZDk0Njk1NjYyNTE4YiIsInRhZyI6IiJ9;;[Kegiatan Usaha: -, Kategori: G, KBLI: 47774];;;46006;UMKM;;;;invalid;;;FALSE;FALSE;TRUE;;;invalid;;;;;;asykin cell 2;0.900062414;1;1;F CELL 3;KANDILO PLAZA;kandilo plaza;18;47;asykin cell 2 kandilo plaza kbli47;1;0;1;0;Aktif;KANDILO PLAZA;0;0;;;NAIK 0702 - 15.15 WITA;6401040004_0_0;-1.9134543;116.1929204;0;0
1600;97335233;F CELL 3;KANDILO PLAZA;6401040004;64;1;40;4;KALIMANTAN TIMUR;PASER;TANAH GROGOT;TANAH GROGOT;eyJpdiI6InhTYnd5U0FDdVhTOUpsQXcrbUh1Ymc9PSIsInZhbHVlIjoiZnVKSjVkRS9wT1VEcW8wK3pUOHFuUT09IiwibWFjIjoiMzU5Mjg1Y2YzNjg4MTgwNWI1NGM2NzExYmY2ZGMzYzcxNThjMTIxY2EyOWFkZTk4ZDIxZTZkOGMwZGVhMjU3NCIsInRhZyI6IiJ9;;[Kegiatan Usaha: -, Kategori: G, KBLI: 47414];;;46006;UMKM;;;;invalid;;;FALSE;FALSE;TRUE;;;invalid;;;;;;f cell 3;0.900062414;1;4;ASYKIN CELL 2;KANDILO PLAZA;kandilo plaza;18;47;f cell 3 kandilo plaza kbli47;4;0;1;0;Aktif;KANDILO PLAZA;0;0;;;NAIK 0702 - 15.15 WITA;6401040004_0_0;-1.9134543;116.1929204;0;0
3300;97341309;PRAKTEK BIDAN;JALAN ANDEN OKO;6401040004;64;1;40;4;KALIMANTAN TIMUR;PASER;TANAH GROGOT;TANAH GROGOT;eyJpdiI6IlVkZC9YSlZrb3YwYVZrdjVzNW5hWEE9PSIsInZhbHVlIjoiclZhelNOVzd6WGdHd0pCUm45MFdDUT09IiwibWFjIjoiNzZlMmEwNjI0OTBiYWNkMGU2MWM0NTAzMTVjODY4ZWJhMGU1ZWRkYmRmZDRkMDQ5ZWQ5YzFiNjc4ZmQzM2Q0YSIsInRhZyI6IiJ9;;[Kegiatan Usaha: -, Kategori: Q, KBLI: 86901];;;46006;UMKM;;;;invalid;;;FALSE;FALSE;TRUE;;;invalid;;;;;;praktek bidan;0.936656743;1;1;PRAKTEK BIDAN (JAMILAH);JALAN ANDEN OKO;jalan anden oko;33;86;praktek bidan jalan anden oko kbli86;1;0;1;0;Aktif;JALAN ANDEN OKO;0;0;;;NAIK 0702 - 15.15 WITA;6401040004_0_0;-1.9058805;116.1987919;0;0
1965;97334630;TOKO SINAR BARU;KANDILO PLAZA;6401040004;64;1;40;4;KALIMANTAN TIMUR;PASER;TANAH GROGOT;TANAH GROGOT;eyJpdiI6ImRsZDNmK01NaUUxajdENTc1QzV1K2c9PSIsInZhbHVlIjoiSkthUEZDT1A3MDkwVzIyTGlUSVhFUT09IiwibWFjIjoiMGM4NTk1NmRjYjE1NmZlN2IwN2Q5NGU2YWIyNDhkZTcxN2RkMmJmZTQxZTBiZDJkODZlYzA3YmRkNTc3MzBmNiIsInRhZyI6IiJ9;;[Kegiatan Usaha: MENJUAL PERHIASAN, Kategori: G, KBLI: 47735];;;46006;UMKM;;;;invalid;;;FALSE;FALSE;TRUE;;;invalid;;;;;;sinar baru;0.824740978;1;1;TOKO SINAR JAYA;KANDILO PLAZA;kandilo plaza;22;47;sinar baru kandilo plaza kbli47;1;0;1;0;Aktif;KANDILO PLAZA;0;0;;;NAIK 0702 - 15.15 WITA;6401040004_0_0;-1.9134543;116.1929204;0;0
1969;97335297;TOKO SINAR JAYA;KANDILO PLAZA;6401040004;64;1;40;4;KALIMANTAN TIMUR;PASER;TANAH GROGOT;TANAH GROGOT;eyJpdiI6InE2ckk0ZnYxOXFMYzVKUmcyME1UbVE9PSIsInZhbHVlIjoicnBlQm5sTFpERjhjSUtEVUlLRWFxdz09IiwibWFjIjoiYzA5Zjk4ZTc5MzFiODM3OGE1YzI3NDNkMDMxMDBmYjZlZjgzNmI2NTQyMTE2ZWZiMjFhZTIwYmYwZTgwY2E0NSIsInRhZyI6IiJ9;;[Kegiatan Usaha: -, Kategori: G, KBLI: 47592];;;46006;UMKM;;;;invalid;;;FALSE;FALSE;TRUE;;;invalid;;;;;;sinar jaya;0.824740978;1;4;TOKO SINAR BARU;KANDILO PLAZA;kandilo plaza;22;47;sinar jaya kandilo plaza kbli47;4;0;1;0;Aktif;KANDILO PLAZA;0;0;;;NAIK 0702 - 15.15 WITA;6401040004_0_0;-1.9134543;116.1929204;0;0
2101;97334633;TOKO SUMBER ABADI;KANDILO PLAZA;6401040004;64;1;40;4;KALIMANTAN TIMUR;PASER;TANAH GROGOT;TANAH GROGOT;eyJpdiI6IktYMWUxMldqUjhFVU90cmtmSVdnclE9PSIsInZhbHVlIjoiVkNleUZEUld4WGJnYmVhdXpjRERGQT09IiwibWFjIjoiODE2NzYzMzJkZGQ1OGU3MGUyMmVjZjUyNTljYWVlNDU5Mzc3YTMxMTlmMWQzMmJiZmY4NWU2YmE5MDUxNWNhMiIsInRhZyI6IiJ9;;[Kegiatan Usaha: -, Kategori: G, KBLI: 47592];;;46006;UMKM;;;;invalid;;;FALSE;FALSE;TRUE;;;invalid;;;;;;sumber abadi;0.82844808;1;1;TOKO SUMBER JAYA 2;KANDILO PLAZA;kandilo plaza;23;47;sumber abadi kandilo plaza kbli47;1;0;1;0;Aktif;KANDILO PLAZA;0;0;;;NAIK 0702 - 15.15 WITA;6401040004_0_0;-1.9134543;116.1929204;0;0
2111;97335449;TOKO SUMBER JAYA 2;KANDILO PLAZA;6401040004;64;1;40;4;KALIMANTAN TIMUR;PASER;TANAH GROGOT;TANAH GROGOT;eyJpdiI6Ill1ZGkxYWlWMzZZblB5NHBBZzl4YWc9PSIsInZhbHVlIjoiQnEvdmhaOVpQZCs4NnV2bmtPTWZaQT09IiwibWFjIjoiYzRkY2NhNjI0NTFmNDNkYzU2NWQ0YzcyMGRiN2ZmZmEyN2ViYzc1ZmFlZDc2YTQyZWFmZTdmOWZkM2ZlNTE5NCIsInRhZyI6IiJ9;;[Kegiatan Usaha: -, Kategori: G, KBLI: 47735];;;46006;UMKM;;;;invalid;;;FALSE;FALSE;TRUE;;;invalid;;;;;;sumber jaya 2;0.82844808;1;4;TOKO SUMBER ABADI;KANDILO PLAZA;kandilo plaza;23;47;sumber jaya 2 kandilo plaza kbli47;4;0;1;0;Aktif;KANDILO PLAZA;0;0;;;NAIK 0702 - 15.15 WITA;6401040004_0_0;-1.9134543;116.1929204;0;0
8546;3561933;HASMI LINTAS NUSANTARA;JALAN ANDEN OKO;6401040004;64;1;40;4;KALIMANTAN TIMUR;PASER;TANAH GROGOT;TANAH GROGOT;eyJpdiI6InlRMEhrc1pFRDVaVUFWNWhFb2FSdVE9PSIsInZhbHVlIjoidXJUMWpGS0p0cGs3K3VjSHdjamJEQT09IiwibWFjIjoiMWE1MTUzMTZkZDNkNzViYzg5NmExMTk4ZjU5ZjY0MzhlN2JjMzliYTY5YTUwNzBkOTA0ZGEwNWVmY2QyMDRiZSIsInRhZyI6IiJ9;;[Kegiatan Usaha: -, Kategori: G, KBLI: 46100];;;46006;UMKM;Dir Pajak;;;invalid;;;FALSE;FALSE;TRUE;;;invalid;;;;;;hasmi lintas nusantara;0.879075302;1;1;HASMI LINTAS NUSANTARA, PT;JL ANDEN OKO NO 51;jalan anden oko;194;46;hasmi lintas nusantara jalan anden oko kbli46;1;0;1;0;Aktif;JALAN ANDEN OKO;0;0;;;NAIK 0702 - 15.15 WITA;6401040004_0_0;-1.9058805;116.1987919;0;0
2352;97341237;KONTRAKAN RUMAH;JALAN AHMAD YANI;6401040004;64;1;40;4;KALIMANTAN TIMUR;PASER;TANAH GROGOT;TANAH GROGOT;eyJpdiI6Ikl2MzFMM1Q3b2VwWlZZWG8yWlhpVWc9PSIsInZhbHVlIjoiVXRLSjBWQXNaS0tXcVk5Zy9kYlBRdz09IiwibWFjIjoiMjhmNzFjYWM5ZGJmY2VmYWRhNjhhN2E1NWRmZTYxODY3ZjVhYzA2NDVjOGVmNzUzMmJkMDI3ZWIxZWRlNzNiYyIsInRhZyI6IiJ9;;[Kegiatan Usaha: -, Kategori: L, KBLI: 68111];;;46006;UMKM;;;;invalid;;;FALSE;FALSE;TRUE;;;invalid;;;;;;kontrakan rumah;0.886655051;1;1;KONTRAKAN TOKO <JANURI>;JALAN AHMAD YANI;jalan ahmad yani;25;68;kontrakan rumah jalan ahmad yani kbli68;1;0;1;0;Aktif;JALAN AHMAD YANI;0;0;;;NAIK 0702 - 15.15 WITA;6401040004_0_0;-1.9059806;116.1948311;0;0
2387;5814977;KONTRAKAN TOKO <JANURI>;JALAN AHMAD YANI;6401040004;64;1;40;4;KALIMANTAN TIMUR;PASER;TANAH GROGOT;TANAH GROGOT;eyJpdiI6IjBMVHdPL1FjTFZJb2M1RDdkTXRYTUE9PSIsInZhbHVlIjoianhPSVpnbUtad0VLMmo2S2JRK3Zkdz09IiwibWFjIjoiN2YxMWU4Mzg1ZWE4YmNkYjU3YzcyMDgwOTU5ZWFlNzY4ODhmYjk2MDc3OWYxMjBjM2JlODM5NjJkNzQ0YjcxZSIsInRhZyI6IiJ9;;[Kegiatan Usaha: USAHA SEWA TOKO, Kategori: L, KBLI: 68111];;;46006;UMKM;;;;invalid;;;FALSE;FALSE;TRUE;;;invalid;;;;;;kontrakan januri;0.886655051;1;4;KONTRAKAN RUMAH;JALAN AHMAD YANI;jalan ahmad yani;25;68;kontrakan januri jalan ahmad yani kbli68;1;0;1;1;Aktif;JALAN AHMAD YANI;0;0;;;NAIK 0702 - 15.15 WITA;6401040004_0_0;-1.9059806;116.1948311;0;0
2485;97341244;INDOMARET;JALAN RA KARTINI;6401040004;64;1;40;4;KALIMANTAN TIMUR;PASER;TANAH GROGOT;TANAH GROGOT;eyJpdiI6IlBWWmVjZ1dLNzF0dW9zVTZ4MyswNUE9PSIsInZhbHVlIjoiYkwzdWQ1WjYzZk9uM3Z3VURhTGU2dz09IiwibWFjIjoiZjQzZTg0YWJkZDgyZmJkZmY0ZjU4NGQ0ODM2YTY4ODI3MDI0Mzc5ODZjOTIxYTA5YWVjOTU3ZGYyMmY0MWQ2NSIsInRhZyI6IiJ9;;"[Kegiatan Usaha: MENJUAL SEMBAKO, Kategori: G, KBLI: 47111]; [Kegiatan Usaha: Menjual sembako dan ke...";;;46012;UMKM;;;;invalid;;;FALSE;FALSE;TRUE;;;invalid;;;;;;indomaret;0.829739694;1;1;INDOMARET;JALAN MODANG;jalan ra kartini;26;47;indomaret jalan ra kartini kbli47;1;0;1;0;Aktif;JALAN RA KARTINI;0;0;;;NAIK 0702 - 15.15 WITA;6401040004_0_0;-1.908559;116.194651;0;0
2728;97341231;WIRA LAUT, CV;JALAN AHMAD YANI GANG PADAT KARYA;6401040004;64;1;40;4;KALIMANTAN TIMUR;PASER;TANAH GROGOT;TANAH GROGOT;eyJpdiI6IlBqZURJWis1TWs1Vk96UE9XWS9YSkE9PSIsInZhbHVlIjoiY2pDVnBmUFFHN29OcFQvV2prYW01Zz09IiwibWFjIjoiNDBkNWNlMTc1MjNiMGY4ZjdmMTZhZDhlYWMzYWIxMjNmMzI3OTM3ZDI2ODRjODUxMGIxOWZhZDJlOGMwZDI1YyIsInRhZyI6IiJ9;;[Kegiatan Usaha: -, Kategori: F, KBLI: 43905];;;46006;UMKM;;;;invalid;;;FALSE;FALSE;TRUE;;;invalid;;;;;;wira laut;0.972162653;1;1;WIRA LAUT, CV;JL AHMAD YANI GANG PADAT KARYA;jalan ahmad yani gang padat karya;28;43;wira laut jalan ahmad yani gang padat karya kbli43;1;0;1;0;Aktif;JALAN AHMAD YANI GANG PADAT KARYA;0;0;;;NAIK 0702 - 15.15 WITA;6401040004_0_0;-1.9059806;116.1948311;0;0
8863;3896178;MITRA PERKASA;JALAN ANDEN OKO;6401040004;64;1;40;4;KALIMANTAN TIMUR;PASER;TANAH GROGOT;TANAH GROGOT;eyJpdiI6ImE2bTZTdngwN2sxbDR3MGViNy9jNkE9PSIsInZhbHVlIjoiVXJYeUQ0TFVUMTk2c2FDNkdaTjJ3UT09IiwibWFjIjoiOTEwOTRhMGNkMTY2MmQ1MjZkMTRjMDY3NmI1ZmJjYTdjZjQ0MzRmYzg3YzkwMmI0YTA3MGYzZmI5ZjU4NmFkZCIsInRhZyI6IiJ9;;[Kegiatan Usaha: -, Kategori: G, KBLI: 46100];;;46006;UMKM;Dir Pajak;;;invalid;;;FALSE;FALSE;TRUE;;;invalid;;;;;;mitra perkasa;0.834210352;1;1;MITRA PERKASA, CV;JL ANDEN OKO, TANAH GROGOT;jalan anden oko;210;46;mitra perkasa jalan anden oko kbli46;1;0;1;0;Aktif;JALAN ANDEN OKO;0;0;;;NAIK 0702 - 15.15 WITA;6401040004_0_0;-1.9058805;116.1987919;0;0
3029;97341266;TUNAS LANCAR KARYA.CV;JL RA KARTINI;6401040004;64;1;40;4;KALIMANTAN TIMUR;PASER;TANAH GROGOT;TANAH GROGOT;eyJpdiI6InR4YTBBSlR2SmdTejN6SkdpMXdHSEE9PSIsInZhbHVlIjoiOXNCeDV2cWZiUDljVzVYcTdWNlUzUT09IiwibWFjIjoiYzQ3MjE3Mzc4ODc2NjMxNmIwZjA2NmY4YWQ3OGNiM2UyYjhkODY0OGRhNjVhMjIyMTZkOWRhY2ZmNGJmZTFjNCIsInRhZyI6IiJ9;;[Kegiatan Usaha: -, Kategori: G, KBLI: 46634];;;46006;UMKM;;;;invalid;;;FALSE;FALSE;TRUE;;;invalid;;;;;;tunas lancar karya;0.986202026;1;1;TUNAS KARYA LANCAR;JL RA. KARTINI NO 42;jl ra kartini;31;46;tunas lancar karya jl ra kartini kbli46;1;0;1;0;Aktif;JL RA KARTINI;0;0;;;NAIK 0702 - 15.15 WITA;6401040004_0_0;-1.908559;116.194651;0;0
7941;3024324;WAHYIR ABADI;JALAN ANDEN OKO GG HIJRAH;6401040004;64;1;40;4;KALIMANTAN TIMUR;PASER;TANAH GROGOT;TANAH GROGOT;eyJpdiI6InZKemJuMUM3LzdKcE56cmVDYm5rdnc9PSIsInZhbHVlIjoialVDOC8xSlltUTBLRzlZRldkTW9hZz09IiwibWFjIjoiZjcwNmM2YmY3OWM0MjQ2YTFjNjUzMjU3MWE2MWYwYmZkNjBjODBmMzhlOWVlZWUyYzVmNDZmNGM3ZTIyZTE1YiIsInRhZyI6IiJ9;;[Kegiatan Usaha: -, Kategori: G, KBLI: 46100];;;46006;UMKM;Dir Pajak;;;invalid;;;FALSE;FALSE;TRUE;;;invalid;;;;;;wahyir abadi;0.823846711;1;1;WAHYIR ABADI, CV;JL ANDEN OKO GG. HIJRAH NO 1;jalan anden oko gg hijrah;169;46;wahyir abadi jalan anden oko gg hijrah kbli46;1;0;1;0;Aktif;JALAN ANDEN OKO GG HIJRAH;0;0;;;NAIK 0702 - 15.15 WITA;6401040004_0_0;-1.9058805;116.1987919;0;0
3498;97341256;INDONESIA BARU, CV;JL. RA. KARTINI;6401040004;64;1;40;4;KALIMANTAN TIMUR;PASER;TANAH GROGOT;TANAH GROGOT;eyJpdiI6IldRd25qdTl6Q3VIYnZmUS81bDJLZXc9PSIsInZhbHVlIjoiZlcwbE56QVA1N1BJTS9CcHQrVzdoUT09IiwibWFjIjoiYjVhYTM5MjFlNTVhNDRiZjA4MmMxM2IwYjk2OTQ1ZjAyOGNhOWI2OGYxYzQ4YzU2MjVmNDhmMjc5Yjk3ODIxMCIsInRhZyI6IiJ9;;[Kegiatan Usaha: -, Kategori: F, KBLI: 42101];;;46006;UMKM;;;;invalid;;;FALSE;FALSE;TRUE;;;invalid;;;;;;indonesia baru;1;1;1;INDONESIA BARU, CV;JL RA. KARTINI;jl ra kartini;34;42;indonesia baru jl ra kartini kbli42;1;0;1;0;Aktif;JL RA KARTINI;0;0;;;NAIK 0702 - 15.15 WITA;6401040004_0_0;-1.908559;116.194651;0;0
3793;97341268;APOTEK YASFIN FARMA;JL RA KARTINI;6401040004;64;1;40;4;KALIMANTAN TIMUR;PASER;TANAH GROGOT;TANAH GROGOT;eyJpdiI6ImNxbDUrWGV5WDE5R2pqTGJCejdBTkE9PSIsInZhbHVlIjoiZE1ta1FteVBXaC9nZFFJak1KWTlLZz09IiwibWFjIjoiYWQ4Yjc3NDNmMjYyZTk4YTQ3ZDdjMmVmYzExZTQyOTFmZjAwMjFhMzQ3NTFiMGNlNTk1ZTAwMjE5OTFiN2YyOSIsInRhZyI6IiJ9;;[Kegiatan Usaha: -, Kategori: G, KBLI: 47721];;;45688;UMKM;;;;invalid;;;FALSE;FALSE;TRUE;;;invalid;;;;;;apotek yasfin farma;0.903535337;1;1;Apotek Yasyfin Farma;JL. RA. KARTINI NO.1 RT.008 RW.004;jl ra kartini;36;47;apotek yasfin farma jl ra kartini kbli47;1;0;1;0;Aktif;JL RA KARTINI;0;0;;;NAIK 0702 - 15.15 WITA;6401040004_0_0;-1.908559;116.194651;0;0
12773;30943823;NUR ABADI;JALAN BHAYANGKARA;6401040004;64;1;40;4;KALIMANTAN TIMUR;PASER;TANAH GROGOT;TANAH GROGOT;eyJpdiI6Im1aYXRKNjg0KzdJb2NEc3VPMlBUTGc9PSIsInZhbHVlIjoiMzVvaWdpampIRFdhaVhFSTZlckNIdz09IiwibWFjIjoiMTU3MDc0NzI0Mjk0ZjdjMDg2MjFiMmNkNTc3YjZkYjkxOGIxZmZkMzU5MThhZDNmYjI3OTlhODE5MWI5NzUyNiIsInRhZyI6IiJ9;;[Kegiatan Usaha: -, Kategori: -, KBLI: 47882];;;46006;;OSS - Perorangan;;;invalid;;;FALSE;FALSE;TRUE;;;invalid;;;;;;nur abadi;0.876601363;1;1;USMAN;JL. BHAYANGKARA GG. ABADI;jalan bhayangkara;582;47;nur abadi jalan bhayangkara kbli47;1;0;1;0;Aktif;JALAN BHAYANGKARA;0;0;;;NAIK 0702 - 15.15 WITA;6401040004_0_0;-1.915646;116.19684;0;0
3942;97341150;PERSEWAAN RUMAH (NGATIJO);JL.RA.KARTINI GANG CITRA;6401040004;64;1;40;4;KALIMANTAN TIMUR;PASER;TANAH GROGOT;TANAH GROGOT;eyJpdiI6InF5Y3lQQ29GSlljWWxYUXl1aDFNdlE9PSIsInZhbHVlIjoiWVQ4QW15TEVrdjNhREJ2aFB3UzRXQT09IiwibWFjIjoiM2ZiYzU1YmJhMmI0NjMxMTU5ZGQyYzU4YjFmZDIyOTJhOGI2Y2RmNmViZDc0MGQwOGJkYzYxNTdhZGNlNzFkZiIsInRhZyI6IiJ9;;[Kegiatan Usaha: -, Kategori: L, KBLI: 68111];;;46006;UMKM;;;;invalid;;;FALSE;FALSE;TRUE;;;invalid;;;;;;persewaan rumah ngatijo;0.943092127;1;1;PERSEWAAN RUMAH(YOHANES);JL RA KARTINI GANG CITRA;jl ra kartini gang citra;38;68;persewaan rumah ngatijo jl ra kartini gang citra kbli68;1;0;1;0;Aktif;JLRAKARTINI GANG CITRA;0;0;;;NAIK 0702 - 15.15 WITA;6401040004_0_0;-1.908559;116.194651;0;0
3998;97341152;PERSEWAAN RUMAH<AMANO>;JL RA KARTINI GANG PALAM;6401040004;64;1;40;4;KALIMANTAN TIMUR;PASER;TANAH GROGOT;TANAH GROGOT;eyJpdiI6Ik1ta3NQaVM2L21DVHRoTU1qbkhMdVE9PSIsInZhbHVlIjoiWXFjUndLUno3WWw3UUJCMHZLMmFEQT09IiwibWFjIjoiZTliYzE4NzQ5YzlhNzI1NjM0OWY0OTFhNGZlMzEzOGViNzcxNmM2OThmMTc2ZWFmYzZmNzNjNTQ5ODkzZGQ0YiIsInRhZyI6IiJ9;;[Kegiatan Usaha: PENYEWAAN RUMAH, Kategori: L, KBLI: 68111];;;46006;UMKM;;;;invalid;;;FALSE;FALSE;TRUE;;;invalid;;;;;;persewaan rumah amano;0.853373431;1;1;PERSEWAAN RUMAH ALI;JALAN RA KARTINI;jl ra kartini gang palam;39;68;persewaan rumah amano jl ra kartini gang palam kbli68;1;0;1;1;Aktif;JL RA KARTINI GANG PALAM;0;0;;;NAIK 0702 - 15.15 WITA;6401040004_0_0;-1.908559;116.194651;0;0
14560;46694813;PERMATA INTAN ALMAHYRA;Jalan Bhayangkara;6401040004;64;1;40;4;KALIMANTAN TIMUR;PASER;TANAH GROGOT;TANAH GROGOT;eyJpdiI6Ikw5N0JidG9ETjBKZ2xFcllVdFh0U0E9PSIsInZhbHVlIjoiNzVLYnhaSkw0MEh6U1JVN1VKWnlUUT09IiwibWFjIjoiOGY2NzJhYzRhZjg4OTY3ZjRmNmNlNzMxMTk0NWRjYzhjMGM5NjkyMTcyYTU5ZWFjNmMxNDQyMjMzZmVhZTkwNiIsInRhZyI6IiJ9;;"[Kegiatan Usaha: -, Kategori: -, KBLI: 42101]; [Kegiatan Usaha: -, Kategori: -, KBLI: 42102]; [Kegia...";;;;;OSS - Perorangan;;;invalid;;;FALSE;FALSE;TRUE;;;invalid;;;;;;permata intan almahyra;0.939215411;1;1;PERMATA INTAN ALMAHYRA;Jalan Bhayangkara;jalan bhayangkara;727;42;permata intan almahyra jalan bhayangkara kbli42;1;0;1;0;Aktif;Jalan Bhayangkara;0;0;;;NAIK 0702 - 15.15 WITA;6401040004_0_0;-1.915646;116.19684;0;0
4127;97337744;SD NEGERI 003 TANAH GROGOT;JL SULTAN HASANUDIN;6401040004;64;1;40;4;KALIMANTAN TIMUR;PASER;TANAH GROGOT;TANAH GROGOT;eyJpdiI6InhhcXU3Ulo2OVAzZDZPRVpaVEJvQ1E9PSIsInZhbHVlIjoialQ5U1ZTbVh3Uk0zcmY0VEdhVDhWZz09IiwibWFjIjoiZTlmMzRhZGFjOWFlOGFkMTFmYzdmMzVmMjkyODUxZGI3ZjAyMDBjZWY5ZDAxODg2ZjdhOGVmYjU1Y2JkYTU5NyIsInRhZyI6IiJ9;;[Kegiatan Usaha: BELAJAR MENGAJAR, Kategori: P, KBLI: 85111];;;45835;UMKM;;;;invalid;;;FALSE;FALSE;TRUE;;;invalid;;;;;;sd negeri 003 tanah grogot;0.918503319;1;1;SD NEGERI 012 TANAH GROGOT;Jl. Sultan Hasanudin Rt 7 Rw 1;jl sultan hasanudin;41;85;sd negeri 003 tanah grogot jl sultan hasanudin kbli85;1;0;1;0;Aktif;JL SULTAN HASANUDIN;0;0;;;NAIK 0702 - 15.15 WITA;6401040004_0_0;-1.91842;116.1961978;0;0
4128;97337542;SD NEGERI 012 TANAH GROGOT;Jl. Sultan Hasanudin Rt 7 Rw 1;6401040004;64;1;40;4;KALIMANTAN TIMUR;PASER;TANAH GROGOT;TANAH GROGOT;eyJpdiI6InNXK1R0UlNibHMydVdpV1c5L2tpVnc9PSIsInZhbHVlIjoiVGQxL0hFV0YrdW9mR3U3dFlrM2JPZz09IiwibWFjIjoiODk5MTVjMDBhZWY5NjUwNzcxMGE2NmU1YTc4ODAwMzg2MWQyNjFiODlmMmNhMGVhYzc5Y2Q3MDVjM2RmYTVlNiIsInRhZyI6IiJ9;;[Kegiatan Usaha: -, Kategori: P, KBLI: 85111];;;45835;UMKM;;;;invalid;;;FALSE;FALSE;TRUE;;;invalid;;;;;;sd negeri 012 tanah grogot;0.918503319;1;4;SD NEGERI 003 TANAH GROGOT;JL SULTAN HASANUDIN;jl sultan hasanudin rt 7 rw 1;41;85;sd negeri 012 tanah grogot jl sultan hasanudin rt 7 rw 1 kbli85;4;0;1;0;Aktif;Jl Sultan Hasanudin Rt 7 Rw 1;7;1;;;NAIK 0702 - 15.15 WITA;6401040004_7_1;-1.91538;116.199092;0;0
14063;43512689;HAKA MANDIRI UTAMA;Jalan Bhayangkara Gang Abadi;6401040004;64;1;40;4;KALIMANTAN TIMUR;PASER;TANAH GROGOT;TANAH GROGOT;eyJpdiI6IkU1dUFRc0dzc0U5cmpBVFRWK0VGWmc9PSIsInZhbHVlIjoibGFCZmpvZ0JiSURnRnlpT3ExL2ROQT09IiwibWFjIjoiMzhiYTJmMTEzNWIzNzAzOWVhZTZjMjczMTRhMTFiYmVkYzJhNTRmY2RkYjgzYmE0N2U1NDg5Y2ExNzY4ODA4MSIsInRhZyI6IiJ9;;"[Kegiatan Usaha: -, Kategori: -, KBLI: 42101]; [Kegiatan Usaha: -, Kategori: -, KBLI: 41019]; [Kegia...";;;;;OSS - Perorangan;;;invalid;;;FALSE;FALSE;TRUE;;;invalid;;;;;;haka mandiri utama;0.867229085;1;1;WIZ KARYA MANDIRI;Jalan Bhayangkara Gang Abadi;jalan bhayangkara gang abadi;687;42;haka mandiri utama jalan bhayangkara gang abadi kbli42;1;0;1;0;Aktif;Jalan Bhayangkara Gang Abadi;0;0;;;NAIK 0702 - 15.15 WITA;6401040004_0_0;-1.915646;116.19684;0;0
4171;97341349;TAMBORA, CV;JALAN DI PANJAITAN;6401040004;64;1;40;4;KALIMANTAN TIMUR;PASER;TANAH GROGOT;TANAH GROGOT;eyJpdiI6ImJmYVhvYnM3aFR0aTZJek52d2NiVEE9PSIsInZhbHVlIjoiRnFZZ3ZKLzBXbTVNc0UxTk1tSjZzZz09IiwibWFjIjoiY2ZhOTE4ZjI1ZjljZmRhMjU0M2Y2YTk4MTMyZmI5MjUzYjkyOGY5YzE4NmYxYzdlYWIwOWM1MzlhNDExMDFjZiIsInRhZyI6IiJ9;;[Kegiatan Usaha: -, Kategori: F, KBLI: 41012];;;46012;UMKM;;;;invalid;;;FALSE;FALSE;TRUE;;;invalid;;;;;;tambora;0.954516674;1;1;TAMBORA, CV;JL DI PANJAITAN;jalan di panjaitan;42;41;tambora jalan di panjaitan kbli41;1;0;1;0;Aktif;JALAN DI PANJAITAN;0;0;;;NAIK 0702 - 15.15 WITA;6401040004_0_0;-1.8883967;116.1918702;0;0
7552;2809245;GYBRAN UTAMA;JALAN DI PANJAITAN;6401040004;64;1;40;4;KALIMANTAN TIMUR;PASER;TANAH GROGOT;TANAH GROGOT;eyJpdiI6Im9ERDBpeUxaOGFET2JQcFBldHcxenc9PSIsInZhbHVlIjoiRkg3elB3ei9DRzAraHI2OGtyemhNQT09IiwibWFjIjoiNzE5M2VlOGM4NTZlMDEzNTUyY2E3ZWVmODdjMDRkOGVmNmM4ZWEyNDgwMzIwYmViZjI4NzVhYWNiMDQ3ZGRhMCIsInRhZyI6IiJ9;;[Kegiatan Usaha: -, Kategori: G, KBLI: 46100];;;46006;UMKM;Dir Pajak;;;invalid;;;FALSE;FALSE;TRUE;;;invalid;;;;;;gybran utama;0.902441172;1;1;VEGA UTAMA;Jalan D.I. Panjaitan;jalan di panjaitan;156;46;gybran utama jalan di panjaitan kbli46;1;0;1;0;Aktif;JALAN DI PANJAITAN;0;0;;;NAIK 0702 - 15.15 WITA;6401040004_0_0;-1.8883967;116.1918702;0;0
4285;3346405;APRILLA;JL. R. SUPRAPTO RT015 RW.006;6401040004;64;1;40;4;KALIMANTAN TIMUR;PASER;TANAH GROGOT;TANAH GROGOT;eyJpdiI6ImRkUzlWcHR1MkhYaGFBVXNCeE8rUmc9PSIsInZhbHVlIjoiOTY0emk5a2dGM3VQTHpDaDl6YUJzZz09IiwibWFjIjoiZmI5MDYzODZlNDQ0MTBlNDA4ZWIwMzkzMzEyMmI5NTQ2NGIyMmZhOTdlZDUzZGY0MzA1M2UyOWE5YjU2NTk4ZCIsInRhZyI6IiJ9;;[Kegiatan Usaha: -, Kategori: F, KBLI: 42918];;;46006;UMKM;Dir Pajak;;;invalid;;;FALSE;FALSE;TRUE;;;invalid;;;;;;aprilla;0.880023923;1;4;APRILLA, CV;JALAN R SUPRAPTO;jl r suprapto rt015 rw 006;44;42;aprilla jl r suprapto rt015 rw 006 kbli42;4;0;1;0;Aktif;JL R SUPRAPTO RT015 RW006;15;6;;;NAIK 0702 - 15.15 WITA;6401040004_15_6;-1.90753;116.198644;0;0
4345;97341379;MEDIA ENGINEERING CONSULTANT;Jl. Sultan Ibrahim Khaliluddin No. 72;6401040004;64;1;40;4;KALIMANTAN TIMUR;PASER;TANAH GROGOT;TANAH GROGOT;eyJpdiI6Imszd1dxL0N4c1dMZG05aTlHRVI5S2c9PSIsInZhbHVlIjoibFd6K3c4ZWZSRG5leFBCRVVxSkUzQT09IiwibWFjIjoiYjlkMGMzM2MwNzVjYWYxODViNDNiMGRjNWY1MWJlOGJhNWMxZmNlMTkzN2IzN2ExYTE2Y2Y4MmU1YzAzZjQyMSIsInRhZyI6IiJ9;;[Kegiatan Usaha: KONSTRUKSI JALAN, Kategori: F, KBLI: 42101];;;45664;UMKM;;;;invalid;;;FALSE;FALSE;TRUE;;;invalid;;;;;;media engineering consultant;0.874101206;1;1;MEDIA ENGINEERING CONSULTANT;JL SULTAN KHALILUDDIN GG KITA;jl sultan ibrahim khaliluddin no 72;46;42;media engineering consultant jl sultan ibrahim khaliluddin no 72 kbli42;1;0;1;0;Aktif;Jl Sultan Ibrahim Khaliluddin No 72;0;0;;;NAIK 0702 - 15.15 WITA;6401040004_0_0;-1.9049526;116.1910421;0;0
9960;5373437;WARUNG SEMBAKO <ISKANDAR>;JALAN DI PANJAITAN;6401040004;64;1;40;4;KALIMANTAN TIMUR;PASER;TANAH GROGOT;TANAH GROGOT;eyJpdiI6InZZSkI2ejl5T3VtejlaUXdwakRZOWc9PSIsInZhbHVlIjoicTRRTlFBVHZsa1pKTHdSZmhvZzl0Zz09IiwibWFjIjoiYmM2Y2E0OTZjYTliNzgyOWNlZDMxNTI4NDUzNzViODNjNDI5YzhjNTdkN2Y4MWY4NTE2ZjY1NjEwMzA5OWQyZSIsInRhZyI6IiJ9;;[Kegiatan Usaha: MENJUAL SEMBAKO, Kategori: G, KBLI: 47112];;;46006;UMKM;;;;invalid;;;FALSE;FALSE;TRUE;;;invalid;;;;;;sembako iskandar;0.826288896;1;1;TOKO SEMBAKO;JALAN DI PANJAITAN;jalan di panjaitan;261;47;sembako iskandar jalan di panjaitan kbli47;1;0;1;1;Aktif;JALAN DI PANJAITAN;0;0;;;NAIK 0702 - 15.15 WITA;6401040004_0_0;-1.8883967;116.1918702;0;0
12175;25723400;FIRMAN SINING;Jalan D.I. Panjaitan;6401040004;64;1;40;4;KALIMANTAN TIMUR;PASER;TANAH GROGOT;TANAH GROGOT;eyJpdiI6IkhLd0xDTUx0YUxpU25weUxyQjY0Snc9PSIsInZhbHVlIjoibUdGSnd4U00zQ0VVMDBrbDFQU0JmQT09IiwibWFjIjoiYTYyMGRkZWJmM2U3NTY0MDg2OTYzODA4NmEzNWRmMGJmZGEzZTQ4MGRkZTVjZjlmZTQwNzcyYjg2YWE5MjcyMiIsInRhZyI6IiJ9;;"[Kegiatan Usaha: Perkebunan Buah Kelapa Sawit, Kategori: , KBLI: 01262]; [Kegiatan Usaha: -, Kategor...";;;45985;;OSS - Perorangan;;;invalid;;;FALSE;FALSE;TRUE;;;invalid;;;;;;firman sining;0.883640701;1;1;FIRMAN;JL. D.I. PANJAITAN;jalan d i panjaitan;533;1;firman sining jalan d i panjaitan kbli01;1;0;1;0;Aktif;Jalan DI Panjaitan;0;0;;;NAIK 0702 - 15.15 WITA;6401040004_0_0;-1.8883967;116.1918702;0;0
4574;4164024;PASER MAHAKAM;JL.LAMBUNG MANGKURAT RT.2 RW.3, TANAH GROGOT;6401040004;64;1;40;4;KALIMANTAN TIMUR;PASER;TANAH GROGOT;TANAH GROGOT;eyJpdiI6IktQcUZnZm94REtRZEVxUDhmUFdjdHc9PSIsInZhbHVlIjoibTc0YTIyL2IwZ2l3V3NmZlA4V2gvZz09IiwibWFjIjoiZTFkNGRjODliNzc1YjNiMDA2ZjMwNmE3NTRlZjk0ZDdkYjVkMTg1ODI1MDBhYjMyNmEyZTQxNTEwNjA4Yjc1ZSIsInRhZyI6IiJ9;;[Kegiatan Usaha: -, Kategori: G, KBLI: 46100];;;46006;UMKM;Dir Pajak;;;invalid;;;FALSE;FALSE;TRUE;;;invalid;;;;;;paser mahakam;0.829529121;1;4;PASER MAHAKAM, CV;LAMBUNG MANGKURAT;jl lambung mangkurat rt 2 rw 3 tanah grogot;50;46;paser mahakam jl lambung mangkurat rt 2 rw 3 tanah grogot kbli46;4;0;1;0;Aktif;JLLAMBUNG MANGKURAT RT2 RW3 TANAH GROGOT;2;3;;;NAIK 0702 - 15.15 WITA;6401040004_2_3;-1.91045;116.191186;0;0
4604;97335502;AMAN SPORT (GAZALI RAHMAN);KANDILO PLAZA;6401040004;64;1;40;4;KALIMANTAN TIMUR;PASER;TANAH GROGOT;TANAH GROGOT;eyJpdiI6IjhIaDNXeVRlTHRPQUhxM3ZkelkvaWc9PSIsInZhbHVlIjoiRTJ4TCs4SmE2QmZRcmQ3eEQzMFdUQT09IiwibWFjIjoiODg0ZDk3MmQwZmRkNjQyMjc1Yzk0YzgwZDRhMzMxYjhkMDY3MTQ4MWQxNDdjYWEwNzI3ZjY0Yjg4MGM5NDUxNiIsInRhZyI6IiJ9;;[Kegiatan Usaha: -, Kategori: G, KBLI: 47630];;;46006;UMKM;;;;invalid;;;FALSE;FALSE;TRUE;;;invalid;;;;;;aman sport gazali rahman;0.814208342;1;1;GAZALI RAHMAN;kandilo plaza, RT 1/RW 1;kandilo plaza;51;47;aman sport gazali rahman kandilo plaza kbli47;1;0;1;0;Aktif;KANDILO PLAZA;0;0;;;NAIK 0702 - 15.15 WITA;6401040004_0_0;-1.9134543;116.1929204;0;0
4628;97335480;RAHMAN CELL <H BUGKRANI>;KANDILO PLAZA;6401040004;64;1;40;4;KALIMANTAN TIMUR;PASER;TANAH GROGOT;TANAH GROGOT;eyJpdiI6IjRBVHZMVmY2RDNFNXlCRHV0Vmlhb1E9PSIsInZhbHVlIjoieDRVZEZ1dU9xbTJPVWsrV0wzWVR3Zz09IiwibWFjIjoiM2U1NWNkZWU0ZDdmOTZiZGQwYjk0ZTY0YWQ1NTdlODQ4ZjM0Y2NjOGE5NGZlOTU4NmI4MzVjY2Q4OTQ2ZTAwNSIsInRhZyI6IiJ9;;[Kegiatan Usaha: TOKO CELULER (JUAL BELI HAND PHONE), Kategori: G, KBLI: 47414];;;46006;UMKM;;;;invalid;;;FALSE;FALSE;TRUE;;;invalid;;;;;;rahman cell h bugkrani;0.933520185;1;1;RAHMAN CELL;KANDILO PLAZA;kandilo plaza;52;47;rahman cell h bugkrani kandilo plaza kbli47;1;0;1;1;Aktif;KANDILO PLAZA;0;0;;;NAIK 0702 - 15.15 WITA;6401040004_0_0;-1.9134543;116.1929204;0;0
4630;97335403;RAHMAN CELL;KANDILO PLAZA;6401040004;64;1;40;4;KALIMANTAN TIMUR;PASER;TANAH GROGOT;TANAH GROGOT;eyJpdiI6ImpCNUFXUHNDbnJ0SzY5QUYzWjZ0eEE9PSIsInZhbHVlIjoiMEVpNTVjSGFKUkNRT1ozUG1QUk5IQT09IiwibWFjIjoiYWZjNTE0YTk3ZDNjNTM1OTQ1ZmQzMjBjZWY3YzAwNmFkMWNmZjAxZTZhZDA1YTkzZWJjYzExZjUwMGUxMjdiMiIsInRhZyI6IiJ9;;[Kegiatan Usaha: -, Kategori: G, KBLI: 47414];;;46006;UMKM;;;;invalid;;;FALSE;FALSE;TRUE;;;invalid;;;;;;rahman cell;0.933520185;1;4;RAHMAN CELL <H BUGKRANI>;KANDILO PLAZA;kandilo plaza;52;47;rahman cell kandilo plaza kbli47;4;0;1;0;Aktif;KANDILO PLAZA;0;0;;;NAIK 0702 - 15.15 WITA;6401040004_0_0;-1.9134543;116.1929204;0;0
4650;97335513;TOKO SINAR ABADI 2 (EET);KANDILO PLAZA;6401040004;64;1;40;4;KALIMANTAN TIMUR;PASER;TANAH GROGOT;TANAH GROGOT;eyJpdiI6IlVTL0hrQ3Zibk9tUWZkTmt4Rk84T1E9PSIsInZhbHVlIjoiaWRoY3VzQStHRFdocXRPQVJoblYyUT09IiwibWFjIjoiYTY4MjVhODg4ZWRlZTM0MGE0YTA4N2ZkYmMzNjgzMDQ0MmE2OWYwODI0ODFhMmE0ZmIxYjRkYmMwMWM4MjFiZCIsInRhZyI6IiJ9;;[Kegiatan Usaha: -, Kategori: G, KBLI: 47192];;;46006;UMKM;;;;invalid;;;FALSE;FALSE;TRUE;;;invalid;;;;;;sinar abadi 2 eet;0.973651314;1;1;TOKO SINAR ABADI I;KANDILO PLAZA;kandilo plaza;53;47;sinar abadi 2 eet kandilo plaza kbli47;1;0;1;0;Aktif;KANDILO PLAZA;0;0;;;NAIK 0702 - 15.15 WITA;6401040004_0_0;-1.9134543;116.1929204;0;0
4652;97335392;TOKO SINAR ABADI I;KANDILO PLAZA;6401040004;64;1;40;4;KALIMANTAN TIMUR;PASER;TANAH GROGOT;TANAH GROGOT;eyJpdiI6ImV1QTc1c0NObXNpRUhRYXBPMHNXc3c9PSIsInZhbHVlIjoicTFwT0pkdE8xM0xQSHcrRVl6TFdrdz09IiwibWFjIjoiZjk3MmUyMDhiMjM2YzQ5NDA2ODdlNzY2OWIwYjdlNTYzMGUyMDUyYzY0MmE4MGRiYzU1N2FkY2EyOTU0MTNlYyIsInRhZyI6IiJ9;;[Kegiatan Usaha: -, Kategori: G, KBLI: 47640];;;46006;UMKM;;;;invalid;;;FALSE;FALSE;TRUE;;;invalid;;;;;;sinar abadi i;0.973651314;1;4;TOKO SINAR ABADI 2 (EET);KANDILO PLAZA;kandilo plaza;53;47;sinar abadi i kandilo plaza kbli47;4;0;1;0;Aktif;KANDILO PLAZA;0;0;;;NAIK 0702 - 15.15 WITA;6401040004_0_0;-1.9134543;116.1929204;0;0
4678;97335538;TOKO EMAS UNTUNG SEJATI;KANDILO PLAZA;6401040004;64;1;40;4;KALIMANTAN TIMUR;PASER;TANAH GROGOT;TANAH GROGOT;eyJpdiI6InRVZ21ZVlh2ZVdkRXJHRUY3MlpmeGc9PSIsInZhbHVlIjoidXg2NHJGejlDTWIxei8xdzFoYitFdz09IiwibWFjIjoiNmExZWE5OGQzNTI0NWIwN2MxMzcwYTRjZjdlMjMyY2Q4ODM1NjI3M2ExYjk1ZTUyYWQzY2E4ODI3ZWYwY2Y4NSIsInRhZyI6IiJ9;;[Kegiatan Usaha: -, Kategori: G, KBLI: 47735];;;46006;UMKM;;;;invalid;;;FALSE;FALSE;TRUE;;;invalid;;;;;;emas untung sejati;0.957091757;1;1;TOKO EMAS UNTUNG SEJATI <HAMKA>;Kandilo plaza, RT 1/RW 1;kandilo plaza;54;47;emas untung sejati kandilo plaza kbli47;1;0;1;0;Aktif;KANDILO PLAZA;0;0;;;NAIK 0702 - 15.15 WITA;6401040004_0_0;-1.9134543;116.1929204;0;0
13461;18345731;ACADEMY;Jalan D.I. Panjaitan;6401040004;64;1;40;4;KALIMANTAN TIMUR;PASER;TANAH GROGOT;TANAH GROGOT;eyJpdiI6Im1ELy9iR3MzSnBIN3VDNU1XVjkzSkE9PSIsInZhbHVlIjoicW5JM3Rxbm4zY1pLc1J0MzdlaVE5dz09IiwibWFjIjoiODUxNTQ2MmZhOWE0M2IzOTFjOTg2N2M5MGI0MTEwNWMyMGI2OTAyZjI1OTZkYTZhMzQ0NDcyZTgwOGQ3NjI0YiIsInRhZyI6IiJ9;;"[Kegiatan Usaha: Perdagangan Eceran Khusus Peralatan Olahraga di Toko, Kategori: , KBLI: 47630]; [Ke...";;;45985;;OSS - Badan Usaha;;;invalid;;;FALSE;FALSE;TRUE;;;invalid;;;;;;academy;0.800596594;1;1;ACADEMY;JL. DI. PANJAITAN, GG. DIDIT;jalan d i panjaitan;640;47;academy jalan d i panjaitan kbli47;1;0;1;0;Aktif;Jalan DI Panjaitan;0;0;;;NAIK 0702 - 15.15 WITA;6401040004_0_0;-1.8883967;116.1918702;0;0
5283;4373177;BUSSAN AUTO FINANCE;JL MODANG RT.007 RW.001, TANAH GROGOT;6401040004;64;1;40;4;KALIMANTAN TIMUR;PASER;TANAH GROGOT;TANAH GROGOT;eyJpdiI6IlFUWVp0L3ZCOGVGaUQ1dXU3aEh3bEE9PSIsInZhbHVlIjoia3BMbU5xdkt4bGhKNUJQUTRDWVF4UT09IiwibWFjIjoiMzg0NDc2YjNkN2NlNWExMGE2ZGY2YTI0YzdhN2UxMDU0ZWM2NjZkMDUwYjZhYmYyOGFmMjAwNGMwM2JmNDViNCIsInRhZyI6IiJ9;;[Kegiatan Usaha: -, Kategori: K, KBLI: 64190];;;45956;UMKM;Dir Pajak;;;invalid;;;FALSE;FALSE;FALSE;;;invalid;;;;;;bussan auto finance;0.913273222;1;4;BUSSAN AUTO FINANCE, PT CABANG TANAH GROGOT;Jl. Modang no 119;jl modang rt 007 rw 001 tanah grogot;74;64;bussan auto finance jl modang rt 007 rw 001 tanah grogot kbli64;4;0;1;0;Duplikat;JL MODANG RT007 RW001 TANAH GROGOT;7;1;;;NAIK 0702 - 15.15 WITA;6401040004_7_1;-1.91538;116.199092;0;0
5331;97334327;QHAMAL SALON;JL. PASAR PAGI;6401040004;64;1;40;4;KALIMANTAN TIMUR;PASER;TANAH GROGOT;TANAH GROGOT;eyJpdiI6ImVLS2wzbWU5VlNRM3ZyQ2JHQlZlb1E9PSIsInZhbHVlIjoiTDVXUnB4VjF5eGNteW5sZWJFckdFZz09IiwibWFjIjoiMTRjZmIxNzAyNzJhZWMwMzJmYzMzODM4OWIyNDE2YWNjOTI0OTE4YjliZmFmNWJlMjMxY2EyMjQ2ZmUyM2EwZSIsInRhZyI6IiJ9;;[Kegiatan Usaha: -, Kategori: S, KBLI: 96112];;;46006;UMKM;;;;invalid;;;FALSE;FALSE;TRUE;;;invalid;;;;;;qhamal salon;0.847607718;1;4;DINA SALON;JL. PASAR PAGI;jl pasar pagi;76;96;qhamal salon jl pasar pagi kbli96;4;0;1;0;Aktif;JL PASAR PAGI;0;0;;1;NAIK 0702 - 15.15 WITA;6401040004_0_0;-1.9044159;116.2055345;0;0
5502;97335267;TOKO ARAHMA (H. SURIA);KANDILO PLAZA;6401040004;64;1;40;4;KALIMANTAN TIMUR;PASER;TANAH GROGOT;TANAH GROGOT;eyJpdiI6IjZrSkJGekF3SmRoWGRSUitrcDZRZWc9PSIsInZhbHVlIjoielJsZktueUNXY0tCbnZSb1h5M0Vudz09IiwibWFjIjoiMjBmZDQzY2JjMTM0OWJhZjA1Yjc2YmJhOTViZWJlOTRhZGQ5MTg3NDVhZDk0ZGQ4NzA1NDJjMzdmMWVmZWRjOSIsInRhZyI6IiJ9;;[Kegiatan Usaha: -, Kategori: G, KBLI: 47630];;;46006;UMKM;;;;invalid;;;FALSE;FALSE;TRUE;;;invalid;;;;;;arahma h suria;0.82681844;1;1;TOKO RAHMA;KANDILO PLAZA;kandilo plaza;82;47;arahma h suria kandilo plaza kbli47;1;0;1;0;Aktif;KANDILO PLAZA;0;0;;;NAIK 0702 - 15.15 WITA;6401040004_0_0;-1.9134543;116.1929204;0;0
5495;97335503;TOKO RAHMA;KANDILO PLAZA;6401040004;64;1;40;4;KALIMANTAN TIMUR;PASER;TANAH GROGOT;TANAH GROGOT;eyJpdiI6IjQ2dUdNV3ZMeWQwWEIxdU5JbXVtMHc9PSIsInZhbHVlIjoiVSszKzNZZDN3Vy91WjBtVWlPbHJrQT09IiwibWFjIjoiYTE4MjllYWU0NDBmN2ViN2QxMzNhOGFkZjJjYjY4OTdmOGY0YjEwZmFmM2JlYzcwN2RiZTk2ODQ2ZTgyNWUxOSIsInRhZyI6IiJ9;;[Kegiatan Usaha: -, Kategori: G, KBLI: 47112];;;46006;UMKM;;;;invalid;;;FALSE;FALSE;TRUE;;;invalid;;;;;;rahma;0.82681844;1;4;TOKO ARAHMA (H. SURIA);KANDILO PLAZA;kandilo plaza;82;47;rahma kandilo plaza kbli47;4;0;1;0;Aktif;KANDILO PLAZA;0;0;;;NAIK 0702 - 15.15 WITA;6401040004_0_0;-1.9134543;116.1929204;0;0
5570;97335428;TOKO ADI PADANG 2;KANDILO PLAZA;6401040004;64;1;40;4;KALIMANTAN TIMUR;PASER;TANAH GROGOT;TANAH GROGOT;eyJpdiI6Ik9EK2hGZUh6R3UvMVZTeFBaSHZjR1E9PSIsInZhbHVlIjoiSS9pY0owcmRqNHpRb0VPcVF1MEQzUT09IiwibWFjIjoiYjUwMTUwZDEzN2FlNmQ4ZDlmNGVjYjYwYjMyZWNjZjdlMzMyN2NmMTcxYTIzODVmYjhhOTA4Yjc1MzA5MjJmYSIsInRhZyI6IiJ9;;[Kegiatan Usaha: -, Kategori: G, KBLI: 47640];;;46006;UMKM;;;;invalid;;;FALSE;FALSE;TRUE;;;invalid;;;;;;adi padang 2;0.9821228;1;1;TOKO ADI PADANG 1;KANDILO PLAZA;kandilo plaza;84;47;adi padang 2 kandilo plaza kbli47;1;0;1;0;Aktif;KANDILO PLAZA;0;0;;;NAIK 0702 - 15.15 WITA;6401040004_0_0;-1.9134543;116.1929204;0;0
5575;97335427;TOKO ADI PADANG 1;KANDILO PLAZA;6401040004;64;1;40;4;KALIMANTAN TIMUR;PASER;TANAH GROGOT;TANAH GROGOT;eyJpdiI6ImhRM2w2UFhvYWpTemZRc3A4dmp2L1E9PSIsInZhbHVlIjoiTkxHU0dMRU5QQlk2U2hJZWp0Qmw4UT09IiwibWFjIjoiYzMxNGI0ODU0N2I2ZDMwYjQzMWU1ZDI4ZmVjY2UyNWNmOWVmMzFkOWZlMjdjMzhlZmEyMjY5MzMxZjI5YmU3YSIsInRhZyI6IiJ9;;[Kegiatan Usaha: -, Kategori: G, KBLI: 47640];;;46006;UMKM;;;;invalid;;;FALSE;FALSE;TRUE;;;invalid;;;;;;adi padang 1;0.9821228;1;4;TOKO ADI PADANG 2;KANDILO PLAZA;kandilo plaza;84;47;adi padang 1 kandilo plaza kbli47;4;0;1;0;Aktif;KANDILO PLAZA;0;0;;;NAIK 0702 - 15.15 WITA;6401040004_0_0;-1.9134543;116.1929204;0;0
5618;97335436;KANTIN SDN 017 (RUHANI);JALAN HOSCOKROAMINOTO;6401040004;64;1;40;4;KALIMANTAN TIMUR;PASER;TANAH GROGOT;TANAH GROGOT;eyJpdiI6ImUwNnkra3JPWUtKbithTCtTdTIxM0E9PSIsInZhbHVlIjoiZGtGVW1FS1VxaHVFWlo3T1J2WExSUT09IiwibWFjIjoiN2I1OTQzM2NhZTk1NWNiNWM5MjVmNThhNDY2MTZmMjI0MDRmMGUyODJiMWViZjVjNjI2ZjcwZDUyNmI4NzAzZSIsInRhZyI6IiJ9;;[Kegiatan Usaha: -, Kategori: I, KBLI: 56103];;;46006;UMKM;;;;invalid;;;FALSE;FALSE;TRUE;;;invalid;;;;;;kantin sdn 017 ruhani;0.904886455;1;1;KANTIN SDN 017 (SABARIAH);JALAN HOSCOKROAMINOTO;jalan hoscokroaminoto;86;56;kantin sdn 017 ruhani jalan hoscokroaminoto kbli56;1;0;1;0;Aktif;JALAN HOSCOKROAMINOTO;0;0;;;NAIK 0702 - 15.15 WITA;6401040004_0_0;-1.9164426;116.1935221;0;0
5637;97335448;TOKO DIANA;KANDILO PLAZA;6401040004;64;1;40;4;KALIMANTAN TIMUR;PASER;TANAH GROGOT;TANAH GROGOT;eyJpdiI6ImFzWXRHNW9Nd1d3RzVqektwTWZjWHc9PSIsInZhbHVlIjoibU1jWjdpbkJsN1huRlVDb0xKUWUwQT09IiwibWFjIjoiN2NhZmVmYzYwNzVjZDZjNzE5NDRjZTg4ZmM2M2RhMjI3NWQ1MTQ1M2Q5NDk1MzUyMzMzMzY0ZWI2M2IwOTEzZiIsInRhZyI6IiJ9;;[Kegiatan Usaha: -, Kategori: G, KBLI: 47735];;;46006;UMKM;;;;invalid;;;FALSE;FALSE;TRUE;;;invalid;;;;;;diana;0.848229998;1;1;MASDIANA;kandilo plaza, RT 1/RW 1;kandilo plaza;87;47;diana kandilo plaza kbli47;1;0;1;0;Aktif;KANDILO PLAZA;0;0;;;NAIK 0702 - 15.15 WITA;6401040004_0_0;-1.9134543;116.1929204;0;0
5752;97333402;WARNET TELKOM;JALAN RA KARTINI;6401040004;64;1;40;4;KALIMANTAN TIMUR;PASER;TANAH GROGOT;TANAH GROGOT;eyJpdiI6Ik5jRXhBUGJOZ2JhSmlNcHdvS1UwUUE9PSIsInZhbHVlIjoiRDRIRWc3VmlvcCtJZ1R3Y28ybEhNUT09IiwibWFjIjoiYWY4NGU0NDI4ODQ3MWI1YmFmOTVkNDhmMWNlNjI2YjdjZmY4NWM1YTliOTA1Y2RiY2FjMDlhMTEwMmIzOWIyNiIsInRhZyI6IiJ9;;[Kegiatan Usaha: -, Kategori: J, KBLI: 61994];;;46006;UMKM;;;;invalid;;;FALSE;FALSE;TRUE;;;invalid;;;;;;warnet telkom;0.858509016;1;1;WARNET SENTRA;JALAN RA KARTINI;jalan ra kartini;90;61;warnet telkom jalan ra kartini kbli61;1;0;1;0;Aktif;JALAN RA KARTINI;0;0;;;NAIK 0702 - 15.15 WITA;6401040004_0_0;-1.908559;116.194651;0;0
14995;43693926;KARABAT PUTRA YUNANI;Jalan DI. Panjaitan;6401040004;64;1;40;4;KALIMANTAN TIMUR;PASER;TANAH GROGOT;TANAH GROGOT;eyJpdiI6IlEwZCtWd2lKRnE4WG4wemJGZGlwRmc9PSIsInZhbHVlIjoiT2QzdG90LzQ5WXYxRnNmVzB5bXNwZz09IiwibWFjIjoiNjJjZjM5M2FhNzExODBmNjFjODQ1NjI3MjA1MGI0NzVlOTAyMzNhMmFlZjQ1NTNjYmQyMDAzYzQ5NDE3ZGU5YSIsInRhZyI6IiJ9;;[Kegiatan Usaha: -, Kategori: -, KBLI: 47301];;;;;OSS - Perorangan;;;invalid;;;FALSE;FALSE;TRUE;;;invalid;;;;;;karabat putra yunani;1;1;1;KARABAT PUTRA YUNANI;Jalan DI. Panjaitan;jalan di panjaitan;763;47;karabat putra yunani jalan di panjaitan kbli47;1;0;1;0;Aktif;Jalan DI Panjaitan;0;0;;;NAIK 0702 - 15.15 WITA;6401040004_0_0;-1.8883967;116.1918702;0;0
5797;97333423;WUZAN, CV;JALAN GAJAH MADA GANG MELATI;6401040004;64;1;40;4;KALIMANTAN TIMUR;PASER;TANAH GROGOT;TANAH GROGOT;eyJpdiI6IkRRZVNQWHVjTVR6bWdOcDRUOVpmRHc9PSIsInZhbHVlIjoiN0hkRDhSSHllYU41WW9qYWlKYXBNUT09IiwibWFjIjoiNGJiZjI2YTQzNGM5ZjIxYjQyZjU5MjMwZThjZmM4ZTBmMDE0ZDEzNTkzYmNiNTY0NmM2NzE2NGUwMzY1NWY0OSIsInRhZyI6IiJ9;;[Kegiatan Usaha: -, Kategori: F, KBLI: 41011];;;46006;UMKM;;;;invalid;;;FALSE;FALSE;TRUE;;;invalid;;;;;;wuzan;0.969119274;1;1;WUZAN, CV;JL GAJAH MADA GANG MELATI;jalan gajah mada gang melati;92;41;wuzan jalan gajah mada gang melati kbli41;1;0;1;0;Aktif;JALAN GAJAH MADA GANG MELATI;0;0;;;NAIK 0702 - 15.15 WITA;6401040004_0_0;-1.9092068;116.1873297;0;0
5850;97333465;ARGA BUMI PERSADA ,PT;Jl. Gajah Mada Gg. Anggrek Rt. 007 Rw. 03 Kel. Tanah Grogot Kec. Tanah Grogot;6401040004;64;1;40;4;KALIMANTAN TIMUR;PASER;TANAH GROGOT;TANAH GROGOT;eyJpdiI6IlJMamdRSTEyR1BKM29xMkladnM0ZWc9PSIsInZhbHVlIjoiMGZxTFViMU02blpRbUEwYVpKekoxUT09IiwibWFjIjoiNThjMzYxYzkwYzU4NDcwYzE4NDJjM2ZhMmQyMzc3ZDdiNmEzYzJhMGU4YWQ1NDBjYmViNGI5MTEyZjFjNmUyMyIsInRhZyI6IiJ9;;[Kegiatan Usaha: -, Kategori: F, KBLI: 42101];;;45688;UMKM;;;;invalid;;;FALSE;FALSE;TRUE;;;invalid;;;;;;arga bumi persada;0.850989679;1;1;ARGA BUMI PERSADA, PT;JL GAJAH MADA GG ANGGREK;jl gajah mada gg anggrek rt 007 rw 03 kel tanah grogot kec tanah grogot;94;42;arga bumi persada jl gajah mada gg anggrek rt 007 rw 03 kel tanah grogot kec tanah grogot kbli42;3;0;0;0;Tutup;Jl Gajah Mada Gg Anggrek Rt 007 Rw 03 Kel Tanah Grogot Kec Tanah Grogot;7;3;;;NAIK 0702 - 15.15 WITA;6401040004_7_3;-1.90916;116.188706;0;0
5982;97336611;SMP PGRI 2 TANAH GROGOT;JALAN RM NOTO SUNARDI GANG PGRI 1;6401040004;64;1;40;4;KALIMANTAN TIMUR;PASER;TANAH GROGOT;TANAH GROGOT;eyJpdiI6ImoyLzQ2UFBHK1hmeHkyVWpaQzZFV2c9PSIsInZhbHVlIjoic1lzL3JRWkxXTWxIVVlOVGMxeFpBdz09IiwibWFjIjoiZjRjYjEyNjk5NzIyYjAxODk2M2ZlZjc3YmE3MmEzOTViNzQ3ZGQ3NTU1YTIzYTY0MzE3MzcxMmE0MDQxMjE5NSIsInRhZyI6IiJ9;;[Kegiatan Usaha: -, Kategori: P, KBLI: 85122];;;45835;UMKM;;;;invalid;;;FALSE;FALSE;TRUE;;;invalid;;;;;;smp pgri 2 tanah grogot;0.848176821;1;1;SMKS PGRI 2 TANAH GROGOT;JALAM RM NOTO SUNARDI GANG PGRI 1;jalan rm noto sunardi gang pgri 1;98;85;smp pgri 2 tanah grogot jalan rm noto sunardi gang pgri 1 kbli85;1;0;1;0;Aktif;JALAN RM NOTO SUNARDI GANG PGRI 1;0;0;;;NAIK 0702 - 15.15 WITA;6401040004_0_0;-1.9163492;116.188558;0;0
6015;6584958;PENJAHIT FEBRI;GANG 2 RT 01 RW 03;6401040004;64;1;40;4;KALIMANTAN TIMUR;PASER;TANAH GROGOT;TANAH GROGOT;eyJpdiI6ImM1ZEJoVklmckYwUzB6eE9EUXpYMHc9PSIsInZhbHVlIjoiNUNybVlWVWdkenhCYk5jN1dsNU5WUT09IiwibWFjIjoiNjJlNzJkOThmMWEyMWU3NTY2M2IwNzQ4Mjg1YzVkMTQ4NGI3YjA3NmU0YTRjMTUxNmQ2NDU2OWI0MDAxZjhiMSIsInRhZyI6IiJ9;;[Kegiatan Usaha: PAKAIAN PAKAIAN (Bahan: KAIN), Kategori: C, KBLI: 14120];;;46006;UMKM;;;;invalid;;;FALSE;FALSE;TRUE;;;invalid;;;;;;penjahit febri;0.802124498;1;4;PENJAHIT FEBRIAN (SRI);JALAN MODANG;gang 2 rt 01 rw 03;99;14;penjahit febri gang 2 rt 01 rw 03 kbli14;4;0;1;0;Aktif;GANG 2 RT 01 RW 03;1;3;;;NAIK 0702 - 15.15 WITA;6401040004_1_3;-1.91242;116.194233;0;0
6044;5373378;MAKANAN RINGAN;KANDILO PLAZA;6401040004;64;1;40;4;KALIMANTAN TIMUR;PASER;TANAH GROGOT;TANAH GROGOT;eyJpdiI6InVEWXp3Y0ZjSVhLTW5sMTdSU0ZvNFE9PSIsInZhbHVlIjoicDBNK1pueUprZ0V5VG1sREIwNzliUT09IiwibWFjIjoiNzdiZmNmMjU4MzYyOThjM2FlNDQwYmQ4Y2IyNjYyNjIwNmE2MmRmNjk4YmU0NjRhMjM2MGU3OWUxZDQzZjNkNyIsInRhZyI6IiJ9;;[Kegiatan Usaha: MENJUAL MAKANAN RINGAN, Kategori: G, KBLI: 47249];;;46006;UMKM;;;;invalid;;;FALSE;FALSE;TRUE;;;invalid;;;;;;makanan ringan;0.800781719;1;4;WARUNG MAKANAN RINGAN;PASER;kandilo plaza;100;47;makanan ringan kandilo plaza kbli47;4;0;1;0;Aktif;KANDILO PLAZA;0;0;;;NAIK 0702 - 15.15 WITA;6401040004_0_0;-1.9134543;116.1929204;0;0
6090;97335443;TOKO BERKAT BUDI;KANDILO PLAZA;6401040004;64;1;40;4;KALIMANTAN TIMUR;PASER;TANAH GROGOT;TANAH GROGOT;eyJpdiI6IlFTWXgrd2hOeVJhYXl4TmM5bGhFMlE9PSIsInZhbHVlIjoiZ3h3elhldnR4L1pGczBaeURhQzdwdz09IiwibWFjIjoiYzY0ODI5NzNlZGViYzRiMmE5MTYzNDZkOWRmZTI2NDFkYTdhNjJiNjJkMjVkMmM0ZjEwYWMyN2Q3ZjYzYzAyOSIsInRhZyI6IiJ9;;[Kegiatan Usaha: -, Kategori: G, KBLI: 47420];;;46006;UMKM;;;;invalid;;;FALSE;FALSE;TRUE;;;invalid;;;;;;berkat budi;0.817515845;1;1;BUDI;Kandilo plaza, RT 1/RW 1;kandilo plaza;103;47;berkat budi kandilo plaza kbli47;1;0;1;0;Aktif;KANDILO PLAZA;0;0;;;NAIK 0702 - 15.15 WITA;6401040004_0_0;-1.9134543;116.1929204;0;0
6106;97333390;COUNTER PULSA DIFA;JALAN HOS COKROAMINOTO;6401040004;64;1;40;4;KALIMANTAN TIMUR;PASER;TANAH GROGOT;TANAH GROGOT;eyJpdiI6ImtNOWJFd2xLRTdtcmFFOHkwcUVET2c9PSIsInZhbHVlIjoiQXdFK21adWNYZ3UwT2Uvb2NCbmdVUT09IiwibWFjIjoiMTQwODRhNjVhMDg5MzBkYzliZTAxMTJhYzIxNDhlODE3NDRjNzNkMGQ4ODY3N2M5ZDZkYTkwMzlkZDQwYzlhZiIsInRhZyI6IiJ9;;[Kegiatan Usaha: PWNJUAL PULSA ELEKTRONIK DITOKO, Kategori: J, KBLI: 61992];;;46006;UMKM;;;;invalid;;;FALSE;FALSE;TRUE;;;invalid;;;;;;counter pulsa difa;0.810292238;1;1;JUAL PULSA HP <PAZRIAH>;JALAN HOS COKROAMINOTO;jalan hos cokroaminoto;104;61;counter pulsa difa jalan hos cokroaminoto kbli61;1;0;1;0;Aktif;JALAN HOS COKROAMINOTO;0;0;;;NAIK 0702 - 15.15 WITA;6401040004_0_0;-1.9164426;116.1935221;0;0
6108;5775604;JUAL PULSA HP <PAZRIAH>;JALAN HOS COKROAMINOTO;6401040004;64;1;40;4;KALIMANTAN TIMUR;PASER;TANAH GROGOT;TANAH GROGOT;eyJpdiI6IkJSc1k2cmF0Y2dWSTRGSExIakt3c3c9PSIsInZhbHVlIjoiT204WmtsQVZBY05ka2lGTkRDeldvdz09IiwibWFjIjoiNzIxNjM0MzljZGFkNTgzNGJmNjBkOWM0NWVmMzk2ZDQyNjZhMmQ4ZGNiNjEwYTFjYzNiNTE5YWIyZDllN2QyOSIsInRhZyI6IiJ9;;[Kegiatan Usaha: JUAL PULSA, Kategori: J, KBLI: 61992];;;46006;UMKM;;;;invalid;;;FALSE;FALSE;TRUE;;;invalid;;;;;;jual pulsa hp pazriah;0.810292238;1;4;COUNTER PULSA DIFA;JALAN HOS COKROAMINOTO;jalan hos cokroaminoto;104;61;jual pulsa hp pazriah jalan hos cokroaminoto kbli61;1;0;1;1;Aktif;JALAN HOS COKROAMINOTO;0;0;;;NAIK 0702 - 15.15 WITA;6401040004_0_0;-1.9164426;116.1935221;0;0
6164;97337653;IBNU CELL (HERI);JALAN SULTAN HASANUDDIN;6401040004;64;1;40;4;KALIMANTAN TIMUR;PASER;TANAH GROGOT;TANAH GROGOT;eyJpdiI6ImhSYVRwOG1nNmMrQTJsOXJiazl5N2c9PSIsInZhbHVlIjoiQkcxQXZnY1BQRWRCcWRzcDFpYU9jZz09IiwibWFjIjoiZGNkMzI1NWNhNGEwYjBkNmQ0NzgyMmYyNDJjN2FjZWQyYjdkM2QwNmQyZTFhZDdmNzY1MzNkMzMzYjJiMDQ5MyIsInRhZyI6IiJ9;;[Kegiatan Usaha: -, Kategori: J, KBLI: 61992];;;46006;UMKM;;;;invalid;;;FALSE;FALSE;TRUE;;;invalid;;;;;;ibnu cell heri;0.882884904;1;1;MA'AH CELL <JAMA'AH>;JALAN SULTAN HASANUDDIN;jalan sultan hasanuddin;107;61;ibnu cell heri jalan sultan hasanuddin kbli61;1;0;1;0;Aktif;JALAN SULTAN HASANUDDIN;0;0;;;NAIK 0702 - 15.15 WITA;6401040004_0_0;-1.9199895;116.1951828;0;0
6178;97341211;KLINIK PERMATA BUNDA;Jln. Pangeran Menteri RT. 03 RW. 04;6401040004;64;1;40;4;KALIMANTAN TIMUR;PASER;TANAH GROGOT;TANAH GROGOT;eyJpdiI6IlBqNlNoclJvV0d5N0Q5N0FuN3NYWXc9PSIsInZhbHVlIjoiZjRtR0dHS3VyRnBETE9wUFc3MXpvdz09IiwibWFjIjoiZjU1YWE1YWY5ZWEyODBmNzMxYTI3NjRmYWFmZTA0OTFlYTg5MzY3YzRkNTIyYWY1ZjY1NjUzN2IxNDM1MzQwYSIsInRhZyI6IiJ9;;[Kegiatan Usaha: -, Kategori: Q, KBLI: 86105];;;45679;UMKM;;;;invalid;;;FALSE;FALSE;TRUE;;;invalid;;;;;;klinik permata bunda;0.853629211;1;1;PERMATA BUNDA PASER;JL PANGERAN MENTERI RT. 03 RW. 04;jln pangeran menteri rt 03 rw 04;108;86;klinik permata bunda jln pangeran menteri rt 03 rw 04 kbli86;1;0;1;0;Aktif;Jln Pangeran Menteri RT 03 RW 04;3;4;;;NAIK 0702 - 15.15 WITA;6401040004_3_4;-1.90171;116.189459;0;0
6180;3333847;PERMATA BUNDA PASER;JL PANGERAN MENTERI RT. 03 RW. 04;6401040004;64;1;40;4;KALIMANTAN TIMUR;PASER;TANAH GROGOT;TANAH GROGOT;eyJpdiI6IjFkSzJ1cnhXa0g2dk5GSmF3SDhLQmc9PSIsInZhbHVlIjoiT2NOS2RkWGJYZWlReFZHYmRCSmkvdz09IiwibWFjIjoiM2Q3OTAxY2MzM2NjYzE2YWIwNTBjMjQyOTczY2FhMmQ1NGNjNGRmMDU5YzNmZDZmODBkZjIzNTQ1ZGI4ZGFkZiIsInRhZyI6IiJ9;;[Kegiatan Usaha: -, Kategori: Q, KBLI: 86103];;;45679;UMKM;Dir Pajak;;;invalid;;;FALSE;FALSE;FALSE;;;invalid;;;;;;permata bunda paser;0.853629211;1;4;KLINIK PERMATA BUNDA;Jln. Pangeran Menteri RT. 03 RW. 04;jl pangeran menteri rt 03 rw 04;108;86;permata bunda paser jl pangeran menteri rt 03 rw 04 kbli86;4;0;1;0;Duplikat;JL PANGERAN MENTERI RT 03 RW 04;3;4;;;NAIK 0702 - 15.15 WITA;6401040004_3_4;-1.90171;116.189459;0;0
6196;97341221;PONDOK COKLAT;JALAN AHMAD YANI;6401040004;64;1;40;4;KALIMANTAN TIMUR;PASER;TANAH GROGOT;TANAH GROGOT;eyJpdiI6ImRNRHg4QktIRE5NaUt3cU00ZmUzc1E9PSIsInZhbHVlIjoidUVvTEVscnRIRTFSblVhZWhYajN2QT09IiwibWFjIjoiMGIyMGY2NjNjZWYwMjYzMTcyMGU4YTE0YzNlMTE0MWYwZTA2ZmYzZTdjNzI4YzQ3MzA4YjNiNTliZWE3ZDRjMiIsInRhZyI6IiJ9;;[Kegiatan Usaha: -, Kategori: I, KBLI: 56304];;;46006;UMKM;;;;invalid;;;FALSE;FALSE;TRUE;;;invalid;;;;;;pondok coklat;0.935853704;1;1;PONDOK ASEAN;JALAN AHMAD YANI;jalan ahmad yani;109;56;pondok coklat jalan ahmad yani kbli56;1;0;1;0;Aktif;JALAN AHMAD YANI;0;0;;;NAIK 0702 - 15.15 WITA;6401040004_0_0;-1.9059806;116.1948311;0;0
6204;97341254;PONDOK ASEAN;JALAN AHMAD YANI;6401040004;64;1;40;4;KALIMANTAN TIMUR;PASER;TANAH GROGOT;TANAH GROGOT;eyJpdiI6IldSN3l5T3NrRGlvN0FHWDcxSmcvRnc9PSIsInZhbHVlIjoiazdMYWtPMDRQUk9FRlF3Wit1SEhMdz09IiwibWFjIjoiNjAwZDAyYjMzNTA0YzI1YjUzM2ZiNWY1YWE1YzMyYzQxNmFmZmFjMjVkMTc3ZTUyNGRhNDhhYWY4OGQwYzliMCIsInRhZyI6IiJ9;;[Kegiatan Usaha: -, Kategori: I, KBLI: 56102];;;46006;UMKM;;;;invalid;;;FALSE;FALSE;TRUE;;;invalid;;;;;;pondok asean;0.935853704;1;4;PONDOK COKLAT;JALAN AHMAD YANI;jalan ahmad yani;109;56;pondok asean jalan ahmad yani kbli56;1;0;1;0;Aktif;JALAN AHMAD YANI;0;0;;;NAIK 0702 - 15.15 WITA;6401040004_0_0;-1.9059806;116.1948311;0;0
15682;42732491;CALIRA INDAH;Jalan Kapt. Piere Tendean No 46 gang Buntu;6401040004;64;1;40;4;KALIMANTAN TIMUR;PASER;TANAH GROGOT;TANAH GROGOT;eyJpdiI6Im5RTGJJNEY5YysyNDQwNWZVV0JGQWc9PSIsInZhbHVlIjoiTmJqblBucjcwUjRUblpheUo2WWxQZz09IiwibWFjIjoiMGM5ZDIyZGI0N2Q5NWYwNDlhMTRiMDljNjJjZGMzZDkxMjc4OTE4M2MyYzBkYTIyMzdjNGRiNGM1ZGY1YmJiZiIsInRhZyI6IiJ9;;"[Kegiatan Usaha: -, Kategori: -, KBLI: 42101]; [Kegiatan Usaha: -, Kategori: -, KBLI: 42201]; [Kegia...";;;;;OSS - Badan Usaha;;;invalid;;;FALSE;FALSE;TRUE;;;invalid;;;;;;calira indah;0.934864258;1;1;CALIRA INDAH;Jalan Kapt. Piere Tendean No 46 gang Buntu;jalan kapt piere tendean no 46 gang buntu;817;42;calira indah jalan kapt piere tendean no 46 gang buntu kbli42;1;0;1;0;Aktif;Jalan Kapt Piere Tendean No 46 gang Buntu;0;0;;;NAIK 0702 - 15.15 WITA;6401040004_0_0;-1.902840;116.19551;0;0
13777;45694832;ERSHAVA MULTI USAHA;Jalan Kapten Piere Tendean;6401040004;64;1;40;4;KALIMANTAN TIMUR;PASER;TANAH GROGOT;TANAH GROGOT;eyJpdiI6IkhhZFFROVBRbEVLcFpscFdHdFU0dlE9PSIsInZhbHVlIjoidTNnN1MwdDJCbGZKdGhRZDYwWHEzQT09IiwibWFjIjoiNGRlOTYzYTQ4Njk2Y2YwNWE3OTI4Mzc0N2I2ZGY5NWJhYTVmNjk2ODY4YWIzZmM0MzkzMGE5MzcyNjdiODAxYiIsInRhZyI6IiJ9;;"[Kegiatan Usaha: -, Kategori: -, KBLI: 53201]; [Kegiatan Usaha: -, Kategori: -, KBLI: 53202]";;;;;OSS - Perorangan;;;invalid;;;FALSE;FALSE;TRUE;;;invalid;;;;;;ershava multi usaha;1;1;1;ERSHAVA MULTI USAHA;Jalan Kapten Piere Tendean;jalan kapten piere tendean;670;53;ershava multi usaha jalan kapten piere tendean kbli53;1;0;1;0;Aktif;Jalan Kapten Piere Tendean;0;0;;;NAIK 0702 - 15.15 WITA;6401040004_0_0;-1.902840;116.19551;0;0
6511;97341169;RELAX.IC(HERLY);JALAN SULTAN IBRAHIM KHALILUDIN;6401040004;64;1;40;4;KALIMANTAN TIMUR;PASER;TANAH GROGOT;TANAH GROGOT;eyJpdiI6ImVXMElyZm9lOVk2Njd0bDlYRGVlMHc9PSIsInZhbHVlIjoic1ZBMkNLeGVXMEhKRXJXakh0bEJLQT09IiwibWFjIjoiZjI3ZjRlYjdlM2VmNmU1YjkyYTlhNmNhMmQ4ZTgzNjA3MjUzYjIxOGNlMzQwM2Q0NzE5NGU1ZTM3ZmJmNDQzMCIsInRhZyI6IiJ9;;[Kegiatan Usaha: -, Kategori: I, KBLI: 56304];;;46006;UMKM;;;;invalid;;;FALSE;FALSE;TRUE;;;invalid;;;;;;relax ic herly;0.838730467;1;1;MEA BUYUNG;Jalan Sultan Ibrahim Khaliludin;jalan sultan ibrahim khaliludin;125;56;relax ic herly jalan sultan ibrahim khaliludin kbli56;1;0;1;0;Aktif;JALAN SULTAN IBRAHIM KHALILUDIN;0;0;;;NAIK 0702 - 15.15 WITA;6401040004_0_0;-1.9049526;116.1910421;0;0
6533;97337965;JUAL SEMBAKO <ARNISA>;JALAN SULTAN HASANUDIN;6401040004;64;1;40;4;KALIMANTAN TIMUR;PASER;TANAH GROGOT;TANAH GROGOT;eyJpdiI6ImhzWUhZM2U3VFVpbXk0RXQ2KzZ0bFE9PSIsInZhbHVlIjoiQndDMm5sUk8vMktaSXkzZGlKOUpiQT09IiwibWFjIjoiZTg4Y2QwMTBhY2U5NjMwMmVkZWRmMDYwNmM2YWYyZThjNmFjMTk2Y2JkMzIwZGZiMzZmM2ExNzk3YzYzNzE4ZSIsInRhZyI6IiJ9;;[Kegiatan Usaha: MENJUAL SMEBAKO DI WARUNG, Kategori: G, KBLI: 47112];;;46006;UMKM;;;;invalid;;;FALSE;FALSE;TRUE;;;invalid;;;;;;jual sembako arnisa;0.820345549;1;1;TOKO SEMBAKO <HASAN>;JL SULTAN HASANUDIN;jalan sultan hasanudin;126;47;jual sembako arnisa jalan sultan hasanudin kbli47;1;0;1;1;Aktif;JALAN SULTAN HASANUDIN;0;0;;;NAIK 0702 - 15.15 WITA;6401040004_0_0;-1.91842;116.1961978;0;0
6535;5373330;TOKO SEMBAKO <HASAN>;JL SULTAN HASANUDIN;6401040004;64;1;40;4;KALIMANTAN TIMUR;PASER;TANAH GROGOT;TANAH GROGOT;eyJpdiI6IlVpdzBteFpDQ2pmQlU2dUtBYnRSSVE9PSIsInZhbHVlIjoiRzhidGswNHlDSlVhWit1OWQ2aGt5Zz09IiwibWFjIjoiYTI4YTE4ZWM4NjdkZmQxNGEwYjA1YjU5ZDYwZWI5N2JiMzk1NzE5OTEyNjVkNDM3ZTFkNGMzOWY3YjNlMGY2NyIsInRhZyI6IiJ9;;[Kegiatan Usaha: JUAL ECERAN SEMBAKO, Kategori: G, KBLI: 47112];;;46006;UMKM;;;;invalid;;;FALSE;FALSE;TRUE;;;invalid;;;;;;sembako hasan;0.820345549;1;4;JUAL SEMBAKO <ARNISA>;JALAN SULTAN HASANUDIN;jl sultan hasanudin;126;47;sembako hasan jl sultan hasanudin kbli47;1;0;1;1;Aktif;JL SULTAN HASANUDIN;0;0;;;NAIK 0702 - 15.15 WITA;6401040004_0_0;-1.91842;116.1961978;0;0
14802;47661608;MUGARA BAROQAH;Jalan Kapten Piere Tendean;6401040004;64;1;40;4;KALIMANTAN TIMUR;PASER;TANAH GROGOT;TANAH GROGOT;eyJpdiI6IllsVDUxd05lSUxKbmxieEs4YlBVWVE9PSIsInZhbHVlIjoiSXB4bEc1WFVrZ1BEMjRnS2RIRzlRUT09IiwibWFjIjoiMDY0OGU4NzFlODQ5ZWM0YmNhNzQyNmE1MzhlNGRhZDdmYTJlZThlM2FjODI3ZjNlYjQwNGRlNjViNjUxMzU2NCIsInRhZyI6IiJ9;;"[Kegiatan Usaha: -, Kategori: -, KBLI: 46592]; [Kegiatan Usaha: -, Kategori: -, KBLI: 03221]; [Kegia...";;;;;OSS - Perorangan;;;invalid;;;FALSE;FALSE;TRUE;;;invalid;;;;;;mugara baroqah;0.809027973;1;1;MUGARA BAROQAH;Jalan Kapten Piere Tendean;jalan kapten piere tendean;747;46;mugara baroqah jalan kapten piere tendean kbli46;1;0;1;0;Aktif;Jalan Kapten Piere Tendean;0;0;;;NAIK 0702 - 15.15 WITA;6401040004_0_0;-1.902840;116.19551;0;0
6609;2481521;TARAGA FAEYZA;SULTAN HASANUDDIN;6401040004;64;1;40;4;KALIMANTAN TIMUR;PASER;TANAH GROGOT;TANAH GROGOT;eyJpdiI6IkNCdTZ6aml1VnlnVyt3d2M4WGJzT0E9PSIsInZhbHVlIjoiUzZxbmxudnVZWDBwMzQ0WjJ5QkdQUT09IiwibWFjIjoiYmQ0NDkxMjc0NGJiNTYxZWI3NGFjMmRhZjY5MzMzN2ZlYmMzY2RjZGExY2VkYmU1ZmEzNjI5ZTRmMWUyZGM1OCIsInRhZyI6IiJ9;;[Kegiatan Usaha: -, Kategori: F, KBLI: 41019];;;46006;UMKM;Dir Pajak;;;invalid;;;FALSE;FALSE;TRUE;;;invalid;;;;;;taraga faeyza;0.814353794;1;1;CV.RAISYA;JL. SULTAN HASANUDDIN;sultan hasanuddin;129;41;taraga faeyza sultan hasanuddin kbli41;1;0;1;0;Aktif;SULTAN HASANUDDIN;0;0;;;NAIK 0702 - 15.15 WITA;6401040004_0_0;-1.9199895;116.1951828;0;0
6627;2490673;BADAN KONTAK MAJELIS TA'LIM KABUPATEN PASER;JL. SULTAN IBRAHIM KHALILUDDIN;6401040004;64;1;40;4;KALIMANTAN TIMUR;PASER;TANAH GROGOT;TANAH GROGOT;eyJpdiI6IlVUZW1zbER0Y1Q3VGVVZVptYTNyT3c9PSIsInZhbHVlIjoialZoUDFucDRka1k4MEZTZVQzR0YrQT09IiwibWFjIjoiZjRjYjQ3NmU3NDNkOGFmMWQ1ZjYwY2I4NDFjMDYzZmNlOTBlOWMxZGIxYjlmM2JhN2RmNTZmNTUzYjI3YTU0MyIsInRhZyI6IiJ9;;[Kegiatan Usaha: -, Kategori: S, KBLI: 94910];;;46006;UMKM;Dir Pajak;;;invalid;;;FALSE;FALSE;TRUE;;;invalid;;;;;;badan kontak majelis ta lim kabupaten paser;0.802694716;1;1;MAJELIS TA'LIM NAZRATUL IMAN;JL. SULTAN IBRAHIM KHALILUDDIN;jl sultan ibrahim khaliluddin;130;94;badan kontak majelis ta lim  jl sultan ibrahim khaliluddin kbli94;1;0;1;0;Aktif;JL SULTAN IBRAHIM KHALILUDDIN;0;0;;;NAIK 0702 - 15.15 WITA;6401040004_0_0;-1.9049526;116.1910421;0;0
6655;2502817;BERKAH INDONESIA BARU;JL. RA KARTINI;6401040004;64;1;40;4;KALIMANTAN TIMUR;PASER;TANAH GROGOT;TANAH GROGOT;eyJpdiI6ImZ3Y0NSU0FuOVBBOGZna3MwcHRIVFE9PSIsInZhbHVlIjoiS20yeElraFh0VmFadXJCdHgxRUQ3UT09IiwibWFjIjoiNzA0OWMzOTE1YzFlOWFhNGVhZGRiM2I0YTFjNmQ5NTM2ODFkNTY5NmY4YmFjNWMzNDQ1MjFiMDFkODdjOGIwNSIsInRhZyI6IiJ9;;[Kegiatan Usaha: -, Kategori: G, KBLI: 46100];;;46006;UMKM;Dir Pajak;;;invalid;;;FALSE;FALSE;TRUE;;;invalid;;;;;;berkah indonesia baru;0.946147864;1;1;BERKAH INDONESIA BARU, PT;JL RA KARTINI;jl ra kartini;132;46;berkah indonesia baru jl ra kartini kbli46;1;0;1;0;Aktif;JL RA KARTINI;0;0;;;NAIK 0702 - 15.15 WITA;6401040004_0_0;-1.908559;116.194651;0;0
14945;48678068;BAHARINDO MULTIKARYA INVESTAMA;Jalan Kapten Piere Tendean;6401040004;64;1;40;4;KALIMANTAN TIMUR;PASER;TANAH GROGOT;TANAH GROGOT;eyJpdiI6ImVRZ3F3TTd3QTZDTUFNb2w2aFZ4eEE9PSIsInZhbHVlIjoiWHpJZDlXelBXNmdZTks1OUQ1T0I5Zz09IiwibWFjIjoiOWMxZDNlZGE3NmU2M2IwMzg1MWZhZWVlNTYwYjJlOTI3NWQ2YjAyMDRkZTJlYzE4MmY5NWYzYjY5Mzc3ZjUzNSIsInRhZyI6IiJ9;;"[Kegiatan Usaha: -, Kategori: -, KBLI: 46634]; [Kegiatan Usaha: -, Kategori: -, KBLI: 46620]; [Kegia...";;;;;OSS - Perorangan;;;invalid;;;FALSE;FALSE;TRUE;;;invalid;;;;;;baharindo multikarya investama;1;1;1;BAHARINDO MULTIKARYA INVESTAMA;Jalan Kapten Piere Tendean;jalan kapten piere tendean;758;46;baharindo multikarya investama jalan kapten piere tendean kbli46;1;0;1;0;Aktif;Jalan Kapten Piere Tendean;0;0;;;NAIK 0702 - 15.15 WITA;6401040004_0_0;-1.902840;116.19551;0;0
6723;2567850;WAHANA KARYA;Jl. KH. Dewantara Gg. Anugrah Rt. 012 Rw. 005;6401040004;64;1;40;4;KALIMANTAN TIMUR;PASER;TANAH GROGOT;TANAH GROGOT;eyJpdiI6Im5zemRkVVRWZExaYnU2OEM5VStrenc9PSIsInZhbHVlIjoiL2krSjJUWStreStVMFN4dEt0QVJTQT09IiwibWFjIjoiNDRiODFlNTgwOWJmOGRlNzZmMGY1OTM3NTRjY2U5NjQ1ODM1NDJmNzk2NGQ5YTFmOWVlNGMzOWM1YTZhYzI3YSIsInRhZyI6IiJ9;;"[Kegiatan Usaha: -, Kategori: G, KBLI: 47411]; [Kegiatan Usaha: Perdagangan Eceran Komputer Dan Perl...";;;45985;UMKM;Dir Pajak;;;invalid;;;FALSE;FALSE;TRUE;;;invalid;;;;;;wahana karya;0.935183487;1;1;WAHANA KARYA;Jl. KH. Dewantara Gg. Anugrah;jl kh dewantara gg anugrah rt 012 rw 005;135;47;wahana karya jl kh dewantara gg anugrah rt 012 rw 005 kbli47;1;0;1;0;Aktif;Jl KH Dewantara Gg Anugrah Rt 012 Rw 005;12;5;;;NAIK 0702 - 15.15 WITA;6401040004_12_5;-1.91719;116.19379;0;0
6733;2570860;WINDASARI;JL.HOS COKROAMINOTO                               , TANAH GROGOT;6401040004;64;1;40;4;KALIMANTAN TIMUR;PASER;TANAH GROGOT;TANAH GROGOT;eyJpdiI6IjN2cG5ScFkzSnp0UGhFSENabW1nakE9PSIsInZhbHVlIjoiK044Wlo2ODhvaTFMTDlxK05GZHhPZz09IiwibWFjIjoiZTA4ZTY0OTY2MWVjMjMyYjQwNjNhMjVmMGU2NGYwNjZjZDNjMDAxM2E4NzdjNTM2YmMyY2M4MGM2ODhjZTJhZiIsInRhZyI6IiJ9;;[Kegiatan Usaha: -, Kategori: F, KBLI: 42918];;;46006;UMKM;Dir Pajak;;;invalid;;;FALSE;FALSE;TRUE;;;invalid;;;;;;windasari;0.853144206;1;1;WINDA SARI, CV;JL HOS. COKROAMINOTO NO.39;jl hos cokroaminoto tanah grogot;136;42;windasari jl hos cokroaminoto tanah grogot kbli42;1;0;1;0;Aktif;JLHOS COKROAMINOTO TANAH GROGOT;0;0;;;NAIK 0702 - 15.15 WITA;6401040004_0_0;-1.9164426;116.1935221;0;0
6766;2517470;SADURENGAS ABADI;RM. NOTO SUNARDI NO.55;6401040004;64;1;40;4;KALIMANTAN TIMUR;PASER;TANAH GROGOT;TANAH GROGOT;eyJpdiI6IjZiQzdESHZLNW1IbC9LNFdlYjNKbkE9PSIsInZhbHVlIjoib2VCUHd1T29RNit3dFhKTERVRG5qdz09IiwibWFjIjoiNWExMDU1ZTA3NjUzZGQzOTM2NTJjNGQwYmYzYzBkNzc4ZTNlMzA2NDRkMDRmYjQ4OGViMDM3ZTUxZjAzZWU4MyIsInRhZyI6IiJ9;;"[Kegiatan Usaha: -, Kategori: G, KBLI: 46100]; [Kegiatan Usaha: Aktivitas Penyewaan dan Sewa Guna Us...";;;45985;UMKM;Dir Pajak;;;invalid;;;FALSE;FALSE;TRUE;;;invalid;;;;;;sadurengas abadi;0.8046022;1;1;SADURENGAS JAYA ABADI;JL.RM.Noto Sunardi No.55;rm noto sunardi no 55;137;46;sadurengas abadi rm noto sunardi no 55 kbli46;1;0;1;0;Aktif;RM NOTO SUNARDI NO55;0;0;;;NAIK 0702 - 15.15 WITA;6401040004_0_0;-1.9163492;116.188558;0;0
6809;2605795;GEMILANG BERKAH PERSADA;Jl. Gajah Mada Rt. 007 Rw. 003;6401040004;64;1;40;4;KALIMANTAN TIMUR;PASER;TANAH GROGOT;TANAH GROGOT;eyJpdiI6ImozeVQzWHkxVTlBUFk5SW0rajc4NlE9PSIsInZhbHVlIjoiMUwrT056cHNUTXRwRVNHVkN6ZksyQT09IiwibWFjIjoiYTQ5OTE3MDMyMjUxYjI4MGM4NzM5M2VlZTNjZDQxNDRmNzYzZjlkOWNjYjY4ZjE1MzkwZjU2YzlmZDkyNmMyMiIsInRhZyI6IiJ9;;"[Kegiatan Usaha: Konstruksi Gedung Lainnya, Kategori: , KBLI: 41019]; [Kegiatan Usaha: -, Kategori: ...";;;45985;UMKM;Dir Pajak;;;invalid;;;FALSE;FALSE;TRUE;;;invalid;;;;;;gemilang berkah persada;0.964873557;1;1;GEMILANG BERKAH PERSADA, pt;Jl. Gajah Mada Rt. 007 Rw. 003;jl gajah mada rt 007 rw 003;139;41;gemilang berkah persada jl gajah mada rt 007 rw 003 kbli41;1;0;1;0;Aktif;Jl Gajah Mada Rt 007 Rw 003;7;3;;;NAIK 0702 - 15.15 WITA;6401040004_7_3;-1.90916;116.188706;0;0
6810;17858831;GEMILANG BERKAH PERSADA, pt;Jl. Gajah Mada Rt. 007 Rw. 003;6401040004;64;1;40;4;KALIMANTAN TIMUR;PASER;TANAH GROGOT;TANAH GROGOT;eyJpdiI6IndtbVBIV2xRV3hueG5VTDhVNkxRd2c9PSIsInZhbHVlIjoia2lJbW5ySWJpTDdyYTRXemtrQnQ5UT09IiwibWFjIjoiYmI3Njk3ZTAwMWMzMjc5MWQ4NzM5ODQzOTAwZjg0YTJkMjcwMGY4ZWIwNGRjNmUzZTRkNzcxMzAxODgwYzhjNSIsInRhZyI6IiJ9;;"[Kegiatan Usaha: -, Kategori: F, KBLI: -]; [Kegiatan Usaha: -, Kategori: G, KBLI: -]";;;45962;;;;;invalid;;;FALSE;FALSE;TRUE;;;invalid;;;;;;gemilang berkah persada;0.964873557;1;4;GEMILANG BERKAH PERSADA;Jl. Gajah Mada Rt. 007 Rw. 003;jl gajah mada rt 007 rw 003;139;0;gemilang berkah persada jl gajah mada rt 007 rw 003 kbli00;4;0;0;0;Aktif;Jl Gajah Mada Rt 007 Rw 003;7;3;;;NAIK 0702 - 15.15 WITA;6401040004_7_3;-1.90916;116.188706;0;0
6851;2626232;DZARWA;JL SULTAN HASANUDDIN;6401040004;64;1;40;4;KALIMANTAN TIMUR;PASER;TANAH GROGOT;TANAH GROGOT;eyJpdiI6IndDYzd5dytQNnNoUzdyVGFadmVlMVE9PSIsInZhbHVlIjoiN0FBM0JqK2FLdDRjL1ozdENMc1NEUT09IiwibWFjIjoiYTg2NDEzMzRmNTMwMzBjMzA4ZmFjNjIwMGJlNDg4ZWQ3ZDY1ZjMyODg0MTUyM2E2MmM3ZTQzMTlmZGZmYTUxMyIsInRhZyI6IiJ9;;[Kegiatan Usaha: -, Kategori: F, KBLI: 42918];;;46006;UMKM;Dir Pajak;;;invalid;;;FALSE;FALSE;TRUE;;;invalid;;;;;;dzarwa;0.847981101;1;1;WIRA;JALAN SULTAN HASANUDDIN;jl sultan hasanuddin;141;42;dzarwa jl sultan hasanuddin kbli42;1;0;1;0;Aktif;JL SULTAN HASANUDDIN;0;0;;;NAIK 0702 - 15.15 WITA;6401040004_0_0;-1.9199895;116.1951828;0;0
6980;2644366;DARUT TARBIYAH PASER;JL.RM.NOTO SUNARDI;6401040004;64;1;40;4;KALIMANTAN TIMUR;PASER;TANAH GROGOT;TANAH GROGOT;eyJpdiI6IjNiQVpVck5OcmllWmhkdFRzRFMyQnc9PSIsInZhbHVlIjoiVk9wV0wyak5UeTRtNHo4VzRuUE83Zz09IiwibWFjIjoiMjZmZTk0NDgzOWI4NzEyZmMzMjMxYjQyYmEyNGYyMjM4NTM4N2VjMTc0N2QwMzA1ZDJlOGRlNGEyOTEwYWYxNCIsInRhZyI6IiJ9;;[Kegiatan Usaha: -, Kategori: S, KBLI: 94910];;;46006;UMKM;Dir Pajak;;;invalid;;;FALSE;FALSE;TRUE;;;invalid;;;;;;darut tarbiyah paser;0.839498443;1;1;PC SAPMA PASER;JL. RM. NOTO SUNARDI;jl rm noto sunardi;144;94;darut tarbiyah paser jl rm noto sunardi kbli94;1;0;1;0;Aktif;JLRMNOTO SUNARDI;0;0;;;NAIK 0702 - 15.15 WITA;6401040004_0_0;-1.9163492;116.188558;0;0
7019;2646831;BORNEO TAKA;JL.RA.KARTINI;6401040004;64;1;40;4;KALIMANTAN TIMUR;PASER;TANAH GROGOT;TANAH GROGOT;eyJpdiI6IjhMVjNCK3ZXMHluemE3bFQvNFRQWXc9PSIsInZhbHVlIjoic1paM1o4TTdkUkk4bTlBaU9wZHVqZz09IiwibWFjIjoiNmVhMDFlNjYxYmYyZTI0MjU4NmM2MzY4ZWYxNDY2ZWZmMmY5NmY3ZGQ5NWI2NDFlZjZlZjQzYzQ5NTBlY2MwOCIsInRhZyI6IiJ9;;[Kegiatan Usaha: -, Kategori: G, KBLI: 46100];;;46006;UMKM;Dir Pajak;;;invalid;;;FALSE;FALSE;TRUE;;;invalid;;;;;;borneo taka;0.908889289;1;1;BORNEO TAKA, CV;JL RA KARTINI;jl ra kartini;145;46;borneo taka jl ra kartini kbli46;1;0;1;0;Aktif;JLRAKARTINI;0;0;;;NAIK 0702 - 15.15 WITA;6401040004_0_0;-1.908559;116.194651;0;0
7071;2654287;FAMILY AGRO;JL RA. KARTINI;6401040004;64;1;40;4;KALIMANTAN TIMUR;PASER;TANAH GROGOT;TANAH GROGOT;eyJpdiI6ImsybHUrSmVZOXRDeWNwZERtNFV1YXc9PSIsInZhbHVlIjoiN2JlTWI5MmVrbzgwcnFGNTd2Mmk2UT09IiwibWFjIjoiNzlhMGJlZmIxM2NkYzhkNDM3MTBjZTIyYzllZmNlNjkzZmVjZTkzMzEzYjEyYzMzOTBjMzQwNTFlZDI1ZTdhYiIsInRhZyI6IiJ9;;[Kegiatan Usaha: -, Kategori: G, KBLI: 46100];;;46006;UMKM;Dir Pajak;;;invalid;;;FALSE;FALSE;TRUE;;;invalid;;;;;;family agro;0.856104881;1;1;FAMILY AGRO, CV;JL RA KARTINI NO 02 A;jl ra kartini;146;46;family agro jl ra kartini kbli46;1;0;1;0;Aktif;JL RA KARTINI;0;0;;;NAIK 0702 - 15.15 WITA;6401040004_0_0;-1.908559;116.194651;0;0
7143;6396059;BAMEGA INDAH, CV;JL GAJAH MADA NO 32;6401040004;64;1;40;4;KALIMANTAN TIMUR;PASER;TANAH GROGOT;TANAH GROGOT;eyJpdiI6Ik9KKzNxVlYxRTVxSXNDNC9RZ1dMVEE9PSIsInZhbHVlIjoiSStZWnNtclI4czhJeTFhQXZUZTFHUT09IiwibWFjIjoiMGQ1MDhjYjhkNTQxYmIwYTA3ZWRlZGUyM2MzNGY1YjIzNzdhOWRjYjEzYmZjZWM5ZjhkMTIxNmVhYmNkYTVhOSIsInRhZyI6IiJ9;;[Kegiatan Usaha: -, Kategori: F, KBLI: -];;;46006;UMKM;;;;invalid;;;FALSE;FALSE;TRUE;;;invalid;;;;;;bamega indah;0.800354095;1;4;BAMEGA INDAH;Jl. Gajah Mada Rt. 008 Rw.003 No. 32;jl gajah mada no 32;147;0;bamega indah jl gajah mada no 32 kbli00;4;0;1;0;Aktif;JL GAJAH MADA NO 32;0;0;;;NAIK 0702 - 15.15 WITA;6401040004_0_0;-1.9092068;116.1873297;0;0
7340;2746101;LAVAN JAYA ABADI;Jl.Hos.Cokroaminoto;6401040004;64;1;40;4;KALIMANTAN TIMUR;PASER;TANAH GROGOT;TANAH GROGOT;eyJpdiI6Ik1LaDduckJzemQwN3owL1VDbEpQVWc9PSIsInZhbHVlIjoiUDdjckxkcnJVcGgzbFJnbkRITGNLZz09IiwibWFjIjoiOTRlMGViMzUzOWE2NzI2OGZkYmI1YTRjZDkzYWU2YWI0ODRjNGMzZjkzZTc3YWJkNTg1Y2I1NjdkNzgxZjI4NCIsInRhZyI6IiJ9;;"[Kegiatan Usaha: Konstruksi Gedung Hunian, Kategori: , KBLI: 41011]; [Kegiatan Usaha: -, Kategori: G...";;;45985;UMKM;Dir Pajak;;;invalid;;;FALSE;FALSE;TRUE;;;invalid;;;;;;lavan jaya abadi;1;1;1;LAVAN JAYA ABADI, CV;JL HOS COKROAMINOTO;jl hos cokroaminoto;151;41;lavan jaya abadi jl hos cokroaminoto kbli41;1;0;1;0;Aktif;JlHosCokroaminoto;0;0;;;NAIK 0702 - 15.15 WITA;6401040004_0_0;-1.9164426;116.1935221;0;0
7423;2778514;GAMA TEHNIK MANDIRI;JL. DR. CIPTO MANGUNKUSUMO RT. 003 RW. 004;6401040004;64;1;40;4;KALIMANTAN TIMUR;PASER;TANAH GROGOT;TANAH GROGOT;eyJpdiI6Iit6RU1pS3B6cm0yenRFa1k0V3NJZHc9PSIsInZhbHVlIjoiVGJJMmZ2bFZUQWpseXBaQ2JtRnRzdz09IiwibWFjIjoiNTA5YmNkOTc3YzYwMDlhM2Y3NTg3NDJiOTMzOGU0MGFkODhiZTZmYzliYWQ1OThjNzEzNDExMGQxZDRmNTY4YyIsInRhZyI6IiJ9;;"[Kegiatan Usaha: -, Kategori: G, KBLI: 46100]; [Kegiatan Usaha: Perdagangan Eceran Peralatan Listrik...";;;45985;UMKM;Dir Pajak;;;invalid;;;FALSE;FALSE;TRUE;;;invalid;;;;;;gama tehnik mandiri;0.831446233;1;1;GRIYA TEHNIK MANDIRI;JL. DR. CIPTO MANGUNKUSUMO;jl dr cipto mangunkusumo rt 003 rw 004;153;46;gama tehnik mandiri jl dr cipto mangunkusumo rt 003 rw 004 kbli46;1;0;1;0;Aktif;JL DR CIPTO MANGUNKUSUMO RT 003 RW 004;3;4;;;NAIK 0702 - 15.15 WITA;6401040004_3_4;-1.90171;116.189459;0;0
7480;2781075;MAGFIRAH;JALAN KANDILO BAHARI;6401040004;64;1;40;4;KALIMANTAN TIMUR;PASER;TANAH GROGOT;TANAH GROGOT;eyJpdiI6IlJKd29ISXlSSERsYis1L2wvTDIyNFE9PSIsInZhbHVlIjoiN3poRklSL1BOUUozZ1UwM1FqV2dBQT09IiwibWFjIjoiOTcxOGNjOTA5NGJlYjgwM2Y3ODJmMzJmZGRjYzA5ZThmZjBiMmFjZWI0YWVmZWQ1YmNlZWMyZjI5ZTdlZmQyNyIsInRhZyI6IiJ9;;[Kegiatan Usaha: -, Kategori: G, KBLI: 46100];;;46006;UMKM;Dir Pajak;;;invalid;;;FALSE;FALSE;TRUE;;;invalid;;;;;;magfirah;0.805958545;1;1;MAGFIRAH, CV;JL KANDILO BAHARI;jalan kandilo bahari;154;46;magfirah jalan kandilo bahari kbli46;1;0;1;0;Aktif;JALAN KANDILO BAHARI;0;0;;;NAIK 0702 - 15.15 WITA;6401040004_0_0;-1.9177055;116.1972105;0;0
7497;6396069;MAGFIRAH, CV;JL KANDILO BAHARI;6401040004;64;1;40;4;KALIMANTAN TIMUR;PASER;TANAH GROGOT;TANAH GROGOT;eyJpdiI6ImZoS1dGVGs5SVhrTHppQ0srRGNlMGc9PSIsInZhbHVlIjoiZDVyMUFmRW53YWhTcXNhQk1EeGhNQT09IiwibWFjIjoiNTI3MWMzNjlhN2UxOWVhYjA1YzliZWUyMzZiMTI1N2U4MWMwNjJkN2MzZmFiYjAzODBmYTJhMTI2MjI1YzYxNCIsInRhZyI6IiJ9;;[Kegiatan Usaha: -, Kategori: F, KBLI: -];;;46006;UMKM;;;;invalid;;;FALSE;FALSE;TRUE;;;invalid;;;;;;magfirah;0.805958545;1;4;MAGFIRAH;JALAN KANDILO BAHARI;jl kandilo bahari;154;0;magfirah jl kandilo bahari kbli00;4;0;1;0;Aktif;JL KANDILO BAHARI;0;0;;;NAIK 0702 - 15.15 WITA;6401040004_0_0;-1.9177055;116.1972105;0;0
7644;2801351;MEGA AUTO FINANCE;JL KI.HAJAR DEWANTARA RT. 012 RW. 005;6401040004;64;1;40;4;KALIMANTAN TIMUR;PASER;TANAH GROGOT;TANAH GROGOT;eyJpdiI6InNTTm5XNHdDQUVxL3EwanVaekpEUHc9PSIsInZhbHVlIjoic0UveGhVTWpWVXMxVmhESExVMU84QT09IiwibWFjIjoiYzg3YTUxYmRiM2JhOTE5MzlhYmZhZmM1N2QxN2ZhOTEyMTc0MTc4NGJiZWE1NjdmNmE0MGQ3MzhlZmM0N2ExNSIsInRhZyI6IiJ9;;[Kegiatan Usaha: -, Kategori: K, KBLI: 64913];;;46006;UMKM;Dir Pajak;;;invalid;;;FALSE;FALSE;TRUE;;;invalid;;;;;;mega auto finance;0.90216309;1;1;MEGA CENTRAL FINANCE;JL KI.HAJAR DEWANTARA RT. 12 RW. 005;jl ki hajar dewantara rt 012 rw 005;158;64;mega auto finance jl ki hajar dewantara rt 012 rw 005 kbli64;1;0;1;0;Aktif;JL KIHAJAR DEWANTARA RT 012 RW 005;12;5;;;NAIK 0702 - 15.15 WITA;6401040004_12_5;-1.91719;116.19379;0;0
7647;2940219;MEGA CENTRAL FINANCE;JL KI.HAJAR DEWANTARA RT. 12 RW. 005;6401040004;64;1;40;4;KALIMANTAN TIMUR;PASER;TANAH GROGOT;TANAH GROGOT;eyJpdiI6IlpoeFQ2ZU55ZGV1UFNWenl2NEdMbnc9PSIsInZhbHVlIjoiQm5nQU96M0xaeXhUU3o3OHRjU2hndz09IiwibWFjIjoiMDU1ZGUxYWUxYTI5MzFmODg4MjE0NjFiMzE3ZWQzMGRjMWNhNGM4YWUwNjI0OTU0YWY3YzcwMWE5Y2JmMzg1MSIsInRhZyI6IiJ9;;[Kegiatan Usaha: -, Kategori: K, KBLI: 64913];;;46006;UMKM;Dir Pajak;;;invalid;;;FALSE;FALSE;TRUE;;;invalid;;;;;;mega central finance;0.90216309;1;4;MEGA AUTO FINANCE;JL KI.HAJAR DEWANTARA RT. 012 RW. 005;jl ki hajar dewantara rt 12 rw 005;158;64;mega central finance jl ki hajar dewantara rt 12 rw 005 kbli64;4;0;1;0;Aktif;JL KIHAJAR DEWANTARA RT 12 RW 005;12;5;;;NAIK 0702 - 15.15 WITA;6401040004_12_5;-1.91719;116.19379;0;0
7671;2802670;PASIR PUTIH GEMILANG;JL. JEND. AHMAD YANI;6401040004;64;1;40;4;KALIMANTAN TIMUR;PASER;TANAH GROGOT;TANAH GROGOT;eyJpdiI6IjMzNDhhY0tpN1k1cVMyOVkxZEx4UlE9PSIsInZhbHVlIjoiSC9VYVBuQlJMOC9tNWtXM3J5S0FhZz09IiwibWFjIjoiNzg3MGI3YjFiMzZkNzA4NGFjMjYzYzJmZDI3YjU2NDg2NTkwMWY4NTRlYTNjZGRjYTMxNDA1MzBmMmI3ZDRjZCIsInRhZyI6IiJ9;;"[Kegiatan Usaha: -, Kategori: G, KBLI: 47724]; [Kegiatan Usaha: Perdagangan Besar Mesin, Peralatan D...";;;45985;UMKM;Dir Pajak;;;invalid;;;FALSE;FALSE;TRUE;;;invalid;;;;;;pasir putih gemilang;0.839353514;1;1;PASIR PUTIH GEMILANG, CV;JL AHMAD YANI GG PADAT KARYA;jl jend ahmad yani;159;47;pasir putih gemilang jl jend ahmad yani kbli47;1;0;1;0;Aktif;JL JEND AHMAD YANI;0;0;;;NAIK 0702 - 15.15 WITA;6401040004_0_0;-1.9059806;116.1948311;0;0
7721;2863262;CITRA ABADI;JL.GAJAH MADA NO.72 RT.007/003, TANAH GROGOT;6401040004;64;1;40;4;KALIMANTAN TIMUR;PASER;TANAH GROGOT;TANAH GROGOT;eyJpdiI6InFTbDZzZkVxR3pkK0JmRDZMdGxnMkE9PSIsInZhbHVlIjoicjVONjhsQ1NWYkEvMzFuR0pHdyt4dz09IiwibWFjIjoiY2QwZjg1NmY3M2M4YjdhNjYwMTUwOTYxYjQ5MDM5MWJmYjhhMGU0OGIwZjU0M2ZhNGNjN2VhYmU5OTIzY2RiZSIsInRhZyI6IiJ9;;[Kegiatan Usaha: -, Kategori: G, KBLI: 46100];;;45664;UMKM;Dir Pajak;;;invalid;;;FALSE;FALSE;TRUE;;;invalid;;;;;;citra abadi;0.834362606;1;1;CITRA ABADI, CV;JL GAJAH MADA NO 72 TANAH GROGOT;jl gajah mada no 72 rt 007 003 tanah grogot;160;46;citra abadi jl gajah mada no 72 rt 007 003 tanah grogot kbli46;1;0;1;0;Aktif;JLGAJAH MADA NO72 RT007003 TANAH GROGOT;7;3;;;NAIK 0702 - 15.15 WITA;6401040004_7_3;-1.90916;116.188706;0;0
7753;2875624;EDUCATION AGRICULTURE YOUTH EMPOWERMENT;R.M. NOTO SUNARDI;6401040004;64;1;40;4;KALIMANTAN TIMUR;PASER;TANAH GROGOT;TANAH GROGOT;eyJpdiI6ImppZm11ejAwYmlWcXU4SFZzYXkwZXc9PSIsInZhbHVlIjoiUnRoQk1Lc2pHVTVlbk4zMThjUytoZz09IiwibWFjIjoiY2UwZWNkNGU5MTEwNjk1MDFiZDkwMDY1NmIxOTVlOTY0NGMxYTcyY2VmNTg3MTY1MTZhNjU3YzUwNzdlM2IxMiIsInRhZyI6IiJ9;;[Kegiatan Usaha: -, Kategori: P, KBLI: 85500];;;46006;UMKM;Dir Pajak;;;invalid;;;FALSE;FALSE;TRUE;;;invalid;;;;;;education agriculture youth empowerment;0.975137966;1;1;EDUCATION AGRICULTURE YOUTH EMPOWERMENT;Jalan R.M Noto Sunardi;r m noto sunardi;161;85;education agriculture youth empowerment r m noto sunardi kbli85;1;0;1;0;Aktif;RM NOTO SUNARDI;0;0;;;NAIK 0702 - 15.15 WITA;6401040004_0_0;-1.9163492;116.188558;0;0
7789;2919035;ALDY JAYA;JL. SULTAN HASANUDDIN;6401040004;64;1;40;4;KALIMANTAN TIMUR;PASER;TANAH GROGOT;TANAH GROGOT;eyJpdiI6InlrNDFOdFpENFYrNEI4UThWWEUxK2c9PSIsInZhbHVlIjoiK1Z2U2tKOGd3VVhpeVBqbGpSUW1sdz09IiwibWFjIjoiODA4N2ZjN2YzN2FmMzUzNTI4ZThjZTIyM2U3NDk3OGZhNzNiZjdmM2VlY2YwNzZmMzM4ZmZkOTliMWE3ODA3NyIsInRhZyI6IiJ9;;"[Kegiatan Usaha: -, Kategori: G, KBLI: 46100]; [Kegiatan Usaha: Konstruksi Jaringan Irigasi dan Drai...";;;45985;UMKM;Dir Pajak;;;invalid;;;FALSE;FALSE;TRUE;;;invalid;;;;;;aldy jaya;0.83735083;1;1;DAVIAN;Jalan Sultan Hasanuddin;jl sultan hasanuddin;162;46;aldy jaya jl sultan hasanuddin kbli46;1;0;1;0;Aktif;JL SULTAN HASANUDDIN;0;0;;;NAIK 0702 - 15.15 WITA;6401040004_0_0;-1.9199895;116.1951828;0;0
7832;2934340;ROTTERDAM CONSULTANT;Jl. Gajah Mada, Gg. Cendana, No.9;6401040004;64;1;40;4;KALIMANTAN TIMUR;PASER;TANAH GROGOT;TANAH GROGOT;eyJpdiI6IklCVElwZnBnbk5nM3hWcGhJR21qQVE9PSIsInZhbHVlIjoiSDlMbFEydTlNb2tCOTRYYWRIU3dXZz09IiwibWFjIjoiYjllN2M5MzRiNjcwNDE3MzIxMjdmOTFkYzI4OTIxNDBhMDViZjU2ZTRkMjQ5MWMzYTdlOTFkZmMxNjdhYjUyNiIsInRhZyI6IiJ9;;"[Kegiatan Usaha: -, Kategori: M, KBLI: 71101]; [Kegiatan Usaha: Aktivitas Keinsinyuran dan Konsultas...";;;45985;UMKM;Dir Pajak;;;invalid;;;FALSE;FALSE;TRUE;;;invalid;;;;;;rotterdam consultant;0.872793573;1;1;ROTTERDAM CONSULTANT, CV;JL GAJAH MADA GG. CENDANA NO 09 TANAH GROGOT;jl gajah mada gg cendana no 9;164;71;rotterdam consultant jl gajah mada gg cendana no 9 kbli71;1;0;1;0;Aktif;Jl Gajah Mada Gg Cendana No9;0;0;;;NAIK 0702 - 15.15 WITA;6401040004_0_0;-1.9092068;116.1873297;0;0
7854;3009822;SYAHRAM BERKAH JAYA;JL.  R.M. Noto Sunardi;6401040004;64;1;40;4;KALIMANTAN TIMUR;PASER;TANAH GROGOT;TANAH GROGOT;eyJpdiI6InNVSDZTa3cvTWJEeHZSSGxzdFdLdnc9PSIsInZhbHVlIjoiWTM2MFhuaEF2TlVXNHh2alNSSmo2Zz09IiwibWFjIjoiMGQ2ZTg2MWY3YmRkZmZlNDVmZGE5YTVhMjFhZmJjZTU2MGJjZDg0MTcxYTRjZTY3N2RlMDJjN2UwZDUzODAwYSIsInRhZyI6IiJ9;;"[Kegiatan Usaha: -, Kategori: F, KBLI: 41019]; [Kegiatan Usaha: Konstruksi Gedung Lainnya, Kategori:...";;;45985;UMKM;Dir Pajak;;;invalid;;;FALSE;FALSE;TRUE;;;invalid;;;;;;syahram berkah jaya;0.932259316;1;1;SYAHRAM BERKAH JAYA, CV;JL. R.M. Noto Sunardi RT/RW 004/005;jl r m noto sunardi;165;41;syahram berkah jaya jl r m noto sunardi kbli41;1;0;1;0;Aktif;JL RM Noto Sunardi;0;0;;;NAIK 0702 - 15.15 WITA;6401040004_0_0;-1.9163492;116.188558;0;0
7860;6396143;SYAHRAM BERKAH JAYA, CV;JL. R.M. Noto Sunardi RT/RW 004/005;6401040004;64;1;40;4;KALIMANTAN TIMUR;PASER;TANAH GROGOT;TANAH GROGOT;eyJpdiI6Iml3SXMwQ01XNmc2enlhVmUzYXpvZ3c9PSIsInZhbHVlIjoiRXpiNUVSLzFjMDBHOEhMRVVzWmxYQT09IiwibWFjIjoiYTlkMjNkMmVkOTU2ODg1OTQzNGNmZWVhMWQ2NTIzY2UyZTdlMGU3MWMxNjYwYTZiYWU4NmQ3NmFkZTdiY2IzZiIsInRhZyI6IiJ9;;[Kegiatan Usaha: -, Kategori: F, KBLI: 41019];;;45664;UMKM;;;;invalid;;;FALSE;FALSE;TRUE;;;invalid;;;;;;syahram berkah jaya;0.932259316;1;4;SYAHRAM BERKAH JAYA;JL.  R.M. Noto Sunardi;jl r m noto sunardi rt rw 004 005;165;41;syahram berkah jaya jl r m noto sunardi rt rw 004 005 kbli41;4;0;1;0;Aktif;JL RM Noto Sunardi RTRW 004005;4;5;;;NAIK 0702 - 15.15 WITA;6401040004_4_5;-1.91588;116.190193;0;0
7867;2983088;USAHA NASIONAL INDONESIA;JL ANDEN OKO NO 12 RT 004 RW 001;6401040004;64;1;40;4;KALIMANTAN TIMUR;PASER;TANAH GROGOT;TANAH GROGOT;eyJpdiI6IlI0dXlyWjNIVTVlbTVOcTFJYzRPWmc9PSIsInZhbHVlIjoiUW9CUlVIQ3diak0vTGtjSU1YVHNxUT09IiwibWFjIjoiNzJiNzVkYTVlN2ZiMWVjN2IzZDg1NDBmM2ZhNmZkMjg0YWU4ZmJlMmJkOWFiYmRjMmJmM2Y5ZmMwMDkyNTIxYiIsInRhZyI6IiJ9;;[Kegiatan Usaha: -, Kategori: F, KBLI: 41012];;;45664;UMKM;Dir Pajak;;;invalid;;;FALSE;FALSE;TRUE;;;invalid;;;;;;usaha nasional indonesia;0.876399926;1;1;USAHA NASIONAL INDONESIA, CV;JL ANDEN OKO GG.CANDRA NO.12;jl anden oko no 12 rt 004 rw 001;166;41;usaha nasional indonesia jl anden oko no 12 rt 004 rw 001 kbli41;1;0;1;0;Aktif;JL ANDEN OKO NO 12 RT 004 RW 001;4;1;;;NAIK 0702 - 15.15 WITA;6401040004_4_1;-1.91111;116.200027;0;0
7917;3034534;DILLA INDRA PRATAMA;JL. HOS COKROAMINOTO;6401040004;64;1;40;4;KALIMANTAN TIMUR;PASER;TANAH GROGOT;TANAH GROGOT;eyJpdiI6Ik9STXVBZ2F4YUtJaEdLNnBjL2JjVWc9PSIsInZhbHVlIjoiMFFXWWRPbTlndzFCV3hkbVB1UEtvdz09IiwibWFjIjoiYzdlMTMzMGY1MjNjYTc4MmE0MjM4NDBjZThjNjU0YjM2ZjY1NTA0MzliMGNkYThhMGQwN2QzZTA2MWE3Y2U2YSIsInRhZyI6IiJ9;;[Kegiatan Usaha: -, Kategori: M, KBLI: 71101];;;46006;UMKM;Dir Pajak;;;invalid;;;FALSE;FALSE;TRUE;;;invalid;;;;;;dilla indra pratama;0.849562386;1;1;DILLA INDRA PRATAMA, CV;JL HOS COKROAMINOTO NO, 51 TANAH GROGOT;jl hos cokroaminoto;168;71;dilla indra pratama jl hos cokroaminoto kbli71;1;0;1;0;Aktif;JL HOS COKROAMINOTO;0;0;;;NAIK 0702 - 15.15 WITA;6401040004_0_0;-1.9164426;116.1935221;0;0
7984;6396070;NIFA KARYA MANDIRI, CV;JL KANDILO BAHARI NO 36;6401040004;64;1;40;4;KALIMANTAN TIMUR;PASER;TANAH GROGOT;TANAH GROGOT;eyJpdiI6Im4rTlUrUzFpMTdYT2dxamxPSExzYWc9PSIsInZhbHVlIjoiWGFaZDRsY3hkTUhPRWs4TW5nRERsZz09IiwibWFjIjoiMjU2MmRkMWM1MmRhMTlhMzU1NzExM2FjOGM5MTUxYzRjMDczMTZjMjY4MGUwMWMyNGY3ODQ2ZDc1Yjc1YmQ3ZiIsInRhZyI6IiJ9;;[Kegiatan Usaha: -, Kategori: F, KBLI: -];;;46006;UMKM;;;;invalid;;;FALSE;FALSE;TRUE;;;invalid;;;;;;nifa karya mandiri;0.8702603;1;4;NIFA KARYA MANDIRI;JL.KANDILO BAHARI NO 36 RT.7 RW.1, TANAH GROGOT;jl kandilo bahari no 36;171;0;nifa karya mandiri jl kandilo bahari no 36 kbli00;4;0;1;0;Aktif;JL KANDILO BAHARI NO 36;0;0;;;NAIK 0702 - 15.15 WITA;6401040004_0_0;-1.9177055;116.1972105;0;0
8039;3071868;KARYA UTAMA;Jl. Jenderal Sudirman No. 07 RT.004 RW.003;6401040004;64;1;40;4;KALIMANTAN TIMUR;PASER;TANAH GROGOT;TANAH GROGOT;eyJpdiI6Ii9keDQwZVpYTlJtQzhqTTFvMGNRN2c9PSIsInZhbHVlIjoiVkdvQTJUdkV3Q0FyeDloYUJiQmYwZz09IiwibWFjIjoiYWRhYTNhOWM5Y2M1OWFhOGUzNmYwNjAzN2E2ZjAxNjM1YmI4YTk5YzdmN2ZjNDQ3MGM4ZTBlZjQzZWFiYjMwMSIsInRhZyI6IiJ9;;"[Kegiatan Usaha: Perdagangan Eceran Suku Cadang Dan Aksesori Mobil, Kategori: , KBLI: 45302]; [Kegia...";;;45985;UMKM;Dir Pajak;;;invalid;;;FALSE;FALSE;TRUE;;;invalid;;;;;;karya utama;0.815123578;1;1;MAHAKARYA JAYA UTAMA;Jl. Jenderal Sudirman No. 07 RT.004 RW.003;jl jenderal sudirman no 07 rt 004 rw 003;172;45;karya utama jl jenderal sudirman no 07 rt 004 rw 003 kbli45;1;0;1;0;Aktif;Jl Jenderal Sudirman No 07 RT004 RW003;4;3;;;NAIK 0702 - 15.15 WITA;6401040004_4_3;-1.90849;116.193101;0;0
8051;4502923;MAHAKARYA JAYA UTAMA;Jl. Jenderal Sudirman No. 07 RT.004 RW.003;6401040004;64;1;40;4;KALIMANTAN TIMUR;PASER;TANAH GROGOT;TANAH GROGOT;eyJpdiI6Imwya3h6cW9jbXJNTjdlUDk2WjBRdWc9PSIsInZhbHVlIjoiVy9SMnZYOU51RW5XTWpEVGZEWTJNQT09IiwibWFjIjoiZmNlMmNmZjY4YjhiYmYwNDRhZWY3YmRjNTgyMzJlOTcwY2UyNjhiZmY0YWYyMmVkZGUxYzNkYWM4ODg4ODBjMCIsInRhZyI6IiJ9;;[Kegiatan Usaha: -, Kategori: F, KBLI: 42911];;;45664;UMKM;Dir Pajak;;;invalid;;;FALSE;FALSE;TRUE;;;invalid;;;;;;mahakarya jaya utama;0.815123578;1;4;KARYA UTAMA;Jl. Jenderal Sudirman No. 07 RT.004 RW.003;jl jenderal sudirman no 07 rt 004 rw 003;172;42;mahakarya jaya utama jl jenderal sudirman no 07 rt 004 rw 003 kbli42;4;0;1;0;Aktif;Jl Jenderal Sudirman No 07 RT004 RW003;4;3;;;NAIK 0702 - 15.15 WITA;6401040004_4_3;-1.90849;116.193101;0;0
8052;3080693;GEO TAKA ENGINEERING;Jl. D.I.Panjaitan Gang Jahra RT. 17 RW. 04;6401040004;64;1;40;4;KALIMANTAN TIMUR;PASER;TANAH GROGOT;TANAH GROGOT;eyJpdiI6ImRKN0hDSHhOczAxbVFjZUJmU053WFE9PSIsInZhbHVlIjoiZHZZbnJ6dGY2aVZoOUdud3ZFZTloQT09IiwibWFjIjoiZTBiZDMyZGZjYzAxZjc4MjQ5MjZlMDA0YTA3YzNlNmQ3YzRiZWFkNTg5MjIyMDFkZTIwNTFlZTQwMDBjMGM0ZSIsInRhZyI6IiJ9;;"[Kegiatan Usaha: -, Kategori: M, KBLI: 71101]; [Kegiatan Usaha: Aktivitas Keinsinyuran dan Konsultas...";;;45985;UMKM;Dir Pajak;;;invalid;;;FALSE;FALSE;TRUE;;;invalid;;;;;;geo taka engineering;0.930143605;1;1;ORIENDA ENGINEERING;Jl. D.I.Panjaitan Gang Jahra RT. 17 RW. 04;jl d i panjaitan gang jahra rt 17 rw 04;173;71;geo taka engineering jl d i panjaitan gang jahra rt 17 rw 04 kbli71;1;0;1;0;Aktif;Jl DIPanjaitan Gang Jahra RT 17 RW 04;17;4;;;NAIK 0702 - 15.15 WITA;6401040004_17_4;-1.8938;116.190345;0;0
8056;3056321;ORIENDA ENGINEERING;Jl. D.I.Panjaitan Gang Jahra RT. 17 RW. 04;6401040004;64;1;40;4;KALIMANTAN TIMUR;PASER;TANAH GROGOT;TANAH GROGOT;eyJpdiI6ImpQMUt0S3IvRG5zR0lndnZSc3dDOFE9PSIsInZhbHVlIjoiUG9rRlFuYWRaQmp3UlhOQWg2aTYvQT09IiwibWFjIjoiMjNkYWI5ZjgyMjY3ZGI5ZmY1YWQ1NDA0ZGVhMjBkOTVlNmViNmIzYzIxYjE1NWI0YzhiNzE3NjUzZGVlOTU3MSIsInRhZyI6IiJ9;;"[Kegiatan Usaha: Aktivitas Keinsinyuran dan Konsultasi Teknis YBDI, Kategori: , KBLI: 71102]; [Kegia...";;;45985;UMKM;Dir Pajak;;;invalid;;;FALSE;FALSE;TRUE;;;invalid;;;;;;orienda engineering;0.930143605;1;4;GEO TAKA ENGINEERING;Jl. D.I.Panjaitan Gang Jahra RT. 17 RW. 04;jl d i panjaitan gang jahra rt 17 rw 04;173;71;orienda engineering jl d i panjaitan gang jahra rt 17 rw 04 kbli71;4;0;1;0;Aktif;Jl DIPanjaitan Gang Jahra RT 17 RW 04;17;4;;;NAIK 0702 - 15.15 WITA;6401040004_17_4;-1.8938;116.190345;0;0
8072;3109652;JATRI KARYA MANDIRI;JALAN HOS COKROAMINOTO;6401040004;64;1;40;4;KALIMANTAN TIMUR;PASER;TANAH GROGOT;TANAH GROGOT;eyJpdiI6IjAvUHoyNEd1Y05DTk5kVjVxRGxVR0E9PSIsInZhbHVlIjoiMlh3UXlZY1pvZy9GcTVPa2ZqRTQ5UT09IiwibWFjIjoiMDU1MGEzMWM3ZDNhNmVhYjliMzIyZThkZGU2YzY5OTI0ODYxMjEzNzhmZWM4MWM0MTk5NTIwNjRjMDNiNmY1YiIsInRhZyI6IiJ9;;[Kegiatan Usaha: -, Kategori: F, KBLI: 42101];;;46006;UMKM;Dir Pajak;;;invalid;;;FALSE;FALSE;TRUE;;;invalid;;;;;;jatri karya mandiri;0.90996131;1;1;JATRI KARYA MANDIRI, CV;JL HOS COKROAMINOTO;jalan hos cokroaminoto;175;42;jatri karya mandiri jalan hos cokroaminoto kbli42;1;0;1;0;Aktif;JALAN HOS COKROAMINOTO;0;0;;;NAIK 0702 - 15.15 WITA;6401040004_0_0;-1.9164426;116.1935221;0;0
8092;3119720;GEOSYLVA LESTARI;JL. SULTAN HASANUDDIN;6401040004;64;1;40;4;KALIMANTAN TIMUR;PASER;TANAH GROGOT;TANAH GROGOT;eyJpdiI6InRwMDh0YTFod0o0MmkvMk9jczN1dlE9PSIsInZhbHVlIjoiOFB3OVluYTltTkFmR3lOaVFQSm8rUT09IiwibWFjIjoiMTNhYTNjY2JjNzg4M2JiNzJkY2Q3ZjNkMWQ5NGU3OTY2NThhOTlhYWRkYjMxY2VhMjI0MDQwYjlkNWEwYzg4YiIsInRhZyI6IiJ9;;[Kegiatan Usaha: -, Kategori: M, KBLI: 71101];;;46006;UMKM;Dir Pajak;;;invalid;;;FALSE;FALSE;TRUE;;;invalid;;;;;;geosylva lestari;0.851404288;1;1;PUJI LESTARI;JL SULTAN HASANUDDIN;jl sultan hasanuddin;177;71;geosylva lestari jl sultan hasanuddin kbli71;1;0;1;0;Aktif;JL SULTAN HASANUDDIN;0;0;;;NAIK 0702 - 15.15 WITA;6401040004_0_0;-1.9199895;116.1951828;0;0
8134;3167912;KURNIA ABADI;JL. SULTAN HASANUDDIN RT.001 RW.002, TANAH GROGOT;6401040004;64;1;40;4;KALIMANTAN TIMUR;PASER;TANAH GROGOT;TANAH GROGOT;eyJpdiI6IkR2WCsxbk1GM3FLY1owbWNjS0lLN0E9PSIsInZhbHVlIjoiSEErVGd5Q0NEamlqa3RHR1pZdUJqUT09IiwibWFjIjoiZjliZWY4OGVhNzUxZTAwZThhMmVjYTgzZGZlOGI0NmUzNWNkYjY1YmMyOTAxZDM0NDBkOTk3NWM4MmUyZWM1OCIsInRhZyI6IiJ9;;"[Kegiatan Usaha: -, Kategori: G, KBLI: 47111]; [Kegiatan Usaha: Konstruksi Bangunan Sipil Jalan, Kat...";;;46015;UMKM;Dir Pajak;;;invalid;;;FALSE;FALSE;TRUE;;;invalid;;;;;;kurnia abadi;0.916854474;1;1;KURNIA ABADI, CV;Jl. Sultan Hasanuddin Rt. 002 Rw. 001;jl sultan hasanuddin rt 001 rw 002 tanah grogot;179;47;kurnia abadi jl sultan hasanuddin rt 001 rw 002 tanah grogot kbli47;1;0;1;0;Aktif;JL SULTAN HASANUDDIN RT001 RW002 TANAH GROGOT;1;2;;;NAIK 0702 - 15.15 WITA;6401040004_1_2;-1.91744;116.196977;0;0
8286;3338575;CAHAYA MULIA ELEKTRINDO;Jalan sultan iskandar muda n0 06;6401040004;64;1;40;4;KALIMANTAN TIMUR;PASER;TANAH GROGOT;TANAH GROGOT;eyJpdiI6IitoNFJPSll6cCtKQ2QvZUZ6UDVEVFE9PSIsInZhbHVlIjoiMEZLWWdCM3dXNU4rTFRkdU1KR2pTQT09IiwibWFjIjoiYzQ4MjlkZWU5YTQyMmViYWMyNjZmYzQ5ZTZlYjAzN2FhMjA4NDcyMWZjZjA2M2EwZGYyYjYwOTc5NWJiMDQ1MCIsInRhZyI6IiJ9;;"[Kegiatan Usaha: -, Kategori: F, KBLI: 43211]; [Kegiatan Usaha: Instalasi Listrik, Kategori: , KBLI:...";;;45985;UMKM;Dir Pajak;;;invalid;;;FALSE;FALSE;TRUE;;;invalid;;;;;;cahaya mulia elektrindo;0.96651801;1;1;PT. CAHAYA MULIA ELEKTRINDO;Jl. Sultan Iskandar Muda No.6;jalan sultan iskandar muda n0 06;183;43;cahaya mulia elektrindo jalan sultan iskandar muda n0 06 kbli43;1;0;1;0;Aktif;Jalan sultan iskandar muda n0 06;0;0;;;NAIK 0702 - 15.15 WITA;6401040004_0_0;-1.920139;116.194612;0;0
8366;3442795;MAREHARA JAYA ABADI;JALAN RA KARTINI;6401040004;64;1;40;4;KALIMANTAN TIMUR;PASER;TANAH GROGOT;TANAH GROGOT;eyJpdiI6IjFmYXR6Tk5KckM3NjlCV0ppZkhzdVE9PSIsInZhbHVlIjoiSFBLV1pJeTU1THFYd2syZ1I4b0gxQT09IiwibWFjIjoiNWRiMTA1ZjdiYjBjZmQ3YjJkNGI4M2RmMGI2MTg1NzM4YzAyMzJhNmFhNTYyODQ2NWEzM2ZiZWZhNTIyMzFiZCIsInRhZyI6IiJ9;;[Kegiatan Usaha: -, Kategori: F, KBLI: 41019];;;46006;UMKM;Dir Pajak;;;invalid;;;FALSE;FALSE;TRUE;;;invalid;;;;;;marehara jaya abadi;0.866500055;1;1;MAREHARA JAYA ABADI, CV;JL RA KARTINI;jalan ra kartini;186;41;marehara jaya abadi jalan ra kartini kbli41;1;0;1;0;Aktif;JALAN RA KARTINI;0;0;;;NAIK 0702 - 15.15 WITA;6401040004_0_0;-1.908559;116.194651;0;0
8441;3583982;BAYU JAYA;JL.HOS COKROAMINOTO RT.02 RW.02, TANAH GROGOT;6401040004;64;1;40;4;KALIMANTAN TIMUR;PASER;TANAH GROGOT;TANAH GROGOT;eyJpdiI6IjBmUFZDMEJkZzIxMUVUYnFuTENPdWc9PSIsInZhbHVlIjoiSlR1czdia09tYmNCeGVHaE85T2tSZz09IiwibWFjIjoiYWQwYWZhMTYzMDkyY2MzZjE0MjU2YzU4ODRiZDJkMWQwYzk2YWIzMzBjMDgyZjkwOWI1YWE3NGU4NzEyZDViYSIsInRhZyI6IiJ9;;[Kegiatan Usaha: -, Kategori: F, KBLI: 42918];;;46006;UMKM;Dir Pajak;;;invalid;;;FALSE;FALSE;TRUE;;;invalid;;;;;;bayu jaya;0.800474009;1;1;POWER, CV;JL HOS. COKROAMINOTO NO.81 TANAH GROGOT;jl hos cokroaminoto rt 02 rw 02 tanah grogot;189;42;bayu jaya jl hos cokroaminoto rt 02 rw 02 tanah grogot kbli42;1;0;1;0;Aktif;JLHOS COKROAMINOTO RT02 RW02 TANAH GROGOT;2;2;;;NAIK 0702 - 15.15 WITA;6401040004_2_2;-1.91708;116.195563;0;0
8447;3584771;SAUDARA;JL. HOS COKROAMINOTO;6401040004;64;1;40;4;KALIMANTAN TIMUR;PASER;TANAH GROGOT;TANAH GROGOT;eyJpdiI6InhKWmEyN2wyeENneEsxdDkyUHFocWc9PSIsInZhbHVlIjoid1FjbVkvWlZpRVEwVVVEdjU5RGd3UT09IiwibWFjIjoiOTIxM2ExZDY0NDIzODk0MjlkYWVhMzAxZjEzNzBjYTE0MGFlMzBjNWE2ZjZmMGIyMTA2OTJhODZkOTJkNzI3YiIsInRhZyI6IiJ9;;"[Kegiatan Usaha: Pembesaran Ikan Air Tawar Di Kolam, Kategori: , KBLI: 03221]; [Kegiatan Usaha: -, K...";;;45985;UMKM;Dir Pajak;;;invalid;;;FALSE;FALSE;TRUE;;;invalid;;;;;;saudara;0.875253955;1;1;SAUDARA, CV;JL HOS COKROAMINOTO;jl hos cokroaminoto;190;3;saudara jl hos cokroaminoto kbli03;1;0;1;0;Aktif;JL HOS COKROAMINOTO;0;0;;;NAIK 0702 - 15.15 WITA;6401040004_0_0;-1.9164426;116.1935221;0;0
8501;3591431;BODEL FAMILI GRUP;JL. RA KARTINI;6401040004;64;1;40;4;KALIMANTAN TIMUR;PASER;TANAH GROGOT;TANAH GROGOT;eyJpdiI6Ik1FY2NTSlR3RFluSk9iOFVPNkh1cHc9PSIsInZhbHVlIjoibjMyN0EzYjE0OFRsSnlobmhxQktVUT09IiwibWFjIjoiMzQ3MGI2MzE1ZjlhZjdlN2IxMTM5ODFjODJjNjc2YzJhOTc4MDI1OWEwNmUxNTBmOTgxNzVlZGUxOGExZDZlYiIsInRhZyI6IiJ9;;[Kegiatan Usaha: -, Kategori: F, KBLI: 42101];;;46006;UMKM;Dir Pajak;;;invalid;;;FALSE;FALSE;TRUE;;;invalid;;;;;;bodel famili grup;0.874840486;1;1;BODEL FAMILI GRUP, PT;JL RA KARTINI;jl ra kartini;192;42;bodel famili grup jl ra kartini kbli42;1;0;1;0;Aktif;JL RA KARTINI;0;0;;;NAIK 0702 - 15.15 WITA;6401040004_0_0;-1.908559;116.194651;0;0
8527;3603883;MUTIARA TEHNIK;JL.R.SUPRAPTO RT.015 RW.006, TANAH GROGOT;6401040004;64;1;40;4;KALIMANTAN TIMUR;PASER;TANAH GROGOT;TANAH GROGOT;eyJpdiI6IkJYZ21jVHZDbWtyNllmenJzZk5OZmc9PSIsInZhbHVlIjoiVk9tMWNjVU5OUCtpU1EzTzEvdUJhdz09IiwibWFjIjoiYjlkNjM2YTgwMzhiNDA2NTY2OGM5YTBjNWVkMWZlZWUyYTgwYzg4NTRiYzUyNzAxOGM2YzBiZTkwNmNmZWM3YiIsInRhZyI6IiJ9;;[Kegiatan Usaha: -, Kategori: F, KBLI: 42918];;;46006;UMKM;Dir Pajak;;;invalid;;;FALSE;FALSE;TRUE;;;invalid;;;;;;mutiara tehnik;0.830693549;1;1;MUTIARA TEHNIK, CV;JL R. SUPRAPTO TANHA GROGOT;jl r suprapto rt 015 rw 006 tanah grogot;193;42;mutiara tehnik jl r suprapto rt 015 rw 006 tanah grogot kbli42;1;0;1;0;Aktif;JLRSUPRAPTO RT015 RW006 TANAH GROGOT;15;6;;;NAIK 0702 - 15.15 WITA;6401040004_15_6;-1.90753;116.198644;0;0
8605;6396058;NORMAL, CV;JL GAJAH MADA;6401040004;64;1;40;4;KALIMANTAN TIMUR;PASER;TANAH GROGOT;TANAH GROGOT;eyJpdiI6IktuQVVZeVpPQ0N4SUpmeklJN05zUHc9PSIsInZhbHVlIjoic0ZXV2REVWFWRnkzWGxUUXRLZVJlZz09IiwibWFjIjoiNjQ5YzE3ZGNmN2Y5YTk1ZjlmODZmNmZjYzY5NGE5NjA3MTIyOTQ5YmE5ZTliNWFlZWIwMWM4ZDMzNDQwMzg2NiIsInRhZyI6IiJ9;;[Kegiatan Usaha: -, Kategori: F, KBLI: -];;;46006;UMKM;;;;invalid;;;FALSE;FALSE;TRUE;;;invalid;;;;;;normal;0.808833327;1;4;NORMAL;Jl. Gajah Mada Rt. 007;jl gajah mada;196;0;normal jl gajah mada kbli00;4;0;1;0;Aktif;JL GAJAH MADA;0;0;;;NAIK 0702 - 15.15 WITA;6401040004_0_0;-1.9092068;116.1873297;0;0
8643;3708102;KARTINI;JL.GAJAH MADA RT.007 RW.003, TANAH GROGOT;6401040004;64;1;40;4;KALIMANTAN TIMUR;PASER;TANAH GROGOT;TANAH GROGOT;eyJpdiI6InMzYUdGYWFoSk12RkN1WHRiek5EWkE9PSIsInZhbHVlIjoiV21uWER4WG50Y0ZVRFJPcjA5UmNFUT09IiwibWFjIjoiOGQ5N2RmZTQxZTk0OWM0YWMwYzM3YjM5NjFjNDgyN2UxMmU5NDA5NDY1NDU4MzRjODE4MDFlNmI1YWEwY2QwYyIsInRhZyI6IiJ9;;[Kegiatan Usaha: -, Kategori: F, KBLI: 42918];;;46006;UMKM;Dir Pajak;;;invalid;;;FALSE;FALSE;TRUE;;;invalid;;;;;;kartini;0.858711936;1;1;KARTINI, CV;JL GAJAH MADA NO 01 TANAH GROGOT;jl gajah mada rt 007 rw 003 tanah grogot;198;42;kartini jl gajah mada rt 007 rw 003 tanah grogot kbli42;1;0;1;0;Aktif;JLGAJAH MADA RT007 RW003 TANAH GROGOT;7;3;;;NAIK 0702 - 15.15 WITA;6401040004_7_3;-1.90916;116.188706;0;0
8645;6395812;KARTINI, CV;JL GAJAH MADA NO 01 TANAH GROGOT;6401040004;64;1;40;4;KALIMANTAN TIMUR;PASER;TANAH GROGOT;TANAH GROGOT;eyJpdiI6InRkajJ6YjVncldmYUx6bFlaNnVGa3c9PSIsInZhbHVlIjoiZ05pL2lkc1dGUWVIUVFtak44R1M2dz09IiwibWFjIjoiODY3MDFkNTIxMWNlYThhNzE5M2Y3MGNmZjZjYzAxM2NjMzAyYzAyMTJlNTQ3MGM2ZDU4NDdiZTJhNmZjMjRlZSIsInRhZyI6IiJ9;;[Kegiatan Usaha: -, Kategori: F, KBLI: 42];;;46006;UMKM;;;;invalid;;;FALSE;FALSE;TRUE;;;invalid;;;;;;kartini;0.858711936;1;4;KARTINI;JL.GAJAH MADA RT.007 RW.003, TANAH GROGOT;jl gajah mada no 01 tanah grogot;198;42;kartini jl gajah mada no 01 tanah grogot kbli42;4;0;1;0;Aktif;JL GAJAH MADA NO 01 TANAH GROGOT;0;0;;;NAIK 0702 - 15.15 WITA;6401040004_0_0;-1.9092068;116.1873297;0;0
8695;3732756;CIPTA BANGUN LESTARI;JALAN RA. KARTINI RT.005 RW.003, TANAH GROGOT;6401040004;64;1;40;4;KALIMANTAN TIMUR;PASER;TANAH GROGOT;TANAH GROGOT;eyJpdiI6IndnT3FZTVV0OHlta256Unl1RWl1Unc9PSIsInZhbHVlIjoicXplaGxjQWlFbTNSQ1pvMmFWTFBSUT09IiwibWFjIjoiOGQ0MzYyNTgyNGVhNGU3ZDFlOTdhOTJiNjlhOWVkNTk0NWY3MWQ1NTMxYzgzODllMjhiZGEwNmNjNDNmNzMxNCIsInRhZyI6IiJ9;;[Kegiatan Usaha: -, Kategori: F, KBLI: 42918];;;46006;UMKM;Dir Pajak;;;invalid;;;FALSE;FALSE;TRUE;;;invalid;;;;;;cipta bangun lestari;0.909520339;1;1;CIPTA BANGUN LESTARI, CV;JL R.A. KARTINI NO 31 TANAH GROGOT;jalan ra kartini rt 005 rw 003 tanah grogot;201;42;cipta bangun lestari jalan ra kartini rt 005 rw 003 tanah grogot kbli42;1;0;0;0;Aktif;JALAN RA KARTINI RT005 RW003 TANAH GROGOT;5;3;;;NAIK 0702 - 15.15 WITA;6401040004_5_3;-1.91122;116.196126;0;0
6214;97341366;WARUNG SEMBAKO (SUDARTI);JALAN PIERE TENDEAN;6401040004;64;1;40;4;KALIMANTAN TIMUR;PASER;TANAH GROGOT;TANAH GROGOT;eyJpdiI6Im8ycGRTcDRTRFpGeUJOcFVLN0t5RHc9PSIsInZhbHVlIjoiY3R5K2J4bkNxVTJiZzBEZTNhZ3Yrdz09IiwibWFjIjoiZjJiMmQwNDE1MWU4NjE0YzdjNmQ5OWZjNjQ1MTExMjA3YWNmMjUyNDU4ODYxNDI0ZWM0YmJkN2VhNTlkZDFmNCIsInRhZyI6IiJ9;;[Kegiatan Usaha: -, Kategori: G, KBLI: 47112];;;46006;UMKM;;;;invalid;;;FALSE;FALSE;TRUE;;;invalid;;;;;;sembako sudarti;0.820009464;1;1;WARUNG SEMBAKO ( ZENAH );JALAN PIERE TENDEAN GANG SISWA;jalan piere tendean;110;47;sembako sudarti jalan piere tendean kbli47;1;0;1;0;Aktif;JALAN PIERE TENDEAN;0;0;;;NAIK 0702 - 15.15 WITA;6401040004_0_0;-1.902840;116.19551;0;0
8761;3820003;DIHYANINDO HASTA PERSADA;JL RM. NOTO SUNARDI;6401040004;64;1;40;4;KALIMANTAN TIMUR;PASER;TANAH GROGOT;TANAH GROGOT;eyJpdiI6InBYUWliQTRPOSt6b1dnZU9hVVBxRFE9PSIsInZhbHVlIjoid2owVzNHU2I5NjliZlFKNDdGdk1nQT09IiwibWFjIjoiNzhkOTFhMDI1MzRhZjk3OGRmNGYwZmQ2YzJkYjMxMjNkMDc2MzM2MGRmMzg3ZTc1YTk2YTgzYjI0MmE5N2M1YiIsInRhZyI6IiJ9;;[Kegiatan Usaha: -, Kategori: F, KBLI: 42201];;;45664;UMKM;Dir Pajak;;;invalid;;;FALSE;FALSE;TRUE;;;invalid;;;;;;dihyanindo hasta persada;0.931891833;1;1;DIHYANINDO HASTA PERSADA, PT;JL RM NOTO SUNARDI;jl rm noto sunardi;204;42;dihyanindo hasta persada jl rm noto sunardi kbli42;1;0;1;0;Aktif;JL RM NOTO SUNARDI;0;0;;;NAIK 0702 - 15.15 WITA;6401040004_0_0;-1.9163492;116.188558;0;0
8774;3846701;AFA;JL.HOS COKROAMINOTO;6401040004;64;1;40;4;KALIMANTAN TIMUR;PASER;TANAH GROGOT;TANAH GROGOT;eyJpdiI6IjFpbmF1RVdBYUZCWDRWRy9RbDRGOUE9PSIsInZhbHVlIjoiME9GSXdobUtqVk1RM0FaUHdsUDAvQT09IiwibWFjIjoiZmQyZWYyZmFlNzBlYTIwMWExNDYwZWNmMjQ4YmM0ZTkxYTUxNmU4OWJhNGJhMTY1YmI5NGFjMjE1ODkyNjU5MyIsInRhZyI6IiJ9;;[Kegiatan Usaha: -, Kategori: F, KBLI: 42101];;;46006;UMKM;Dir Pajak;;;invalid;;;FALSE;FALSE;TRUE;;;invalid;;;;;;afa;0.898071564;1;1;AFA, CV;JL HOS COKROAMINOTO;jl hos cokroaminoto;205;42;afa jl hos cokroaminoto kbli42;1;0;1;0;Aktif;JLHOS COKROAMINOTO;0;0;;;NAIK 0702 - 15.15 WITA;6401040004_0_0;-1.9164426;116.1935221;0;0
8888;3809764;SUBBUHUL KAMAL;JL. PANGLIMA SENTIK RT.009 RW.002, TANAH GROGOT;6401040004;64;1;40;4;KALIMANTAN TIMUR;PASER;TANAH GROGOT;TANAH GROGOT;eyJpdiI6InYxeFZWQWtQdmtYY3lzUzhYRjNMbkE9PSIsInZhbHVlIjoibG00bXBqWDg2OEpSbmhNZGtPOTdnQT09IiwibWFjIjoiNDUxMTBkNThkMzk1NTZiZjJiZjk4MmY4Y2IwMDU3ZDQ2YWRmNjY5ZDliNGI5ODM3MjcyMTVhZGViMjU4OWQwZiIsInRhZyI6IiJ9;;[Kegiatan Usaha: -, Kategori: G, KBLI: 47112];;;46006;UMKM;Dir Pajak;;;invalid;;;FALSE;FALSE;TRUE;;;invalid;;;;;;subbuhul kamal;0.838900239;1;1;SUBBUHUL KAMAL, CV;JL PANGLIMA SENTIK;jl panglima sentik rt 009 rw 002 tanah grogot;211;47;subbuhul kamal jl panglima sentik rt 009 rw 002 tanah grogot kbli47;1;0;1;0;Aktif;JL PANGLIMA SENTIK RT009 RW002 TANAH GROGOT;9;2;;;NAIK 0702 - 15.15 WITA;6401040004_9_2;-1.91515;116.197381;0;0
8995;3948900;AULIA JAYA;JL. PAYA RUPIAH RT.002 RW.006, TANAH GROGOT;6401040004;64;1;40;4;KALIMANTAN TIMUR;PASER;TANAH GROGOT;TANAH GROGOT;eyJpdiI6InNuY2RGQlRIQlZnSW9zdHQ2SDY2S3c9PSIsInZhbHVlIjoialZDanJhamZ3SWFlUW0yeTlaTEZ4Zz09IiwibWFjIjoiYjM3N2RiOTIyZGVmMTEwOGFmMTcxMmI0NzBiZmMyYTZhNmE5NjkwMmJkNjM2NTgzNzk5MDJhZWYzZmZmZTI3YSIsInRhZyI6IiJ9;;[Kegiatan Usaha: -, Kategori: F, KBLI: 41012];;;46006;UMKM;Dir Pajak;;;invalid;;;FALSE;FALSE;TRUE;;;invalid;;;;;;aulia jaya;0.856054889;1;1;AULIA JAYA, CV;JL PAYA RUPIAH GG LAOS NO 133;jl paya rupiah rt 002 rw 006 tanah grogot;216;41;aulia jaya jl paya rupiah rt 002 rw 006 tanah grogot kbli41;1;0;1;0;Aktif;JL PAYA RUPIAH RT002 RW006 TANAH GROGOT;2;6;;;NAIK 0702 - 15.15 WITA;6401040004_2_6;-1.90469;116.199542;0;0
9154;4262763;ABBAS PUTRA JAYA;JL.YOS SUDARSO RT.004/02                          , TANAH GROGOT;6401040004;64;1;40;4;KALIMANTAN TIMUR;PASER;TANAH GROGOT;TANAH GROGOT;eyJpdiI6IlQ3OUh6cVlKRXM2ckZNUDUzY0hZTFE9PSIsInZhbHVlIjoibzRDUnhYcVF3eGVuanNjcVZMWTlIUT09IiwibWFjIjoiNzZlOTk2NGZiNmFiZDY3MTYwMDZhZWUyNzY0NWYzZGJjODExOTMzNDQ5MDVhZmM5MDRjZjFlODJiMWQzYTRmNiIsInRhZyI6IiJ9;;[Kegiatan Usaha: -, Kategori: G, KBLI: 46100];;;45596;UMKM;Dir Pajak;;;invalid;;;FALSE;FALSE;TRUE;;;invalid;;;;;;abbas putra jaya;0.848303977;1;1;ABBAS PUTRA JAYA, CV;JL YOS SUDARSO TANAH GROGOT;jl yos sudarso rt 004 02 tanah grogot;224;46;abbas putra jaya jl yos sudarso rt 004 02 tanah grogot kbli46;3;0;1;0;Tutup;JLYOS SUDARSO RT00402 TANAH GROGOT;4;2;;;NAIK 0702 - 15.15 WITA;6401040004_4_2;-1.91883;116.196349;0;0
9176;4230531;CAHAYA MULIA;Gajah Mada;6401040004;64;1;40;4;KALIMANTAN TIMUR;PASER;TANAH GROGOT;TANAH GROGOT;eyJpdiI6IkEzSFlOeGY5NkU3UVR5dE03amhEbVE9PSIsInZhbHVlIjoieFhvTG1sakk3RDRteG9ISEp0RDF1dz09IiwibWFjIjoiY2Q3NjZlZDcyMDRmYmM2YjU3M2JjMWU2Yjg0NGYxYzk1ZGMwMGRhMTdjYTkwYWI3ZWFjYzc3ZjYwZWMxYmU2MyIsInRhZyI6IiJ9;;"[Kegiatan Usaha: -, Kategori: F, KBLI: 41012]; [Kegiatan Usaha: Perdagangan Besar Berbagai Macam Bar...";;;45985;UMKM;Dir Pajak;;;invalid;;;FALSE;FALSE;TRUE;;;invalid;;;;;;cahaya mulia;0.820286038;1;1;PUNCAK CAHAYA MULIA;Jl. Gajah Mada No. 72;gajah mada;225;41;cahaya mulia gajah mada kbli41;1;0;1;0;Aktif;Gajah Mada;0;0;;;NAIK 0702 - 15.15 WITA;6401040004_0_0;-1.9092068;116.1873297;0;0
9187;42742581;PUNCAK CAHAYA MULIA;Jl. Gajah Mada No. 72;6401040004;64;1;40;4;KALIMANTAN TIMUR;PASER;TANAH GROGOT;TANAH GROGOT;eyJpdiI6IktUalc3L3FPTUtjU2hjMkNpS0hlNWc9PSIsInZhbHVlIjoiRS9waUdQN3pOZWZyZUlseGU1MTArUT09IiwibWFjIjoiNDU3YTg1MmNlYWZjNzNlMTM3ZjNlZTg1OWQyYWIxYjE2N2M4YmFjNmJjNjhkZDkyNzc1OTYzZDkzNTFhMDA4YSIsInRhZyI6IiJ9;;[Kegiatan Usaha: -, Kategori: -, KBLI: 46900];;;;;OSS - Badan Usaha;;;invalid;;;FALSE;FALSE;TRUE;;;invalid;;;;;;puncak cahaya mulia;0.820286038;1;4;CAHAYA MULIA;Gajah Mada;jl gajah mada no 72;225;46;puncak cahaya mulia jl gajah mada no 72 kbli46;4;0;1;0;Aktif;Jl Gajah Mada No 72;0;0;;;NAIK 0702 - 15.15 WITA;6401040004_0_0;-1.9092068;116.1873297;0;0
9244;4191687;CV RAFFA HAFI;Jalan Hos Cokroaminoto;6401040004;64;1;40;4;KALIMANTAN TIMUR;PASER;TANAH GROGOT;TANAH GROGOT;eyJpdiI6IkRicUtoSFdlM1BCMXFkZGZoRDF4VUE9PSIsInZhbHVlIjoidmJ5NTdpbUpQb2ZMNDhwaFQ0R095QT09IiwibWFjIjoiMjU4YTMwYTliYzc5MTA3YjdjYWYwYmQ2MGM1ZmZmMWIwNWYwNzJjNTQ2OGJlZmE4MzdlN2FjZDY3MzYyZjg3OSIsInRhZyI6IiJ9;;"[Kegiatan Usaha: -, Kategori: G, KBLI: 47773]; [Kegiatan Usaha: Aktivitas Klinik Swasta, Kategori: ,...";;;45985;UMKM;Dir Pajak;;;invalid;;;FALSE;FALSE;TRUE;;;invalid;;;;;;raffa hafi;0.910820589;1;1;CV Raffa Hafi;Jl. HOS Cokroaminoto;jalan hos cokroaminoto;226;47;raffa hafi jalan hos cokroaminoto kbli47;1;0;1;0;Aktif;Jalan Hos Cokroaminoto;0;0;;;NAIK 0702 - 15.15 WITA;6401040004_0_0;-1.9164426;116.1935221;0;0
9346;4300605;PRISMA KONSULTAN;JL. PIERE TENDEAN NO.33 RT.05 RW.004, TANAH GROGOT;6401040004;64;1;40;4;KALIMANTAN TIMUR;PASER;TANAH GROGOT;TANAH GROGOT;eyJpdiI6IlN0U1llcFg4a2loK1BacHd3dWlCV0E9PSIsInZhbHVlIjoiVXFVREFNRnB3SVlmTXd6Z3VYWlpWZz09IiwibWFjIjoiNTM2ZGJlMTM0ODcxYWNlMDRlN2Y2NGFhMjAyNjU2ZGQ2ZGZiZTUwM2M2OTUzZjgxYWQ3OGIxZWUyZjZhNjk0ZSIsInRhZyI6IiJ9;;[Kegiatan Usaha: -, Kategori: F, KBLI: 41012];;;46006;UMKM;Dir Pajak;;;invalid;;;FALSE;FALSE;TRUE;;;invalid;;;;;;prisma konsultan;0.874927875;1;1;PRISMA KONSULTAN, CV;JL KAPTEN PIERE TENDEAN NO.107 TANAH GROGOT;jl piere tendean no 33 rt 05 rw 004 tanah grogot;229;41;prisma konsultan jl piere tendean no 33 rt 05 rw 004 tanah grogot kbli41;1;0;1;0;Aktif;JL PIERE TENDEAN NO33 RT05 RW004 TANAH GROGOT;5;4;;;NAIK 0702 - 15.15 WITA;6401040004_5_4;-1.90186;116.196795;0;0
9374;4346294;BANGUN JAYA UTAMA MULIA;Jl. RM Noto Sunardi RT 001, RW 004;6401040004;64;1;40;4;KALIMANTAN TIMUR;PASER;TANAH GROGOT;TANAH GROGOT;eyJpdiI6ImFSS3l2bnN2dlQvbjFHbFRpYWlIWGc9PSIsInZhbHVlIjoiM0VmK3k4YTRFUzVLRHRNVlRkOFNUUT09IiwibWFjIjoiODMyNWJmN2Y5MGRlNGM3Y2ZkZDY5MTA2NDk4MWQyYzU1ZmI0NzZmNDZhOTlkZGIyZTJiZTQ1OGZjNDZjNjdkOCIsInRhZyI6IiJ9;;"[Kegiatan Usaha: -, Kategori: F, KBLI: 41012]; [Kegiatan Usaha: Konstruksi Gedung Kesehatan, Kategor...";;;45985;UMKM;Dir Pajak;;;invalid;;;FALSE;FALSE;TRUE;;;invalid;;;;;;bangun jaya utama mulia;0.940182312;1;1;BANGUN JAYA UTAMA MULIA;Jl. RM. Noto Sunardi;jl rm noto sunardi rt 001 rw 004;230;41;bangun jaya utama mulia jl rm noto sunardi rt 001 rw 004 kbli41;1;0;1;0;Aktif;Jl RM Noto Sunardi RT 001 RW 004;1;4;;;NAIK 0702 - 15.15 WITA;6401040004_1_4;-1.90404;116.194549;0;0
9394;4363499;SAMI MAKMUR;JL. GAJAH MADA GG.DAHLIA RT.03 RW.03, TANAH GROGOT;6401040004;64;1;40;4;KALIMANTAN TIMUR;PASER;TANAH GROGOT;TANAH GROGOT;eyJpdiI6ImxQYmVWdVQybXYvMjlZdmlRbldNcUE9PSIsInZhbHVlIjoiYlBId0YwbkpSc0RrRmVqUlgzSUkrQT09IiwibWFjIjoiMmEwNzFlMjk0YWQwYjgxMjI5ZGEyNzk5ZWRmYzFiNmNkMWQ3MjEyODBiMjJjMDc0ZDMyMDEwNTcyMTcxOTFhMSIsInRhZyI6IiJ9;;[Kegiatan Usaha: -, Kategori: G, KBLI: 47219];;;46006;UMKM;Dir Pajak;;;invalid;;;FALSE;FALSE;TRUE;;;invalid;;;;;;sami makmur;0.89253485;1;1;SAMI MAKMUR, CV;JL GAJAH MADA GG.DAHLIA TANAH GROGOT;jl gajah mada gg dahlia rt 03 rw 03 tanah grogot;231;47;sami makmur jl gajah mada gg dahlia rt 03 rw 03 tanah grogot kbli47;1;0;1;0;Aktif;JL GAJAH MADA GGDAHLIA RT03 RW03 TANAH GROGOT;3;3;;;NAIK 0702 - 15.15 WITA;6401040004_3_3;-1.90683;116.188644;0;0
9513;4457503;TRUBUS BARU;JL SINGA MAULANA NO 27 RT 02 RW 03;6401040004;64;1;40;4;KALIMANTAN TIMUR;PASER;TANAH GROGOT;TANAH GROGOT;eyJpdiI6IjRaMElVeng4dzdsdEVLeTRPdjFmYVE9PSIsInZhbHVlIjoiT2JNYVhsU0YyZERDSEllazVsM0NDdz09IiwibWFjIjoiODQyODM1YzA5N2Q5Mjk1YjIxYTJkM2ZhMmEwYTQwNjkwNDc2NzhkNmM3NjliMDk5NjUxNjI4ZDA0MzY3NGVjYiIsInRhZyI6IiJ9;;[Kegiatan Usaha: -, Kategori: G, KBLI: 46610];;;46006;UMKM;Dir Pajak;;;invalid;;;FALSE;FALSE;TRUE;;;invalid;;;;;;trubus baru;0.822008705;1;1;TRUBUS BARU, CV;JL P.SINGA MAULANA NO 27 TANAH GROGOT;jl singa maulana no 27 rt 02 rw 03;239;46;trubus baru jl singa maulana no 27 rt 02 rw 03 kbli46;1;0;1;0;Aktif;JL SINGA MAULANA NO 27 RT 02 RW 03;2;3;;;NAIK 0702 - 15.15 WITA;6401040004_2_3;-1.91045;116.191186;0;0
9551;4512270;INDO PASER SEJAHTERA;JL GAJAH MADA;6401040004;64;1;40;4;KALIMANTAN TIMUR;PASER;TANAH GROGOT;TANAH GROGOT;eyJpdiI6IlJIZmpqZWZXRWsxVTFPNDZiZ2gxZVE9PSIsInZhbHVlIjoiemlOVWxNVkcrOGs1czhGU1E2akFHUT09IiwibWFjIjoiN2ExYmFjNjY5ODMzMjg5ZmJhYWExMmE2YzNlNDM0MjRjOGE4ODE5MDU1MDM3MDVjMmY5YzY5ZDdmN2ZmNzdkZCIsInRhZyI6IiJ9;;[Kegiatan Usaha: -, Kategori: B, KBLI: 05100];;;46006;UMKM;Dir Pajak;;;invalid;;;FALSE;FALSE;TRUE;;;invalid;;;;;;indo paser sejahtera;0.810587202;1;1;INDO PASER SEJAHTERA;Jl. Gajah Mada No. 139;jl gajah mada;241;5;indo paser sejahtera jl gajah mada kbli05;1;0;1;0;Aktif;JL GAJAH MADA;0;0;;;NAIK 0702 - 15.15 WITA;6401040004_0_0;-1.9092068;116.1873297;0;0
9561;49207898;INDO PASER SEJAHTERA;Jl. Gajah Mada No. 139;6401040004;64;1;40;4;KALIMANTAN TIMUR;PASER;TANAH GROGOT;TANAH GROGOT;eyJpdiI6IlY3Z3ZhRnZFY252OFhJbHpHd1lkRVE9PSIsInZhbHVlIjoidGI0VXlNRm5qM3hlNTE5VmYzcFhhUT09IiwibWFjIjoiYTM1YTljZTk5YmFkMGNiOWQ1YjU4MjQwMjEwMzE4YjNkMDUyNzQyYzdhMWY4YWIwOTNlMGFkMTY0MjkxZTY0YiIsInRhZyI6IiJ9;;[Kegiatan Usaha: -, Kategori: -, KBLI: 08999];;;;;OSS - Perorangan;;;invalid;;;FALSE;FALSE;TRUE;;;invalid;;;;;;indo paser sejahtera;0.810587202;1;4;INDO PASER SEJAHTERA;JL GAJAH MADA;jl gajah mada no 139;241;8;indo paser sejahtera jl gajah mada no 139 kbli08;4;0;1;0;Aktif;Jl Gajah Mada No 139;0;0;;;NAIK 0702 - 15.15 WITA;6401040004_0_0;-1.9092068;116.1873297;0;0
9568;4539950;KARYA TAKA CONT;JALAN GAJAH MADA;6401040004;64;1;40;4;KALIMANTAN TIMUR;PASER;TANAH GROGOT;TANAH GROGOT;eyJpdiI6InFSdnZ2TnRuQmY5ZzZuMDhIZzBPOFE9PSIsInZhbHVlIjoiYkVNV1pOVFdRZ1dQbkNCTVRLMFF0UT09IiwibWFjIjoiMmY3MGQ5YTc4YTdkNDZmZTA0OTdiNzU4ZGUyNGEwYjUyZTUxZmMwYTYyODI1NDI4MzAwYzljNWY4YTU0NDhjMSIsInRhZyI6IiJ9;;[Kegiatan Usaha: -, Kategori: F, KBLI: 42918];;;46006;UMKM;Dir Pajak;;;invalid;;;FALSE;FALSE;TRUE;;;invalid;;;;;;karya taka cont;0.829820647;1;1;KARYA TAKA CONT, CV;JL GAJAH MADA;jalan gajah mada;242;42;karya taka cont jalan gajah mada kbli42;1;0;1;0;Aktif;JALAN GAJAH MADA;0;0;;;NAIK 0702 - 15.15 WITA;6401040004_0_0;-1.9092068;116.1873297;0;0
9603;6396190;RAKHA KONSTRUKSI NUSANTARA, PT;Jl. Gajah Mada Rt. 003 Rw. 003 No. 32;6401040004;64;1;40;4;KALIMANTAN TIMUR;PASER;TANAH GROGOT;TANAH GROGOT;eyJpdiI6IkpsRzFkN2NzTnJ4MklqbHRONXAwK1E9PSIsInZhbHVlIjoiZ1Jld1kvclhONVFVZTI5enNKbE5vdz09IiwibWFjIjoiMGM1YTE0YTUzZTU3OGJiYTM2YjdjNjkxY2M1NzVlYWExYTk0YWUzOGEwZDhmZTExOWQ0YTY1YmRjMjI0OTdkYyIsInRhZyI6IiJ9;;[Kegiatan Usaha: -, Kategori: F, KBLI: -];;;45956;UMKM;;;;invalid;;;FALSE;FALSE;TRUE;;;invalid;;;;;;rakha konstruksi nusantara;0.882572853;1;4;RAKHA KONSTRUKSI NUSANTARA;JL.GAJAH MADA;jl gajah mada rt 003 rw 003 no 32;243;0;rakha konstruksi nusantara jl gajah mada rt 003 rw 003 no 32 kbli00;4;0;0;0;Aktif;Jl Gajah Mada Rt 003 Rw 003 No 32;3;3;;;NAIK 0702 - 15.15 WITA;6401040004_3_3;-1.90683;116.188644;0;0
9624;29112152;FAZA ARIFFA;JL. DR. CIPTO MANGUN KUSUMO RT. 4 RW. 4;6401040004;64;1;40;4;KALIMANTAN TIMUR;PASER;TANAH GROGOT;TANAH GROGOT;eyJpdiI6ImE0TmRZOGREMWV6NFNHU0tPOURENVE9PSIsInZhbHVlIjoibEU0N2xwRjdNSGt4OG1mUHhYSUxlZz09IiwibWFjIjoiNDUyMjcwYzY2YjgxMjE5MGZjNWY4NTIzNTliMjE2YmI2NDc0NDQ3YzU4MGVhMDRhNDVkZTA3NDVkOTE3ZDZhYyIsInRhZyI6IiJ9;;[Kegiatan Usaha: -, Kategori: -, KBLI: 47242];;;46006;;OSS - Perorangan;;;invalid;;;FALSE;FALSE;TRUE;;;invalid;;;;;;faza ariffa;0.820766114;1;4;LA` TAHZAN;JALAN DR CIPTO MANGUN KUSUMO;jl dr cipto mangun kusumo rt 4 rw 4;244;47;faza ariffa jl dr cipto mangun kusumo rt 4 rw 4 kbli47;4;0;1;0;Aktif;JL DR CIPTO MANGUN KUSUMO RT 4 RW 4;4;4;;;NAIK 0702 - 15.15 WITA;6401040004_4_4;-1.90073;116.186873;0;0
9672;5378874;TOKO ICHA;JL KANDILO BAHARI GG REFORMASI  3;6401040004;64;1;40;4;KALIMANTAN TIMUR;PASER;TANAH GROGOT;TANAH GROGOT;eyJpdiI6Im5JbVo1SzZCSG12dzFhRjRSS2ZHZkE9PSIsInZhbHVlIjoib25uZXVpbUw0MnN3emhFUkIyWVFiZz09IiwibWFjIjoiYmJmMGM1NmQ0ZTUyMjlkM2Y3YTg0YjZiMzc5NmNjMGZkMTM1ZWYxNWU4ZjE1MTU0YzViMjdiMjkwYzQ4OTU5NCIsInRhZyI6IiJ9;;[Kegiatan Usaha: MENJUAL SEMBAKO DI WARUNG, Kategori: G, KBLI: 47112];;;46006;UMKM;;;;invalid;;;FALSE;FALSE;TRUE;;;invalid;;;;;;icha;0.804448706;1;4;KUE BASAH <IBU NUR>;JL KANDILO BAHARI GG REFORMASI 3;jl kandilo bahari gg reformasi 3;245;47;icha jl kandilo bahari gg reformasi 3 kbli47;4;0;1;0;Aktif;JL KANDILO BAHARI GG REFORMASI 3;0;0;;;NAIK 0702 - 15.15 WITA;6401040004_0_0;-1.9202149;116.1974816;0;0
4389;97341403;SD KARTIKA V-5;JL ANDEN OKO;6401040004;64;1;40;4;KALIMANTAN TIMUR;PASER;TANAH GROGOT;TANAH GROGOT;eyJpdiI6IlVFRmVLeVVFMFR6UUVtOW9MY0lIT1E9PSIsInZhbHVlIjoiTHpjUFJITmRhU1hlYURTZytBakVnUT09IiwibWFjIjoiYmI4MGE0NDRjZjA1ZGNhNjRhNGEzMzkxZmYxYTMxZjkxYzhiMTMwMDVjOWUwMzU3MmEyODg5ZWYxZjUyYzkxYSIsInRhZyI6IiJ9;;[Kegiatan Usaha: -, Kategori: P, KBLI: 85121];;;45663;UMKM;;;;invalid;;;FALSE;FALSE;TRUE;;;invalid;;;;;;sd kartika v 5;0.8867715;1;1;TK KARTIKA TANAH GROGOT;JL ANDEN OKO;jl anden oko;47;85;sd kartika v 5 jl anden oko kbli85;1;0;1;0;Aktif;JL ANDEN OKO;0;0;;;NAIK 0702 - 15.15 WITA;6401040004_0_0;-1.9058805,116.1987919;;0;0
9851;5373381;TOKO EMAS BAHAGIA;KANDILO PLAZA;6401040004;64;1;40;4;KALIMANTAN TIMUR;PASER;TANAH GROGOT;TANAH GROGOT;eyJpdiI6IjhJWm9ZalgzMXZIL0RQQ09DaTZ3QkE9PSIsInZhbHVlIjoiRzdYWkJXbEdpWmQvTmtXdGVQb1ZaZz09IiwibWFjIjoiMDU5ZjVkYjI1N2YyYTYzZTg4OTdkN2ViMDVhOWQ5MjAxMGM1ZGJiMDVjYjhjNmM0MjAyZjU4MzdlYTJjZTgwNiIsInRhZyI6IiJ9;;[Kegiatan Usaha: MENJUAL EMAS, Kategori: G, KBLI: 47735];;;46006;UMKM;;;;invalid;;;FALSE;FALSE;TRUE;;;invalid;;;;;;emas bahagia;0.878234533;1;1;TOKO EMAS BAHAGIA <NOR JANAH>;Kandilo plaza, RT 1/RW 1;kandilo plaza;253;47;emas bahagia kandilo plaza kbli47;1;0;1;0;Aktif;KANDILO PLAZA;0;0;;;NAIK 0702 - 15.15 WITA;6401040004_0_0;-1.9134543;116.1929204;0;0
9860;5373383;TOKO AHMAD YASIN <RAHMADI>;KANDILO PLAZA;6401040004;64;1;40;4;KALIMANTAN TIMUR;PASER;TANAH GROGOT;TANAH GROGOT;eyJpdiI6IjhRZE9jMFBOR014SDlZTjg2OTN0aUE9PSIsInZhbHVlIjoiNll4bjhHb3ZOTzFiTC9hbmJwMWExZz09IiwibWFjIjoiOTQzN2JkNjZiOWQyNjI5YTU5YmFmYmNlODU4YTg0MmMxZWQ2NDEwNTljNTE0MzY1NjFkZGNiOTU4Y2MyNGJlMiIsInRhZyI6IiJ9;;[Kegiatan Usaha: TOKO KONVEKSI, Kategori: G, KBLI: 47711];;;45956;UMKM;;;;invalid;;;FALSE;FALSE;TRUE;;;invalid;;;;;;ahmad yasin rahmadi;0.817423713;1;1;RAHMADI;Kandilo plaza, RT 1/RW 1;kandilo plaza;254;47;ahmad yasin rahmadi kandilo plaza kbli47;1;0;1;1;Aktif;KANDILO PLAZA;0;0;;;NAIK 0702 - 15.15 WITA;6401040004_0_0;-1.9134543;116.1929204;0;0
9867;5373386;TOKO BAJU <H MANAN>;LANTAI 2 KANDILO PLAZA;6401040004;64;1;40;4;KALIMANTAN TIMUR;PASER;TANAH GROGOT;TANAH GROGOT;eyJpdiI6InZjMUlNYUFHT0tJejFUMytzZmNiL1E9PSIsInZhbHVlIjoiVStESCtMYjdUWkNmNXhxN3puR3ZPUT09IiwibWFjIjoiNzk5NjljZWEzZWRiM2QwYjVhYmQ3ZTJlODAwNjRlNzFlYmI1MzFiY2I5NjIyNmVmMTFmZjI2YWQ4ZDExOTE5ZCIsInRhZyI6IiJ9;;[Kegiatan Usaha: MENJUAL PAKAIAN, Kategori: G, KBLI: 47711];;;46006;UMKM;;;;invalid;;;FALSE;FALSE;TRUE;;;invalid;;;;;;baju h manan;0.894449688;1;1;TOKO BAJU <M IQBAL>;LANTAI 2 KANDILO PLAZA;lantai 2 kandilo plaza;255;47;baju h manan lantai 2 kandilo plaza kbli47;1;0;1;1;Aktif;LANTAI 2 KANDILO PLAZA;0;0;;;NAIK 0702 - 15.15 WITA;6401040004_0_0;-1.9134543;116.1929204;0;0
9871;5373387;TOKO BAJU <M IQBAL>;LANTAI 2 KANDILO PLAZA;6401040004;64;1;40;4;KALIMANTAN TIMUR;PASER;TANAH GROGOT;TANAH GROGOT;eyJpdiI6Inowb2NIbXpVNkFrQmp0b0dVMjgrOEE9PSIsInZhbHVlIjoiRUlJVEZSN0dPVWsyZVFJYitYNG1hdz09IiwibWFjIjoiOTk4NDQyOGNmZDIzMWI5NDZlM2VjZjE2YTNjMmI0ZjQ4ZGMwM2JlNzFkNzk0M2M4NDQwMjlmNGMyNTkxYmNlMCIsInRhZyI6IiJ9;;[Kegiatan Usaha: MENJUAL PAKAIAN, Kategori: G, KBLI: 47711];;;46006;UMKM;;;;invalid;;;FALSE;FALSE;TRUE;;;invalid;;;;;;baju m iqbal;0.894449688;1;4;TOKO BAJU <H MANAN>;LANTAI 2 KANDILO PLAZA;lantai 2 kandilo plaza;255;47;baju m iqbal lantai 2 kandilo plaza kbli47;1;0;1;1;Aktif;LANTAI 2 KANDILO PLAZA;0;0;;;NAIK 0702 - 15.15 WITA;6401040004_0_0;-1.9134543;116.1929204;0;0
10003;5714666;PENTOL KELILING;JL. ANDEN OKO;6401040004;64;1;40;4;KALIMANTAN TIMUR;PASER;TANAH GROGOT;TANAH GROGOT;eyJpdiI6IjhKWk01U1VBeFRIUEpaQUU5R0Qxd3c9PSIsInZhbHVlIjoiVzBkaVgrb2pONVN0cWtYNFVDVlh5dz09IiwibWFjIjoiZTc3YWM5NmQ0ODg5OWI5ZTNkYzI2ZGM2MTIwNTA2MWY4NjY0ZTljMWM0ZTg2OWU1NDA3NWNkZjQ0MDg5MWMxNiIsInRhZyI6IiJ9;;[Kegiatan Usaha: JUAL PENTOL KELILING, Kategori: I, KBLI: 56104];;;46006;UMKM;;;;invalid;;;FALSE;FALSE;TRUE;;;invalid;;;;;;pentol keliling;0.812809308;1;1;PENTOL MURNI KELILING;JL GAJAH MADA;jl anden oko;263;56;pentol keliling jl anden oko kbli56;1;0;1;0;Aktif;JL ANDEN OKO;0;0;;;NAIK 0702 - 15.15 WITA;6401040004_0_0;-1.9058805,116.1987919;;0;0
13743;36043105;UMI KALSUM;JL. ANDEN OKO;6401040004;64;1;40;4;KALIMANTAN TIMUR;PASER;TANAH GROGOT;TANAH GROGOT;eyJpdiI6ImVDSXppTk81QnkyamhYVndwV3d0a3c9PSIsInZhbHVlIjoiWUl6SmhCWUlvK21UYW5FTE4yOFRPUT09IiwibWFjIjoiM2MxZjdkNTUzYmQyNjM4YTg4MWU5NGFlODIyNTNlODhiMWNlYWNlMmNkNTI5ZDc4NmRhNjIxNWJjNGY3M2JjMyIsInRhZyI6IiJ9;;[Kegiatan Usaha: Penyediaan Jasa Boga Periode Tertentu, Kategori: -, KBLI: 56290];;;46015;;;;;invalid;;;FALSE;FALSE;TRUE;;;invalid;;;;;;umi kalsum;0.935889632;1;1;UMI KALSUM;Jln. Anden Oko;jl anden oko;667;56;umi kalsum jl anden oko kbli56;1;0;1;0;Aktif;JL ANDEN OKO;0;0;;;NAIK 0702 - 15.15 WITA;6401040004_0_0;-1.9058805,116.1987919;;0;0
9912;5373404;TOKO SEMBAKO <SUKARI>;JALAN RA KARTINI;6401040004;64;1;40;4;KALIMANTAN TIMUR;PASER;TANAH GROGOT;TANAH GROGOT;eyJpdiI6IktBckNyVWQ0eWNuV3VEUUIxK3Q4SXc9PSIsInZhbHVlIjoiTlB0Q0hERU41T2R1Q0kyYVRIc1ludz09IiwibWFjIjoiZDBlMDQ2YjAyNmU1NGYzNzUxZDIzNTY4MTQ3NzY1N2M0NWEyODg0ZmYwMGVlOTQ3ZDg3OWU4ZDBiYmM3MzIwYiIsInRhZyI6IiJ9;;[Kegiatan Usaha: MENJUAL SEMBAKO, Kategori: G, KBLI: 47112];;;46006;UMKM;;;;invalid;;;FALSE;FALSE;TRUE;;;invalid;;;;;;sembako sukari;0.856644874;1;1;TOKO SEMBAKO<HASNA>;JALAN RA KARTINI;jalan ra kartini;258;47;sembako sukari jalan ra kartini kbli47;1;0;1;1;Aktif;JALAN RA KARTINI;0;0;;;NAIK 0702 - 15.15 WITA;6401040004_0_0;-1.908559;116.194651;0;0
9913;5378884;TOKO SEMBAKO<HASNA>;JALAN RA KARTINI;6401040004;64;1;40;4;KALIMANTAN TIMUR;PASER;TANAH GROGOT;TANAH GROGOT;eyJpdiI6Im5yK2JkbXJpbFpqQWhDdzRSOEtRSVE9PSIsInZhbHVlIjoiZUpqbXEyL01KR0hMUFJYZWp5WXBUUT09IiwibWFjIjoiYmFmNzE3MTMwOGU4MmZlOWI3NzViNDFlOGRjZWY0ZGIyMThkNDAzZGE1ZjA5OTJiOTIwNWIwN2E1MDJjMjk5ZSIsInRhZyI6IiJ9;;[Kegiatan Usaha: BAHAN POKOK, Kategori: G, KBLI: 47112];;;46006;UMKM;;;;invalid;;;FALSE;FALSE;TRUE;;;invalid;;;;;;sembako hasna;0.856644874;1;4;TOKO SEMBAKO <SUKARI>;JALAN RA KARTINI;jalan ra kartini;258;47;sembako hasna jalan ra kartini kbli47;1;0;1;1;Aktif;JALAN RA KARTINI;0;0;;;NAIK 0702 - 15.15 WITA;6401040004_0_0;-1.908559;116.194651;0;0
9915;5373409;TOKO SEMBAKO <HASAN>;JL AHMAD YANI;6401040004;64;1;40;4;KALIMANTAN TIMUR;PASER;TANAH GROGOT;TANAH GROGOT;eyJpdiI6ImE4UVZhRmZ1dGFkamlhcHZ6a08zVkE9PSIsInZhbHVlIjoibkM2Q3VFMTZHQjJSaldpMHdlTGt4Zz09IiwibWFjIjoiNjVlNGM1YWI4MjM3YjBlZmEzNmY0NTA0YjcxZDgwN2Y3NWU4MTFhNDc1NGVmY2ZlMjY2MDgzN2RhZjJiMTU3MiIsInRhZyI6IiJ9;;[Kegiatan Usaha: MENJUAL SEMBAKO ECERAN, Kategori: G, KBLI: 47112];;;46006;UMKM;;;;invalid;;;FALSE;FALSE;TRUE;;;invalid;;;;;;sembako hasan;0.865914539;1;1;TOKO SEMBAKO <NUHAYA>;Jl ahmad yani;jl ahmad yani;259;47;sembako hasan jl ahmad yani kbli47;1;0;1;1;Aktif;JL AHMAD YANI;0;0;;;NAIK 0702 - 15.15 WITA;6401040004_0_0;-1.9059806;116.1948311;0;0
9930;29345218;TOKO SEMBAKO <NUHAYA>;Jl ahmad yani;6401040004;64;1;40;4;KALIMANTAN TIMUR;PASER;TANAH GROGOT;TANAH GROGOT;eyJpdiI6Ikk2TGVpWVpRcFRNTTFxZ3JKbDJsNmc9PSIsInZhbHVlIjoiN0h4V2Zkemxmc0prT250UExCUDJBUT09IiwibWFjIjoiMTI3OThlYzg0OGRjMGU2N2YzZjRlNGFiYzYzNzc1ZDgyODZjZWE4ZjRhNTQzNjZmZGFlY2UzNjkzY2VjZjQwMiIsInRhZyI6IiJ9;;[Kegiatan Usaha: -, Kategori: G, KBLI: 47112];;;45998;;OSS - Perorangan;;;invalid;;;FALSE;FALSE;TRUE;;;invalid;;;;;;sembako nuhaya;0.865914539;1;4;TOKO SEMBAKO <HASAN>;JL AHMAD YANI;jl ahmad yani;259;47;sembako nuhaya jl ahmad yani kbli47;1;0;1;1;Aktif;Jl ahmad yani;0;0;;;NAIK 0702 - 15.15 WITA;6401040004_0_0;-1.9059806;116.1948311;0;0
9936;5373418;WARUNG;JALAN AHMAD YANI GANG KARTIKA;6401040004;64;1;40;4;KALIMANTAN TIMUR;PASER;TANAH GROGOT;TANAH GROGOT;eyJpdiI6ImNSNDF1Q3BRb2dOQUJTY1FZamVTY1E9PSIsInZhbHVlIjoieGdMd0tjZnFmeFpHVXdkMm1lMERWUT09IiwibWFjIjoiNWQ2ZTFhZTgxOTJlNGZkZGQ3YzY0YzJkOWM4MWExODVjOWNjOTExZjRjM2ZkMjA1Y2Q2MGY4YmFiYTE2MGJkZCIsInRhZyI6IiJ9;;[Kegiatan Usaha: MENJUAL MAKANAN DIRUMAH, Kategori: G, KBLI: 47112];;;46006;UMKM;;;;invalid;;;FALSE;FALSE;TRUE;;;invalid;;;;;;;0.829571376;1;1;RANES;Jalan Jend. A Yani  Gang Kartika;jalan ahmad yani gang kartika;260;47; jalan ahmad yani gang kartika kbli47;1;0;1;0;Aktif;JALAN AHMAD YANI GANG KARTIKA;0;0;;;NAIK 0702 - 15.15 WITA;6401040004_0_0;-1.9059806;116.1948311;0;0
15553;46064136;SINAR GRAHA PERDANA;Jl. Anden Oko nomor 106;6401040004;64;1;40;4;KALIMANTAN TIMUR;PASER;TANAH GROGOT;TANAH GROGOT;eyJpdiI6IlpiOU12eGZiMkVlN2dKVW1ieGFHVnc9PSIsInZhbHVlIjoiUHYrSWpqSTNjMlVIb1c1RUpTR2NYZz09IiwibWFjIjoiMmYzMGRkZWE3MTRkZjlhN2ZjYmYxNDc4NGY4YzdkNTNkOGU3OTA2ZTMwMzY0MTQ1MDVhODVlN2VkODQyZWM0MiIsInRhZyI6IiJ9;;[Kegiatan Usaha: -, Kategori: -, KBLI: 64200];;;;;OSS - Perorangan;;;invalid;;;FALSE;FALSE;TRUE;;;invalid;;;;;;sinar graha perdana;1;1;1;SINAR GRAHA PERDANA;Jl. Anden Oko nomor 106;jl anden oko nomor 106;808;64;sinar graha perdana jl anden oko nomor 106 kbli64;1;0;1;0;Aktif;Jl Anden Oko nomor 106;0;0;;;NAIK 0702 - 15.15 WITA;6401040004_0_0;-1.9058805,116.1987919;;0;0
10000;5714627;JUAL PENTOL <RADIMIN>;JALAN SULTAN HASANUDDIN GANG RAHMAT;6401040004;64;1;40;4;KALIMANTAN TIMUR;PASER;TANAH GROGOT;TANAH GROGOT;eyJpdiI6IlIvejJRRFdBTXF3U3hBdmRrcHlzZ1E9PSIsInZhbHVlIjoia2ZQQmVPU3o5V1N1SHQydURKbUFHZz09IiwibWFjIjoiNjM0MzMyOTc1NzQwOTllNjczOTIyZjdkOTQ4NTE5ZGM4ZGQ4MDI3NWQ1MDIyY2JhYTY1MDAxNjI3MmRhOWE0NCIsInRhZyI6IiJ9;;[Kegiatan Usaha: MENJUAL PENTOL KELILING DENGAN ADA PROSES PENYAJIAN, Kategori: I, KBLI: 56104];;;46006;UMKM;;;;invalid;;;FALSE;FALSE;TRUE;;;invalid;;;;;;jual pentol radimin;0.889645391;1;1;JUAL PENTOL <JOKO>;JALAN SUITAN HASANUDDIN GANG RAHMAT;jalan sultan hasanuddin gang rahmat;262;56;jual pentol radimin jalan sultan hasanuddin gang rahmat kbli56;1;0;1;1;Aktif;JALAN SULTAN HASANUDDIN GANG RAHMAT;0;0;;;NAIK 0702 - 15.15 WITA;6401040004_0_0;-1.918429;116.196867;0;0
10001;5717416;JUAL PENTOL <JOKO>;JALAN SUITAN HASANUDDIN GANG RAHMAT;6401040004;64;1;40;4;KALIMANTAN TIMUR;PASER;TANAH GROGOT;TANAH GROGOT;eyJpdiI6IkMwNmZqVmFEYXFSeVpIRlRaL215bGc9PSIsInZhbHVlIjoidWJraGtFTHlGZzhIend0VnpwbDhqdz09IiwibWFjIjoiMGU5ZjdkYmM4Yjk3ZTNhNjI0ZmNmMjcyMDc0MzJlZjcxN2I1ODAzN2E3MTA5Y2NjMjY2YzVjMWJmYzgxNTU0MCIsInRhZyI6IiJ9;;[Kegiatan Usaha: JUAL PENTOL GORENG KELILING, Kategori: I, KBLI: 56104];;;46006;UMKM;;;;invalid;;;FALSE;FALSE;TRUE;;;invalid;;;;;;jual pentol joko;0.889645391;1;4;JUAL PENTOL <RADIMIN>;JALAN SULTAN HASANUDDIN GANG RAHMAT;jalan suitan hasanuddin gang rahmat;262;56;jual pentol joko jalan suitan hasanuddin gang rahmat kbli56;1;0;1;1;Aktif;JALAN SUITAN HASANUDDIN GANG RAHMAT;0;0;;;NAIK 0702 - 15.15 WITA;6401040004_0_0;-1.918429;116.196867;0;0
13652;35946755;TEMPAT BIASA AJA;Jl andenoko;6401040004;64;1;40;4;KALIMANTAN TIMUR;PASER;TANAH GROGOT;TANAH GROGOT;eyJpdiI6IlNDcWNKbEs2RGZPbjZvMElzNmEzS3c9PSIsInZhbHVlIjoiU0swRjlTZnpHSjB1VFA5UEJpVVVYUT09IiwibWFjIjoiN2E1N2YzNDc3OWNhOTczZDM0MGFkNTc4ODZlNzI5MzI2ZDdhZjUwZjU2N2Q5NzhjYWZkM2RjYWMyMmRmNzkzYyIsInRhZyI6IiJ9;;"[Kegiatan Usaha: Rumah Minum/Kafe, Kategori: -, KBLI: 56303]; [Kegiatan Usaha: Restoran, Kategori: ,...";;;46015;;;;;invalid;;;FALSE;FALSE;TRUE;;;invalid;;;;;;tempat biasa aja;0.997383171;1;1;TEMPAT BIASA AJA;Andenoko ;jl andenoko;655;56;tempat biasa aja jl andenoko kbli56;1;0;1;0;Aktif;Jl andenoko;0;0;;;NAIK 0702 - 15.15 WITA;6401040004_0_0;-1.9058805,116.1987919;;0;0
10015;5714651;PENTOL MURNI KELILING;JL GAJAH MADA;6401040004;64;1;40;4;KALIMANTAN TIMUR;PASER;TANAH GROGOT;TANAH GROGOT;eyJpdiI6ImZXK1BVcHdMWitMYjVBdDVIKzZOZFE9PSIsInZhbHVlIjoieHdpYzNrRUl6KzlLaWJOQ0xFWU42Zz09IiwibWFjIjoiZTI0MDBkNmNjZTBjZjRiZTllODQ5MTJlMTUwZTBhMGQ3MDEzODA2YzIyMmUzODM2NTI1MmVjZDQwMjg4Njc1OCIsInRhZyI6IiJ9;;[Kegiatan Usaha: JUAL PENTOL KELILING, Kategori: I, KBLI: 56104];;;46006;UMKM;;;;invalid;;;FALSE;FALSE;TRUE;;;invalid;;;;;;pentol murni keliling;0.812809308;1;4;PENTOL KELILING;JL. ANDEN OKO;jl gajah mada;263;56;pentol murni keliling jl gajah mada kbli56;4;0;1;0;Aktif;JL GAJAH MADA;0;0;;;NAIK 0702 - 15.15 WITA;6401040004_0_0;-1.9092068;116.1873297;0;0
10018;5814953;PENYEWAAN RUMAH <SAMSURI>;JALAN SULTAN HASANUDDIN GG SAGU;6401040004;64;1;40;4;KALIMANTAN TIMUR;PASER;TANAH GROGOT;TANAH GROGOT;eyJpdiI6IjU3VGZZV0k5b1JUZy9nZzZBNVZKZFE9PSIsInZhbHVlIjoiUDlaSjRGRGcwT25BWEFiNy9KRTN5dz09IiwibWFjIjoiMzI3NzIzOTQwZTExNDZmZjliZjIxYzRjZTJjMjllNzgyMDE0NWQ5NTU0ZDQwNWU2OTkwOTJjZWY3ZDgwZjQ2ZSIsInRhZyI6IiJ9;;[Kegiatan Usaha: MENYEWAKAN RUMAH, Kategori: L, KBLI: 68111];;;46006;UMKM;;;;invalid;;;FALSE;FALSE;TRUE;;;invalid;;;;;;penyewaan rumah samsuri;0.802548954;1;1;PENYEWAAN KIOS <HARJANI>;JALAN SULTAN HASANUDDIN;jalan sultan hasanuddin gg sagu;264;68;penyewaan rumah samsuri jalan sultan hasanuddin gg sagu kbli68;1;0;1;1;Aktif;JALAN SULTAN HASANUDDIN GG SAGU;0;0;;;NAIK 0702 - 15.15 WITA;6401040004_0_0;-1.918429;116.196867;0;0
10025;5814956;PENYEWAAN KIOS <HARJANI>;JALAN SULTAN HASANUDDIN;6401040004;64;1;40;4;KALIMANTAN TIMUR;PASER;TANAH GROGOT;TANAH GROGOT;eyJpdiI6IkV6S0V3OGRTUTB4b01taHBzV3hDdkE9PSIsInZhbHVlIjoieVRVZWhlRmd4WUQ0RXVicDRBbU04dz09IiwibWFjIjoiYTM4ODA2NjIxMDQ4YjFhNjRjMDM4YTIwOGE4NjkzOGVjOTBiOTM0ZWEwNzUyZTA1NzlhYzc2YzQ0MTRiODAzNSIsInRhZyI6IiJ9;;[Kegiatan Usaha: MENYEWAKAN KIOS, Kategori: L, KBLI: 68111];;;46006;UMKM;;;;invalid;;;FALSE;FALSE;TRUE;;;invalid;;;;;;penyewaan kios harjani;0.802548954;1;4;PENYEWAAN RUMAH <SAMSURI>;JALAN SULTAN HASANUDDIN GG SAGU;jalan sultan hasanuddin;264;68;penyewaan kios harjani jalan sultan hasanuddin kbli68;1;0;1;1;Aktif;JALAN SULTAN HASANUDDIN;0;0;;;NAIK 0702 - 15.15 WITA;6401040004_0_0;-1.9199895;116.1951828;0;0
10053;6171497;DIVA WATER DIRHAMSYAH;JL HOS COKROAMINOTO;6401040004;64;1;40;4;KALIMANTAN TIMUR;PASER;TANAH GROGOT;TANAH GROGOT;eyJpdiI6ImVYQ2c1czJMeFZiVlFCSkRkK1FMZWc9PSIsInZhbHVlIjoiZHRRSVk4QkNxWUZGc0dqRUhCTjJGdz09IiwibWFjIjoiZjVjNWU3MzhiNWJiY2ViYjAwMjMwZjdhOGYyZWJhNjc1OWMyMTdiNjhjMTQ5NzBjZmY2NDQyYzBjZjAxNTY0YiIsInRhZyI6IiJ9;;[Kegiatan Usaha: AIR MINERAL, Kategori: C, KBLI: 11052];;;45688;UMKM;;;;invalid;;;FALSE;FALSE;TRUE;;;invalid;;;;;;diva water dirhamsyah;0.883994893;1;1;ILFHA WATER;JL HOS COKROAMINOTO;jl hos cokroaminoto;266;11;diva water dirhamsyah jl hos cokroaminoto kbli11;1;0;1;0;Aktif;JL HOS COKROAMINOTO;0;0;;;NAIK 0702 - 15.15 WITA;6401040004_0_0;-1.9164426;116.1935221;0;0
757;97336215;TOKO 73 (MUKLIS);JL BHAYANGKARA;6401040004;64;1;40;4;KALIMANTAN TIMUR;PASER;TANAH GROGOT;TANAH GROGOT;eyJpdiI6IkF5bGRiSm1nd2hNanZkMC9BOFZHd2c9PSIsInZhbHVlIjoiNW0rdENWR1A5UURSVk9aY3NaN2JwQT09IiwibWFjIjoiMjM3NzBhMTU4Mzc1OTA0MGZkYTkyMTY3ZWQ4MjY1YzY1OGY2YzQxNDgwYzYyN2YyYjhlNDU5ZWM0Nzc4ZjU3NCIsInRhZyI6IiJ9;;[Kegiatan Usaha: -, Kategori: G, KBLI: 47112];;;46012;UMKM;;;;invalid;;;FALSE;FALSE;TRUE;;;invalid;;;;;;73 muklis;0.816367481;1;1;KOPERASI TRASINDO;JL BHAYANGKARA;jl bhayangkara;10;47;73 muklis jl bhayangkara kbli47;1;0;1;0;Aktif;JL BHAYANGKARA;0;0;;;NAIK 0702 - 15.15 WITA;6401040004_0_0;-1.915646;116.19684;0;0
1801;97336269;KANTIN SMP NEGERI 1 (NURBAIYAH);JL BHAYANGKARA;6401040004;64;1;40;4;KALIMANTAN TIMUR;PASER;TANAH GROGOT;TANAH GROGOT;eyJpdiI6IjlIMGc3eUsvaFJiakxwalVQYzRYTWc9PSIsInZhbHVlIjoid2pFUzBjSWM0TEZicGpaOGZqdTdkUT09IiwibWFjIjoiNWY3MThiNjdlMmQyNzI2MWQ3MGNlN2NiMzFmNmU4M2E2YmFkZDQ5ZTc0ZmQ5NzJhNTliZDQwNGQzNjAyYTVkYiIsInRhZyI6IiJ9;;[Kegiatan Usaha: -, Kategori: I, KBLI: 56304];;;46006;UMKM;;;;invalid;;;FALSE;FALSE;TRUE;;;invalid;;;;;;kantin smp negeri 1 nurbaiyah;0.943690133;1;1;KANTIN SMP NEGERI 1 (ROFIAH);JL BHAYANGKARA;jl bhayangkara;20;56;kantin smp negeri 1 nurbaiyah jl bhayangkara kbli56;1;0;1;0;Aktif;JL BHAYANGKARA;0;0;;;NAIK 0702 - 15.15 WITA;6401040004_0_0;-1.915646;116.19684;0;0
12040;17382961;TRIXIE DE ARCHITECTURA;JL. BHAYANGKARA;6401040004;64;1;40;4;KALIMANTAN TIMUR;PASER;TANAH GROGOT;TANAH GROGOT;eyJpdiI6ImJ4R2YrZDUyYUFPbnFoQ21UMEp5c3c9PSIsInZhbHVlIjoiaGNBQ096U2Jab3lMTjBXSjk4YzBUQT09IiwibWFjIjoiNzQ2M2QyN2IwMTIyYTU2NWM1MWZhYmI2NzIyMjJlODUzMTUxNGEzNDUwNTExYTk3ZDA0NTU4ZTlkZjA1ZGI5YiIsInRhZyI6IiJ9;;;;;45948;;Tambahan Daerah s.d 31 Desember 2025;;;invalid;;;FALSE;FALSE;TRUE;;;invalid;;;;;;trixie de architectura;0.876445981;1;1;TRIXIE DE ARCHITECTURA;JL. BHAYANGKARA;jl bhayangkara;526;0;trixie de architectura jl bhayangkara kbli00;1;0;1;0;Aktif;JL BHAYANGKARA;0;0;;;NAIK 0702 - 15.15 WITA;6401040004_0_0;-1.915646;116.19684;0;0
12389;27527159;MUHIMMAH;Jl Bhayangkara;6401040004;64;1;40;4;KALIMANTAN TIMUR;PASER;TANAH GROGOT;TANAH GROGOT;eyJpdiI6InJZTEduSnNGYXpCZ1R6dDRQbWJsT2c9PSIsInZhbHVlIjoieEVWKzJQUGk0T0ttcmtndnorMnJuUT09IiwibWFjIjoiNjAyNzQ1M2Y0MDUzN2EyOTI1NjIwMzIwY2M3NWIxN2YwMDVjNGMzYmY4MjU0NzNlODhjOTQxMGMyMWNiMjNkYSIsInRhZyI6IiJ9;;"[Kegiatan Usaha: -, Kategori: -, KBLI: 96200]; [Kegiatan Usaha: Aktivitas penatu, Kategori: , KBLI: ...";;;45985;;OSS - Perorangan;;;invalid;;;FALSE;FALSE;TRUE;;;invalid;;;;;;muhimmah;0.900835321;1;1;MAHMUDAH;JL. BHAYANGKARA;jl bhayangkara;552;96;muhimmah jl bhayangkara kbli96;1;0;1;0;Aktif;Jl Bhayangkara;0;0;;;NAIK 0702 - 15.15 WITA;6401040004_0_0;-1.915646;116.19684;0;0
12531;26670132;IRA AMIDAH;JL. BHAYANGKARA;6401040004;64;1;40;4;KALIMANTAN TIMUR;PASER;TANAH GROGOT;TANAH GROGOT;eyJpdiI6IkFIYWlXTE10YmhiRXlhSHhqZUFNNEE9PSIsInZhbHVlIjoib1hSTkdiOHZXRFFLRDNVcmtqblB1Zz09IiwibWFjIjoiZjRmNjZlZDFhYjk2MGUwMjBmNTgzZTQyOTcwNDRiNDJjMDc4ZWZjNDRiY2UwZTUwZWI1MWQzNGZhYjdlYWQ1MiIsInRhZyI6IiJ9;;"[Kegiatan Usaha: -, Kategori: -, KBLI: 56103]; [Kegiatan Usaha: Kedai Makanan, Kategori: , KBLI: 561...";;;45985;;OSS - Perorangan;;;invalid;;;FALSE;FALSE;TRUE;;;invalid;;;;;;ira amidah;0.804880959;1;1;TUMISAH;JL. BHAYANGKARA;jl bhayangkara;564;56;ira amidah jl bhayangkara kbli56;1;0;1;0;Aktif;JL BHAYANGKARA;0;0;;;NAIK 0702 - 15.15 WITA;6401040004_0_0;-1.915646;116.19684;0;0
13236;32591571;JUAIRIAH;JL. BHAYANGKARA;6401040004;64;1;40;4;KALIMANTAN TIMUR;PASER;TANAH GROGOT;TANAH GROGOT;eyJpdiI6IlFHdytmWklXSmZZb3RkdHMrOFAybWc9PSIsInZhbHVlIjoicFhoVjR3a0N4anB0OVFtT3FjaDNCUT09IiwibWFjIjoiNDVkMTdkMWUyMDI1MGM4YmQ3MDRhYWNjNDFhMGExZjUyNjA3YmI3NjkyZmRlODllOWYwNzU1ZWE5YWEzY2I2ZiIsInRhZyI6IiJ9;;"[Kegiatan Usaha: Aktivitas penatu, Kategori: , KBLI: 96200]; [Kegiatan Usaha: -, Kategori: -, KBLI: ...";;;45985;;OSS - Perorangan;;;invalid;;;FALSE;FALSE;TRUE;;;invalid;;;;;;juairiah;0.872717346;1;1;YATI;JL BHAYANGKARA;jl bhayangkara;619;96;juairiah jl bhayangkara kbli96;1;0;1;0;Aktif;JL BHAYANGKARA;0;0;;;NAIK 0702 - 15.15 WITA;6401040004_0_0;-1.915646;116.19684;0;0
13508;27313413;TRIMUJIANI;Jl. Bhayangkara;6401040004;64;1;40;4;KALIMANTAN TIMUR;PASER;TANAH GROGOT;TANAH GROGOT;eyJpdiI6ImxLK0RaWENQeXdxYTBxOWNaNlhhUUE9PSIsInZhbHVlIjoib2ppME5qZHJETklObVpWTGZOSEI0QT09IiwibWFjIjoiMTI4ZDVhZjlkOTQ5ZjQ5Yjk4MDAxMjVhYmNkMTA1ZTYwNWYwOWM5MjBkZTUzZDRlNjg0MTU1MzA3ODdmM2NlZSIsInRhZyI6IiJ9;;"[Kegiatan Usaha: -, Kategori: -, KBLI: 56102]; [Kegiatan Usaha: Rumah/Warung Makan, Kategori: , KBLI...";;;45985;;OSS - Perorangan;;;invalid;;;FALSE;FALSE;TRUE;;;invalid;;;;;;trimujiani;1;1;1;TRIMUJIANI;Jl. Bhayangkara;jl bhayangkara;642;56;trimujiani jl bhayangkara kbli56;1;0;1;0;Aktif;Jl Bhayangkara;0;0;;;NAIK 0702 - 15.15 WITA;6401040004_0_0;-1.915646;116.19684;0;0
13579;27538057;KANTIN SEKOLAH <BINTI ROFI'AH>;JL. BHAYANGKARA;6401040004;64;1;40;4;KALIMANTAN TIMUR;PASER;TANAH GROGOT;TANAH GROGOT;eyJpdiI6IlMxSko0RkJ6OWk0R1d4VWdMQ3RDVXc9PSIsInZhbHVlIjoibEFXc3BvNVVIZkRMSzZkczVDbldFdz09IiwibWFjIjoiYzdkMmI1ODNlOTMyOTU4YjRmOWU1NmE5NDFlZmM2NWFiZDE1NDJmY2UwNDI4NDI1ZTE4MzA4YzlhNjliM2NjMCIsInRhZyI6IiJ9;;[Kegiatan Usaha: -, Kategori: I, KBLI: 56103];;;45998;;OSS - Perorangan;;;invalid;;;FALSE;FALSE;TRUE;;;invalid;;;;;;kantin sekolah binti rofi ah;0.807366671;1;1;BINTI ROFI'AH;JL. BHAYANGKARA;jl bhayangkara;647;56;kantin sekolah binti rofi ah jl bhayangkara kbli56;1;0;1;1;Aktif;JL BHAYANGKARA;0;0;;;NAIK 0702 - 15.15 WITA;6401040004_0_0;-1.915646;116.19684;0;0
12525;32125620;ANDI NILASARI;JL BHAYANGKARA GG SENTOSA;6401040004;64;1;40;4;KALIMANTAN TIMUR;PASER;TANAH GROGOT;TANAH GROGOT;eyJpdiI6IlA5bG5wbTRNVEJTOThlWUhyNmRvNkE9PSIsInZhbHVlIjoiL05zbUMyRjE0Z1NqYndzL3J4RE45UT09IiwibWFjIjoiNTQ2NDVmZWI0Y2M0OTIwZjEzMjJlYzU3NGNhZDEzZjhmOTg5MGY4NmI4MTAyOWQ5MDkzMTk4MzMwYjRkNTNmZiIsInRhZyI6IiJ9;;"[Kegiatan Usaha: -, Kategori: -, KBLI: 14120]; [Kegiatan Usaha: Penjahitan Dan Pembuatan Pakaian Ses...";;;45985;;OSS - Perorangan;;;invalid;;;FALSE;FALSE;TRUE;;;invalid;;;;;;andi nilasari;0.837621309;1;1;ARMIYATI;JL BHAYANGKARA GG SENTOSA;jl bhayangkara gg sentosa;562;14;andi nilasari jl bhayangkara gg sentosa kbli14;1;0;1;0;Aktif;JL BHAYANGKARA GG SENTOSA;0;0;;;NAIK 0702 - 15.15 WITA;6401040004_0_0;-1.915646;116.19684;0;0
10492;6474365;Ahmad Dzauqy Cell;RT.05/RW.03;6401040004;64;1;40;4;KALIMANTAN TIMUR;PASER;TANAH GROGOT;TANAH GROGOT;eyJpdiI6Im9uNVlSNTI3ZGwxdk9IRVUyZFhHR2c9PSIsInZhbHVlIjoibGl6ZllnS0NJY0phb1RTT3BYVlYxdz09IiwibWFjIjoiYWI5NGQ2N2JlMmJiN2RhM2ZmYmU5M2JjOWE3MDliZDk0M2Y4Y2QxOTUzMWQ1N2U1ZDZiN2UzNDkyMGRmNjZkYiIsInRhZyI6IiJ9;;[Kegiatan Usaha: Menjual: Smartphone dan aksesoris ponsel, Kategori: G, KBLI: 47];;;46006;;;;;invalid;;;FALSE;FALSE;TRUE;;;invalid;;;;;;ahmad dzauqy cell;0.844182427;1;1;BMR cell;RT.05/RW.03;rt 05 rw 03;287;47;ahmad dzauqy cell rt 05 rw 03 kbli47;1;0;1;0;Aktif;RT05RW03;5;3;;;NAIK 0702 - 15.15 WITA;6401040004_5_3;-1.91122;116.196126;0;0
10493;6476134;BMR cell;RT.05/RW.03;6401040004;64;1;40;4;KALIMANTAN TIMUR;PASER;TANAH GROGOT;TANAH GROGOT;eyJpdiI6ImIxaC81MXFlWUxDck9kR3I5MUtCSHc9PSIsInZhbHVlIjoiQUY0K3dEbUtHQ2NKZndCLys1Q3NzQT09IiwibWFjIjoiNGZmMjE5ZGVkMjU3YTVlNThmNTQ0Mjg1Yjg5ZDEzNDUzNGNhMWVlZjRjNWIzYzkwNDc5NWY0MWM4YTk5Yzc4MSIsInRhZyI6IiJ9;;[Kegiatan Usaha: Menjual: Smartphone dan aksesoris ponsel, Kategori: G, KBLI: 47];;;46006;;;;;invalid;;;FALSE;FALSE;TRUE;;;invalid;;;;;;bmr cell;0.844182427;1;4;Ahmad Dzauqy Cell;RT.05/RW.03;rt 05 rw 03;287;47;bmr cell rt 05 rw 03 kbli47;4;0;1;0;Aktif;RT05RW03;5;3;;;NAIK 0702 - 15.15 WITA;6401040004_5_3;-1.91122;116.196126;0;0
10707;6639027;ALFAREZA, CV;JL. DI. PANJAITAN GG. SURYA RT.017/RW.004;6401040004;64;1;40;4;KALIMANTAN TIMUR;PASER;TANAH GROGOT;TANAH GROGOT;eyJpdiI6Ii9BK1I5bFhTaUNzSkVZR1kyRXQxM0E9PSIsInZhbHVlIjoiaGNBWDd4R0kwSnlCeURIWWR2dEVyUT09IiwibWFjIjoiMThlYTZjNDdhMzc2YTM1OWM3MDYzMWIxOGVmZDEyYmM2NGNhZTc3NGFjZjIxNzlkMjA4N2FlMTk4MjNjNmY3YSIsInRhZyI6IiJ9;;[Kegiatan Usaha: -, Kategori: F, KBLI: 42101];;;45664;UMKM;;;;valid;;;FALSE;FALSE;TRUE;;;invalid;;;;;;alfareza;0.819455553;1;1;ALFAREZA;JL. DI PANJAITAN GG. SURYA;jl di panjaitan gg surya rt 017 rw 004;297;42;alfareza jl di panjaitan gg surya rt 017 rw 004 kbli42;1;0;1;0;Aktif;JL DI PANJAITAN GG SURYA RT017RW004;17;4;;;NAIK 0702 - 15.15 WITA;6401040004_17_4;-1.8938;116.190345;0;0
10745;6718320;TOKO AL YASMIN;JL SULTAN HASANUDDIN;6401040004;64;1;40;4;KALIMANTAN TIMUR;PASER;TANAH GROGOT;TANAH GROGOT;eyJpdiI6Ik1WTXZubVdjbVpMNVNzczlVbldDc3c9PSIsInZhbHVlIjoiY0o0bDFIeVNSK2JjQjRXdmJIYXM1dz09IiwibWFjIjoiYWJhYTVkYWMxYjFjNjVmZmVmMmM1YzAxYWQwYTU1ZDE5ZjIzZmUxMmU4Y2RlOWUwOWQ2MDBiMWM0MWZjZTY2NyIsInRhZyI6IiJ9;;[Kegiatan Usaha: MENJUAL SAYUR, IKAN, DAN SEMBAKO, Kategori: G, KBLI: 47112];;;45831;;;;;invalid;;;FALSE;FALSE;TRUE;;;invalid;;;;;;al yasmin;0.827702205;1;1;SUARDI;JL. SULTAN HASANUDDIN;jl sultan hasanuddin;299;47;al yasmin jl sultan hasanuddin kbli47;1;0;1;0;Aktif;JL SULTAN HASANUDDIN;0;0;;;NAIK 0702 - 15.15 WITA;6401040004_0_0;-1.9199895;116.1951828;0;0
9414;4327928;ALMA SEJAHTERA;JL DI PANJAITAN;6401040004;64;1;40;4;KALIMANTAN TIMUR;PASER;TANAH GROGOT;TANAH GROGOT;eyJpdiI6IkVBQk82NUpVdXBjVGpXU0d4UndoYWc9PSIsInZhbHVlIjoiT1NXWEVRN2ZVdGEzQ0pzTTR1ZzZndz09IiwibWFjIjoiYTI4MGRkZjI4MTY0NjdmYjQyZThmNGYzOTVlYWY4Y2I1NTU4MzlhOGNiMjI2YmI1MzQ1MjllMzNhMjY2MWQwMyIsInRhZyI6IiJ9;;[Kegiatan Usaha: -, Kategori: F, KBLI: 41014];;;45665;UMKM;Dir Pajak;;;invalid;;;FALSE;FALSE;TRUE;;;invalid;;;;;;alma sejahtera;0.926715446;1;1;ALMA SEJAHTERA, CV;JL DI PANJAITAN 04;jl di panjaitan;232;41;alma sejahtera jl di panjaitan kbli41;1;0;1;0;Aktif;JL DI PANJAITAN;0;0;;;NAIK 0702 - 15.15 WITA;6401040004_0_0;-1.8883967;116.1918702;0;0
13337;18346566;DIMENSI PROSTAGE;Jl. D.I. Panjaitan;6401040004;64;1;40;4;KALIMANTAN TIMUR;PASER;TANAH GROGOT;TANAH GROGOT;eyJpdiI6IndOeFpoTXllbDFrNTBZRG50QnZXYXc9PSIsInZhbHVlIjoiTU9LaG5wbC9uN2l6N0lVNHROV2huZz09IiwibWFjIjoiMGVhOTUyOWFhYzczZDkxMTg3MDgzNWZiYTgxMzUxOGZkNDdmMjNlOTU5ODVhNGZkN2Q2NTM4M2Y0NGFjNzMxZCIsInRhZyI6IiJ9;;"[Kegiatan Usaha: -, Kategori: -, KBLI: 77291]; [Kegiatan Usaha: -, Kategori: -, KBLI: 77323]; [Kegia...";;;45985;;OSS - Badan Usaha;;;invalid;;;FALSE;FALSE;TRUE;;;invalid;;;;;;dimensi prostage;0.801488385;1;1;DIMENSI PROSTAGE;Jl. D.I. Panjaitan ;jl d i panjaitan;630;77;dimensi prostage jl d i panjaitan kbli77;1;0;1;0;Aktif;Jl DI Panjaitan;0;0;;;NAIK 0702 - 15.15 WITA;6401040004_0_0;-1.8883967;116.1918702;0;0
14425;46403227;DAYA PASER UTAMA;JL. DI PANJAITAN;6401040004;64;1;40;4;KALIMANTAN TIMUR;PASER;TANAH GROGOT;TANAH GROGOT;eyJpdiI6IjA1OU5KUmRnMEhHUldoL1VNVEk0UFE9PSIsInZhbHVlIjoiWUwrdFdlZWlxUk1TaHVOampNaS8vQT09IiwibWFjIjoiZjc1ZjQ5MTU3MjIxMGViMzhkZjJlZTJjNjUzYjQ0NTMyZGQyNGQzOWE2Y2JiYzVlMTA4MzQ4ZjEwYzQyYTM2ZiIsInRhZyI6IiJ9;;"[Kegiatan Usaha: -, Kategori: -, KBLI: 18120]; [Kegiatan Usaha: -, Kategori: -, KBLI: 93111]; [Kegia...";;;;;OSS - Perorangan;;;invalid;;;FALSE;FALSE;TRUE;;;invalid;;;;;;daya paser utama;0.862779091;1;1;DAYA PASER UTAMA;JL. DI PANJAITAN;jl di panjaitan;716;18;daya paser utama jl di panjaitan kbli18;1;0;1;0;Aktif;JL DI PANJAITAN;0;0;;;NAIK 0702 - 15.15 WITA;6401040004_0_0;-1.8883967;116.1918702;0;0
12019;32463225;SITI ZAITUN;HOS COKROAMINOTO RT.003 RW.005;6401040004;64;1;40;4;KALIMANTAN TIMUR;PASER;TANAH GROGOT;TANAH GROGOT;eyJpdiI6ImkrZFphdjZnZlZnS0xkK2M0UkxwZWc9PSIsInZhbHVlIjoiMGxVVjFWbm11UDFDZU1XcjBUcFQ4Zz09IiwibWFjIjoiYWZmYWVmYTZhZTRiMDI0M2ZiNGM5ZTNhN2ZhMTM5OTkwN2Q4NGE4YzgyMDNmOTBhODJjZGNjYjI1MjUwY2M1ZCIsInRhZyI6IiJ9;;"[Kegiatan Usaha: -, Kategori: -, KBLI: 47711]; [Kegiatan Usaha: -, Kategori: -, KBLI: 47242]; [Kegia...";;;45985;;OSS - Perorangan;;;invalid;;;FALSE;FALSE;TRUE;;;invalid;;;;;;siti zaitun;0.818839627;1;1;JULI ZAITUN;HOS COKROAMINOTO RT.003 RW.005;hos cokroaminoto rt 003 rw 005;525;47;siti zaitun hos cokroaminoto rt 003 rw 005 kbli47;1;0;1;0;Aktif;HOS COKROAMINOTO RT003 RW005;3;5;;;NAIK 0702 - 15.15 WITA;6401040004_3_5;-1.91821;116.191961;0;0
12030;28898385;JULI ZAITUN;HOS COKROAMINOTO RT.003 RW.005;6401040004;64;1;40;4;KALIMANTAN TIMUR;PASER;TANAH GROGOT;TANAH GROGOT;eyJpdiI6InFOa0xtcWRsUlU1ZjFCNnB5K1VjWHc9PSIsInZhbHVlIjoicVN1eGJoNWR3bUFJUlU0OXlZZEN1QT09IiwibWFjIjoiMDI2NzQxYTRkNDNhNTgzNDA3NDBjY2NmNGZmYzU1MjdmOTYxNGE5YzdhNTM5MWU4YjNiZmZjOTJiMTg5NGU0NyIsInRhZyI6IiJ9;;"[Kegiatan Usaha: -, Kategori: -, KBLI: 10710]; [Kegiatan Usaha: Perdagangan Eceran Pakaian, Kategori...";;;45985;;OSS - Perorangan;;;invalid;;;FALSE;FALSE;TRUE;;;invalid;;;;;;juli zaitun;0.818839627;1;4;SITI ZAITUN;HOS COKROAMINOTO RT.003 RW.005;hos cokroaminoto rt 003 rw 005;525;10;juli zaitun hos cokroaminoto rt 003 rw 005 kbli10;4;0;1;0;Aktif;HOS COKROAMINOTO RT003 RW005;3;5;;;NAIK 0702 - 15.15 WITA;6401040004_3_5;-1.91821;116.191961;0;0
15245;44294171;PUTRA YUNANI BERJAYA;JL. DI PANJAITAN;6401040004;64;1;40;4;KALIMANTAN TIMUR;PASER;TANAH GROGOT;TANAH GROGOT;eyJpdiI6ImNSUmxtRGhvRnNsWGVNanZwTjNzRkE9PSIsInZhbHVlIjoiZzEvV1BaakxMOVlneEhiV3BSUmlBQT09IiwibWFjIjoiY2NiZTA4MjcwZTI0OWU0NjdlYjQ2OTFkZTZiNDA0ODE0Mjc1YmFjMDdhZWIxNWI1NjI1YWQyYTY4ZjI3ZGQ2ZSIsInRhZyI6IiJ9;;"[Kegiatan Usaha: -, Kategori: -, KBLI: 42101]; [Kegiatan Usaha: -, Kategori: -, KBLI: 42102]; [Kegia...";;;;;OSS - Perorangan;;;invalid;;;FALSE;FALSE;TRUE;;;invalid;;;;;;putra yunani berjaya;0.906336213;1;1;PUTRA YUNANI BERJAYA;JL. DI PANJAITAN;jl di panjaitan;785;42;putra yunani berjaya jl di panjaitan kbli42;1;0;1;0;Aktif;JL DI PANJAITAN;0;0;;;NAIK 0702 - 15.15 WITA;6401040004_0_0;-1.8883967;116.1918702;0;0
12069;17943480;ABRA KARYA UTAMA, pt;Jl. KH. Agus Salim Gg. Swadaya No. 34 RT. 001 RW. 005;6401040004;64;1;40;4;KALIMANTAN TIMUR;PASER;TANAH GROGOT;TANAH GROGOT;eyJpdiI6InV3eE5CMldGclZtRC9QdnVSS213ZkE9PSIsInZhbHVlIjoiOWRIU3JaQ2VLWlpwSWpzRUo3d2s5Zz09IiwibWFjIjoiYWI0MDgxZTI4OWFkNmNkM2I5MzkwMWNhNTQwOWM0MjA5NGJhNWQyYjIxMWNjOWJiNzhlZmUyNDRmMTRhYzgzNSIsInRhZyI6IiJ9;;"[Kegiatan Usaha: -, Kategori: M, KBLI: -]; [Kegiatan Usaha: -, Kategori: G, KBLI: -]";;;45962;;;;;invalid;;;FALSE;FALSE;TRUE;;;invalid;;;;;;abra karya utama;0.879661492;1;1;ABRA KARYA UTAMA;JL. KH. AGUS SALIM GG. SWADAYA;jl kh agus salim gg swadaya no 34 rt 001 rw 005;528;0;abra karya utama jl kh agus salim gg swadaya no 34 rt 001 rw 005 kbli00;1;0;0;0;Aktif;Jl KH Agus Salim Gg Swadaya No 34 RT 001 RW 005;1;5;;;NAIK 0702 - 15.15 WITA;6401040004_1_5;-1.91499;116.187511;0;0
12093;28070899;HALIMAH;JL. SULTAN HASANUDDIN GG. MAWAR;6401040004;64;1;40;4;KALIMANTAN TIMUR;PASER;TANAH GROGOT;TANAH GROGOT;eyJpdiI6IkpTbzZUVUNUNE5kb0tVZkZnVkxWaGc9PSIsInZhbHVlIjoiWWhiemFQYWNzV3QyWjluVlNmZDA4UT09IiwibWFjIjoiNjE2ZmJjMDMxMzQ2MGIwN2VjMTQ5YzJlN2UyODEyYWRlYzYxMmM1MTYxZDQyNGVmMTE1Mzg0YjQ1YmZiMGZlNSIsInRhZyI6IiJ9;;[Kegiatan Usaha: -, Kategori: -, KBLI: 01262];;;46006;;OSS - Perorangan;;;invalid;;;FALSE;FALSE;TRUE;;;invalid;;;;;;halimah;0.829187167;1;1;ALIAS;JL. SULTAN HASANUDDIN GG. MAWAR NO. 64;jl sultan hasanuddin gg mawar;530;1;halimah jl sultan hasanuddin gg mawar kbli01;1;0;1;0;Aktif;JL SULTAN HASANUDDIN GG MAWAR;0;0;;;NAIK 0702 - 15.15 WITA;6401040004_0_0;-1.918429;116.196867;0;0
12121;17413562;EFET BORNEO SUMBARA;Jl. R.M. Noto Sunardi;6401040004;64;1;40;4;KALIMANTAN TIMUR;PASER;TANAH GROGOT;TANAH GROGOT;eyJpdiI6IjZiU2U1c29QM0dQcDdkUmpyVXVOYnc9PSIsInZhbHVlIjoiaWJubHY0VzIza0JYMk53NitXbmxHdz09IiwibWFjIjoiNjU4NTllNTZmOTg3YjQ1NjcyMzFhN2FmNjUwZWMzNjc5ZGRmMzE5YjY4MDAzMWIxZWIxZDVjNWVlMDU5NTk1ZSIsInRhZyI6IiJ9;;;;;45948;;Tambahan Daerah s.d 31 Desember 2025;;;invalid;;;FALSE;FALSE;TRUE;;;invalid;;;;;;efet borneo sumbara;0.897119974;1;1;EFET BORNEO SUMBARA;Jl. RM. Noto Sunardi;jl r m noto sunardi;531;0;efet borneo sumbara jl r m noto sunardi kbli00;1;0;1;0;Aktif;Jl RM Noto Sunardi;0;0;;;NAIK 0702 - 15.15 WITA;6401040004_0_0;-1.9163492;116.188558;0;0
12174;26424412;SITI SUNDARI;Jl. Lambung Mangkurat Rt 10 Rw 05;6401040004;64;1;40;4;KALIMANTAN TIMUR;PASER;TANAH GROGOT;TANAH GROGOT;eyJpdiI6IjZySjlpbUJrV1ZQZE8vZXJvb2Y5OHc9PSIsInZhbHVlIjoiZ2dUYmFjYnozd0FGby96eWtwV0I5dz09IiwibWFjIjoiY2YzZGUxZDc3Zjg2OTA2YjcyOTZhMjAyODczNzA3ODI1YjNhMzgxM2Y3MGI0MmI5NzkxMWYzODRmNGE1MTVkYyIsInRhZyI6IiJ9;;[Kegiatan Usaha: -, Kategori: C, KBLI: 10799];;;46006;;OSS - Perorangan;;;invalid;;;FALSE;FALSE;TRUE;;;invalid;;;;;;siti sundari;0.812473305;1;4;SINAH;Jl Lambung Mangkurat Gg Sido Mukti Rt 10 Rt 05;jl lambung mangkurat rt 10 rw 05;532;10;siti sundari jl lambung mangkurat rt 10 rw 05 kbli10;4;0;1;0;Aktif;Jl Lambung Mangkurat Rt 10 Rw 05;10;5;;;NAIK 0702 - 15.15 WITA;6401040004_10_5;-1.91233;116.187339;0;0
13859;44594227;KARINDO BARU;Jl. DI. Panjaitan Gg Surya ;6401040004;64;1;40;4;KALIMANTAN TIMUR;PASER;TANAH GROGOT;TANAH GROGOT;eyJpdiI6IlBoMGJtMlBCbTVzR0pITk9naGVkV2c9PSIsInZhbHVlIjoibWdMV2FUY2RONHdEWkVSYVByL1VXQT09IiwibWFjIjoiNzJjOTg1YWI4NTA2ZmZiM2E1MWNmYWRlM2RkOWQ2YTJmMDVmNzI1ODk0NmI5ZDdmNGQzY2M2YTJhZDIwOGRkMyIsInRhZyI6IiJ9;;"[Kegiatan Usaha: -, Kategori: -, KBLI: 42201]; [Kegiatan Usaha: -, Kategori: -, KBLI: 42101]; [Kegia...";;;;;OSS - Perorangan;;;invalid;;;FALSE;FALSE;TRUE;;;invalid;;;;;;karindo baru;1;1;1;KARINDO BARU;Jl. DI. Panjaitan Gg Surya;jl di panjaitan gg surya;675;42;karindo baru jl di panjaitan gg surya kbli42;1;0;1;0;Aktif;Jl DI Panjaitan Gg Surya;0;0;;;NAIK 0702 - 15.15 WITA;6401040004_0_0;-1.8883967;116.1918702;0;0
12191;32257168;MURSIDI;JL. HOS COKROAMINOTO;6401040004;64;1;40;4;KALIMANTAN TIMUR;PASER;TANAH GROGOT;TANAH GROGOT;eyJpdiI6IjQrSmFwYWlzSnlCdEZxWmZ3Y1ZoY3c9PSIsInZhbHVlIjoiMHRhMUZqejg0M0dDVk5xdXZrQ2lzQT09IiwibWFjIjoiNjBjNWQyNmZlZDNlZmM2OTdmNjljMzA3OTg2ODM3ZTMxOGM4MzE4MjUwMmIxMzk5MjhhM2U1YTQwZjUyNDY0ZiIsInRhZyI6IiJ9;;[Kegiatan Usaha: -, Kategori: -, KBLI: 47528];;;46006;;OSS - Perorangan;;;invalid;;;FALSE;FALSE;TRUE;;;invalid;;;;;;mursidi;0.844960976;1;1;ZULKIFLI;JL HOS COKROAMINOTO;jl hos cokroaminoto;534;47;mursidi jl hos cokroaminoto kbli47;1;0;1;0;Aktif;JL HOS COKROAMINOTO;0;0;;;NAIK 0702 - 15.15 WITA;6401040004_0_0;-1.9164426;116.1935221;0;0
10209;6396056;VEGA UTAMA, CV;JL DI PANJAITAN NO 09;6401040004;64;1;40;4;KALIMANTAN TIMUR;PASER;TANAH GROGOT;TANAH GROGOT;eyJpdiI6InZYL2s1SmdidWthOCtuWDJqMkJyRlE9PSIsInZhbHVlIjoiVFN6OTljZXdCTmlhOC8rdkZ2R0x6dz09IiwibWFjIjoiYmIzMjU1ZDQ3MTZlNjM1YjNjNTQ3ZjY2MjI5YmY2YTY2M2NkOTJkZTE3NDFkZjU2M2U4OTUxNmMyMDRlMzlhOSIsInRhZyI6IiJ9;;[Kegiatan Usaha: -, Kategori: F, KBLI: -];;;46006;UMKM;;;;invalid;;;FALSE;FALSE;TRUE;;;invalid;;;;;;vega utama;0.812375961;1;1;GYBRAN UTAMA, CV;JL DI PANJAITAN GG STADION;jl di panjaitan no 09;273;0;vega utama jl di panjaitan no 09 kbli00;1;0;1;0;Aktif;JL DI PANJAITAN NO 09;0;0;;;NAIK 0702 - 15.15 WITA;6401040004_0_0;-1.8883967;116.1918702;0;0
12227;27416970;CHICI PUPUT DAMAYANTI;JL SULTAN  HASANUDIN;6401040004;64;1;40;4;KALIMANTAN TIMUR;PASER;TANAH GROGOT;TANAH GROGOT;eyJpdiI6IlNLUDl4SUNObXdReG44UXhTMzduTnc9PSIsInZhbHVlIjoibkE5TkkwQW5QczhoYVZ2SFI5czZWdz09IiwibWFjIjoiNzMyYmYxOGJiYmNmNDY5ZmEzODZmOGUxNjEyZDRjYjRjZTk4M2U4MzAwNGM4MDRjYWU5MzMzYjI0YjM5ZjFkNiIsInRhZyI6IiJ9;;"[Kegiatan Usaha: Industri Kue Basah, Kategori: , KBLI: 10792]; [Kegiatan Usaha: -, Kategori: -, KBLI...";;;45985;;OSS - Perorangan;;;invalid;;;FALSE;FALSE;TRUE;;;invalid;;;;;;chici puput damayanti;0.880710655;1;1;kue basah puput  <chici puput damayanti>;jln Sultan hasanudin, RT 13/RW 2;jl sultan hasanudin;538;10;chici puput damayanti jl sultan hasanudin kbli10;1;0;1;0;Aktif;JL SULTAN HASANUDIN;0;0;;;NAIK 0702 - 15.15 WITA;6401040004_0_0;-1.91842;116.1961978;0;0
12248;25869710;AINUR YAZID;Jalan Sultan Hasanuddin RT. 001 RW. 002;6401040004;64;1;40;4;KALIMANTAN TIMUR;PASER;TANAH GROGOT;TANAH GROGOT;eyJpdiI6IloxSHdJekkyd3U4em96TmZzWVRMc0E9PSIsInZhbHVlIjoiYkQ1dGFhUW4zbUhKWkdodGxFbGU4dz09IiwibWFjIjoiZDNkODIzMWVmYzg0ZmFjODkyYWNkNmE3N2IyZGJkZmQ3ZDZjYTI5MzM2MDg0NGQwMGEzM2NmZDFlZTk0MGJmNiIsInRhZyI6IiJ9;;"[Kegiatan Usaha: -, Kategori: -, KBLI: 56102]; [Kegiatan Usaha: Rumah/Warung Makan, Kategori: , KBLI...";;;45985;;OSS - Perorangan;;;invalid;;;FALSE;FALSE;TRUE;;;invalid;;;;;;ainur yazid;0.840416153;1;1;SUGIRAH;JL. SULTAN HASANUDDIN RT/RW 002/001;jalan sultan hasanuddin rt 001 rw 002;540;56;ainur yazid jalan sultan hasanuddin rt 001 rw 002 kbli56;1;0;1;0;Aktif;Jalan Sultan Hasanuddin RT 001 RW 002;1;2;;;NAIK 0702 - 15.15 WITA;6401040004_1_2;-1.91744;116.196977;0;0
6498;97341573;DUNIA ROTI <SOLICHAH>;Jl. DI. Panjaitan No.165;6401040004;64;1;40;4;KALIMANTAN TIMUR;PASER;TANAH GROGOT;TANAH GROGOT;eyJpdiI6ImVHQXNhMGNnZDhlVWs1MGhsdGplQkE9PSIsInZhbHVlIjoiQ29EcXdjcGx1czE3NlhmRXFSY215dz09IiwibWFjIjoiNGZkMjgzOTY2OWQwY2ViNzJmNjIxMWNkMjA4ZTBiNjYyYzQyMDdmN2MxNzIwNGYzNzlmMDg1NWY1YWZjOGQ2MSIsInRhZyI6IiJ9;;[Kegiatan Usaha: -, Kategori: C, KBLI: 10710];;;45956;UMKM;;;;invalid;;;FALSE;FALSE;TRUE;;;invalid;;;;;;dunia roti solichah;0.939487378;1;1;DUNIA ROTI <SOLICHAH>;JL DI. PANJAITAN, RT 0/RW 0;jl di panjaitan no 165;124;10;dunia roti solichah jl di panjaitan no 165 kbli10;1;0;1;1;Aktif;Jl DI Panjaitan No165;0;0;;;NAIK 0702 - 15.15 WITA;6401040004_0_0;-1.8883967;116.1918702;0;0
12277;26457600;AZMI KHAIRANOR;JL.KANDILO BAHARI GG.HIDAYAH;6401040004;64;1;40;4;KALIMANTAN TIMUR;PASER;TANAH GROGOT;TANAH GROGOT;eyJpdiI6IlMwbFgvbXZIdlBLd1AvYXBpcS84TGc9PSIsInZhbHVlIjoiTjJHZFRBZEUzdDA4bUhCVWNlakpTUT09IiwibWFjIjoiZTNlYTQ3ZjAzYmM0YzJhYmU4M2M2ZGU2ZmY3ZTk3ZTg1YjgyMWNlZWI4ZmFjZjVhNWE5MTMyNGM0MWQ4MGY4NCIsInRhZyI6IiJ9;;"[Kegiatan Usaha: -, Kategori: -, KBLI: 47724]; [Kegiatan Usaha: Perdagangan Eceran Kosmetik Untuk Ma...";;;45985;;OSS - Perorangan;;;invalid;;;FALSE;FALSE;TRUE;;;invalid;;;;;;azmi khairanor;0.812910797;1;1;ZUAIMAH;jl kandilo bahari gg hidayah;jl kandilo bahari gg hidayah;543;47;azmi khairanor jl kandilo bahari gg hidayah kbli47;1;0;1;0;Aktif;JLKANDILO BAHARI GGHIDAYAH;0;0;;;NAIK 0702 - 15.15 WITA;6401040004_0_0;-1.9177055;116.1972105;0;0
12278;30387742;ZUAIMAH;jl kandilo bahari gg hidayah;6401040004;64;1;40;4;KALIMANTAN TIMUR;PASER;TANAH GROGOT;TANAH GROGOT;eyJpdiI6InZzWmlpMjI3U3dtU25hQ3Zxb3NJbnc9PSIsInZhbHVlIjoiRTViV1RFTExPMXdKQVpFdXVMOElaZz09IiwibWFjIjoiN2JjZjVkZGI0ZDg3ODFmNGMzNGQ4ODQyZGY0YTdmZGJmMDgzMjNkYTYwMDljMmQ2YzI4Yzk2MzcyYWQyNWY4ZiIsInRhZyI6IiJ9;;"[Kegiatan Usaha: -, Kategori: -, KBLI: 47737]; [Kegiatan Usaha: Perdagangan Eceran Pembungkus Dari P...";;;45985;;OSS - Perorangan;;;invalid;;;FALSE;FALSE;TRUE;;;invalid;;;;;;zuaimah;0.812910797;1;4;AZMI KHAIRANOR;JL.KANDILO BAHARI GG.HIDAYAH;jl kandilo bahari gg hidayah;543;47;zuaimah jl kandilo bahari gg hidayah kbli47;4;0;1;0;Aktif;jl kandilo bahari gg hidayah;0;0;;;NAIK 0702 - 15.15 WITA;6401040004_0_0;-1.9177055;116.1972105;0;0
12295;27983229;SITI MURNI ;Jalan R.M. Noto Sunardi gang Persawahan RT. 014 RW. 005;6401040004;64;1;40;4;KALIMANTAN TIMUR;PASER;TANAH GROGOT;TANAH GROGOT;eyJpdiI6IlZvdnRlNEZ3emQvc2x2cnVQSE9NVHc9PSIsInZhbHVlIjoiVUhvTmU1UXBNSHQweVJwTmRLRlRsZz09IiwibWFjIjoiMzZmOWFkNjEwMDZiNzEwYzA4NWMyODI4OGIwMzQ3MzRlNTA3ZjJhMGUxZmE3OTMwOWUwNjc2ZTcxZTljYTE3MiIsInRhZyI6IiJ9;;"[Kegiatan Usaha: -, Kategori: -, KBLI: 47241]; [Kegiatan Usaha: Perdagangan Eceran Beras, Kategori: ...";;;45985;;OSS - Perorangan;;;invalid;;;FALSE;FALSE;TRUE;;;invalid;;;;;;siti murni;0.851154758;1;1;ADSA;Jalan RM Noto Sunardi Gang Persawahan;jalan r m noto sunardi gang persawahan rt 014 rw 005;545;47;siti murni jalan r m noto sunardi gang persawahan rt 014 rw 005 kbli47;1;0;1;0;Aktif;Jalan RM Noto Sunardi gang Persawahan RT 014 RW 005;14;5;;;NAIK 0702 - 15.15 WITA;6401040004_14_5;-1.91747;116.187697;0;0
12316;25838419;SHEILLA RESY SILVIANA;JL.RM.Noto Sunardi Gg.Nusantara Toko Rumah Syafira;6401040004;64;1;40;4;KALIMANTAN TIMUR;PASER;TANAH GROGOT;TANAH GROGOT;eyJpdiI6IkRya1dLZFpXSUpNTWU3dG42U1VkOXc9PSIsInZhbHVlIjoiQVlqcW9vYXpzRnhVeFBZWUZINmJldz09IiwibWFjIjoiY2U3MWM2ZWI3MTY4Njg0ZjVhOTg3YzAzNjE1ODE3YjVkNTlhMTU2NTk0YjBmMjZkZTZjOGVjYTNiMDM2ODVkZiIsInRhZyI6IiJ9;;"[Kegiatan Usaha: -, Kategori: -, KBLI: 47711]; [Kegiatan Usaha: Perdagangan Eceran Pakaian, Kategori...";;;45985;;OSS - Perorangan;;;invalid;;;FALSE;FALSE;TRUE;;;invalid;;;;;;sheilla resy silviana;0.933419754;1;1;RUMAH SYAFIRA <SHEILLA RESY SILVIANA>;jl. rm. noto sunardi gg nusantara, RT 2/RW 5;jl rm noto sunardi gg nusantara toko rumah syafira;547;47;sheilla resy silviana jl rm noto sunardi gg nusantara toko rumah syafira kbli47;1;0;1;0;Aktif;JLRMNoto Sunardi GgNusantara Toko Rumah Syafira;0;0;;;NAIK 0702 - 15.15 WITA;6401040004_0_0;-1.9163492;116.188558;0;0
12337;26323074;MUHAMMAD AZHAR;R.M. Noto Sunardi;6401040004;64;1;40;4;KALIMANTAN TIMUR;PASER;TANAH GROGOT;TANAH GROGOT;eyJpdiI6IkZld3VIQmpESmZQZ1hJYXZUY2Y2d0E9PSIsInZhbHVlIjoiM0ZpMmh0VlF2cWZhWmQ0eDIxWkZaZz09IiwibWFjIjoiMzRiNjVlMjIyNTk4ZGYzNzAxZjE4YWFiMTMyMjE4ZGFkYTJlZjY0MTE0YWE3N2UyYTUyMmMwNGQ5M2NmZGQ2NCIsInRhZyI6IiJ9;;"[Kegiatan Usaha: Aktivitas penatu, Kategori: , KBLI: 96200]; [Kegiatan Usaha: -, Kategori: -, KBLI: ...";;;45985;;OSS - Perorangan;;;invalid;;;FALSE;FALSE;TRUE;;;invalid;;;;;;muhammad azhar;0.945828612;1;1;MUHAMMAD RIO AZHARI;R.M. Noto Sunardi;r m noto sunardi;548;96;muhammad azhar r m noto sunardi kbli96;1;0;1;0;Aktif;RM Noto Sunardi;0;0;;;NAIK 0702 - 15.15 WITA;6401040004_0_0;-1.9163492;116.188558;0;0
12343;31324574;NORMAWATI;JL.KANDILO BAHARI;6401040004;64;1;40;4;KALIMANTAN TIMUR;PASER;TANAH GROGOT;TANAH GROGOT;eyJpdiI6InMzMkZjWjBuRERTdWwweVlBSXNtVWc9PSIsInZhbHVlIjoic29lMHE5bkk4NGYvSVJPc0hkSmo4dz09IiwibWFjIjoiYjk3YjVhZjcxMDJjY2Y0NjViM2YzNmE3ZTI4N2M1N2ZhYTQ4MmVkNWJlOWU3OGZjMzc1MzY0ZjIxOGM0YzQ2MSIsInRhZyI6IiJ9;;[Kegiatan Usaha: -, Kategori: -, KBLI: 56103];;;46006;;OSS - Perorangan;;;invalid;;;FALSE;FALSE;TRUE;;;invalid;;;;;;normawati;0.824022829;1;1;NORMA;JL. KANDILO BAHARI;jl kandilo bahari;549;56;normawati jl kandilo bahari kbli56;1;0;1;0;Aktif;JLKANDILO BAHARI;0;0;;;NAIK 0702 - 15.15 WITA;6401040004_0_0;-1.9177055;116.1972105;0;0
12346;30421316;NORMA;JL. KANDILO BAHARI;6401040004;64;1;40;4;KALIMANTAN TIMUR;PASER;TANAH GROGOT;TANAH GROGOT;eyJpdiI6IlRWaHhzWWdvVW5iOE45amoyVlp0WWc9PSIsInZhbHVlIjoibEtUeDFXZTVDWDRBM2w4UUU0SWxTZz09IiwibWFjIjoiZThkZjVmM2E4YzRkOTMwNDZlMGMzNDZmYzcwYjFlZmI1Y2IxN2I4YjM2YTZhZTA4Mzg3YzgwYTFlNDYyNTRlYSIsInRhZyI6IiJ9;;[Kegiatan Usaha: -, Kategori: -, KBLI: 56102];;;46006;;OSS - Perorangan;;;invalid;;;FALSE;FALSE;TRUE;;;invalid;;;;;;norma;0.824022829;1;4;NORMAWATI;JL.KANDILO BAHARI;jl kandilo bahari;549;56;norma jl kandilo bahari kbli56;4;0;1;0;Aktif;JL KANDILO BAHARI;0;0;;;NAIK 0702 - 15.15 WITA;6401040004_0_0;-1.9177055;116.1972105;0;0
12369;29929760;MURTIANI;JLN. RM NOTO SUNARDI GG. PERSAWAHAN BLOK.A;6401040004;64;1;40;4;KALIMANTAN TIMUR;PASER;TANAH GROGOT;TANAH GROGOT;eyJpdiI6IjJlenV0T0hIeHhhemN5MEdydmZyT1E9PSIsInZhbHVlIjoiY25McEF5VVQ1NngzVnJaRGlucVBuZz09IiwibWFjIjoiNjY5NTJhZWJjZjc1MjgxNmVlYjhhZDlhYWJkNGYxYmVkZjViNWNmY2FiY2U1OTcyMjYwMDliY2JjOTgxNzU2YSIsInRhZyI6IiJ9;;[Kegiatan Usaha: -, Kategori: -, KBLI: 31001];;;46006;;OSS - Perorangan;;;invalid;;;FALSE;FALSE;TRUE;;;invalid;;;;;;murtiani;0.803591417;1;1;SUMINO;JL RM NOTO SUNARDI GG PERSAWAHAN BLOK C RT 5 RW 5;jln rm noto sunardi gg persawahan blok a;551;31;murtiani jln rm noto sunardi gg persawahan blok a kbli31;1;0;1;0;Aktif;JLN RM NOTO SUNARDI GG PERSAWAHAN BLOKA;0;0;;;NAIK 0702 - 15.15 WITA;6401040004_0_0;-1.9163492;116.188558;0;0
12374;28616754;SUMINO;JL RM NOTO SUNARDI GG PERSAWAHAN BLOK C RT 5 RW 5;6401040004;64;1;40;4;KALIMANTAN TIMUR;PASER;TANAH GROGOT;TANAH GROGOT;eyJpdiI6Imx1aWlpeG9lVEQ0cjVWVWF5NnNpeVE9PSIsInZhbHVlIjoia0F0ek1sMGZ2VHB5djVzNTNocnBvdz09IiwibWFjIjoiMjMyMWNiYmYxMTQxYWQyMGUyMjJlNDM0ZDZlNmY4MDFhZTEzY2YyM2ZmYjIyMzdlYjA2NzU1ODJjZWEwMjE2MCIsInRhZyI6IiJ9;;"[Kegiatan Usaha: -, Kategori: -, KBLI: 14131]; [Kegiatan Usaha: Industri Perlengkapan Pakaian Dari T...";;;45985;;OSS - Perorangan;;;invalid;;;FALSE;FALSE;TRUE;;;invalid;;;;;;sumino;0.803591417;1;4;MURTIANI;JLN. RM NOTO SUNARDI GG. PERSAWAHAN BLOK.A;jl rm noto sunardi gg persawahan blok c rt 5 rw 5;551;14;sumino jl rm noto sunardi gg persawahan blok c rt 5 rw 5 kbli14;4;0;1;0;Aktif;JL RM NOTO SUNARDI GG PERSAWAHAN BLOK C RT 5 RW 5;5;5;;;NAIK 0702 - 15.15 WITA;6401040004_5_5;-1.91928;116.187159;0;0
12438;32280483;KAMALIYAH;JL. Agus Salim Gg. Swadaya 1 RT. 001  Rw. 005;6401040004;64;1;40;4;KALIMANTAN TIMUR;PASER;TANAH GROGOT;TANAH GROGOT;eyJpdiI6ImRXUGl3VEtkQ1dZMGM4OFViM1Nhemc9PSIsInZhbHVlIjoiT2JaaGNUMmxWWDhzRVRvY2cvNXhJdz09IiwibWFjIjoiZTE5OGMwYjA3NTRjOTA3NmIyYWJhMmExNGQxOWVhNjExNGRmNDRlNjlhN2Y4NmVkNDBjYjg1Y2YzNjIzN2E3YyIsInRhZyI6IiJ9;;"[Kegiatan Usaha: -, Kategori: -, KBLI: 47920]; [Kegiatan Usaha: -, Kategori: -, KBLI: 47112]; [Kegia...";;;45985;;OSS - Perorangan;;;invalid;;;FALSE;FALSE;TRUE;;;invalid;;;;;;kamaliyah;0.93527216;1;1;KAMALIAH;Jl. Agus Salim Gg. Swadaya 1 RT. 001/RW.005;jl agus salim gg swadaya 1 rt 001 rw 005;555;47;kamaliyah jl agus salim gg swadaya 1 rt 001 rw 005 kbli47;1;0;1;0;Aktif;JL Agus Salim Gg Swadaya 1 RT 001 Rw 005;1;5;;;NAIK 0702 - 15.15 WITA;6401040004_1_5;-1.91499;116.187511;0;0
12463;28358620;KAMALIAH;Jl. Agus Salim Gg. Swadaya 1 RT. 001/RW.005;6401040004;64;1;40;4;KALIMANTAN TIMUR;PASER;TANAH GROGOT;TANAH GROGOT;eyJpdiI6IkxzbHFSZlh6RGUzWjc0MTZOaGdBeHc9PSIsInZhbHVlIjoiMThkMllwaUNZYytFWHU0UVJKcE9ydz09IiwibWFjIjoiMWFhZDY1YmZkMGY3NGIzNWYzNTk5YWQzMDdjODBkZDlkOGI1OGViYmIwYjE5ZDlmNDEyZDk3NzBlMmJiZjhkMyIsInRhZyI6IiJ9;;"[Kegiatan Usaha: Perdagangan Eceran Khusus Peralatan Olahraga di Toko, Kategori: , KBLI: 47630]; [Ke...";;;45985;;OSS - Perorangan;;;invalid;;;FALSE;FALSE;TRUE;;;invalid;;;;;;kamaliah;0.93527216;1;4;KAMALIYAH;JL. Agus Salim Gg. Swadaya 1 RT. 001  Rw. 005;jl agus salim gg swadaya 1 rt 001 rw 005;555;47;kamaliah jl agus salim gg swadaya 1 rt 001 rw 005 kbli47;4;0;1;0;Aktif;Jl Agus Salim Gg Swadaya 1 RT 001RW005;1;5;;;NAIK 0702 - 15.15 WITA;6401040004_1_5;-1.91499;116.187511;0;0
12495;29118655;DESI SUSILAWATI;JL GAJAH MADA GG ANGGREK ;6401040004;64;1;40;4;KALIMANTAN TIMUR;PASER;TANAH GROGOT;TANAH GROGOT;eyJpdiI6ImdhR0ZhS1JVVWdyajU4N3BRWjBPWFE9PSIsInZhbHVlIjoiUzhwQVVBSm9rbjZTcGtmdG4rOEpsQT09IiwibWFjIjoiZTY2NDlkODI4ZjI1Yzc4YTMyZjdkYzI2MjI4NzJjNTZiYTliMjNmYzQyZDIzOWY4M2RlYmI0YWQzZjY4ZjY2OCIsInRhZyI6IiJ9;;"[Kegiatan Usaha: -, Kategori: -, KBLI: 55900]; [Kegiatan Usaha: Penyediaan Akomodasi Lainnya, Katego...";;;45985;;OSS - Perorangan;;;invalid;;;FALSE;FALSE;TRUE;;;invalid;;;;;;desi susilawati;0.830232266;1;1;HERNIAWATI;Jl Gajah Mada GG. Anggrek;jl gajah mada gg anggrek;560;55;desi susilawati jl gajah mada gg anggrek kbli55;1;0;1;0;Aktif;JL GAJAH MADA GG ANGGREK;0;0;;;NAIK 0702 - 15.15 WITA;6401040004_0_0;-1.9092068;116.1873297;0;0
12496;29250954;HERNIAWATI;Jl Gajah Mada GG. Anggrek;6401040004;64;1;40;4;KALIMANTAN TIMUR;PASER;TANAH GROGOT;TANAH GROGOT;eyJpdiI6IjY5d0h0RlM0cHJLdnUrdlFOOFJQYUE9PSIsInZhbHVlIjoiNGFqSmNoZ2p4Q2E4RnVpTHdLNWpTZz09IiwibWFjIjoiNGM2Mjg3NjhhZGMzMzZjYmQwNTZlMmI5YmI5ZWY1YjEwNjdkYWExMDIyYTlhNWE3NmYyOGNiMzFlZDY1OWNjZCIsInRhZyI6IiJ9;;"[Kegiatan Usaha: Penyediaan Akomodasi Lainnya, Kategori: , KBLI: 55900]; [Kegiatan Usaha: -, Kategor...";;;45985;;OSS - Perorangan;;;invalid;;;FALSE;FALSE;TRUE;;;invalid;;;;;;herniawati;0.830232266;1;4;DESI SUSILAWATI;JL GAJAH MADA GG ANGGREK ;jl gajah mada gg anggrek;560;55;herniawati jl gajah mada gg anggrek kbli55;4;0;1;0;Aktif;Jl Gajah Mada GG Anggrek;0;0;;;NAIK 0702 - 15.15 WITA;6401040004_0_0;-1.9092068;116.1873297;0;0
12505;27832108;CAECILIA WURYANI;Jalan Pangeran Menteri Gang Solata RT. 017  RW. 004;6401040004;64;1;40;4;KALIMANTAN TIMUR;PASER;TANAH GROGOT;TANAH GROGOT;eyJpdiI6IkRDS3gwcDBhRlFPNEVWQmE3eXgrVEE9PSIsInZhbHVlIjoiUEdRejg1cXhWUmxsSUhmRUNTNmZEUT09IiwibWFjIjoiZWI2YWMyMzAyMDBkZmUwZTY4OGM4ZGU3OGM4MjNmN2I1ZjdlYTNmNmJhMzJjYzQ5YmQ4NzIxMWU3MTMyMWNlNiIsInRhZyI6IiJ9;;"[Kegiatan Usaha: -, Kategori: -, KBLI: 55900]; [Kegiatan Usaha: Penyediaan Akomodasi Lainnya, Katego...";;;45985;;OSS - Perorangan;;;invalid;;;FALSE;FALSE;TRUE;;;invalid;;;;;;caecilia wuryani;1;1;1;CAECILIA WURYANI;Jalan Pangeran Menteri Gang Solata RT. 017  RW. 004;jalan pangeran menteri gang solata rt 017 rw 004;561;55;caecilia wuryani jalan pangeran menteri gang solata rt 017 rw 004 kbli55;1;0;1;0;Aktif;Jalan Pangeran Menteri Gang Solata RT 017 RW 004;17;4;;;NAIK 0702 - 15.15 WITA;6401040004_17_4;-1.8938;116.190345;0;0
12520;36052152;CAECILIA WURYANI;Jalan Pangeran Menteri Gang Solata RT. 017  RW. 004;6401040004;64;1;40;4;KALIMANTAN TIMUR;PASER;TANAH GROGOT;TANAH GROGOT;eyJpdiI6IlkxK1pRSmU5c1M1TEpqL0ZxUEszUGc9PSIsInZhbHVlIjoibUNBTzlkRk10TlJlOWNkQzlZd3l1dz09IiwibWFjIjoiMWU4MGU1OTQ1NmE1ODJkMTQzMGVkOGJkMzA4OTc3OGFkMTcwYzg2NWVlMzRiNTgwNzMwZDE0MWU2OWU0YmJmZiIsInRhZyI6IiJ9;;"[Kegiatan Usaha: Penyediaan Akomodasi Lainnya, Kategori: -, KBLI: 55900]; [Kegiatan Usaha: RUMAH SEW...";;;46015;;;;;invalid;;;FALSE;FALSE;TRUE;;;invalid;;;;;;caecilia wuryani;1;1;4;CAECILIA WURYANI;Jalan Pangeran Menteri Gang Solata RT. 017  RW. 004;jalan pangeran menteri gang solata rt 017 rw 004;561;55;caecilia wuryani jalan pangeran menteri gang solata rt 017 rw 004 kbli55;4;0;1;0;Aktif;Jalan Pangeran Menteri Gang Solata RT 017 RW 004;17;4;;;NAIK 0702 - 15.15 WITA;6401040004_17_4;-1.8938;116.190345;0;0
12546;26447250;KAMILA AZ ZAHRA;Jl.Sultan Ibrahim Khaliluddin;6401040004;64;1;40;4;KALIMANTAN TIMUR;PASER;TANAH GROGOT;TANAH GROGOT;eyJpdiI6InJzb3VtWG4wWDViRFh0M1E2dVAxS3c9PSIsInZhbHVlIjoiUUdweWh3VHFEblpkckpBaWVPbkd6Zz09IiwibWFjIjoiMmZiZWQ2YTJhODFiNTQwZGQ1ODgzMjBjZDgxMjRhNjk2NGE5ZWU1N2M3YzQ0ZmU5NDljYTljNDgzN2QxZDZlZiIsInRhZyI6IiJ9;;"[Kegiatan Usaha: -, Kategori: -, KBLI: 47914]; [Kegiatan Usaha: -, Kategori: -, KBLI: 56304]; [Kegia...";;;45985;;OSS - Perorangan;;;invalid;;;FALSE;FALSE;TRUE;;;invalid;;;;;;kamila az zahra;0.951341327;1;1;KAMILA AZ ZAHRA;Jl.Sultan Ibrahim Khaliluddin;jl sultan ibrahim khaliluddin;565;47;kamila az zahra jl sultan ibrahim khaliluddin kbli47;1;0;1;0;Aktif;JlSultan Ibrahim Khaliluddin;0;0;;;NAIK 0702 - 15.15 WITA;6401040004_0_0;-1.9049526;116.1910421;0;0
12557;28490508;BASRI;JL. SULTAN HASANUDDIN;6401040004;64;1;40;4;KALIMANTAN TIMUR;PASER;TANAH GROGOT;TANAH GROGOT;eyJpdiI6ImJKUG93MUdpWXVVVHFkMWhkMTBIUVE9PSIsInZhbHVlIjoicEFJYjIyZkQ1OTVjQThYTGFyN3dDUT09IiwibWFjIjoiM2Q2M2NhNmZkNzI5ODc0Y2VkNzE1MzlmYzExYWFjMmYzN2RiMDAwMmQ4NjllYWQxZGE2MmE1ZDFjNzE3ZDY4OCIsInRhZyI6IiJ9;;"[Kegiatan Usaha: -, Kategori: -, KBLI: 47241]; [Kegiatan Usaha: -, Kategori: -, KBLI: 47112]";;;46006;;OSS - Perorangan;;;invalid;;;FALSE;FALSE;TRUE;;;invalid;;;;;;basri;0.944550756;1;1;KASRI;Jl Sultan Hasanuddin;jl sultan hasanuddin;566;47;basri jl sultan hasanuddin kbli47;1;0;1;0;Aktif;JL SULTAN HASANUDDIN;0;0;;;NAIK 0702 - 15.15 WITA;6401040004_0_0;-1.9199895;116.1951828;0;0
12580;30175805;HARTO;Pasar induk senaken;6401040004;64;1;40;4;KALIMANTAN TIMUR;PASER;TANAH GROGOT;TANAH GROGOT;eyJpdiI6Im9RNlRHdEN4WnN4SkNGdHB0Y3hOSWc9PSIsInZhbHVlIjoiQzlCMVcxTlo1MDJramQ2cXRhaS9DQT09IiwibWFjIjoiZWEyMmU2YmZkZGVmMDA2Y2VkOGMyNWUyNzFlNTA1MTUwYjFlOTFlZGQwMTA3MjZkM2JhMWRiM2EzYmE2NTczNCIsInRhZyI6IiJ9;;"[Kegiatan Usaha: -, Kategori: -, KBLI: 47711]; [Kegiatan Usaha: Perdagangan Eceran Pakaian, Kategori...";;;45985;;OSS - Perorangan;;;invalid;;;FALSE;FALSE;TRUE;;;invalid;;;;;;harto;0.838777217;1;1;MUHRIL;PASAR SENAKEN;pasar induk senaken;567;47;harto pasar induk senaken kbli47;1;0;1;0;Aktif;Pasar induk senaken;0;0;;1;NAIK 0702 - 15.15 WITA;6401040004_0_0;-1.9044159;116.2055345;0;0
12585;29906448;MUHRIL;PASAR SENAKEN;6401040004;64;1;40;4;KALIMANTAN TIMUR;PASER;TANAH GROGOT;TANAH GROGOT;eyJpdiI6ImlCMk05d2p6M0hEV1RMcFlvTnpwaGc9PSIsInZhbHVlIjoibjJ4cFdDZUJOczNkb1FRRVgxcE5UUT09IiwibWFjIjoiZTVhZDg5ZTc4OWJhZjY1ODkzN2VjZjg3NTg0YWYwYTY2NTMyZDY5ZTExNTJiMDFhN2M5Y2Y2ZmIxZTRlMDY5OSIsInRhZyI6IiJ9;;"[Kegiatan Usaha: -, Kategori: -, KBLI: 47112]; [Kegiatan Usaha: Perdagangan Eceran Berbagai Macam Ba...";;;45985;;OSS - Perorangan;;;invalid;;;FALSE;FALSE;TRUE;;;invalid;;;;;;muhril;0.838777217;1;4;HARTO;Pasar induk senaken;pasar senaken;567;47;muhril pasar senaken kbli47;4;0;1;0;Aktif;PASAR SENAKEN;0;0;;1;NAIK 0702 - 15.15 WITA;6401040004_0_0;-1.9044159;116.2055345;0;0
12648;18346099;FIIAMANILLAH;Jl. Modang Rt. 006 Rw. 003;6401040004;64;1;40;4;KALIMANTAN TIMUR;PASER;TANAH GROGOT;TANAH GROGOT;eyJpdiI6IkJrK0N1MFFFUlJKRmRKUWovZG5FYkE9PSIsInZhbHVlIjoicmpzaXZ1dkRIL1I5T2VSOVNhSTJ4UT09IiwibWFjIjoiN2U5MjRhNzg2ODQyMmYyY2VmMDkzNjBhYzZhMjlmNzBiM2VlMWU5NmExZDcxNzVmNjRkOTVlMzQzYWE1ZGY1NCIsInRhZyI6IiJ9;;"[Kegiatan Usaha: Aktivitas Agen Perjalanan Lainnya, Kategori: , KBLI: 79119]; [Kegiatan Usaha: -, Ka...";;;45985;;OSS - Badan Usaha;;;invalid;;;FALSE;FALSE;TRUE;;;invalid;;;;;;fiiamanillah;0.856070831;1;1;FIIAMANILLAH;Jalan Modang;jl modang rt 006 rw 003;572;79;fiiamanillah jl modang rt 006 rw 003 kbli79;1;0;1;0;Aktif;Jl Modang Rt 006 Rw 003;6;3;;;NAIK 0702 - 15.15 WITA;6401040004_6_3;-1.91208;116.192794;0;0
12735;27915632;NORPANI;Jl Kandilo Bahari Rt 07 Rw 01;6401040004;64;1;40;4;KALIMANTAN TIMUR;PASER;TANAH GROGOT;TANAH GROGOT;eyJpdiI6Ik16MTA1N3cvUUgvMEVaa09ud1RCekE9PSIsInZhbHVlIjoiZEhWRk44S0lNR2FFOHE1SWcxVzZuZz09IiwibWFjIjoiNTk1YWJkMmU2MDQxYzU2NzdjMzkzYWVhNDQyYWQwODQ1NDUxYTgzOWJiY2U4YjNhYmY3Y2ZlNGVlYzAzYjczMSIsInRhZyI6IiJ9;;"[Kegiatan Usaha: -, Kategori: -, KBLI: 10799]; [Kegiatan Usaha: Industri Produk Makanan Lainnya, Kat...";;;45985;;OSS - Perorangan;;;invalid;;;FALSE;FALSE;TRUE;;;invalid;;;;;;norpani;0.815281868;1;1;ASMAH;Jl Kandilo Bahari Rt 01 Rw 01;jl kandilo bahari rt 07 rw 01;579;10;norpani jl kandilo bahari rt 07 rw 01 kbli10;1;0;1;0;Aktif;Jl Kandilo Bahari Rt 07 Rw 01;7;1;;;NAIK 0702 - 15.15 WITA;6401040004_7_1;-1.91538;116.199092;0;0
12743;29951079;ASMAH;Jl Kandilo Bahari Rt 01 Rw 01;6401040004;64;1;40;4;KALIMANTAN TIMUR;PASER;TANAH GROGOT;TANAH GROGOT;eyJpdiI6IlgyaDdtSzVQM0hHSGZwejU3VjRZdWc9PSIsInZhbHVlIjoidDAvS21HMUNsaElSQ3hzVkJCdEk4QT09IiwibWFjIjoiYWExYzM2MzEzYzhhNWRhNjQwMGRlNDM1NGViYTc2MTJhYmY0ODE5NDdiOWUxZTc3MWUzZjdmZDc1MmNmYmVkZSIsInRhZyI6IiJ9;;[Kegiatan Usaha: -, Kategori: -, KBLI: 10799];;;46006;;OSS - Perorangan;;;invalid;;;FALSE;FALSE;TRUE;;;invalid;;;;;;asmah;0.815281868;1;4;NORPANI;Jl Kandilo Bahari Rt 07 Rw 01;jl kandilo bahari rt 01 rw 01;579;10;asmah jl kandilo bahari rt 01 rw 01 kbli10;4;0;1;0;Aktif;Jl Kandilo Bahari Rt 01 Rw 01;1;1;;;NAIK 0702 - 15.15 WITA;6401040004_1_1;-1.92182;116.201222;0;0
12757;26705068;NOORLINA;Jalan Piere Tendean Perum Batuah RT. 005 RW. 004;6401040004;64;1;40;4;KALIMANTAN TIMUR;PASER;TANAH GROGOT;TANAH GROGOT;eyJpdiI6IndHdEJ5dWNjVWVvMHFUTWpFdXdwMVE9PSIsInZhbHVlIjoiUEFmemZ5U0FHWkNsZCsvMDg2N0FFdz09IiwibWFjIjoiZTZmYzMwMTdjYjcyMGNlMGE5MjhlNjI3N2ZlNmZjNGUxOTA1MzYwN2I3NTM0ODA1ZGI5ZTM1OTAxZDBkMGU2ZCIsInRhZyI6IiJ9;;"[Kegiatan Usaha: -, Kategori: -, KBLI: 56103]; [Kegiatan Usaha: Penjahitan Dan Pembuatan Pakaian Ses...";;;45985;;OSS - Perorangan;;;invalid;;;FALSE;FALSE;TRUE;;;invalid;;;;;;noorlina;0.847732733;1;4;NORLINA;Jalan Piere Tendean Perum Batuah RT. 005 RW. 004;jalan piere tendean perum batuah rt 005 rw 004;580;56;noorlina jalan piere tendean perum batuah rt 005 rw 004 kbli56;4;0;1;0;Aktif;Jalan Piere Tendean Perum Batuah RT 005 RW 004;5;4;1;;NAIK 0702 - 15.15 WITA;6401040004_5_4;-1.90186;116.196795;0;0
12761;28326435;SRI LESTARI;JL. R.M. NOTO SUNARDI;6401040004;64;1;40;4;KALIMANTAN TIMUR;PASER;TANAH GROGOT;TANAH GROGOT;eyJpdiI6IklBSllvblpMcjFDdVZ0bXRicUkxM3c9PSIsInZhbHVlIjoibCtjSXlSeWEwOXRySFIwOHczM3ordz09IiwibWFjIjoiYzVkNDAwNDZkZjExMzRjNmU1Yjc2MzZjNjc1NTFmNjhhNGVhZDU3NjliY2JjYjBkOThlNzFlYWJjODg5ZGJmMiIsInRhZyI6IiJ9;;[Kegiatan Usaha: -, Kategori: -, KBLI: 10794];;;46006;;OSS - Perorangan;;;invalid;;;FALSE;FALSE;TRUE;;;invalid;;;;;;sri lestari;0.884932311;1;1;SRI LESTARI;JL. R.M. NOTO SUNARDI;jl r m noto sunardi;581;10;sri lestari jl r m noto sunardi kbli10;1;0;1;0;Aktif;JL RM NOTO SUNARDI;0;0;;;NAIK 0702 - 15.15 WITA;6401040004_0_0;-1.9163492;116.188558;0;0
6677;2510112;TOPOGRAFI CONSULTANT;JL. KAPTEN PIERE TENDEAN;6401040004;64;1;40;4;KALIMANTAN TIMUR;PASER;TANAH GROGOT;TANAH GROGOT;eyJpdiI6InhhYWUvUVVCbGFoQVNhRW82azVFdkE9PSIsInZhbHVlIjoiRGxsdjRSWVdOTXNKZm9xVVNnZjNDZz09IiwibWFjIjoiY2QyZGQ4ZGNjMDUwMGJmODBiYzg2ZDI1ODZkYjI4MDgxY2RiMTM0ZTI2NjI2OGQzNjk4ZDEwZTk3OTVmYmU1NSIsInRhZyI6IiJ9;;[Kegiatan Usaha: -, Kategori: F, KBLI: 42918];;;46006;UMKM;Dir Pajak;;;invalid;;;FALSE;FALSE;TRUE;;;invalid;;;;;;topografi consultant;0.815909027;1;1;MATRIX CONSULTANT;JL. KAPTEN PIERE TENDEAN;jl kapten piere tendean;133;42;topografi consultant jl kapten piere tendean kbli42;1;0;1;0;Aktif;JL KAPTEN PIERE TENDEAN;0;0;;;NAIK 0702 - 15.15 WITA;6401040004_0_0;-1.902840;116.19551;0;0
12794;26630400;RUSMIATI;JL. SULTAN HASANUDDIN;6401040004;64;1;40;4;KALIMANTAN TIMUR;PASER;TANAH GROGOT;TANAH GROGOT;eyJpdiI6IkE2NEVGdWZvelZ1d0V3bDBGSnlRTVE9PSIsInZhbHVlIjoielROcXFrYThVTTlRR3U3OVRtbDVWUT09IiwibWFjIjoiM2JlNWVjMDJiZGQzY2ZjMzE2MWIwYTk2ZTY1YTZiZDViNjFhZTE0ODI5NzFmMDczM2YzZGQ0NzkzZjZmOTg5ZiIsInRhZyI6IiJ9;;"[Kegiatan Usaha: -, Kategori: -, KBLI: 47214]; [Kegiatan Usaha: -, Kategori: -, KBLI: 47215]";;;46006;;OSS - Perorangan;;;invalid;;;FALSE;FALSE;TRUE;;;invalid;;;;;;rusmiati;0.826492162;1;1;IRUSMIAH;jalan sultan hasanuddin;jl sultan hasanuddin;584;47;rusmiati jl sultan hasanuddin kbli47;1;0;1;0;Aktif;JL SULTAN HASANUDDIN;0;0;;;NAIK 0702 - 15.15 WITA;6401040004_0_0;-1.9199895;116.1951828;0;0
12809;27025373;MUHAMMAD RIFQI FITHRATUR RAHMAN;Jl. Kapt. Piere Tendean Gg. Hasan RT.011 RW.004;6401040004;64;1;40;4;KALIMANTAN TIMUR;PASER;TANAH GROGOT;TANAH GROGOT;eyJpdiI6IkYrSm1lVXo3U0FOa29keHEvQXlUMFE9PSIsInZhbHVlIjoiQjFldnZtV085U2x4bjliR1FEYlpHdz09IiwibWFjIjoiNmRhOTBlZDFhNDMwOTJiYzAxY2E1NWFkNGExYTRhNDg1ZWYzNDM0Mzg2YWY5NDA3MDNiNDZiNWYxZDk2M2UxNiIsInRhZyI6IiJ9;;"[Kegiatan Usaha: Rumah/Warung Makan, Kategori: , KBLI: 56102]; [Kegiatan Usaha: -, Kategori: -, KBLI...";;;45985;;OSS - Perorangan;;;invalid;;;FALSE;FALSE;TRUE;;;invalid;;;;;;muhammad rifqi fithratur rahman;1;1;1;MUHAMMAD RIFQI FITHRATUR RAHMAN;Jl. Kapt. Piere Tendean Gg. Hasan RT.011 RW.004;jl kapt piere tendean gg hasan rt 011 rw 004;586;56;muhammad rifqi fithratur rahman jl kapt piere tendean gg hasan rt 011 rw 004 kbli56;1;0;1;0;Aktif;Jl Kapt Piere Tendean Gg Hasan RT011 RW004;11;4;;;NAIK 0702 - 15.15 WITA;6401040004_11_4;-1.90231;116.191342;0;0
12813;36034023;MUHAMMAD RIFQI FITHRATUR RAHMAN;Jl. Kapt. Piere Tendean Gg. Hasan RT.011 RW.004;6401040004;64;1;40;4;KALIMANTAN TIMUR;PASER;TANAH GROGOT;TANAH GROGOT;eyJpdiI6ImYzVlpoN2Z3M0xxQXdCSVpJd2V6TXc9PSIsInZhbHVlIjoiNGJEaEkvSUJkSUpCT2hpNko0SFFaUT09IiwibWFjIjoiMDFlOTY0NDhmOWQxYzc1NDNlYmEzZTJmMzI4NzFkNmM2YWQxNTU4MmVhZjFkM2IxOTNlYThjMzI1ZmU0ZDY0YyIsInRhZyI6IiJ9;;"[Kegiatan Usaha: Rumah/Warung Makan, Kategori: -, KBLI: 56102]; [Kegiatan Usaha: RIFA CAKE AND COOKI...";;;46015;;;;;invalid;;;FALSE;FALSE;TRUE;;;invalid;;;;;;muhammad rifqi fithratur rahman;1;1;4;MUHAMMAD RIFQI FITHRATUR RAHMAN;Jl. Kapt. Piere Tendean Gg. Hasan RT.011 RW.004;jl kapt piere tendean gg hasan rt 011 rw 004;586;56;muhammad rifqi fithratur rahman jl kapt piere tendean gg hasan rt 011 rw 004 kbli56;4;0;1;0;Aktif;Jl Kapt Piere Tendean Gg Hasan RT011 RW004;11;4;;;NAIK 0702 - 15.15 WITA;6401040004_11_4;-1.90231;116.191342;0;0
12674;27805465;SUTOMO;JL KAPTEN PIERE TENDEAN;6401040004;64;1;40;4;KALIMANTAN TIMUR;PASER;TANAH GROGOT;TANAH GROGOT;eyJpdiI6IjhaWEl1dzVwUFk2MmdaeUlUa0ZwVVE9PSIsInZhbHVlIjoidUkvc1Y0Y2tWT3MzSkR0OEpHY0t3Zz09IiwibWFjIjoiMzEwNmM2OThlOTc3OWNmNjAxYTA0NGQ5MTRjM2M1MDNkNjNkZTI5MGZjNDkxNWVhOGNkNmIwMTUxNzQxZWJhZiIsInRhZyI6IiJ9;;[Kegiatan Usaha: -, Kategori: -, KBLI: 47813];;;46006;;OSS - Perorangan;;;invalid;;;FALSE;FALSE;TRUE;;;invalid;;;;;;sutomo;0.888503484;1;1;SULONO;JL. KAPTEN PIERE TENDEAN;jl kapten piere tendean;574;47;sutomo jl kapten piere tendean kbli47;1;0;1;0;Aktif;JL KAPTEN PIERE TENDEAN;0;0;;;NAIK 0702 - 15.15 WITA;6401040004_0_0;-1.902840;116.19551;0;0
12856;30243847;MAHRAN;JL. KAPTEN PIERE TENDEAN;6401040004;64;1;40;4;KALIMANTAN TIMUR;PASER;TANAH GROGOT;TANAH GROGOT;eyJpdiI6InpIVmkzSzZkczU5dTV5aEJJa0F1Ymc9PSIsInZhbHVlIjoiV1ZyZWtEY0xXMGIzaktnaVU2MkZTUT09IiwibWFjIjoiYTI4ZTU0NGU3NjE4MDAwNjljYTVmMGE3YTgwZGRlZDRiMjA0MTZmNGFkZWE1NGVkZGUzOTlkMDQxMGE5Njg3ZCIsInRhZyI6IiJ9;;[Kegiatan Usaha: -, Kategori: -, KBLI: 47112];;;46006;;OSS - Perorangan;;;invalid;;;FALSE;FALSE;TRUE;;;invalid;;;;;;mahran;0.867182514;1;1;YUSRAN;JL. KAPTEN PIERE TENDEAN ;jl kapten piere tendean;591;47;mahran jl kapten piere tendean kbli47;1;0;1;0;Aktif;JL KAPTEN PIERE TENDEAN;0;0;;;NAIK 0702 - 15.15 WITA;6401040004_0_0;-1.902840;116.19551;0;0
12859;30161180;HALIMA;Jl. Sultan Abdurrahman;6401040004;64;1;40;4;KALIMANTAN TIMUR;PASER;TANAH GROGOT;TANAH GROGOT;eyJpdiI6Im9kUFQ3eWZGbFlDNFpuQkJ6aWYzT3c9PSIsInZhbHVlIjoiUnBwMUlqUFV3SE1IZENIVTkwMk5qZz09IiwibWFjIjoiZTRlYzRiYzRlNjUzNGVjNmY3OGQ0MzE5YWI2YWY4NGI2YWM2OGMzNTliOWRkMWJkNTdmNDI3ZGIwYWNmMzA5ZiIsInRhZyI6IiJ9;;"[Kegiatan Usaha: -, Kategori: -, KBLI: 47525]; [Kegiatan Usaha: -, Kategori: -, KBLI: 47914]; [Kegia...";;;46006;;OSS - Perorangan;;;invalid;;;FALSE;FALSE;TRUE;;;invalid;;;;;;halima;0.846130677;1;1;HARNI;JL. SULTAN ABDURRAHMAN;jl sultan abdurrahman;592;47;halima jl sultan abdurrahman kbli47;1;0;1;0;Aktif;Jl Sultan Abdurrahman;0;0;;;NAIK 0702 - 15.15 WITA;6401040004_0_0;-1.906719;116.198852;0;0
13617;36049934;HAZZA PRIMA TAKA;JL. KAPTEN PIERE TENDEAN;6401040004;64;1;40;4;KALIMANTAN TIMUR;PASER;TANAH GROGOT;TANAH GROGOT;eyJpdiI6IlYvTElDTU9JZTdZKzczWC85alhla1E9PSIsInZhbHVlIjoiYzNNZ3N0QUF3SVI5b09FelN5VFh6QT09IiwibWFjIjoiZmFhMjVlZTIwZmQzZmM2ZWE2ZmQzN2VlZjE0NjA3OTM3N2UyNTI0MjVkNTY3YTRjMjg1MjhhOTBiMTM5MWU0MyIsInRhZyI6IiJ9;;"[Kegiatan Usaha: Penyediaan Jasa Boga Periode Tertentu, Kategori: -, KBLI: 56290]; [Kegiatan Usaha: ...";;;46015;;;;;invalid;;;FALSE;FALSE;TRUE;;;invalid;;;;;;hazza prima taka;0.811868069;1;1;HAZZA PRIMA TAKA;Jalan Kapten Piere Tendean Nomor 152 C;jl kapten piere tendean;650;56;hazza prima taka jl kapten piere tendean kbli56;1;0;1;0;Aktif;JL KAPTEN PIERE TENDEAN;0;0;;;NAIK 0702 - 15.15 WITA;6401040004_0_0;-1.902840;116.19551;0;0
12883;30089246;M.HAMKA;Jl. RM. Noto Sunardi RT.014 RW.005;6401040004;64;1;40;4;KALIMANTAN TIMUR;PASER;TANAH GROGOT;TANAH GROGOT;eyJpdiI6IjAvUWZ4NDhrVnlWWlhQMEc1Vk1mR1E9PSIsInZhbHVlIjoiZTBtREYrcGZkb0VIWXNWT2pNMGxDdz09IiwibWFjIjoiOWVjYzZmZGMzYjVjNGE0YTE5OGYxM2FmNTRlNmU5YTY4Yzk1ZGUwMjNhNTFhNmQ1NzNmZmIxMTRjMGQ1YTI4ZCIsInRhZyI6IiJ9;;"[Kegiatan Usaha: -, Kategori: -, KBLI: 47862]; [Kegiatan Usaha: Perdagangan Eceran Kaki Lima Dan Los...";;;45985;;OSS - Perorangan;;;invalid;;;FALSE;FALSE;TRUE;;;invalid;;;;;;m hamka;0.817737051;1;1;NURIDAH;Jl. RM. Noto Sunardi RT/RW 014/005;jl rm noto sunardi rt 014 rw 005;594;47;m hamka jl rm noto sunardi rt 014 rw 005 kbli47;1;0;1;0;Aktif;Jl RM Noto Sunardi RT014 RW005;14;5;;;NAIK 0702 - 15.15 WITA;6401040004_14_5;-1.91747;116.187697;0;0
12898;29918505;JUMRANI;JL. KANDILO BAHARI;6401040004;64;1;40;4;KALIMANTAN TIMUR;PASER;TANAH GROGOT;TANAH GROGOT;eyJpdiI6Im9KenJTUHNCSDA2N2k4MktSUHNYRVE9PSIsInZhbHVlIjoiQVFBMTJwdDdKWmJwVEFncUoxV0wwQT09IiwibWFjIjoiMzM4NWRmNzI4YTM3NzdjZDhlNWU5NmY5YWQ3MTU1ZTFjM2M3NmYxNzJlODUzMTFjNWYxMWI4ZmExMDljNTQ5OCIsInRhZyI6IiJ9;;[Kegiatan Usaha: -, Kategori: -, KBLI: 01262];;;46006;;OSS - Perorangan;;;invalid;;;FALSE;FALSE;TRUE;;;invalid;;;;;;jumrani;0.850987169;1;1;JUMAIYAH;JL KANDILO BAHARI;jl kandilo bahari;595;1;jumrani jl kandilo bahari kbli01;1;0;1;0;Aktif;JL KANDILO BAHARI;0;0;;;NAIK 0702 - 15.15 WITA;6401040004_0_0;-1.9177055;116.1972105;0;0
12918;32558517;JUMAIYAH;JL KANDILO BAHARI;6401040004;64;1;40;4;KALIMANTAN TIMUR;PASER;TANAH GROGOT;TANAH GROGOT;eyJpdiI6Impwc01QMGw4TThXZ2NPQkxLVjVQalE9PSIsInZhbHVlIjoiYlJHWHRpdTFlalB0NTV3ZmZ6VVhyUT09IiwibWFjIjoiNGEzZjdmMjhmNjIyNWQ0ZmEwZjEyNWJjYWNmMDUzMWZlNmI2ZmRmMzAwZTliNWZjOWJlMjYwODg1MTcwNzIxNCIsInRhZyI6IiJ9;;[Kegiatan Usaha: -, Kategori: -, KBLI: 01262];;;46006;;OSS - Perorangan;;;invalid;;;FALSE;FALSE;TRUE;;;invalid;;;;;;jumaiyah;0.850987169;1;4;JUMRANI;JL. KANDILO BAHARI;jl kandilo bahari;595;1;jumaiyah jl kandilo bahari kbli01;4;0;1;0;Aktif;JL KANDILO BAHARI;0;0;;;NAIK 0702 - 15.15 WITA;6401040004_0_0;-1.9177055;116.1972105;0;0
12920;26621611;HARIANI;JL. KANDILO BAHARI;6401040004;64;1;40;4;KALIMANTAN TIMUR;PASER;TANAH GROGOT;TANAH GROGOT;eyJpdiI6IllvekxEanp5N2RmT0hZU1o4RTQxSVE9PSIsInZhbHVlIjoiRkxnb2xRRzdZVG8yNXdySHRwZlFZUT09IiwibWFjIjoiNWYzMTUzYmI5YjgxODBkM2RmNTExMzdlNGM3NzRmYjVhNDMxODdlMzE5ZjkzYWJjMDZiNmVhMmIyODZiMDZlMyIsInRhZyI6IiJ9;;[Kegiatan Usaha: -, Kategori: -, KBLI: 10794];;;46006;;OSS - Perorangan;;;invalid;;;FALSE;FALSE;TRUE;;;invalid;;;;;;hariani;0.85423783;1;1;krupuk acil hariani <hariani>;jln kandilo bahari, RT 1/RW 1;jl kandilo bahari;596;10;hariani jl kandilo bahari kbli10;1;0;1;0;Aktif;JL KANDILO BAHARI;0;0;;;NAIK 0702 - 15.15 WITA;6401040004_0_0;-1.9177055;116.1972105;0;0
12950;18345819;DINASTI QING;JL. SULTAN HASANUDDIN;6401040004;64;1;40;4;KALIMANTAN TIMUR;PASER;TANAH GROGOT;TANAH GROGOT;eyJpdiI6InBMVXBsb1JWMHRoZitxK05LS3MrZUE9PSIsInZhbHVlIjoiT0VIbG9lT3R0VXVvUGFMSC8yckhGQT09IiwibWFjIjoiOTQwNDMxZDUzYTE5NTY0ZTI4NWQ4NDFiNWFiNTJiNjY0MTg4NjZhNDA0ZmY3ZjVjNDc1MGMzOTU4ZDIxNDkzYyIsInRhZyI6IiJ9;;"[Kegiatan Usaha: -, Kategori: -, KBLI: 01132]; [Kegiatan Usaha: -, Kategori: -, KBLI: 01629]; [Kegia...";;;45985;;OSS - Badan Usaha;;;invalid;;;FALSE;FALSE;TRUE;;;invalid;;;;;;dinasti qing;0.801362643;1;1;DAVIAN;Jalan Sultan Hasanuddin;jl sultan hasanuddin;599;1;dinasti qing jl sultan hasanuddin kbli01;1;0;1;0;Aktif;JL SULTAN HASANUDDIN;0;0;;;NAIK 0702 - 15.15 WITA;6401040004_0_0;-1.9199895;116.1951828;0;0
13004;29076757;TYAS LUVIA EFENDI;Jl, Kandilo Bahari Gang Reformasi 8;6401040004;64;1;40;4;KALIMANTAN TIMUR;PASER;TANAH GROGOT;TANAH GROGOT;eyJpdiI6IkJ2YndXWE5wUVZJd0dMVEF2WkptdGc9PSIsInZhbHVlIjoiYmlPZFlJcUM3VTdtYlIwTDNMb2FSUT09IiwibWFjIjoiYzk5M2YyYTNjNjBlYTg3OGQyNTNjMmFhYTA2ZDBkM2FlMjFjNDllNzY1MWRlMGY3MzgyNWUzZTlhYWJmNTI3MyIsInRhZyI6IiJ9;;"[Kegiatan Usaha: -, Kategori: -, KBLI: 10794]; [Kegiatan Usaha: Industri Kerupuk, Keripik, Peyek Dan...";;;45985;;OSS - Perorangan;;;invalid;;;FALSE;FALSE;TRUE;;;invalid;;;;;;tyas luvia efendi;0.835941964;1;1;BAHARI CAKE;Jl. Kandilo Bahari Gg. Reformasi 1 No.13;jl kandilo bahari gang reformasi 8;601;10;tyas luvia efendi jl kandilo bahari gang reformasi 8 kbli10;1;0;1;0;Aktif;Jl Kandilo Bahari Gang Reformasi 8;0;0;;;NAIK 0702 - 15.15 WITA;6401040004_0_0;-1.9202149;116.1974816;0;0
12992;6584950;BAHARI CAKE;Jl. Kandilo Bahari Gg. Reformasi 1 No.13;6401040004;64;1;40;4;KALIMANTAN TIMUR;PASER;TANAH GROGOT;TANAH GROGOT;eyJpdiI6InY3SzNqcndXVmFVVDlEZlVjck5vSkE9PSIsInZhbHVlIjoiOW5VRjdUQUxRakVSMTRmWTBad0Y0Zz09IiwibWFjIjoiYTcxY2MzZGYwMGJhMGJkYTNjZGQ1MWQzZTY0MzdjNDI1NTI2NTM4MTMxNTk5YTI0NTQ4NjliZTA1MzhjZjQ1MyIsInRhZyI6IiJ9;;[Kegiatan Usaha: MEMBUAT BOLU BAKAR (Bahan: TEPUNG), Kategori: C, KBLI: 10710];;;45693;UMKM;;;;invalid;;;FALSE;FALSE;TRUE;;;invalid;;;;;;bahari cake;0.835941964;1;4;TYAS LUVIA EFENDI;Jl, Kandilo Bahari Gang Reformasi 8;jl kandilo bahari gg reformasi 1 no 13;601;10;bahari cake jl kandilo bahari gg reformasi 1 no 13 kbli10;4;0;1;0;Aktif;Jl Kandilo Bahari Gg Reformasi 1 No13;0;0;;;NAIK 0702 - 15.15 WITA;6401040004_0_0;-1.9202149;116.1974816;0;0
13017;31577816;ARAS;JL. ST. HASANUDDIN;6401040004;64;1;40;4;KALIMANTAN TIMUR;PASER;TANAH GROGOT;TANAH GROGOT;eyJpdiI6InVTNU4yekJrTm56RUhFNHJkUnBTeGc9PSIsInZhbHVlIjoiaVYvb0g0VmtTWE1neUVIdzJJeXJUQT09IiwibWFjIjoiYTYyYjI1NDUyYjVjYmFiMGM0ZjFhNjI0YzQyZWI4ZmUzZWJjZjkxNTMxMzA4YzU2NTdiZGMyZGU1NzczZWE4MSIsInRhZyI6IiJ9;;"[Kegiatan Usaha: -, Kategori: -, KBLI: 47241]; [Kegiatan Usaha: -, Kategori: -, KBLI: 47192]; [Kegia...";;;45985;;OSS - Perorangan;;;invalid;;;FALSE;FALSE;TRUE;;;invalid;;;;;;aras;0.861426381;1;1;SAM'ANI;JL. ST. HASANUDDIN;jl st hasanuddin;602;47;aras jl st hasanuddin kbli47;1;0;1;0;Aktif;JL ST HASANUDDIN;0;0;;;NAIK 0702 - 15.15 WITA;6401040004_0_0;-1.9199895;116.1951828;0;0
13031;31463138;HADIATI;JL. HOS COKROAMINOTO;6401040004;64;1;40;4;KALIMANTAN TIMUR;PASER;TANAH GROGOT;TANAH GROGOT;eyJpdiI6Imk3WHI5U0owSGpMV3ZkbUZhVUEzUHc9PSIsInZhbHVlIjoiU0NZeHFMaVEvNGlXSUk2U1BpU09RUT09IiwibWFjIjoiZGE2ZjQzNjllNWFiYmE3MTRmN2QwZGZmYzFjZWM1MGFiM2M3NWRjYzkyZDE5MDJiMmM4NTQ5ZGNmMWI0YWYyZSIsInRhZyI6IiJ9;;"[Kegiatan Usaha: -, Kategori: -, KBLI: 56102]; [Kegiatan Usaha: Rumah/Warung Makan, Kategori: , KBLI...";;;45985;;OSS - Perorangan;;;invalid;;;FALSE;FALSE;TRUE;;;invalid;;;;;;hadiati;0.816286478;1;1;AMSYAH;JL. HOS COKROAMINOTO;jl hos cokroaminoto;603;56;hadiati jl hos cokroaminoto kbli56;1;0;1;0;Aktif;JL HOS COKROAMINOTO;0;0;;;NAIK 0702 - 15.15 WITA;6401040004_0_0;-1.9164426;116.1935221;0;0
13056;28388385;VALENTINA;JL. SULTAN IBRAHIM KHALILUDDIN;6401040004;64;1;40;4;KALIMANTAN TIMUR;PASER;TANAH GROGOT;TANAH GROGOT;eyJpdiI6InBFUzhPM2srZjBFSk5LR2dHekQ0Vmc9PSIsInZhbHVlIjoic2dZQXRseStROEk5VzMxcGtXZ2J1UT09IiwibWFjIjoiN2MxZTUxMTIzNGMwYjgwODAwMDYwMGE4NTcyMzU0NjU5YjI0YWUyMDRiYzVmOGM4Zjk0OWZiODg5Y2E2Yjc5YiIsInRhZyI6IiJ9;;"[Kegiatan Usaha: -, Kategori: -, KBLI: 56290]; [Kegiatan Usaha: -, Kategori: -, KBLI: 10710]; [Kegia...";;;45985;;OSS - Perorangan;;;invalid;;;FALSE;FALSE;TRUE;;;invalid;;;;;;valentina;0.820594142;1;1;SIDO MAMPIR;JALAN SULTAN IBRAHIM KHALILUDDIN;jl sultan ibrahim khaliluddin;604;56;valentina jl sultan ibrahim khaliluddin kbli56;1;0;1;0;Aktif;JL SULTAN IBRAHIM KHALILUDDIN;0;0;;;NAIK 0702 - 15.15 WITA;6401040004_0_0;-1.9049526;116.1910421;0;0
13072;18346204;LULA ASSAN;JALAN SULTAN IBRAHIM KHALILUDIN NOMOR 79;6401040004;64;1;40;4;KALIMANTAN TIMUR;PASER;TANAH GROGOT;TANAH GROGOT;eyJpdiI6IkNaNnp0WldpTlRYdUZoeUdscW82V2c9PSIsInZhbHVlIjoiSldPN3NIci9QVDcyN0tucWFLcDZ0Zz09IiwibWFjIjoiZDk2Y2M2NDExMGRkZTg3ODdlMmJkNmU5YTViYTcwYWU0NGJhYThjYTdiYjJlMGIyNDI1YzQ4MjU4ZTUyMDczZCIsInRhZyI6IiJ9;;"[Kegiatan Usaha: -, Kategori: -, KBLI: 18111]; [Kegiatan Usaha: -, Kategori: -, KBLI: 47611]; [Kegia...";;;46006;;OSS - Badan Usaha;;;invalid;;;FALSE;FALSE;TRUE;;;invalid;;;;;;lula assan;1;1;1;LULA ASSAN;JALAN SULTAN IBRAHIM KHALILUDIN NOMOR 79;jalan sultan ibrahim khaliludin nomor 79;605;18;lula assan jalan sultan ibrahim khaliludin nomor 79 kbli18;1;0;1;0;Aktif;JALAN SULTAN IBRAHIM KHALILUDIN NOMOR 79;0;0;;;NAIK 0702 - 15.15 WITA;6401040004_0_0;-1.9049526;116.1910421;0;0
13087;26475319;AIPAH;Jln. Sultan Ibrahim Khaliluddin;6401040004;64;1;40;4;KALIMANTAN TIMUR;PASER;TANAH GROGOT;TANAH GROGOT;eyJpdiI6Imlqclp0YXgxTDlKdW9naTBpaHZiM1E9PSIsInZhbHVlIjoiQ29mWEE3NHp1TnhnajJ3dFd0Sm44UT09IiwibWFjIjoiYmYzYjhjMDgzYWNiNzRiNjcwZGQ2ODYwNGM2NGRjZTEzNGJiN2U2MTI1YWYwYzYwZGViMDE4YmE4OGIxYzM3YyIsInRhZyI6IiJ9;;"[Kegiatan Usaha: Reparasi Dan Perawatan Sepeda Motor, Kategori: , KBLI: 45407]; [Kegiatan Usaha: -, ...";;;45985;;OSS - Perorangan;;;invalid;;;FALSE;FALSE;TRUE;;;invalid;;;;;;aipah;0.866505487;1;1;DWIYONO M;JL. SULTAN IBRAHIM KHALILUDDIN;jln sultan ibrahim khaliluddin;606;45;aipah jln sultan ibrahim khaliluddin kbli45;1;0;1;0;Aktif;Jln Sultan Ibrahim Khaliluddin;0;0;;;NAIK 0702 - 15.15 WITA;6401040004_0_0;-1.9049526;116.1910421;0;0
13133;18345742;RANES;Jl. Jenderal Ahmad Yani;6401040004;64;1;40;4;KALIMANTAN TIMUR;PASER;TANAH GROGOT;TANAH GROGOT;eyJpdiI6IlFuc1ZRcU1sYm05OTRZMWhLWENjZFE9PSIsInZhbHVlIjoiVXBDUFFpZWRSMkdCbDRBQXdlNC9hdz09IiwibWFjIjoiMzYxYjE2OThhZjRlMGVhMGM3NGY1NDFmMzE2OWJiMTY3Yzk2ZWU2YzlkYTE5MmFiNzc4MjFkZTYzMjExNTk4MSIsInRhZyI6IiJ9;;"[Kegiatan Usaha: Perdagangan Eceran Furnitur, Kategori: , KBLI: 47591]; [Kegiatan Usaha: -, Kategori...";;;45985;;OSS - Badan Usaha;;;invalid;;;FALSE;FALSE;TRUE;;;invalid;;;;;;ranes;0.897794055;1;1;RANES;Jl. Jenderal Ahmad Yani;jl jenderal ahmad yani;611;47;ranes jl jenderal ahmad yani kbli47;1;0;1;0;Aktif;Jl Jenderal Ahmad Yani;0;0;;;NAIK 0702 - 15.15 WITA;6401040004_0_0;-1.9059806;116.1948311;0;0
14313;43587450;JIBRIL ABADI;JL. KAPTEN PIERE TENDEAN;6401040004;64;1;40;4;KALIMANTAN TIMUR;PASER;TANAH GROGOT;TANAH GROGOT;eyJpdiI6IjF6UWp2S0pBbDJ0c0swTWJrVzJlSFE9PSIsInZhbHVlIjoiRFNIM1VZbmVzQUt4bEoyc2g1bFRSQT09IiwibWFjIjoiMDQ0MDc5ODYzYWIxZWZlMGZhNDFkZGY0Y2UyMzBkNTk1NGIwZDIzZWNlNGQyMDRkOWI1ZjNiNGNlNDYzZTIxNCIsInRhZyI6IiJ9;;"[Kegiatan Usaha: -, Kategori: -, KBLI: 46638]; [Kegiatan Usaha: -, Kategori: -, KBLI: 42201]; [Kegia...";;;;;OSS - Perorangan;;;invalid;;;FALSE;FALSE;TRUE;;;invalid;;;;;;jibril abadi;0.899589821;1;1;JIBRIL ABADI;JL. KAPTEN PIERE TENDEAN;jl kapten piere tendean;709;46;jibril abadi jl kapten piere tendean kbli46;1;0;1;0;Aktif;JL KAPTEN PIERE TENDEAN;0;0;;;NAIK 0702 - 15.15 WITA;6401040004_0_0;-1.902840;116.19551;0;0
16294;42732263;AR RIDHO KARYA;JL. KAPTEN PIERE TENDEAN;6401040004;64;1;40;4;KALIMANTAN TIMUR;PASER;TANAH GROGOT;TANAH GROGOT;eyJpdiI6ImpZVlhSR3FsZzdBZFlUNGUrSGJEN0E9PSIsInZhbHVlIjoiOURhcHNURUVkdjFYOGVxWFZaWWNkQT09IiwibWFjIjoiYWJlMDFmYjMxMTlkMDhiNWQwMzI0OTUzZGM5NmQ0NDk4ZWE0NjY1ZjQwYWYyZDQ4YTBkMDM3NTg1NGMwYTc5MSIsInRhZyI6IiJ9;;"[Kegiatan Usaha: -, Kategori: -, KBLI: 18111]; [Kegiatan Usaha: -, Kategori: -, KBLI: 42101]; [Kegia...";;;;;OSS - Badan Usaha;;;invalid;;;FALSE;FALSE;TRUE;;;invalid;;;;;;ar ridho karya;0.816767697;1;1;AR RIDHO KARYA;JL. KAPTEN PIERE TENDEAN;jl kapten piere tendean;856;18;ar ridho karya jl kapten piere tendean kbli18;1;0;1;0;Aktif;JL KAPTEN PIERE TENDEAN;0;0;;;NAIK 0702 - 15.15 WITA;6401040004_0_0;-1.902840;116.19551;0;0
9114;4242415;RANIA TAMA CONSULTANT;JL. KAPTEN PIERE TENDEAN GG. SEPAKAT;6401040004;64;1;40;4;KALIMANTAN TIMUR;PASER;TANAH GROGOT;TANAH GROGOT;eyJpdiI6Inp0MTkrUDNTSlJOTlNwL21FUEd6VFE9PSIsInZhbHVlIjoiVXVndmtJVkQxeTJtQzY0OVNieGh2Zz09IiwibWFjIjoiMTBlODk4ZDk4NDg2ODM1ZTYxNjMzNDRkMmQ2NzFiMWY5ZWZkMDkwODkyMGI5MTc5OTczMmUwYjgyODE1MjFhOCIsInRhZyI6IiJ9;;"[Kegiatan Usaha: -, Kategori: M, KBLI: 71101]; [Kegiatan Usaha: Aktivitas Arsitektur, Kategori: , KB...";;;45985;UMKM;Dir Pajak;;;invalid;;;FALSE;FALSE;TRUE;;;invalid;;;;;;rania tama consultant;0.918985674;1;1;RIZTAMA CONSULTANT;JL. KAPTEN PIERE TENDEAN GG. SEPAKAT RT. 011 RW. 004;jl kapten piere tendean gg sepakat;222;71;rania tama consultant jl kapten piere tendean gg sepakat kbli71;1;0;1;0;Aktif;JL KAPTEN PIERE TENDEAN GG SEPAKAT;0;0;;;NAIK 0702 - 15.15 WITA;6401040004_0_0;-1.902840;116.19551;0;0
13637;35928710;SEVEN SKY NUSANTARA;JL. KAPTEN PIERE TENDEAN GG. ZULFIKAR;6401040004;64;1;40;4;KALIMANTAN TIMUR;PASER;TANAH GROGOT;TANAH GROGOT;eyJpdiI6IjNra25uSWhHQ082TERwNGpiZW9hM2c9PSIsInZhbHVlIjoiRGZPdnJQTFVSUXdiTkhnajRSMzlpQT09IiwibWFjIjoiZDMzMWI5YTk2ZGVkNDljMDZhMzYzNjBlNDliNTU3MGQzZDM2MzA3YWE4YmY5NmVhMGRiMzllOGFkMDVmYzdkMSIsInRhZyI6IiJ9;;"[Kegiatan Usaha: Aktivitas Agen Perjalanan Lainnya, Kategori: -, KBLI: 79119]; [Kegiatan Usaha: Kons...";;;46015;;;;;invalid;;;FALSE;FALSE;TRUE;;;invalid;;;;;;seven sky nusantara;0.886188715;1;1;SEVEN SKY NUSANTARA;JL. KAPTEN PIERE TENDEAN GG. ZULFIKAR;jl kapten piere tendean gg zulfikar;653;79;seven sky nusantara jl kapten piere tendean gg zulfikar kbli79;1;0;1;0;Aktif;JL KAPTEN PIERE TENDEAN GG ZULFIKAR;0;0;;;NAIK 0702 - 15.15 WITA;6401040004_0_0;-1.902840;116.19551;0;0
10219;6395995;DAYEN, CV;JL KAPTEN PIERE TENDEAN NO 007;6401040004;64;1;40;4;KALIMANTAN TIMUR;PASER;TANAH GROGOT;TANAH GROGOT;eyJpdiI6IjFGc1ZTZkxEY1dtcktSOVVsemhtZnc9PSIsInZhbHVlIjoibTNDTTBhdjh2NGZBVTIyK1VKL2Iwdz09IiwibWFjIjoiZWM2ZmI4MGIzYTA1YjU4Y2YyMGM2ODI1ZGNlODIwYzY3ZTY3ZDdhMDkzMTViNWVlYzA1ZDBmYTBjOWViZWRmMiIsInRhZyI6IiJ9;;[Kegiatan Usaha: -, Kategori: F, KBLI: -];;;46006;UMKM;;;;invalid;;;FALSE;FALSE;TRUE;;;invalid;;;;;;dayen;0.860351287;1;1;PASER TAKA, CV;JL KAPTEN PIERE TENDEAN NO 007;jl kapten piere tendean no 007;274;0;dayen jl kapten piere tendean no 007 kbli00;1;0;1;0;Aktif;JL KAPTEN PIERE TENDEAN NO 007;0;0;;;NAIK 0702 - 15.15 WITA;6401040004_0_0;-1.902840;116.19551;0;0
562;153216;PASER WANGI, PT;JL KAPTEN PIERE TENDEAN NO 07;6401040004;64;1;40;4;KALIMANTAN TIMUR;PASER;TANAH GROGOT;TANAH GROGOT;eyJpdiI6IlhxbE0rd3l0MkJudkc5cXg2NXVzVEE9PSIsInZhbHVlIjoiVC9TNVM2M05TU053Z1lHZ2NmMVE1QT09IiwibWFjIjoiMzUzNWQ2MTdjNTdlM2JhZDJkNTY0NDg0NzI0NTJmYzY2ZTk0MTNmZGVlZjFiZTNlNDg0ODdjMzNmNWQzOWU4MCIsInRhZyI6IiJ9;;"[Kegiatan Usaha: JASA KONSULTAN KONSTRUKSI, Kategori: M, KBLI: 71101]; [Kegiatan Usaha: KONTRUKSI, K...";;;45800;UMKM;;;;invalid;;;FALSE;FALSE;TRUE;;;invalid;;;;;;paser wangi;0.844510767;1;1;PASER TAKA;kapten piere tendean No.70;jl kapten piere tendean no 07;7;71;paser wangi jl kapten piere tendean no 07 kbli71;1;0;0;0;Aktif;JL KAPTEN PIERE TENDEAN NO 07;0;0;;;NAIK 0702 - 15.15 WITA;6401040004_0_0;-1.902840;116.19551;0;0
13284;26118356;M. RIPDI;Jalan Sudarso Pasar Penyembolum Senaken;6401040004;64;1;40;4;KALIMANTAN TIMUR;PASER;TANAH GROGOT;TANAH GROGOT;eyJpdiI6ImhCOTdqQmMwaEZKek00bUEvNHdNVmc9PSIsInZhbHVlIjoiSVhhQWlwdzNjY1QxV3BGT1U0aHR6dz09IiwibWFjIjoiNTQ5ODcxZDIwYzgxZjg2Yzc2YjZkN2I2NDJjNTJlMDgzOGUzZjYyN2QzOGFhYTUzY2IyMWI5NmQ4YTdhY2YyZiIsInRhZyI6IiJ9;;"[Kegiatan Usaha: Perdagangan Eceran Sepatu, Sandal Dan Alas Kaki Lainnya, Kategori: , KBLI: 47712]; ...";;;45985;;OSS - Perorangan;;;invalid;;;FALSE;FALSE;TRUE;;;invalid;;;;;;m ripdi;0.903052467;1;1;HASANDANU;Jalan Yos Sudarso Pasar Penyembolum Senaken;jalan sudarso pasar penyembolum senaken;623;47;m ripdi jalan sudarso pasar penyembolum senaken kbli47;1;0;1;0;Aktif;Jalan Sudarso Pasar Penyembolum Senaken;0;0;;1;NAIK 0702 - 15.15 WITA;6401040004_0_0;-1.9044159;116.2055345;0;0
13285;26928663;HASANDANU;Jalan Yos Sudarso Pasar Penyembolum Senaken;6401040004;64;1;40;4;KALIMANTAN TIMUR;PASER;TANAH GROGOT;TANAH GROGOT;eyJpdiI6IkFTK1pPeFV5OVp1N0w4ODRZd3lzYnc9PSIsInZhbHVlIjoiTExpNjJ5OERFV2FQall6SHR3cjdCUT09IiwibWFjIjoiMGUxZmU5MWJmZWI4MTk5YzJjMjJhYjgzM2NmYjJmNDYxNTA3ZjUzZWZiNmM2OTVhYjcyYTdlNWNkZTI0ZTg3MSIsInRhZyI6IiJ9;;"[Kegiatan Usaha: -, Kategori: G, KBLI: 47214]; [Kegiatan Usaha: Perdagangan Eceran Hasil Peternakan,...";;;45995;;OSS - Perorangan;;;invalid;;;FALSE;FALSE;TRUE;;;invalid;;;;;;hasandanu;0.903052467;1;4;M. RIPDI;Jalan Sudarso Pasar Penyembolum Senaken;jalan yos sudarso pasar penyembolum senaken;623;47;hasandanu jalan yos sudarso pasar penyembolum senaken kbli47;4;0;1;0;Aktif;Jalan Yos Sudarso Pasar Penyembolum Senaken;0;0;;1;NAIK 0702 - 15.15 WITA;6401040004_0_0;-1.9044159;116.2055345;0;0
13293;29988102;SAMSUDIN;JL GAJAH MADA GG DAHLIA;6401040004;64;1;40;4;KALIMANTAN TIMUR;PASER;TANAH GROGOT;TANAH GROGOT;eyJpdiI6InVURHlLY2N5YnE4T1FJMTlJMitCS2c9PSIsInZhbHVlIjoiM3hFZEJydjc4K0dCZXBIMHI0cFFkQT09IiwibWFjIjoiODE1OWZhZTRiMzZmN2M4MDQ2MTFlNGY1YzBlZGMzZGZjYTg5M2E4NzNjMmFmZGQ0MmEwYjJkMjgwMjljYjM4ZiIsInRhZyI6IiJ9;;[Kegiatan Usaha: -, Kategori: -, KBLI: 47869];;;46006;;OSS - Perorangan;;;invalid;;;FALSE;FALSE;TRUE;;;invalid;;;;;;samsudin;0.805474356;1;4;KUSMAN;JL. GAJAH MADA GG. DAHLIA;jl gajah mada gg dahlia;624;47;samsudin jl gajah mada gg dahlia kbli47;4;0;1;0;Aktif;JL GAJAH MADA GG DAHLIA;0;0;;;NAIK 0702 - 15.15 WITA;6401040004_0_0;-1.9092068;116.1873297;0;0
10344;6396138;FAMILY TAKA, CV;JL KAPTEN PIERE TENDEAN NO 07;6401040004;64;1;40;4;KALIMANTAN TIMUR;PASER;TANAH GROGOT;TANAH GROGOT;eyJpdiI6InBBS0NhWDU0VnYrb1M1MkZIYjY3OGc9PSIsInZhbHVlIjoiTXBLaGI4bVUyc1N6YzZzNytFSWVMUT09IiwibWFjIjoiNTBhMDFkZjExZGQzNmYxOGMyNGQ4NzVmOTQ4Yzc3NjI2ZTc4YWJiYTUzNTJiYzVjMWNhZTlhMTE5YmYwNWY3NiIsInRhZyI6IiJ9;;[Kegiatan Usaha: -, Kategori: F, KBLI: 41013];;;45665;UMKM;;;;invalid;;;FALSE;FALSE;TRUE;;;invalid;;;;;;family taka;1;1;1;FAMILY TAKA;JL. Kapten Piere Tendean NO. 07;jl kapten piere tendean no 07;281;41;family taka jl kapten piere tendean no 07 kbli41;1;0;1;0;Aktif;JL KAPTEN PIERE TENDEAN NO 07;0;0;;;NAIK 0702 - 15.15 WITA;6401040004_0_0;-1.902840;116.19551;0;0
13304;29919843;MURIDA;Jl. Sultan  Hasanuddin;6401040004;64;1;40;4;KALIMANTAN TIMUR;PASER;TANAH GROGOT;TANAH GROGOT;eyJpdiI6IjZ0ek1GVVJpSHcwS2xuL3M2em02ZFE9PSIsInZhbHVlIjoibm1qeHJXdlpFdENISnV4L0VLS1pUdz09IiwibWFjIjoiZjM4MWI1MWQxMzU4NGQ4OWQ0MmI4ZTJlNjU2Y2Y0NTAzYjcxOGFlMDdjNjJkNTY2MTk0MjIwYzA4YzZhOWE0NiIsInRhZyI6IiJ9;;"[Kegiatan Usaha: -, Kategori: -, KBLI: 56102]; [Kegiatan Usaha: Rumah/Warung Makan, Kategori: , KBLI...";;;45985;;OSS - Perorangan;;;invalid;;;FALSE;FALSE;TRUE;;;invalid;;;;;;murida;0.851816648;1;1;MUJA'I;Jl. Sultan Hasanuddin;jl sultan hasanuddin;626;56;murida jl sultan hasanuddin kbli56;1;0;1;0;Aktif;Jl Sultan Hasanuddin;0;0;;;NAIK 0702 - 15.15 WITA;6401040004_0_0;-1.9199895;116.1951828;0;0
9438;4386357;RIA BAKTI;JL KAPTEN PIERE TENDEAN no. 33;6401040004;64;1;40;4;KALIMANTAN TIMUR;PASER;TANAH GROGOT;TANAH GROGOT;eyJpdiI6ImJJWWI4TmpqdysxR0JLSVdXNnIwdXc9PSIsInZhbHVlIjoiNlc1Qk9RQTF2NkVrSHY4VVlwNmlsQT09IiwibWFjIjoiMDBiOWY0ZjgxNGIwNWJlOTk4ODdlYzE3MDQ0MGRlNGIxMGY4ZDVlYzIyMWFkY2ExZjMwNWRkNTkyNzdmNDVhMCIsInRhZyI6IiJ9;;[Kegiatan Usaha: -, Kategori: F, KBLI: 41011];;;45664;UMKM;Dir Pajak;;;invalid;;;FALSE;FALSE;TRUE;;;invalid;;;;;;ria bakti;0.890440237;1;1;MIRA BAKTI, CV;JL KAPTEN PIERE TENDEAN;jl kapten piere tendean no 33;234;41;ria bakti jl kapten piere tendean no 33 kbli41;1;0;1;0;Aktif;JL KAPTEN PIERE TENDEAN no 33;0;0;;;NAIK 0702 - 15.15 WITA;6401040004_0_0;-1.902840;116.19551;0;0
7813;2920680;ARCHIKA CONSULTANT;Jl. Kapten Piere Tendean No.70;6401040004;64;1;40;4;KALIMANTAN TIMUR;PASER;TANAH GROGOT;TANAH GROGOT;eyJpdiI6ImVWdzlOQmY1Nm00cGpVK2NqR25iaGc9PSIsInZhbHVlIjoiaGFuT3o5K2JQVzIyR2UwRDBxTExFdz09IiwibWFjIjoiOTBhMDdiODI0ODMxMTY4ZWE2NDA1YjY2N2VmNWJiMDZkYmYxOTU1ODljMDg2MmNlODdiYjY2OTVkMjY2YTk0YyIsInRhZyI6IiJ9;;[Kegiatan Usaha: -, Kategori: M, KBLI: 71101];;;45665;UMKM;Dir Pajak;;;invalid;;;FALSE;FALSE;TRUE;;;invalid;;;;;;archika consultant;0.930237823;1;1;JAPAS CONSULTANT;JL. KAPTEN PIERE TENDEAN NO. 07;jl kapten piere tendean no 70;163;71;archika consultant jl kapten piere tendean no 70 kbli71;1;0;1;0;Aktif;Jl Kapten Piere Tendean No70;0;0;;;NAIK 0702 - 15.15 WITA;6401040004_0_0;-1.902840;116.19551;0;0
13348;27540818;AMIN TOHARI;Jl. Padat Karya Rt. 011 Rw. 005;6401040004;64;1;40;4;KALIMANTAN TIMUR;PASER;TANAH GROGOT;TANAH GROGOT;eyJpdiI6IitmcFJOcWxFUXJBSXB1M3k4cU1CNlE9PSIsInZhbHVlIjoiQVBnRjEyM05tdFJub0I4UGxFYW9UZz09IiwibWFjIjoiYmRiZWM3MDZjZjY1MjRmODY1MWZhMGFkOTY3ZGUzZWQxYzlhMGI3MjFkMDgyMmYxMTFjMzY5ZTM2MzYxMTFmYSIsInRhZyI6IiJ9;;"[Kegiatan Usaha: -, Kategori: -, KBLI: 55900]; [Kegiatan Usaha: Penyediaan Akomodasi Lainnya, Katego...";;;45985;;OSS - Perorangan;;;invalid;;;FALSE;FALSE;TRUE;;;invalid;;;;;;amin tohari;1;1;1;AMIN TOHARI;Jl. Padat Karya Rt. 011 Rw. 005;jl padat karya rt 011 rw 005;631;55;amin tohari jl padat karya rt 011 rw 005 kbli55;1;0;1;0;Aktif;Jl Padat Karya Rt 011 Rw 005;11;5;;;NAIK 0702 - 15.15 WITA;6401040004_11_5;-1.91954;116.194281;0;0
13349;36052396;AMIN TOHARI;Jl. Padat Karya Rt. 011 Rw. 005;6401040004;64;1;40;4;KALIMANTAN TIMUR;PASER;TANAH GROGOT;TANAH GROGOT;eyJpdiI6Iko2QUV1ekJreW52dnZQd3M2ODgvSGc9PSIsInZhbHVlIjoiWVZRc2tPa1g2WDB3WEVBL2owVmZUdz09IiwibWFjIjoiNmE4MTAwNzNjMjU1YmU1MmM3NmRjNjE3ZmM5ZTg5NDVhNmY3NzY2M2I3ZTlhNWQ3YjVlMjFlOTEwOTNjOWRmOSIsInRhZyI6IiJ9;;"[Kegiatan Usaha: Penyediaan Akomodasi Lainnya, Kategori: -, KBLI: 55900]; [Kegiatan Usaha: Penyediaa...";;;46015;;;;;invalid;;;FALSE;FALSE;TRUE;;;invalid;;;;;;amin tohari;1;1;4;AMIN TOHARI;Jl. Padat Karya Rt. 011 Rw. 005;jl padat karya rt 011 rw 005;631;55;amin tohari jl padat karya rt 011 rw 005 kbli55;4;0;1;0;Aktif;Jl Padat Karya Rt 011 Rw 005;11;5;;;NAIK 0702 - 15.15 WITA;6401040004_11_5;-1.91954;116.194281;0;0
13360;27927814;KULAU;Jl Bhayangkara Rt 06 Rw 02;6401040004;64;1;40;4;KALIMANTAN TIMUR;PASER;TANAH GROGOT;TANAH GROGOT;eyJpdiI6IllscEkvS0o5cmtyWlZvb3p5Z3NnYWc9PSIsInZhbHVlIjoiUkJVYXBRQWZBZ3cxYVg4YjBROW5NQT09IiwibWFjIjoiOTUyZmIyYWNjNDhmM2I3ODRmM2E4NmU0MzExNjNiN2NkN2Y3MzNlNTA4NjMyYjM0NmE5YmRkNWNjMjE5NzhlYiIsInRhZyI6IiJ9;;"[Kegiatan Usaha: Industri Produk Makanan Lainnya, Kategori: , KBLI: 10799]; [Kegiatan Usaha: -, Kate...";;;45985;;OSS - Perorangan;;;invalid;;;FALSE;FALSE;TRUE;;;invalid;;;;;;kulau;0.813791196;1;1;DIANA;JL. BHAYANGKARA;jl bhayangkara rt 06 rw 02;633;10;kulau jl bhayangkara rt 06 rw 02 kbli10;1;0;1;0;Aktif;Jl Bhayangkara Rt 06 Rw 02;6;2;;;NAIK 0702 - 15.15 WITA;6401040004_6_2;-1.91513;116.19626;0;0
13401;26757000;ADI ST MANSYUR;Kandilo Plaza Lt. 1 Blok B;6401040004;64;1;40;4;KALIMANTAN TIMUR;PASER;TANAH GROGOT;TANAH GROGOT;eyJpdiI6IlRqRkdZTVJaTGhQY1ZHNklReExQaXc9PSIsInZhbHVlIjoiRE1aQ2VybzVySUNRaEtGMTJhcWZLZz09IiwibWFjIjoiYmVjN2Q1ODQ2YTdlMWE1NzRiODA5YzIyY2E4NTQ0MmVlYzlkY2U4NGRiNTcwYjRmM2M3NThlMGI5YjliZDlkYiIsInRhZyI6IiJ9;;[Kegiatan Usaha: Perdagangan Eceran Tas, Dompet, Koper, Ransel Dan Sejenisnya, Kategori: , KBLI: 477...;;;45985;;OSS - Perorangan;;;invalid;;;FALSE;FALSE;TRUE;;;invalid;;;;;;adi st mansyur;0.821955148;1;1;ADI ST MANSYUR;Kandilo plaza, RT 1/RW 1;kandilo plaza lt 1 blok b;636;47;adi st mansyur kandilo plaza lt 1 blok b kbli47;1;0;1;0;Aktif;Kandilo Plaza Lt 1 Blok B;0;0;;;NAIK 0702 - 15.15 WITA;6401040004_0_0;-1.9134543;116.1929204;0;0
13420;30150677;ES BATU TEBU <SRI LIBRAYANTI>;Jl. RA. Kartini;6401040004;64;1;40;4;KALIMANTAN TIMUR;PASER;TANAH GROGOT;TANAH GROGOT;eyJpdiI6IjZHa1dLTDBUMENSNXQybnBGVWxiRWc9PSIsInZhbHVlIjoiUnBiRWdtUTZ0NklOVU0veDdSNzdrUT09IiwibWFjIjoiMzEwNTIxZTJlMTUxZGMwNzQ4OWI5ZTNiOWRhZmU5YmQ4MTI1NGZhNDdmOWM2MGRjYmYyNmYzNjZiYTNmN2MwNSIsInRhZyI6IiJ9;;[Kegiatan Usaha: -, Kategori: I, KBLI: 56304];;;45998;;OSS - Perorangan;;;invalid;;;FALSE;FALSE;TRUE;;;invalid;;;;;;es batu tebu sri librayanti;0.849452834;1;1;SRI LIBRAYANTI;Jl. RA. Kartini;jl ra kartini;638;56;es batu tebu sri librayanti jl ra kartini kbli56;1;0;1;1;Aktif;Jl RA Kartini;0;0;;;NAIK 0702 - 15.15 WITA;6401040004_0_0;-1.908559;116.194651;0;0
13555;18345662;RANCANG RUANG;Jl. Hos Cokroaminoto;6401040004;64;1;40;4;KALIMANTAN TIMUR;PASER;TANAH GROGOT;TANAH GROGOT;eyJpdiI6ImNOZnVrSThXc0o2ZTlUV2JuZVQrOWc9PSIsInZhbHVlIjoiY01uUlQ1QVZmbW5ySWE3cVdLNjNQZz09IiwibWFjIjoiNzQxMmM2MDYzMTlmMTc3NDE5ZWQ5NWQ4NjFjZjQzM2RiNjVjMzJiNTU4MWE2MmFiYmQ4Y2E5YTRmNTJhYzYyMCIsInRhZyI6IiJ9;;"[Kegiatan Usaha: -, Kategori: -, KBLI: 41011]; [Kegiatan Usaha: -, Kategori: -, KBLI: 41012]; [Kegia...";;;45985;;OSS - Badan Usaha;;;invalid;;;FALSE;FALSE;TRUE;;;invalid;;;;;;rancang ruang;0.849985241;1;1;RANCANG RUANG;Jalan Hos Cokroaminoto Nomor 33;jl hos cokroaminoto;644;41;rancang ruang jl hos cokroaminoto kbli41;1;0;1;0;Aktif;Jl Hos Cokroaminoto;0;0;;;NAIK 0702 - 15.15 WITA;6401040004_0_0;-1.9164426;116.1935221;0;0
13586;18346026;ALFATH SANREGO;Sultan Ibrahim Chaliluddin;6401040004;64;1;40;4;KALIMANTAN TIMUR;PASER;TANAH GROGOT;TANAH GROGOT;eyJpdiI6InNNeTVRZVdKdGpSa3lhQnhqQ2l4OWc9PSIsInZhbHVlIjoia3lQUDBPa0JoNmZ1aHl2TnJXeDQzZz09IiwibWFjIjoiOTA5NTA1MzM5MzQwZDY0NDQ2MzA1ZjQ3ZDljNzYzY2Q0YjM3YTZmMmZlN2NkN2VjYzM4YzlkNTIzYzljMTQzMSIsInRhZyI6IiJ9;;"[Kegiatan Usaha: Jasa Boga Untuk Suatu Event Tertentu (Event Catering), Kategori: , KBLI: 56210]; [K...";;;45985;;OSS - Badan Usaha;;;invalid;;;FALSE;FALSE;TRUE;;;invalid;;;;;;alfath sanrego;0.806835746;1;1;ALFATH SANREGO;JALAN SULTAN IBRAHIM KHALILUDDIN;sultan ibrahim chaliluddin;648;56;alfath sanrego sultan ibrahim chaliluddin kbli56;1;0;1;0;Aktif;Sultan Ibrahim Chaliluddin;0;0;;;NAIK 0702 - 15.15 WITA;6401040004_0_0;-1.9049526;116.1910421;0;0
13588;18346722;RISDIKANA;Jl. HOS Cokroaminoto No. 05;6401040004;64;1;40;4;KALIMANTAN TIMUR;PASER;TANAH GROGOT;TANAH GROGOT;eyJpdiI6IlU4aFBSZndQR0tyaXJYMjE3S0ZSREE9PSIsInZhbHVlIjoiWnByZXFxUWpyajhWRVhyM005aXgzUT09IiwibWFjIjoiMDM1NzMyNjY4NTVmY2FiYzc5NTk3ODNhNDY1NWM1YmFjNDA1ZjE1ZDFiYzcwODNmN2U0MTNmYTZiMzA2Y2RmNCIsInRhZyI6IiJ9;;"[Kegiatan Usaha: -, Kategori: -, KBLI: 46334]; [Kegiatan Usaha: Perdagangan Besar Minuman Non Alkoho...";;;45985;;OSS - Badan Usaha;;;invalid;;;FALSE;FALSE;TRUE;;;invalid;;;;;;risdikana;0.969803429;1;1;RISDIKANA;Jalan Hos Cokroaminoto No. 05;jl hos cokroaminoto no 05;649;46;risdikana jl hos cokroaminoto no 05 kbli46;1;0;1;0;Aktif;Jl HOS Cokroaminoto No 05;0;0;;;NAIK 0702 - 15.15 WITA;6401040004_0_0;-1.9164426;116.1935221;0;0
13696;36045340;CAHAYA TIGA ARJUNA;JALAN SULTAN ISKANDAR MUDA;6401040004;64;1;40;4;KALIMANTAN TIMUR;PASER;TANAH GROGOT;TANAH GROGOT;eyJpdiI6IkczWkVTMHFJQnBiaHBPK2J2S1lVWVE9PSIsInZhbHVlIjoidi8zbTZDWTBiY3lpTGd1U0RPQXFVQT09IiwibWFjIjoiOTcyMDkzYTBjMTBmMzI3OWEzYTE1NDFhN2Q4ZjZhMTFkMmM3NTQ5NjYwOGU2YzgwMDliMmJlZDRjNmYyNmEyZiIsInRhZyI6IiJ9;;"[Kegiatan Usaha: Penyediaan Jasa Boga Periode Tertentu, Kategori: -, KBLI: 56290]; [Kegiatan Usaha: ...";;;46015;;;;;invalid;;;FALSE;FALSE;TRUE;;;invalid;;;;;;cahaya tiga arjuna;0.955332111;1;1;CAHAYA TIGA ARJUNA;Jalan Sultan Iskandar Muda;jalan sultan iskandar muda;661;56;cahaya tiga arjuna jalan sultan iskandar muda kbli56;1;0;1;0;Aktif;JALAN SULTAN ISKANDAR MUDA;0;0;;;NAIK 0702 - 15.15 WITA;6401040004_0_0;-1.920139;116.194612;0;0
13709;45695063;SUMBER BERKAH HAMZAH;JL. R. M. NOTO SUNARDI GG. NUSANTARA NO. 14;6401040004;64;1;40;4;KALIMANTAN TIMUR;PASER;TANAH GROGOT;TANAH GROGOT;eyJpdiI6Ik9EM05oZkNCU0Q2UXRBK1BGNXFkZUE9PSIsInZhbHVlIjoiTGlnYmphOVJKZUVlVXJ5MFZHaWdHUT09IiwibWFjIjoiMzc0NzNiZGY0ZWRjYmI3YjQ2NDQzZWFkZWMzMDgxYmI2NWFmMjk4MWEzYzcwMDExNmViZmY0NjI2NjljOGIzZiIsInRhZyI6IiJ9;;"[Kegiatan Usaha: -, Kategori: -, KBLI: 47411]; [Kegiatan Usaha: -, Kategori: -, KBLI: 47528]; [Kegia...";;;;;OSS - Perorangan;;;invalid;;;FALSE;FALSE;TRUE;;;invalid;;;;;;sumber berkah hamzah;0.960858175;1;1;SUMBER BERKAH HAMZAH;JL. R. M. NOTO SUNARDI GG. NUSANTARA NO. 14;jl r m noto sunardi gg nusantara no 14;663;47;sumber berkah hamzah jl r m noto sunardi gg nusantara no 14 kbli47;1;0;1;0;Aktif;JL R M NOTO SUNARDI GG NUSANTARA NO 14;0;0;;;NAIK 0702 - 15.15 WITA;6401040004_0_0;-1.9163492;116.188558;0;0
13729;44048025;FORTUNA AGRO SINERGI;JALAN SULTAN IBRAHIM KHALILUDDIN GG NUSA INDAH ;6401040004;64;1;40;4;KALIMANTAN TIMUR;PASER;TANAH GROGOT;TANAH GROGOT;eyJpdiI6InhZN2dpUHhCd2k0SDV5WDJlMmIxZGc9PSIsInZhbHVlIjoiYk02VGwvNE1nNjBNczBiR1p5V0loZz09IiwibWFjIjoiNTc2NDU1NGExMmE3MzIxZmQ1Y2MyMjRiNjE5OGVhNTdiYjZkNzM2MjhhOGY1MWViNDgyOThjNjA0YTA3MjRiZSIsInRhZyI6IiJ9;;"[Kegiatan Usaha: -, Kategori: -, KBLI: 01469]; [Kegiatan Usaha: -, Kategori: -, KBLI: 01493]; [Kegia...";;;;;OSS - Perorangan;;;invalid;;;FALSE;FALSE;TRUE;;;invalid;;;;;;fortuna agro sinergi;1;1;1;FORTUNA AGRO SINERGI;JALAN SULTAN IBRAHIM KHALILUDDIN GG NUSA INDAH;jalan sultan ibrahim khaliluddin gg nusa indah;666;1;fortuna agro sinergi jalan sultan ibrahim khaliluddin gg nusa indah kbli01;1;0;1;0;Aktif;JALAN SULTAN IBRAHIM KHALILUDDIN GG NUSA INDAH;0;0;;;NAIK 0702 - 15.15 WITA;6401040004_0_0;-1.9023755;116.1901709;0;0
13802;45698220;ALAM TUAH;JALAN RM. NOTO SUNARDI GANG MILINIUM;6401040004;64;1;40;4;KALIMANTAN TIMUR;PASER;TANAH GROGOT;TANAH GROGOT;eyJpdiI6IkVrMzlqSjA4TnorMFI0S3pvM1Z5M3c9PSIsInZhbHVlIjoidTFYRDZsZUNDYUdrcERKTFVNV1lzQT09IiwibWFjIjoiNGU5NzRjNWQwYjUwNmIxZDFjOTRhMjcyNTk1M2I3NzQzZTgwN2ZjZTA2YmM3MWE5MzgwOGQ5MzU1MGU3OGI5MyIsInRhZyI6IiJ9;;"[Kegiatan Usaha: -, Kategori: -, KBLI: 46634]; [Kegiatan Usaha: -, Kategori: -, KBLI: 46631]; [Kegia...";;;;;OSS - Perorangan;;;invalid;;;FALSE;FALSE;TRUE;;;invalid;;;;;;alam tuah;0.890466379;1;1;ALAM TUAH;JALAN RM. NOTO SUNARDI GANG MILINIUM;jalan rm noto sunardi gang milinium;672;46;alam tuah jalan rm noto sunardi gang milinium kbli46;1;0;1;0;Aktif;JALAN RM NOTO SUNARDI GANG MILINIUM;0;0;;;NAIK 0702 - 15.15 WITA;6401040004_0_0;-1.9163492;116.188558;0;0
14168;44107085;UWAIS PERDANA;Jalan Sultan Ibrahim Khaliludin Gang Nusa Indah 3;6401040004;64;1;40;4;KALIMANTAN TIMUR;PASER;TANAH GROGOT;TANAH GROGOT;eyJpdiI6IjlxRS9wQ1BDalhNcmNwQWNuQldrZnc9PSIsInZhbHVlIjoieVphL2lXUy82ektkUG8xUHBXT0UzQT09IiwibWFjIjoiNTlkMGRjZjE2MWNlNmQ4YWY2Yjg3Nzg4MDc0MGExNDY1OWM5ODZkMjc1YTE3NjY1NjU5NDg1NmM2YzYxYmVkZiIsInRhZyI6IiJ9;;"[Kegiatan Usaha: -, Kategori: -, KBLI: 47591]; [Kegiatan Usaha: -, Kategori: -, KBLI: 03221]; [Kegia...";;;;;OSS - Perorangan;;;invalid;;;FALSE;FALSE;TRUE;;;invalid;;;;;;uwais perdana;0.912590076;1;1;UWAIS PERDANA;Jalan Sultan Ibrahim Khaliludin Gang Nusa Indah 3;jalan sultan ibrahim khaliludin gang nusa indah 3;696;47;uwais perdana jalan sultan ibrahim khaliludin gang nusa indah 3 kbli47;1;0;1;0;Aktif;Jalan Sultan Ibrahim Khaliludin Gang Nusa Indah 3;0;0;;;NAIK 0702 - 15.15 WITA;6401040004_0_0;-1.9023755;116.1901709;0;0
14264;45851978;AMORA INDONESIA PRODUCTION;Jl. Hasanuddin;6401040004;64;1;40;4;KALIMANTAN TIMUR;PASER;TANAH GROGOT;TANAH GROGOT;eyJpdiI6InN3ZmJCLzRpbHZuQ1BFSmpxOWZpZ1E9PSIsInZhbHVlIjoiR0NVWDJqK0IrUENLekR4eFFnMGVBQT09IiwibWFjIjoiNmZkNWZmNDIzZmE1Yzg2OTgwMTRlZjA0NWEyYzhiODRjNWY1YzIxNTQ3NjExNGMzZDc5NDg0OWQ5NDBlZTJhYiIsInRhZyI6IiJ9;;[Kegiatan Usaha: -, Kategori: -, KBLI: 82302];;;;;OSS - Perorangan;;;invalid;;;FALSE;FALSE;TRUE;;;invalid;;;;;;amora indonesia production;1;1;1;AMORA INDONESIA PRODUCTION;Jl. Hasanuddin;jl hasanuddin;704;82;amora indonesia production jl hasanuddin kbli82;1;0;1;0;Aktif;Jl Hasanuddin;0;0;;;NAIK 0702 - 15.15 WITA;6401040004_0_0;-1.9199895;116.1951828;0;0
14360;43705537;AZZAMY WI FAQI UTAMA;JL. AHMAD YANI GG. PADAT KARYA;6401040004;64;1;40;4;KALIMANTAN TIMUR;PASER;TANAH GROGOT;TANAH GROGOT;eyJpdiI6IjVPTVhlNGtNc1BVWUo4RmZjRHRsWHc9PSIsInZhbHVlIjoiYjdDMUVZLzNxNmsyR2x4czN6dnIwdz09IiwibWFjIjoiM2U4YTBmOTkxYmMzMmFlYTZiZmRkYThjODRmNTIxMjg5M2ZhZDljZjMyZTc0YzEwYzU4NDBiOGVmZGVkODE4YyIsInRhZyI6IiJ9;;"[Kegiatan Usaha: -, Kategori: -, KBLI: 47711]; [Kegiatan Usaha: -, Kategori: -, KBLI: 47742]; [Kegia...";;;;;OSS - Perorangan;;;invalid;;;FALSE;FALSE;TRUE;;;invalid;;;;;;azzamy wi faqi utama;0.902107571;1;1;AZZAMY WI FAQI UTAMA;JL. AHMAD YANI GG. PADAT KARYA;jl ahmad yani gg padat karya;712;47;azzamy wi faqi utama jl ahmad yani gg padat karya kbli47;1;0;1;0;Aktif;JL AHMAD YANI GG PADAT KARYA;0;0;;;NAIK 0702 - 15.15 WITA;6401040004_0_0;-1.9059806;116.1948311;0;0
14430;46748098;CAHAYA DUA SEMBILAN;Jalan Sultan Ibrahim Khaliluddin Gg. Nusa Indah 2 N ;6401040004;64;1;40;4;KALIMANTAN TIMUR;PASER;TANAH GROGOT;TANAH GROGOT;eyJpdiI6IlBUUTJWQXlOb0Znb0JMYUtQNW1uS3c9PSIsInZhbHVlIjoibXByblBVMEZtdkFySmpEUC9rNlg1UT09IiwibWFjIjoiOTM5MzliYjhiY2FjYzg3NmFiYzk2N2ZmNGE2NmNmZTI2N2Y0NDFiZGZkMmZhMDZhMDU5YzIzYmM4ZDk5YTViNCIsInRhZyI6IiJ9;;"[Kegiatan Usaha: -, Kategori: -, KBLI: 42201]; [Kegiatan Usaha: -, Kategori: -, KBLI: 41013]; [Kegia...";;;;;OSS - Perorangan;;;invalid;;;FALSE;FALSE;TRUE;;;invalid;;;;;;cahaya dua sembilan;0.955609451;1;1;CAHAYA DUA SEMBILAN;Jalan Sultan Ibrahim Khaliluddin Gg. Nusa Indah 2 N;jalan sultan ibrahim khaliluddin gg nusa indah 2 n;717;42;cahaya dua sembilan jalan sultan ibrahim khaliluddin gg nusa indah 2 n kbli42;1;0;1;0;Aktif;Jalan Sultan Ibrahim Khaliluddin Gg Nusa Indah 2 N;0;0;;;NAIK 0702 - 15.15 WITA;6401040004_0_0;-1.9023755;116.1901709;0;0
14447;43696806;HABIB AL MUBAROK;JL. AHMAD YANI GG. PADAT KARYA;6401040004;64;1;40;4;KALIMANTAN TIMUR;PASER;TANAH GROGOT;TANAH GROGOT;eyJpdiI6IjltcHFNU0lQNXlJUEptVGRpUnRXQ3c9PSIsInZhbHVlIjoiSU1DUnlnYlRuMzYwWml6UjlEVnlqdz09IiwibWFjIjoiY2RmNjg1ZWVjYjQzMDIwOWFiNmJjMTI4YWM5Mzk5YzYwMTY2OGNlNzQyOWNlZWQ2MDIxYjM2ZDM2MThjOTEwNSIsInRhZyI6IiJ9;;"[Kegiatan Usaha: -, Kategori: -, KBLI: 79111]; [Kegiatan Usaha: -, Kategori: -, KBLI: 79990]; [Kegia...";;;;;OSS - Perorangan;;;invalid;;;FALSE;FALSE;TRUE;;;invalid;;;;;;habib al mubarok;1;1;1;HABIB AL MUBAROK;JL. AHMAD YANI GG. PADAT KARYA;jl ahmad yani gg padat karya;718;79;habib al mubarok jl ahmad yani gg padat karya kbli79;1;0;1;0;Aktif;JL AHMAD YANI GG PADAT KARYA;0;0;;;NAIK 0702 - 15.15 WITA;6401040004_0_0;-1.9059806;116.1948311;0;0
14507;46701642;GEBY BARA UTAMA;Jalan Hos Cokroaminoto;6401040004;64;1;40;4;KALIMANTAN TIMUR;PASER;TANAH GROGOT;TANAH GROGOT;eyJpdiI6ImVLNmg2aDJtV3RXbERQS1NlSlJNd1E9PSIsInZhbHVlIjoicUtBUTZucEk1STZLNko0QUNLS1lqUT09IiwibWFjIjoiYjUzMjUyY2E0MDQ1YjA1MzE4MDc0ZmFlNzhiMWQ3NDBiNWQ0ZGIyZTZiNDE2NTdhOTIyNzM1ZTA5YTM2NDEyYSIsInRhZyI6IiJ9;;[Kegiatan Usaha: -, Kategori: -, KBLI: 05100];;;;;OSS - Perorangan;;;invalid;;;FALSE;FALSE;TRUE;;;invalid;;;;;;geby bara utama;1;1;1;GEBY BARA UTAMA;Jalan Hos Cokroaminoto;jalan hos cokroaminoto;722;5;geby bara utama jalan hos cokroaminoto kbli05;1;0;1;0;Aktif;Jalan Hos Cokroaminoto;0;0;;;NAIK 0702 - 15.15 WITA;6401040004_0_0;-1.9164426;116.1935221;0;0
14540;46887980;AZZYA BARATAMA NUSANTARA;JL. AHMAD YANI NO 12;6401040004;64;1;40;4;KALIMANTAN TIMUR;PASER;TANAH GROGOT;TANAH GROGOT;eyJpdiI6ImpCM1JoVWFHUkdBMVk2NnhrTGt3MEE9PSIsInZhbHVlIjoiQTVCZHkrcHVOaSszSVA5RGFwa0dqQT09IiwibWFjIjoiNTU5ZmFjMDZiODAyYTI2NWQ2ZTU5ZjExY2UxYjE5MjE2MDkxZTJkN2ZiZjBkNTkzY2FmMmNjMDkzZjNkM2I1YSIsInRhZyI6IiJ9;;"[Kegiatan Usaha: -, Kategori: -, KBLI: 52101]; [Kegiatan Usaha: -, Kategori: -, KBLI: 47302]; [Kegia...";;;;;OSS - Perorangan;;;invalid;;;FALSE;FALSE;TRUE;;;invalid;;;;;;azzya baratama nusantara;0.883409479;1;1;AZZYA BARATAMA NUSANTARA;JL. AHMAD YANI NO 12;jl ahmad yani no 12;726;52;azzya baratama nusantara jl ahmad yani no 12 kbli52;1;0;1;0;Aktif;JL AHMAD YANI NO 12;0;0;;;NAIK 0702 - 15.15 WITA;6401040004_0_0;-1.9059806;116.1948311;0;0
14629;46694923;ARPAH KARYA UTAMA;Jalan Hos Cokro Aminoto Gang Keluarga;6401040004;64;1;40;4;KALIMANTAN TIMUR;PASER;TANAH GROGOT;TANAH GROGOT;eyJpdiI6Iml4UThLN1U1WkJCMVNpdFRvQ01abnc9PSIsInZhbHVlIjoiVndiN3dpcTlmNEhBcGQ2OEtJSWdPQT09IiwibWFjIjoiZDk5MWZkM2VkMTI4YzQzMDZhYTQwY2I3ZmI4NmNjZTk5MGIxNWQyODIxNzNhYTJkZjg5MWNlN2EyYTI1NjRhYyIsInRhZyI6IiJ9;;"[Kegiatan Usaha: -, Kategori: -, KBLI: 47420]; [Kegiatan Usaha: -, Kategori: -, KBLI: 47528]; [Kegia...";;;;;OSS - Perorangan;;;invalid;;;FALSE;FALSE;TRUE;;;invalid;;;;;;arpah karya utama;0.961479627;1;1;ARPAH KARYA UTAMA;Jalan Hos Cokro Aminoto Gang Keluarga;jalan hos cokro aminoto gang keluarga;734;47;arpah karya utama jalan hos cokro aminoto gang keluarga kbli47;1;0;1;0;Aktif;Jalan Hos Cokro Aminoto Gang Keluarga;0;0;;;NAIK 0702 - 15.15 WITA;6401040004_0_0;-1.917499;116.194681;0;0
14670;47220527;RAYA SARANJANA MANDIRI;JL. HOS COKRO AMINOTO;6401040004;64;1;40;4;KALIMANTAN TIMUR;PASER;TANAH GROGOT;TANAH GROGOT;eyJpdiI6IlV2NVpiWGZaZzlKZHp2aVIybVBMQnc9PSIsInZhbHVlIjoieVQ1Y1h1U3FlOTIxcUdtVk40OHpydz09IiwibWFjIjoiNTQxMjU2MDI1OGJiZmViZDE3NDI2ZTk1MWVjNjhjZDk1NWFjMDYwNzVmNWIzZTkwZmE0YjYzMWU2Y2M0OGFiZiIsInRhZyI6IiJ9;;"[Kegiatan Usaha: -, Kategori: -, KBLI: 47763]; [Kegiatan Usaha: -, Kategori: -, KBLI: 47791]; [Kegia...";;;;;OSS - Perorangan;;;invalid;;;FALSE;FALSE;TRUE;;;invalid;;;;;;raya saranjana mandiri;1;1;1;RAYA SARANJANA MANDIRI;JL. HOS COKRO AMINOTO;jl hos cokro aminoto;736;47;raya saranjana mandiri jl hos cokro aminoto kbli47;1;0;1;0;Aktif;JL HOS COKRO AMINOTO;0;0;;;NAIK 0702 - 15.15 WITA;6401040004_0_0;-1.9164426;116.1935221;0;0
14752;48074609;LABAN MOTOR;JL. RM NOTO SUNARDI, NO. 13A;6401040004;64;1;40;4;KALIMANTAN TIMUR;PASER;TANAH GROGOT;TANAH GROGOT;eyJpdiI6IlRZSTRFNWE1a2dDdVNIQUpCMnVTOEE9PSIsInZhbHVlIjoicHR3SEh0SzNtbk5keVFmTkxmV0FoUT09IiwibWFjIjoiNmM2MWU2NTM2MGIxN2NjOTdjNzQ2Zjk0NjcyYzEwN2NkMmNhM2U3NjQzZjVkZGY1ZTdmN2YyNzcwNGZlYTNlOCIsInRhZyI6IiJ9;;"[Kegiatan Usaha: -, Kategori: -, KBLI: 47303]; [Kegiatan Usaha: -, Kategori: -, KBLI: 45302]; [Kegia...";;;;;OSS - Perorangan;;;invalid;;;FALSE;FALSE;TRUE;;;invalid;;;;;;laban motor;0.874587682;1;1;LABAN MOTOR;JL. RM NOTO SUNARDI, NO. 13A;jl rm noto sunardi no 13a;744;47;laban motor jl rm noto sunardi no 13a kbli47;1;0;1;0;Aktif;JL RM NOTO SUNARDI NO 13A;0;0;;;NAIK 0702 - 15.15 WITA;6401040004_0_0;-1.9163492;116.188558;0;0
14844;47382904;UJUNG BATU MANDIRI;JALAN SULTAN ISKANDAR MUDA GANG MARHABAN NO.05;6401040004;64;1;40;4;KALIMANTAN TIMUR;PASER;TANAH GROGOT;TANAH GROGOT;eyJpdiI6ImZMc0lVZGVpWS80OUZuaWx6T1gxdVE9PSIsInZhbHVlIjoiSFBldlJtSXdXYkR0TjBHUGI2VGNuZz09IiwibWFjIjoiZjE1YjRjNzEyMTQ5MmFjYjhlMDU3YTdmMDMyZWEwOGE0YjRiMTFmMzBjNTRmM2Y3NzlmNzY3ZWYzNDgxMTkwNCIsInRhZyI6IiJ9;;"[Kegiatan Usaha: -, Kategori: -, KBLI: 42101]; [Kegiatan Usaha: -, Kategori: -, KBLI: 41012]; [Kegia...";;;;;OSS - Perorangan;;;invalid;;;FALSE;FALSE;TRUE;;;invalid;;;;;;ujung batu mandiri;0.94375453;1;1;UJUNG BATU MANDIRI;JALAN SULTAN ISKANDAR MUDA GANG MARHABAN NO.05;jalan sultan iskandar muda gang marhaban no 05;750;42;ujung batu mandiri jalan sultan iskandar muda gang marhaban no 05 kbli42;1;0;1;0;Aktif;JALAN SULTAN ISKANDAR MUDA GANG MARHABAN NO05;0;0;;;NAIK 0702 - 15.15 WITA;6401040004_0_0;-1.920139;116.194612;0;0
14886;47116332;KINGKONG JAYA PERKASA;Jalan Sultan Ibrahim Khaliludin;6401040004;64;1;40;4;KALIMANTAN TIMUR;PASER;TANAH GROGOT;TANAH GROGOT;eyJpdiI6ImtSaE9vNXpQc0Y3Y1RvQ1lIbVMyVVE9PSIsInZhbHVlIjoiMlNnakpYa3h0WDVSV1Ruc0FyRWd3UT09IiwibWFjIjoiMTViYzYzODY4YzZjOWMzNTM1ZDViMGQ5NjcwNzEzZTQ0NGU3MjMxMzcyN2IyMjdjMTY0MWNlZTU5MTY0ODc0YSIsInRhZyI6IiJ9;;"[Kegiatan Usaha: -, Kategori: -, KBLI: 01262]; [Kegiatan Usaha: -, Kategori: -, KBLI: 41019]; [Kegia...";;;;;OSS - Perorangan;;;invalid;;;FALSE;FALSE;TRUE;;;invalid;;;;;;kingkong jaya perkasa;1;1;1;KINGKONG JAYA PERKASA;Jalan Sultan Ibrahim Khaliludin;jalan sultan ibrahim khaliludin;754;1;kingkong jaya perkasa jalan sultan ibrahim khaliludin kbli01;1;0;1;0;Aktif;Jalan Sultan Ibrahim Khaliludin;0;0;;;NAIK 0702 - 15.15 WITA;6401040004_0_0;-1.9049526;116.1910421;0;0
14904;47622694;AUDI JAYA;JALAN JENDRAL AHMAD YANI;6401040004;64;1;40;4;KALIMANTAN TIMUR;PASER;TANAH GROGOT;TANAH GROGOT;eyJpdiI6IlF2OVlUSHNRMXZrenNvTWsvbE90WEE9PSIsInZhbHVlIjoicTRGTVFadUFkdlVOL2lxYkNrazJodz09IiwibWFjIjoiMTZmMDRjYmE1MzI2MDgwN2Y2NGVjYTFmMWNlYTUzN2M5OGQ4Mzg1OTcxMDIxMjc1M2M4ZmVlYWE4NzRlMGNlOCIsInRhZyI6IiJ9;;"[Kegiatan Usaha: -, Kategori: -, KBLI: 42101]; [Kegiatan Usaha: -, Kategori: -, KBLI: 42102]; [Kegia...";;;;;OSS - Perorangan;;;invalid;;;FALSE;FALSE;TRUE;;;invalid;;;;;;audi jaya;0.869915806;1;1;AUDI JAYA;JALAN JENDRAL AHMAD YANI;jalan jendral ahmad yani;755;42;audi jaya jalan jendral ahmad yani kbli42;1;0;1;0;Aktif;JALAN JENDRAL AHMAD YANI;0;0;;;NAIK 0702 - 15.15 WITA;6401040004_0_0;-1.9059806;116.1948311;0;0
14922;47740790;ADIJAYA SALAM SENTOSA;Jalan RA Kartini Gang Citra;6401040004;64;1;40;4;KALIMANTAN TIMUR;PASER;TANAH GROGOT;TANAH GROGOT;eyJpdiI6IkVrZWVzSVpNa0tmYXc4Y3hYejEwMVE9PSIsInZhbHVlIjoiZUpGc0s3Z3JOQW5sTkFVdmRvTWk4dz09IiwibWFjIjoiNjlhNjgzNTc3NTU5OTM0OWZhN2Y0NzJkNTBjYzM2OTU2ZmZjNTJhNTI2NDkwNGU0ODU4ZWVmMjA4Zjc4NmQwMCIsInRhZyI6IiJ9;;"[Kegiatan Usaha: -, Kategori: -, KBLI: 42101]; [Kegiatan Usaha: -, Kategori: -, KBLI: 42201]; [Kegia...";;;;;OSS - Perorangan;;;invalid;;;FALSE;FALSE;TRUE;;;invalid;;;;;;adijaya salam sentosa;0.889969239;1;1;ADIJAYA SALAM SENTOSA;Jalan RA Kartini Gang Citra;jalan ra kartini gang citra;756;42;adijaya salam sentosa jalan ra kartini gang citra kbli42;1;0;1;0;Aktif;Jalan RA Kartini Gang Citra;0;0;;;NAIK 0702 - 15.15 WITA;6401040004_0_0;-1.908559;116.194651;0;0
14952;48092641;PASER JAYA ANDESIT;Jalan RA Kartini;6401040004;64;1;40;4;KALIMANTAN TIMUR;PASER;TANAH GROGOT;TANAH GROGOT;eyJpdiI6IjRuVW1nMzdiQmlQY2ZhWkx5LytMaXc9PSIsInZhbHVlIjoicTlrUUwwc3lsQTRiNHpRWmlqSnhnZz09IiwibWFjIjoiYzUyMWVmYzE1MmMyOGU5MTM1YmRhZTdiZTY0MzJiOTY1NGNiODJkMzhiZDk3YzYyZmJlMjljMjcyOGE4ZjJhNSIsInRhZyI6IiJ9;;"[Kegiatan Usaha: -, Kategori: -, KBLI: 08103]; [Kegiatan Usaha: -, Kategori: -, KBLI: 46100]; [Kegia...";;;;;OSS - Perorangan;;;invalid;;;FALSE;FALSE;TRUE;;;invalid;;;;;;paser jaya andesit;1;1;1;PASER JAYA ANDESIT;Jalan RA Kartini;jalan ra kartini;759;8;paser jaya andesit jalan ra kartini kbli08;1;0;1;0;Aktif;Jalan RA Kartini;0;0;;;NAIK 0702 - 15.15 WITA;6401040004_0_0;-1.908559;116.194651;0;0
14986;48678020;TAZKIA BINA KONSTRUKSI;Jalan ST. Hasanuddin;6401040004;64;1;40;4;KALIMANTAN TIMUR;PASER;TANAH GROGOT;TANAH GROGOT;eyJpdiI6Ik9qT2dzcGxPbWRRR1A0OEtFWDZVMFE9PSIsInZhbHVlIjoiOVhCaHhIZW40S09QSkFoNXVRRmFXUT09IiwibWFjIjoiY2IwNzExNjAxYzc5MzZkMGZlYTEyMWVhZjFlNDhmZDk3NTM0MzY3ZDNkMmY5NmVlNDdhODBlMTliNTRjZDdmNCIsInRhZyI6IiJ9;;"[Kegiatan Usaha: -, Kategori: -, KBLI: 41016]; [Kegiatan Usaha: -, Kategori: -, KBLI: 41019]; [Kegia...";;;;;OSS - Perorangan;;;invalid;;;FALSE;FALSE;TRUE;;;invalid;;;;;;tazkia bina konstruksi;1;1;1;TAZKIA BINA KONSTRUKSI;Jalan ST. Hasanuddin;jalan st hasanuddin;761;41;tazkia bina konstruksi jalan st hasanuddin kbli41;1;0;1;0;Aktif;Jalan ST Hasanuddin;0;0;;;NAIK 0702 - 15.15 WITA;6401040004_0_0;-1.9199895;116.1951828;0;0
15011;48167275;SUMBER REZEKI RAYA;Jl. R.A. KARTINI;6401040004;64;1;40;4;KALIMANTAN TIMUR;PASER;TANAH GROGOT;TANAH GROGOT;eyJpdiI6Ik5JQWxXVXNSZmdDRXQreHh4amtkYUE9PSIsInZhbHVlIjoiSzNtdm1SZ3NSVitoeksvM0pERTltdz09IiwibWFjIjoiYTkyODQ3MTlkZWU5ZGJlY2M3MmIyODJmMjc1ZjBjMTkwNWZhYzc1ZDQ1YTZhMjcyZTUzYzQ2Yzc2YWU3NWRlNiIsInRhZyI6IiJ9;;"[Kegiatan Usaha: -, Kategori: -, KBLI: 47528]; [Kegiatan Usaha: -, Kategori: -, KBLI: 47793]; [Kegia...";;;;;OSS - Perorangan;;;invalid;;;FALSE;FALSE;TRUE;;;invalid;;;;;;sumber rezeki raya;0.81898472;1;1;SUMBER REZEKI RAYA;Jl. R.A. KARTINI;jl r a kartini;767;47;sumber rezeki raya jl r a kartini kbli47;1;0;1;0;Aktif;Jl RA KARTINI;0;0;;;NAIK 0702 - 15.15 WITA;6401040004_0_0;-1.908559;116.194651;0;0
15061;49250564;SADURENGAS JAYA ABADI;JL.RM.Noto Sunardi No.55;6401040004;64;1;40;4;KALIMANTAN TIMUR;PASER;TANAH GROGOT;TANAH GROGOT;eyJpdiI6IlFaVnJ4a1RXMEE4TjRpNGFBbVp2b2c9PSIsInZhbHVlIjoiWTNFY3k4ZnMrZmNTWkdneFZIcE9aQT09IiwibWFjIjoiMDU3MGFmNjJmYTAzNzE1OGExMzNiMjIzNWEwOWRlMzVkN2UxMTU5N2EzOTgzMmI0ZjA2MmQzYzUwMjAzODgxNyIsInRhZyI6IiJ9;;"[Kegiatan Usaha: -, Kategori: -, KBLI: 82302]; [Kegiatan Usaha: -, Kategori: -, KBLI: 47711]; [Kegia...";;;;;OSS - Perorangan;;;invalid;;;FALSE;FALSE;TRUE;;;invalid;;;;;;sadurengas jaya abadi;0.90559768;1;1;SADURENGAS JAYA ABADI;Jl.RM.Noto Soenardi No.55;jl rm noto sunardi no 55;772;82;sadurengas jaya abadi jl rm noto sunardi no 55 kbli82;1;0;1;0;Aktif;JLRMNoto Sunardi No55;0;0;;;NAIK 0702 - 15.15 WITA;6401040004_0_0;-1.9163492;116.188558;0;0
15110;44287467;ARINI ANUGRAH ILLAHI;JL. SULTAN HASANUDDIN;6401040004;64;1;40;4;KALIMANTAN TIMUR;PASER;TANAH GROGOT;TANAH GROGOT;eyJpdiI6InE0S25YTjNaVjJwbWFuckRGdnYwOEE9PSIsInZhbHVlIjoiMmdTRlZnQVJMelZvL2ptMnh1VTF2dz09IiwibWFjIjoiYWM5ZDQyMmM5MDU1ZmY0MmEyMTg1ZDAxMjJlNjY1MWQwY2ZhYmRlMzRlMmNiNmQ1ODc4MzI5YTZhYWRiNTkwMCIsInRhZyI6IiJ9;;"[Kegiatan Usaha: -, Kategori: -, KBLI: 46100]; [Kegiatan Usaha: -, Kategori: -, KBLI: 23129]";;;;;OSS - Perorangan;;;invalid;;;FALSE;FALSE;TRUE;;;invalid;;;;;;arini anugrah illahi;0.856940959;1;1;ARINI ANUGRAH ILLAHI;JL. SULTAN HASANUDDIN;jl sultan hasanuddin;775;46;arini anugrah illahi jl sultan hasanuddin kbli46;1;0;1;0;Aktif;JL SULTAN HASANUDDIN;0;0;;;NAIK 0702 - 15.15 WITA;6401040004_0_0;-1.9199895;116.1951828;0;0
15138;49367125;SIMPUL MEDIA PASER;JALAN KANDILO BAHARI;6401040004;64;1;40;4;KALIMANTAN TIMUR;PASER;TANAH GROGOT;TANAH GROGOT;eyJpdiI6IkllRGpLWG1ON3lDMksvU3VQb0o4aVE9PSIsInZhbHVlIjoiSmJxb2d3SWtwdUFpVWVSeElMaDhGQT09IiwibWFjIjoiYzI2NTk2YTA0MzAxYWU4MGI1ZjI3MjlkZWM0YTBhZTYwMWFmYTU2MTg0Zjg1Y2MzMTZhZjMxZTNkZmM2NDdjMSIsInRhZyI6IiJ9;;"[Kegiatan Usaha: -, Kategori: -, KBLI: 73202]; [Kegiatan Usaha: -, Kategori: -, KBLI: 73100]; [Kegia...";;;;;OSS - Perorangan;;;invalid;;;FALSE;FALSE;TRUE;;;invalid;;;;;;simpul media paser;0.954847702;1;1;SIMPUL MEDIA PASER;JALAN KANDILO BAHARI;jalan kandilo bahari;777;73;simpul media paser jalan kandilo bahari kbli73;1;0;1;0;Aktif;JALAN KANDILO BAHARI;0;0;;;NAIK 0702 - 15.15 WITA;6401040004_0_0;-1.9177055;116.1972105;0;0
15151;42749125;SIMPUL MEDIA PASER;JALAN KANDILO BAHARI;6401040004;64;1;40;4;KALIMANTAN TIMUR;PASER;TANAH GROGOT;TANAH GROGOT;eyJpdiI6Ikw1MHhXWVN6bW9vVWpTMXg3SXlJb3c9PSIsInZhbHVlIjoiUlJDR3ZJQU41QUZuRmtPdkMvZzFuUT09IiwibWFjIjoiM2YxZWQyY2ZlMzQ1MjgyYTZhYjE0ZTYzZmU1MTdkZjc5OThlOGUyZDExZTFjMzZkNGI2OWUzMzE3MDRmNTc5NSIsInRhZyI6IiJ9;;"[Kegiatan Usaha: -, Kategori: -, KBLI: 58130]; [Kegiatan Usaha: -, Kategori: -, KBLI: 60202]; [Kegia...";;;;;OSS - Badan Usaha;;;invalid;;;FALSE;FALSE;TRUE;;;invalid;;;;;;simpul media paser;0.954847702;1;4;SIMPUL MEDIA PASER;JALAN KANDILO BAHARI;jalan kandilo bahari;777;58;simpul media paser jalan kandilo bahari kbli58;4;0;1;0;Aktif;JALAN KANDILO BAHARI;0;0;;;NAIK 0702 - 15.15 WITA;6401040004_0_0;-1.9177055;116.1972105;0;0
15162;47910277;WARZUQNI PERKASA;Jalan Sultan Abdurrahman Nomor 41;6401040004;64;1;40;4;KALIMANTAN TIMUR;PASER;TANAH GROGOT;TANAH GROGOT;eyJpdiI6InRVek5GczdjTXJiM1E4K0pvdVowRHc9PSIsInZhbHVlIjoiSHB5OGJEeWZlQnk1TGVEamptMU9hQT09IiwibWFjIjoiNzQzNDFhNGVlNjkzMTJiZGYwNjY1Y2E3MzY2YjM1NGFjNmNjNjBiMWMwM2ZiZjljYzQ3YTkwZmU5MGQyYWQzOCIsInRhZyI6IiJ9;;"[Kegiatan Usaha: -, Kategori: -, KBLI: 81210]; [Kegiatan Usaha: -, Kategori: -, KBLI: 01132]; [Kegia...";;;;;OSS - Perorangan;;;invalid;;;FALSE;FALSE;TRUE;;;invalid;;;;;;warzuqni perkasa;0.940885978;1;1;WARZUQNI PERKASA;Jalan Sultan Abdurrahman Nomor 41;jalan sultan abdurrahman nomor 41;778;81;warzuqni perkasa jalan sultan abdurrahman nomor 41 kbli81;1;0;1;0;Aktif;Jalan Sultan Abdurrahman Nomor 41;0;0;;;NAIK 0702 - 15.15 WITA;6401040004_0_0;-1.9049526;116.1910421;0;0
15176;47741052;SAMITRA KONSTRUKSI;Jalan Kandilo Bahari Gang Reformasi II;6401040004;64;1;40;4;KALIMANTAN TIMUR;PASER;TANAH GROGOT;TANAH GROGOT;eyJpdiI6ImpQeTk1TjAraE9lMG5SSFhaSHU1V0E9PSIsInZhbHVlIjoiYWlDdVhPeWl6ZTdxUmtrOHlUUzE4QT09IiwibWFjIjoiMDYzY2JiYjEyYWY0YjY4NGZiNGFiNDM2YTA3MmE5YzAwZGYyMTU5Nzc5MjJiOWJiZGJjZjViOThhZjgzOWZiNSIsInRhZyI6IiJ9;;"[Kegiatan Usaha: -, Kategori: -, KBLI: 41016]; [Kegiatan Usaha: -, Kategori: -, KBLI: 42101]; [Kegia...";;;;;OSS - Perorangan;;;invalid;;;FALSE;FALSE;TRUE;;;invalid;;;;;;samitra konstruksi;1;1;1;SAMITRA KONSTRUKSI;Jalan Kandilo Bahari Gang Reformasi II;jalan kandilo bahari gang reformasi ii;779;41;samitra konstruksi jalan kandilo bahari gang reformasi ii kbli41;1;0;1;0;Aktif;Jalan Kandilo Bahari Gang Reformasi II;0;0;;;NAIK 0702 - 15.15 WITA;6401040004_0_0;-1.9202149;116.1974816;0;0
15177;42744414;SAMITRA KONSTRUKSI;Jalan Kandilo Bahari Gang Reformasi II;6401040004;64;1;40;4;KALIMANTAN TIMUR;PASER;TANAH GROGOT;TANAH GROGOT;eyJpdiI6ImxGU3I2V0xueGQwZmZDRDF5SGtQZUE9PSIsInZhbHVlIjoiTGYvUi83T3U5OGN2cHJSQmdOZ3V2dz09IiwibWFjIjoiMDVkNzk4ZDNkN2M4MTZiZWM4MDZjYjBkZTljNzRkMjdiY2EyNGZiYzdmNzRkNDEyODYzMGUzYWRlNzEzOGRkMCIsInRhZyI6IiJ9;;"[Kegiatan Usaha: -, Kategori: -, KBLI: 41011]; [Kegiatan Usaha: -, Kategori: -, KBLI: 41016]; [Kegia...";;;;;OSS - Badan Usaha;;;invalid;;;FALSE;FALSE;TRUE;;;invalid;;;;;;samitra konstruksi;1;1;4;SAMITRA KONSTRUKSI;Jalan Kandilo Bahari Gang Reformasi II;jalan kandilo bahari gang reformasi ii;779;41;samitra konstruksi jalan kandilo bahari gang reformasi ii kbli41;4;0;1;0;Aktif;Jalan Kandilo Bahari Gang Reformasi II;0;0;;;NAIK 0702 - 15.15 WITA;6401040004_0_0;-1.9202149;116.1974816;0;0
15272;48994599;WAHYU NS MOTOR;Jl. RM. Noto Sunardi;6401040004;64;1;40;4;KALIMANTAN TIMUR;PASER;TANAH GROGOT;TANAH GROGOT;eyJpdiI6Ii9iYTBJTmdtU1NQY2FxVmFHQzRHL0E9PSIsInZhbHVlIjoiUzg4RlRZYjBWNFQ1TkxRWHh0UTFCdz09IiwibWFjIjoiZjM0MWE3OTlmNDNlNDhjYTg4ZDczYTlmZmY4YjhlMGY5Y2M5YjZhNWI3MTI2ZDBkZmIwOTIyYmIzYTI4NzMzOSIsInRhZyI6IiJ9;;"[Kegiatan Usaha: -, Kategori: -, KBLI: 45407]; [Kegiatan Usaha: -, Kategori: -, KBLI: 45302]; [Kegia...";;;;;OSS - Perorangan;;;invalid;;;FALSE;FALSE;TRUE;;;invalid;;;;;;wahyu ns motor;0.875351468;1;1;WAHYU NS MOTOR;Jl. RM. Noto Sunardi;jl rm noto sunardi;788;45;wahyu ns motor jl rm noto sunardi kbli45;1;0;1;0;Aktif;Jl RM Noto Sunardi;0;0;;;NAIK 0702 - 15.15 WITA;6401040004_0_0;-1.9163492;116.188558;0;0
15303;47417287;TANA TUTUS TUO;R A Kartini Nomor 32;6401040004;64;1;40;4;KALIMANTAN TIMUR;PASER;TANAH GROGOT;TANAH GROGOT;eyJpdiI6Imt0VEdUQmFwbUFPY092bGN1dk0yQ3c9PSIsInZhbHVlIjoiUjJqdDRWZUtOSnZCenJyYlMvSklxZz09IiwibWFjIjoiM2M4MTI4MGI4NWE0ZjlkODdjYjI0ZDhiMWEzMzIxYWQwY2I3NWM3MGExMmQxYjNkODAyZDljNDhiMGQzMjg5MCIsInRhZyI6IiJ9;;[Kegiatan Usaha: -, Kategori: -, KBLI: 08104];;;;;OSS - Perorangan;;;invalid;;;FALSE;FALSE;TRUE;;;invalid;;;;;;tana tutus tuo;1;1;1;TANA TUTUS TUO;R A Kartini Nomor 32;r a kartini nomor 32;790;8;tana tutus tuo r a kartini nomor 32 kbli08;1;0;1;0;Aktif;R A Kartini Nomor 32;0;0;;;NAIK 0702 - 15.15 WITA;6401040004_0_0;-1.908559;116.194651;0;0
15710;46044835;KANDILO BARITO INDONESIA;JL. HOS COKROAMINOTO ;6401040004;64;1;40;4;KALIMANTAN TIMUR;PASER;TANAH GROGOT;TANAH GROGOT;eyJpdiI6Ik1ZdHA5NUhQZUgxZk9Oc2RxVlZ5cmc9PSIsInZhbHVlIjoiM05JZHZQakFNbThMekFkZWZpVWpCZz09IiwibWFjIjoiNmY0OGFhYjU1YmI4YjYxNTU0ZjVlNjRlM2IzODE3YzQzMjM4MjI1OGE3ZjAwMTc0NzUwYzhlNGEyYmFlYTY3OSIsInRhZyI6IiJ9;;"[Kegiatan Usaha: -, Kategori: -, KBLI: 43120]; [Kegiatan Usaha: -, Kategori: -, KBLI: 49432]; [Kegia...";;;;;OSS - Perorangan;;;invalid;;;FALSE;FALSE;TRUE;;;invalid;;;;;;kandilo barito indonesia;0.919911823;1;1;KANDILO BARITO INDONESIA;JL. HOS COKROAMINOTO;jl hos cokroaminoto;822;43;kandilo barito indonesia jl hos cokroaminoto kbli43;1;0;1;0;Aktif;JL HOS COKROAMINOTO;0;0;;;NAIK 0702 - 15.15 WITA;6401040004_0_0;-1.9164426;116.1935221;0;0
15737;43989401;EVLOGIA ENGINEERING;JL. HOS COKROAMINOTO, GANG. KELUARGA;6401040004;64;1;40;4;KALIMANTAN TIMUR;PASER;TANAH GROGOT;TANAH GROGOT;eyJpdiI6IlltTVJDUWFScktvU3diSCt3RythMWc9PSIsInZhbHVlIjoiRTNaV1ZnTHpkTTZmOEtmZ3lianFRQT09IiwibWFjIjoiYWEzMTM1NWM3Y2VjNjRkMjA4YjNjNWE2N2JiNzA5ODZmOTVjYjAxMWViZGViM2UwY2Y5ZWU4Y2I0YzcxNDU1OCIsInRhZyI6IiJ9;;"[Kegiatan Usaha: -, Kategori: -, KBLI: 43211]; [Kegiatan Usaha: -, Kategori: -, KBLI: 42204]; [Kegia...";;;;;OSS - Perorangan;;;invalid;;;FALSE;FALSE;TRUE;;;invalid;;;;;;evlogia engineering;0.914462763;1;1;EVLOGIA ENGINEERING;JL. HOS COKROAMINOTO, GANG. KELUARGA;jl hos cokroaminoto gang keluarga;824;43;evlogia engineering jl hos cokroaminoto gang keluarga kbli43;1;0;1;0;Aktif;JL HOS COKROAMINOTO GANG KELUARGA;0;0;;;NAIK 0702 - 15.15 WITA;6401040004_0_0;-1.917499;116.194681;0;0
15876;42739876;PASER HEALTH CARE;Jl. Ahmad Yani No. 45;6401040004;64;1;40;4;KALIMANTAN TIMUR;PASER;TANAH GROGOT;TANAH GROGOT;eyJpdiI6Ii9UY1R2b3JvN2FxM203bkdHUUdsWFE9PSIsInZhbHVlIjoiR25TUS92WVc1OGRiRnEwdHdUVlZQQT09IiwibWFjIjoiOTJjMzMxY2QzM2ZhYjU4MThjZjM1NWZlOGIzMzU1MWVkZTliYjkxZjJhODFkM2VmYjBkY2Y3ZTQyZDY4Y2JkNyIsInRhZyI6IiJ9;;"[Kegiatan Usaha: -, Kategori: -, KBLI: 47721]; [Kegiatan Usaha: -, Kategori: -, KBLI: 47725]; [Kegia...";;;;;OSS - Badan Usaha;;;invalid;;;FALSE;FALSE;TRUE;;;invalid;;;;;;paser health care;0.898927609;1;1;PASER HEALTH CARE;Jl. Ahmad Yani No. 45;jl ahmad yani no 45;833;47;paser health care jl ahmad yani no 45 kbli47;1;0;1;0;Aktif;Jl Ahmad Yani No 45;0;0;;;NAIK 0702 - 15.15 WITA;6401040004_0_0;-1.9059806;116.1948311;0;0
16103;97334425;GREYYZIA SALON <RUQIAH>;KANDILO PLAZA;6401040004;64;1;40;4;KALIMANTAN TIMUR;PASER;TANAH GROGOT;TANAH GROGOT;eyJpdiI6InpjYUtZZFVseHNGOHJUK3NYcHdtZGc9PSIsInZhbHVlIjoiN05LS2wvMXpFeVRMY0RTWEd1YVp2UT09IiwibWFjIjoiNjM3NWJlZWFmZDhjMDc4OTEwNjEwMGExMGIyM2E4MzgzZTg4ZmRlNzAyZjg2MzI0MWU5ODY0M2JkMTAzMDc3MSIsInRhZyI6IiJ9;;"[Kegiatan Usaha: SALON, Kategori: S, KBLI: 96112]; [Kegiatan Usaha: SALON KECANTIKAN, Kategori: S, K...";;;46006;UMKM;;;;invalid;;;FALSE;FALSE;TRUE;;;invalid;;;;;;greyyzia salon ruqiah;0.873653268;1;4;SALON GREEZYA <RUKIYAH>;Kandilo plaza, RT 1/RW 1;kandilo plaza;846;96;greyyzia salon ruqiah kandilo plaza kbli96;1;0;1;1;Aktif;KANDILO PLAZA;0;0;;;NAIK 0702 - 15.15 WITA;6401040004_0_0;-1.9134543;116.1929204;0;0
6757;17096393;CV. MIRA JASA TEKNIK;Perum Jone Indah Blok F, No.09, RT. 004 Jone, Tanah Grogot;6401040009;64;1;40;9;KALIMANTAN TIMUR;PASER;TANAH GROGOT;JONE;eyJpdiI6ImtSd2tqanBDR2VOUmFLNTlBMTdEUXc9PSIsInZhbHVlIjoieXZ4S0VZOS9pWGIxc3JtVGwwa1hOdz09IiwibWFjIjoiNmUwNjJkOTgwZTMxMjgzOTY5MjQ0NmFmZjQwZjQ0ZjU5MzI5YTJiMmNhZmM3MDIyODI3ZjIzNDEyOWU0NDllZiIsInRhZyI6IiJ9;;;;;46006;;;;;invalid;;;FALSE;FALSE;TRUE;;;invalid;;;;;;mira jasa teknik;0;0;0;;;perum jone indah blok f no 09 rt 004 jone tanah grogot;;0;mira jasa teknik perum jone indah blok f no 09 rt 004 jone tanah grogot kbli00;1;0;1;0;Perlu Konfirmasi;Perum Jone Indah Blok F No09 RT 004 Jone Tanah Grogot;4;0;1;;NAIK 0702 - 15.15 WITA;6401040009_4_0;-1.90044;116.202163;0;0
85;97341287;JUAL IKAN (H RONI);JL UNTUNG SUROPATI PASAR DESA;6401040009;64;1;40;9;KALIMANTAN TIMUR;PASER;TANAH GROGOT;JONE;eyJpdiI6IkJKRldONFhTaEFQS3hZQ3NBN2lqakE9PSIsInZhbHVlIjoiRzBFbHo3L1VlMTFSSEZ6QTJ6d3BoQT09IiwibWFjIjoiZjczZDUxOGVkZTc0ODk0NWY5ODdkOWRlMGY3Y2QyYjYwODcyMmFlMmExMzU5YTQ3MWU0MjVlYmMzOWE1MzQ2ZiIsInRhZyI6IiJ9;;[Kegiatan Usaha: -, Kategori: G, KBLI: 47815];;;46006;UMKM;;;;invalid;;;FALSE;FALSE;TRUE;;;invalid;;;;;;jual ikan h roni;0.800673656;1;1;JUAL IKAN (NURLIAH);JL UNTUNG SUROPATI PASAR DESA JONE;jl untung suropati pasar desa;1;47;jual ikan h roni jl untung suropati pasar desa kbli47;1;0;1;0;Aktif;JL UNTUNG SUROPATI PASAR DESA;0;0;;1;NAIK 0702 - 15.15 WITA;6401040009_0_0;-1.9044159;116.2055345;0;0
478;2848369;NADIA BAKERY;Jalan Untung Suropati H1 No. 04 RT. 009;6401040009;64;1;40;9;KALIMANTAN TIMUR;PASER;TANAH GROGOT;JONE;eyJpdiI6InU3RnZaYXN3dnpBVmRzVTcvcWYzcnc9PSIsInZhbHVlIjoiSjFZa2VBOE5mN204SmVOYVZHR0dyUT09IiwibWFjIjoiZGVhZjllMjkwOTM4NTA0NGE0ZTM3MzQ2NDE0ZTdkZTkxZGZhMWE4YTMxYzFhODgxODJmYmZkZWFmNjVhMWVhYyIsInRhZyI6IiJ9;;[Kegiatan Usaha: -, Kategori: I, KBLI: 56210];;;45956;UMKM;Dir Pajak;;;invalid;;;FALSE;FALSE;TRUE;;;invalid;;;;;;nadia bakery;0.943470743;1;1;NADIA BAKERY;Jalan Untung Suropati H1 No. 04;jalan untung suropati h1 no 04 rt 009;5;56;nadia bakery jalan untung suropati h1 no 04 rt 009 kbli56;1;0;1;0;Aktif;Jalan Untung Suropati H1 No 04 RT 009;9;0;;;NAIK 0702 - 15.15 WITA;6401040009_9_0;-1.8979;116.20379;0;0
536;2879665;PKBM TUNAS KARTINI;Jl. Untung Suropati KM. 05 RT. 07;6401040009;64;1;40;9;KALIMANTAN TIMUR;PASER;TANAH GROGOT;JONE;eyJpdiI6ImFLL2JpSHk0ZlpZWVdmMnlzWklzU3c9PSIsInZhbHVlIjoiSVJES2hKeGNHVlN1bEJMM0F3WEV2UT09IiwibWFjIjoiOTQ3MGY4OTAwY2MzOTljODgyY2E5MGFiZWY3MDhjMTQ4OTIxNzkxZWMyYTE2OTE2NjYzN2ZmOGQ2ODZmNWFmYyIsInRhZyI6IiJ9;;[Kegiatan Usaha: -, Kategori: P, KBLI: 85133];;;45956;UMKM;Dir Pajak;;;invalid;;;FALSE;FALSE;TRUE;;;invalid;;;;;;pkbm tunas kartini;0.978643751;1;1;PKBM TUNAS KARTINI;JL. Untung Suropati KM. 05;jl untung suropati km 05 rt 07;6;85;pkbm tunas kartini jl untung suropati km 05 rt 07 kbli85;1;0;1;0;Aktif;Jl Untung Suropati KM 05 RT 07;7;0;;;NAIK 0702 - 15.15 WITA;6401040009_7_0;-1.88202;116.223205;0;0
965;6585008;BATU BATA <IBNU>;RT 013;6401040009;64;1;40;9;KALIMANTAN TIMUR;PASER;TANAH GROGOT;JONE;eyJpdiI6InY3NDFoUE5DUmREbUNnVnowT05PeEE9PSIsInZhbHVlIjoiRXBjN2xaUDErY0V5QVRDNk84eHRZdz09IiwibWFjIjoiZDFkYjBiYjE4MDdhNzFhYTgwZmM0NTI3YWFkNzdmYmViYzY5ZDJjN2M0M2RkZWZhOTI4NjgxOTNkMmRlNDNiMSIsInRhZyI6IiJ9;;[Kegiatan Usaha: BATU BATA BATU BATA (Bahan: TANAH LIAT), Kategori: C, KBLI: 23921];;;45693;UMKM;;;;invalid;;;FALSE;FALSE;TRUE;;;invalid;;;;;;batu bata ibnu;0.946823519;1;1;BATU BATA <MUNIR>;RT 013;rt 013;12;23;batu bata ibnu rt 013 kbli23;1;0;1;1;Aktif;RT 013;13;0;;;NAIK 0702 - 15.15 WITA;6401040009_13_0;-1.85236;116.222954;0;0
977;6585009;BATU BATA <MUNIR>;RT 013;6401040009;64;1;40;9;KALIMANTAN TIMUR;PASER;TANAH GROGOT;JONE;eyJpdiI6IkF0ZGQ5eFJyV3A0SXRqQTdnUGJlS0E9PSIsInZhbHVlIjoiVVYzemIxYnlEcjZKSU1wdm1meGlEQT09IiwibWFjIjoiMzAzOWE4Y2E5ZTdjZmFmNWQ0MDE1MDU5MzY1ZDcwMDljNDRhNmZhYzE0YmI1NzEzNDYwYmE4YzZkOTdiOGE3OSIsInRhZyI6IiJ9;;[Kegiatan Usaha: BATU BATA BATU BATA (Bahan: TANAH LIAT,KAYU BAKAR), Kategori: C, KBLI: 23921];;;46006;UMKM;;;;invalid;;;FALSE;FALSE;TRUE;;;invalid;;;;;;batu bata munir;0.946823519;1;4;BATU BATA <IBNU>;RT 013;rt 013;12;23;batu bata munir rt 013 kbli23;1;0;1;1;Aktif;RT 013;13;0;;;NAIK 0702 - 15.15 WITA;6401040009_13_0;-1.85236;116.222954;0;0
3229;18345930;NAGARA DAHA TRAVEL;Gg Merawin 9 Jln Untung Suropati Rt 012 Rw 000;6401040009;64;1;40;9;KALIMANTAN TIMUR;PASER;TANAH GROGOT;JONE;eyJpdiI6IlZuTUhSdVFOMm1KT1NpRzc2bFZjQXc9PSIsInZhbHVlIjoiZTlITGxIRytkVWkwWlhvenA0ZTB6Zz09IiwibWFjIjoiZTIwMzkwZTQxYzM0MmM0MzU4ZjA0OWRkNWE3NDNlNjI3MWJkZmE2YzcyOGFjYjFlN2FhNTI4MTdlOWE5ZDJmNiIsInRhZyI6IiJ9;;"[Kegiatan Usaha: Aktivitas Biro Perjalanan Ibadah Umroh dan Haji Khusus, Kategori: , KBLI: 79122]; [...";;;45985;;OSS - Badan Usaha;;;invalid;;;FALSE;FALSE;TRUE;;;invalid;;;;;;nagara daha travel;0.932567036;1;1;NAGARA DAHA TRAVEL;GG MERAWIN 9 JLN UNTUNG SUROPATI;gg merawin 9 jln untung suropati rt 012 rw 000;32;79;nagara daha travel gg merawin 9 jln untung suropati rt 012 rw 000 kbli79;1;0;1;0;Aktif;Gg Merawin 9 Jln Untung Suropati Rt 012 Rw 000;12;0;;;NAIK 0702 - 15.15 WITA;6401040009_12_0;-1.89214;116.206914;0;0
3359;17366315;NARADA REKA TAMA;Perumnas Jone 2 Blok C no.94 RT.007 RW.000;6401040009;64;1;40;9;KALIMANTAN TIMUR;PASER;TANAH GROGOT;JONE;eyJpdiI6InhCODEwU1BZcWhEYXV1bE1TNjhTbEE9PSIsInZhbHVlIjoiQzB4T3RDbFhZWXpsWVZURGVweVAxUT09IiwibWFjIjoiYzgzMzVkMTQzMGIwZGJmMDhiOWYzNGNiODE2NjRmNDg3NTNjODNkOGRkYTE1YTgxODU2M2YwYTE2NGViZTFkMiIsInRhZyI6IiJ9;;;;;45948;;Tambahan Daerah s.d 31 Desember 2025;;;invalid;;;FALSE;FALSE;TRUE;;;invalid;;;;;;narada reka tama;0.866181299;1;1;NARADA REKA TAMA;Perumnas Jone 2 , Blok C No 94;perumnas jone 2 blok c no 94 rt 007 rw 000;33;0;narada reka tama perumnas jone 2 blok c no 94 rt 007 rw 000 kbli00;1;0;1;0;Aktif;Perumnas Jone 2 Blok C no94 RT007 RW000;7;0;1;;NAIK 0702 - 15.15 WITA;6401040009_7_0;-1.88202;116.223205;0;0
3900;26454467;SULASTRI;Jl Untung Suropati Rt 01;6401040009;64;1;40;9;KALIMANTAN TIMUR;PASER;TANAH GROGOT;JONE;eyJpdiI6ImsvdkV5TzRZTnd1dVVZMXVicVlvS0E9PSIsInZhbHVlIjoiZWVZT05YSVJ1Vk5mV3ljMFJ1Q1JPQT09IiwibWFjIjoiNzNmMDIwYzFiNjNiZmI1ZGEwMjY5YmVlZjRkNDJiNGNhMWNkNWQ0OTI0YzUwMmRiMWFjYzBkNjczODU4ZTU2YyIsInRhZyI6IiJ9;;"[Kegiatan Usaha: -, Kategori: -, KBLI: 10799]; [Kegiatan Usaha: -, Kategori: -, KBLI: 56104]";;;46006;;OSS - Perorangan;;;invalid;;;FALSE;FALSE;TRUE;;;invalid;;;;;;sulastri;0.864426641;1;1;SULASTRI;JL. Untung Suropati;jl untung suropati rt 01;37;10;sulastri jl untung suropati rt 01 kbli10;1;0;1;0;Aktif;Jl Untung Suropati Rt 01;1;0;;;NAIK 0702 - 15.15 WITA;6401040009_1_0;-1.88218;116.206753;0;0
43;97341496;MADRASAH IBTIDAIYAH AL IHSAN;JL. SENAKEN RT 4;6401040016;64;1;40;16;KALIMANTAN TIMUR;PASER;TANAH GROGOT;SENAKEN;eyJpdiI6IjVGNUQxNENJeGd6eEF1OGs5Y05LelE9PSIsInZhbHVlIjoiMURrRE9wRkxXY3VBc0laM2UzeVF5Zz09IiwibWFjIjoiMjAzMjRhZmJhOTNkZjA5NzNmMzIwODgyN2QxNDk4MmEzYWQ3NGMxMGYzMTc4MWZhNTQyZmI1ZjdmMmQ5ZjE4MSIsInRhZyI6IiJ9;;[Kegiatan Usaha: -, Kategori: P, KBLI: 85121];;;45835;UMKM;;;;invalid;;;FALSE;FALSE;TRUE;;;invalid;;;;;;madrasah ibtidaiyah al ihsan;0.824028986;1;1;MADRASAH ALIYAH AL IHSAN;JL. SENAKEN RT.04;jl senaken rt 4;0;85;madrasah ibtidaiyah al ihsan jl senaken rt 4 kbli85;1;0;1;0;Aktif;JL SENAKEN RT 4;4;0;;;NAIK 0702 - 15.15 WITA;6401040016_4_0;-1.90267;116.204881;0;0
44;97341472;MADRASAH ALIYAH AL IHSAN;JL. SENAKEN RT.04;6401040016;64;1;40;16;KALIMANTAN TIMUR;PASER;TANAH GROGOT;SENAKEN;eyJpdiI6IkVPNkdzcjMvT29JSFJqU3YvcUJyRWc9PSIsInZhbHVlIjoiVTFCWUthdzVBZmtYQTkxeVJsZWFzQT09IiwibWFjIjoiMTkxNGYxM2E1ZDE1OTNkZDQzMmQzZDBhYzc3NTkyYmZkNDdiODY3ODllNzZkMGIyYmYxMTg1NTNiNjM0NTE5MyIsInRhZyI6IiJ9;;[Kegiatan Usaha: -, Kategori: P, KBLI: 85220];;;45835;UMKM;;;;invalid;;;FALSE;FALSE;TRUE;;;invalid;;;;;;madrasah aliyah al ihsan;0.824028986;1;4;MADRASAH IBTIDAIYAH AL IHSAN;JL. SENAKEN RT 4;jl senaken rt 04;0;85;madrasah aliyah al ihsan jl senaken rt 04 kbli85;4;0;1;0;Aktif;JL SENAKEN RT04;4;0;;;NAIK 0702 - 15.15 WITA;6401040016_4_0;-1.90267;116.204881;0;0
214;97341603;DEPO AIR MINERAL (SUWARNO);Jl. Senaken RT. 11;6401040016;64;1;40;16;KALIMANTAN TIMUR;PASER;TANAH GROGOT;SENAKEN;eyJpdiI6IkJQdktLWmMwUEhFUXhyN0pFZG1WUVE9PSIsInZhbHVlIjoiWTRpSUJ1YkJNcjAxSENicnhZSUVOUT09IiwibWFjIjoiYjVjMmIxNmZkNTE1ZTk0ZDM1NGM4NzdmZWUzOTA4N2IwMDNkN2VmNzIzYWFhYjk5ZTY3MDQ2YTI5NzE4MWEzNSIsInRhZyI6IiJ9;;[Kegiatan Usaha: -, Kategori: C, KBLI: 11052];;;45698;UMKM;;;;invalid;;;FALSE;FALSE;TRUE;;;invalid;;;;;;depo air mineral suwarno;0.828770961;1;1;depo air minum ammsa <suwarno>;jln senaken, RT 11/RW 0;jl senaken rt 11;3;11;depo air mineral suwarno jl senaken rt 11 kbli11;1;0;1;0;Aktif;Jl Senaken RT 11;11;0;;;NAIK 0702 - 15.15 WITA;6401040016_11_0;-1.89636;116.208463;0;0
449;6396174;BORNEO BELVA ADINATA, PT;JL SENAKEN GG ALAM PERMAI NO 088;6401040016;64;1;40;16;KALIMANTAN TIMUR;PASER;TANAH GROGOT;SENAKEN;eyJpdiI6IkZSYm92R05JZ1NncEVtNGNGeVZacmc9PSIsInZhbHVlIjoiVEpTbmtQTVE1Um1oMk9zdG1vbXhUUT09IiwibWFjIjoiM2UzMzVmZGIyMmY0OThkM2MxOWJkNTYxYTJmYjRlZjIwYzdlODlhYmU3MzJjMGU0ZjA1OGI3ZmVhYzlhNzVhZSIsInRhZyI6IiJ9;;[Kegiatan Usaha: -, Kategori: F, KBLI: 42101];;;45665;UMKM;;;;invalid;;;FALSE;FALSE;TRUE;;;invalid;;;;;;borneo belva adinata;0.804715765;1;4;BORNEO BELVA ADINATA ,PT;Jl. Senaken Gg. Alam Permai No. 088 Kel. Senaken Tanah Grogot;jl senaken gg alam permai no 088;4;42;borneo belva adinata jl senaken gg alam permai no 088 kbli42;4;0;0;0;Aktif;JL SENAKEN GG ALAM PERMAI NO 088;0;0;;;NAIK 0702 - 15.15 WITA;6401040016_0_0;-1.9011886;116.2084785;0;0
525;97341671;PENJUAL AYAM KAMPUNG DAN POTONG (NASRIAH);PASAR INDUK SENAKEN;6401040016;64;1;40;16;KALIMANTAN TIMUR;PASER;TANAH GROGOT;SENAKEN;eyJpdiI6ImtyVllpQWVMR2k1Vlp0S2ZBRGYrQlE9PSIsInZhbHVlIjoib2RSY0JIbEpkTEFQVDl0YkU0RzZIUT09IiwibWFjIjoiMmVjNzc5YTYxNGUxYzFiNDdiMTI4YjEyMzI4ZGQ0MWY3NmM4ODFhNTAyOTgwMTM0NWU2MGQ5MWMzMWZhNzMwYiIsInRhZyI6IiJ9;;[Kegiatan Usaha: -, Kategori: G, KBLI: 47214];;;45990;UMKM;;;;invalid;;;FALSE;FALSE;TRUE;;;invalid;;;;;;penjual ayam kampung dan potong nasriah;0.82815126;1;1;PENJUAL AYAM KAMPUNG DAN POTONG (HERMIN);PASAR INDUK SENAKEN;pasar induk senaken;6;47;penjual ayam kampung dan potong nasriah pasar induk senaken kbli47;1;0;1;0;Aktif;PASAR INDUK SENAKEN;0;0;;1;NAIK 0702 - 15.15 WITA;6401040016_0_0;-1.9044159;116.2055345;0;0
527;97341672;PENJUAL AYAM KAMPUNG DAN POTONG (HERMIN);PASAR INDUK SENAKEN;6401040016;64;1;40;16;KALIMANTAN TIMUR;PASER;TANAH GROGOT;SENAKEN;eyJpdiI6IkV6a1JLSnFKRmpZeFZYN0ZHckxrU1E9PSIsInZhbHVlIjoiMVVpZEh1dXdaUnRSOU1TdjU4Y3RjUT09IiwibWFjIjoiNDJlODBmMDljMWZjMTg0MjE2MTQwM2ZkODBmYzU3MWRlMjNjMDgyMzI1NGY5ZTUxYTVmZTNjMjM1Y2EyNDM4MiIsInRhZyI6IiJ9;;[Kegiatan Usaha: menjual ayam potong di pasar, Kategori: G, KBLI: 47214];;;45990;UMKM;;;;invalid;;;FALSE;FALSE;TRUE;;;invalid;;;;;;penjual ayam kampung dan potong hermin;0.82815126;1;4;PENJUAL AYAM KAMPUNG DAN POTONG (NASRIAH);PASAR INDUK SENAKEN;pasar induk senaken;6;47;penjual ayam kampung dan potong hermin pasar induk senaken kbli47;4;0;1;0;Aktif;PASAR INDUK SENAKEN;0;0;;1;NAIK 0702 - 15.15 WITA;6401040016_0_0;-1.9044159;116.2055345;0;0
585;97341471;PEDAGANG ROTI (DIMAS BAYU PRATAMA);JL SENAKEN GG ALAM PERMAI;6401040016;64;1;40;16;KALIMANTAN TIMUR;PASER;TANAH GROGOT;SENAKEN;eyJpdiI6IjZRWkFtT3pJd2pBZTBsbVFiN1ZHdFE9PSIsInZhbHVlIjoiVFF6WXRhQUVpT3R1djAwWmVXQzlJQT09IiwibWFjIjoiODJlNTQxNWEyN2Y0N2NhMzhlZTIzNDE4NDNiZTc5ZWU4ZjcxM2ExNDViYzRhMGY0NDAyOGM2ZjlhYzgyNGI2OCIsInRhZyI6IiJ9;;[Kegiatan Usaha: -, Kategori: G, KBLI: 47242];;;46006;UMKM;;;;invalid;;;FALSE;FALSE;TRUE;;;invalid;;;;;;pedagang roti dimas bayu pratama;0.864267577;1;1;DIMAS BAYU PRATAMA ;Jl.senaken gg.alam permai;jl senaken gg alam permai;7;47;pedagang roti dimas bayu pratama jl senaken gg alam permai kbli47;1;0;1;0;Aktif;JL SENAKEN GG ALAM PERMAI;0;0;;;NAIK 0702 - 15.15 WITA;6401040016_0_0;-1.9011886;116.2084785;0;0
631;30078139;DIMAS BAYU PRATAMA ;Jl.senaken gg.alam permai;6401040016;64;1;40;16;KALIMANTAN TIMUR;PASER;TANAH GROGOT;SENAKEN;eyJpdiI6IlovMTBRYXBhdEtDdHFuVnBYaEFwbWc9PSIsInZhbHVlIjoiR0dsbjVtZUI4NE5NVTR2NzQ5Y3JqZz09IiwibWFjIjoiMzA1NTc2MDY2OTIxOTFiOGY4ODhjZTA1ODY5NmM2NWQwN2YxOWJiYTExYTFiMTJmNmI2ZWM5MDliOGI2MWQ3ZSIsInRhZyI6IiJ9;;"[Kegiatan Usaha: -, Kategori: -, KBLI: 47242]; [Kegiatan Usaha: -, Kategori: -, KBLI: 10710]; [Kegia...";;;45985;;OSS - Perorangan;;;invalid;;;FALSE;FALSE;TRUE;;;invalid;;;;;;dimas bayu pratama;0.864267577;1;4;PEDAGANG ROTI (DIMAS BAYU PRATAMA);JL SENAKEN GG ALAM PERMAI;jl senaken gg alam permai;7;47;dimas bayu pratama jl senaken gg alam permai kbli47;4;0;1;0;Aktif;Jlsenaken ggalam permai;0;0;;;NAIK 0702 - 15.15 WITA;6401040016_0_0;-1.9011886;116.2084785;0;0
656;97341477;TOKO SEMBAKO TOYIB;PASAR INDUK SENAKEN BLOK LOS HAMPARAN SAYUR;6401040016;64;1;40;16;KALIMANTAN TIMUR;PASER;TANAH GROGOT;SENAKEN;eyJpdiI6IjAzckZZMTU0aFhpYk9yWW9lbjE0T0E9PSIsInZhbHVlIjoiQjNLaUxTY05PSVBROFltWGtmS2dKZz09IiwibWFjIjoiNjBiYTQzYjVjZjEzNzA5YzMxMGQxMDk5MThkODViZDY2MzI2NjYyNzJiNTNkODE3YWE4MzQxYjc4NGI2NjBjZCIsInRhZyI6IiJ9;;[Kegiatan Usaha: -, Kategori: G, KBLI: 47112];;;46006;UMKM;;;;invalid;;;FALSE;FALSE;TRUE;;;invalid;;;;;;sembako toyib;0.891892115;1;1;TOKO SEMBAKO <YANTI>;PASAR INDUK SENAKEN BLOK LOS HAMPARAN SAYUR;pasar induk senaken blok los hamparan sayur;8;47;sembako toyib pasar induk senaken blok los hamparan sayur kbli47;1;0;1;0;Aktif;PASAR INDUK SENAKEN BLOK LOS HAMPARAN SAYUR;0;0;;1;NAIK 0702 - 15.15 WITA;6401040016_0_0;-1.9044159;116.2055345;0;0
672;5373485;TOKO SEMBAKO <YANTI>;PASAR INDUK SENAKEN BLOK LOS HAMPARAN SAYUR;6401040016;64;1;40;16;KALIMANTAN TIMUR;PASER;TANAH GROGOT;SENAKEN;eyJpdiI6ImdQWWZIa0JaK3IrTE5lOUVyQXlldWc9PSIsInZhbHVlIjoiMXludk43SnVacm11MmFZci9UQzVsQT09IiwibWFjIjoiZTZhNjcxY2E1OGMzNDE3MGRiOTdhMDA0OGYwMmViZTNlMGE0ZTQ4ZjQwMDA3MzdhYzBjYjU0YTNmNzZkZjZhNSIsInRhZyI6IiJ9;;[Kegiatan Usaha: PEDAGANG ECERAN BERAS, Kategori: G, KBLI: 47241];;;46006;UMKM;;;;invalid;;;FALSE;FALSE;TRUE;;;invalid;;;;;;sembako yanti;0.891892115;1;4;TOKO SEMBAKO TOYIB;PASAR INDUK SENAKEN BLOK LOS HAMPARAN SAYUR;pasar induk senaken blok los hamparan sayur;8;47;sembako yanti pasar induk senaken blok los hamparan sayur kbli47;1;0;1;1;Aktif;PASAR INDUK SENAKEN BLOK LOS HAMPARAN SAYUR;0;0;;1;NAIK 0702 - 15.15 WITA;6401040016_0_0;-1.9044159;116.2055345;0;0
701;97341490;PEDAGANG PAKAIAN (SANTI);PASAR INDUK SENAKEN;6401040016;64;1;40;16;KALIMANTAN TIMUR;PASER;TANAH GROGOT;SENAKEN;eyJpdiI6IkcvbWpvbE53bXJ1V0d5NFRMOTd4K1E9PSIsInZhbHVlIjoiYjF0eFpDQm9wRFlIalVHdDJHNW5uUT09IiwibWFjIjoiODMzMDY3YTdkYzk2Njc0MWFlNTE3NDA1NmI2NTAzZjM2ZTNiNmQ1YWM2YjdkODg5MzJiYzQyYzNkMTEwY2MzZSIsInRhZyI6IiJ9;;[Kegiatan Usaha: -, Kategori: G, KBLI: 47711];;;46006;UMKM;;;;invalid;;;FALSE;FALSE;TRUE;;;invalid;;;;;;pedagang pakaian santi;0.824146458;1;1;PEDAGANG PAKAIAN <SAMANI>;PASAR INDUK SENAKEN;pasar induk senaken;9;47;pedagang pakaian santi pasar induk senaken kbli47;1;0;1;0;Aktif;PASAR INDUK SENAKEN;0;0;;1;NAIK 0702 - 15.15 WITA;6401040016_0_0;-1.9044159;116.2055345;0;0
719;5373508;PEDAGANG PAKAIAN <SAMANI>;PASAR INDUK SENAKEN;6401040016;64;1;40;16;KALIMANTAN TIMUR;PASER;TANAH GROGOT;SENAKEN;eyJpdiI6InFhUHhXSS8ydEFsZGVUYjNzdXB5cUE9PSIsInZhbHVlIjoiZjUrOEJmNkNJQTFZSy9vTXE1ZlFsZz09IiwibWFjIjoiNjU1MzRkYzI1YTIzZTY1MTY4Y2U1OGE1MDc1MDVhYjdiZTQ0NDUxMmZjMDkyNjUzY2I4YjRkN2MwZDMzMTE0NiIsInRhZyI6IiJ9;;[Kegiatan Usaha: PEDAGANG PAKAIAN (AHMAD SAMANI) ECERAN, Kategori: G, KBLI: 47711];;;46006;UMKM;;;;invalid;;;FALSE;FALSE;TRUE;;;invalid;;;;;;pedagang pakaian samani;0.824146458;1;4;PEDAGANG PAKAIAN (SANTI);PASAR INDUK SENAKEN;pasar induk senaken;9;47;pedagang pakaian samani pasar induk senaken kbli47;1;0;1;1;Aktif;PASAR INDUK SENAKEN;0;0;;1;NAIK 0702 - 15.15 WITA;6401040016_0_0;-1.9044159;116.2055345;0;0
775;97341495;WARUNG MINUM KOPI(NOOR ASWANAH);KOMPLEK PASAR PENAMPUNGAN SENAKEN;6401040016;64;1;40;16;KALIMANTAN TIMUR;PASER;TANAH GROGOT;SENAKEN;eyJpdiI6IjB1ZFgxa3pwdjc1TnRlWXVGUjJkcGc9PSIsInZhbHVlIjoiUWR5UmExSFNCVjhHZ0NKUVFaSzRPQT09IiwibWFjIjoiNTU2YmUyOTNiZmFjODgzMjhiZmRhNTFiZWE4MDM5ODJiMmE1MmE0NTY5MjM2NjM4YjJlNDRjZDZiNGIxYTY4YiIsInRhZyI6IiJ9;;[Kegiatan Usaha: -, Kategori: I, KBLI: 56304];;;46006;UMKM;;;;invalid;;;FALSE;FALSE;TRUE;;;invalid;;;;;;minum kopi noor aswanah;0.83979169;1;1;WARUNG MINUM KOPI <DWI WULANDARI>;KOMPLEK PASAR PENAMPUNGAN SENAKEN;komplek pasar penampungan senaken;10;56;minum kopi noor aswanah komplek pasar penampungan senaken kbli56;1;0;1;0;Aktif;KOMPLEK PASAR PENAMPUNGAN SENAKEN;0;0;;1;NAIK 0702 - 15.15 WITA;6401040016_0_0;-1.9044159;116.2055345;0;0
810;5714702;WARUNG MINUM KOPI <DWI WULANDARI>;KOMPLEK PASAR PENAMPUNGAN SENAKEN;6401040016;64;1;40;16;KALIMANTAN TIMUR;PASER;TANAH GROGOT;SENAKEN;eyJpdiI6IlkvZVZpcUloSTN3NWVydHMvT3kra0E9PSIsInZhbHVlIjoicm4xRkpWSENHTUxYbWNNeGRwaTdEQT09IiwibWFjIjoiYzA0MjA4MzUwZGViODg5MzQwNjEyOTY1NDQ5MGZiZDY2MWUzMzllNjQwNTM0YTRkZjU3YTFjOTljOTFlZDYzMCIsInRhZyI6IiJ9;;[Kegiatan Usaha: JUAL ANEKA MINUMAN, Kategori: I, KBLI: 56304];;;46006;UMKM;;;;invalid;;;FALSE;FALSE;TRUE;;;invalid;;;;;;minum kopi dwi wulandari;0.83979169;1;4;WARUNG MINUM KOPI(NOOR ASWANAH);KOMPLEK PASAR PENAMPUNGAN SENAKEN;komplek pasar penampungan senaken;10;56;minum kopi dwi wulandari komplek pasar penampungan senaken kbli56;1;0;1;1;Aktif;KOMPLEK PASAR PENAMPUNGAN SENAKEN;0;0;;1;NAIK 0702 - 15.15 WITA;6401040016_0_0;-1.9044159;116.2055345;0;0
872;97341545;PEDAGANG SEMBAKO (MIAN);PASAR INDUK SENAKEN BLOK LOS HAMPARAN SAYUR NO. 316;6401040016;64;1;40;16;KALIMANTAN TIMUR;PASER;TANAH GROGOT;SENAKEN;eyJpdiI6InpkM0YvNWFUQ2ZlTUJHaTJMTXlNWnc9PSIsInZhbHVlIjoieERPK1plM1p4eHNONFNSRXZRRmd5Zz09IiwibWFjIjoiYmNiODc1NWUzOGNlNzczZGMwOTQyZWU4NDFhMzY3ZDA2NjBmODNlMWVmZWFlYzRjZDMyZTZjYWMzM2I1YjJhYyIsInRhZyI6IiJ9;;[Kegiatan Usaha: -, Kategori: G, KBLI: 47112];;;46006;UMKM;;;;invalid;;;FALSE;FALSE;TRUE;;;invalid;;;;;;pedagang sembako mian;0.889053229;1;1;PEDAGANG SEMBAKO (TUGIO);Pasar induk senaken block los hamparan sayur no. 271-274;pasar induk senaken blok los hamparan sayur no 316;11;47;pedagang sembako mian pasar induk senaken blok los hamparan sayur no 316 kbli47;1;0;1;0;Aktif;PASAR INDUK SENAKEN BLOK LOS HAMPARAN SAYUR NO 316;0;0;;1;NAIK 0702 - 15.15 WITA;6401040016_0_0;-1.9044159;116.2055345;0;0
930;97341558;IKAN BASAH (ANTO);PASAR INDUK SENAKEN;6401040016;64;1;40;16;KALIMANTAN TIMUR;PASER;TANAH GROGOT;SENAKEN;eyJpdiI6Ik1iQ0x4RDJLajh6Yks1NnZEMXRaS3c9PSIsInZhbHVlIjoiUG1MMGsxSEhuWWtLdGlqN3o2b0ZQUT09IiwibWFjIjoiNTU4N2U0NjhlOTk0Njk2ODM1YzIwMzQ2NTJlZmE2MzQxMzMxYTQ4YmRjZmRhYzA3OTVkNzNiMGY4NjFiMWIyZSIsInRhZyI6IiJ9;;[Kegiatan Usaha: -, Kategori: G, KBLI: 47215];;;46006;UMKM;;;;invalid;;;FALSE;FALSE;TRUE;;;invalid;;;;;;ikan basah anto;0.8214887;1;1;IKAN BASAH (SEPU);PASAR INDUK SENAKEN;pasar induk senaken;12;47;ikan basah anto pasar induk senaken kbli47;1;0;1;0;Aktif;PASAR INDUK SENAKEN;0;0;;1;NAIK 0702 - 15.15 WITA;6401040016_0_0;-1.9044159;116.2055345;0;0
934;97341549;IKAN BASAH (SEPU);PASAR INDUK SENAKEN;6401040016;64;1;40;16;KALIMANTAN TIMUR;PASER;TANAH GROGOT;SENAKEN;eyJpdiI6InUzRVkxZEw0bStuYmhhL0xPTlVmcmc9PSIsInZhbHVlIjoiYmc2dlpBVk03ZXdUQUROVmN5Y294Zz09IiwibWFjIjoiM2JmNzMzNDQ0YWVhZWNlYTgxYjZiZGI5YTY2Y2Q0YTJmYjMyNTA4ZjZkZTZiMThiY2M5NjBjMmFlNjYzNzU4NyIsInRhZyI6IiJ9;;[Kegiatan Usaha: -, Kategori: G, KBLI: 47215];;;46006;UMKM;;;;invalid;;;FALSE;FALSE;TRUE;;;invalid;;;;;;ikan basah sepu;0.8214887;1;4;IKAN BASAH (ANTO);PASAR INDUK SENAKEN;pasar induk senaken;12;47;ikan basah sepu pasar induk senaken kbli47;1;0;1;0;Aktif;PASAR INDUK SENAKEN;0;0;;1;NAIK 0702 - 15.15 WITA;6401040016_0_0;-1.9044159;116.2055345;0;0
1094;97341561;IKAN BASAH <BAHARUDDIN>;PASAR INDUK SENAKEN;6401040016;64;1;40;16;KALIMANTAN TIMUR;PASER;TANAH GROGOT;SENAKEN;eyJpdiI6Iko0MTBJNExTeS96R29zZ3BSWEQ5blE9PSIsInZhbHVlIjoicWJkKzFkYTVBTUxlVGZjcGx2ejdhdz09IiwibWFjIjoiZDM3ZWM3ZWEyOTljYjg4OWZhODI3ZGRiZTkzZmIzMTk5ZDAwN2M5ZTA3MjhlYjBmMGZkMzQ5YjY1MzRmYzVkZiIsInRhZyI6IiJ9;;[Kegiatan Usaha: PEDAGANG ECERAN IKAN BASAH, Kategori: G, KBLI: 47215];;;46006;UMKM;;;;invalid;;;FALSE;FALSE;TRUE;;;invalid;;;;;;ikan basah baharuddin;0.850980786;1;1;BAHARUDDIN;Pasar senaken, RT 0/RW 0;pasar induk senaken;13;47;ikan basah baharuddin pasar induk senaken kbli47;1;0;1;1;Aktif;PASAR INDUK SENAKEN;0;0;;1;NAIK 0702 - 15.15 WITA;6401040016_0_0;-1.9044159;116.2055345;0;0
1217;97341569;IKAN BASAH (EDWARD HAMID);PASAR INDUK SENAKEN;6401040016;64;1;40;16;KALIMANTAN TIMUR;PASER;TANAH GROGOT;SENAKEN;eyJpdiI6InJLWHdFSEsxT25UOHBJa3owTEM4VHc9PSIsInZhbHVlIjoib3ZSUEQvVm9KWDRPY0dYTkhWNGlYZz09IiwibWFjIjoiNTBmNmFjNzhlMmZmZDA1YzU4MTQzZDViOTE3YjcyNDNjYTdhMjQ3ZmM3MDM3MWIzNjk0ZjVlOTAzZjJlNzkyNiIsInRhZyI6IiJ9;;[Kegiatan Usaha: -, Kategori: G, KBLI: 47215];;;46006;UMKM;;;;invalid;;;FALSE;FALSE;TRUE;;;invalid;;;;;;ikan basah edward hamid;0.830711695;1;1;IKAN BASAH EDWAR HAMID <EDWAR HAMID>;Pasar senaken, RT 0/RW 0;pasar induk senaken;14;47;ikan basah edward hamid pasar induk senaken kbli47;1;0;1;0;Aktif;PASAR INDUK SENAKEN;0;0;;1;NAIK 0702 - 15.15 WITA;6401040016_0_0;-1.9044159;116.2055345;0;0
1903;5373481;PEDAGANG SEMBAKO <HAMING>;PASAR INDUK SENAKEN;6401040016;64;1;40;16;KALIMANTAN TIMUR;PASER;TANAH GROGOT;SENAKEN;eyJpdiI6Im5HK21EYzh3bEJWcXZsS2ZFVUVMTkE9PSIsInZhbHVlIjoiVkRlYm1ScFJ0RkhzTGZyclNnOTJsUT09IiwibWFjIjoiMzg3ZGRhYTQwODM2N2U3YTJiYzI1OWE1MjgwNzMwZTUzYmFhZWViZmVmODI2MzA1MDIzZGM2YjcxYjVmNWU3MyIsInRhZyI6IiJ9;;[Kegiatan Usaha: PEDAGANG ECERAN SEMBAKO DI PASAR, Kategori: G, KBLI: 47112];;;46006;UMKM;;;;invalid;;;FALSE;FALSE;TRUE;;;invalid;;;;;;pedagang sembako haming;0.844824876;1;1;LOS PASAR PEDAGANG SEMBAKO <FERI>;PASAR INDUK SENAKEN;pasar induk senaken;21;47;pedagang sembako haming pasar induk senaken kbli47;1;0;1;1;Aktif;PASAR INDUK SENAKEN;0;0;;1;NAIK 0702 - 15.15 WITA;6401040016_0_0;-1.9044159;116.2055345;0;0
1908;5373500;LOS PASAR PEDAGANG SEMBAKO <FERI>;PASAR INDUK SENAKEN;6401040016;64;1;40;16;KALIMANTAN TIMUR;PASER;TANAH GROGOT;SENAKEN;eyJpdiI6IkxIZlNsdzlOOWtBVVo3VWZrTTc0TEE9PSIsInZhbHVlIjoiYy9MNUhQNDRVQTB6anI3bTloUTJLdz09IiwibWFjIjoiZWQ2M2I0YzEzNTRlYTYyMjUzZGRkNTdkYzkxNzM3NWMzNTMxODg4N2Q3YjhkOWNkNDFmMWM2MTYyOTI2MTBmZSIsInRhZyI6IiJ9;;[Kegiatan Usaha: PEDAGANG SEMBAKO, Kategori: G, KBLI: 47829];;;46006;UMKM;;;;invalid;;;FALSE;FALSE;TRUE;;;invalid;;;;;;los pasar pedagang sembako feri;0.844824876;1;4;PEDAGANG SEMBAKO <HAMING>;PASAR INDUK SENAKEN;pasar induk senaken;21;47;los pasar pedagang sembako feri pasar induk senaken kbli47;1;0;1;1;Aktif;PASAR INDUK SENAKEN;0;0;;1;NAIK 0702 - 15.15 WITA;6401040016_0_0;-1.9044159;116.2055345;0;0
1978;5373491;IKAN BASAH <BAHARUDIN>;PASAR INDUK  SENAKEN;6401040016;64;1;40;16;KALIMANTAN TIMUR;PASER;TANAH GROGOT;SENAKEN;eyJpdiI6InBBYUd6UkZyREIwbTVtcjJOM0NuY1E9PSIsInZhbHVlIjoicWl3M2U0L01ERWNMS1pKN3Nva3lNZz09IiwibWFjIjoiZmVkNTA5NDEyYzY3NGQ2NjBkMWNmZGQzZDYxZGNjZDhkNzM3NmVkMjg2OGYyOWRhMWFiYTBlYWYzYjc5Y2E3NCIsInRhZyI6IiJ9;;[Kegiatan Usaha: PEDAGANG ECERAN IKAN BASAH, Kategori: G, KBLI: 47215];;;46006;UMKM;;;;invalid;;;FALSE;FALSE;TRUE;;;invalid;;;;;;ikan basah baharudin;0.833229829;1;1;BAHARUDIN;Pasar senaken, RT 0/RW 0;pasar induk senaken;22;47;ikan basah baharudin pasar induk senaken kbli47;1;0;1;1;Aktif;PASAR INDUK SENAKEN;0;0;;1;NAIK 0702 - 15.15 WITA;6401040016_0_0;-1.9044159;116.2055345;0;0
2129;5373495;PENJUAL TELUR AYAM <YOAN SARI>;PASAR INDUK SENAKEN;6401040016;64;1;40;16;KALIMANTAN TIMUR;PASER;TANAH GROGOT;SENAKEN;eyJpdiI6ImUvZXR0MGNaR3NOT1Z0YjY1TnQwUUE9PSIsInZhbHVlIjoiYlpRMmdad0Y0c1RONkFLbmJCK2c1UT09IiwibWFjIjoiMDBkMTQzNTE0NDlkZDFiNDcwZWQ0YzRmZDE5MTJhNGQ0NTVkNmNkZGMzNjFhOWIwMTAwYmRlNThmNTJiMjYzYyIsInRhZyI6IiJ9;;[Kegiatan Usaha: PEDAGANG TELUR AYAM, Kategori: G, KBLI: 46325];;;46006;UMKM;;;;invalid;;;FALSE;FALSE;TRUE;;;invalid;;;;;;penjual telur ayam yoan sari;0.859012055;1;1;PENJUAL TELUR AYAM RAS;PASAR SENAKEN;pasar induk senaken;23;46;penjual telur ayam yoan sari pasar induk senaken kbli46;1;0;1;1;Aktif;PASAR INDUK SENAKEN;0;0;;1;NAIK 0702 - 15.15 WITA;6401040016_0_0;-1.9044159;116.2055345;0;0
2130;5966151;PENJUAL TELUR AYAM RAS;PASAR SENAKEN;6401040016;64;1;40;16;KALIMANTAN TIMUR;PASER;TANAH GROGOT;SENAKEN;eyJpdiI6IitjLzNONUc1ZmVqTEd5ME5IcklWZVE9PSIsInZhbHVlIjoiMUJQQ0ZmQldmMkZVN2ExYyt1NkJ6UT09IiwibWFjIjoiZjQyNGRlOWMwNmJmNzJlMjZmODM3ZDQyYTZmMmI4ZDViMTRiOTllNzczZDU2YmQ5NzZjMWI2MDE5ZDQyYjJlMCIsInRhZyI6IiJ9;;[Kegiatan Usaha: MENJUAL TELUR AYAM RAS SECARA GROSIR, Kategori: G, KBLI: 46325];;;46006;UMKM;;;;invalid;;;FALSE;FALSE;TRUE;;;invalid;;;;;;penjual telur ayam ras;0.859012055;1;4;PENJUAL TELUR AYAM <YOAN SARI>;PASAR INDUK SENAKEN;pasar senaken;23;46;penjual telur ayam ras pasar senaken kbli46;4;0;1;0;Aktif;PASAR SENAKEN;0;0;;1;NAIK 0702 - 15.15 WITA;6401040016_0_0;-1.9044159;116.2055345;0;0
2385;5714701;WARUNG MAKAN <IIN SUSANTI>;KOMPLEK PASAR PENAMPUNGAN;6401040016;64;1;40;16;KALIMANTAN TIMUR;PASER;TANAH GROGOT;SENAKEN;eyJpdiI6ImdPbUlHbUpXbTNSUVZ3UC9zS1BDSXc9PSIsInZhbHVlIjoiaU1aRzcrS0l3N2tTZElvbUtqb3pnZz09IiwibWFjIjoiNjc5NTZlOTBhOGM4NWI1ZDE4YWQ0MzEwMjlmOWYwZTQxZWI2MWZkMjc5OThhNTgyMjg3OGQxOGZkZmJmM2Y2YSIsInRhZyI6IiJ9;;[Kegiatan Usaha: PENYEDIA MAKANAN DA MINUMAN, Kategori: I, KBLI: 56102];;;46006;UMKM;;;;invalid;;;FALSE;FALSE;TRUE;;;invalid;;;;;;makan iin susanti;0.846486305;1;1;WARUNG MAKAN <MARSONO>;KOMPLEK PENAMPUNGAN PASAR SENAKEN;komplek pasar penampungan;25;56;makan iin susanti komplek pasar penampungan kbli56;1;0;1;1;Aktif;KOMPLEK PASAR PENAMPUNGAN;0;0;;1;NAIK 0702 - 15.15 WITA;6401040016_0_0;-1.9044159;116.2055345;0;0
2398;5717431;WARUNG MAKAN <MARSONO>;KOMPLEK PENAMPUNGAN PASAR SENAKEN;6401040016;64;1;40;16;KALIMANTAN TIMUR;PASER;TANAH GROGOT;SENAKEN;eyJpdiI6IjJXWmZSbEs1Uml5elcrN2hmMnRNR2c9PSIsInZhbHVlIjoiYzlCdWkvRzJPdkQwbnVraFRWeTcvUT09IiwibWFjIjoiMGMyZmNiOWY0MTU3NTM3MTM3MWI1MTI0MmFhNTQ5NGYxMWZhMDI3MDM2MWUyYzFkNGVmNjIyNTA0ODhjZTE0YyIsInRhZyI6IiJ9;;[Kegiatan Usaha: WARUNG MAKAN, Kategori: I, KBLI: 56102];;;45791;UMKM;;;;invalid;;;FALSE;FALSE;TRUE;;;invalid;;;;;;makan marsono;0.846486305;1;4;WARUNG MAKAN <IIN SUSANTI>;KOMPLEK PASAR PENAMPUNGAN;komplek penampungan pasar senaken;25;56;makan marsono komplek penampungan pasar senaken kbli56;1;0;1;1;Aktif;KOMPLEK PENAMPUNGAN PASAR SENAKEN;0;0;;1;NAIK 0702 - 15.15 WITA;6401040016_0_0;-1.9044159;116.2055345;0;0
2527;5955939;PANGKAS RAMBUT <HAMIDAN>;KOMPLEK PENAMPUNGAN PASAR SENAKEN;6401040016;64;1;40;16;KALIMANTAN TIMUR;PASER;TANAH GROGOT;SENAKEN;eyJpdiI6InFEK2VldDAxYXBsbjFDODlhS3owZnc9PSIsInZhbHVlIjoiL0t3eHEvQmcwdEo2ck15czlZK2lqQT09IiwibWFjIjoiZGU3MDA3NTdmOTliMTEyYjBmM2JjZGRlMWI5YzExYmJiOTZlNTI4NzNlNjlhNDc1NDRjMWVkNjU4M2RkYThjOSIsInRhZyI6IiJ9;;[Kegiatan Usaha: PANGKAS RAMBUT LA, Kategori: S, KBLI: 96111];;;46006;UMKM;;;;invalid;;;FALSE;FALSE;TRUE;;;invalid;;;;;;pangkas rambut hamidan;0.813959302;1;1;PANGKAS RAMBUT <SAIFUDIN>;KOMPLEK PENAMPUNGAN PASAR SENAKEN;komplek penampungan pasar senaken;26;96;pangkas rambut hamidan komplek penampungan pasar senaken kbli96;1;0;1;1;Aktif;KOMPLEK PENAMPUNGAN PASAR SENAKEN;0;0;;1;NAIK 0702 - 15.15 WITA;6401040016_0_0;-1.9044159;116.2055345;0;0
2548;5961743;PANGKAS RAMBUT <SAIFUDIN>;KOMPLEK PENAMPUNGAN PASAR SENAKEN;6401040016;64;1;40;16;KALIMANTAN TIMUR;PASER;TANAH GROGOT;SENAKEN;eyJpdiI6InZJTk9FcGNNYVhHbE5TOTVQeHZyTVE9PSIsInZhbHVlIjoiMVBwL1RIaDUyNDNNcVZiQ2ZtOEJZQT09IiwibWFjIjoiNGEzOGI4ZGNjZDk4MDg1MTczNmJhZTk5ZjE5Y2ZkMDIwNTU5NDVkMDY3YWIyYTUyZjVmM2Q5ZWFiNzU5MjFhOSIsInRhZyI6IiJ9;;[Kegiatan Usaha: PANGKAS RAMBUT SAIFUDIN, Kategori: S, KBLI: 96111];;;46006;UMKM;;;;invalid;;;FALSE;FALSE;TRUE;;;invalid;;;;;;pangkas rambut saifudin;0.813959302;1;4;PANGKAS RAMBUT <HAMIDAN>;KOMPLEK PENAMPUNGAN PASAR SENAKEN;komplek penampungan pasar senaken;26;96;pangkas rambut saifudin komplek penampungan pasar senaken kbli96;1;0;1;1;Aktif;KOMPLEK PENAMPUNGAN PASAR SENAKEN;0;0;;1;NAIK 0702 - 15.15 WITA;6401040016_0_0;-1.9044159;116.2055345;0;0
2660;6615860;INDUSTRI PENGOLAHAN TAHU TEMPE;GANG NUR ALAM, RT. 07;6401040016;64;1;40;16;KALIMANTAN TIMUR;PASER;TANAH GROGOT;SENAKEN;eyJpdiI6Illqb3hsL0xqWTRUYjFGTW1MZHZRQnc9PSIsInZhbHVlIjoiYmpqNThnaS80UXdSYTRtNjhLWG93dz09IiwibWFjIjoiN2VkN2QwZGYzZGVlOThkYTlhN2EzMjU4Njk0Mzg2NDUwZjhjMzAzYzIxNTI1MGVjNjRlYTc1YzA1NDM2NTI1YSIsInRhZyI6IiJ9;;[Kegiatan Usaha: INDUSTRI TEMPE KEDELAI, Kategori: C, KBLI: 10391];;;45956;;;;;invalid;;;FALSE;FALSE;FALSE;;;invalid;;;;;;industri pengolahan tahu tempe;0.984585503;1;4;INDUSTRI PENGOLAHAN TEMPE DAN TAHU;GANG NUR ALAM, RT. 07;gang nur alam rt 07;27;10;industri pengolahan tahu tempe gang nur alam rt 07 kbli10;4;0;1;0;Duplikat;GANG NUR ALAM RT 07;7;0;;;NAIK 0702 - 15.15 WITA;6401040016_7_0;-1.9007;116.211024;0;0
2750;6171415;MAHDA TAILOR;DALAM LOS PASAR PENAMPUNGAN;6401040016;64;1;40;16;KALIMANTAN TIMUR;PASER;TANAH GROGOT;SENAKEN;eyJpdiI6Im1EMzVGRE9BS1llL21YWHg2bGg5VXc9PSIsInZhbHVlIjoic3hzaDQ2TEgrS3c5cVJMa1JSOU5SQT09IiwibWFjIjoiM2UyYTk4MDY1YjVhZjI3N2YwNWQyZWExNTVkYTIyMDc4NDRjY2Q5ZTIzYmE3ODBhMGFjOWM2NGE3MzQ2ZGQ3MCIsInRhZyI6IiJ9;;[Kegiatan Usaha: MELAYANI JASA PAKAIAN DAN PERMAK, Kategori: C, KBLI: 14120];;;46006;UMKM;;;;invalid;;;FALSE;FALSE;TRUE;;;invalid;;;;;;mahda tailor;0.940032191;1;1;SUCI TAILOR;DALAM LOS PASAR PENAMPUNGAN;dalam los pasar penampungan;28;14;mahda tailor dalam los pasar penampungan kbli14;1;0;1;0;Aktif;DALAM LOS PASAR PENAMPUNGAN;0;0;;1;NAIK 0702 - 15.15 WITA;6401040016_0_0;-1.9044159;116.2055345;0;0
2773;6171417;SUCI TAILOR;DALAM LOS PASAR PENAMPUNGAN;6401040016;64;1;40;16;KALIMANTAN TIMUR;PASER;TANAH GROGOT;SENAKEN;eyJpdiI6Ik4veDF2NDl4K2lZZ3NpdnMvcFZrYnc9PSIsInZhbHVlIjoiV2FxdHgwVjFDbDJXK0lTQTVqNGRtdz09IiwibWFjIjoiZTQzZDZjNWMxOTcyYzI1N2JlOTQ4YTc1ZTA0OWNjNmU3ODI5ZjJmMWYxNzY5OWNiMWU0YzM5ZWU5ZGFjMzM0MyIsInRhZyI6IiJ9;;[Kegiatan Usaha: PRODUKSI PAKAIAN JADI PRIA DAN WANITA, Kategori: C, KBLI: 14120];;;46006;UMKM;;;;invalid;;;FALSE;FALSE;TRUE;;;invalid;;;;;;suci tailor;0.940032191;1;4;MAHDA TAILOR;DALAM LOS PASAR PENAMPUNGAN;dalam los pasar penampungan;28;14;suci tailor dalam los pasar penampungan kbli14;1;0;1;0;Aktif;DALAM LOS PASAR PENAMPUNGAN;0;0;;1;NAIK 0702 - 15.15 WITA;6401040016_0_0;-1.9044159;116.2055345;0;0
2903;6171535;SOMIL SYAHRUDIN;JL. YOS SUDARSO RT. 3;6401040016;64;1;40;16;KALIMANTAN TIMUR;PASER;TANAH GROGOT;SENAKEN;eyJpdiI6IkJOZzN5K3VMWGZIK3FsVUF1dENyM0E9PSIsInZhbHVlIjoiTnBPcUg3OVdaMUNBTFRLNkN0NnRBQT09IiwibWFjIjoiMzQ0M2U5YmEyNjZiNGZmMDVlNjczNmJmOTcwNmM5ZjMxYjM4YmQ4MTZlY2Q0ZTFiMDFmMGI2OTExZGY2MjYzNyIsInRhZyI6IiJ9;;[Kegiatan Usaha: MEMBELAH KAYYU DAN KETAM, Kategori: C, KBLI: 16101];;;46006;UMKM;;;;invalid;;;FALSE;FALSE;TRUE;;;invalid;;;;;;somil syahrudin;0.824547408;1;1;PEMBUAT SAPITENG SYAHRUDIN;JL. YOS SUDARSO;jl yos sudarso rt 3;29;16;somil syahrudin jl yos sudarso rt 3 kbli16;1;0;1;0;Aktif;JL YOS SUDARSO RT 3;3;0;;;NAIK 0702 - 15.15 WITA;6401040016_3_0;-1.90529;116.209105;0;0
3062;6396111;S. 288, CV;JL SENAKEN PERUM BPD NO 49;6401040016;64;1;40;16;KALIMANTAN TIMUR;PASER;TANAH GROGOT;SENAKEN;eyJpdiI6Ik0wdkpleExmUzlkdkRqZVJSYTFWbXc9PSIsInZhbHVlIjoiV1RwVVRRWGV2K2RlbHdCTGdkRXAvZz09IiwibWFjIjoiODVjYTQ5YmY0NThjOTkxNDIxNDg1NGVkODNiMDJkMmNmZjg5MWZhZDE5NDVhNDdiNzk4ODI0MGE0Y2M3OTFmNiIsInRhZyI6IiJ9;;[Kegiatan Usaha: -, Kategori: F, KBLI: -];;;46006;UMKM;;;;invalid;;;FALSE;FALSE;TRUE;;;invalid;;;;;;s 288;0.991934765;1;1;S 288, CV;SENAKEN PERUM BPD NO 49;jl senaken perum bpd no 49;31;0;s 288 jl senaken perum bpd no 49 kbli00;1;0;1;0;Aktif;JL SENAKEN PERUM BPD NO 49;0;0;1;;NAIK 0702 - 15.15 WITA;6401040016_0_0;-1.8980971;-1.8980971;0;0
3295;44164656;SUMBER REZEKI;Jalan Senaken Gg. Alam Permai;6401040016;64;1;40;16;KALIMANTAN TIMUR;PASER;TANAH GROGOT;SENAKEN;eyJpdiI6ImZpd2RNd1JUWmgwZEF1R1VXaUs0L1E9PSIsInZhbHVlIjoiM3JWZEQzc2Q2QkVCVTVuNEVXVlo1QT09IiwibWFjIjoiZTgxNDgwMjBkNTM3NjYxODE0YzIzMTAwOWYyNzZmNWJkZGEwMWU1MDA0ZTY1ZjEwYmE1Y2Y0MDExZDJhODIwYiIsInRhZyI6IiJ9;;"[Kegiatan Usaha: -, Kategori: -, KBLI: 41015]; [Kegiatan Usaha: -, Kategori: -, KBLI: 43221]; [Kegia...";;;;;OSS - Perorangan;;;invalid;;;FALSE;FALSE;TRUE;;;invalid;;;;;;sumber rezeki;0.836469452;1;4;SUMBER REZEKI, CV;JL SENAKEN GG ALAM PERMAI NO 088;jalan senaken gg alam permai;32;41;sumber rezeki jalan senaken gg alam permai kbli41;1;0;1;0;Aktif;Jalan Senaken Gg Alam Permai;0;0;;;NAIK 0702 - 15.15 WITA;6401040016_0_0;-1.8980971;-1.8980971;0;0
3334;6585013;DEPO AIR ISI ULANG IZNI;GG ALAM PERMAI 2 RT 7;6401040016;64;1;40;16;KALIMANTAN TIMUR;PASER;TANAH GROGOT;SENAKEN;eyJpdiI6Ik9sM3dlRkE2cnNZWGcvTTZpem13MHc9PSIsInZhbHVlIjoiTzZHL2lLMU41K1VCRmQ0YlIxemVaZz09IiwibWFjIjoiY2RhM2ViZjU2MTFiMGFjMWMzMGVhNWEyY2U2NzIzOTk1MDUyNGE0OThkNzFiYTUyZWNmMjQ1YjEzYTRjZGE4OSIsInRhZyI6IiJ9;;[Kegiatan Usaha: MEMPRODUKSI AIR MINUM ISI ULANG (Bahan: AIR), Kategori: C, KBLI: 11052];;;46006;UMKM;;;;invalid;;;FALSE;FALSE;TRUE;;;invalid;;;;;;depo air isi ulang izni;0.80916903;1;1;depo air isi ulang izni <abdul halim>;jln senaken gg alam permai 2, RT 7/RW 0;gg alam permai 2 rt 7;33;11;depo air isi ulang izni gg alam permai 2 rt 7 kbli11;1;0;1;0;Aktif;GG ALAM PERMAI 2 RT 7;7;0;;;NAIK 0702 - 15.15 WITA;6401040016_7_0;-1.9007;116.211024;0;0
3564;6619224;HASMARIA TAMBUNAN;PASAR SENAKEN;6401040016;64;1;40;16;KALIMANTAN TIMUR;PASER;TANAH GROGOT;SENAKEN;eyJpdiI6Ik9PVHl1WGFTUmhlZG4xTUdSUnlNb1E9PSIsInZhbHVlIjoicHI3ZTFQajBqenp3cTFNaDBqc3EyQT09IiwibWFjIjoiMTJiN2U1NzFkNjAyYzhkNWUxZWEzYjg2YmViZmMyMGNiYzQxMDM3YzM3MDIyODAzYmY3NDZhNzYxZGUzMzkwMyIsInRhZyI6IiJ9;;"[Kegiatan Usaha: UBI KAYU, Kategori: G, KBLI: 47211]; [Kegiatan Usaha: PERDAGANGAN SAYUR, Kategori: ...";;;46006;;;;;invalid;;;FALSE;FALSE;TRUE;;;invalid;;;;;;hasmaria tambunan;0.852365068;1;1;HASMARIA TAMBUNAN;Wilayah pasar senaken, RT 0/RW 0;pasar senaken;34;47;hasmaria tambunan pasar senaken kbli47;1;0;1;0;Aktif;PASAR SENAKEN;0;0;;1;NAIK 0702 - 15.15 WITA;6401040016_0_0;-1.9044159;116.2055345;0;0
3649;6718860;PENJUAL IKAN <ACO>;JL YOS SUDARSO PASAR INDUK SENAKEN;6401040016;64;1;40;16;KALIMANTAN TIMUR;PASER;TANAH GROGOT;SENAKEN;eyJpdiI6InM3WGQvbVJGeWpXWTlvTlVwYUtiRlE9PSIsInZhbHVlIjoiejhsMkRuTXhZTDRFMTNYOWpydVQrQT09IiwibWFjIjoiYmY5YjRjMzAyYmU0ZjMyYjM4YWZmNjdkYzU2MWVhYmMxOWMzY2RiMzVjZjI0ODA0NjBlOTUwMmVhMzJkNDY2ZiIsInRhZyI6IiJ9;;[Kegiatan Usaha: MENJUAL BERBAGAI MACAM IKAN SEGAR, Kategori: G, KBLI: 46206];;;45831;;;;;invalid;;;FALSE;FALSE;TRUE;;;invalid;;;;;;penjual ikan aco;0.834319141;1;1;PENJUAL IKAN <SUWARDI>;JL YOS SUDARSO PASAR INDUK SENAKEN;jl yos sudarso pasar induk senaken;35;46;penjual ikan aco jl yos sudarso pasar induk senaken kbli46;1;0;1;1;Aktif;JL YOS SUDARSO PASAR INDUK SENAKEN;0;0;;1;NAIK 0702 - 15.15 WITA;6401040016_0_0;-1.9044159;116.2055345;0;0
3655;6719302;PENJUAL IKAN <SUWARDI>;JL YOS SUDARSO PASAR INDUK SENAKEN;6401040016;64;1;40;16;KALIMANTAN TIMUR;PASER;TANAH GROGOT;SENAKEN;eyJpdiI6IlEvcmRLMHJSYS84SXJCQy8zeWtkUEE9PSIsInZhbHVlIjoiWmg2NkIyNkNKaDRoWjVmdGYzSVk4QT09IiwibWFjIjoiZTM5YjEwMmY3MzkzYjUyOTlkNmVjNmM0NThjYjQzZDBiZWZjMDJlZDVlYzYyNWQ1MDgyY2YwMjgwZThiMzE1YyIsInRhZyI6IiJ9;;[Kegiatan Usaha: MENJUAL BERBAGAI MACAM IKAN SEGAR, Kategori: G, KBLI: 46206];;;45831;;;;;invalid;;;FALSE;FALSE;TRUE;;;invalid;;;;;;penjual ikan suwardi;0.834319141;1;4;PENJUAL IKAN <ACO>;JL YOS SUDARSO PASAR INDUK SENAKEN;jl yos sudarso pasar induk senaken;35;46;penjual ikan suwardi jl yos sudarso pasar induk senaken kbli46;1;0;1;1;Aktif;JL YOS SUDARSO PASAR INDUK SENAKEN;0;0;;1;NAIK 0702 - 15.15 WITA;6401040016_0_0;-1.9044159;116.2055345;0;0
5089;17088429;MULIA BARU ABADI, CV;Gg. Darussalam No.13, RT.008;6401040016;64;1;40;16;KALIMANTAN TIMUR;PASER;TANAH GROGOT;SENAKEN;eyJpdiI6IkFVSnJyYjNXU05UdHV5ZXAvOHlnZ2c9PSIsInZhbHVlIjoiYmxScXlTN2l3Ulk5ZGw4dlhlWE1WZz09IiwibWFjIjoiZmIwZTc0M2MxZjc4NzIyMmNjYTY3YzdmYmQ0Y2ZlZjJhNTlhYjhlNjYwZGU1NTBhMzgzZGNiZDQ1Y2ZmNzJmZCIsInRhZyI6IiJ9;;"[Kegiatan Usaha: -, Kategori: F, KBLI: -]; [Kegiatan Usaha: -, Kategori: G, KBLI: -]";;;45962;;;;;invalid;;;FALSE;FALSE;TRUE;;;invalid;;;;;;mulia baru abadi;0.864794111;1;1;MULIA BARU ABADI;JL SENAKEN GG. DARUSSALAM NO 013 RT. 008;gg darussalam no 13 rt 008;67;0;mulia baru abadi gg darussalam no 13 rt 008 kbli00;1;0;1;0;Aktif;Gg Darussalam No13 RT008;8;0;;;NAIK 0702 - 15.15 WITA;6401040016_8_0;-1.90095;116.208742;0;0
5145;29186412;NASRUDDIN;PASAR SENAKEN;6401040016;64;1;40;16;KALIMANTAN TIMUR;PASER;TANAH GROGOT;SENAKEN;eyJpdiI6IjNJaUxZK0EwOUxHZHZDRXBXWjVjV1E9PSIsInZhbHVlIjoidzI0aTVoQlRTUStXNEdHMzdFdGVIdz09IiwibWFjIjoiOTc1MTM4ZGFkZDE4MTljYjE5OWE5NDNmMThmNTViMGM1NmU3NDc3NjhhOWY4N2FjZThiYzRlMDJiYTE4NzU2NCIsInRhZyI6IiJ9;;"[Kegiatan Usaha: -, Kategori: -, KBLI: 47852]; [Kegiatan Usaha: Perdagangan Eceran Kaki Lima Dan Los...";;;45985;;OSS - Perorangan;;;invalid;;;FALSE;FALSE;TRUE;;;invalid;;;;;;nasruddin;0.990598376;1;1;NASRUDDIN;Pasar senaken, RT 0/RW 0;pasar senaken;69;47;nasruddin pasar senaken kbli47;1;0;1;0;Aktif;PASAR SENAKEN;0;0;;1;NAIK 0702 - 15.15 WITA;6401040016_0_0;-1.9044159;116.2055345;0;0
5182;31293854;ERNI;JL. RANTAU PANJANG RT 5;6401040016;64;1;40;16;KALIMANTAN TIMUR;PASER;TANAH GROGOT;SENAKEN;eyJpdiI6Im9CK2wyb250Q3RRRkVkMmFLcVpBcHc9PSIsInZhbHVlIjoibnNuUEtmYlNhUUsyNXBKQkVYdWcxQT09IiwibWFjIjoiZTliYzI2N2QzOTQ5NzIzNGM3YzMwODg2NzAxNDEzZWQzYWU4YmZiZTE5N2NlZjViZDAzMmI5ZGYzNTNjMTg3YSIsInRhZyI6IiJ9;;[Kegiatan Usaha: -, Kategori: -, KBLI: 56103];;;46006;;OSS - Perorangan;;;invalid;;;FALSE;FALSE;TRUE;;;invalid;;;;;;erni;0.922471155;1;1;ERNI;Jalan Rantau Panjang;jl rantau panjang rt 5;70;56;erni jl rantau panjang rt 5 kbli56;1;0;1;0;Aktif;JL RANTAU PANJANG RT 5;5;0;;;NAIK 0702 - 15.15 WITA;6401040016_5_0;-1.9026;116.214658;0;0
5204;18346180;IGN SUWIN MANAGEMENT;Jalan Senaken;6401040016;64;1;40;16;KALIMANTAN TIMUR;PASER;TANAH GROGOT;SENAKEN;eyJpdiI6IkhZUHFtVUtzTlZSOEprMURST2NPclE9PSIsInZhbHVlIjoiQjhXODE2RXk1TzNTbitWNE9yeHlodz09IiwibWFjIjoiOWZhZDBlYTQ5ZmMzYTc1M2IyOWU5YmYxNDY5NGMxNzFlNjgwMzNiNmNiOTNlYThjNjgxMWQ0ZDc2MGM3YjIxOSIsInRhZyI6IiJ9;;[Kegiatan Usaha: -, Kategori: -, KBLI: 33122];;;46006;;OSS - Badan Usaha;;;invalid;;;FALSE;FALSE;TRUE;;;invalid;;;;;;ign suwin management;1;1;1;IGN SUWIN MANAGEMENT;Jalan Senaken;jalan senaken;71;33;ign suwin management jalan senaken kbli33;1;0;1;0;Aktif;Jalan Senaken;0;0;;;NAIK 0702 - 15.15 WITA;6401040016_0_0;-1.8980971;116.2072759;0;0
5208;46701760;IGN SUWIN MANAGEMENT;Jalan Senaken;6401040016;64;1;40;16;KALIMANTAN TIMUR;PASER;TANAH GROGOT;SENAKEN;eyJpdiI6ImhsSG9ESlBLMUUvQUVBZ0QzY3F3Qmc9PSIsInZhbHVlIjoieURzYW1WeDdUZEhRN2IvRkJDa1VhUT09IiwibWFjIjoiNWIyMWNkNmI5MTNjZmYwZmQ2MGQyYmY0NTlhOWIwMGU0YTMwMWJlMGRkYTdmZTRmYjIzOTFlYWI3OTVhZjI1MSIsInRhZyI6IiJ9;;[Kegiatan Usaha: -, Kategori: -, KBLI: 33122];;;;;OSS - Perorangan;;;invalid;;;FALSE;FALSE;TRUE;;;invalid;;;;;;ign suwin management;1;1;4;IGN SUWIN MANAGEMENT;Jalan Senaken;jalan senaken;71;33;ign suwin management jalan senaken kbli33;4;0;1;0;Aktif;Jalan Senaken;0;0;;;NAIK 0702 - 15.15 WITA;6401040016_0_0;-1.8980971;116.2072759;0;0
5228;27837496;menjual pakaian <SALMAN>;PASAR INDUK SENAKEN;6401040016;64;1;40;16;KALIMANTAN TIMUR;PASER;TANAH GROGOT;SENAKEN;eyJpdiI6Iko0UTRtZitnRDRDaXFrcE9TcjVreHc9PSIsInZhbHVlIjoiZE0wa0l1QzB6Y2tKeVFkdE0xT1p1Zz09IiwibWFjIjoiOTI1MGVmZmRjYjhhZTRjYjI1YjMxOGVmNWE4MGU1ZDIxNTE0Mzk2YjRjZDZjNmViNjUwYTJjMmY5M2Y2YzM5OCIsInRhZyI6IiJ9;;[Kegiatan Usaha: -, Kategori: G, KBLI: 47832];;;45990;;OSS - Perorangan;;;invalid;;;FALSE;FALSE;TRUE;;;invalid;;;;;;menjual pakaian salman;0.830445382;1;1;menjual pakaian <SALABIAH>;PASAR INDUK SENAKEN;pasar induk senaken;72;47;menjual pakaian salman pasar induk senaken kbli47;1;0;1;1;Aktif;PASAR INDUK SENAKEN;0;0;;1;NAIK 0702 - 15.15 WITA;6401040016_0_0;-1.9044159;116.2055345;0;0
5273;30469885;HASMIATI;SENAKEN RT 011;6401040016;64;1;40;16;KALIMANTAN TIMUR;PASER;TANAH GROGOT;SENAKEN;eyJpdiI6InNUNWlvMTJCWWxWVlkzL0ZMSHk5Q0E9PSIsInZhbHVlIjoiUXEyajNrTFNhcVozelF6QjJRTEdTZz09IiwibWFjIjoiODhlMWU2MDQ2ZTk1YzMxZWQxYTE1NGVhOTQ3Yzk1OGFlZmIxM2RiOWM1ZTA4NmI5Nzg1MmJmNTRkMjc5Y2VlMyIsInRhZyI6IiJ9;;[Kegiatan Usaha: -, Kategori: -, KBLI: 46441];;;46006;;OSS - Perorangan;;;invalid;;;FALSE;FALSE;TRUE;;;invalid;;;;;;hasmiati;0.843888492;1;1;HASMIATI;SENAKEN;senaken rt 011;73;46;hasmiati senaken rt 011 kbli46;1;0;1;0;Aktif;SENAKEN RT 011;11;0;;;NAIK 0702 - 15.15 WITA;6401040016_11_0;-1.89636;116.208463;0;0
5296;29230834;MUHAMMAD;JL SENAKEN;6401040016;64;1;40;16;KALIMANTAN TIMUR;PASER;TANAH GROGOT;SENAKEN;eyJpdiI6IkFMVG8veUlBU2pPaDRKaGJSc0k3b3c9PSIsInZhbHVlIjoiWlZqY0czMUQ3U2pDTkExbS91cTlFdz09IiwibWFjIjoiMzgwMjg4ODFhYWNkZDQxZjM2NDA1MWMwYWVkNzNhZWY2NzQ1MzliNWVmZDU3NGFjOTYyY2JkYmM4NDg2NmQ5ZiIsInRhZyI6IiJ9;;[Kegiatan Usaha: -, Kategori: -, KBLI: 47112];;;46006;;OSS - Perorangan;;;invalid;;;FALSE;FALSE;TRUE;;;invalid;;;;;;muhammad;0.839744525;1;4;MUHAMMAD ALI TUO;JL. SENAKEN ;jl senaken;74;47;muhammad jl senaken kbli47;4;0;1;0;Aktif;JL SENAKEN;0;0;;;NAIK 0702 - 15.15 WITA;6401040016_0_0;-1.8980971;116.2072759;0;0
5318;29906618;menjual pakaian <FARIDLAH>;PASAR INDUK SENAKEN;6401040016;64;1;40;16;KALIMANTAN TIMUR;PASER;TANAH GROGOT;SENAKEN;eyJpdiI6ImtacjNpdU4wMDdYajBqMkdwd0JjcEE9PSIsInZhbHVlIjoidXBmZDBoYzlkeXVEMHNCMVhLamFjUT09IiwibWFjIjoiNmQwNGYyMzhjY2E3YjdkOTRkMzQ1N2E5ZWUyMGYyOWRlMzY2N2U1NDBhMWU3ZjUxOTk4YTU4ZTVkNmU3Yjg1ZSIsInRhZyI6IiJ9;;[Kegiatan Usaha: -, Kategori: G, KBLI: 47832];;;45990;;OSS - Perorangan;;;invalid;;;FALSE;FALSE;TRUE;;;invalid;;;;;;menjual pakaian faridlah;0.830923438;1;1;menjual pakaian <RUSANA>;PASAR INDUK SENAKEN;pasar induk senaken;75;47;menjual pakaian faridlah pasar induk senaken kbli47;1;0;1;1;Aktif;PASAR INDUK SENAKEN;0;0;;1;NAIK 0702 - 15.15 WITA;6401040016_0_0;-1.9044159;116.2055345;0;0
5323;29906642;menjual pakaian <RUSANA>;PASAR INDUK SENAKEN;6401040016;64;1;40;16;KALIMANTAN TIMUR;PASER;TANAH GROGOT;SENAKEN;eyJpdiI6IjR1Sk82RGZERGhoU3ZPTFM0S3ZVblE9PSIsInZhbHVlIjoiY3Zjam1vZlNGeXFxR3QyckdsQ3VOdz09IiwibWFjIjoiNWM4N2ZmZWI5ZmI1MGE5Y2RlYTgyOGM0ZTAxY2Q4MTAzZDcwNWQ0M2UyZGY2NzFjNTgyNjJhNDBkNDUwNGY2NiIsInRhZyI6IiJ9;;[Kegiatan Usaha: -, Kategori: G, KBLI: 47832];;;45990;;OSS - Perorangan;;;invalid;;;FALSE;FALSE;TRUE;;;invalid;;;;;;menjual pakaian rusana;0.830923438;1;4;menjual pakaian <FARIDLAH>;PASAR INDUK SENAKEN;pasar induk senaken;75;47;menjual pakaian rusana pasar induk senaken kbli47;1;0;1;1;Aktif;PASAR INDUK SENAKEN;0;0;;1;NAIK 0702 - 15.15 WITA;6401040016_0_0;-1.9044159;116.2055345;0;0
5334;26106533;DIRWAN;Jalan Yos Sudarso Pasar Penyembolum Senaken;6401040016;64;1;40;16;KALIMANTAN TIMUR;PASER;TANAH GROGOT;SENAKEN;eyJpdiI6IjhIaTRKeElkZFdsV3BSTk1WU3B2Znc9PSIsInZhbHVlIjoibUhKOTFRRGo3UWFhMXAzd2I5WnBFUT09IiwibWFjIjoiNTNiMDA4MzNkZTQ3NGNkMzRjYzNkNDI2NTVkYTMzMmFiMDhkMzIxNjExNjdiMjgwYzExYzQ5NGRjMDVmYzI5NiIsInRhZyI6IiJ9;;[Kegiatan Usaha: Perdagangan Eceran Berbagai Macam Barang Yang Utamanya Makanan, Minuman Atau Tembak...;;;45985;;OSS - Perorangan;;;invalid;;;FALSE;FALSE;TRUE;;;invalid;;;;;;dirwan;0.87157548;1;1;IRWAN;Jalan Yos Sudarso Pasar Penyembolum Senaken;jalan yos sudarso pasar penyembolum senaken;76;0;dirwan jalan yos sudarso pasar penyembolum senaken kbli00;1;0;1;0;Aktif;Jalan Yos Sudarso Pasar Penyembolum Senaken;0;0;;1;NAIK 0702 - 15.15 WITA;6401040016_0_0;-1.9044159;116.2055345;0;0
5337;30397718;IRWAN;Jalan Yos Sudarso Pasar Penyembolum Senaken;6401040016;64;1;40;16;KALIMANTAN TIMUR;PASER;TANAH GROGOT;SENAKEN;eyJpdiI6IjhJUVFYV2hTNzBMMmxkeXhkWll6Zmc9PSIsInZhbHVlIjoiRUx1YjdzeHNlNkpqME5XZnJRWGY4UT09IiwibWFjIjoiN2ExOWE2NDFjMWY4ZjAwN2ZlZWZmNmQyZmQ5MGJlMzc1ZTI0ODU5ZjNlZGY3NjA0OWMzZGUzYTZhNmY0ZDBhZCIsInRhZyI6IiJ9;;"[Kegiatan Usaha: -, Kategori: -, KBLI: 47112]; [Kegiatan Usaha: Perdagangan Eceran Berbagai Macam Ba...";;;45985;;OSS - Perorangan;;;invalid;;;FALSE;FALSE;TRUE;;;invalid;;;;;;irwan;0.87157548;1;4;DIRWAN;Jalan Yos Sudarso Pasar Penyembolum Senaken;jalan yos sudarso pasar penyembolum senaken;76;47;irwan jalan yos sudarso pasar penyembolum senaken kbli47;1;0;1;0;Aktif;Jalan Yos Sudarso Pasar Penyembolum Senaken;0;0;;1;NAIK 0702 - 15.15 WITA;6401040016_0_0;-1.9044159;116.2055345;0;0
5353;31770111;RUSDIN;Jln : yosudarso, pasar senaken RT/RW: 006/- KEC: Tanah Grogot KAB: Paser PROVINSI: Kalimantan Timur;6401040016;64;1;40;16;KALIMANTAN TIMUR;PASER;TANAH GROGOT;SENAKEN;eyJpdiI6Ilp0dlM2WHhOTjFsSVkrSUh6a2NDQkE9PSIsInZhbHVlIjoiRXVoZldXNTQ2UUtKMFd1WHBha0N0UT09IiwibWFjIjoiNjI5YzRkZDUxYTE5NjgyMDE4ODM1NTQxNDJjYzY1MjFmMGU5NzE0NGM0NzIzMzJiMzUyN2FkZjY2ZjRiNmJlZiIsInRhZyI6IiJ9;;"[Kegiatan Usaha: -, Kategori: -, KBLI: 47112]; [Kegiatan Usaha: Perdagangan Eceran Berbagai Macam Ba...";;;45985;;OSS - Perorangan;;;invalid;;;FALSE;FALSE;TRUE;;;invalid;;;;;;rusdin;0.919811411;1;1;MARSUKI;Jln : yosudarso, pasar senaken RT/RW: 006/- KEC: Tanah Grogot KAB: Paser PROVINSI: Kalimantan Timur;jln yosudarso pasar senaken rt rw 006 kec tanah grogot kab paser provinsi kalimantan timur;77;47;rusdin jln yosudarso pasar senaken rt rw 006 kec tanah grogot kab paser provinsi  kbli47;1;0;1;0;Aktif;Jln yosudarso pasar senaken RTRW 006 KEC Tanah Grogot KAB Paser PROVINSI ;6;0;;1;NAIK 0702 - 15.15 WITA;6401040016_6_0;-1.90146;116.206929;0;0
5358;31815087;MARSUKI;Jln : yosudarso, pasar senaken RT/RW: 006/- KEC: Tanah Grogot KAB: Paser PROVINSI: Kalimantan Timur;6401040016;64;1;40;16;KALIMANTAN TIMUR;PASER;TANAH GROGOT;SENAKEN;eyJpdiI6IjdtRldJekpGZXJZVGtyM1hZMHVpSGc9PSIsInZhbHVlIjoib2RydjJJTGpsQW91bXZtTi82cTBwQT09IiwibWFjIjoiYTczNDZmZjgyZGEwMDAzMTMyYWNiYThlYjRiNDQ2OWY1MDVhYTQ5NzI3YmIzMzZhODMyMjVlY2NjZjMzMWM2YSIsInRhZyI6IiJ9;;"[Kegiatan Usaha: -, Kategori: -, KBLI: 47112]; [Kegiatan Usaha: Perdagangan Eceran Berbagai Macam Ba...";;;45985;;OSS - Perorangan;;;invalid;;;FALSE;FALSE;TRUE;;;invalid;;;;;;marsuki;0.919811411;1;4;RUSDIN;Jln : yosudarso, pasar senaken RT/RW: 006/- KEC: Tanah Grogot KAB: Paser PROVINSI: Kalimantan Timur;jln yosudarso pasar senaken rt rw 006 kec tanah grogot kab paser provinsi kalimantan timur;77;47;marsuki jln yosudarso pasar senaken rt rw 006 kec tanah grogot kab paser provinsi  kbli47;4;0;1;0;Aktif;Jln yosudarso pasar senaken RTRW 006 KEC Tanah Grogot KAB Paser PROVINSI ;6;0;;1;NAIK 0702 - 15.15 WITA;6401040016_6_0;-1.90146;116.206929;0;0
5377;29396100;SITTI MAIMUNAH;JL. SENAKEN;6401040016;64;1;40;16;KALIMANTAN TIMUR;PASER;TANAH GROGOT;SENAKEN;eyJpdiI6Im5sOG5NOGt3Z1hzRHRFU0JwSU4rQ0E9PSIsInZhbHVlIjoiTTBMbTIxNXFTbk9JcmFMRFRxeGVyZz09IiwibWFjIjoiNjYzZWNlNzQ4NmM4ZjE0NGVjNGNmYmE5YzBhYWU2ZGY0YTY2ZTE3Mzg0OTJkMTFmYTZkNWEyMGI1MTg3YmI2NCIsInRhZyI6IiJ9;;[Kegiatan Usaha: -, Kategori: -, KBLI: 56103];;;46006;;OSS - Perorangan;;;invalid;;;FALSE;FALSE;TRUE;;;invalid;;;;;;sitti maimunah;1;1;1;SITTI MAIMUNAH;Jl. Senaken;jl senaken;78;56;sitti maimunah jl senaken kbli56;1;0;1;0;Aktif;JL SENAKEN;0;0;;;NAIK 0702 - 15.15 WITA;6401040016_0_0;-1.8980971;116.2072759;0;0
5379;35946783;SITTI MAIMUNAH;Jl. Senaken;6401040016;64;1;40;16;KALIMANTAN TIMUR;PASER;TANAH GROGOT;SENAKEN;eyJpdiI6IlN2elhzZjlVN2sxbTQ3YlV5dWZ0Nmc9PSIsInZhbHVlIjoiMWF4Mkd4d0FGb0V2a2hTcmNVakJ1UT09IiwibWFjIjoiZDgwODBhODQxOWY1MDFkNTE0ZjdlMmYyZTgzZGJhZmFhNzgzODE2ZTZjZjA0ODg0Y2QzNmI5MWM4OTg4Y2JiZiIsInRhZyI6IiJ9;;[Kegiatan Usaha: Kedai Makanan, Kategori: -, KBLI: 56103];;;46015;;;;;invalid;;;FALSE;FALSE;TRUE;;;invalid;;;;;;sitti maimunah;1;1;4;SITTI MAIMUNAH;JL. SENAKEN;jl senaken;78;56;sitti maimunah jl senaken kbli56;4;0;1;0;Aktif;Jl Senaken;0;0;;;NAIK 0702 - 15.15 WITA;6401040016_0_0;-1.8980971;116.2072759;0;0
5415;27514908;TOKO ARMAN <SUPARMAN>;PASAR INDUK SENAKEN;6401040016;64;1;40;16;KALIMANTAN TIMUR;PASER;TANAH GROGOT;SENAKEN;eyJpdiI6Ik5abEJ2UEhYOU9qYWc5TmkwUDJ2WUE9PSIsInZhbHVlIjoiSWpJeXkycVF3cUdLOFRyaXY1VWd0Zz09IiwibWFjIjoiYjFjMThhN2I3YzM3ZWEyMzIyYTI0N2VmNzM3M2Y4MzJjMTk4OTI4YTdmNjUwZmVhMWZjZGQ1OGY2MDM0MWE2MCIsInRhZyI6IiJ9;;[Kegiatan Usaha: -, Kategori: G, KBLI: 47112];;;45990;;OSS - Perorangan;;;invalid;;;FALSE;FALSE;TRUE;;;invalid;;;;;;arman suparman;0.802681565;1;1;TOKO ARMAN <H. SUPARMAN>;Pasar penyembolum senaken, RT 2/RW 0;pasar induk senaken;79;47;arman suparman pasar induk senaken kbli47;1;0;1;1;Aktif;PASAR INDUK SENAKEN;0;0;;1;NAIK 0702 - 15.15 WITA;6401040016_0_0;-1.9044159;116.2055345;0;0
5453;27517704;MUSLIANSYAH;Jl. Senaken;6401040016;64;1;40;16;KALIMANTAN TIMUR;PASER;TANAH GROGOT;SENAKEN;eyJpdiI6ImxkN0k2RU9CcUhHRGpST2JOK1ppL2c9PSIsInZhbHVlIjoiTm9aWG03blhOSEVLN2xOZWdLdmROUT09IiwibWFjIjoiYjhkNjIwZTJjMzNlNjA1MjAzM2ZlZmJkMjNmNGU1NTM4YWUzNmYxNDJiNTE4YWZkZGJlODUwZmI3OGE2ODM5MCIsInRhZyI6IiJ9;;"[Kegiatan Usaha: -, Kategori: -, KBLI: 55900]; [Kegiatan Usaha: Penyediaan Akomodasi Lainnya, Katego...";;;45985;;OSS - Perorangan;;;invalid;;;FALSE;FALSE;TRUE;;;invalid;;;;;;musliansyah;1;1;4;MUSLIANSYAH;Jl. Senaken;jl senaken;80;55;musliansyah jl senaken kbli55;4;0;1;0;Aktif;Jl Senaken;0;0;;;NAIK 0702 - 15.15 WITA;6401040016_0_0;-1.8980971;116.2072759;0;0
5480;31221710;AHMAD RUDINI;Toko Rudi Senaken Jl. Senaken RT. 10;6401040016;64;1;40;16;KALIMANTAN TIMUR;PASER;TANAH GROGOT;SENAKEN;eyJpdiI6IlFaamR2N1VObkxtWHFlZlhOVW1pcGc9PSIsInZhbHVlIjoiTFRtQVh5RWw2NGdxUzl0SEV0dWU5dz09IiwibWFjIjoiMjg1ZjhmMTQ1ZjEyOWJmYjE1NWQ5MGNiM2I5MDY4MDRjYWI2OTliYjdlMjM4NTJiMTE5YmZmYjZhODNjNDY4MSIsInRhZyI6IiJ9;;"[Kegiatan Usaha: -, Kategori: -, KBLI: 47112]; [Kegiatan Usaha: -, Kategori: -, KBLI: 47241]; [Kegia...";;;45985;;OSS - Perorangan;;;invalid;;;FALSE;FALSE;TRUE;;;invalid;;;;;;ahmad rudini;0.887660925;1;1;toko rudi <ahmad rudini>;jln senaken, RT 10/RW 0;toko rudi senaken jl senaken rt 10;81;47;ahmad rudini toko rudi senaken jl senaken rt 10 kbli47;1;0;1;0;Aktif;Toko Rudi Senaken Jl Senaken RT 10;10;0;;;NAIK 0702 - 15.15 WITA;6401040016_10_0;-1.89875;116.206633;0;0
5512;31758448;Toko Wahdahniah <WAHDANIAH>;PASAR INDUK SENAKEN;6401040016;64;1;40;16;KALIMANTAN TIMUR;PASER;TANAH GROGOT;SENAKEN;eyJpdiI6Imo5clNZa2pTMDBQOUQ4M0JzL0ZrNUE9PSIsInZhbHVlIjoiTCtSZzAwMzJZSVlBaEd1NVIranNyQT09IiwibWFjIjoiOTg5MGQwNjUxNTQzNTJhZGFhN2Y3ZmM4OGQxNzJlMWM0NDA3NDFkNzYwM2Q1YjI3ZjFmZmFlYzUyMDEwNmRhMSIsInRhZyI6IiJ9;;"[Kegiatan Usaha: -, Kategori: G, KBLI: 47112]; [Kegiatan Usaha: -, Kategori: G, KBLI: 47241]";;;45990;;OSS - Perorangan;;;invalid;;;FALSE;FALSE;TRUE;;;invalid;;;;;;wahdahniah wahdaniah;0.849906835;1;1;SEMBAKO WAHDANIAH <WAHDANIAH>;Pasar senaken, RT 0/RW 0;pasar induk senaken;82;47;wahdahniah wahdaniah pasar induk senaken kbli47;1;0;1;1;Aktif;PASAR INDUK SENAKEN;0;0;;1;NAIK 0702 - 15.15 WITA;6401040016_0_0;-1.9044159;116.2055345;0;0
5545;29911907;SUPRIADI. T;Pasar Senaken;6401040016;64;1;40;16;KALIMANTAN TIMUR;PASER;TANAH GROGOT;SENAKEN;eyJpdiI6InVOd3BBT0l5TGFFODFuUnJoclB6enc9PSIsInZhbHVlIjoiMlE0Nkw4WHRKend5UlJmTll5NGRnZz09IiwibWFjIjoiYzVkMWM4ZjA2OTRkNTc3YjI1Y2I1OTllNDA1OTZhNTJlNDU5ZDgwMTRmMmI1MDdkZmM3MDY0NDVkY2U2NWI4NCIsInRhZyI6IiJ9;;"[Kegiatan Usaha: -, Kategori: -, KBLI: 47112]; [Kegiatan Usaha: Perdagangan Eceran Berbagai Macam Ba...";;;45985;;OSS - Perorangan;;;invalid;;;FALSE;FALSE;TRUE;;;invalid;;;;;;supriadi t;0.977832725;1;1;TOKO SUPRIADI <SUPRIADI T.>;Pasar senaken, RT 2/RW 0;pasar senaken;83;47;supriadi t pasar senaken kbli47;1;0;1;0;Aktif;Pasar Senaken;0;0;;1;NAIK 0702 - 15.15 WITA;6401040016_0_0;-1.9044159;116.2055345;0;0
5587;26715670;SIDE;"Jalan Senaken Gang Darussalam RT. 008 No. 024  "" WARUNG BU JUMA """;6401040016;64;1;40;16;KALIMANTAN TIMUR;PASER;TANAH GROGOT;SENAKEN;eyJpdiI6Inl4c3ZqVzJRa2IxNFlVaGZrdGlkSXc9PSIsInZhbHVlIjoiKy9OWjdJMnd3T0VYc3o0SmlKS1RJUT09IiwibWFjIjoiYTg1ZDM0NDZkNTYyNjVjYWNiZWVhMjE1YmE2NjhjMWVhMGFhODg3MmViNmZlMDA0MWUwNTQ1NTI4NmEyYTkzOCIsInRhZyI6IiJ9;;"[Kegiatan Usaha: -, Kategori: -, KBLI: 56102]; [Kegiatan Usaha: Rumah/Warung Makan, Kategori: , KBLI...";;;45985;;OSS - Perorangan;;;invalid;;;FALSE;FALSE;TRUE;;;invalid;;;;;;side;1;1;4;SIDE;"Jalan Senaken Gang Darussalam RT. 008 No. 024  "" WARUNG BU JUMA """;jalan senaken gang darussalam rt 008 no 024 warung bu juma;84;56;side jalan senaken gang darussalam rt 008 no 024 warung bu juma kbli56;4;0;1;0;Aktif;Jalan Senaken Gang Darussalam RT 008 No 024 WARUNG BU JUMA;8;0;;;NAIK 0702 - 15.15 WITA;6401040016_8_0;-1.90095;116.208742;0;0
5609;28833443;ST.AMINAH;Senaken;6401040016;64;1;40;16;KALIMANTAN TIMUR;PASER;TANAH GROGOT;SENAKEN;eyJpdiI6IlJZZnZQR1pTUzNyYm8wQUhpTEdRb0E9PSIsInZhbHVlIjoid29kVXVBb2N6b2piZUxmcVZ5VkJCdz09IiwibWFjIjoiZTMzMTMwMmFiMzkwNzE0OTMxNWIyMmVlM2M0MmM0ZmVmOTM2ZDUwYzdmODljMjc3Mjg1N2YzZGVjYmE4MWQ5NSIsInRhZyI6IiJ9;;"[Kegiatan Usaha: -, Kategori: -, KBLI: 47192]; [Kegiatan Usaha: -, Kategori: -, KBLI: 47112]; [Kegia...";;;45985;;OSS - Perorangan;;;invalid;;;FALSE;FALSE;TRUE;;;invalid;;;;;;st aminah;0.857900743;1;1;SEMBAKO SITI AMINAH <ST. AMINAH>;Pasar senaken, RT 0/RW 0;senaken;85;47;st aminah senaken kbli47;99;0;1;0;Aktif;Senaken;0;0;;;NAIK 0702 - 15.15 WITA;6401040016_0_0;-1.8980971;116.2072759;0;0
5624;18346526;PUNGGAWA DAENG MAPPILE;jl. senaken gg lbk no. 140;6401040016;64;1;40;16;KALIMANTAN TIMUR;PASER;TANAH GROGOT;SENAKEN;eyJpdiI6IitVSDNMUlNpbHNuRy9VekptRFNpREE9PSIsInZhbHVlIjoidlNVUUJYaDJLWGF0LzBhbXlDZHJDZz09IiwibWFjIjoiNzUzNzFkYTM2N2Q1MzY3MjY4NmY2NmUyZmI3NDk4MDUxYTQ0Mjk4NTk2YTdiYzNmMjcwNWNkMzYzMGVjNjVjZCIsInRhZyI6IiJ9;;"[Kegiatan Usaha: Aktivitas Penyedia Gabungan Jasa Penunjang Fasilitas, Kategori: , KBLI: 81100]; [Ke...";;;45985;;OSS - Badan Usaha;;;invalid;;;FALSE;FALSE;TRUE;;;invalid;;;;;;punggawa daeng mappile;1;1;4;PUNGGAWA DAENG MAPPILE;jl. senaken gg lbk no. 140;jl senaken gg lbk no 140;86;81;punggawa daeng mappile jl senaken gg lbk no 140 kbli81;4;0;1;0;Aktif;jl senaken gg lbk no 140;0;0;;;NAIK 0702 - 15.15 WITA;6401040016_0_0;-1.8980971;116.2072759;0;0
5643;27141860;SITI KHOIRIYAH;JL. SENAKEN GG. JEMBATAN 2 RT.012;6401040016;64;1;40;16;KALIMANTAN TIMUR;PASER;TANAH GROGOT;SENAKEN;eyJpdiI6IkJ3VEI1dEhIdzZkdGhrVFZ4UzZRalE9PSIsInZhbHVlIjoiREVEY1RFMFhmbkFJRE5nMWFwOWQydz09IiwibWFjIjoiZjhkOWJiMDY2NDU4MTM0ZDU2MzQyZWJkYTc4NDEzN2Q5ZjA3OTYzYmY0N2EwYjhiZmIzNzAxNDJjN2RhZDA3ZiIsInRhZyI6IiJ9;;"[Kegiatan Usaha: -, Kategori: -, KBLI: 10794]; [Kegiatan Usaha: -, Kategori: -, KBLI: 10793]; [Kegia...";;;45985;;OSS - Perorangan;;;invalid;;;FALSE;FALSE;TRUE;;;invalid;;;;;;siti khoiriyah;0.91666069;1;1;mba siti peyek  <siti khoiriyah>;jln senaken gg jembatan 2, RT 12/RW 0;jl senaken gg jembatan 2 rt 012;87;10;siti khoiriyah jl senaken gg jembatan 2 rt 012 kbli10;1;0;1;0;Aktif;JL SENAKEN GG JEMBATAN 2 RT012;12;0;;;NAIK 0702 - 15.15 WITA;6401040016_12_0;-1.89498;116.211771;0;0
5680;32590524;ERNAWATI;JL. SENAKEN GG. PAGAR ALAM;6401040016;64;1;40;16;KALIMANTAN TIMUR;PASER;TANAH GROGOT;SENAKEN;eyJpdiI6Ik5PY2lueS83QWZJcGRHTFA0YlZDVlE9PSIsInZhbHVlIjoiL3BwTitCNCtWTTdmcDN1TGd3R2ZIUT09IiwibWFjIjoiZTRlYjdiZDIyZTc5ZjU5MDc4MmYyZjRhMDU0MWVkODExZWYzODMzMzI1NTQ4NTY1NjhiZjkxZDBhZTA4NmZlYiIsInRhZyI6IiJ9;;[Kegiatan Usaha: -, Kategori: -, KBLI: 47112];;;46006;;OSS - Perorangan;;;invalid;;;FALSE;FALSE;TRUE;;;invalid;;;;;;ernawati;0.800786517;1;1;ERNAWATI;Pasar senaken, RT 0/RW 0;jl senaken gg pagar alam;88;47;ernawati jl senaken gg pagar alam kbli47;1;0;1;0;Aktif;JL SENAKEN GG PAGAR ALAM;0;0;;;NAIK 0702 - 15.15 WITA;6401040016_0_0;-1.8980971;116.2072759;0;0
5809;31823051;TOKO MIRNAWATI;Jl. senaken;6401040016;64;1;40;16;KALIMANTAN TIMUR;PASER;TANAH GROGOT;SENAKEN;eyJpdiI6IlRKN0J0MDRKaWdVNStRSHgvdElSVVE9PSIsInZhbHVlIjoiakEzZEd5d2ZBQzFMT1c3SUluckovZz09IiwibWFjIjoiOTZkYjU2Y2MzMDJiMzRjMDRjOTUyMGNhY2QwNDI5NTYzMTYxODU0NTgzMWExNTNiNTUzNjY3OWU0OWE5OTE3ZCIsInRhZyI6IiJ9;;[Kegiatan Usaha: -, Kategori: G, KBLI: 47112];;;45990;;OSS - Perorangan;;;invalid;;;FALSE;FALSE;TRUE;;;invalid;;;;;;mirnawati;0.839158348;1;1;REMPAH SITI MIRNAWATI <SITI MIRNAWATI>;Pasar senaken, RT 0/RW 0;jl senaken;92;47;mirnawati jl senaken kbli47;1;0;1;0;Aktif;Jl senaken;0;0;;;NAIK 0702 - 15.15 WITA;6401040016_0_0;-1.8980971;116.2072759;0;0
5836;26232798;SUNANI;JL SENAKEN GG ALAM PERMAI 2;6401040016;64;1;40;16;KALIMANTAN TIMUR;PASER;TANAH GROGOT;SENAKEN;eyJpdiI6IklVdWQ3WHpWRldDVW9lZzk1aFdMeVE9PSIsInZhbHVlIjoidDZ0bDRqaFllc2RIc0lRSFZ5eDdUUT09IiwibWFjIjoiMjJlZWJkZTJlMTJiODMyMjljMzFmZmFmYjhkNWFjZjFkNTk5ZjE5NzZhY2MzYjBmMTM3MGMyMWY3NDVkMjZlNyIsInRhZyI6IiJ9;;"[Kegiatan Usaha: -, Kategori: -, KBLI: 47831]; [Kegiatan Usaha: Perdagangan Eceran Kaki Lima Dan Los...";;;45985;;OSS - Perorangan;;;invalid;;;FALSE;FALSE;TRUE;;;invalid;;;;;;sunani;0.811383672;1;1;toko heru <sunani>;jln senaken gg alam permai 2, RT 7/RW 0;jl senaken gg alam permai 2;93;47;sunani jl senaken gg alam permai 2 kbli47;1;0;1;0;Aktif;JL SENAKEN GG ALAM PERMAI 2;0;0;;;NAIK 0702 - 15.15 WITA;6401040016_0_0;-1.8980971;116.2072759;0;0
5857;32125888;MANDRIANA;JL. SENAKEN GG. DARUSSALAM;6401040016;64;1;40;16;KALIMANTAN TIMUR;PASER;TANAH GROGOT;SENAKEN;eyJpdiI6ImpheExXeWVKalNrUGE1TVlyYW00bGc9PSIsInZhbHVlIjoiTk9vMGxncjRsTHErOTJWVDRrRjJOQT09IiwibWFjIjoiZTVmMWU1NzBhNjEwYzFlZWIzYzI0ZTQ5YmI5MDJhZmFiOGNhNWNlMzQxY2M2M2FjNGQyNjAxOGZjMGViNjc0ZCIsInRhZyI6IiJ9;;"[Kegiatan Usaha: -, Kategori: -, KBLI: 47112]; [Kegiatan Usaha: Perdagangan Eceran Berbagai Macam Ba...";;;45985;;OSS - Perorangan;;;invalid;;;FALSE;FALSE;TRUE;;;invalid;;;;;;mandriana;0.816951039;1;1;toko berkah 99 <mandriana>;jln senaken gg darussalam , RT 8/RW 0;jl senaken gg darussalam;94;47;mandriana jl senaken gg darussalam kbli47;1;0;1;0;Aktif;JL SENAKEN GG DARUSSALAM;0;0;;;NAIK 0702 - 15.15 WITA;6401040016_0_0;-1.9006768;116.2026752;0;0
5881;32541412;MARLINA;JL. SENAKEN;6401040016;64;1;40;16;KALIMANTAN TIMUR;PASER;TANAH GROGOT;SENAKEN;eyJpdiI6IjdMdU5RUksyNm51Vy9QOFlkYndwbVE9PSIsInZhbHVlIjoick0rNzZneW5zRGx1eDQ2d1hEYVJyUT09IiwibWFjIjoiZTFkMTBmNWY1MjA3YTg1MmRmMWY5YzZhN2Y1YjZmYTU3ZjI4OWI3ODIwODJmNzhkMzdjY2UzOGE0MTgyZjQ4MSIsInRhZyI6IiJ9;;[Kegiatan Usaha: -, Kategori: -, KBLI: 56102];;;46006;;OSS - Perorangan;;;invalid;;;FALSE;FALSE;TRUE;;;invalid;;;;;;marlina;0.823561435;1;1;TOKO MARLINA <MARLINA>;Pasar penyembolum senaken, RT 2/RW 0;jl senaken;95;56;marlina jl senaken kbli56;1;0;1;0;Aktif;JL SENAKEN;0;0;;;NAIK 0702 - 15.15 WITA;6401040016_0_0;-1.8980971;116.2072759;0;0
5935;31769543;NORBAYAH;Senaken;6401040016;64;1;40;16;KALIMANTAN TIMUR;PASER;TANAH GROGOT;SENAKEN;eyJpdiI6IjdLRW5QVllQdzgvWlN2UStxTjFMSWc9PSIsInZhbHVlIjoiNnhHVHhaUGFmV1BiMlBSc2NGTldNZz09IiwibWFjIjoiZjkwMmFhMDY2YjMxMTE3MzRiYzU0NzZkNjczOGY0ZTM2NjQ5N2YwYjI5YzA2ZDUyZmRkZWY0ZmNmM2Y3N2JmOCIsInRhZyI6IiJ9;;"[Kegiatan Usaha: -, Kategori: -, KBLI: 47112]; [Kegiatan Usaha: Perdagangan Eceran Berbagai Macam Ba...";;;45985;;OSS - Perorangan;;;invalid;;;FALSE;FALSE;TRUE;;;invalid;;;;;;norbayah;0.813430054;1;1;IKAN ASIN NORBAYAH <nurbayah>;Pasar senaken, RT 0/RW 0;senaken;96;47;norbayah senaken kbli47;4;0;1;0;Aktif;Senaken;0;0;;;NAIK 0702 - 15.15 WITA;6401040016_0_0;-1.8980971;116.2072759;0;0
5961;26224882;ARDIANSYAH;JL. SENAKEN GG. SAUDARA;6401040016;64;1;40;16;KALIMANTAN TIMUR;PASER;TANAH GROGOT;SENAKEN;eyJpdiI6IlFvYmVxU2dMWG9wZDNlbGVJVlFoNWc9PSIsInZhbHVlIjoiK21UdzB4L2FyWUNEZlhla2F2OHJXdz09IiwibWFjIjoiNjdjMTQ5OTA5NGM3NGRlYmVjMDY3Yjc5ZjRlOTFkNTUyMGE2M2M2MjliMzgwOTk5NTVmYjMwNzE2NWE4NjQ1NCIsInRhZyI6IiJ9;;[Kegiatan Usaha: -, Kategori: G, KBLI: 47192];;;46006;;OSS - Perorangan;;;invalid;;;FALSE;FALSE;TRUE;;;invalid;;;;;;ardiansyah;0.835844403;1;1;IKAN BASAH ARDIANSYAH <ARDIANSYAH>;Pasar senaken blok c, RT 0/RW 0;jl senaken gg saudara;97;47;ardiansyah jl senaken gg saudara kbli47;1;0;1;0;Aktif;JL SENAKEN GG SAUDARA;0;0;;;NAIK 0702 - 15.15 WITA;6401040016_0_0;-1.8980971;116.2072759;0;0
5989;44874129;MITRA KURNIA TRANSPORT;Jl. Senaken Gg. Famili;6401040016;64;1;40;16;KALIMANTAN TIMUR;PASER;TANAH GROGOT;SENAKEN;eyJpdiI6IjY3SVNyNDA1emgvTzhRamRoc3kxTHc9PSIsInZhbHVlIjoiYkFGdjM5dDVxOWZzdTBRVk9uMGZiZz09IiwibWFjIjoiM2ZlNzhhMWJhYzljZWRiNTA5NzhhNmZjYjZkNDdhYzAwYjRmYTg3NDA3Mzg4Nzg4ZjFlMGQxODZmMjJmNTBiMSIsInRhZyI6IiJ9;;"[Kegiatan Usaha: -, Kategori: -, KBLI: 49422]; [Kegiatan Usaha: -, Kategori: -, KBLI: 49429]; [Kegia...";;;;;OSS - Perorangan;;;invalid;;;FALSE;FALSE;TRUE;;;invalid;;;;;;mitra kurnia transport;1;1;1;MITRA KURNIA TRANSPORT;Jl. Senaken Gg. Famili;jl senaken gg famili;98;49;mitra kurnia transport jl senaken gg famili kbli49;1;0;1;0;Aktif;Jl Senaken Gg Famili;0;0;;;NAIK 0702 - 15.15 WITA;6401040016_0_0;-1.8980971;116.2072759;0;0
6008;42736371;MITRA KURNIA TRANSPORT;Jl. Senaken Gg. Famili;6401040016;64;1;40;16;KALIMANTAN TIMUR;PASER;TANAH GROGOT;SENAKEN;eyJpdiI6InYyQ1B0c0xES0Uwa1BBUHFWaXBheHc9PSIsInZhbHVlIjoiVHBwTi9rSjFwTFZJWFAzQnd6SHd2QT09IiwibWFjIjoiZDBlZDVkZGZiNzdkYmJhODkxMzY5MGIzNzkzMWE2MzU1YTU4NzgwNTIxZjM3ZDlmZDA1ZTQ1NTQwODdiYjE1MCIsInRhZyI6IiJ9;;"[Kegiatan Usaha: -, Kategori: -, KBLI: 49415]; [Kegiatan Usaha: -, Kategori: -, KBLI: 49422]; [Kegia...";;;;;OSS - Badan Usaha;;;invalid;;;FALSE;FALSE;TRUE;;;invalid;;;;;;mitra kurnia transport;1;1;4;MITRA KURNIA TRANSPORT;Jl. Senaken Gg. Famili;jl senaken gg famili;98;49;mitra kurnia transport jl senaken gg famili kbli49;4;0;1;0;Aktif;Jl Senaken Gg Famili;0;0;;;NAIK 0702 - 15.15 WITA;6401040016_0_0;-1.8980971;116.2072759;0;0
6020;44623601;BERKAHTAMA MULIA NUSANTARA;JALAN SENAKEN, GANG ALAM PERMAI 2;6401040016;64;1;40;16;KALIMANTAN TIMUR;PASER;TANAH GROGOT;SENAKEN;eyJpdiI6IkxORTVXTHlrVFlyM1JlVjQzVU10Znc9PSIsInZhbHVlIjoiRFRSVVNDTjh5Q2syellDUk9WcGgvZz09IiwibWFjIjoiZjU3ZDViZTE1MTZkNGQyZDdmNTUxZTRlMzI3MTcxZWE4OTBhZTU5NzRkYWRhYzAwNjJlYjk5OWM0NGJmMjdmNCIsInRhZyI6IiJ9;;[Kegiatan Usaha: -, Kategori: -, KBLI: 47112];;;;;OSS - Perorangan;;;invalid;;;FALSE;FALSE;TRUE;;;invalid;;;;;;berkahtama mulia nusantara;1;1;1;BERKAHTAMA MULIA NUSANTARA;JALAN SENAKEN, GANG ALAM PERMAI 2;jalan senaken gang alam permai 2;99;47;berkahtama mulia nusantara jalan senaken gang alam permai 2 kbli47;1;0;1;0;Aktif;JALAN SENAKEN GANG ALAM PERMAI 2;0;0;;;NAIK 0702 - 15.15 WITA;6401040016_0_0;-1.9011886;116.2084785;0;0
6028;42735312;BERKAHTAMA MULIA NUSANTARA;JALAN SENAKEN, GANG ALAM PERMAI 2;6401040016;64;1;40;16;KALIMANTAN TIMUR;PASER;TANAH GROGOT;SENAKEN;eyJpdiI6IkE4MG1uTnVhMitoYVNzK2tLdjhMdVE9PSIsInZhbHVlIjoiU0RkSmNySExGdktiTmVQV3dqVXBUZz09IiwibWFjIjoiMWI2ZDBmOWIwNTUyMGMxMTQ2NmJiZjQyOTdkNzZhMzZiZTczYTJjZjM4YmY0ZTIzNWRjZjA1Njk1NzdiNTUyOSIsInRhZyI6IiJ9;;[Kegiatan Usaha: -, Kategori: -, KBLI: 47112];;;;;OSS - Badan Usaha;;;invalid;;;FALSE;FALSE;TRUE;;;invalid;;;;;;berkahtama mulia nusantara;1;1;4;BERKAHTAMA MULIA NUSANTARA;JALAN SENAKEN, GANG ALAM PERMAI 2;jalan senaken gang alam permai 2;99;47;berkahtama mulia nusantara jalan senaken gang alam permai 2 kbli47;4;0;1;0;Aktif;JALAN SENAKEN GANG ALAM PERMAI 2;0;0;;;NAIK 0702 - 15.15 WITA;6401040016_0_0;-1.9011886;116.2084785;0;0
6048;45039933;FIRAZ JAYA MANDIRI;Jalan Senaken Gang LBK 1 No 181;6401040016;64;1;40;16;KALIMANTAN TIMUR;PASER;TANAH GROGOT;SENAKEN;eyJpdiI6IjVkcjRzQ2JMZ0FZZGJ4ZVJPZklFZFE9PSIsInZhbHVlIjoiMGU1UnVVa1MrWm5WWmt1UXBEekg3QT09IiwibWFjIjoiNDZmMDg3MmNjZmRlZTBlZjlkYmIzMjE1OWZjMTg1Y2I3OWY0NmJkOGFiYTYwMDI5MGIwZTRlYWU5ZjcxOGMxYiIsInRhZyI6IiJ9;;"[Kegiatan Usaha: -, Kategori: -, KBLI: 46100]; [Kegiatan Usaha: -, Kategori: -, KBLI: 46521]; [Kegia...";;;;;OSS - Perorangan;;;invalid;;;FALSE;FALSE;TRUE;;;invalid;;;;;;firaz jaya mandiri;0.863433596;1;1;FIRAZ JAYA MANDIRI;Jalan Senaken Gang LBK 1 No 181;jalan senaken gang lbk 1 no 181;100;46;firaz jaya mandiri jalan senaken gang lbk 1 no 181 kbli46;1;0;1;0;Aktif;Jalan Senaken Gang LBK 1 No 181;0;0;;;NAIK 0702 - 15.15 WITA;6401040016_0_0;-1.8980971;116.2072759;0;0
6050;42736122;FIRAZ JAYA MANDIRI;Jalan Senaken Gang LBK 1 No 181;6401040016;64;1;40;16;KALIMANTAN TIMUR;PASER;TANAH GROGOT;SENAKEN;eyJpdiI6IjFkMW9ielA3TndvYkxDZUNBYWpmL0E9PSIsInZhbHVlIjoiV0JJaUNGeEhQMmNzTDFNQlBtc1RxZz09IiwibWFjIjoiZmRkNjEzYmRiMjAyNTRkNTdiOWVkMmFjN2U0YzlmODQ5YzUxZDNhZWRiNzdkYjdjODZmNzc5MWE1YmIzMmZmYyIsInRhZyI6IiJ9;;"[Kegiatan Usaha: -, Kategori: -, KBLI: 41011]; [Kegiatan Usaha: -, Kategori: -, KBLI: 41016]; [Kegia...";;;;;OSS - Badan Usaha;;;invalid;;;FALSE;FALSE;TRUE;;;invalid;;;;;;firaz jaya mandiri;0.863433596;1;4;FIRAZ JAYA MANDIRI;Jalan Senaken Gang LBK 1 No 181;jalan senaken gang lbk 1 no 181;100;41;firaz jaya mandiri jalan senaken gang lbk 1 no 181 kbli41;4;0;1;0;Aktif;Jalan Senaken Gang LBK 1 No 181;0;0;;;NAIK 0702 - 15.15 WITA;6401040016_0_0;-1.8980971;116.2072759;0;0
6064;45030629;PASIR BORNEO BERSAMA;Jl.Senaken Nomor 28;6401040016;64;1;40;16;KALIMANTAN TIMUR;PASER;TANAH GROGOT;SENAKEN;eyJpdiI6ImUybW5TZGdkbFRiWW41bVhTNUJGL3c9PSIsInZhbHVlIjoiTnBGRCtvaU5vNktZb2ZMK0E4MlR6UT09IiwibWFjIjoiZjBjMmVhN2Y4ZjIyZDBhNmUzM2MyZDA5MjczYmYzYjVjMDVlZTk5YmI1ZjgxOGI0ODc5NzgxOTdmMjFhNmJiMiIsInRhZyI6IiJ9;;"[Kegiatan Usaha: -, Kategori: -, KBLI: 46638]; [Kegiatan Usaha: -, Kategori: -, KBLI: 46634]";;;;;OSS - Perorangan;;;invalid;;;FALSE;FALSE;TRUE;;;invalid;;;;;;pasir borneo bersama;1;1;1;PASIR BORNEO BERSAMA;Jl.Senaken Nomor 28;jl senaken nomor 28;101;46;pasir borneo bersama jl senaken nomor 28 kbli46;1;0;1;0;Aktif;JlSenaken Nomor 28;0;0;;;NAIK 0702 - 15.15 WITA;6401040016_0_0;-1.8980971;116.2072759;0;0
6076;42735977;PASIR BORNEO BERSAMA;Jl.Senaken Nomor 28;6401040016;64;1;40;16;KALIMANTAN TIMUR;PASER;TANAH GROGOT;SENAKEN;eyJpdiI6ImRkTHFhck9kUXduVithK05URFNHK3c9PSIsInZhbHVlIjoiTWJnL25xS0FhQWdsSkpIczlUV0Z4Zz09IiwibWFjIjoiYmJmNGFkMDhkOTA3M2EwOThkYmE4OTUwMTU5OGIxNDEzMjUwN2JlYmQ2ZjBmYjRiNzZiM2Q1N2YyZmVlNGUyZCIsInRhZyI6IiJ9;;"[Kegiatan Usaha: -, Kategori: -, KBLI: 46634]; [Kegiatan Usaha: -, Kategori: -, KBLI: 46638]";;;;;OSS - Badan Usaha;;;invalid;;;FALSE;FALSE;TRUE;;;invalid;;;;;;pasir borneo bersama;1;1;4;PASIR BORNEO BERSAMA;Jl.Senaken Nomor 28;jl senaken nomor 28;101;46;pasir borneo bersama jl senaken nomor 28 kbli46;4;0;1;0;Aktif;JlSenaken Nomor 28;0;0;;;NAIK 0702 - 15.15 WITA;6401040016_0_0;-1.8980971;116.2072759;0;0
6097;46365206;RAKILA ENERGI KHATULISTIWA;Jalan Senaken;6401040016;64;1;40;16;KALIMANTAN TIMUR;PASER;TANAH GROGOT;SENAKEN;eyJpdiI6InNxTW1JMVFKdmVRQSsrU2NoWGFVcEE9PSIsInZhbHVlIjoiRDRGNFFBNVZWZUlzbUVhSHorMm1BQT09IiwibWFjIjoiMzM5NDg0OWY4NDkxODg2MDlhODlmZWJiZDllMmFhZWM1YWRhY2E3Yjg5YTNjODk3Mzg1Njk0MWRjYjJjM2I2MiIsInRhZyI6IiJ9;;[Kegiatan Usaha: -, Kategori: -, KBLI: 47301];;;;;OSS - Perorangan;;;invalid;;;FALSE;FALSE;TRUE;;;invalid;;;;;;rakila energi khatulistiwa;1;1;1;RAKILA ENERGI KHATULISTIWA;Jalan Senaken;jalan senaken;103;47;rakila energi khatulistiwa jalan senaken kbli47;1;0;1;0;Aktif;Jalan Senaken;0;0;;;NAIK 0702 - 15.15 WITA;6401040016_0_0;-1.8980971;116.2072759;0;0
6099;42740722;RAKILA ENERGI KHATULISTIWA;Jalan Senaken;6401040016;64;1;40;16;KALIMANTAN TIMUR;PASER;TANAH GROGOT;SENAKEN;eyJpdiI6IklPb1hPZGMvanBsZ241aGNKbEVVMUE9PSIsInZhbHVlIjoiTXQwVHk4dk5pTHhZWTgxSVRRbE8rUT09IiwibWFjIjoiM2Y1M2ExOTE4MjkyN2EyNTg1N2M0ODllOTFlNWFjMzUwMjg3MzY3ODNjMWViMGM5YTUyMWUwNzM3ZDI5ZmYxYSIsInRhZyI6IiJ9;;[Kegiatan Usaha: -, Kategori: -, KBLI: 47301];;;;;OSS - Badan Usaha;;;invalid;;;FALSE;FALSE;TRUE;;;invalid;;;;;;rakila energi khatulistiwa;1;1;4;RAKILA ENERGI KHATULISTIWA;Jalan Senaken;jalan senaken;103;47;rakila energi khatulistiwa jalan senaken kbli47;4;0;1;0;Aktif;Jalan Senaken;0;0;;;NAIK 0702 - 15.15 WITA;6401040016_0_0;-1.8980971;116.2072759;0;0
6114;43711994;ALTA MUDA ENGINEERING;JALAN SENAKEN, GANG FAJAR NO. 47;6401040016;64;1;40;16;KALIMANTAN TIMUR;PASER;TANAH GROGOT;SENAKEN;eyJpdiI6Ii9rMTlSTGhiUVBOREY4eGZSNXE0SlE9PSIsInZhbHVlIjoiQ3NNNTBSWU5wYUlwcUdEV3B0UEthQT09IiwibWFjIjoiNTViY2Q2OTJhZmY5ZGEwMjVmZTVjMjQ2Y2JiMjVjZTAyYzI5NjY4YzQ3NDkzODZhZjI5NGFjYTRmNzcwZThjMyIsInRhZyI6IiJ9;;"[Kegiatan Usaha: -, Kategori: -, KBLI: 74202]; [Kegiatan Usaha: -, Kategori: -, KBLI: 71101]; [Kegia...";;;;;OSS - Perorangan;;;invalid;;;FALSE;FALSE;TRUE;;;invalid;;;;;;alta muda engineering;0.885954924;1;1;ALTA MUDA ENGINEERING;JALAN SENAKEN, GANG FAJAR NO. 47;jalan senaken gang fajar no 47;104;74;alta muda engineering jalan senaken gang fajar no 47 kbli74;1;0;1;0;Aktif;JALAN SENAKEN GANG FAJAR NO 47;0;0;;;NAIK 0702 - 15.15 WITA;6401040016_0_0;-1.899625;116.205709;0;0
6124;42730832;ALTA MUDA ENGINEERING;JALAN SENAKEN, GANG FAJAR NO. 47;6401040016;64;1;40;16;KALIMANTAN TIMUR;PASER;TANAH GROGOT;SENAKEN;eyJpdiI6IkdsUlhrUnM2VFRqY3A0SE9wVGlac3c9PSIsInZhbHVlIjoiRWh1cTNwUlZCRTl4Z1d5N1d0Y2pnUT09IiwibWFjIjoiMmVhNGVmODU5MjdkN2I1OWE2ZDg2NzEzY2Y0ZDRmZDdjM2ZhZTZiYThkMDE1Njk3N2RlZjQ3MjE2Zjg1ODFjMyIsInRhZyI6IiJ9;;"[Kegiatan Usaha: -, Kategori: -, KBLI: 70202]; [Kegiatan Usaha: -, Kategori: -, KBLI: 71101]; [Kegia...";;;;;OSS - Badan Usaha;;;invalid;;;FALSE;FALSE;TRUE;;;invalid;;;;;;alta muda engineering;0.885954924;1;4;ALTA MUDA ENGINEERING;JALAN SENAKEN, GANG FAJAR NO. 47;jalan senaken gang fajar no 47;104;70;alta muda engineering jalan senaken gang fajar no 47 kbli70;4;0;1;0;Aktif;JALAN SENAKEN GANG FAJAR NO 47;0;0;;;NAIK 0702 - 15.15 WITA;6401040016_0_0;-1.899625;116.205709;0;0
6135;47116883;LANGIT BIRU KEMAKMURAN;JALAN SENAKEN GANG DARUSSALAM NOMOR 013;6401040016;64;1;40;16;KALIMANTAN TIMUR;PASER;TANAH GROGOT;SENAKEN;eyJpdiI6ImxMNHd5aTBnRW1SRThDaG1UYUFlUEE9PSIsInZhbHVlIjoiQXhuSGNUUFNvUGQ3QmpHWGFGem1Edz09IiwibWFjIjoiMjdkMmNkOWE4MDNlNzJiNzAxOGUzMjA1MTI0NzFhYmFhODZkNmEwMTA1YWE4NmRjMDBjMTA5ZmRhM2I3N2RlNCIsInRhZyI6IiJ9;;"[Kegiatan Usaha: -, Kategori: -, KBLI: 46100]; [Kegiatan Usaha: -, Kategori: -, KBLI: 46634]";;;;;OSS - Perorangan;;;invalid;;;FALSE;FALSE;TRUE;;;invalid;;;;;;langit biru kemakmuran;1;1;1;LANGIT BIRU KEMAKMURAN;JALAN SENAKEN GANG DARUSSALAM NOMOR 013;jalan senaken gang darussalam nomor 013;105;46;langit biru kemakmuran jalan senaken gang darussalam nomor 013 kbli46;1;0;1;0;Aktif;JALAN SENAKEN GANG DARUSSALAM NOMOR 013;0;0;;;NAIK 0702 - 15.15 WITA;6401040016_0_0;-1.9006768;116.2026752;0;0
6137;42742732;LANGIT BIRU KEMAKMURAN;JALAN SENAKEN GANG DARUSSALAM NOMOR 013;6401040016;64;1;40;16;KALIMANTAN TIMUR;PASER;TANAH GROGOT;SENAKEN;eyJpdiI6IkJXd2hBeDhjWndnM0M0bXJRUDlMdVE9PSIsInZhbHVlIjoiSFJndTFleEd3VThMY2cxMlBpRjF0Zz09IiwibWFjIjoiOGZiOTI0MTJhMDE1NWRjMjVmNjlkNzc0N2MwZmFmYmZjNzAwODc4YjZiMTBiNWQxYjRjMTU0MmJmMzRlMGE0ZiIsInRhZyI6IiJ9;;"[Kegiatan Usaha: -, Kategori: -, KBLI: 46100]; [Kegiatan Usaha: -, Kategori: -, KBLI: 46634]";;;;;OSS - Badan Usaha;;;invalid;;;FALSE;FALSE;TRUE;;;invalid;;;;;;langit biru kemakmuran;1;1;4;LANGIT BIRU KEMAKMURAN;JALAN SENAKEN GANG DARUSSALAM NOMOR 013;jalan senaken gang darussalam nomor 013;105;46;langit biru kemakmuran jalan senaken gang darussalam nomor 013 kbli46;4;0;1;0;Aktif;JALAN SENAKEN GANG DARUSSALAM NOMOR 013;0;0;;;NAIK 0702 - 15.15 WITA;6401040016_0_0;-1.9006768;116.2026752;0;0
6168;48394689;CAKRAWALA REZEKI MANDIRI;JL. SENAKEN, GG. KENANGA;6401040016;64;1;40;16;KALIMANTAN TIMUR;PASER;TANAH GROGOT;SENAKEN;eyJpdiI6IjB2cUJhN1ZCZHROY1c4WjhJdE5EREE9PSIsInZhbHVlIjoiWTF3bUtwdXh0VnBxdW0xMjMxQVlCdz09IiwibWFjIjoiOWMxNjU2ZmY1NTlhMGYyMWQ3NjgzNTA5MDY1N2I4OTcyMzE2NjQ0NjAyYjhiODEyN2E0ZmI5M2JkOTcxYzU1MiIsInRhZyI6IiJ9;;"[Kegiatan Usaha: -, Kategori: -, KBLI: 47611]; [Kegiatan Usaha: -, Kategori: -, KBLI: 47111]; [Kegia...";;;;;OSS - Perorangan;;;invalid;;;FALSE;FALSE;TRUE;;;invalid;;;;;;cakrawala rezeki mandiri;1;1;4;CAKRAWALA REZEKI MANDIRI;JL. SENAKEN, GG. KENANGA;jl senaken gg kenanga;107;47;cakrawala rezeki mandiri jl senaken gg kenanga kbli47;4;0;1;0;Aktif;JL SENAKEN GG KENANGA;0;0;;;NAIK 0702 - 15.15 WITA;6401040016_0_0;-1.896054;116.209078;0;0
6208;47203894;PASER PUTRA MANDIRI;JL SENAKEN;6401040016;64;1;40;16;KALIMANTAN TIMUR;PASER;TANAH GROGOT;SENAKEN;eyJpdiI6Im04WFdxNkRrWHJuVlBaVi9nWlUwVXc9PSIsInZhbHVlIjoiaFpBd1RrQ2lDdE50UE03OHhBTE5wZz09IiwibWFjIjoiZGZjZDZjYjk1MzA5NDRkZTk0YzRmNDFmYjliOGNkYjgxZTg2ZWI1MDg5MzVhODU1ZTM4YzgyMjVlNGFjYTI5MiIsInRhZyI6IiJ9;;"[Kegiatan Usaha: -, Kategori: -, KBLI: 46314]; [Kegiatan Usaha: -, Kategori: -, KBLI: 46319]; [Kegia...";;;;;OSS - Perorangan;;;invalid;;;FALSE;FALSE;TRUE;;;invalid;;;;;;paser putra mandiri;1;1;4;PASER PUTRA MANDIRI;JL SENAKEN;jl senaken;109;46;paser putra mandiri jl senaken kbli46;4;0;1;0;Aktif;JL SENAKEN;0;0;;;NAIK 0702 - 15.15 WITA;6401040016_0_0;-1.8980971;116.2072759;0;0
6232;48580281;HADAFA PRATAMA;Jl. Senaken;6401040016;64;1;40;16;KALIMANTAN TIMUR;PASER;TANAH GROGOT;SENAKEN;eyJpdiI6IjNhcG9OS0liUFo5R0Vxak9POEg0TVE9PSIsInZhbHVlIjoiZFlPUGVTNzUvYytqTHdpTzNMdFpRdz09IiwibWFjIjoiMDNlOTVhZTEwNDVhNTJkNjE2NGYxZTJkYzRjMzNjZWY2ZWNjMjkzY2E2YjcwZDM2YTIwOGQxYTNiYWZkZjQ5NyIsInRhZyI6IiJ9;;"[Kegiatan Usaha: -, Kategori: -, KBLI: 01262]; [Kegiatan Usaha: -, Kategori: -, KBLI: 01461]; [Kegia...";;;;;OSS - Perorangan;;;invalid;;;FALSE;FALSE;TRUE;;;invalid;;;;;;hadafa pratama;1;1;1;HADAFA PRATAMA;Jl. Senaken;jl senaken;110;1;hadafa pratama jl senaken kbli01;1;0;1;0;Aktif;Jl Senaken;0;0;;;NAIK 0702 - 15.15 WITA;6401040016_0_0;-1.8980971;116.2072759;0;0
6235;42747239;HADAFA PRATAMA;Jl. Senaken;6401040016;64;1;40;16;KALIMANTAN TIMUR;PASER;TANAH GROGOT;SENAKEN;eyJpdiI6IlhtWG9LdzV1Z1lkSTFyM0VVOVZua0E9PSIsInZhbHVlIjoieGNyUVNJbHlIalIzcDRCUmY4aHd3QT09IiwibWFjIjoiNDA4OTYxMjY0YjE5YTFkYjExYmMyMDE0ZmIyZTM3YWUwM2M5MTgzMTI0ZmVlYTU2MWQ1OTViYzg2NWEzMWNhNSIsInRhZyI6IiJ9;;"[Kegiatan Usaha: -, Kategori: -, KBLI: 01262]; [Kegiatan Usaha: -, Kategori: -, KBLI: 01461]; [Kegia...";;;;;OSS - Badan Usaha;;;invalid;;;FALSE;FALSE;TRUE;;;invalid;;;;;;hadafa pratama;1;1;4;HADAFA PRATAMA;Jl. Senaken;jl senaken;110;1;hadafa pratama jl senaken kbli01;4;0;1;0;Aktif;Jl Senaken;0;0;;;NAIK 0702 - 15.15 WITA;6401040016_0_0;-1.8980971;116.2072759;0;0
6286;48810891;AGROMINA DIKARA IKTISAB BUANA;Jl. Senaken, No. 26;6401040016;64;1;40;16;KALIMANTAN TIMUR;PASER;TANAH GROGOT;SENAKEN;eyJpdiI6Im52c0FIQmphTXNXMFlVOWFFd2k3ZlE9PSIsInZhbHVlIjoidk9Ta09GTVJ3QVc3SXJpVUhUUW5uUT09IiwibWFjIjoiOTU3Njg3ZjU3ZTIwZWQ5MmM0ZmZmZDZlZjJiZDY1NzEwZDAwYzQxNWE3MWNkMjVhZjc4MzcxZTkwMjBlM2NiNyIsInRhZyI6IiJ9;;[Kegiatan Usaha: -, Kategori: -, KBLI: 47791];;;;;OSS - Perorangan;;;invalid;;;FALSE;FALSE;TRUE;;;invalid;;;;;;agromina dikara iktisab buana;1;1;4;AGROMINA DIKARA IKTISAB BUANA;Jl. Senaken, No. 26;jl senaken no 26;113;47;agromina dikara iktisab buana jl senaken no 26 kbli47;4;0;1;0;Aktif;Jl Senaken No 26;0;0;;;NAIK 0702 - 15.15 WITA;6401040016_0_0;-1.8980971;116.2072759;0;0
6307;48149978;SADURENGAS BERKAH CATERING;Jl. Senaken;6401040016;64;1;40;16;KALIMANTAN TIMUR;PASER;TANAH GROGOT;SENAKEN;eyJpdiI6Imo3MjhUdk5LV2xaSDVESXR6cU9Lbnc9PSIsInZhbHVlIjoiRUw3ZGZJaVF6OUJWYWpVeHR1bTJJdz09IiwibWFjIjoiNzc3Zjg1MTA1ZDkxZDNmZjIwYWE3MmMzYzIzM2E0N2I3M2VkOTgyYjg5NjczOGRiNmUxMTgyZTIxMTRkNWRkOSIsInRhZyI6IiJ9;;"[Kegiatan Usaha: -, Kategori: -, KBLI: 47242]; [Kegiatan Usaha: -, Kategori: -, KBLI: 47222]; [Kegia...";;;;;OSS - Perorangan;;;invalid;;;FALSE;FALSE;TRUE;;;invalid;;;;;;sadurengas berkah catering;1;1;4;SADURENGAS BERKAH CATERING;Jl. Senaken;jl senaken;114;47;sadurengas berkah catering jl senaken kbli47;4;0;1;0;Aktif;Jl Senaken;0;0;;;NAIK 0702 - 15.15 WITA;6401040016_0_0;-1.8980971;116.2072759;0;0
6329;48803932;CAHAYA BINTANG BERKAH;JALAN SENAKEN UJUNG;6401040016;64;1;40;16;KALIMANTAN TIMUR;PASER;TANAH GROGOT;SENAKEN;eyJpdiI6IkE0bWd5U1Vqa2xYZ1RsVlpnNml6aHc9PSIsInZhbHVlIjoiRDBmVHRrdnl4QWwrWC8zNXNMcWNaQT09IiwibWFjIjoiZGZjZThkNmYxOTY0MmE1ZTA4NjM3ZWNjOTk4ZjU4OWM5NDRlYjA0M2NjZTE2Y2U5MjNmNTJhMDdmMTI1M2E0OCIsInRhZyI6IiJ9;;"[Kegiatan Usaha: -, Kategori: -, KBLI: 46202]; [Kegiatan Usaha: -, Kategori: -, KBLI: 77393]; [Kegia...";;;;;OSS - Perorangan;;;invalid;;;FALSE;FALSE;TRUE;;;invalid;;;;;;cahaya bintang berkah;0.905856391;1;1;CAHAYA BINTANG BERKAH;JALAN SENAKEN UJUNG;jalan senaken ujung;115;46;cahaya bintang berkah jalan senaken ujung kbli46;1;0;1;0;Aktif;JALAN SENAKEN UJUNG;0;0;;;NAIK 0702 - 15.15 WITA;6401040016_0_0;-1.8980971;116.2072759;0;0
6335;42748174;CAHAYA BINTANG BERKAH;JALAN SENAKEN UJUNG;6401040016;64;1;40;16;KALIMANTAN TIMUR;PASER;TANAH GROGOT;SENAKEN;eyJpdiI6IjhibTl4cjRyYzdobERXZ1VDUDlJamc9PSIsInZhbHVlIjoiYzJIYkhpcWZBM1BkK29qbGQ0cWlZZz09IiwibWFjIjoiNmNiOGVkN2JlOGYyMTA3MDAzZTk4OGZlNTM3ZWJmMmU3MWFmYzgzZDg0NWFkYTRiMTdlOTAwMGQ0NmE2ZGI4MyIsInRhZyI6IiJ9;;"[Kegiatan Usaha: -, Kategori: -, KBLI: 01497]; [Kegiatan Usaha: -, Kategori: -, KBLI: 43905]; [Kegia...";;;;;OSS - Badan Usaha;;;invalid;;;FALSE;FALSE;TRUE;;;invalid;;;;;;cahaya bintang berkah;0.905856391;1;4;CAHAYA BINTANG BERKAH;JALAN SENAKEN UJUNG;jalan senaken ujung;115;1;cahaya bintang berkah jalan senaken ujung kbli01;4;0;1;0;Aktif;JALAN SENAKEN UJUNG;0;0;;;NAIK 0702 - 15.15 WITA;6401040016_0_0;-1.8980971;116.2072759;0;0
6385;48849743;SANKINDO MANDIRI GROUP;Jalan Senaken, Gang LBK;6401040016;64;1;40;16;KALIMANTAN TIMUR;PASER;TANAH GROGOT;SENAKEN;eyJpdiI6ImhkQVpyMVowNXJCRFMwVlFnNFJ0YkE9PSIsInZhbHVlIjoiUTNrRlFOY01tZnBHWWQ0S0xEYmNqdz09IiwibWFjIjoiZGFiNGQ5MzUyMzU5MDQ5ODFkNzU0YTFkZjgyMmM3NzViODhmZTYzNGZhYWMzOTI2YWJjYjc5MGZkM2NlOThmMiIsInRhZyI6IiJ9;;"[Kegiatan Usaha: -, Kategori: -, KBLI: 42911]; [Kegiatan Usaha: -, Kategori: -, KBLI: 42918]; [Kegia...";;;;;OSS - Perorangan;;;invalid;;;FALSE;FALSE;TRUE;;;invalid;;;;;;sankindo mandiri group;0.878357486;1;1;SANKINDO MANDIRI GROUP;Jalan Senaken, Gang LBK;jalan senaken gang lbk;117;42;sankindo mandiri group jalan senaken gang lbk kbli42;1;0;1;0;Aktif;Jalan Senaken Gang LBK;0;0;;;NAIK 0702 - 15.15 WITA;6401040016_0_0;-1.8980971;116.2072759;0;0
6387;42748178;SANKINDO MANDIRI GROUP;Jalan Senaken, Gang LBK;6401040016;64;1;40;16;KALIMANTAN TIMUR;PASER;TANAH GROGOT;SENAKEN;eyJpdiI6IjdzdTI1UGR6TXVrSWZ0eUNNR2xyZHc9PSIsInZhbHVlIjoiK0MyNVlLdTRNczVNTWRiOURSbE5xdz09IiwibWFjIjoiMzJkNThkYWJiZDc0ODY4N2JkOTQzNzIyMGFiYTVkNjJhNmMxNDU2OGQxOTk2NWRkM2VkOGE4MTBiM2M2MGFjYiIsInRhZyI6IiJ9;;"[Kegiatan Usaha: -, Kategori: -, KBLI: 09100]; [Kegiatan Usaha: -, Kategori: -, KBLI: 42911]; [Kegia...";;;;;OSS - Badan Usaha;;;invalid;;;FALSE;FALSE;TRUE;;;invalid;;;;;;sankindo mandiri group;0.878357486;1;4;SANKINDO MANDIRI GROUP;Jalan Senaken, Gang LBK;jalan senaken gang lbk;117;9;sankindo mandiri group jalan senaken gang lbk kbli09;4;0;1;0;Aktif;Jalan Senaken Gang LBK;0;0;;;NAIK 0702 - 15.15 WITA;6401040016_0_0;-1.8980971;116.2072759;0;0
6758;42745607;SADURENGAS BERKAH CATERING;Jl. Senaken;6401040016;64;1;40;16;KALIMANTAN TIMUR;PASER;TANAH GROGOT;SENAKEN;eyJpdiI6IlRvczc0ZlJFMEtQaWpJdTJKdnFiVkE9PSIsInZhbHVlIjoiZFFlUi9mQ3Y5OXJyeVVkenVYYlFkQT09IiwibWFjIjoiZmZhM2UwYWU3MTBhMjhkYjcwNjkwYjM4NWE5NDE5YzM1YzZmZGNiMjU0YWM5NjY1MzRlMTIzNmQ0Y2Q0NDQ4MCIsInRhZyI6IiJ9;;"[Kegiatan Usaha: -, Kategori: -, KBLI: 47222]; [Kegiatan Usaha: -, Kategori: -, KBLI: 47242]; [Kegia...";;;;;OSS - Badan Usaha;;;invalid;;;FALSE;FALSE;TRUE;;;invalid;;;;;;sadurengas berkah catering;0.913053323;1;4;SADURENGAS BERKAH CATERING;Jl. Senaken Rt.003;jl senaken;136;47;sadurengas berkah catering jl senaken kbli47;4;0;1;0;Aktif;Jl Senaken;0;0;;;NAIK 0702 - 15.15 WITA;6401040016_0_0;-1.8980971;116.2072759;0;0
6200;16959373;Deffa Water;Jl. Ahmad Yani No.1, RT.008/RW.000, Kuaro, Kec. Kuaro, Kabupaten Paser, Kalimantan Timur 76281;6401050002;64;1;50;2;KALIMANTAN TIMUR;PASER;KUARO;KUARO;eyJpdiI6Ik9kakdGMStmcWQwQVNCczVVWmV0YVE9PSIsInZhbHVlIjoidmxFL084OVFzWXRQSFBHQjZDOGRQUT09IiwibWFjIjoiYzVhOTFkMWIyZjBhNzg1ZTEyYjU4OGYwZGEyMmY3ZDk4OTgwZWEwYzI0MzhhZTg1YjVhZDQ4YTlkNTM1NzMzMSIsInRhZyI6IiJ9;;[Kegiatan Usaha: Distributor minuman, Kategori: -, KBLI: -];;;45956;;Tambahan Daerah s.d 31 Desember 2025;-1.8057196;116.0858008;valid;;;FALSE;FALSE;TRUE;;;invalid;;;;;;deffa water;0;0;0;;;jl ahmad yani no 1 rt 008 rw 000 kuaro kec kuaro kabupaten paser kalimantan timur 76281;;0;deffa water jl ahmad yani no 1 rt 008 rw 000 kuaro kec kuaro   76281 kbli00;1;0;1;0;Alih Usaha;Jl Ahmad Yani No1 RT008RW000 Kuaro Kec Kuaro   76281;8;0;;;NAIK 0702 - 15.15 WITA;6401050002_8_0;-1.80453;116.084903;0;0
42;97341963;AMALIYAH, CV;JALAN TAJUR;6401060004;64;1;60;4;KALIMANTAN TIMUR;PASER;LONG IKIS;PAIT;eyJpdiI6IjVHK1dZSDRsa0JwNlA5M2psRlJOTHc9PSIsInZhbHVlIjoiU2xRbFRYeWhVLzZSZ3p5REx0TkhOUT09IiwibWFjIjoiYjAzYWVjMmI3MTBiNzZjNDNmYjMxYjJkMmIxZGJjNWRmMzA1OTgyYzJlYjIzYTQ3NGI0ZGM0NmY0OWFkMWMyMSIsInRhZyI6IiJ9;;[Kegiatan Usaha: PEMASANGAN LISTRIK, Kategori: F, KBLI: 43211];;;46006;UMKM;;;;invalid;;;FALSE;FALSE;TRUE;;;invalid;;;;;;amaliyah;0.945639536;1;1;AMALIYAH, CV;JL TAJUR;jalan tajur;0;43;amaliyah jalan tajur kbli43;1;0;1;0;Aktif;JALAN TAJUR;0;0;;;NAIK 0702 - 15.15 WITA;6401060004_0_0;-1.6033766;116.1679854;0;0
528;97341840;TOKO BUNGA;JL PROVINSI KM 85;6401060004;64;1;60;4;KALIMANTAN TIMUR;PASER;LONG IKIS;PAIT;eyJpdiI6ImJpQ2VzaFBCU3JMbkVRYWZ4R1FkRWc9PSIsInZhbHVlIjoiaGdkdWpSTFNzZEphV3UvZHU3b1Zydz09IiwibWFjIjoiNjI5MzgzMGFiYjJiYWNlOTc0ZDkwZTYyNDNhZGIyZjZmYTE4NmYwMDY3ZDczNGVkMTJiN2UzODMyNzAwMmYzOSIsInRhZyI6IiJ9;;[Kegiatan Usaha: -, Kategori: G, KBLI: 47112];;;46006;UMKM;;;;invalid;;;FALSE;FALSE;TRUE;;;invalid;;;;;;bunga;0.89082964;1;1;TOKO RIZA BUNGA;JL PROVINSI KM 85;jl provinsi km 85;6;47;bunga jl provinsi km 85 kbli47;1;0;1;0;Aktif;JL PROVINSI KM 85;0;0;;;NAIK 0702 - 15.15 WITA;6401060004_0_0;-1.6033766;116.1679854;0;0
583;97341898;PEDAGANG PAKAIAN KELILING (BAKRI);JL PASAR LAMA;6401060004;64;1;60;4;KALIMANTAN TIMUR;PASER;LONG IKIS;PAIT;eyJpdiI6IkRQN05iVEwxMTd5UGdRalFVVUFjcVE9PSIsInZhbHVlIjoiQVVoa1lsZVFGQXlwSmg2R2N6RmFJUT09IiwibWFjIjoiY2VmNmQxNWE0ZTRhNzM0OGMyOWQ2NjJiNTQwNGZkNTUwYzMwMDFmM2IxMGM3ZTNhZTkzZmZiMDIxMmY2ZjFjMiIsInRhZyI6IiJ9;;[Kegiatan Usaha: -, Kategori: G, KBLI: 47994];;;45990;UMKM;;;;invalid;;;FALSE;FALSE;TRUE;;;invalid;;;;;;pedagang pakaian keliling bakri;0.920889797;1;1;PEDAGANG PAKAIAN KELILING (YOGI);JL PASAR LAMA;jl pasar lama;7;47;pedagang pakaian keliling bakri jl pasar lama kbli47;1;0;1;0;Aktif;JL PASAR LAMA;0;0;;1;NAIK 0702 - 15.15 WITA;6401060004_0_0;-1.5967459;116.1641703;0;0
584;97341899;PEDAGANG PAKAIAN KELILING (YOGI);JL PASAR LAMA;6401060004;64;1;60;4;KALIMANTAN TIMUR;PASER;LONG IKIS;PAIT;eyJpdiI6Ii9vd3hOWCtUL01IMzhLY0Q4V0Job0E9PSIsInZhbHVlIjoicy9KbVVjY1FVc2ZjaFNkVUpvbDZ6Zz09IiwibWFjIjoiZTRhNWQ5OWIwNDM5MTMyNDQ5OWQxODliZmUzMzRiODdiMzM2YTdlNTdiNDVmNGE5NWUxZTIxMzZjNjViY2MwYSIsInRhZyI6IiJ9;;[Kegiatan Usaha: -, Kategori: G, KBLI: 47994];;;45990;UMKM;;;;invalid;;;FALSE;FALSE;TRUE;;;invalid;;;;;;pedagang pakaian keliling yogi;0.920889797;1;4;PEDAGANG PAKAIAN KELILING (BAKRI);JL PASAR LAMA;jl pasar lama;7;47;pedagang pakaian keliling yogi jl pasar lama kbli47;1;0;1;0;Aktif;JL PASAR LAMA;0;0;;1;NAIK 0702 - 15.15 WITA;6401060004_0_0;-1.5967459;116.1641703;0;0
766;97342018;PENJUAL PAKAIAN (RAHMANI);SIMPANG PAIT;6401060004;64;1;60;4;KALIMANTAN TIMUR;PASER;LONG IKIS;PAIT;eyJpdiI6IkNQd0pnZEMvMTRpTWo3MmwwbjFNdmc9PSIsInZhbHVlIjoic0tZalVLeVVxRzZ5OXRkL0FUUENjdz09IiwibWFjIjoiNzlmMTQ5MGUzZjQxNjA4YTYwYzcwYmE1ZTBkMTg4MGZmM2UxY2QwMTExMTQ1NWNhNGFiMDU5ODQzNDBjMTQ3MCIsInRhZyI6IiJ9;;[Kegiatan Usaha: -, Kategori: G, KBLI: 47832];;;45956;UMKM;;;;invalid;;;FALSE;FALSE;TRUE;;;invalid;;;;;;penjual pakaian rahmani;0.839877559;1;1;PENJUAL PAKAIAN 10;SIMPANG PAIT;simpang pait;10;47;penjual pakaian rahmani simpang pait kbli47;1;0;1;0;Aktif;SIMPANG PAIT;0;0;;;NAIK 0702 - 15.15 WITA;6401060004_0_0;-1.6033766;116.1679854;0;0
944;2619963;PONDOK PESANTREN AL-MUKARRAM;JL PASAR LAMA;6401060004;64;1;60;4;KALIMANTAN TIMUR;PASER;LONG IKIS;PAIT;eyJpdiI6InpyTEhNTjViTHhJUHRjTHc3N0RPc2c9PSIsInZhbHVlIjoiTHFEakp4U0tnaHI3aUQyaVd3OFJLZz09IiwibWFjIjoiMDJjYzRiODE3YjQ3YWQyZGVhMmMzNWFiMWViOWFkYTBkNjU0NTIzMGQwY2FkMmRkYjhmZDk0MmMyN2FmNDNhZSIsInRhZyI6IiJ9;;[Kegiatan Usaha: -, Kategori: P, KBLI: 85155];;;45956;UMKM;Dir Pajak;;;invalid;;;FALSE;FALSE;TRUE;;;invalid;;;;;;pondok pesantren al mukarram;0.846574531;1;1;PONDOK PESANTREN AL-MUKARRAM;Jln. Madinah Pasar Minggu Lama;jl pasar lama;12;85;pondok pesantren al mukarram jl pasar lama kbli85;1;0;1;0;Aktif;JL PASAR LAMA;0;0;;1;NAIK 0702 - 15.15 WITA;6401060004_0_0;-1.5967459;116.1641703;0;0
2228;18345652;SALIMA KEMBAR BERKARISMA;Jalan Negara;6401060004;64;1;60;4;KALIMANTAN TIMUR;PASER;LONG IKIS;PAIT;eyJpdiI6InV5OGFRdEE3M0dQN0ZQL21oK2ZkZFE9PSIsInZhbHVlIjoidERHdjM4UFZVMnJkbTlFT1FrUmpzUT09IiwibWFjIjoiMmMwNjE3ZWU3ZTc5OTcwZTY3OWJjODBlNjI3N2Y0ODkwYTAwNzRjYjdjMDcwMGI4M2JjZDNkY2JmZTExZmI4NiIsInRhZyI6IiJ9;;[Kegiatan Usaha: Konstruksi Bangunan Sipil Prasarana dan Sarana Sistem Pengolahan Limbah Padat, Cair...;;;45985;;OSS - Badan Usaha;;;invalid;;;FALSE;FALSE;TRUE;;;invalid;;;;;;salima kembar berkarisma;0.847875571;1;1;SALIMA KEMBAR BERKARISMA;PAIT;jalan negara;23;0;salima kembar berkarisma jalan negara kbli00;1;0;1;0;Aktif;Jalan Negara;0;0;;;NAIK 0702 - 15.15 WITA;6401060004_0_0;-1.6033766;116.1679854;0;0
2931;46188450;BERKAH SEJATERA UTAMA;Simpang Pait;6401060004;64;1;60;4;KALIMANTAN TIMUR;PASER;LONG IKIS;PAIT;eyJpdiI6IlN1Z29NOXo1bVRWbVNEV2trcmJTWGc9PSIsInZhbHVlIjoiV3BTalhGSGhEcUJza0FGblJ3Ry9TQT09IiwibWFjIjoiNzMyMDFiZTVmNmUwMjhlOTIyY2ZhMjBhM2ZjNjg2NTRhOWM0ZWRhNmY0Zjk3MTBlYWIzNGRlZTYxNjkwNjEwZiIsInRhZyI6IiJ9;;"[Kegiatan Usaha: -, Kategori: -, KBLI: 47529]; [Kegiatan Usaha: -, Kategori: -, KBLI: 41019]; [Kegia...";;;;;OSS - Perorangan;;;invalid;;;FALSE;FALSE;TRUE;;;invalid;;;;;;berkah sejatera utama;0.932512368;1;1;BERKAH SEJATERA UTAMA;Simpang Pait;simpang pait;29;47;berkah sejatera utama simpang pait kbli47;1;0;1;0;Aktif;Simpang Pait;0;0;;;NAIK 0702 - 15.15 WITA;6401060004_0_0;-1.6033766;116.1679854;0;0
3861;47751556;CAHAYA PETANI BERKAH;PASAR BARU SIMPANG Jl : PAIT;6401060004;64;1;60;4;KALIMANTAN TIMUR;PASER;LONG IKIS;PAIT;eyJpdiI6InluTFdiQld6cCtKdzFYd3ZNQStvbFE9PSIsInZhbHVlIjoic0lZYUFHdy9rTlgxWXI3QXFvODNSUT09IiwibWFjIjoiZjMxYzkyZjI0ZGEwZDMxYzZiMjhjMTE2OTk0ZTc2ZWIwNTA5YjY1MGViNGY1NzU4YmY1MjJiMTQ5YWM5Y2NjMCIsInRhZyI6IiJ9;;"[Kegiatan Usaha: -, Kategori: -, KBLI: 01619]; [Kegiatan Usaha: -, Kategori: -, KBLI: 46100]; [Kegia...";;;;;OSS - Perorangan;;;invalid;;;FALSE;FALSE;TRUE;;;invalid;;;;;;cahaya petani berkah;1;1;4;CAHAYA PETANI BERKAH;PASAR BARU SIMPANG Jl : PAIT;pasar baru simpang jl pait;36;1;cahaya petani berkah pasar baru simpang jl pait kbli01;1;0;1;0;Aktif;PASAR BARU SIMPANG Jl PAIT;0;0;;1;NAIK 0702 - 15.15 WITA;6401060004_0_0;-1.5967459;116.1641703;0;0
4053;58607280;AIRLANGGA FORTUNA KATALIS;Jalan Veteran;6401060004;64;1;60;4;KALIMANTAN TIMUR;PASER;LONG IKIS;PAIT;eyJpdiI6ImlKYWR6VlZVd1ZHYTBXdWhNOFZ2ZXc9PSIsInZhbHVlIjoidFdZSUFnVHViK080NDFpZkViR3Zydz09IiwibWFjIjoiOWUyMjZhN2I1NjVlYmVhZWExZWQ5N2Y3NmRiZDNiYzk0Y2QxMjQ3Y2VmN2NhMjdhZDU2ODU2NWY3M2QzMWUwNCIsInRhZyI6IiJ9;;[Kegiatan Usaha: Aktivitas Agen Perjalanan Wisata, Kategori: -, KBLI: 79111];;;;;;;;invalid;;;FALSE;FALSE;TRUE;;;invalid;;;;;;airlangga fortuna katalis;0.91272577;1;1;AIRLANGGA FORTUNA KATALIS;jl. veteran;jalan veteran;39;79;airlangga fortuna katalis jalan veteran kbli79;1;0;1;0;Aktif;Jalan Veteran;0;0;;;NAIK 0702 - 15.15 WITA;6401060004_0_0;-1.6033766;116.1679854;0;0
4283;43955638;AIRLANGGA FORTUNA KATALIS;jl. veteran;6401060004;64;1;60;4;KALIMANTAN TIMUR;PASER;LONG IKIS;PAIT;eyJpdiI6ImxqZXVYS3JZaDl2Y3FHK0lOdTZWa1E9PSIsInZhbHVlIjoibjBTMnhPUlZHS2RoTjdMN29MZDFtQT09IiwibWFjIjoiOTMzN2E5YjVjNTZjZjZlMGE0NDczZWFkZWMzNGY5NzcxMjBhNWQyOTkzMzI0MzI1MjhhN2NiOTY3ZTNhZjJhYiIsInRhZyI6IiJ9;;"[Kegiatan Usaha: -, Kategori: -, KBLI: 42102]; [Kegiatan Usaha: -, Kategori: -, KBLI: 42101]; [Kegia...";;;;;OSS - Perorangan;;;invalid;;;FALSE;FALSE;TRUE;;;invalid;;;;;;airlangga fortuna katalis;1;1;4;AIRLANGGA FORTUNA KATALIS;jl. veteran;jl veteran;43;42;airlangga fortuna katalis jl veteran kbli42;1;0;1;0;Aktif;jl veteran;0;0;;;NAIK 0702 - 15.15 WITA;6401060004_0_0;-1.6033766;116.1679854;0;0
2708;4427592;PENDIDIKAN AGAMA ISLAM AL IKHLAS;JL MASJID NURUL IJTIHAD KM 65 RT 014;6401080006;64;1;80;6;KALIMANTAN TIMUR;PASER;LONG KALI;LONG KALI;eyJpdiI6Ii9hamVwVE1hbGpNUVlmazdVZ05GWGc9PSIsInZhbHVlIjoiTzVOR1gwbkRLam9xNzUzNTNtWm5DQT09IiwibWFjIjoiMDlkMzZkMTYzOGQ5YTU1ZjAzYmI0OWJkZTI2ODU0MmE1NzA4YjkxZjI1NWZiN2RiMDlmYzE2NDU3ZWI4OTRmZSIsInRhZyI6IiJ9;;[Kegiatan Usaha: -, Kategori: P, KBLI: 85111];;;46005;UMKM;Dir Pajak;;;invalid;;;FALSE;FALSE;FALSE;;;invalid;;;;-1.520250543;116.3246718;pendidikan agama islam al ikhlas;0;0;0;;;jl masjid nurul ijtihad km 65 rt 014;;85;pendidikan agama islam al ikhlas jl masjid nurul ijtihad km 65 rt 014 kbli85;4;0;1;0;Duplikat;JL MASJID NURUL IJTIHAD KM 65 RT 014;14;0;;;NAIK 0702 - 15.15 WITA;6401080006_14_0;-1.50549;116.329552;0;0
58;97342135;TOKO KELONTONGAN (ABDAL);PASAR PAGI KELURAHAN LONG KALI;6401080006;64;1;80;6;KALIMANTAN TIMUR;PASER;LONG KALI;LONG KALI;eyJpdiI6InlkU1A4TFhhM0Npb2Q2K0QzUmcrVHc9PSIsInZhbHVlIjoiRDRBZzBIdG9Lbk5Vb25Nd2VBQ29Pdz09IiwibWFjIjoiNTFmZmVhNmIyOTA3NzZlNTY2N2I3NTZiMTNkMzEyMjBkODEzYzYwMWRkOTAyMzE1YTdhZTdmYTRmNjU4YTZjZCIsInRhZyI6IiJ9;;[Kegiatan Usaha: -, Kategori: G, KBLI: 47192];;;46006;UMKM;;;;invalid;;;FALSE;FALSE;TRUE;;;invalid;;;;;;kelontongan abdal;0.811065262;1;1;WARUNG KELONTONGAN <ANI>;KELURAHAN LONG KALI;pasar pagi kelurahan long kali;0;47;kelontongan abdal pasar pagi kelurahan long kali kbli47;1;0;1;0;Aktif;PASAR PAGI KELURAHAN LONG KALI;0;0;;1;NAIK 0702 - 15.15 WITA;6401080006_0_0;-1.5207368;116.3201178;0;0
60;5378933;WARUNG KELONTONGAN <ANI>;KELURAHAN LONG KALI;6401080006;64;1;80;6;KALIMANTAN TIMUR;PASER;LONG KALI;LONG KALI;eyJpdiI6InpFOWswR0VyUlJxQzJmVlZmelNpdHc9PSIsInZhbHVlIjoid29iRnBYSUMwMVgrUlhIVzRxQ1pWdz09IiwibWFjIjoiY2Y2ZTNlYWFhNGRmNGZlNDAzZTVjYzlhZDg2YjIwZTRiOGVkMjNmZTRiNTgwZWM4M2E0NWVmMWYyN2VjY2EwNCIsInRhZyI6IiJ9;;[Kegiatan Usaha: TOKO KELONTONGAN, Kategori: G, KBLI: 47192];;;46006;UMKM;;;;invalid;;;FALSE;FALSE;TRUE;;;invalid;;;;;;kelontongan ani;0.811065262;1;4;TOKO KELONTONGAN (ABDAL);PASAR PAGI KELURAHAN LONG KALI;kelurahan long kali;0;47;kelontongan ani kelurahan long kali kbli47;1;0;1;1;Aktif;KELURAHAN LONG KALI;0;0;;;NAIK 0702 - 15.15 WITA;6401080006_0_0;-1.5195443;116.3170336;0;0
92;2926029;PUTRA TALI KAWAT;JL. NEGARA KM.68;6401080006;64;1;80;6;KALIMANTAN TIMUR;PASER;LONG KALI;LONG KALI;eyJpdiI6IkNsMVd2anhnS1I3elROa2FLckFvaVE9PSIsInZhbHVlIjoibm5WRWQ2cGZVR3ptUjhvZzI3NXJQZz09IiwibWFjIjoiZDZhOGUzYWU3ZjFlMjYyZTgxNzg4MWY1ZTRmYTZhNTc0MWFhMDE2NmY1MzhkYTQwZTgwY2UzNDJiMmZmZDA4OCIsInRhZyI6IiJ9;;[Kegiatan Usaha: -, Kategori: G, KBLI: 46100];;;45664;UMKM;Dir Pajak;;;invalid;;;FALSE;FALSE;TRUE;;;invalid;;;;;;putra tali kawat;0.882294602;1;1;PUTRA TALI KAWAT, CV;JL NEGARA KM 68;jl negara km 68;1;46;putra tali kawat jl negara km 68 kbli46;1;0;1;0;Aktif;JL NEGARA KM68;0;0;;;NAIK 0702 - 15.15 WITA;6401080006_0_0;-1.5195443;116.3170336;0;0
191;3705850;NATIONAL PARALYMPIC PASER;NEGARA ;6401080006;64;1;80;6;KALIMANTAN TIMUR;PASER;LONG KALI;LONG KALI;eyJpdiI6InRrakZzV0hrY2NaL05rWGUvdHpQOGc9PSIsInZhbHVlIjoiTFAzNEp5YnhUZk9vejd3WmIwR3p5dz09IiwibWFjIjoiZGNiZGFiYzU0OTMxYzI3MWE0YjFmOTU4MTQ4MmViZDMxZDM4NjdlY2YxYzIzNjdhZWU1MmFhY2Y3ODQ2NzNiYSIsInRhZyI6IiJ9;;[Kegiatan Usaha: -, Kategori: F, KBLI: 42101];;;46006;UMKM;Dir Pajak;;;invalid;;;FALSE;FALSE;TRUE;;;invalid;;;;;;national paralympic paser;0.909191733;1;1;NATIONAL PARALYMPIC PASER, CV;JL NEGARA;negara;2;42;national paralympic paser negara kbli42;1;0;1;0;Aktif;NEGARA;0;0;;;NAIK 0702 - 15.15 WITA;6401080006_0_0;-1.5195443;116.3170336;0;0
248;4902867;PEMBUAT KUE <NURA>;KEL LONG KALI;6401080006;64;1;80;6;KALIMANTAN TIMUR;PASER;LONG KALI;LONG KALI;eyJpdiI6Ik0zdi9zNGdITklHdGRnNVN5OUZ1d2c9PSIsInZhbHVlIjoiT3dFRlRCek9vS0dac2VzTDI0cVMvUT09IiwibWFjIjoiYjIzMjJhOTg4NzJmYTRiOTE5NzRlZDMzMGFkMTEwNTQyM2EzNjZhNDEwMGYxZDFiODZiMzg5NzE5ZjkyN2JlMyIsInRhZyI6IiJ9;;[Kegiatan Usaha: PENJUAL KUE, Kategori: C, KBLI: 10792];;;46006;UMKM;;;;invalid;;;FALSE;FALSE;TRUE;;;invalid;;;;;;pembuat kue nura;0.820631326;1;4;PEMBUATAN KUE;KEL LONG KALI;kel long kali;3;10;pembuat kue nura kel long kali kbli10;1;0;1;1;Aktif;KEL LONG KALI;0;0;;;NAIK 0702 - 15.15 WITA;6401080006_0_0;-1.5195443;116.3170336;0;0
433;5373681;TOKO PRIMA<JUMRANSYAH>;KEL.LONG KALI;6401080006;64;1;80;6;KALIMANTAN TIMUR;PASER;LONG KALI;LONG KALI;eyJpdiI6IkNxdHBDUFQyWG8rb2o3dGQ5UTdUTXc9PSIsInZhbHVlIjoiUmYwSk5VUlhTQ1pXMXc2NERSb05Odz09IiwibWFjIjoiOGQ2ZjI3ZWJmZmExMjAwNWY3MTE1OGE2ZmRlODA4NDNlNzllMTIzMjlmNjc4YjA4NGFjN2U1ZGY4NzYzZGRhMyIsInRhZyI6IiJ9;;[Kegiatan Usaha: MENJUAL NON MAKANAN DI TOKO, Kategori: G, KBLI: 47712];;;46006;UMKM;;;;invalid;;;FALSE;FALSE;TRUE;;;invalid;;;;;;prima jumransyah;0.814626543;1;1;JUMRANSYAH;LONG KALI;kel long kali;4;47;prima jumransyah kel long kali kbli47;1;0;1;1;Aktif;KELLONG KALI;0;0;;;NAIK 0702 - 15.15 WITA;6401080006_0_0;-1.5195443;116.3170336;0;0
498;5373682;TOKO H P <RAHMAD>;KEL.LONG KALI;6401080006;64;1;80;6;KALIMANTAN TIMUR;PASER;LONG KALI;LONG KALI;eyJpdiI6InBpdlpyMHJvN0ErN3JsWFdwMk5QVUE9PSIsInZhbHVlIjoibzRnc2FzVHJUYVNRa01wSUNsdHNIUT09IiwibWFjIjoiYjU3NDU2ODkyN2U3ODE0ODk1OTY5OTI3YzFjZDMwN2FmZjQ3ZGNiMDU2ZTIyZjE1Y2NhOGU3MDYwMjc3MWU5ZiIsInRhZyI6IiJ9;;[Kegiatan Usaha: TOKO HP, Kategori: G, KBLI: 47414];;;46006;UMKM;;;;invalid;;;FALSE;FALSE;TRUE;;;invalid;;;;;;h p rahmad;0.867198696;1;1;RAHMAD;Long Kali RT. 02;kel long kali;5;47;h p rahmad kel long kali kbli47;1;0;1;1;Aktif;KELLONG KALI;2;0;;;NAIK 0702 - 15.15 WITA;6401080006_2_0;-1.52024;116.323092;0;0
544;5373684;PENJUAL PAKAIAN PRIA./WANITA <RIDWAN>;PASAR SELASA KEL LONG KALI;6401080006;64;1;80;6;KALIMANTAN TIMUR;PASER;LONG KALI;LONG KALI;eyJpdiI6Ii93S00vZjljcFRvVlVrRStnbzlqUEE9PSIsInZhbHVlIjoiZ0lxMHB6VWZoV2hqL0JaMVYxRjFrZz09IiwibWFjIjoiOWVkZmVjN2IzOGY0Zjk1YTg5NWE2YjZhOGFhNmVkMzM3MWIyMTIxYzVmYzEyZDcxYzIwYzZkOWY0MWU3MTNiYSIsInRhZyI6IiJ9;;[Kegiatan Usaha: PENJUAL PAKAIAN PRIA DAN WANITA DI PASAR, Kategori: G, KBLI: 47832];;;46006;UMKM;;;;invalid;;;FALSE;FALSE;TRUE;;;invalid;;;;;;penjual pakaian pria wanita ridwan;0.928140845;1;1;PENJUAL PAKAIAN PRIA DAN WANITA <DARNA>;PASAR SELASA KEL LONG KALI;pasar selasa kel long kali;6;47;penjual pakaian pria wanita ridwan pasar selasa kel long kali kbli47;1;0;1;1;Aktif;PASAR SELASA KEL LONG KALI;0;0;;1;NAIK 0702 - 15.15 WITA;6401080006_0_0;-1.5207368;116.3201178;0;0
550;5373692;PENJUAL PAKAIAN PRIA DAN WANITA <DARNA>;PASAR SELASA KEL LONG KALI;6401080006;64;1;80;6;KALIMANTAN TIMUR;PASER;LONG KALI;LONG KALI;eyJpdiI6InNwWkR3UWl5WUZFaGxPdGNpOVBNVUE9PSIsInZhbHVlIjoiaXlrRUJUSkplb0R0NzhxL2RiQ0JkZz09IiwibWFjIjoiODRiYTFkOGQ1YWE3ZTgwMGMyMDBkMmMwNjRkMTI5YTA2ODBkNzk0NTY3Y2FmMGU0Y2UwYjk1ZTQ3MjIxZDZhNCIsInRhZyI6IiJ9;;[Kegiatan Usaha: PENJUAL PAKAIAN DI PASAR, Kategori: G, KBLI: 47832];;;46006;UMKM;;;;invalid;;;FALSE;FALSE;TRUE;;;invalid;;;;;;penjual pakaian pria dan wanita darna;0.928140845;1;4;PENJUAL PAKAIAN PRIA./WANITA <RIDWAN>;PASAR SELASA KEL LONG KALI;pasar selasa kel long kali;6;47;penjual pakaian pria dan wanita darna pasar selasa kel long kali kbli47;1;0;1;1;Aktif;PASAR SELASA KEL LONG KALI;0;0;;1;NAIK 0702 - 15.15 WITA;6401080006_0_0;-1.5207368;116.3201178;0;0
613;5373685;PENJUAL PAKAIAN <BAKRAN>;PASAR SELASA KEL LONG KALI;6401080006;64;1;80;6;KALIMANTAN TIMUR;PASER;LONG KALI;LONG KALI;eyJpdiI6ImJvS0dVQ25wbC96UFBpalhRL1RJT1E9PSIsInZhbHVlIjoiVXJKU3ZZNVM4dTVBSjNhb01YUE5NZz09IiwibWFjIjoiYTQ2MTk0MTRjYzYxNzc1YWRlNWVlNmU5ZDc2YmRjOGUyNjc4ZGM0MTZjYWUzMjJkZDU4NzMxY2ZhOWM2YjBlNSIsInRhZyI6IiJ9;;[Kegiatan Usaha: PENJUAL PAKAIAN DI PASAR, Kategori: G, KBLI: 47832];;;46006;UMKM;;;;invalid;;;FALSE;FALSE;TRUE;;;invalid;;;;;;penjual pakaian bakran;0.889768998;1;1;PENJUAL PAKAIAN <PARIAH>;PASAR SELASA KEL LONG KALI;pasar selasa kel long kali;7;47;penjual pakaian bakran pasar selasa kel long kali kbli47;1;0;1;1;Aktif;PASAR SELASA KEL LONG KALI;0;0;;1;NAIK 0702 - 15.15 WITA;6401080006_0_0;-1.5207368;116.3201178;0;0
615;5373686;PENJUAL PAKAIAN <PARIAH>;PASAR SELASA KEL LONG KALI;6401080006;64;1;80;6;KALIMANTAN TIMUR;PASER;LONG KALI;LONG KALI;eyJpdiI6Imlhem8zblRwTEN1Smw5K25OL1JDa3c9PSIsInZhbHVlIjoiZUJTWHhjdmxkQndyajA4b2lLc09RQT09IiwibWFjIjoiNjUyZGVmZjYyMDM2ZjI4OGZkYzU0MzY5ZTAzZTI4OWMzNWJkNzhjOWQ2MTdkNzQxMjI1NTU1N2UxNzNlMjYyZCIsInRhZyI6IiJ9;;[Kegiatan Usaha: PENJUAL PAKAIAN DI PASAR, Kategori: G, KBLI: 47832];;;46006;UMKM;;;;invalid;;;FALSE;FALSE;TRUE;;;invalid;;;;;;penjual pakaian pariah;0.889768998;1;4;PENJUAL PAKAIAN <BAKRAN>;PASAR SELASA KEL LONG KALI;pasar selasa kel long kali;7;47;penjual pakaian pariah pasar selasa kel long kali kbli47;1;0;1;1;Aktif;PASAR SELASA KEL LONG KALI;0;0;;1;NAIK 0702 - 15.15 WITA;6401080006_0_0;-1.5207368;116.3201178;0;0
1877;29476680;ARPAH;LONG KALI;6401080006;64;1;80;6;KALIMANTAN TIMUR;PASER;LONG KALI;LONG KALI;eyJpdiI6IkRaKzQrbmEyN3VJQnE4MEhZTzVHc0E9PSIsInZhbHVlIjoiVTdUcSsrSUlNdm9NYzBsRk15MWNQZz09IiwibWFjIjoiYjI5MzYyOGRhMzgwMDQzNzliY2FmNjYyYTEwNDVjZjIxZTY1NzZkNTcwZjhlMjFmZTQ2YTU2ZDBkM2RkMjQ3NiIsInRhZyI6IiJ9;;[Kegiatan Usaha: -, Kategori: -, KBLI: 01291];;;46006;;OSS - Perorangan;;;invalid;;;FALSE;FALSE;TRUE;;;invalid;;;;;;arpah;0.952617651;1;1;ARPAH;KEL. LONG KALI;long kali;20;1;arpah long kali kbli01;1;0;1;0;Aktif;LONG KALI;0;0;;;NAIK 0702 - 15.15 WITA;6401080006_0_0;-1.5195443;116.3170336;0;0
1948;27061209;EVI FATMAWATI;LONG KALI;6401080006;64;1;80;6;KALIMANTAN TIMUR;PASER;LONG KALI;LONG KALI;eyJpdiI6IjJjeS9Rakc1dDFEUkdqRGZyaU00N2c9PSIsInZhbHVlIjoiU1RkdnRFaDdDRDVGRzcxTmVOUE01UT09IiwibWFjIjoiZGQ5OTk1NjMwMjExMGJmNTE3MTUwYmZiMGRiNjZmZTkxZDIxNDRlODQ2ZmI3YWZiNGU2OTY0MWNiMjNiMWI2MCIsInRhZyI6IiJ9;;[Kegiatan Usaha: -, Kategori: -, KBLI: 47242];;;46006;;OSS - Perorangan;;;invalid;;;FALSE;FALSE;TRUE;;;invalid;;;;;;evi fatmawati;0.866392569;1;1;FATMAWATI;LONG KALI;long kali;21;47;evi fatmawati long kali kbli47;1;0;1;0;Aktif;LONG KALI;0;0;;;NAIK 0702 - 15.15 WITA;6401080006_0_0;-1.5195443;116.3170336;0;0
2040;28222258;MULYATI;LONG KALI;6401080006;64;1;80;6;KALIMANTAN TIMUR;PASER;LONG KALI;LONG KALI;eyJpdiI6Ik9FQytVRDRwZVprZ1loRXlKR1RCbVE9PSIsInZhbHVlIjoidXpIc2hvbW9EU2krUHFmckU5SHBRZz09IiwibWFjIjoiNjcwNmQwNGNmMzI4MjBmMjkwZWU5M2UzNDgyYTlkZDMzOTdkN2QzZmJmNjRkMDExMGE3OWM3OTg4NGZmZTdjMSIsInRhZyI6IiJ9;;"[Kegiatan Usaha: -, Kategori: -, KBLI: 01262]; [Kegiatan Usaha: -, Kategori: -, KBLI: 77291]";;;46006;;OSS - Perorangan;;;invalid;;;FALSE;FALSE;TRUE;;;invalid;;;;;;mulyati;0.828785875;1;1;JUAL ES <MULYATI>;Long Kali, RT 1/RW 0;long kali;22;1;mulyati long kali kbli01;1;0;1;0;Aktif;LONG KALI;0;0;;;NAIK 0702 - 15.15 WITA;6401080006_0_0;-1.5195443;116.3170336;0;0
2170;26350407;HERMAN;LONG KALI;6401080006;64;1;80;6;KALIMANTAN TIMUR;PASER;LONG KALI;LONG KALI;eyJpdiI6IjV3ZzZaejc4em8wU0JoNG04VGpUbGc9PSIsInZhbHVlIjoidDREOTFXK0RkUFRURGdyeWxGRDFydz09IiwibWFjIjoiNTE2NWVlNmM4YjY2NmRmZTJkMjk5NTg2NzNiNjJjMDEzNGQ4MDA1NGY5MzMwZDc0ZDJjZDkwZjBmN2FiZTA5MSIsInRhZyI6IiJ9;;[Kegiatan Usaha: -, Kategori: -, KBLI: 01262];;;46006;;OSS - Perorangan;;;invalid;;;FALSE;FALSE;TRUE;;;invalid;;;;;;herman;0.873125908;1;1;HERMAN;KEL. LONG KALI;long kali;23;1;herman long kali kbli01;1;0;1;0;Aktif;LONG KALI;0;0;;;NAIK 0702 - 15.15 WITA;6401080006_0_0;-1.5195443;116.3170336;0;0
2271;31413235;Azwariah Syaidah; Longkali;6401080006;64;1;80;6;KALIMANTAN TIMUR;PASER;LONG KALI;LONG KALI;eyJpdiI6ImprZ1FmNTY5bEVpWHdhc0x0SjhManc9PSIsInZhbHVlIjoiRXhVUHdnMnl3TkROdWZGMDVlWW9PZz09IiwibWFjIjoiMDhlZjU4YmViMzhmMDI5MTlmYTBmOWFiMTZjYjkxZjNlY2Y2MzVjYjdhYjkyZDE2NzM4ZGU2OWQ1YmMzMWUzZSIsInRhZyI6IiJ9;;"[Kegiatan Usaha: Industri Kerupuk, Keripik, Peyek Dan Sejenisnya, Kategori: , KBLI: 10794]; [Kegiata...";;;45985;;OSS - Perorangan;;;invalid;;;FALSE;FALSE;TRUE;;;invalid;;;;;;azwariah syaidah;0.831703592;1;1;KERIPIK <AZWARIAH SYAIDAH>;Long Kali, RT 7/RW 0;longkali;24;10;azwariah syaidah longkali kbli10;1;0;1;0;Aktif;Longkali;0;0;;;NAIK 0702 - 15.15 WITA;6401080006_0_0;-1.5195443;116.3170336;0;0
2561;26252878;JUMIATI;LONG KALI;6401080006;64;1;80;6;KALIMANTAN TIMUR;PASER;LONG KALI;LONG KALI;eyJpdiI6Im9uV2hjTEtRU0RsQW5SRFBMUEZ0RlE9PSIsInZhbHVlIjoiODVaTVpyVUo1R2MxcFpldUY3NEhldz09IiwibWFjIjoiNjE2Njg1MTJkYmFhZGM2YmE4NjcxMjdhODRjNTFmYWY1NjA5MGI0ZmM5YWIzMzNmZDljOTlhNTJmZDViOTMzOSIsInRhZyI6IiJ9;;[Kegiatan Usaha: -, Kategori: -, KBLI: 01262];;;46006;;OSS - Perorangan;;;invalid;;;FALSE;FALSE;TRUE;;;invalid;;;;;;jumiati;0.966976527;1;1;JUMIATI;KEL. LONG KALI;long kali;26;1;jumiati long kali kbli01;1;0;1;0;Aktif;LONG KALI;0;0;;;NAIK 0702 - 15.15 WITA;6401080006_0_0;-1.5195443;116.3170336;0;0
2681;26189384;NURHAYATI;LONG KALI;6401080006;64;1;80;6;KALIMANTAN TIMUR;PASER;LONG KALI;LONG KALI;eyJpdiI6IjRJNUVyM1kwMVI2bVRJYjVPYi96OVE9PSIsInZhbHVlIjoiT3laL3owNmJiVGZ3anEzblBkOSsxZz09IiwibWFjIjoiOWJhZjk0MWI4Yjc0MzA2MzQxOGY4MjgyMzcxYjA1OWQ3OTk3ODIxZWRiMDc3ZDM2MGQzMjM2OTNiZTdmOGFiZiIsInRhZyI6IiJ9;;[Kegiatan Usaha: -, Kategori: -, KBLI: 56103];;;46006;;OSS - Perorangan;;;invalid;;;FALSE;FALSE;TRUE;;;invalid;;;;;;nurhayati;0.963346915;1;1;NURHAYATI;RT.02;long kali;27;56;nurhayati long kali kbli56;1;0;1;0;Aktif;LONG KALI;0;0;;;NAIK 0702 - 15.15 WITA;6401080006_0_0;-1.5195443;116.3170336;0;0
2795;32553694;JUNAIDI;KEL. LONG KALI;6401080006;64;1;80;6;KALIMANTAN TIMUR;PASER;LONG KALI;LONG KALI;eyJpdiI6InczdW5Ndk41SW9wRWtXZExmTDZrenc9PSIsInZhbHVlIjoiZXNxTys2b2V5VVlwQk03OTFYckl2QT09IiwibWFjIjoiMzE4NjI4MjIzNDlmMWNmMjhhMzNiNzFlMzA4Y2Y3NGViOTlhOWRiYjJiMDQwYzQzMWIxZjYwMzQwMGVhMWFlZSIsInRhZyI6IiJ9;;[Kegiatan Usaha: -, Kategori: -, KBLI: 56102];;;46006;;OSS - Perorangan;;;invalid;;;FALSE;FALSE;TRUE;;;invalid;;;;;;junaidi;0.862449611;1;1;JUAL GULALI <JUNAIDI>;Long Kali, RT 16/RW 0;kel long kali;28;56;junaidi kel long kali kbli56;1;0;1;0;Aktif;KEL LONG KALI;0;0;;;NAIK 0702 - 15.15 WITA;6401080006_0_0;-1.5195443;116.3170336;0;0
2922;30122765;WARUNG MAKAN <SALMAH>;LONG KALI;6401080006;64;1;80;6;KALIMANTAN TIMUR;PASER;LONG KALI;LONG KALI;eyJpdiI6Im5oN3QxTTZUSmxOanA3ditubDY0bEE9PSIsInZhbHVlIjoiYmI0V1ZmckRJTTVsOU9kNUlCZnpNUT09IiwibWFjIjoiZGY4YzBmMmQyMjA5ZGY1YTIyYzhiNTIxODRiZTUxYzI1MTY3Mjc5Mjc2MTdlMzgxNDdlZTkxODE3YTY0YTBhOSIsInRhZyI6IiJ9;;[Kegiatan Usaha: -, Kategori: I, KBLI: 56102];;;45998;;OSS - Perorangan;;;invalid;;;FALSE;FALSE;TRUE;;;invalid;;;;;;makan salmah;0.982620708;1;1;WARUNG MAKAN <SALMAH>;Long Kali, RT 1/RW 0;long kali;29;56;makan salmah long kali kbli56;1;0;1;1;Aktif;LONG KALI;0;0;;;NAIK 0702 - 15.15 WITA;6401080006_0_0;-1.5195443;116.3170336;0;0
3235;29787712;RUSDIANSYAH;KEL. LONG KALI;6401080006;64;1;80;6;KALIMANTAN TIMUR;PASER;LONG KALI;LONG KALI;eyJpdiI6Ims1RlNRSDlBTEJmRkhPUmF1dVA5RWc9PSIsInZhbHVlIjoiYVhzWjlJYUIraEd1YWVxdFlPMUt1UT09IiwibWFjIjoiMDljNGU5MmZiOTFhMzQwZjczMmYxYjBkN2Y1NTRkNGI5MTg2YzdhYzE4M2RlYTZkODdkNGUxMGQ4MmJjYTczNCIsInRhZyI6IiJ9;;[Kegiatan Usaha: -, Kategori: -, KBLI: 01262];;;46006;;OSS - Perorangan;;;invalid;;;FALSE;FALSE;TRUE;;;invalid;;;;;;rusdiansyah;0.890244783;1;1;RUSDIANSYAH;LONG KALI;kel long kali;32;1;rusdiansyah kel long kali kbli01;1;0;1;0;Aktif;KEL LONG KALI;0;0;;;NAIK 0702 - 15.15 WITA;6401080006_0_0;-1.5195443;116.3170336;0;0
3567;30467457;ABDUL MUIS;LONG KALI;6401080006;64;1;80;6;KALIMANTAN TIMUR;PASER;LONG KALI;LONG KALI;eyJpdiI6IjFsc1hMTSt5L0wreEhkTGlzSnJtd0E9PSIsInZhbHVlIjoiMDFQN3loa2ROSnU2S1NhWUlyN2QvZz09IiwibWFjIjoiNzIxYjFjMDc0YmMxZWM0ZDlmOWM0ZjFiYTEzMjk2ZjE3ZTNjM2JjNmRjZDI0MTM0ZWU5NGNkODg2OWQ0YjNlYyIsInRhZyI6IiJ9;;[Kegiatan Usaha: -, Kategori: -, KBLI: 01262];;;46006;;OSS - Perorangan;;;invalid;;;FALSE;FALSE;TRUE;;;invalid;;;;;;abdul muis;0.890937115;1;1;ABDUL AZIS;LONG KALI;long kali;34;1;abdul muis long kali kbli01;1;0;1;0;Aktif;LONG KALI;0;0;;;NAIK 0702 - 15.15 WITA;6401080006_0_0;-1.5195443;116.3170336;0;0
3842;18346297;SAHL RIZQ THOYYIBAN;JL. MASJID NURUL HIDAYAH NO. 17;6401080006;64;1;80;6;KALIMANTAN TIMUR;PASER;LONG KALI;LONG KALI;eyJpdiI6Ilh5czJaVWJwTjgvUTVhT1Y2SlJ0NlE9PSIsInZhbHVlIjoicFFQZEZwWUVFZnBKdXRCV1QzelZ3dz09IiwibWFjIjoiOGQ0ZjY1NDM5YmMyOWM5NDEyMDMxNTZmYjAzNGQ2NTNiODY1ZmE1ZDM5NWFkNzAwMWFiYWY1ODg0MGRlMjU1OSIsInRhZyI6IiJ9;;"[Kegiatan Usaha: -, Kategori: -, KBLI: 46100]; [Kegiatan Usaha: -, Kategori: -, KBLI: 79121]; [Kegia...";;;45985;;OSS - Badan Usaha;;;invalid;;;FALSE;FALSE;TRUE;;;invalid;;;;;;sahl rizq thoyyiban;0.955934606;1;1;SAHL RIZQ THOYYIBAN;JL. MASJID NURUL HIDAYAH NO.17;jl masjid nurul hidayah no 17;36;46;sahl rizq thoyyiban jl masjid nurul hidayah no 17 kbli46;1;0;1;0;Aktif;JL MASJID NURUL HIDAYAH NO 17;0;0;;;NAIK 0702 - 15.15 WITA;6401080006_0_0;-1.5195443;116.3170336;0;0
3952;30919625;ARSAD;LONG KALI;6401080006;64;1;80;6;KALIMANTAN TIMUR;PASER;LONG KALI;LONG KALI;eyJpdiI6Im1ab2I0SUhIVHJKeVpGeU92a3NkWkE9PSIsInZhbHVlIjoiNy9pNGQ5QmNtOVdmVWxPdE4zMUFKZz09IiwibWFjIjoiMGQ4ZWFkNTBkYzg3OTkyZThjZjUzMTY5YmM1NzcwYTlkZTIyNGU4NWRmNjg0M2NjMzFlNGI3YWNiNzk5YmI1OSIsInRhZyI6IiJ9;;[Kegiatan Usaha: -, Kategori: -, KBLI: 01262];;;46006;;OSS - Perorangan;;;invalid;;;FALSE;FALSE;TRUE;;;invalid;;;;;;arsad;1;1;1;ARSAD;LONG KALI;long kali;38;1;arsad long kali kbli01;1;0;1;0;Aktif;LONG KALI;0;0;;;NAIK 0702 - 15.15 WITA;6401080006_0_0;-1.5195443;116.3170336;0;0
4137;26452735;ADI GUNAWAN;LONG KALI;6401080006;64;1;80;6;KALIMANTAN TIMUR;PASER;LONG KALI;LONG KALI;eyJpdiI6Ik56VGdQenMraDhhSVE5THp6ZFU5TVE9PSIsInZhbHVlIjoidHlIU0RRajdUaEFVNVFOaExjUFdzZz09IiwibWFjIjoiZjJkYTY4NTQzNDljMWI5NWI4MjkwMzAwNThmNGM4NjFhOGI4NjEyMzBhMzExOTE0YmFjNjcxMjBlODEzNjQ2MiIsInRhZyI6IiJ9;;[Kegiatan Usaha: -, Kategori: -, KBLI: 01262];;;46006;;OSS - Perorangan;;;invalid;;;FALSE;FALSE;TRUE;;;invalid;;;;;;adi gunawan;0.927548244;1;1;GUNAWAN;LONG KALI;long kali;41;1;adi gunawan long kali kbli01;1;0;1;0;Aktif;LONG KALI;0;0;;;NAIK 0702 - 15.15 WITA;6401080006_0_0;-1.5195443;116.3170336;0;0
4303;27508354;MAHRITA;LONG KALI;6401080006;64;1;80;6;KALIMANTAN TIMUR;PASER;LONG KALI;LONG KALI;eyJpdiI6Im4vM0ExSHhQMnRXQXlnOTlERm91aEE9PSIsInZhbHVlIjoiM2JuaTRBZlBkalFOWlQyb2xsL2pmUT09IiwibWFjIjoiMzMwNDI1OTM2YTI2MmNmNjI1MjlhZDcyMGE4M2QyNDBhNzE5MTVjNzBhOGEzYzQyZDIyZTYwZTU4YTcyMGU3MiIsInRhZyI6IiJ9;;[Kegiatan Usaha: -, Kategori: -, KBLI: 56290];;;46006;;OSS - Perorangan;;;invalid;;;FALSE;FALSE;TRUE;;;invalid;;;;;;mahrita;0.960331198;1;1;MAHRITA;RT.13;long kali;44;56;mahrita long kali kbli56;1;0;1;0;Aktif;LONG KALI;0;0;;;NAIK 0702 - 15.15 WITA;6401080006_0_0;-1.5195443;116.3170336;0;0
4424;29044527;RUSDIANA ;LONG KALI;6401080006;64;1;80;6;KALIMANTAN TIMUR;PASER;LONG KALI;LONG KALI;eyJpdiI6IlJyYndSVFRTK2FmZTZ6ZkxTVmRpL3c9PSIsInZhbHVlIjoiSko4WWhyVjdHcFFuU0xiRUE5cHg2dz09IiwibWFjIjoiODJlMWNhZGEwYzdiMTc2MjMxZDFhZDJiNjlkZDAwZTk4ZDkyOTE3NDAxZWFjNzBhNmYxZWRmNjA1MDdlZjIyYiIsInRhZyI6IiJ9;;[Kegiatan Usaha: -, Kategori: -, KBLI: 47222];;;46006;;OSS - Perorangan;;;invalid;;;FALSE;FALSE;TRUE;;;invalid;;;;;;rusdiana;0.893927619;1;1;RUSDIANA;KEL. LONG KALI;long kali;47;47;rusdiana long kali kbli47;1;0;1;0;Aktif;LONG KALI;0;0;;;NAIK 0702 - 15.15 WITA;6401080006_0_0;-1.5195443;116.3170336;0;0
4434;28409208;RUSDIANA;KEL. LONG KALI;6401080006;64;1;80;6;KALIMANTAN TIMUR;PASER;LONG KALI;LONG KALI;eyJpdiI6IlF5Y2RUOUZEYkVSR0hJUHB0bG84UlE9PSIsInZhbHVlIjoienhCczlyNGJ5VnZmaE52dmxmZS9qdz09IiwibWFjIjoiNGNkOTk5NGYwOGM4MjQzMjQzYjUzMzljMTNhMjY5ZDQ3NzU3OTMxYjcxNWQ4ZTI0MDJhM2MxODI4YzU2MGRhYSIsInRhZyI6IiJ9;;[Kegiatan Usaha: -, Kategori: -, KBLI: 01262];;;46006;;OSS - Perorangan;;;invalid;;;FALSE;FALSE;TRUE;;;invalid;;;;;;rusdiana;0.893927619;1;4;RUSDIANA ;LONG KALI;kel long kali;47;1;rusdiana kel long kali kbli01;1;0;1;0;Aktif;KEL LONG KALI;0;0;;;NAIK 0702 - 15.15 WITA;6401080006_0_0;-1.5195443;116.3170336;0;0
4593;30471044;SULAIMAN;LONG KALI;6401080006;64;1;80;6;KALIMANTAN TIMUR;PASER;LONG KALI;LONG KALI;eyJpdiI6IlE2c3FxenltakpsbjNDTVRVRXRPUEE9PSIsInZhbHVlIjoiTG1mbG1SdVpydWduR3dld21YMDg3Zz09IiwibWFjIjoiY2NiZDk3ZWNiZDQwYzE3NzFhNjQwZDQxZGY4NjA5MzBhODRhNDg1ZDFmMDJlMmRlZGRhMTNmMzVkYzQyMTg5YiIsInRhZyI6IiJ9;;[Kegiatan Usaha: -, Kategori: -, KBLI: 01262];;;46006;;OSS - Perorangan;;;invalid;;;FALSE;FALSE;TRUE;;;invalid;;;;;;sulaiman;1;1;1;SULAIMAN;LONG KALI;long kali;50;1;sulaiman long kali kbli01;1;0;1;0;Aktif;LONG KALI;0;0;;;NAIK 0702 - 15.15 WITA;6401080006_0_0;-1.5195443;116.3170336;0;0
4614;31147178;SYAHRANI;LONG KALI;6401080006;64;1;80;6;KALIMANTAN TIMUR;PASER;LONG KALI;LONG KALI;eyJpdiI6IjdMZXhCTy8vd1hmaE13VVd2OVprNUE9PSIsInZhbHVlIjoiVjRSUWdlTjYxUkVQVmphaWliYTRmUT09IiwibWFjIjoiYzhhMTQ1ZjkzMTU0MDg0NzExZDQ4YzM1MWUyMzY3OGJjMTAwN2VmOWI2NGM2ZmMwMjU4M2M0Mzc5Zjg4MTBjNyIsInRhZyI6IiJ9;;[Kegiatan Usaha: -, Kategori: -, KBLI: 01469];;;46006;;OSS - Perorangan;;;invalid;;;FALSE;FALSE;TRUE;;;invalid;;;;;;syahrani;0.836654756;1;1;AHWAN SYAHRANI. D;RT.011;long kali;51;1;syahrani long kali kbli01;1;0;1;0;Aktif;LONG KALI;0;0;;;NAIK 0702 - 15.15 WITA;6401080006_0_0;-1.5195443;116.3170336;0;0
4658;32370673;MARTAN;LONG KALI;6401080006;64;1;80;6;KALIMANTAN TIMUR;PASER;LONG KALI;LONG KALI;eyJpdiI6Ikt0MWFjcFk5aVdPVTBHMm5ORWxFRFE9PSIsInZhbHVlIjoiNHl5ZkVCT3J2eVpVRXVQUC81bXR6UT09IiwibWFjIjoiZThiOGMyYjZiYmQ5NDQxOTg2MWY1ZDJmZTNkMzM1NDNmN2U0OGE4ZGI5MDU3OTQ1NTU4ZjM3ZWEzYzJmYTY1YyIsInRhZyI6IiJ9;;[Kegiatan Usaha: -, Kategori: -, KBLI: 47192];;;46006;;OSS - Perorangan;;;invalid;;;FALSE;FALSE;TRUE;;;invalid;;;;;;martan;0.817773017;1;1;WARUNG KELONTONGAN MARTAN <MARTAN>;Long Kali, RT 2/RW 0;long kali;53;47;martan long kali kbli47;1;0;1;0;Aktif;LONG KALI;0;0;;;NAIK 0702 - 15.15 WITA;6401080006_0_0;-1.5195443;116.3170336;0;0
4726;26713354;JUMAIN;LONG KALI;6401080006;64;1;80;6;KALIMANTAN TIMUR;PASER;LONG KALI;LONG KALI;eyJpdiI6InZZZGx6QXcrMHh5aFczZUVXeml5ZUE9PSIsInZhbHVlIjoiQmtrNllIVnNIQTkzb0NxVWxMVmxtQT09IiwibWFjIjoiZDJlODhjYTYxNzE5ZDE1YTI0MTlkNTg5MTkyZGZjNTliYmI0MTk2MTBkNDRiMTZiNjA5MTI5ZjMwZjkzNTIxYiIsInRhZyI6IiJ9;;[Kegiatan Usaha: -, Kategori: -, KBLI: 56102];;;46006;;OSS - Perorangan;;;invalid;;;FALSE;FALSE;TRUE;;;invalid;;;;;;jumain;0.903232387;1;1;JUMAIN;RT.013;long kali;55;56;jumain long kali kbli56;1;0;1;0;Aktif;LONG KALI;0;0;;;NAIK 0702 - 15.15 WITA;6401080006_0_0;-1.5195443;116.3170336;0;0
4809;26189067;MARYATI;LONG KALI;6401080006;64;1;80;6;KALIMANTAN TIMUR;PASER;LONG KALI;LONG KALI;eyJpdiI6InBwOVBQL2FLeS9FQytsOFV3QWkwQUE9PSIsInZhbHVlIjoiZlVMWEtQUzNldGdvYVIwMXZrRHlIUT09IiwibWFjIjoiY2MwZTcxZTljOTIxNTc3OWZkNGY0OTNkZWVhZDlhMTAyYTEyYWNjNmVmNTE4Zjg1ZGU1OGUyZDUzMmZiZmJjMyIsInRhZyI6IiJ9;;[Kegiatan Usaha: -, Kategori: -, KBLI: 56103];;;46006;;OSS - Perorangan;;;invalid;;;FALSE;FALSE;TRUE;;;invalid;;;;;;maryati;0.949170541;1;1;MARYATI;RT.03;long kali;58;56;maryati long kali kbli56;1;0;1;0;Aktif;LONG KALI;0;0;;;NAIK 0702 - 15.15 WITA;6401080006_0_0;-1.5195443;116.3170336;0;0
5070;44573615;SERUYAN ARA SEJAHTERA;Long Kali;6401080006;64;1;80;6;KALIMANTAN TIMUR;PASER;LONG KALI;LONG KALI;eyJpdiI6IjRSaStRNzRwb3VEcUk5L212YUo0RlE9PSIsInZhbHVlIjoiMlJjNmVSYklzZGx2eWttWHRLblZkdz09IiwibWFjIjoiZTgwYjI3NzZlZDQzZGMyYmJjNmFlNTQ2MDYyMWI0MTg3ZDU3MzJjMzdmZWI4Y2M4YmVkNWM3N2RjZTI1ZWZmZSIsInRhZyI6IiJ9;;[Kegiatan Usaha: -, Kategori: -, KBLI: 46634];;;;;OSS - Perorangan;;;invalid;;;FALSE;FALSE;TRUE;;;invalid;;;;;;seruyan ara sejahtera;1;1;1;SERUYAN ARA SEJAHTERA;Long Kali;long kali;66;46;seruyan ara sejahtera long kali kbli46;1;0;1;0;Aktif;Long Kali;0;0;;;NAIK 0702 - 15.15 WITA;6401080006_0_0;-1.5195443;116.3170336;0;0
5125;47171041;BARKAH MULIA MANDIRI;LONG KALI;6401080006;64;1;80;6;KALIMANTAN TIMUR;PASER;LONG KALI;LONG KALI;eyJpdiI6ImFqUDQ0R1BKemZyQUtlZmRURWVxUHc9PSIsInZhbHVlIjoiOWlOT3Y5YjNGbWI4NndFVnM2eG94dz09IiwibWFjIjoiYjQ2MzNlYmY4YTlkZDZiMmFlYWQxNWVmYTJkNDk5YTUzMGNlNjQxNzk4MTViNGYyOWFhYWFkOTIyMTM4NzljZiIsInRhZyI6IiJ9;;[Kegiatan Usaha: -, Kategori: -, KBLI: 08109];;;;;OSS - Perorangan;;;invalid;;;FALSE;FALSE;TRUE;;;invalid;;;;;;barkah mulia mandiri;1;1;1;BARKAH MULIA MANDIRI;LONG KALI;long kali;68;8;barkah mulia mandiri long kali kbli08;1;0;1;0;Aktif;LONG KALI;0;0;;;NAIK 0702 - 15.15 WITA;6401080006_0_0;-1.5195443;116.3170336;0;0
5190;43700854;SUMBER ENERGI KITA;JL. NEGARA ;6401080006;64;1;80;6;KALIMANTAN TIMUR;PASER;LONG KALI;LONG KALI;eyJpdiI6InpKVEw2cXMwT0tLSFBsRnhKTnhhWVE9PSIsInZhbHVlIjoiNWxnR3FMTnJKdDNEM0tpL1crVi82dz09IiwibWFjIjoiOGJhYTI1ZjExYWRlYTM4NWNhN2Y0MjhhNzc0OGViZTJiYjEyMjQ4ZTE1NzQxOGIyODJlMzRlY2JjZDgwMjY1MSIsInRhZyI6IiJ9;;"[Kegiatan Usaha: -, Kategori: -, KBLI: 46100]; [Kegiatan Usaha: -, Kategori: -, KBLI: 46610]";;;;;OSS - Perorangan;;;invalid;;;FALSE;FALSE;TRUE;;;invalid;;;;;;sumber energi kita;1;1;1;SUMBER ENERGI KITA;JL. NEGARA;jl negara;70;46;sumber energi kita jl negara kbli46;1;0;1;0;Aktif;JL NEGARA;0;0;;;NAIK 0702 - 15.15 WITA;6401080006_0_0;-1.5195443;116.3170336;0;0
5210;48112264;PRIMA PASER MEDIKA;Long kali;6401080006;64;1;80;6;KALIMANTAN TIMUR;PASER;LONG KALI;LONG KALI;eyJpdiI6IkxVcCt2dE4yRE9TUEJLOVgyanllaUE9PSIsInZhbHVlIjoiL0pwMGN2aEpydFplMy9GYm5jQVl3Zz09IiwibWFjIjoiNzhhYWI5NjE4MjU2MmQ3NjUzNGVjM2Q2ZDU5OTJmYjAyZWNlOTE5MjRlMzdhZjA3NDQxZTQ2ZDBlMjViNzczNSIsInRhZyI6IiJ9;;[Kegiatan Usaha: -, Kategori: -, KBLI: 47729];;;;;OSS - Perorangan;;;invalid;;;FALSE;FALSE;TRUE;;;invalid;;;;;;prima paser medika;1;1;1;PRIMA PASER MEDIKA;Long kali;long kali;71;47;prima paser medika long kali kbli47;1;0;1;0;Aktif;Long kali;0;0;;;NAIK 0702 - 15.15 WITA;6401080006_0_0;-1.5195443;116.3170336;0;0
5276;48180548;ASRI RIZQ THOYYIBAN;Kompleks Kavlingan ASRI, Depan Gedung Baru Puskesmas Long Kali, Kademan;6401080006;64;1;80;6;KALIMANTAN TIMUR;PASER;LONG KALI;LONG KALI;eyJpdiI6ImFKeEYrU1p4WVo1OFVHRTF2L2J3aFE9PSIsInZhbHVlIjoiYmt2bjNRM293dVpQSlp0amtPUEJZdz09IiwibWFjIjoiZGRmZGQ4MGM2NWNmYWRhZjk2MWZjZDc2OTljOTI5MDkwM2U5OWIzODAxOWRmYjdlZjYxNTFkM2MwYjhiMTI2YSIsInRhZyI6IiJ9;;"[Kegiatan Usaha: -, Kategori: -, KBLI: 01262]; [Kegiatan Usaha: -, Kategori: -, KBLI: 11051]; [Kegia...";;;;;OSS - Perorangan;;;invalid;;;FALSE;FALSE;TRUE;;;invalid;;;;;;asri rizq thoyyiban;1;1;1;ASRI RIZQ THOYYIBAN;Kompleks Kavlingan ASRI, Depan Gedung Baru Puskesmas Long Kali, Kademan;kompleks kavlingan asri depan gedung baru puskesmas long kali kademan;73;1;asri rizq thoyyiban kompleks kavlingan asri depan gedung baru puskesmas long kali kademan kbli01;1;0;1;0;Aktif;Kompleks Kavlingan ASRI Depan Gedung Baru Puskesmas Long Kali Kademan;0;0;;;NAIK 0702 - 15.15 WITA;6401080006_0_0;-1.5195443;116.3170336;0;0
5326;48402170;ABD LATIF MANDIRI;JL. Negara KM 65, Long Kali;6401080006;64;1;80;6;KALIMANTAN TIMUR;PASER;LONG KALI;LONG KALI;eyJpdiI6IkRMc1AvVzJNekJlaGhpVnQ3SUJ5M0E9PSIsInZhbHVlIjoiMFRDS2QwcXJ3cWNNOENzS1FPMEtVZz09IiwibWFjIjoiNzM3ZGE3YjVhODBhOGVkNjc4NmQzN2NmNDNkOTMyYmU3NjRjYzA4NWU1NTg4M2QxMjU3YTM3Y2ZlYjUzM2Q0ZSIsInRhZyI6IiJ9;;"[Kegiatan Usaha: -, Kategori: -, KBLI: 08109]; [Kegiatan Usaha: -, Kategori: -, KBLI: 46100]; [Kegia...";;;;;OSS - Perorangan;;;invalid;;;FALSE;FALSE;TRUE;;;invalid;;;;;;abd latif mandiri;1;1;1;ABD LATIF MANDIRI;JL. Negara KM 65, Long Kali;jl negara km 65 long kali;75;8;abd latif mandiri jl negara km 65 long kali kbli08;1;0;1;0;Aktif;JL Negara KM 65 Long Kali;0;0;;;NAIK 0702 - 15.15 WITA;6401080006_0_0;-1.5195443;116.3170336;0;0
5632;43962934;PUSAT KESEHATAN MASYARAKAT LONG KALI KABUPATEN PASER;JALAN NEGARA KM. 63;6401080006;64;1;80;6;KALIMANTAN TIMUR;PASER;LONG KALI;LONG KALI;eyJpdiI6IjJDcmxsREhFNkExVjN1VGxQNTdtTEE9PSIsInZhbHVlIjoiUlVCSHJGSWEreFZyT1RTSzBjYmx4dz09IiwibWFjIjoiOGExOGU0MGZmOWE4ZjYzMjJlOTRjZTQ2ZDk0Nzg5OTQ4ZTg4NDQ4NWI1Yjc3Njg2MjA5MGQ5MTM4ZmE4YjM4ZiIsInRhZyI6IiJ9;;[Kegiatan Usaha: -, Kategori: -, KBLI: 86102];;;;;OSS - Perorangan;;;invalid;;;FALSE;FALSE;TRUE;;;invalid;;;;;;pusat kesehatan masyarakat long kali kabupaten paser;1;1;4;PUSAT KESEHATAN MASYARAKAT LONG KALI KABUPATEN PASER;JALAN NEGARA KM. 63;jalan negara km 63;86;86;pusat kesehatan masyarakat long kali  jalan negara km 63 kbli86;1;0;1;0;Aktif;JALAN NEGARA KM 63;0;0;;;NAIK 0702 - 15.15 WITA;6401080006_0_0;-1.5195443;116.3170336;0;0
