Unnamed: 0;idsbr;nama_usaha;alamat_usaha;kode_wilayah;kdprov;kdkab;kdkec;kddesa;nmprov;nmkab;nmkec;nmdesa;perusahaan_id;skor_kalo;kegiatan_usaha;rank_nama;rank_alamat;history_ref_profiling_id;skala_usaha;sumber_data;latitude;longitude;latlong_status;gcid;gcs_result;allow_cancel;allow_edit;allow_flagging;latitude_gc;longitude_gc;latlong_status_gc;gc_username;nama_usaha_gc;alamat_usaha_gc;lat_2;long_2;cleaned_nama_usaha;sim_score;is_duplicate;gc_flag_duplikat;match_with;alamat_cek;cleaned_alamat;id_duplikat;kbli2d;nama_usaha_with_alamat_and_kbli;hasilgc;flag_shadow;is_perorangan;is_kurung;status_perusahaan;alamat_cleaned;RT;RW;is_in_perumahan;is_in_pasar;flag_notes
11682;55128158;NANANG;Pasar senaken, RT 0/RW 0;6401040016;64;1;40;16;KALIMANTAN TIMUR;PASER;TANAH GROGOT;SENAKEN;eyJpdiI6IkxGWWVVQU5xMENSYlIrcWw1NGpGMmc9PSIsInZhbHVlIjoid2Q4QnhuZVUzRi9yQ1d6ekZkQWdrQT09IiwibWFjIjoiNjY2YTZkYTI0ZmY1NzBhNGQ3NmYxNTc0Nzk0YjhkNWMwYzFhOWM3NDhmZDI1MzYwMzM3ZTYxNzNiNWExNmE5MyIsInRhZyI6IiJ9;;[Kegiatan Usaha: Menjual pakaian, Kategori: G, KBLI: 47711];;;;UMKM;;-1.933935197;116.164607;invalid;;;FALSE;FALSE;TRUE;;;invalid;;;;;;nanang;0;0;0;;;pasar senaken rt 0 rw 0;;47;nanang pasar senaken rt 0 rw 0 kbli47;1;0;1;0;Aktif;Pasar senaken RT 0RW 0;P01;P01;;1;DONE 01/02 - 8.07 PM
11722;55100624;MUHAMMAD ACONG;WILAYAH PASAR SENAKEN, RT 0/RW 0;6401040016;64;1;40;16;KALIMANTAN TIMUR;PASER;TANAH GROGOT;SENAKEN;eyJpdiI6Im9ScVRLUDM4YVdOYU4zSklncjJoTlE9PSIsInZhbHVlIjoibVh2aE5nd1Fxck1JREpWZG92YzZ4QT09IiwibWFjIjoiOTNmMzRkODlkMDE3NzUyMWJmNTcwNjI0M2JkNzQ2NjVjNjYxNmFjNGIxYTVjY2NkMDM2YWYzYjA4NmY2NWIxZiIsInRhZyI6IiJ9;;[Kegiatan Usaha: IKAN BASAH, Kategori: G, KBLI: 47215];;;;UMKM;;-1.89476349;116.2166317;valid;eyJpdiI6IkJHT3JjLzN0czdFeDJqUTdSVFZXeEE9PSIsInZhbHVlIjoicVNqek1CNm40TmFveHRnWkJtaGZsZz09IiwibWFjIjoiZDcxMjU5MTY5YzYwYTU0YTk2ZDA4Mzg2ZmRmYTlmOWViZWM5ODFhZTc4ZDNhM2JjNWJhYTNhMWRkNTM5NDU5NCIsInRhZyI6IiJ9;1;FALSE;FALSE;FALSE;-1.89476349;116.2166317;valid;ahmadfaisal;;;;;muhammad acong;0;0;0;;;wilayah pasar senaken rt 0 rw 0;;47;muhammad acong wilayah pasar senaken rt 0 rw 0 kbli47;1;0;1;0;Aktif;WILAYAH PASAR SENAKEN RT 0RW 0;P01;P01;;1;DONE 01/02 - 8.07 PM
11755;55180931;SURYANI;Wil. Pasar senaken, RT 0/RW 0;6401040016;64;1;40;16;KALIMANTAN TIMUR;PASER;TANAH GROGOT;SENAKEN;eyJpdiI6IlRVL3NTQ0JOcmtOdmxvOUFaSDlrdnc9PSIsInZhbHVlIjoiWmY1RjIxemE2R0FtcHlGcVFwQ0FYZz09IiwibWFjIjoiNzI0ZmMyZGU4MWMyNzRjZmViNzlhMGU2ODBlMzJiOTIxNmE0NDdiNjIxMTMzNjVhNzI4MWRmMTQ0NTE3ZWZlYiIsInRhZyI6IiJ9;;[Kegiatan Usaha: Sembako campuran, Kategori: G, KBLI: 47823];;;;UMKM;;-1.90081498;116.2023553;valid;eyJpdiI6IlNJUDI2aVQrYUU5Q0duRzBvQ1B4VUE9PSIsInZhbHVlIjoiblhWS3RsS2JRRFV4TmtJdGhValRGdz09IiwibWFjIjoiYjBmZWUzOTM1NWNiNWU2NzFjZDI2NzZiYmM4MGVmMGEzMGEyMDIwMTc4ZjgyZTg3ZDU5ZmJhMzhkODY2MDgwMiIsInRhZyI6IiJ9;1;FALSE;FALSE;FALSE;-1.90081498;116.2023553;valid;ahmadfaisal;;;;;suryani;0;0;0;;;wil pasar senaken rt 0 rw 0;;47;suryani wil pasar senaken rt 0 rw 0 kbli47;1;0;1;0;Aktif;Wil Pasar senaken RT 0RW 0;P01;P01;;1;DONE 01/02 - 8.07 PM
11756;55046803;NORANI G;wil.pasar senaken, RT 0/RW 0;6401040016;64;1;40;16;KALIMANTAN TIMUR;PASER;TANAH GROGOT;SENAKEN;eyJpdiI6InRPdGJxWWdqc0hnSmxWRHlwMHBzSGc9PSIsInZhbHVlIjoib28rRnJ6UTh6QWcvUUNsQ0VlRkI4dz09IiwibWFjIjoiNjNkNTVkNGU0NGU4MWI1NmQ0NWQ2ZDVmNWNkNzcwNmY1NDY5Yzc0YzkyZDBkYzY3NTJlOTYyZDFmNTk0YTk5YiIsInRhZyI6IiJ9;;[Kegiatan Usaha: menjual rempah bahan jamu, Kategori: G, KBLI: 47219];;;;UMKM;;-1.933935197;116.164607;invalid;;;FALSE;FALSE;TRUE;;;invalid;;;;;;norani g;0;0;0;;;wil pasar senaken rt 0 rw 0;;47;norani g wil pasar senaken rt 0 rw 0 kbli47;1;0;1;0;Aktif;wilpasar senaken RT 0RW 0;P01;P01;;1;DONE 01/02 - 8.07 PM
11805;55098822;TOKO M.NOOR <NASRUL>;Pasar senaken, RT 0/RW 0;6401040009;64;1;40;9;KALIMANTAN TIMUR;PASER;TANAH GROGOT;JONE;eyJpdiI6IndKK2YwVTFXd0RjcGROU3ZEWGsxamc9PSIsInZhbHVlIjoiS3R3K3BBM2N5TFg2STEyNFNaNWowQT09IiwibWFjIjoiYTgzMzdiZDE0NTNmYjA1Yzg4NTViZWJjYWI5Y2IwNDFkY2EwNTQ4MDZiNWNmNjliNjZjYzE4MGFiYmI5MjI2ZCIsInRhZyI6IiJ9;;[Kegiatan Usaha: Menjual pakaian, Kategori: G, KBLI: 47711];;;;UMKM;;-1.91186297;116.197726;valid;eyJpdiI6Ijk4c2xqQ3VlSmxnbjZIQ3VhSjNHcHc9PSIsInZhbHVlIjoiejJiS0FNVlRQdjY0M0ZyaEdqZVF4QT09IiwibWFjIjoiYjlkZTdhZDZmMzkxODIyZTA2NTI1ZWM1MzA2ZDQxYmY1Yzg2NGY5Y2FmZjZjZjEwZDlkM2QzZGFlZDU1M2Q3OSIsInRhZyI6IiJ9;1;FALSE;FALSE;FALSE;-1.91186297;116.197726;valid;ahmadfaisal;;;;;m noor nasrul;0;0;0;;;pasar senaken rt 0 rw 0;;47;m noor nasrul pasar senaken rt 0 rw 0 kbli47;1;0;1;1;Aktif;Pasar senaken RT 0RW 0;P01;P01;;1;DONE 01/02 - 8.07 PM
11856;55123013;TOKO NISA <KHAIRIN NISA>;Pasar senaken, RT 0/RW 0;6401040009;64;1;40;9;KALIMANTAN TIMUR;PASER;TANAH GROGOT;JONE;eyJpdiI6IjR5WDJJbG11UHJUL04xblBSbi83ZHc9PSIsInZhbHVlIjoiQVBkYy9xVkZXRjl4aWk2NXMvVTE2Zz09IiwibWFjIjoiYTc1MjE4MjI3YzU3Nzk5M2I2OTBjOTE2NGUzZWZkYzg3N2M2YTA3OTcyYjllMDc0ZDMxYjQ3NjU5YTlkYzJhMSIsInRhZyI6IiJ9;;[Kegiatan Usaha: Menjual pakaian, Kategori: G, KBLI: 47711];;;;UMKM;;-1.906423333;116.2025967;valid;;;FALSE;FALSE;TRUE;;;invalid;;;;;;nisa khairin nisa;0;0;0;;;pasar senaken rt 0 rw 0;;47;nisa khairin nisa pasar senaken rt 0 rw 0 kbli47;1;0;1;1;Aktif;Pasar senaken RT 0RW 0;P01;P01;;1;DONE 01/02 - 8.07 PM
11865;55073802;NURLAILA;Pasar senaken, RT 0/RW 0;6401040016;64;1;40;16;KALIMANTAN TIMUR;PASER;TANAH GROGOT;SENAKEN;eyJpdiI6IjN0V2xuRnV4M3lPUDR1Wm1vS2JRZnc9PSIsInZhbHVlIjoiMWdaeFVDbmFkTit6OFcxU2dWV3Y4UT09IiwibWFjIjoiMjUxZmMwZmFmNDMxMTg5NjdhYzU4ZTE2NjhjOGM1YzMyZWIxZjc1ZjllNWQ3NzA3ZDY4YjgyZDE0NmE4MjU5OSIsInRhZyI6IiJ9;;[Kegiatan Usaha: Menjual pakaian, Kategori: G, KBLI: 47711];;;;UMKM;;-1.933935197;116.164607;invalid;;;FALSE;FALSE;TRUE;;;invalid;;;;;;nurlaila;0;0;0;;;pasar senaken rt 0 rw 0;;47;nurlaila pasar senaken rt 0 rw 0 kbli47;1;0;1;0;Aktif;Pasar senaken RT 0RW 0;P01;P01;;1;DONE 01/02 - 8.07 PM
11876;55075836;SAYUR LANDUNG <LANDUNG>;Pasar senaken, RT 0/RW 0;6401040016;64;1;40;16;KALIMANTAN TIMUR;PASER;TANAH GROGOT;SENAKEN;eyJpdiI6IllqTU1FYnJYYW5IOEp6VDBMcGFQelE9PSIsInZhbHVlIjoiWGZwc3FHSEN1cmMzeThQZ3RCWlNnUT09IiwibWFjIjoiMmJlZmZkZDAxNGNiY2JiYTYxNmQxYWM0ZTZlZGE4YjE3NjJmMTdiYTNjOTc0NTc1NDI5YTc3ZjU4ODIxZGY5ZiIsInRhZyI6IiJ9;;[Kegiatan Usaha: Menjual sayur eceran di lapak pasar, Kategori: G, KBLI: 47213];;;;UMKM;;-1.933935197;116.164607;invalid;;;FALSE;FALSE;TRUE;;;invalid;;;;;;sayur landung landung;0;0;0;;;pasar senaken rt 0 rw 0;;47;sayur landung landung pasar senaken rt 0 rw 0 kbli47;1;0;1;1;Aktif;Pasar senaken RT 0RW 0;P01;P01;;1;DONE 01/02 - 8.07 PM
11877;55100537;ARTATI;Wilayah pasar senaken, RT 0/RW 0;6401040016;64;1;40;16;KALIMANTAN TIMUR;PASER;TANAH GROGOT;SENAKEN;eyJpdiI6ImZKRjcveUprNjJUcElacXVFcnZubVE9PSIsInZhbHVlIjoib3ZyNE0vZkRocDJHclQ4aUtBVUxCdz09IiwibWFjIjoiZDJhMGE1NTZhZGQwYTQyN2ExMDAxNmZmOTcyNWQ0MzU0NjgyNTg1OWVlNjZhMmRlMjEzMzQ0MzNjMDAwZDc5MyIsInRhZyI6IiJ9;;[Kegiatan Usaha: Menjual ikan, Kategori: G, KBLI: 47215];;;;UMKM;;-1.904386667;116.2043567;valid;;;FALSE;FALSE;TRUE;;;invalid;;;;;;artati;0;0;0;;;wilayah pasar senaken rt 0 rw 0;;47;artati wilayah pasar senaken rt 0 rw 0 kbli47;1;0;1;0;Aktif;Wilayah pasar senaken RT 0RW 0;P01;P01;;1;DONE 01/02 - 8.07 PM
11893;55075337;TOKO ZAY <ZAINUDIN>;PASAR SENAKEN, RT 0/RW 0;6401040009;64;1;40;9;KALIMANTAN TIMUR;PASER;TANAH GROGOT;JONE;eyJpdiI6IjlqL0ZYcGF1TDFpanBjT05MRVIvZlE9PSIsInZhbHVlIjoid0tkVXJJbFc5R3lsV3pURURhOHkydz09IiwibWFjIjoiMDI5YmJkOWZjYTVmOGU1NWQ3ZWYzYzJhZWUzYjQyZTlhZjIyNDUxMzZmYzg1N2JhZTNiMjM2OWRjOGQzNmUzZSIsInRhZyI6IiJ9;;[Kegiatan Usaha: MENJUAL TAS, Kategori: G, KBLI: 47714];;;;UMKM;;-1.933935197;116.164607;invalid;;;FALSE;FALSE;TRUE;;;invalid;;;;;;zay zainudin;0;0;0;;;pasar senaken rt 0 rw 0;;47;zay zainudin pasar senaken rt 0 rw 0 kbli47;1;0;1;1;Aktif;PASAR SENAKEN RT 0RW 0;P01;P01;;1;DONE 01/02 - 8.07 PM
11898;55100434;SAYUR YUMI <YUMI>;Pasar senaken, RT 0/RW 0;6401040016;64;1;40;16;KALIMANTAN TIMUR;PASER;TANAH GROGOT;SENAKEN;eyJpdiI6IlpPR2tqaWpkekhyNWRoWnlhY1p1eVE9PSIsInZhbHVlIjoicTBKdDFha0lTb0ovOTRrZncwL1h1Zz09IiwibWFjIjoiYjZmMmMzZjI2ZWZmMjU3M2U0ZjVmYTUyN2JlNjgwMGEyNTJkZGQzNTJhZDJmZGJhOWM0Y2U2Zjc1ZGRkNDE5MiIsInRhZyI6IiJ9;;[Kegiatan Usaha: Menjual sayur eceran di lapak pasar, Kategori: G, KBLI: 47213];;;;UMKM;;-1.89417226;116.200292;valid;;;FALSE;FALSE;TRUE;;;invalid;;;;;;sayur yumi yumi;0;0;0;;;pasar senaken rt 0 rw 0;;47;sayur yumi yumi pasar senaken rt 0 rw 0 kbli47;1;0;1;1;Aktif;Pasar senaken RT 0RW 0;P01;P01;;1;DONE 01/02 - 8.07 PM
11899;55075532;TOKO SEMOGA BERKAH <AUDAH>;Pasar senaken, RT 0/RW 0;6401040009;64;1;40;9;KALIMANTAN TIMUR;PASER;TANAH GROGOT;JONE;eyJpdiI6ImlEK0N5UmlsVDBkYnhTZm1wL3NBTlE9PSIsInZhbHVlIjoiMnkwbEs1cEIxQVl5MHVmY2krUHhudz09IiwibWFjIjoiNGNjY2ViMTUwNjY1MmY5NGM4NzU1OTZmYmZmODZjMmViODY5OWVkNzllYjcxMzViYmVhNTEyYjUwYmZlN2JkOSIsInRhZyI6IiJ9;;[Kegiatan Usaha: MENJUAL ALAT LISTRIK, Kategori: G, KBLI: 47862];;;;UMKM;;-1.933935197;116.164607;invalid;;;FALSE;FALSE;TRUE;;;invalid;;;;;;semoga berkah audah;0;0;0;;;pasar senaken rt 0 rw 0;;47;semoga berkah audah pasar senaken rt 0 rw 0 kbli47;1;0;1;1;Aktif;Pasar senaken RT 0RW 0;P01;P01;;1;DONE 01/02 - 8.07 PM
11921;55101781;TK. BAMBANG SEPORT <HAPIPAH>;Pasar senaken, RT 0/RW 0;6401040016;64;1;40;16;KALIMANTAN TIMUR;PASER;TANAH GROGOT;SENAKEN;eyJpdiI6Ik1PS1ZPa0x4UEdiNVJPN20vMDVjVUE9PSIsInZhbHVlIjoiMzJmV2hLOEhqT295THI3dVkzN3F0Zz09IiwibWFjIjoiYjUzYTA5OTlhOTYzZmJlYjk4NGJiZDdmNDdjOGY3ZjI3YmEzMjE1OTEwMzc2M2I3OGY5MDQwNmZhZGUxNWY5YyIsInRhZyI6IiJ9;;[Kegiatan Usaha: Menjual sepatu, Kategori: G, KBLI: 47712];;;;UMKM;;-1.90059;116.2099183;valid;;;FALSE;FALSE;TRUE;;;invalid;;;;;;tk bambang seport hapipah;0;0;0;;;pasar senaken rt 0 rw 0;;47;tk bambang seport hapipah pasar senaken rt 0 rw 0 kbli47;1;0;1;1;Aktif;Pasar senaken RT 0RW 0;P01;P01;;1;DONE 01/02 - 8.07 PM
11927;55208724;TOKO SADIAH <SADIAH>;Pasar senaken, RT 0/RW 0;6401040016;64;1;40;16;KALIMANTAN TIMUR;PASER;TANAH GROGOT;SENAKEN;eyJpdiI6IjBsMkxxVG5IWDlLdk9Qc1BRV25LZXc9PSIsInZhbHVlIjoiSTEyME5aNXc1dXQvNG82aDQ5TEtMdz09IiwibWFjIjoiNDgwMTRlZjZkODI3MTM3NjhiNDU5ZmI5N2JhYThjNTY4ZWVlYzZlNjliMDYyOTlmMTYyNDJmODQ5NzE5OTFiNCIsInRhZyI6IiJ9;;[Kegiatan Usaha: MENJUAL PAKAIAN, Kategori: G, KBLI: 47711];;;;UMKM;;-1.911646667;116.1937283;valid;;;FALSE;FALSE;TRUE;;;invalid;;;;;;sadiah sadiah;0;0;0;;;pasar senaken rt 0 rw 0;;47;sadiah sadiah pasar senaken rt 0 rw 0 kbli47;1;0;1;1;Aktif;Pasar senaken RT 0RW 0;P01;P01;;1;DONE 01/02 - 8.07 PM
11931;55265110;TOKO RUDI <HAIRUDI>;Pasar senaken, RT 0/RW 0;6401040009;64;1;40;9;KALIMANTAN TIMUR;PASER;TANAH GROGOT;JONE;eyJpdiI6InFWZmM1ZG9MWGZjVy9PQTNpbGNKR1E9PSIsInZhbHVlIjoicmZybm9rbEpYeTdZSUNXZG9OS2JUUT09IiwibWFjIjoiNDdhOTI3ZGQ2ZTdmODU0YzAzYTliYzlhNGQ2NTIyMjg5OWUwMmNiOTE3ZDcyOTAzMTFmNTZiMTkxNDJhMjUzNSIsInRhZyI6IiJ9;;[Kegiatan Usaha: MENJUAL PAKAIAN, Kategori: G, KBLI: 47711];;;;UMKM;;-1.933935197;116.164607;invalid;;;FALSE;FALSE;TRUE;;;invalid;;;;;;rudi hairudi;0;0;0;;;pasar senaken rt 0 rw 0;;47;rudi hairudi pasar senaken rt 0 rw 0 kbli47;1;0;1;1;Aktif;Pasar senaken RT 0RW 0;P01;P01;;1;DONE 01/02 - 8.07 PM
11933;55154679;NASI KUNING ACIL IDA <IDA WATI>;Pasar senaken, RT 0/RW 0;6401040016;64;1;40;16;KALIMANTAN TIMUR;PASER;TANAH GROGOT;SENAKEN;eyJpdiI6IjYxZXBlVkdPc1E5aWRFR0pSY3g3Tmc9PSIsInZhbHVlIjoia1AyYk1PV3N5WlJwcWR3cVdPTDY3dz09IiwibWFjIjoiZjYwZWNhMTZhMmM5NjI5NGIwYzYzZjE4ZDdkYjcwMjQwYmYxZWRkNzI5ZDU4MTNkZjQ4MTNjNmQxZjFlODkxZSIsInRhZyI6IiJ9;;[Kegiatan Usaha: Penjualan nasi kuning, dari bahan beras dan sembako lainnya, Kategori: I, KBLI: 561...;;;;UMKM;;-1.933935197;116.164607;invalid;;;FALSE;FALSE;TRUE;;;invalid;;;;;;nasi kuning acil ida ida wati;0;0;0;;;pasar senaken rt 0 rw 0;;56;nasi kuning acil ida ida wati pasar senaken rt 0 rw 0 kbli56;1;0;1;1;Aktif;Pasar senaken RT 0RW 0;P01;P01;;1;DONE 01/02 - 8.07 PM
11937;55072990;SITI HAWA;Wilayah pasar senaken, RT 0/RW 0;6401040016;64;1;40;16;KALIMANTAN TIMUR;PASER;TANAH GROGOT;SENAKEN;eyJpdiI6IlVvZjhzRGszaitEbitCUHYya1I1elE9PSIsInZhbHVlIjoicnMrZjhJb1JSYzNzMkxrdXdGb1k5QT09IiwibWFjIjoiOTFmMDMwZDhjZjcyYzg5ZmY2MTFhZjUxNDg4M2FiYzI2YWRkN2Y1YTRiMTRhZjdhMjAyYzdiMTQzZDlkODZlZCIsInRhZyI6IiJ9;;[Kegiatan Usaha: Menjual daun pisang  singkong, Kategori: G, KBLI: 47811];;;;UMKM;;-1.933935197;116.164607;valid;;;FALSE;FALSE;TRUE;;;invalid;;;;;;siti hawa;0;0;0;;;wilayah pasar senaken rt 0 rw 0;;47;siti hawa wilayah pasar senaken rt 0 rw 0 kbli47;1;0;1;0;Aktif;Wilayah pasar senaken RT 0RW 0;P01;P01;;1;DONE 01/02 - 8.07 PM
11949;55072238;SAYUR ALPIANOOR <ALPIANOOR>;Pasar senaken, RT 0/RW 0;6401040016;64;1;40;16;KALIMANTAN TIMUR;PASER;TANAH GROGOT;SENAKEN;eyJpdiI6IjdYRm1WZ20zcy9TMU1HN2svc21jMUE9PSIsInZhbHVlIjoid2F3TllYcEhHVy9zeEt6NHkrZERWQT09IiwibWFjIjoiOTcyNDI5OTFjMGNhNzBhZGRjMmJiODBjNDY5OWUxMTYyNTlkN2EyYmRlODk3YmNjZmYxMjljOTQzZDU1MTMwYyIsInRhZyI6IiJ9;;[Kegiatan Usaha: Menjual sayur eceran di lapak pasar, Kategori: G, KBLI: 47213];;;;UMKM;;-2.6401;115.372945;valid;;;FALSE;FALSE;TRUE;;;invalid;;;;;;sayur alpianoor alpianoor;0;0;0;;;pasar senaken rt 0 rw 0;;47;sayur alpianoor alpianoor pasar senaken rt 0 rw 0 kbli47;1;0;1;1;Aktif;Pasar senaken RT 0RW 0;P01;P01;;1;DONE 01/02 - 8.07 PM
11959;55180750;JUMAIRIAH;wilayah paser senaken, RT 0/RW 0;6401040016;64;1;40;16;KALIMANTAN TIMUR;PASER;TANAH GROGOT;SENAKEN;eyJpdiI6ImpCZFIwZ2tEUjNkZ2YrR250RnZOTkE9PSIsInZhbHVlIjoiQWI4NUtiK0FHanpzdG5qWlRyNTRrQT09IiwibWFjIjoiOTZjNjJjYjNjOWEzMjczYTExMTczOWUwNmYxMjA3ODdhYzhjOThjYjIwYTM2N2IyODMzMGZiNDliOTViMDRhMyIsInRhZyI6IiJ9;;[Kegiatan Usaha: menjual sayuran dan buah, Kategori: G, KBLI: 47813];;;;UMKM;;-3.79312;114.816235;valid;;;FALSE;FALSE;TRUE;;;invalid;;;;;;jumairiah;0;0;0;;;wilayah paser senaken rt 0 rw 0;;47;jumairiah wilayah paser senaken rt 0 rw 0 kbli47;1;0;1;0;Aktif;wilayah paser senaken RT 0RW 0;P01;P01;;;DONE 01/02 - 8.07 PM
11972;55238584;AYAM NURMIATI <NURMIATI>;Pasar senaken, RT 0/RW 0;6401040016;64;1;40;16;KALIMANTAN TIMUR;PASER;TANAH GROGOT;SENAKEN;eyJpdiI6Im4zR0cyYUZWRzh6UW5sTXdPYWw4SXc9PSIsInZhbHVlIjoiRzhObEpuTjBMTkpvNGlob2k0THc1UT09IiwibWFjIjoiYzE0MmE4ODMxODNiNjc3Mjk3NDFmZjAwODE0OGM5NzFlM2I0YmJkZDk3YWY2OGQ5ZDdkMjEyODI1Mzk1MmRhZiIsInRhZyI6IiJ9;;[Kegiatan Usaha: Menjual ayam potong di pasar, Kategori: G, KBLI: 47814];;;;UMKM;;-1.933935197;116.164607;invalid;;;FALSE;FALSE;TRUE;;;invalid;;;;;;ayam nurmiati nurmiati;0;0;0;;;pasar senaken rt 0 rw 0;;47;ayam nurmiati nurmiati pasar senaken rt 0 rw 0 kbli47;1;0;1;1;Aktif;Pasar senaken RT 0RW 0;P01;P01;;1;DONE 01/02 - 8.07 PM
11973;55154510;TOKO GAZI <MARIA ULFA>;Pasar senaken, RT 0/RW 0;6401040009;64;1;40;9;KALIMANTAN TIMUR;PASER;TANAH GROGOT;JONE;eyJpdiI6InhHVDhzTUZ0NE44Zk9mdE5SSVZxcnc9PSIsInZhbHVlIjoiQjh5NjZ0eFdnWXdHNGM5SDE1Y1pTZz09IiwibWFjIjoiMjg5NWI3MWJhZGYyMDFkZmUxNjlkMjIwMGI3ZTg3YmFkMThhZWY5MzUwYWI2OTNiMTQ5NWY3ZmVlYjg1MjkwNiIsInRhZyI6IiJ9;;[Kegiatan Usaha: Menjual pakaian, Kategori: G, KBLI: 47711];;;;UMKM;;-1.923541667;116.19453;valid;;;FALSE;FALSE;TRUE;;;invalid;;;;;;gazi maria ulfa;0;0;0;;;pasar senaken rt 0 rw 0;;47;gazi maria ulfa pasar senaken rt 0 rw 0 kbli47;1;0;1;1;Aktif;Pasar senaken RT 0RW 0;P01;P01;;1;DONE 01/02 - 8.07 PM
11987;55046376;TK. SULYAHIDA <ZAINAL ABIDIN GAFFAR>;Pasar senaken, RT 0/RW 0;6401040009;64;1;40;9;KALIMANTAN TIMUR;PASER;TANAH GROGOT;JONE;eyJpdiI6InJCTnBqQ2t1SjUxT0VFeWJDSUZWVWc9PSIsInZhbHVlIjoiY1ZibkNHbkYwTGtRWkFzR0gwZTE0Zz09IiwibWFjIjoiNGUzYWFhNjJkM2M3N2JjODdmODlkZTQwNGM0ODM0NTI5ODY4NzBmMzc3OGFkYzljMmNkZjZiZmQyYWE4YjQ2MiIsInRhZyI6IiJ9;;[Kegiatan Usaha: Menjual sepatu, Kategori: G, KBLI: 47712];;;;UMKM;;-1.90059;116.2099183;valid;;;FALSE;FALSE;TRUE;;;invalid;;;;;;tk sulyahida zainal abidin gaffar;0;0;0;;;pasar senaken rt 0 rw 0;;47;tk sulyahida zainal abidin gaffar pasar senaken rt 0 rw 0 kbli47;1;0;1;1;Aktif;Pasar senaken RT 0RW 0;P01;P01;;1;DONE 01/02 - 8.07 PM
11989;55123953;SUNITRI;Wil. Pasar senaken, RT 0/RW 0;6401040016;64;1;40;16;KALIMANTAN TIMUR;PASER;TANAH GROGOT;SENAKEN;eyJpdiI6ImxQMEwxM2xmelpNNlh5eDRJcHlyMUE9PSIsInZhbHVlIjoidFVkUlVmT3pKL3BuN1BrN2N4bnBMUT09IiwibWFjIjoiNDI1MDc5OTZiYjFiYTVhYjE4ZjE4Y2FjYTZiYTgzZjQ2MDViNGE2ZWFlYjcyZTExYmY5ZTVlY2FhMzJlM2RlNSIsInRhZyI6IiJ9;;[Kegiatan Usaha: Me9njual sayur, Kategori: G, KBLI: 47813];;;;UMKM;;-1.933935197;116.164607;invalid;;;FALSE;FALSE;TRUE;;;invalid;;;;;;sunitri;0;0;0;;;wil pasar senaken rt 0 rw 0;;47;sunitri wil pasar senaken rt 0 rw 0 kbli47;1;0;1;0;Aktif;Wil Pasar senaken RT 0RW 0;P01;P01;;1;DONE 01/02 - 8.07 PM
11997;55046221;TOKO H. OLAN <KHADIJAH>;Pasar senaken, RT 0/RW 0;6401040009;64;1;40;9;KALIMANTAN TIMUR;PASER;TANAH GROGOT;JONE;eyJpdiI6ImFzUk1JWFg4M1A1OXhxRGRGS2NLa0E9PSIsInZhbHVlIjoiaExtOUQrangvT2JhZjI3eC9CbTFTQT09IiwibWFjIjoiMjgzMzNkODAwZTQ4MDQ4OWQ5ODMyNTU0MDE0NTY3YzIyMzY5OWRlZWI5YjFlYmMxNjkyMTg0YjI2MGNjY2U0MSIsInRhZyI6IiJ9;;[Kegiatan Usaha: Menjual pakaian, Kategori: G, KBLI: 47711];;;;UMKM;;-1.933935197;116.164607;invalid;;;FALSE;FALSE;TRUE;;;invalid;;;;;;h olan khadijah;0;0;0;;;pasar senaken rt 0 rw 0;;47;h olan khadijah pasar senaken rt 0 rw 0 kbli47;1;0;1;1;Aktif;Pasar senaken RT 0RW 0;P01;P01;;1;DONE 01/02 - 8.07 PM
11998;55264855;SINAR WAJO <ST. SYAHRIWATI>;Pasar senaken, RT 0/RW 0;6401040016;64;1;40;16;KALIMANTAN TIMUR;PASER;TANAH GROGOT;SENAKEN;eyJpdiI6IlBQcDBpb1NVZWJoellrelU1Zk9xWXc9PSIsInZhbHVlIjoicml1andMOXNUSjBFRnFPSVNYSWpJZz09IiwibWFjIjoiMzJmYTYxOGMyNjZhMGEzYTk2NTU4YzNkZTFiNmRmYzkzNDkzNDM5YWU4NWQwY2VlNmIyOWEzZDE5NGE1YmQ2NiIsInRhZyI6IiJ9;;[Kegiatan Usaha: Menjual perlengkapan telekomunikasi, Kategori: G, KBLI: 47877];;;;UMKM;;-1.900475;116.2038383;valid;;;FALSE;FALSE;TRUE;;;invalid;;;;;;sinar wajo st syahriwati;0;0;0;;;pasar senaken rt 0 rw 0;;47;sinar wajo st syahriwati pasar senaken rt 0 rw 0 kbli47;1;0;1;1;Aktif;Pasar senaken RT 0RW 0;P01;P01;;1;DONE 01/02 - 8.07 PM
11999;55238084;UDANG KECIL PATMA WATI <PATMA WATI>;Pasar senaken, RT 0/RW 0;6401040016;64;1;40;16;KALIMANTAN TIMUR;PASER;TANAH GROGOT;SENAKEN;eyJpdiI6IkZidjl0bXUwNmhhYkU5Y1hQcW4veGc9PSIsInZhbHVlIjoiYk9iU1BHSjdkaUZ0RXoyWkJlSU1TQT09IiwibWFjIjoiOGY0M2Q2ZjIwMGYzNDM5MGJmYzdjNjJlMzg3YzlkN2YxYWRhMDU2ZjhkYjVjNDE4Y2JiOTgwYjFmMjlmYmRkZSIsInRhZyI6IiJ9;;[Kegiatan Usaha: Menjual udang kecil eceran di lapak pasar, Kategori: G, KBLI: 47215];;;;UMKM;;-1.906273333;116.2274717;valid;;;FALSE;FALSE;TRUE;;;invalid;;;;;;udang kecil patma wati patma wati;0;0;0;;;pasar senaken rt 0 rw 0;;47;udang kecil patma wati patma wati pasar senaken rt 0 rw 0 kbli47;1;0;1;1;Aktif;Pasar senaken RT 0RW 0;P01;P01;;1;DONE 01/02 - 8.07 PM
12004;55155602;TOKO ARIFIN <NOR JANNAH>;Pasar senaken, RT 0/RW 0;6401040009;64;1;40;9;KALIMANTAN TIMUR;PASER;TANAH GROGOT;JONE;eyJpdiI6IlZaWU9Vd0pFc29jcVdSWGZFdmNFSVE9PSIsInZhbHVlIjoid1VkNHllS1FBSFJ2Mkg1Q0hTUTU4Zz09IiwibWFjIjoiNzY1MDI0YTUzZjljY2M1N2VhYWE4OTViNGYzNTI0YjZmODk5ZWFlYjhmYWQ0NzJkZTMxYTE5YTZjNWRhNWU4NSIsInRhZyI6IiJ9;;[Kegiatan Usaha: MENJUAL PAKAIAN, Kategori: G, KBLI: 47711];;;;UMKM;;-1.933935197;116.164607;invalid;;;FALSE;FALSE;TRUE;;;invalid;;;;;;arifin nor jannah;0;0;0;;;pasar senaken rt 0 rw 0;;47;arifin nor jannah pasar senaken rt 0 rw 0 kbli47;1;0;1;1;Aktif;Pasar senaken RT 0RW 0;P01;P01;;1;DONE 01/02 - 8.07 PM
12005;55073179;KECAMBAH SITI RAHMAH <SITI RAHMAH>;Pasar senaken hamparan subuh, RT 0/RW 0;6401040016;64;1;40;16;KALIMANTAN TIMUR;PASER;TANAH GROGOT;SENAKEN;eyJpdiI6ImJxaWU0S09vRUJxblYzUWV4V2gzMVE9PSIsInZhbHVlIjoiWENoaGNtUkpTSkRuS0psT2NKWkdEdz09IiwibWFjIjoiMmJjMzgxOWNjNjk2NmYwMzY0Y2ZhMTg2NTIxYmI1MmI5Mjg3YzdmNmQyNDE4NWI4MzdlOGY1NmY0M2UyM2M0MSIsInRhZyI6IiJ9;;[Kegiatan Usaha: Menjual sayur kecambah di pasar, Kategori: G, KBLI: 47213];;;;UMKM;;-1.93056907;116.1990717;valid;;;FALSE;FALSE;TRUE;;;invalid;;;;;;kecambah siti rahmah siti rahmah;0;0;0;;;pasar senaken hamparan subuh rt 0 rw 0;;47;kecambah siti rahmah siti rahmah pasar senaken hamparan subuh rt 0 rw 0 kbli47;1;0;1;1;Aktif;Pasar senaken hamparan subuh RT 0RW 0;P01;P01;;1;DONE 01/02 - 8.07 PM
12007;55152861;MOCH. AFANDI;Wil. Pasar senakenp, RT 0/RW 0;6401040016;64;1;40;16;KALIMANTAN TIMUR;PASER;TANAH GROGOT;SENAKEN;eyJpdiI6ImZsckh6ZUV1MSsvRXo2Zk1semdIMWc9PSIsInZhbHVlIjoiMXdSdWdpS1Y2RGhYTGhXRVJLbzRxUT09IiwibWFjIjoiZGI3YzM0NTEwOTYyYzgzNzI1YWEyMTYyMmI3MTFiMWFmMjU0ODUxMDZiYjJhNzljMWMzYmMxMDYwYTkxZDk4OSIsInRhZyI6IiJ9;;[Kegiatan Usaha: Sayuran eceran, Kategori: G, KBLI: 47813];;;;UMKM;;-7.932287719;112.5563103;valid;;;FALSE;FALSE;TRUE;;;invalid;;;;;;moch afandi;0;0;0;;;wil pasar senakenp rt 0 rw 0;;47;moch afandi wil pasar senakenp rt 0 rw 0 kbli47;1;0;1;0;Aktif;Wil Pasar senakenp RT 0RW 0;P01;P01;;1;DONE 01/02 - 8.07 PM
12021;55073427;PECAH BELAH MURCA <AMIRUDIN MURCA>;Pasar senaken, RT 0/RW 0;6401040016;64;1;40;16;KALIMANTAN TIMUR;PASER;TANAH GROGOT;SENAKEN;eyJpdiI6ImV6RnFxVU92OE5CTk9OUUdtRGNFakE9PSIsInZhbHVlIjoiL3NwcG5HMkI5VTZXTDlwd3JUMTZuUT09IiwibWFjIjoiYzAyMTdkNDk3ZGE5ZWEwNzlkOTY0NDgxMmIzMjIyNmNjMDJlMzA3ZTg3ZDNlODZkOWVhOGRhMmEyNzkxYTUwOSIsInRhZyI6IiJ9;;[Kegiatan Usaha: Menjual barang pecah belah di toko, Kategori: G, KBLI: 47596];;;;UMKM;;-1.933935197;116.164607;invalid;;;FALSE;FALSE;TRUE;;;invalid;;;;;;pecah belah murca amirudin murca;0;0;0;;;pasar senaken rt 0 rw 0;;47;pecah belah murca amirudin murca pasar senaken rt 0 rw 0 kbli47;1;0;1;1;Aktif;Pasar senaken RT 0RW 0;P01;P01;;1;DONE 01/02 - 8.07 PM
12023;55178947;TEMPE SUPARMI <suparmi>;Pasar senaken blok A, RT 0/RW 0;6401040016;64;1;40;16;KALIMANTAN TIMUR;PASER;TANAH GROGOT;SENAKEN;eyJpdiI6IjNjN3dRYXcwSkdtQ1FGUjNub2pXRUE9PSIsInZhbHVlIjoiZnRxQ0dKV0NKbjBzTEREanMyc2pzZz09IiwibWFjIjoiZWIwMWRlMTBhNTE4OTNiZGRjMzcwMDM0Mzc0MWI5MTk3ZDJlODdlZjQ0MzZkY2E5NjViODUxMzEwNDlhZTY5MCIsInRhZyI6IiJ9;;[Kegiatan Usaha: Menjual tempe di lapak pasar, Kategori: C, KBLI: 10391];;;;UMKM;;-1.899254536;116.2084705;valid;;;FALSE;FALSE;TRUE;;;invalid;;;;;;tempe suparmi suparmi;0;0;0;;;pasar senaken blok a rt 0 rw 0;;10;tempe suparmi suparmi pasar senaken blok a rt 0 rw 0 kbli10;1;0;1;1;Aktif;Pasar senaken blok A RT 0RW 0;P01;P01;;1;DONE 01/02 - 8.07 PM
12024;55044416;TOKO MAMA AUFA <ERNA>;Pasar senaken, RT 0/RW 0;6401040009;64;1;40;9;KALIMANTAN TIMUR;PASER;TANAH GROGOT;JONE;eyJpdiI6IlVFeWhhQy92a0R3WE1TMFNCZ2NBSEE9PSIsInZhbHVlIjoiT3pYeEpNUU4wNkJuTzJwdEh4WDZDdz09IiwibWFjIjoiYjM1MmQzZGVkZjc0NTBiYzlkZTk0MDM2MDk3NDM4YzM3MzRhYjIzYzgyYjg3NWI5ODFlZDg3MDliZGFiNzhlMSIsInRhZyI6IiJ9;;[Kegiatan Usaha: Menjual pakaian, Kategori: G, KBLI: 47711];;;;UMKM;;-1.89915677;116.1880479;valid;;;FALSE;FALSE;TRUE;;;invalid;;;;;;mama aufa erna;0;0;0;;;pasar senaken rt 0 rw 0;;47;mama aufa erna pasar senaken rt 0 rw 0 kbli47;1;0;1;1;Aktif;Pasar senaken RT 0RW 0;P01;P01;;1;DONE 01/02 - 8.07 PM
12033;55237539;EKO SAPUTRO;wilayah pasar senaken, RT 0/RW 0;6401040016;64;1;40;16;KALIMANTAN TIMUR;PASER;TANAH GROGOT;SENAKEN;eyJpdiI6ImhSdlM0N2xLV0JsYk10ZURkM1NDbXc9PSIsInZhbHVlIjoibmFURnIxVHoxZmRWY2w3SmhwdzVNQT09IiwibWFjIjoiNGJiNDY5ZDM2NTlkNmFmYmE0YWY5NWVjMDk0YWIyZmE4ZjAwNDFmMmEyYTQyNmU3OTk5ZTk1ZjJiYTJiZTZkYSIsInRhZyI6IiJ9;;[Kegiatan Usaha: menjual rempah, Kategori: G, KBLI: 47219];;;;UMKM;;-1.933935197;116.164607;invalid;;;FALSE;FALSE;TRUE;;;invalid;;;;;;eko saputro;0;0;0;;;wilayah pasar senaken rt 0 rw 0;;47;eko saputro wilayah pasar senaken rt 0 rw 0 kbli47;1;0;1;0;Aktif;wilayah pasar senaken RT 0RW 0;P01;P01;;1;DONE 01/02 - 8.07 PM
12048;55103230;SAYURAN IRA <IRA INDRIYANI PUTRI>;Pasar senaken, RT 0/RW 0;6401040016;64;1;40;16;KALIMANTAN TIMUR;PASER;TANAH GROGOT;SENAKEN;eyJpdiI6InIrRzRPWkU1dURZUTUxV3BsZEV4bXc9PSIsInZhbHVlIjoidGlObTVRZG9weGlnRC9ncXVxSWhoQT09IiwibWFjIjoiNzQ1ZTg4ODY4YTBkODFiZjM1MGNlMDZmOTI0NDM1ZTZkNGVjZTYwYjcwZjk4ZjM5NDE4YTI4NWU5N2UxZjQ4ZCIsInRhZyI6IiJ9;;[Kegiatan Usaha: Menjual sayur eceran di lapak pasar, Kategori: G, KBLI: 47813];;;;UMKM;;-1.933935197;116.164607;invalid;;;FALSE;FALSE;TRUE;;;invalid;;;;;;sayuran ira ira indriyani putri;0;0;0;;;pasar senaken rt 0 rw 0;;47;sayuran ira ira indriyani putri pasar senaken rt 0 rw 0 kbli47;1;0;1;1;Aktif;Pasar senaken RT 0RW 0;P01;P01;;1;DONE 01/02 - 8.07 PM
12056;55044458;AHMAD SUPIAN <HJ. ARKIYAH>;Pasar senaken, RT 0/RW 0;6401040016;64;1;40;16;KALIMANTAN TIMUR;PASER;TANAH GROGOT;SENAKEN;eyJpdiI6IlZUenRVZmQxL09DZjlSQndtUFFGU1E9PSIsInZhbHVlIjoidEJ0cVJ3WFBPTnJVQnhYK1d2c0FMUT09IiwibWFjIjoiNWU2ODZjYzlkOGEzZTBlZjkwYzdlZjMwOGZmYzNiZTE4OWU3MzU5OTZkNTk0NmZjZWYyZWY4OThlZDhiMDA1OSIsInRhZyI6IiJ9;;[Kegiatan Usaha: Menjual pakaian, Kategori: G, KBLI: 47711];;;;UMKM;;-1.914910033;116.1927192;valid;;;FALSE;FALSE;TRUE;;;invalid;;;;;;ahmad supian hj arkiyah;0;0;0;;;pasar senaken rt 0 rw 0;;47;ahmad supian hj arkiyah pasar senaken rt 0 rw 0 kbli47;1;0;1;1;Aktif;Pasar senaken RT 0RW 0;P01;P01;;1;DONE 01/02 - 8.07 PM
12062;55074984;TK. RUDY <RUDY LESMANA>;Pasar senaken, RT 0/RW 0;6401040016;64;1;40;16;KALIMANTAN TIMUR;PASER;TANAH GROGOT;SENAKEN;eyJpdiI6IkJpSEJkTm5LbURkcEtHajFsYVpxZ2c9PSIsInZhbHVlIjoiaVppYmluN2pZaU0vVi9JK1FxNnZhQT09IiwibWFjIjoiN2JlOTlmYjQ5ZWYwOWUzMTdkY2RhMDFmYTM0ZWJhMjE0YThlM2MxZjBmZGJjOTg1ZDJmMmUxMTM5MjBlZWI4NCIsInRhZyI6IiJ9;;[Kegiatan Usaha: Menjual pakaian, Kategori: G, KBLI: 47711];;;;UMKM;;-1.933935197;116.164607;invalid;;;FALSE;FALSE;TRUE;;;invalid;;;;;;tk rudy rudy lesmana;0;0;0;;;pasar senaken rt 0 rw 0;;47;tk rudy rudy lesmana pasar senaken rt 0 rw 0 kbli47;1;0;1;1;Aktif;Pasar senaken RT 0RW 0;P01;P01;;1;DONE 01/02 - 8.07 PM
12067;55074626;SARINI;wil. pasar senaken, RT 0/RW 0;6401040016;64;1;40;16;KALIMANTAN TIMUR;PASER;TANAH GROGOT;SENAKEN;eyJpdiI6IjRXWnEwMHhna1VrRTAwRE9qbit2eUE9PSIsInZhbHVlIjoiNjEwKytUdURwYVNLYlgxTWsxWVpEUT09IiwibWFjIjoiNTE0YTNhOWQwNTU2MjVlYzQyNzRmYjJiYjNmODI2MzdiZjQ2Y2EzMzZmODZlMDY0MWU5YTU3NTZlZWE0YzBlYSIsInRhZyI6IiJ9;;[Kegiatan Usaha: menjual sayur eceran, Kategori: G, KBLI: 47213];;;;UMKM;;-1.933935197;116.164607;invalid;;;FALSE;FALSE;TRUE;;;invalid;;;;;;sarini;0;0;0;;;wil pasar senaken rt 0 rw 0;;47;sarini wil pasar senaken rt 0 rw 0 kbli47;1;0;1;0;Aktif;wil pasar senaken RT 0RW 0;P01;P01;;1;DONE 01/02 - 8.07 PM
12075;55152717;ASDANIAH MULYANINGSIH;Pasar senaken, RT 0/RW 0;6401040016;64;1;40;16;KALIMANTAN TIMUR;PASER;TANAH GROGOT;SENAKEN;eyJpdiI6InFJTm4xK29mL0QzQnVSVmliME1TUFE9PSIsInZhbHVlIjoidWdtTzBsdUZ4cWdoaG9NbGswQnBOZz09IiwibWFjIjoiYzc5OThmNTEzYzQwM2FhZTUxNDg2ZDkzMWE5ODcwYzE4NDNhZjM2ZDkwYTBhZGYzZWM2MWRlYzE5YTJmMWRiMyIsInRhZyI6IiJ9;;[Kegiatan Usaha: Menjual pakaina, Kategori: G, KBLI: 47711];;;;UMKM;;-1.899487576;116.2075644;valid;;;FALSE;FALSE;TRUE;;;invalid;;;;;;asdaniah mulyaningsih;0;0;0;;;pasar senaken rt 0 rw 0;;47;asdaniah mulyaningsih pasar senaken rt 0 rw 0 kbli47;1;0;1;0;Aktif;Pasar senaken RT 0RW 0;P01;P01;;1;DONE 01/02 - 8.07 PM
12077;55121849;SEMBAKO HUSNUL <HUSNUL SADIAH>;Pasar senaken, RT 0/RW 0;6401040016;64;1;40;16;KALIMANTAN TIMUR;PASER;TANAH GROGOT;SENAKEN;eyJpdiI6Ik40N2ZtT1dTTG9CeWEySG8zcFN5Mmc9PSIsInZhbHVlIjoiYjRoTVpJTFZ4Z09objVDcjVwVmErUT09IiwibWFjIjoiOTQ4ZmU1ZjM2YWFmYjAzMmFiNzkyMDVkNGI0YTUxMmQ4ZDFhYzU2NzRmODQ4N2Q0MGNmMGJjYzA4MmY2NDc4MiIsInRhZyI6IiJ9;;[Kegiatan Usaha: Menjual sembako eceran di lapak pasar, Kategori: G, KBLI: 47112];;;;UMKM;;-1.933935197;116.164607;invalid;;;FALSE;FALSE;TRUE;;;invalid;;;;;;sembako husnul husnul sadiah;0;0;0;;;pasar senaken rt 0 rw 0;;47;sembako husnul husnul sadiah pasar senaken rt 0 rw 0 kbli47;1;0;1;1;Aktif;Pasar senaken RT 0RW 0;P01;P01;;1;DONE 01/02 - 8.07 PM
12088;55047359;TOKO CAMEL <M. ILMI>;Pasar senaken, RT 0/RW 0;6401040009;64;1;40;9;KALIMANTAN TIMUR;PASER;TANAH GROGOT;JONE;eyJpdiI6ImNSN0FYdzNKRnM0cldVaWhCN2NJcmc9PSIsInZhbHVlIjoiYXczZXQ5MFdicDBUS3RsTzBxYnJkZz09IiwibWFjIjoiN2Q5ZmM4NmEyYWJhOTEzOTMwNmM3M2Q4ZmI2YjliNzc5ZGYwZjU5ZGQ1M2E5ZTIxYWQ2ZWQ1MGQ4MGI1YjczMSIsInRhZyI6IiJ9;;[Kegiatan Usaha: MENJUAL PAKAIAN, Kategori: G, KBLI: 47711];;;;UMKM;;-2.454737285;115.2080042;valid;;;FALSE;FALSE;TRUE;;;invalid;;;;;;camel m ilmi;0;0;0;;;pasar senaken rt 0 rw 0;;47;camel m ilmi pasar senaken rt 0 rw 0 kbli47;1;0;1;1;Aktif;Pasar senaken RT 0RW 0;P01;P01;;1;DONE 01/02 - 8.07 PM
12092;55207004;TOKO SALMAN <SALMAN>;PASAR SENAKEN, RT 0/RW 0;6401040009;64;1;40;9;KALIMANTAN TIMUR;PASER;TANAH GROGOT;JONE;eyJpdiI6Ims4UU9SM1lQNFh6RmpNZ201b1FnVFE9PSIsInZhbHVlIjoiUUdWWC9aNEh3TGFubGhTN0oyWGIyQT09IiwibWFjIjoiZjgwNWMwMjhhNjM5M2Y3NDAxN2U4NzRlZTFkMzZhZDc5NTgzNzQ3MmI0MzM2OTgxZDYyY2NjZWNhZDdlYTA5NCIsInRhZyI6IiJ9;;[Kegiatan Usaha: MENJUAL  PAKAIAN, Kategori: G, KBLI: 47711];;;;UMKM;;-1.933935197;116.164607;invalid;;;FALSE;FALSE;TRUE;;;invalid;;;;;;salman salman;0;0;0;;;pasar senaken rt 0 rw 0;;47;salman salman pasar senaken rt 0 rw 0 kbli47;1;0;1;1;Aktif;PASAR SENAKEN RT 0RW 0;P01;P01;;1;DONE 01/02 - 8.07 PM
12094;55207141;SAYUR SARJO <SARJO>;Pasar senaken, RT 0/RW 0;6401040016;64;1;40;16;KALIMANTAN TIMUR;PASER;TANAH GROGOT;SENAKEN;eyJpdiI6Im8xdjU3SGc0YTFXazVWQXI3dHNrK3c9PSIsInZhbHVlIjoiSFFkTmhTNld5aXpsOU9Xd3kvMGszQT09IiwibWFjIjoiOTc2NjdkMDFiNzk2MmI4MWM0NjRmNjFiMTRjZTNlYTU5ZTkyNDdkNDk3YTQ0ZmRjY2FmODc0MTBmMzgxMWJiNiIsInRhZyI6IiJ9;;[Kegiatan Usaha: Menjual sayur eceran di pasar, Kategori: G, KBLI: 47213];;;;UMKM;;-1.89290599;116.1805936;valid;;;FALSE;FALSE;TRUE;;;invalid;;;;;;sayur sarjo sarjo;0;0;0;;;pasar senaken rt 0 rw 0;;47;sayur sarjo sarjo pasar senaken rt 0 rw 0 kbli47;1;0;1;1;Aktif;Pasar senaken RT 0RW 0;P01;P01;;1;DONE 01/02 - 8.07 PM
12116;55072846;MARIANI;Pasar senaken, RT 0/RW 0;6401040016;64;1;40;16;KALIMANTAN TIMUR;PASER;TANAH GROGOT;SENAKEN;eyJpdiI6ImRtRXJvMmxyQm5BWFQvM1lrZnIrZGc9PSIsInZhbHVlIjoiNjd3RVF5dXJPUmR3MGNsVVlNZkpqZz09IiwibWFjIjoiMGZmNWUxOGRhMGVkNDkwMGI5ZGJhYTIzYjdiM2IzZTJmNTg4OTQ2MGE2YTYyODM0N2YyNzU0ZmUyMTBlNTk0OCIsInRhZyI6IiJ9;;[Kegiatan Usaha: Menjual perhiasan, Kategori: G, KBLI: 47852];;;;UMKM;;-1.933935197;116.164607;invalid;;;FALSE;FALSE;TRUE;;;invalid;;;;;;mariani;0;0;0;;;pasar senaken rt 0 rw 0;;47;mariani pasar senaken rt 0 rw 0 kbli47;1;0;1;0;Aktif;Pasar senaken RT 0RW 0;P01;P01;;1;DONE 01/02 - 8.07 PM
12118;55152641;MUH. ARAS <MUH ARAS>;wil. ppasar senaken, RT 0/RW 0;6401040016;64;1;40;16;KALIMANTAN TIMUR;PASER;TANAH GROGOT;SENAKEN;eyJpdiI6IlIwRGV3enRVQWdYWERxQThENU54dEE9PSIsInZhbHVlIjoidDJlZXhRYU12WkttWDVJRGtRWlpzQT09IiwibWFjIjoiNDM1NTBhYmE2NmQxZDVmODM0NWM1NzFlZTRjZjE1MmVjYzkwOTY2OWYxZTAxNDdiYTQyOGY2MjI2NGIxN2Q0OSIsInRhZyI6IiJ9;;[Kegiatan Usaha: menjual sayuran, Kategori: G, KBLI: 47813];;;;UMKM;;-1.901773333;116.2268533;valid;;;FALSE;FALSE;TRUE;;;invalid;;;;;;muh aras muh aras;0;0;0;;;wil ppasar senaken rt 0 rw 0;;47;muh aras muh aras wil ppasar senaken rt 0 rw 0 kbli47;1;0;1;1;Aktif;wil ppasar senaken RT 0RW 0;P01;P01;;1;DONE 01/02 - 8.07 PM
12127;55181288;TOKO RIZKY ZIDAN <RUSDIANA>;Pasar senaken, RT 0/RW 0;6401040009;64;1;40;9;KALIMANTAN TIMUR;PASER;TANAH GROGOT;JONE;eyJpdiI6IjlVWThkbkNMekNuQXRhUlNFc3FZNFE9PSIsInZhbHVlIjoiM09nSzhHaGZoTGxneVlRUVdlQlozZz09IiwibWFjIjoiZmY1NmNjMWY4MmQ1YjA4NmM3ODc0NjMwMGYzOTY0M2JkMjkxZWYxMzdmMmU5ODJiYTY2YjAzMTYyZmZkMTEzYiIsInRhZyI6IiJ9;;[Kegiatan Usaha: MENJUAL PAKAIAN, Kategori: G, KBLI: 47711];;;;UMKM;;-1.933935197;116.164607;invalid;;;FALSE;FALSE;TRUE;;;invalid;;;;;;rizky zidan rusdiana;0;0;0;;;pasar senaken rt 0 rw 0;;47;rizky zidan rusdiana pasar senaken rt 0 rw 0 kbli47;1;0;1;1;Aktif;Pasar senaken RT 0RW 0;P01;P01;;1;DONE 01/02 - 8.07 PM
12129;55237241;RAMINAH;wilayah pasar senaken, RT 0/RW 0;6401040016;64;1;40;16;KALIMANTAN TIMUR;PASER;TANAH GROGOT;SENAKEN;eyJpdiI6InQwM1FFZEczRGlYUXFodEw3eXNJSlE9PSIsInZhbHVlIjoiaTJRUmdHWExBWUlmL2xGRFhRRGoxdz09IiwibWFjIjoiYzE3MmU2ZmI2MGIzZGM5MjRlZjA2ZjhkODY5ZGM0NjhkYjNmNjVkMGM4ZGJlMTlkYTJhMDQyZjMzYWM2OTk5ZiIsInRhZyI6IiJ9;;[Kegiatan Usaha: menjual sayuran, Kategori: G, KBLI: 47813];;;;UMKM;;-1.94593891;116.2296489;valid;;;FALSE;FALSE;TRUE;;;invalid;;;;;;raminah;0;0;0;;;wilayah pasar senaken rt 0 rw 0;;47;raminah wilayah pasar senaken rt 0 rw 0 kbli47;1;0;1;0;Aktif;wilayah pasar senaken RT 0RW 0;P01;P01;;1;DONE 01/02 - 8.07 PM
12130;55076028;NORMAN;Wil. Pasar senaken, RT 0/RW 0;6401040016;64;1;40;16;KALIMANTAN TIMUR;PASER;TANAH GROGOT;SENAKEN;eyJpdiI6IjhzaUx4WnRpak1XbFJhWHBSelpabkE9PSIsInZhbHVlIjoiaWo3d0tNK3JsRWd0VS9BMC9jdkVhUT09IiwibWFjIjoiMjEyYzhiYjdiNWJhYWU0NzUzMThmNDQ0NzBmMDZjMDBiM2Y0MGE5NzY1N2MwMjY3ZTE5MDUwYjRiNDhjYjY1ZCIsInRhZyI6IiJ9;;[Kegiatan Usaha: Menjual eceran ikan basah, Kategori: G, KBLI: 47215];;;;UMKM;;-1.90507;116.2192933;valid;;;FALSE;FALSE;TRUE;;;invalid;;;;;;norman;0;0;0;;;wil pasar senaken rt 0 rw 0;;47;norman wil pasar senaken rt 0 rw 0 kbli47;1;0;1;0;Aktif;Wil Pasar senaken RT 0RW 0;P01;P01;;1;DONE 01/02 - 8.07 PM
12137;55099584;NOOR AISYAH;Pasar senaken, RT 0/RW 0;6401040016;64;1;40;16;KALIMANTAN TIMUR;PASER;TANAH GROGOT;SENAKEN;eyJpdiI6Ik4vT2hFc0RKeWNxOWRiSzlkU0JvcHc9PSIsInZhbHVlIjoiU0UvV1I2aGdndWYyNGdkSkNlRkpXdz09IiwibWFjIjoiNThiY2EzZjc3MTkyYzc0YmI2NWFmNmZhYTM3M2VmOGVhNGFjYzljNmU2NzQyNmJlNTQ3ZjI3YWY3ZTQ5ZjA4ZSIsInRhZyI6IiJ9;;[Kegiatan Usaha: Menjual pakaian, Kategori: G, KBLI: 47711];;;;UMKM;;-1.915146868;116.190321;valid;;;FALSE;FALSE;TRUE;;;invalid;;;;;;noor aisyah;0;0;0;;;pasar senaken rt 0 rw 0;;47;noor aisyah pasar senaken rt 0 rw 0 kbli47;1;0;1;0;Aktif;Pasar senaken RT 0RW 0;P01;P01;;1;DONE 01/02 - 8.07 PM
12140;55101306;TK. EDY <EDY ASMAN>;Pasar senaken, RT 0/RW 0;6401040016;64;1;40;16;KALIMANTAN TIMUR;PASER;TANAH GROGOT;SENAKEN;eyJpdiI6IkhmYkYzVFV6OWlnTHVWd2MxMGRVOHc9PSIsInZhbHVlIjoiNDdjOWx4VU9NeHphajdDbTV5MU9Gdz09IiwibWFjIjoiZjBhODlmZGZlZjcwNmIyNjY1OTA4ZTc5MjlhYmQwZmJlZjYyN2VmNjcxNDY1ZjhhYTc5ZTQ0YmJiZGNjZjA5MyIsInRhZyI6IiJ9;;[Kegiatan Usaha: Menjual tas, Kategori: G, KBLI: 47714];;;;UMKM;;-1.9206755;116.1892555;valid;;;FALSE;FALSE;TRUE;;;invalid;;;;;;tk edy edy asman;0;0;0;;;pasar senaken rt 0 rw 0;;47;tk edy edy asman pasar senaken rt 0 rw 0 kbli47;1;0;1;1;Aktif;Pasar senaken RT 0RW 0;P01;P01;;1;DONE 01/02 - 8.07 PM
12145;55098187;MUS SUNARTI;wilayah pasar senaken, RT 0/RW 0;6401040016;64;1;40;16;KALIMANTAN TIMUR;PASER;TANAH GROGOT;SENAKEN;eyJpdiI6IjBBT3R6L3MrZG1jNDZtdXhsTm4vb1E9PSIsInZhbHVlIjoiZ0hPZ2Q5Q2JBUjJLejhDaFdUUWdVZz09IiwibWFjIjoiODZhNmIyMjkwMmU5M2Y1MDY0MzZkODg1Yzg4YjY4Y2I3OTkzNTc4YWU2NWM2ODlmMTM0ZDQzNWJhZDA0MjVlNCIsInRhZyI6IiJ9;;[Kegiatan Usaha: menjual sayur eceran, Kategori: G, KBLI: 47813];;;;UMKM;;-1.933935197;116.164607;invalid;;;FALSE;FALSE;TRUE;;;invalid;;;;;;mus sunarti;0;0;0;;;wilayah pasar senaken rt 0 rw 0;;47;mus sunarti wilayah pasar senaken rt 0 rw 0 kbli47;1;0;1;0;Aktif;wilayah pasar senaken RT 0RW 0;P01;P01;;1;DONE 01/02 - 8.07 PM
12162;55151904;YANOR;Pasar senaken, RT 0/RW 0;6401040016;64;1;40;16;KALIMANTAN TIMUR;PASER;TANAH GROGOT;SENAKEN;eyJpdiI6IjB3S21GSDRyNXB5LzhoT0NVMzBvcEE9PSIsInZhbHVlIjoiYXV5OTBIUEpkQUZDaENsZFFXcTd4QT09IiwibWFjIjoiYzk5OWY2MTdlY2RiM2I2YzZmZDU2MTI3MTQwMDZlZjY0YzAwYTgwNzMyM2FkZGFkMjg5ZDYwZWFmMWI1NDkwOCIsInRhZyI6IiJ9;;[Kegiatan Usaha: Menjual pakaian, Kategori: G, KBLI: 47711];;;;UMKM;;-1.933935197;116.164607;invalid;;;FALSE;FALSE;TRUE;;;invalid;;;;;;yanor;0;0;0;;;pasar senaken rt 0 rw 0;;47;yanor pasar senaken rt 0 rw 0 kbli47;1;0;1;0;Aktif;Pasar senaken RT 0RW 0;P01;P01;;1;DONE 01/02 - 8.07 PM
12164;55072082;SAYUR YULIANA <YULIANA>;Pasar senaken hamparan subuh, RT 0/RW 0;6401040016;64;1;40;16;KALIMANTAN TIMUR;PASER;TANAH GROGOT;SENAKEN;eyJpdiI6IkVVczNsdmltaGdaMkM0OFJsRnl4QWc9PSIsInZhbHVlIjoiRVBPTnRrT0I0V3Mvc1pSVlFQcklQUT09IiwibWFjIjoiNjAxMWQ2Yjk0M2RkOTE3OGNlNmI2ZTQ4NDlkYjI4YjJlN2JkODk1ZTY1MmNjZGEyZjUyMjAxNTgwNWYwNDA5NyIsInRhZyI6IiJ9;;[Kegiatan Usaha: Menjual sayur eceran di lapak pasar, Kategori: G, KBLI: 47213];;;;UMKM;;-1.93479;116.2069567;valid;;;FALSE;FALSE;TRUE;;;invalid;;;;;;sayur yuliana yuliana;0;0;0;;;pasar senaken hamparan subuh rt 0 rw 0;;47;sayur yuliana yuliana pasar senaken hamparan subuh rt 0 rw 0 kbli47;1;0;1;1;Aktif;Pasar senaken hamparan subuh RT 0RW 0;P01;P01;;1;DONE 01/02 - 8.07 PM
12166;55076165;RASILAH;Wilayah pasar senaken, RT 0/RW 0;6401040016;64;1;40;16;KALIMANTAN TIMUR;PASER;TANAH GROGOT;SENAKEN;eyJpdiI6IlQxN3F0WFUzUm82b2dwb2o4RC9Tenc9PSIsInZhbHVlIjoibTY0d3c5R0w5VHVSam44bmdVWGxRZz09IiwibWFjIjoiMmI3NjA1NzgyZWJiYjQ3ZjQ4ZDA2ZGM2YTAwNWZmNjFjNDBkMjU2MTljODE5OGFlYWEzY2QwNDUyNDc5ZWUzMiIsInRhZyI6IiJ9;;[Kegiatan Usaha: Menjual sembako, Kategori: G, KBLI: 47112];;;;UMKM;;-1.84226653;116.2385551;valid;;;FALSE;FALSE;TRUE;;;invalid;;;;;;rasilah;0;0;0;;;wilayah pasar senaken rt 0 rw 0;;47;rasilah wilayah pasar senaken rt 0 rw 0 kbli47;1;0;1;0;Aktif;Wilayah pasar senaken RT 0RW 0;P01;P01;;1;DONE 01/02 - 8.07 PM
12167;55238391;RAJUNDIN NOOR <RAJIDUN NOOR>;Pasar senaken, RT 0/RW 0;6401040016;64;1;40;16;KALIMANTAN TIMUR;PASER;TANAH GROGOT;SENAKEN;eyJpdiI6IndyZk9NOW91QVZ4Tmw4NVNPWlptR1E9PSIsInZhbHVlIjoiSkxFamtMRDJZdXFGOFJPU2J3eHNWQT09IiwibWFjIjoiZDNhMWNjMmVhZDEyODkzNGM1YTQ3YmE3OWFiMmVjNjI3ODk3ZjVkNzUzM2YxMDJhYjhjMjk4M2I2ZDY2MmM2NCIsInRhZyI6IiJ9;;[Kegiatan Usaha: Menjual kosmetik, Kategori: G, KBLI: 47724];;;;UMKM;;-1.90932;116.1882767;valid;;;FALSE;FALSE;TRUE;;;invalid;;;;;;rajundin noor rajidun noor;0;0;0;;;pasar senaken rt 0 rw 0;;47;rajundin noor rajidun noor pasar senaken rt 0 rw 0 kbli47;1;0;1;1;Aktif;Pasar senaken RT 0RW 0;P01;P01;;1;DONE 01/02 - 8.07 PM
12168;55154320;AMBO LALA;Pasar senaken, RT 0/RW 0;6401040016;64;1;40;16;KALIMANTAN TIMUR;PASER;TANAH GROGOT;SENAKEN;eyJpdiI6ImhsMlo2b21UUUlzWFhGanJhZENwZkE9PSIsInZhbHVlIjoiZERKaTQyZEFJZHRCRmJYL0FobXVCQT09IiwibWFjIjoiY2MzNmNlMzI0YTQ4M2QwM2JmMzY3ZmE4NTQ2NzQwZjhiNzcxN2RhZTk2MDJjYzQyNDk2MDRkMGM1OTJhNjc1ZiIsInRhZyI6IiJ9;;[Kegiatan Usaha: Menjual pakaian, Kategori: G, KBLI: 47711];;;;UMKM;;-1.902925;116.2137283;valid;;;FALSE;FALSE;TRUE;;;invalid;;;;;;ambo lala;0;0;0;;;pasar senaken rt 0 rw 0;;47;ambo lala pasar senaken rt 0 rw 0 kbli47;1;0;1;0;Aktif;Pasar senaken RT 0RW 0;P01;P01;;1;DONE 01/02 - 8.07 PM
12171;55264748;RAPIAH;wil.pasar senaken, RT 0/RW 0;6401040016;64;1;40;16;KALIMANTAN TIMUR;PASER;TANAH GROGOT;SENAKEN;eyJpdiI6IklEbHg4N0hmQzNlMWdsTlY0cDN1QXc9PSIsInZhbHVlIjoiT3Q5YklDb1hxSjk0eGt2eVR2OS9KZz09IiwibWFjIjoiNzIxZTkxNTIzOWNkZjUwN2EzYmNmZmZmOTBiMDI4MjA4MGUxNWJmNGJhZTFhYmUxMTVmNGFjNWFlZmU1Y2ExMyIsInRhZyI6IiJ9;;[Kegiatan Usaha: menjual sayuran, Kategori: G, KBLI: 47813];;;;UMKM;;-2.6401;115.372945;valid;;;FALSE;FALSE;TRUE;;;invalid;;;;;;rapiah;0;0;0;;;wil pasar senaken rt 0 rw 0;;47;rapiah wil pasar senaken rt 0 rw 0 kbli47;1;0;1;0;Aktif;wilpasar senaken RT 0RW 0;P01;P01;;1;DONE 01/02 - 8.07 PM
12172;55075466;TOKO 4 SAUDARA <NORJANI JUHRIE>;PASAR SENAKEN, RT 0/RW 0;6401040009;64;1;40;9;KALIMANTAN TIMUR;PASER;TANAH GROGOT;JONE;eyJpdiI6IjE2TmRLMUZQano5Q3VrMy8yNngyZFE9PSIsInZhbHVlIjoiNnMrMFRjT3hxejgwRm5zYm82RlpCdz09IiwibWFjIjoiYzVlZjk2MzE4Y2Y0MzgzMWYzZmZkNTg5M2VlODI0NzI5YTk1ZDQ4MzcyZjcxMmUwMmM2MDM2M2Q0NTE2NDgxNiIsInRhZyI6IiJ9;;[Kegiatan Usaha: MENJUAL PAKAIAN, Kategori: G, KBLI: 47711];;;;UMKM;;-1.90310868;116.19832;valid;;;FALSE;FALSE;TRUE;;;invalid;;;;;;4 saudara norjani juhrie;0;0;0;;;pasar senaken rt 0 rw 0;;47;4 saudara norjani juhrie pasar senaken rt 0 rw 0 kbli47;1;0;1;1;Aktif;PASAR SENAKEN RT 0RW 0;P01;P01;;1;DONE 01/02 - 8.07 PM
12179;55098956;REMPAH SINI <SINI>;Pasar senaken blok A, RT 0/RW 0;6401040016;64;1;40;16;KALIMANTAN TIMUR;PASER;TANAH GROGOT;SENAKEN;eyJpdiI6ImxXcHR6eCtWUXJnMHZ1U0dJWENLZHc9PSIsInZhbHVlIjoiVnAvTE5CcUlhMW5hQUNncDNZcVppQT09IiwibWFjIjoiZGY0NDM5NGM1Mjg1YmU2OWQ4NGFhYjNjZGYwNDdmNDE0MmZjMTMxMTE1NDM1ZDk0OGM4MDMzMTBhZjk3MTkwZCIsInRhZyI6IiJ9;;[Kegiatan Usaha: Menjual bumbu rempah-rempah di los pasar, Kategori: G, KBLI: 47819];;;;UMKM;;-1.89709;116.2094317;valid;;;FALSE;FALSE;TRUE;;;invalid;;;;;;rempah sini sini;0;0;0;;;pasar senaken blok a rt 0 rw 0;;47;rempah sini sini pasar senaken blok a rt 0 rw 0 kbli47;1;0;1;1;Aktif;Pasar senaken blok A RT 0RW 0;P01;P01;;1;DONE 01/02 - 8.07 PM
12183;55098619;TOKO SINAR ABADI <SYAIFUL MAHDI>;Pasar senaken, RT 0/RW 0;6401040009;64;1;40;9;KALIMANTAN TIMUR;PASER;TANAH GROGOT;JONE;eyJpdiI6IjR4bTB3MXJ0MHl2WUtQcDRkVmduYXc9PSIsInZhbHVlIjoiNGo5aWNLMCt1UVRyZTVQSDc1M2pxUT09IiwibWFjIjoiNmUwYjBjMGM4MThiZDE2ZmYwODU4MzE0MGI2ZWUyZTdhN2VkMDNmZTliYzk2NGY0YTljNWU3Mzk3ZTM2NmVjNCIsInRhZyI6IiJ9;;[Kegiatan Usaha: Menjual pakaian, Kategori: G, KBLI: 47711];;;;UMKM;;-1.933935197;116.164607;invalid;;;FALSE;FALSE;TRUE;;;invalid;;;;;;sinar abadi syaiful mahdi;0;0;0;;;pasar senaken rt 0 rw 0;;47;sinar abadi syaiful mahdi pasar senaken rt 0 rw 0 kbli47;1;0;1;1;Aktif;Pasar senaken RT 0RW 0;P01;P01;;1;DONE 01/02 - 8.07 PM
12205;55179952;SEMBAKO PAHILIANI <PAHILIANI>;Pasar senaken, RT 0/RW 0;6401040016;64;1;40;16;KALIMANTAN TIMUR;PASER;TANAH GROGOT;SENAKEN;eyJpdiI6IlVERUxZQnFwTCtkemNqZ3hKeWhpbVE9PSIsInZhbHVlIjoicXQrRUllQjdDYWJHWm1RNys2d0xDQT09IiwibWFjIjoiMjU5NTU1YTk1ODNhMzZhMzUyODY0MjBjZjg2ZGQ5ZTg1Yzk5YTRiMzgwYzgzYjY1NGE1MzBjOTI1YjVkNjAxMSIsInRhZyI6IiJ9;;[Kegiatan Usaha: Menjual sembako eceran, Kategori: G, KBLI: 47112];;;;UMKM;;-1.933935197;116.164607;invalid;;;FALSE;FALSE;TRUE;;;invalid;;;;;;sembako pahiliani pahiliani;0;0;0;;;pasar senaken rt 0 rw 0;;47;sembako pahiliani pahiliani pasar senaken rt 0 rw 0 kbli47;1;0;1;1;Aktif;Pasar senaken RT 0RW 0;P01;P01;;1;DONE 01/02 - 8.07 PM
12214;55101266;KEPITING SARIFUDIN <SARIFUDIN>;Pasar senaken blok c, RT 0/RW 0;6401040004;64;1;40;4;KALIMANTAN TIMUR;PASER;TANAH GROGOT;TANAH GROGOT;eyJpdiI6ImJQUVhna2k0SkszNFZRTVRhV2hJN3c9PSIsInZhbHVlIjoiNFZXeHJDcnE4Qmw2WUlOdFpjQzdRdz09IiwibWFjIjoiY2EyNjU3NTc2MGVkZTkyMGE0ZjdiZDdlMzYwNjE0NWFiNTIzYTkzMWQzZTkzMWUyOWFiY2U4OWNhYjE1YzU1ZiIsInRhZyI6IiJ9;;[Kegiatan Usaha: Menjual Kepiting eceran di pasar, Kategori: G, KBLI: 47215];;;;UMKM;;-1.933935197;116.164607;invalid;;;FALSE;FALSE;TRUE;;;invalid;;;;;;kepiting sarifudin sarifudin;0;0;0;;;pasar senaken blok c rt 0 rw 0;;47;kepiting sarifudin sarifudin pasar senaken blok c rt 0 rw 0 kbli47;1;0;1;1;Aktif;Pasar senaken blok c RT 0RW 0;P01;P01;;1;DONE 01/02 - 8.07 PM
12230;55156426;TOKO HERMAN <HERMAN>;Pasar senaken, RT 0/RW 0;6401040009;64;1;40;9;KALIMANTAN TIMUR;PASER;TANAH GROGOT;JONE;eyJpdiI6InhwSTRqMVJjSE9IU1o5QTEzdUVQV0E9PSIsInZhbHVlIjoiYndUVkZkaVkxbTlKYVlzdXZmS0VtUT09IiwibWFjIjoiMTczZWU4Y2VmZTNlZTQxZWY3N2FiNjVhNzk4ZTAwZDcwYzVjZjc1NzVjN2ZjOGM4YTM1MDhmMWNiY2RhNmIwOCIsInRhZyI6IiJ9;;[Kegiatan Usaha: Pengrajin emas, Kategori: C, KBLI: 32112];;;;UMKM;;-1.904095;116.2129167;valid;;;FALSE;FALSE;TRUE;;;invalid;;;;;;herman herman;0;0;0;;;pasar senaken rt 0 rw 0;;32;herman herman pasar senaken rt 0 rw 0 kbli32;1;0;1;1;Aktif;Pasar senaken RT 0RW 0;P01;P01;;1;DONE 01/02 - 8.07 PM
12240;55103883;TOKO LUTFI <HERDIANSYAH>;Pasar Senaken, RT 0/RW 0;6401040009;64;1;40;9;KALIMANTAN TIMUR;PASER;TANAH GROGOT;JONE;eyJpdiI6Inppa3Nta2Q4Wkg1WXc5bVJNTmhpZVE9PSIsInZhbHVlIjoic2N2SlVCN29lYkh5cVZYaHlMdGxxUT09IiwibWFjIjoiMTg5Nzc2Y2I2M2ZiYTc2MTQ1NmM5ODA5ODI1NzFkMDllMjA4MjMyYzQ5MWNjNDhmZDc0MGFjYWVkZjE2Yjg4YyIsInRhZyI6IiJ9;;[Kegiatan Usaha: Menjual pakaian, Kategori: G, KBLI: 47711];;;;UMKM;;-1.933935197;116.164607;invalid;;;FALSE;FALSE;TRUE;;;invalid;;;;;;lutfi herdiansyah;0;0;0;;;pasar senaken rt 0 rw 0;;47;lutfi herdiansyah pasar senaken rt 0 rw 0 kbli47;1;0;1;1;Aktif;Pasar Senaken RT 0RW 0;P01;P01;;1;DONE 01/02 - 8.07 PM
12241;55239758;MUSLIMAH;Wil. Pasar senaken, RT 0/RW 0;6401040016;64;1;40;16;KALIMANTAN TIMUR;PASER;TANAH GROGOT;SENAKEN;eyJpdiI6IlpkRFd4M1h1M1hmOER2L0ZQeVRSeEE9PSIsInZhbHVlIjoiV215TU5VSDFPNWplQmFCaDJKcFJLQT09IiwibWFjIjoiM2ZkZWYyMWNmNTYxZDBlYjBhYjA1YzdiMGYxZmVhMDU5YjdiZmRkMWFhYTg4NmU0NjMwZGY2ZmJkODc2NzVmYiIsInRhZyI6IiJ9;;[Kegiatan Usaha: Menjual rempah rempah, Kategori: G, KBLI: 47219];;;;UMKM;;-1.933935197;116.164607;invalid;;;FALSE;FALSE;TRUE;;;invalid;;;;;;muslimah;0;0;0;;;wil pasar senaken rt 0 rw 0;;47;muslimah wil pasar senaken rt 0 rw 0 kbli47;1;0;1;0;Aktif;Wil Pasar senaken RT 0RW 0;P01;P01;;1;DONE 01/02 - 8.07 PM
12250;55074171;SALASIAH;Wilayah pasar senaken, RT 0/RW 0;6401040016;64;1;40;16;KALIMANTAN TIMUR;PASER;TANAH GROGOT;SENAKEN;eyJpdiI6IldyVUVHaDJTRU8wbGE4bVZvd0pZeVE9PSIsInZhbHVlIjoiY0d1RHVpdlpRd2RTK2FHOTlHemh3UT09IiwibWFjIjoiNDRkNjMzNDkwZGQ3YmU4NjEwZTJkOTUwOGNhNjg4Y2M5OTZjYmFhNWU5OTkyMGY5MGZkYzQwZjdlNzI1MWE1YiIsInRhZyI6IiJ9;;[Kegiatan Usaha: Mennjual accessories eceran, Kategori: G, KBLI: 47852];;;;UMKM;;-1.88057507;116.1761039;valid;;;FALSE;FALSE;TRUE;;;invalid;;;;;;salasiah;0;0;0;;;wilayah pasar senaken rt 0 rw 0;;47;salasiah wilayah pasar senaken rt 0 rw 0 kbli47;1;0;1;0;Aktif;Wilayah pasar senaken RT 0RW 0;P01;P01;;1;DONE 01/02 - 8.07 PM
12254;55047450;TOKO ANA KOSMETIK <RUSMAWATI>;Pasar senaken, RT 0/RW 0;6401040009;64;1;40;9;KALIMANTAN TIMUR;PASER;TANAH GROGOT;JONE;eyJpdiI6IkU5eWt5Vk8vbmxUZ1Z6cnJNZEpJRmc9PSIsInZhbHVlIjoicDZWRjBZdTk2Ym1GMXA2Q1pLanZxUT09IiwibWFjIjoiZjc1MjA5MWViYjliZGRhYTk0MjI0YTRmZTY1M2ZjNjIwZmIzMjMyOWE5ZGZmYjU5NmJhYTQ0ZjRiOTM3MDY5ZiIsInRhZyI6IiJ9;;[Kegiatan Usaha: Menjual kosmetik, Kategori: G, KBLI: 47844];;;;UMKM;;-1.900746667;116.2039683;valid;;;FALSE;FALSE;TRUE;;;invalid;;;;;;ana kosmetik rusmawati;0;0;0;;;pasar senaken rt 0 rw 0;;47;ana kosmetik rusmawati pasar senaken rt 0 rw 0 kbli47;1;0;1;1;Aktif;Pasar senaken RT 0RW 0;P01;P01;;1;DONE 01/02 - 8.07 PM
12255;55076982;AHMAD R <AHMAD RUSDIANNUR>;wilayah pasar senaken, RT 0/RW 0;6401040016;64;1;40;16;KALIMANTAN TIMUR;PASER;TANAH GROGOT;SENAKEN;eyJpdiI6Imk3dDNzcFRjTXBiRSszaGFCa0M5OXc9PSIsInZhbHVlIjoiT2tVREE4RG1NRmpmdVd2ZmhiYm9oZz09IiwibWFjIjoiMDM1ZTRiM2U1Y2JmNjE3NzE0NDMxODc0MzQwYzE0ZGEyZjgwMWNlNjJmNjJmYzVhYzExYmQ0ZjQ4ZDA4ZjRhOSIsInRhZyI6IiJ9;;[Kegiatan Usaha: menjual ikan basah, Kategori: G, KBLI: 47215];;;;UMKM;;-1.89488442;116.184459;valid;;;FALSE;FALSE;TRUE;;;invalid;;;;;;ahmad r ahmad rusdiannur;0;0;0;;;wilayah pasar senaken rt 0 rw 0;;47;ahmad r ahmad rusdiannur wilayah pasar senaken rt 0 rw 0 kbli47;1;0;1;1;Aktif;wilayah pasar senaken RT 0RW 0;P01;P01;;1;DONE 01/02 - 8.07 PM
12256;55179464;TOKO H.MASRUNI <LINI>;Pasar senaken, RT 0/RW 0;6401040009;64;1;40;9;KALIMANTAN TIMUR;PASER;TANAH GROGOT;JONE;eyJpdiI6IktXMHd3L29Eejg0QkJhdFZSV1ZBRHc9PSIsInZhbHVlIjoiZEpiZFBTQUxtd0ZIalJWSXAzaDlrdz09IiwibWFjIjoiYTdiOWJmNTMzOGY2YTk5YzM5OTA1N2NhNTYyNjAzODlmODA5YjMyZTg5MzdhMjdkNGI3YmNjODAwYzM2MGMwYSIsInRhZyI6IiJ9;;[Kegiatan Usaha: MENJUAL PAKAIAN, Kategori: G, KBLI: 47711];;;;UMKM;;-1.917076644;116.1893762;valid;;;FALSE;FALSE;TRUE;;;invalid;;;;;;h masruni lini;0;0;0;;;pasar senaken rt 0 rw 0;;47;h masruni lini pasar senaken rt 0 rw 0 kbli47;1;0;1;1;Aktif;Pasar senaken RT 0RW 0;P01;P01;;1;DONE 01/02 - 8.07 PM
12261;55101964;RIFDA YUNITA S;Wilayah pasar senaken, RT 0/RW 0;6401040016;64;1;40;16;KALIMANTAN TIMUR;PASER;TANAH GROGOT;SENAKEN;eyJpdiI6IkkvMTVKMXlrOFArbFlzbXNhTmt5NkE9PSIsInZhbHVlIjoiNDRRWWxheFZrMlRBVTJFNTM4b2FMdz09IiwibWFjIjoiMmY4NTYxOTYyN2EwYmQyOGYyMWExNDVjYmRhODdiODlmMWUxODJjNDcxZTlkYWFiZWU1NzM0ZTkwNzM1ZGQ0NyIsInRhZyI6IiJ9;;[Kegiatan Usaha: Menjual sayuran, Kategori: G, KBLI: 47213];;;;UMKM;;-1.900803074;116.2075754;valid;;;FALSE;FALSE;TRUE;;;invalid;;;;;;rifda yunita s;0;0;0;;;wilayah pasar senaken rt 0 rw 0;;47;rifda yunita s wilayah pasar senaken rt 0 rw 0 kbli47;1;0;1;0;Aktif;Wilayah pasar senaken RT 0RW 0;P01;P01;;1;DONE 01/02 - 8.07 PM
12269;55070647;IKAN BASAH ARDI <ARDI>;Pasar senaken, RT 0/RW 0;6401040016;64;1;40;16;KALIMANTAN TIMUR;PASER;TANAH GROGOT;SENAKEN;eyJpdiI6InM0SW0yQmZDVUJhb0tQRnR2L2NNY0E9PSIsInZhbHVlIjoieVVWK3RoZHg0OU1HU3dLV2ZnbVFNZz09IiwibWFjIjoiNDNmNmExODM1ZjJkN2JjMWZiMjRkZWM4ZWNkNGFlMWEyYzA1NDk4YzJkNTJkYmRkMjYwNWU1MTBiOTRiY2M4ZSIsInRhZyI6IiJ9;;[Kegiatan Usaha: Menjual ikan basah eceran di lapak pasar, Kategori: G, KBLI: 47215];;;;UMKM;;-2.937058333;114.45843;valid;;;FALSE;FALSE;TRUE;;;invalid;;;;;;ikan basah ardi ardi;0;0;0;;;pasar senaken rt 0 rw 0;;47;ikan basah ardi ardi pasar senaken rt 0 rw 0 kbli47;1;0;1;1;Aktif;Pasar senaken RT 0RW 0;P01;P01;;1;DONE 01/02 - 8.07 PM
12289;55102428;TOKO H.YUNI <ELMA NAFIZAH>;PASAR SENAKEN, RT 0/RW 0;6401040009;64;1;40;9;KALIMANTAN TIMUR;PASER;TANAH GROGOT;JONE;eyJpdiI6InFEa3N3Ym1wdm1nQmdUeW50aDR1Q3c9PSIsInZhbHVlIjoib1JWYXhMczlKanhtN1h0WmYxcy9xdz09IiwibWFjIjoiMGE1N2M4YmNmY2YzZWM5MzVmYzhhMmI4MTlhZmE0ODI1N2EzYmU5MzY2YTk4ODM2YWZkNzIxMjViMjA1Mjg4NiIsInRhZyI6IiJ9;;[Kegiatan Usaha: MENJUAL PECAH BELAH, Kategori: G, KBLI: 47863];;;;UMKM;;-1.897518217;116.2035621;valid;;;FALSE;FALSE;TRUE;;;invalid;;;;;;h yuni elma nafizah;0;0;0;;;pasar senaken rt 0 rw 0;;47;h yuni elma nafizah pasar senaken rt 0 rw 0 kbli47;1;0;1;1;Aktif;PASAR SENAKEN RT 0RW 0;P01;P01;;1;DONE 01/02 - 8.07 PM
12297;55045661;SUCIYANTI;Wilayah pasaar senaken, RT 0/RW 0;6401040016;64;1;40;16;KALIMANTAN TIMUR;PASER;TANAH GROGOT;SENAKEN;eyJpdiI6ImZ6Unp1U0ZLQm9zZ2VCbWVkMVVqR1E9PSIsInZhbHVlIjoiSG9zZWVXbXZoQ2hXNDFuSXoyWi9yUT09IiwibWFjIjoiOTJjNGIzOTVmMDU5NjA1YjhjY2FhOGU5ZjJkZTNkYmQ3MTdhYWI1YzQ5NWFlNzEyMzI2ZGYzNzg5MzgzMTc3MSIsInRhZyI6IiJ9;;[Kegiatan Usaha: Menjual pkaian dalam, Kategori: G, KBLI: 47711];;;;UMKM;;-1.933935197;116.164607;invalid;;;FALSE;FALSE;TRUE;;;invalid;;;;;;suciyanti;0;0;0;;;wilayah pasaar senaken rt 0 rw 0;;47;suciyanti wilayah pasaar senaken rt 0 rw 0 kbli47;1;0;1;0;Aktif;Wilayah pasaar senaken RT 0RW 0;P01;P01;;;DONE 01/02 - 8.07 PM
12300;55098498;TK. MAHFUZA <ILFAH>;Pasar senaken, RT 0/RW 0;6401040009;64;1;40;9;KALIMANTAN TIMUR;PASER;TANAH GROGOT;JONE;eyJpdiI6IkNleE96em5rMXBKUGVPOXRPdWowK2c9PSIsInZhbHVlIjoiK1B1cHNwb1V6c3RYKyt2S1Bud0VsUT09IiwibWFjIjoiNTcxNzUzNzZmNzdlYWNiN2ZmNTRkYzNhYjQ3ZmNmMTE4ZGVjY2Q0MmFkM2UyNGRhZWU2MmFlN2I4ZDg5ZWIyMyIsInRhZyI6IiJ9;;[Kegiatan Usaha: MENJUAL PERALATAN LISTRIK, Kategori: G, KBLI: 47862];;;;UMKM;;-1.899604372;116.208742;valid;;;FALSE;FALSE;TRUE;;;invalid;;;;;;tk mahfuza ilfah;0;0;0;;;pasar senaken rt 0 rw 0;;47;tk mahfuza ilfah pasar senaken rt 0 rw 0 kbli47;1;0;1;1;Aktif;Pasar senaken RT 0RW 0;P01;P01;;1;DONE 01/02 - 8.07 PM
12301;55179801;ARBANSYAH;Wilayah pasar senaken, RT 0/RW 0;6401040016;64;1;40;16;KALIMANTAN TIMUR;PASER;TANAH GROGOT;SENAKEN;eyJpdiI6ImVLQ1d4WmlIcU5lcVdNT2U3VjVhdFE9PSIsInZhbHVlIjoiS2xNYklQVW1wcTdQQU5WVmZ6THZ1dz09IiwibWFjIjoiMzFkYzJhZDJmNTlmYjM3MWJiMDMwYmE3NjliNDA0YTBmODBlNDQ0NDMzZWY3M2I3NmVkNzcxZDhiMWQyNzhkMyIsInRhZyI6IiJ9;;[Kegiatan Usaha: Menjual sayuran, Kategori: G, KBLI: 47813];;;;UMKM;;-1.90382469;116.1865895;valid;;;FALSE;FALSE;TRUE;;;invalid;;;;;;arbansyah;0;0;0;;;wilayah pasar senaken rt 0 rw 0;;47;arbansyah wilayah pasar senaken rt 0 rw 0 kbli47;1;0;1;0;Aktif;Wilayah pasar senaken RT 0RW 0;P01;P01;;1;DONE 01/02 - 8.07 PM
12304;55179442;TK. MM. RUDI <DAHLIANA>;Pasar senaken, RT 0/RW 0;6401040016;64;1;40;16;KALIMANTAN TIMUR;PASER;TANAH GROGOT;SENAKEN;eyJpdiI6ImYzMGs3MWVZVmlvZVBmMnloanNzMHc9PSIsInZhbHVlIjoiMWpPWS92cWN3ODk3ZEdKWXhSUlhKUT09IiwibWFjIjoiNDg5ZWVlZjBlYjMwNDk2YTMxMWU5ODE5OWZkMzEyZDhkZDkxYWMzNzQ3MjBkODI0YTExYWRlZTVhM2IyM2I0OCIsInRhZyI6IiJ9;;[Kegiatan Usaha: Menjual sepatu, Kategori: G, KBLI: 47712];;;;UMKM;;-1.92224685;116.1974877;valid;;;FALSE;FALSE;TRUE;;;invalid;;;;;;tk mm rudi dahliana;0;0;0;;;pasar senaken rt 0 rw 0;;47;tk mm rudi dahliana pasar senaken rt 0 rw 0 kbli47;1;0;1;1;Aktif;Pasar senaken RT 0RW 0;P01;P01;;1;DONE 01/02 - 8.07 PM
12307;55207714;SYARIFUDIN;Wilayah pasar senaken, RT 0/RW 0;6401040016;64;1;40;16;KALIMANTAN TIMUR;PASER;TANAH GROGOT;SENAKEN;eyJpdiI6IkVZYzhVV0ZRUmRrbzRab3ZtUklDWVE9PSIsInZhbHVlIjoiRWhZbk5uYWFqNm5OQmpld1BucUlidz09IiwibWFjIjoiNDQ3NTUxOGI0YTQxNWJmN2ZhNDA2Yzc0NzdiYTAxYTgwYTE1MzNmZjE1OTU3MTg1YjFmMGI3YTAwZDcwZGI3ZSIsInRhZyI6IiJ9;;[Kegiatan Usaha: menjual berbagai sayuran, Kategori: G, KBLI: 47213];;;;UMKM;;-1.933935197;116.164607;invalid;;;FALSE;FALSE;TRUE;;;invalid;;;;;;syarifudin;0;0;0;;;wilayah pasar senaken rt 0 rw 0;;47;syarifudin wilayah pasar senaken rt 0 rw 0 kbli47;1;0;1;0;Aktif;Wilayah pasar senaken RT 0RW 0;P01;P01;;1;DONE 01/02 - 8.07 PM
12314;55263669;RAHMA;wilayah pasar senaken, RT 0/RW 0;6401040016;64;1;40;16;KALIMANTAN TIMUR;PASER;TANAH GROGOT;SENAKEN;eyJpdiI6Ik5vbnVPdXYyemRKaUlRRWVVd3d4VlE9PSIsInZhbHVlIjoicTQxY25tRE15elJvRmhtNUhpM2M5UT09IiwibWFjIjoiZmU2YWQ3Yjg4OTkxY2E0NDFhNGVhOGY4NmI1NjhiMjgxMmM5YTY1MTM4ZDU2YzU2MTIxNjJlNTRhZGQ0MTliMCIsInRhZyI6IiJ9;;[Kegiatan Usaha: menjual sembako eceran, Kategori: G, KBLI: 47243];;;;UMKM;;-1.933935197;116.164607;invalid;;;FALSE;FALSE;TRUE;;;invalid;;;;;;rahma;0;0;0;;;wilayah pasar senaken rt 0 rw 0;;47;rahma wilayah pasar senaken rt 0 rw 0 kbli47;1;0;1;0;Aktif;wilayah pasar senaken RT 0RW 0;P01;P01;;1;DONE 01/02 - 8.07 PM
12317;55069169;IKAN BASAH YANA <YANA>;Pasar senaken, RT 0/RW 0;6401040016;64;1;40;16;KALIMANTAN TIMUR;PASER;TANAH GROGOT;SENAKEN;eyJpdiI6IllLMUZaRWIzSk05ZmNGOEE1V2YzTHc9PSIsInZhbHVlIjoiVnMwbXFDclRwZ2ZjQ0RwTy90QXYvQT09IiwibWFjIjoiZTFiOTQ1MTM3ZWQxZDMxZGIwODVlMDMwZWUxYmFhMWRlYmNjMmUyYWE4N2ZkMzE4NmU5NGY2Yzg1YWE1YWUyNyIsInRhZyI6IiJ9;;[Kegiatan Usaha: Menjual ikan basah eceran di lapak pasar, Kategori: G, KBLI: 47215];;;;UMKM;;-1.933935197;116.164607;invalid;;;FALSE;FALSE;TRUE;;;invalid;;;;;;ikan basah yana yana;0;0;0;;;pasar senaken rt 0 rw 0;;47;ikan basah yana yana pasar senaken rt 0 rw 0 kbli47;1;0;1;1;Aktif;Pasar senaken RT 0RW 0;P01;P01;;1;DONE 01/02 - 8.07 PM
12319;55103481;PENTOL GORENG <ARIFIN>;Pasar senaken, RT 0/RW 0;6401040016;64;1;40;16;KALIMANTAN TIMUR;PASER;TANAH GROGOT;SENAKEN;eyJpdiI6ImVDY0d2S0x0UkFyY3M2bHIzUkZwZGc9PSIsInZhbHVlIjoiVEs3TWJlS1RpemZLSUZIZ2RySksvQT09IiwibWFjIjoiOWJmNWJkYzhlOGE0ZTFhMTIxMTMwNTdmOGM1ODZiMzA2Mzg3NTE2ZGRiMzQ4ZjU1MzdiZWUzZGIyZWFiMDdjMCIsInRhZyI6IiJ9;;[Kegiatan Usaha: Menjual pentol bakso, Kategori: G, KBLI: 47825];;;;UMKM;;-1.933935197;116.164607;invalid;;;FALSE;FALSE;TRUE;;;invalid;;;;;;pentol goreng arifin;0;0;0;;;pasar senaken rt 0 rw 0;;47;pentol goreng arifin pasar senaken rt 0 rw 0 kbli47;1;0;1;1;Aktif;Pasar senaken RT 0RW 0;P01;P01;;1;DONE 01/02 - 8.07 PM
12328;55071491;SATEM;Pasar senaken, RT 0/RW 0;6401040016;64;1;40;16;KALIMANTAN TIMUR;PASER;TANAH GROGOT;SENAKEN;eyJpdiI6IkhjQklXdzZCY0Z4d1I0SGgwVnQxcmc9PSIsInZhbHVlIjoiZCtLUnh1ZkpPV0hyTnMzTE9Vbmw0dz09IiwibWFjIjoiOGRmODU4MTc1ZmIxZWZiNTc4MDgzYTU1NzVmZTJiODBmYjY5NmIzYjg1MzcxMGQ5M2QyZGVhYzIyNDVjYjZjYiIsInRhZyI6IiJ9;;[Kegiatan Usaha: Menjual sayur mayur, Kategori: G, KBLI: 47813];;;;UMKM;;-1.933935197;116.164607;invalid;;;FALSE;FALSE;TRUE;;;invalid;;;;;;satem;0;0;0;;;pasar senaken rt 0 rw 0;;47;satem pasar senaken rt 0 rw 0 kbli47;1;0;1;0;Aktif;Pasar senaken RT 0RW 0;P01;P01;;1;DONE 01/02 - 8.07 PM
12334;55122191;TOYYIBAH;Pasar senaken, RT 0/RW 0;6401040016;64;1;40;16;KALIMANTAN TIMUR;PASER;TANAH GROGOT;SENAKEN;eyJpdiI6IjZYMnZVSGtnTTd1NTUzcWR3RjFaaXc9PSIsInZhbHVlIjoiVGhHUkh1WmYwcVMvYXk5cjBERGdndz09IiwibWFjIjoiNTU1YzBhZjI3NDdmOGI4NWQxMjU4MTI5MWMzYjA3NGVmNjE5Y2IyYzg4MTFkMzkyMTkyNzUzM2YwOGM4MzZjYiIsInRhZyI6IiJ9;;[Kegiatan Usaha: menjual sayuran, Kategori: G, KBLI: 47813];;;;UMKM;;-1.834664371;116.2372693;valid;;;FALSE;FALSE;TRUE;;;invalid;;;;;;toyyibah;0;0;0;;;pasar senaken rt 0 rw 0;;47;toyyibah pasar senaken rt 0 rw 0 kbli47;1;0;1;0;Aktif;Pasar senaken RT 0RW 0;P01;P01;;1;DONE 01/02 - 8.07 PM
12341;55179135;PAKAIAN BEKAS KURNIA <KURNIA>;Pasar senaken, RT 0/RW 0;6401040016;64;1;40;16;KALIMANTAN TIMUR;PASER;TANAH GROGOT;SENAKEN;eyJpdiI6IkpnZk1hQjdldlcvQmFpeFo3cFNwd3c9PSIsInZhbHVlIjoiNWw5NFM2OFhLZ0RLNDBNSTRZUEd1QT09IiwibWFjIjoiNzJiNWQyNmYyOWRiY2FiMWEyZmEzNTM2MTZjOGY1NTQ1NmQwZWMzNjg5ODM3Y2NmODYwOTFlOGNhMDMyODkzZiIsInRhZyI6IiJ9;;[Kegiatan Usaha: Menjual pakaian bekas di pasar, Kategori: G, KBLI: 47742];;;;UMKM;;-1.933935197;116.164607;invalid;;;FALSE;FALSE;TRUE;;;invalid;;;;;;pakaian bekas kurnia kurnia;0;0;0;;;pasar senaken rt 0 rw 0;;47;pakaian bekas kurnia kurnia pasar senaken rt 0 rw 0 kbli47;1;0;1;1;Aktif;Pasar senaken RT 0RW 0;P01;P01;;1;DONE 01/02 - 8.07 PM
12344;55180876;TOKO KIYAH <RUKIYAH>;PASAR SENAKEN, RT 0/RW 0;6401040009;64;1;40;9;KALIMANTAN TIMUR;PASER;TANAH GROGOT;JONE;eyJpdiI6IkMyOEM5SHFzK1ZHTnJHa2d5Y1R1cUE9PSIsInZhbHVlIjoic0tyRkhMRktLRTM5WHIyd2wyWndkZz09IiwibWFjIjoiODU4YTBjYWNkZGExNDAxZDdkM2ZkMmQ0OTUwYjUxNDA3NzI1NmJkMzQxMDY4NTY5OWZlMmViZjlhZDBkYTNjOSIsInRhZyI6IiJ9;;[Kegiatan Usaha: MENJUAL PAKAIAN, Kategori: G, KBLI: 47711];;;;UMKM;;-1.90194688;116.2048941;valid;;;FALSE;FALSE;TRUE;;;invalid;;;;;;kiyah rukiyah;0;0;0;;;pasar senaken rt 0 rw 0;;47;kiyah rukiyah pasar senaken rt 0 rw 0 kbli47;1;0;1;1;Aktif;PASAR SENAKEN RT 0RW 0;P01;P01;;1;DONE 01/02 - 8.07 PM
12348;55044521;PARUT KELAPA NAIDAH <NAIDAH>;Pasar senaken, RT 0/RW 0;6401040016;64;1;40;16;KALIMANTAN TIMUR;PASER;TANAH GROGOT;SENAKEN;eyJpdiI6IklYdG5SeEtXZVFBK1JKdTNVUERNbUE9PSIsInZhbHVlIjoiZFI4TFo4cWhqOFNCM2tVRnRaRDFwdz09IiwibWFjIjoiNDRhZWFhYzIyMWYwMjA5ZmY3NDM2NThiZjZlOGZhZWFmM2U3MzcyMGVmODk4ZDQ3YTY3N2Q2YjBhZjJjNzU0ZSIsInRhZyI6IiJ9;;[Kegiatan Usaha: parut kelapa di lapak pasar, Kategori: C, KBLI: 10773];;;;UMKM;;-1.933935197;116.164607;invalid;;;FALSE;FALSE;TRUE;;;invalid;;;;;;parut kelapa naidah naidah;0;0;0;;;pasar senaken rt 0 rw 0;;10;parut kelapa naidah naidah pasar senaken rt 0 rw 0 kbli10;1;0;1;1;Aktif;Pasar senaken RT 0RW 0;P01;P01;;1;DONE 01/02 - 8.07 PM
12350;55208786;GADO-GADO MUYAH <MUYAH>;Pasar senaken, RT 0/RW 0;6401040016;64;1;40;16;KALIMANTAN TIMUR;PASER;TANAH GROGOT;SENAKEN;eyJpdiI6IkZXaVVVY1VWRm1Qbk9JVDNnK0ZMb0E9PSIsInZhbHVlIjoiSmNLU3J6OUE0UGM0UjNxZ29uZVl5dz09IiwibWFjIjoiNWNiN2JkNzRmMTgxOWFlMjhhYTEwZmFhYjliZDFiMjJlNWU4NjQ4NDdhODkxMzhkMDFmZDBhMDMzOTJjMGFhYyIsInRhZyI6IiJ9;;[Kegiatan Usaha: Menjual gado-gado di lapak pasar, Kategori: I, KBLI: 56102];;;;UMKM;;-1.898774783;116.2128369;valid;;;FALSE;FALSE;TRUE;;;invalid;;;;;;gado gado muyah muyah;0;0;0;;;pasar senaken rt 0 rw 0;;56;gado gado muyah muyah pasar senaken rt 0 rw 0 kbli56;1;0;1;1;Aktif;Pasar senaken RT 0RW 0;P01;P01;;1;DONE 01/02 - 8.07 PM
12354;55102489;MISTINAH;Wil. Pasar senaken, RT 0/RW 0;6401040016;64;1;40;16;KALIMANTAN TIMUR;PASER;TANAH GROGOT;SENAKEN;eyJpdiI6InZwL3dpNWNZdktOZnBUejFITjZlV3c9PSIsInZhbHVlIjoiNjREbWU3MmZGRG5FWHBjYWdKa2ZLUT09IiwibWFjIjoiOWQxM2M4NTQxNzk5NzljM2RlYjIwZjk0YTI4MTdiMTc3NjVmN2MzNWJlMmFiNWYzY2VlM2E3NjRjMGMxZmY4ZSIsInRhZyI6IiJ9;;[Kegiatan Usaha: Menjual rokok eceran keliling, Kategori: G, KBLI: 47827];;;;UMKM;;-1.902936;116.209759;valid;;;FALSE;FALSE;TRUE;;;invalid;;;;;;mistinah;0;0;0;;;wil pasar senaken rt 0 rw 0;;47;mistinah wil pasar senaken rt 0 rw 0 kbli47;1;0;1;0;Aktif;Wil Pasar senaken RT 0RW 0;P01;P01;;1;DONE 01/02 - 8.07 PM
12357;55237068;NOORLENA;wilayah pasar senaken, RT 0/RW 0;6401040016;64;1;40;16;KALIMANTAN TIMUR;PASER;TANAH GROGOT;SENAKEN;eyJpdiI6InZzVWRNRUdaZUZaeGFVd21aR21mL3c9PSIsInZhbHVlIjoiY1czbmZvUU02YlZEUkxINjNxUDZRdz09IiwibWFjIjoiZTRkZWY4ZGQ2MjAzYjVkOWM2OGJhNjE0OTMzZDRmNTcwY2MyYjNmYzJmMjcyMjQ1NzVlZTMxODgyZjkxOGJmMiIsInRhZyI6IiJ9;;[Kegiatan Usaha: salon rambut, Kategori: S, KBLI: 96112];;;;UMKM;;-1.933935197;116.164607;invalid;;;FALSE;FALSE;TRUE;;;invalid;;;;;;noorlena;0;0;0;;;wilayah pasar senaken rt 0 rw 0;;96;noorlena wilayah pasar senaken rt 0 rw 0 kbli96;1;0;1;0;Aktif;wilayah pasar senaken RT 0RW 0;P01;P01;;1;DONE 01/02 - 8.07 PM
12364;55157291;TOKO NAJWA <NAZWA FIRDAUSI>;Pasar senaken, RT 0/RW 0;6401040009;64;1;40;9;KALIMANTAN TIMUR;PASER;TANAH GROGOT;JONE;eyJpdiI6InVFcUtpWHNGZXdicVo2emllS01FYnc9PSIsInZhbHVlIjoicDBwd1h6dWk3dnI2ZVRNY1RJMU55UT09IiwibWFjIjoiMDM1N2NkYzcxMGM1NmQ4NmUyMWJlZThmNjM3MzFkNWRhMmY4YzkxYjIyODg1MDViYzhhMjUyZTY4OTM4ZTQzMSIsInRhZyI6IiJ9;;[Kegiatan Usaha: Menjual pakaian, Kategori: G, KBLI: 47711];;;;UMKM;;-1.933935197;116.164607;invalid;;;FALSE;FALSE;TRUE;;;invalid;;;;;;najwa nazwa firdausi;0;0;0;;;pasar senaken rt 0 rw 0;;47;najwa nazwa firdausi pasar senaken rt 0 rw 0 kbli47;1;0;1;1;Aktif;Pasar senaken RT 0RW 0;P01;P01;;1;DONE 01/02 - 8.07 PM
12375;55076522;TOKO RUSIDAH <RUSNA YULIDA>;Pasar senaken, RT 0/RW 0;6401040009;64;1;40;9;KALIMANTAN TIMUR;PASER;TANAH GROGOT;JONE;eyJpdiI6IjBSQlB3K1FwZEdjVDQzUUJHeHpnQlE9PSIsInZhbHVlIjoiUURoN3ZXc3dWUW0wNnErOFJVT2VzQT09IiwibWFjIjoiNmVmZGNkNDNjNzU3NjRlNTRjZjYzZmRjNGVjMTdlZGEzNGZkYzFjODQ3OWZhYWJjNDg5NTc1MGFlODMyMDNkOSIsInRhZyI6IiJ9;;[Kegiatan Usaha: MENJUAL PAKAIAN, Kategori: G, KBLI: 47711];;;;UMKM;;-1.930322305;116.1801222;valid;;;FALSE;FALSE;TRUE;;;invalid;;;;;;rusidah rusna yulida;0;0;0;;;pasar senaken rt 0 rw 0;;47;rusidah rusna yulida pasar senaken rt 0 rw 0 kbli47;1;0;1;1;Aktif;Pasar senaken RT 0RW 0;P01;P01;;1;DONE 01/02 - 8.07 PM
12378;55073083;BUAH AULIA <AULIA RAMDATUL HAIRANI>;Pasar senaken, RT 0/RW 0;6401040016;64;1;40;16;KALIMANTAN TIMUR;PASER;TANAH GROGOT;SENAKEN;eyJpdiI6IjVROTNWWnNsZ2xscklMdWdoSExFS0E9PSIsInZhbHVlIjoiSmdaTmxHU2dZZGc1UnBxdDhadktmUT09IiwibWFjIjoiODA4YjFkOWJmNTk5YzEyOTk4NzRmZWE0MDkwY2UyYTY0NGFlZTIyYTZlYzM4NTU3MzNhNjA0ODVjZDdhZjdmNiIsInRhZyI6IiJ9;;[Kegiatan Usaha: Menjual buah-buahan di pasar, Kategori: G, KBLI: 47212];;;;UMKM;;-1.85172121;116.2402067;valid;;;FALSE;FALSE;TRUE;;;invalid;;;;;;buah aulia aulia ramdatul hairani;0;0;0;;;pasar senaken rt 0 rw 0;;47;buah aulia aulia ramdatul hairani pasar senaken rt 0 rw 0 kbli47;1;0;1;1;Aktif;Pasar senaken RT 0RW 0;P01;P01;;1;DONE 01/02 - 8.07 PM
12388;55076059;BAWANG MERAH MAS ANI <MAS ANI>;Pasar senaken, RT 0/RW 0;6401040016;64;1;40;16;KALIMANTAN TIMUR;PASER;TANAH GROGOT;SENAKEN;eyJpdiI6ImVOUWFwSHpKOUhZeTZQYjlKLyszeGc9PSIsInZhbHVlIjoidEk0UDdHdEZtUGdUY2djN0g5NFpRUT09IiwibWFjIjoiMGM1MjFlYzNlNWFkZDJjYzgzZjE5ZTcwMzMzZjgxMTk4NzkzYzdiNTY3ZDIyNzhlNDM0ZjVlZjhmODNhMjU0ZiIsInRhZyI6IiJ9;;[Kegiatan Usaha: Menjual bawang merah eceran di pasar, Kategori: G, KBLI: 47813];;;;UMKM;;-1.933935197;116.164607;invalid;;;FALSE;FALSE;TRUE;;;invalid;;;;;;bawang merah mas ani mas ani;0;0;0;;;pasar senaken rt 0 rw 0;;47;bawang merah mas ani mas ani pasar senaken rt 0 rw 0 kbli47;1;0;1;1;Aktif;Pasar senaken RT 0RW 0;P01;P01;;1;DONE 01/02 - 8.07 PM
12430;55100419;ILHAM ANAR;WILAYAH PASAR SENAKEN, RT 0/RW 0;6401040016;64;1;40;16;KALIMANTAN TIMUR;PASER;TANAH GROGOT;SENAKEN;eyJpdiI6Ijc1UFFoWXNYZHhIWElhSExDWThJRFE9PSIsInZhbHVlIjoiSFlBNzdTYTY2YTkxRTlRdE1tSVI4QT09IiwibWFjIjoiM2NjYzdiNTE4ZmQ0ZDFiNTg1MzQ1MjFiYTM4NGVmMjE5NjY4MjlmNjdlZWJiNzRjMTZiMDM2OTlhZWZmNzdiOCIsInRhZyI6IiJ9;;[Kegiatan Usaha: MENJUAL AYAM MENTAH, Kategori: G, KBLI: 46322];;;;UMKM;;-1.904201667;116.22243;valid;;;FALSE;FALSE;TRUE;;;invalid;;;;;;ilham anar;0;0;0;;;wilayah pasar senaken rt 0 rw 0;;46;ilham anar wilayah pasar senaken rt 0 rw 0 kbli46;1;0;1;0;Aktif;WILAYAH PASAR SENAKEN RT 0RW 0;P01;P01;;1;DONE 01/02 - 8.07 PM
12432;55153433;MAHMUDAH KOSMETIK <MAHMUDAH>;Pasar senaken, RT 0/RW 0;6401040016;64;1;40;16;KALIMANTAN TIMUR;PASER;TANAH GROGOT;SENAKEN;eyJpdiI6IkFRbGFyakpqUU0wWUdxMWZnQmlPa1E9PSIsInZhbHVlIjoiclVBK1ZvQ0NwNlJFNVRlTUlFUDBrUT09IiwibWFjIjoiNDMzOTgwNDI3MjMyYmQ4N2JmY2QwYThmZmQ5NzUxZWNiYWJhY2YyMzZmNGQxNDRjNzUzMjJlZTQyZjQ0YzI0OSIsInRhZyI6IiJ9;;[Kegiatan Usaha: Menjual kosmetik, Kategori: G, KBLI: 47844];;;;UMKM;;-1.933935197;116.164607;invalid;;;FALSE;FALSE;TRUE;;;invalid;;;;;;mahmudah kosmetik mahmudah;0;0;0;;;pasar senaken rt 0 rw 0;;47;mahmudah kosmetik mahmudah pasar senaken rt 0 rw 0 kbli47;1;0;1;1;Aktif;Pasar senaken RT 0RW 0;P01;P01;;1;DONE 01/02 - 8.07 PM
12442;55126947;HJ. NUNUNG;Pasar senaken, RT 0/RW 0;6401040016;64;1;40;16;KALIMANTAN TIMUR;PASER;TANAH GROGOT;SENAKEN;eyJpdiI6ImZoMEl6VFlvV2kwSjhZV1ZJTFB4TWc9PSIsInZhbHVlIjoiVDdhd1dMRWRnNzV1b0l4TWFTUWJTZz09IiwibWFjIjoiYzJhZDBhMjA1NDAxODIzMjUyYzgyYzgwYTQ5Zjc2YmRmYmI2MzdhZmNmOGVmY2I2N2U5YTA4NWU3NDczMWQxYiIsInRhZyI6IiJ9;;[Kegiatan Usaha: Menjual pakaian, Kategori: G, KBLI: 47711];;;;UMKM;;-1.933935197;116.164607;invalid;;;FALSE;FALSE;TRUE;;;invalid;;;;;;hj nunung;0;0;0;;;pasar senaken rt 0 rw 0;;47;hj nunung pasar senaken rt 0 rw 0 kbli47;1;0;1;0;Aktif;Pasar senaken RT 0RW 0;P01;P01;;1;DONE 01/02 - 8.07 PM
12448;55070477;JAGUNG MARYAM <MARYAM>;Pasar senaken, RT 0/RW 0;6401040016;64;1;40;16;KALIMANTAN TIMUR;PASER;TANAH GROGOT;SENAKEN;eyJpdiI6Inp4QmxFZ3ZvZUdkVzNvQ3pMdVpUYXc9PSIsInZhbHVlIjoielJZNzd2NThJRzlvNGtRbk1MY0xYZz09IiwibWFjIjoiNzhhNmQ0YWQxZjgyODc5MWJjNmU1Yzc5NjgyMjVlNmQ2OTg2NWVhNWYxZDhiN2Q1ZTExMTIzOTY3OTNlNmE3ZiIsInRhZyI6IiJ9;;[Kegiatan Usaha: Menjual buah jagung eceran di lapak pasar, Kategori: G, KBLI: 47211];;;;UMKM;;-1.85054815;116.2382017;valid;;;FALSE;FALSE;TRUE;;;invalid;;;;;;jagung maryam maryam;0;0;0;;;pasar senaken rt 0 rw 0;;47;jagung maryam maryam pasar senaken rt 0 rw 0 kbli47;1;0;1;1;Aktif;Pasar senaken RT 0RW 0;P01;P01;;1;DONE 01/02 - 8.07 PM
12454;55208567;TK. ZIDAN NAFAR <FAHRIAH>;Pasar senaken, RT 0/RW 0;6401040016;64;1;40;16;KALIMANTAN TIMUR;PASER;TANAH GROGOT;SENAKEN;eyJpdiI6ImhUV3VRbTF3N1JUdUVaQUQ5Sy9rd1E9PSIsInZhbHVlIjoiZkx0aDU2aGpCTzNKWWtmZ2RrdkQ4Zz09IiwibWFjIjoiMjQ5MDUwNjU4OTE2Yzg0ODE2MzhkZjY5OGFkNmIyZWMwZTdmNjkxMWQ3ZWY1MmIzMWI4ODhhMjY3N2VmNWE0OCIsInRhZyI6IiJ9;;[Kegiatan Usaha: Menjual pakaian, Kategori: G, KBLI: 47711];;;;UMKM;;-1.933935197;116.164607;invalid;;;FALSE;FALSE;TRUE;;;invalid;;;;;;tk zidan nafar fahriah;0;0;0;;;pasar senaken rt 0 rw 0;;47;tk zidan nafar fahriah pasar senaken rt 0 rw 0 kbli47;1;0;1;1;Aktif;Pasar senaken RT 0RW 0;P01;P01;;1;DONE 01/02 - 8.07 PM
12455;55179306;TK. MAMA AZMI <SALEHAH>;Pasar senaken, RT 0/RW 0;6401040016;64;1;40;16;KALIMANTAN TIMUR;PASER;TANAH GROGOT;SENAKEN;eyJpdiI6IlZiTExVYWJqd2tmVFk4TTlHTnUvZmc9PSIsInZhbHVlIjoiRGNCa2FPYTJPdkcxZk9uYzJSbGFEZz09IiwibWFjIjoiNDNmYzQzY2NlYmJlOTlhNjA1Y2JjY2NiYWE0NDgxZDA5MTYwMWI4MWNkMzJiNzNiNjIwYWRmNjNmMWJjYTg4YyIsInRhZyI6IiJ9;;[Kegiatan Usaha: Menjual pakaian, Kategori: G, KBLI: 47711];;;;UMKM;;-1.92133832;116.1966703;valid;;;FALSE;FALSE;TRUE;;;invalid;;;;;;tk mama azmi salehah;0;0;0;;;pasar senaken rt 0 rw 0;;47;tk mama azmi salehah pasar senaken rt 0 rw 0 kbli47;1;0;1;1;Aktif;Pasar senaken RT 0RW 0;P01;P01;;1;DONE 01/02 - 8.07 PM
12459;55208427;TOKO RIDHO <JAWAWI>;Pasar senaken, RT 0/RW 0;6401040009;64;1;40;9;KALIMANTAN TIMUR;PASER;TANAH GROGOT;JONE;eyJpdiI6InRmSUZMN0gyRUR1TFBna00rbHRaeXc9PSIsInZhbHVlIjoiUy9LSDJIYjA1RXNUVXdoTlFRMlhqZz09IiwibWFjIjoiZDBkZDMyMGRiN2VjOTUxNjNiNjcyNzRkMWI3MWViOTBkNjczZGIxNWRkM2M2YWI3NWY1YzBlMTQxZWI5MmJkMSIsInRhZyI6IiJ9;;[Kegiatan Usaha: Menjual pakaian, Kategori: G, KBLI: 47711];;;;UMKM;;-1.933935197;116.164607;invalid;;;FALSE;FALSE;TRUE;;;invalid;;;;;;ridho jawawi;0;0;0;;;pasar senaken rt 0 rw 0;;47;ridho jawawi pasar senaken rt 0 rw 0 kbli47;1;0;1;1;Aktif;Pasar senaken RT 0RW 0;P01;P01;;1;DONE 01/02 - 8.07 PM
12460;55122422;SAYUR DINI <DINI>;Pasar senaken, RT 0/RW 0;6401040016;64;1;40;16;KALIMANTAN TIMUR;PASER;TANAH GROGOT;SENAKEN;eyJpdiI6ImxFOUdkblNrL1BSWUtkOGxKM1BJd1E9PSIsInZhbHVlIjoiajc2dWtRZDJrT0ZUMktmU1hpUWR5UT09IiwibWFjIjoiYzRjZDhlZWRlZDgzOTQ4ZWFjZDM2ZmU1ZjBhMTk2MGM2NjM3ODY4YzhjY2ExYzhjNmE2ZDg1N2Y3YTRkYmJkNCIsInRhZyI6IiJ9;;[Kegiatan Usaha: Menjual sayur eceran di lapak pasar, Kategori: G, KBLI: 47213];;;;UMKM;;-1.933935197;116.164607;invalid;;;FALSE;FALSE;TRUE;;;invalid;;;;;;sayur dini dini;0;0;0;;;pasar senaken rt 0 rw 0;;47;sayur dini dini pasar senaken rt 0 rw 0 kbli47;1;0;1;1;Aktif;Pasar senaken RT 0RW 0;P01;P01;;1;DONE 01/02 - 8.07 PM
12474;55178954;ALIFAH KOSMETIK <MYSDALIFAH>;Pasar senaken, RT 0/RW 0;6401040016;64;1;40;16;KALIMANTAN TIMUR;PASER;TANAH GROGOT;SENAKEN;eyJpdiI6IjFUSENpQ2FtZWFqaFdTbFRFNkluQXc9PSIsInZhbHVlIjoiREJGSWRkQkIzN2pqV2dQUFFkaDlhZz09IiwibWFjIjoiYzJjNGM3OGIwMjBlZTRmZWMxMjdlOGQ3YjViOWEzMTQ5ZWU3ZDM1ZjI5ZjZlYjZhYjkyM2FhMWE0YTA4NDNmYyIsInRhZyI6IiJ9;;[Kegiatan Usaha: Menjual kosmetik, Kategori: G, KBLI: 47844];;;;UMKM;;-1.933935197;116.164607;invalid;;;FALSE;FALSE;TRUE;;;invalid;;;;;;alifah kosmetik mysdalifah;0;0;0;;;pasar senaken rt 0 rw 0;;47;alifah kosmetik mysdalifah pasar senaken rt 0 rw 0 kbli47;1;0;1;1;Aktif;Pasar senaken RT 0RW 0;P01;P01;;1;DONE 01/02 - 8.07 PM
12481;55122192;NITA;wil. pasar senaken, RT 0/RW 0;6401040016;64;1;40;16;KALIMANTAN TIMUR;PASER;TANAH GROGOT;SENAKEN;eyJpdiI6Imxxc1lNcUYyWEMvb2lCN3MwbDdXS1E9PSIsInZhbHVlIjoiekw4Rnp0ajdMN3dvUGxDUm1hVDl1QT09IiwibWFjIjoiZThkOGMxY2VjMjQzNjIwNGFhN2MyNGVmOGMzZDVjYzYyOWM2NjIwOWRjMDg2Mzc2YTFkYjUxMzY3ZDJmNzVmMiIsInRhZyI6IiJ9;;[Kegiatan Usaha: menjual wedang jahe dan jalang kota/pastel, Kategori: G, KBLI: 47829];;;;UMKM;;-1.933935197;116.164607;invalid;;;FALSE;FALSE;TRUE;;;invalid;;;;;;nita;0;0;0;;;wil pasar senaken rt 0 rw 0;;47;nita wil pasar senaken rt 0 rw 0 kbli47;1;0;1;0;Aktif;wil pasar senaken RT 0RW 0;P01;P01;;1;DONE 01/02 - 8.07 PM
12491;55125830;TOKO MAMA FATIH <NUR HALIFAH>;PASAR SENAKEN, RT 0/RW 0;6401040009;64;1;40;9;KALIMANTAN TIMUR;PASER;TANAH GROGOT;JONE;eyJpdiI6IjJqSEcrUHJLREZQSXVtVDEwTHEzNEE9PSIsInZhbHVlIjoiR1Q0NjlVYjlOWHhxeUI1SUJpcHhDZz09IiwibWFjIjoiOTIzMGU4YzRkOGMxOWZiMjI5YTBjODA5NTk0YTk3YjhlZThmNjQwMGYyY2FmMmQzN2U4YThiZTFkYmY1NDZjNyIsInRhZyI6IiJ9;;[Kegiatan Usaha: MENJUAL PAKAIAN, Kategori: G, KBLI: 47711];;;;UMKM;;-1.933935197;116.164607;invalid;;;FALSE;FALSE;TRUE;;;invalid;;;;;;mama fatih nur halifah;0;0;0;;;pasar senaken rt 0 rw 0;;47;mama fatih nur halifah pasar senaken rt 0 rw 0 kbli47;1;0;1;1;Aktif;PASAR SENAKEN RT 0RW 0;P01;P01;;1;DONE 01/02 - 8.07 PM
12493;55237859;BAKSO SUMARNI <SUMARNI>;Parkiran pasar senaken, RT 0/RW 0;6401040016;64;1;40;16;KALIMANTAN TIMUR;PASER;TANAH GROGOT;SENAKEN;eyJpdiI6InpPZ21EVVZWdVJJM214dkIvQnVxWXc9PSIsInZhbHVlIjoibzNzUU5ZbUswMWFjbXhXZWpLVjNoQT09IiwibWFjIjoiZmJhYzRlMGM3MTBiNDA4Yzg4Y2Q0OWVkNGE3OTc0ZjQ2M2IyODk4YmI4MGFiZGEzMmQwNDUwOGNiNWQ1OWE3OCIsInRhZyI6IiJ9;;[Kegiatan Usaha: Menjual makanan jadi, Kategori: I, KBLI: 56103];;;;UMKM;;-1.9045999;116.2036296;valid;eyJpdiI6IlJMdURUbVFtYjdYT0R4VmhIMUVmMGc9PSIsInZhbHVlIjoiY3p6VGhHdXlqNG9FUFRudE1Qa29Odz09IiwibWFjIjoiZTc5OGU3MDU3MTg1N2FjMWFmZDNlMjBmZDUzYTExMDYwOWVjNGMyMWI0ZWYwNDQ5MTM3NjhmZDViNWNmNTEyYSIsInRhZyI6IiJ9;1;FALSE;FALSE;FALSE;-1.9045999;116.2036296;valid;adib.tamtama;;;;;bakso sumarni sumarni;0;0;0;;;parkiran pasar senaken rt 0 rw 0;;56;bakso sumarni sumarni parkiran pasar senaken rt 0 rw 0 kbli56;1;0;1;1;Aktif;Parkiran pasar senaken RT 0RW 0;P01;P01;;1;DONE 01/02 - 8.07 PM
12498;55123590;ASIM;wil.pasar senaken, RT 0/RW 0;6401040016;64;1;40;16;KALIMANTAN TIMUR;PASER;TANAH GROGOT;SENAKEN;eyJpdiI6ImlyNlE1UTdGZkE0ZjM1Y0swRmozSXc9PSIsInZhbHVlIjoiWDRZVXUvUEh3K2prdGFPQ2h5WmNldz09IiwibWFjIjoiNjY3NmUwZTM1NzM5YWEyNTIzOTBlMmZjM2IwMGEwZjUwODZlNzUxMDRiYzRlMDQ3MmQyZGQ2N2VmNjRjMzI0NSIsInRhZyI6IiJ9;;[Kegiatan Usaha: menjual lombok, Kategori: G, KBLI: 47813];;;;UMKM;;-1.933935197;116.164607;invalid;;;FALSE;FALSE;TRUE;;;invalid;;;;;;asim;0;0;0;;;wil pasar senaken rt 0 rw 0;;47;asim wil pasar senaken rt 0 rw 0 kbli47;1;0;1;0;Aktif;wilpasar senaken RT 0RW 0;P01;P01;;1;DONE 01/02 - 8.07 PM
12502;55265462;ASHABUL KAHFI <ASHABUL KALFI>;Wil. Pasar senaken, RT 0/RW 0;6401040016;64;1;40;16;KALIMANTAN TIMUR;PASER;TANAH GROGOT;SENAKEN;eyJpdiI6InVQak1XNlhWdDN5VnFkb21PV3JCcGc9PSIsInZhbHVlIjoiRWRtN3YwcjdjVUUxcCtOelRJSzFNZz09IiwibWFjIjoiNDlkODFhMzkxNTU1NGNiMTQ1NzRmZTFjZGY0NTkwN2YwOGVjZjFiMzE1YWYyMjBkOTdjNTQ5YTRkZDc0NzE0YSIsInRhZyI6IiJ9;;[Kegiatan Usaha: Menjual kelapa parut, Kategori: C, KBLI: 10773];;;;UMKM;;-1.90336838;116.2058865;valid;eyJpdiI6IkM5dmhGdEZMYUlzMm1mcm9tYkFIT1E9PSIsInZhbHVlIjoiQldwSGE2L0wwS0JvenR0MmNrZkM4Zz09IiwibWFjIjoiN2RhYTg4YWQ3NjM1OWZkOTRlMTZkYThkYmEyYzEzYWM3ZTk2ZjAwZGJjNjkzMDE2YjMzNDBlYjZiZmEwNWY0NiIsInRhZyI6IiJ9;1;FALSE;FALSE;FALSE;-1.90336838;116.2058865;valid;adib.tamtama;;;;;ashabul kahfi ashabul kalfi;0;0;0;;;wil pasar senaken rt 0 rw 0;;10;ashabul kahfi ashabul kalfi wil pasar senaken rt 0 rw 0 kbli10;1;0;1;1;Aktif;Wil Pasar senaken RT 0RW 0;P01;P01;;1;DONE 01/02 - 8.07 PM
12512;55098978;TOKO ERLINA <ERLINA>;PASAR SENAKEN, RT 0/RW 0;6401040009;64;1;40;9;KALIMANTAN TIMUR;PASER;TANAH GROGOT;JONE;eyJpdiI6IlZSMC9qeElXVC9kVXZMRjM4aVFSaHc9PSIsInZhbHVlIjoiYlEzYWhkcU56UVRxRHhUSkplUjFDQT09IiwibWFjIjoiZTgwZDBjMzI3MTc3MWFhMjVjNzI2MjcwYjBkMjZmMDJhNTNlNmE2YzAxZDBkMjMzZjQ5NTUxZGU0MWI3YzFjOSIsInRhZyI6IiJ9;;[Kegiatan Usaha: Menjual pakaian, Kategori: G, KBLI: 47711];;;;UMKM;;-1.933935197;116.164607;invalid;;;FALSE;FALSE;TRUE;;;invalid;;;;;;erlina erlina;0;0;0;;;pasar senaken rt 0 rw 0;;47;erlina erlina pasar senaken rt 0 rw 0 kbli47;1;0;1;1;Aktif;PASAR SENAKEN RT 0RW 0;P01;P01;;1;DONE 01/02 - 8.07 PM
12515;55101037;SAYUR MANSYUR.K <MANSYUR.K>;Pasar senaken, RT 0/RW 0;6401040016;64;1;40;16;KALIMANTAN TIMUR;PASER;TANAH GROGOT;SENAKEN;eyJpdiI6IlRNTWY5TzZOUFVaTy9Rc1crSjZ5R2c9PSIsInZhbHVlIjoiVW5ZSlVEcUpidnNaNjcvTFJ1aVZadz09IiwibWFjIjoiZTNiNDgxMDhjNzkxNjkyY2QzYzYzMTgwNDM1MzQyMWNmNDRjMzA5NzZmMzJmMmM5NWY0N2FmYmE1YzkzMDNiYSIsInRhZyI6IiJ9;;[Kegiatan Usaha: Menjual sayur eceran di lapak pasar, Kategori: G, KBLI: 47213];;;;UMKM;;-1.933935197;116.164607;invalid;;;FALSE;FALSE;TRUE;;;invalid;;;;;;sayur mansyur k mansyur k;0;0;0;;;pasar senaken rt 0 rw 0;;47;sayur mansyur k mansyur k pasar senaken rt 0 rw 0 kbli47;1;0;1;1;Aktif;Pasar senaken RT 0RW 0;P01;P01;;1;DONE 01/02 - 8.07 PM
12528;55076389;M. HAMDAN WALIYADI <HAMDAN WALIYADI>;Wilayah pasaar senaken, RT 0/RW 0;6401040016;64;1;40;16;KALIMANTAN TIMUR;PASER;TANAH GROGOT;SENAKEN;eyJpdiI6InRyNUZ1TktZU2pNdkpDTGVldWRWWGc9PSIsInZhbHVlIjoieWNKdjNsd1VKaXBsbC9tZkNVaSs0dz09IiwibWFjIjoiZDdhYjYwZmE4ZmExMDIyYTBmNzE5NWM1NDc5MTg4YWJjOTIzNzY2NjQzYmFiYTYwNzQwYjU1NWMyYmFjMzgyNSIsInRhZyI6IiJ9;;[Kegiatan Usaha: Menjual Sembako dan sayuran, Kategori: G, KBLI: 47213];;;;UMKM;;-1.90847437;116.1879091;valid;eyJpdiI6IkxFWllyUXZBekNLMFFESjZ4QzB4dWc9PSIsInZhbHVlIjoiRDViYllRb3JJN1RFWnBndURadDQxdz09IiwibWFjIjoiYjhkMjFlMzNhNTJhYjYzYjNlYWM3ZTFiNWE4MWMyY2E5MmU3MGY1MzJhMjQ5ODc5ZjBlMTA1MjMyOGZlMDIyZiIsInRhZyI6IiJ9;1;FALSE;FALSE;FALSE;-1.90847437;116.1879091;valid;adib.tamtama;;;;;m hamdan waliyadi hamdan waliyadi;0;0;0;;;wilayah pasaar senaken rt 0 rw 0;;47;m hamdan waliyadi hamdan waliyadi wilayah pasaar senaken rt 0 rw 0 kbli47;1;0;1;1;Aktif;Wilayah pasaar senaken RT 0RW 0;P01;P01;;;DONE 01/02 - 8.07 PM
12530;55102637;TOKO SYAIFULLAH <SYAIFULLAH>;Pasar senaken, RT 0/RW 0;6401040009;64;1;40;9;KALIMANTAN TIMUR;PASER;TANAH GROGOT;JONE;eyJpdiI6ImZrS2lIeXBNdjhmSEg5czJwUkZEeEE9PSIsInZhbHVlIjoiR0ZtaDVzckgrQ3N2dUpubW0zN2l1UT09IiwibWFjIjoiNTNkMWY0MmY1ZTJiOTQ1ZDI4YWRhNDY1ZTZmMTJmZGE4MGQ0OWNhMzRiOTQ5OWNmOGY0MDZhMjJlYzkxNTRiNSIsInRhZyI6IiJ9;;[Kegiatan Usaha: MENJUAL PAKAIAN, Kategori: G, KBLI: 47111];;;;UMKM;;-1.933935197;116.164607;invalid;;;FALSE;FALSE;TRUE;;;invalid;;;;;;syaifullah syaifullah;0;0;0;;;pasar senaken rt 0 rw 0;;47;syaifullah syaifullah pasar senaken rt 0 rw 0 kbli47;1;0;1;1;Aktif;Pasar senaken RT 0RW 0;P01;P01;;1;DONE 01/02 - 8.07 PM
12539;55047066;ABDUL WAHAB;WILAYAH PASAR SENAKEN, RT 0/RW 0;6401040016;64;1;40;16;KALIMANTAN TIMUR;PASER;TANAH GROGOT;SENAKEN;eyJpdiI6IlZNenNVbzdnMGJLTkxyNlFqanJJeVE9PSIsInZhbHVlIjoiZkJoTjNrak5lVVBaQWJIaVJoelBVZz09IiwibWFjIjoiM2MzOTdhYzE5M2ZmNDJmMDI1MzIyODNlMTJhNzk4YWNmOGVjZWMzMmE1YTY2YTA5NGE3ZDFjNTU4NDQ5MDhiZiIsInRhZyI6IiJ9;;[Kegiatan Usaha: menjual sayur jagung, Kategori: G, KBLI: 47211];;;;UMKM;;-1.85161746;116.2403691;valid;eyJpdiI6IkZsVjFtbi9aa3BTaGZVbVFyenVKUFE9PSIsInZhbHVlIjoiVkVBQ3d4RXNkZWxvOE5YOHp2cWRYQT09IiwibWFjIjoiN2JiOTk3OTgyZDg4NWFkZWUwM2M1YjJmMTVjNTc5NDY1YmZjNWU0NTViMTZhNDk1NDg1NjQyMTIzZTEwY2EwZSIsInRhZyI6IiJ9;1;FALSE;FALSE;FALSE;-1.85161746;116.2403691;valid;adib.tamtama;;;;;abdul wahab;0;0;0;;;wilayah pasar senaken rt 0 rw 0;;47;abdul wahab wilayah pasar senaken rt 0 rw 0 kbli47;1;0;1;0;Aktif;WILAYAH PASAR SENAKEN RT 0RW 0;P01;P01;;1;DONE 01/02 - 8.07 PM
12540;55238340;BURHAN;pasar senaken, RT 0/RW 0;6401040016;64;1;40;16;KALIMANTAN TIMUR;PASER;TANAH GROGOT;SENAKEN;eyJpdiI6IjMwc013UEViY3FSeFVNdHlSYkRKSHc9PSIsInZhbHVlIjoiUW1MOHUzS1dQNDJCWlZlRzNBMTd1UT09IiwibWFjIjoiYTlmZmVhNjYwZTAxNWZlODgzZWEyYjNjNjVjYTJlMzA3OWIzNzMxNmI1NmVhNWM0MmIyN2Q3NDE3ZWI0Mjk0MCIsInRhZyI6IiJ9;;[Kegiatan Usaha: sembako rumah tangga, Kategori: G, KBLI: 47823];;;;UMKM;;-1.933935197;116.164607;invalid;;;FALSE;FALSE;TRUE;;;invalid;;;;;;burhan;0;0;0;;;pasar senaken rt 0 rw 0;;47;burhan pasar senaken rt 0 rw 0 kbli47;1;0;1;0;Aktif;pasar senaken RT 0RW 0;P01;P01;;1;DONE 01/02 - 8.07 PM
12562;55156563;SAYUR SANTI <SANTI>;Pasar senaken, RT 0/RW 0;6401040016;64;1;40;16;KALIMANTAN TIMUR;PASER;TANAH GROGOT;SENAKEN;eyJpdiI6ImQzNzVYSzFuY094R0Zwd2YzS2dGa1E9PSIsInZhbHVlIjoiR2oweGRBb1crSEdmZXVvWWR0eGtDUT09IiwibWFjIjoiNzg5OGNkZWYxZmM0MWI5NDQwMjk3YjQ2NWYwZjljMGM1YWE2YmQ0YmJmYzgzNTk2YTM3YmNlOGQyMzE3MmUzZSIsInRhZyI6IiJ9;;[Kegiatan Usaha: menjual sayur eceran di pasar, Kategori: G, KBLI: 47213];;;;UMKM;;-1.90326932;116.210262;valid;;;FALSE;FALSE;TRUE;;;invalid;;;;;;sayur santi santi;0;0;0;;;pasar senaken rt 0 rw 0;;47;sayur santi santi pasar senaken rt 0 rw 0 kbli47;1;0;1;1;Aktif;Pasar senaken RT 0RW 0;P01;P01;;1;DONE 01/02 - 8.07 PM
12579;55099657;TOKO KARIMAH <SULAIMAN>;Pasar senaken, RT 0/RW 0;6401040009;64;1;40;9;KALIMANTAN TIMUR;PASER;TANAH GROGOT;JONE;eyJpdiI6InZGczhJWlJGalZ4clhDSWg3Nk5IRmc9PSIsInZhbHVlIjoiVm54bGZkR2prNnNSNTNESXJMSUF3dz09IiwibWFjIjoiOGNhMGMyMGRjZjVlNjQxODdjN2FjOWRkODZkYjI0NGZhOGRkOTFhZjNmNTU3ZTAyMDE2MDUwMWJmNDNmNTFkNSIsInRhZyI6IiJ9;;[Kegiatan Usaha: MENJUAL PAKAI, Kategori: G, KBLI: 47711];;;;UMKM;;-1.933935197;116.164607;invalid;;;FALSE;FALSE;TRUE;;;invalid;;;;;;karimah sulaiman;0;0;0;;;pasar senaken rt 0 rw 0;;47;karimah sulaiman pasar senaken rt 0 rw 0 kbli47;1;0;1;1;Aktif;Pasar senaken RT 0RW 0;P01;P01;;1;DONE 01/02 - 8.07 PM
12583;55124248;SAYU MELPIARA <MELPIARA SILALAHI>;Pasar senaken, RT 0/RW 0;6401040016;64;1;40;16;KALIMANTAN TIMUR;PASER;TANAH GROGOT;SENAKEN;eyJpdiI6ImY1MVdhb21MOFVhc3FLeVFKYzJpc0E9PSIsInZhbHVlIjoiVWNTSmRzanYyLzRqVDFYL2VpSktzQT09IiwibWFjIjoiZmUwNzVmZGE1MmVkYWMyMjRiMzQ5YjBiYjY3MDc3Nzg2ZWE2M2ZiNDc5ZjlmMGExOWI4MGY2MDcyYzIyMWRjYiIsInRhZyI6IiJ9;;[Kegiatan Usaha: Menjual sayur eceran di lapak pasar, Kategori: G, KBLI: 47213];;;;UMKM;;-1.933935197;116.164607;invalid;;;FALSE;FALSE;TRUE;;;invalid;;;;;;sayu melpiara melpiara silalahi;0;0;0;;;pasar senaken rt 0 rw 0;;47;sayu melpiara melpiara silalahi pasar senaken rt 0 rw 0 kbli47;1;0;1;1;Aktif;Pasar senaken RT 0RW 0;P01;P01;;1;DONE 01/02 - 8.07 PM
12588;55076291;SAYUR MAIYAH <MAIYAH>;Pasar senaken, RT 0/RW 0;6401040016;64;1;40;16;KALIMANTAN TIMUR;PASER;TANAH GROGOT;SENAKEN;eyJpdiI6ImxmbGdhTUpZM0dtM25sc3ZLaXQ2R2c9PSIsInZhbHVlIjoiYzB0Sk8zZXpMN0FVSkdkUlRtMGNsUT09IiwibWFjIjoiZTUwNGNmZTRhODRlZjcxNGY1YzA3ZmE0MWY5NjMxNzVmNDhkODdkODFmMThjMzVkMzA5MGFmYzFmNmVhYzZmNyIsInRhZyI6IiJ9;;[Kegiatan Usaha: menjual sayur eceran di pasar, Kategori: G, KBLI: 47213];;;;UMKM;;-1.89290599;116.1805936;valid;eyJpdiI6InNLd2NkWHl1SzV1VHh6TWN6anRBdEE9PSIsInZhbHVlIjoiVUgwVXhHT290WUd4L3A1R01hU2FXZz09IiwibWFjIjoiY2U0MzZkYmQwYjRiZjk4ODA4MTM0YWVjMjVjMjZmYmU1NzAyMmU5ODVhOGI3ODFmMTI4NTUzYmU2MTA2OTgxOSIsInRhZyI6IiJ9;1;FALSE;FALSE;FALSE;-1.89290599;116.1805936;valid;adib.tamtama;;;;;sayur maiyah maiyah;0;0;0;;;pasar senaken rt 0 rw 0;;47;sayur maiyah maiyah pasar senaken rt 0 rw 0 kbli47;1;0;1;1;Aktif;Pasar senaken RT 0RW 0;P01;P01;;1;DONE 01/02 - 8.07 PM
12604;55074116;SEMBAKO ICAL <ICAL DG NAI>;Pasar senaken, RT 0/RW 0;6401040016;64;1;40;16;KALIMANTAN TIMUR;PASER;TANAH GROGOT;SENAKEN;eyJpdiI6Ikxkc0hjbXRoRVR2NFFxTk5oYm05ZVE9PSIsInZhbHVlIjoibVdUTWtqTDVlR3BVaDZjQ3hQTFFRQT09IiwibWFjIjoiZDkyZTZiNTVmYzY0MmRjYmJjMjY4ZjEzYjZkMGMxNDFkMmNjZjgzOGRhYmQ4Y2YxNGMyNDFjZWMyYTI1YTQ4ZiIsInRhZyI6IiJ9;;[Kegiatan Usaha: Menjual sembako eceran si lapak pasar, Kategori: G, KBLI: 47112];;;;UMKM;;-1.933935197;116.164607;invalid;;;FALSE;FALSE;TRUE;;;invalid;;;;;;sembako ical ical dg nai;0;0;0;;;pasar senaken rt 0 rw 0;;47;sembako ical ical dg nai pasar senaken rt 0 rw 0 kbli47;1;0;1;1;Aktif;Pasar senaken RT 0RW 0;P01;P01;;1;DONE 01/02 - 8.07 PM
12624;55207307;SEMBAKO MASSE <MASSE>;Pasar senaken, RT 0/RW 0;6401040016;64;1;40;16;KALIMANTAN TIMUR;PASER;TANAH GROGOT;SENAKEN;eyJpdiI6IjdJUlpXRlh1YjdTRkFFdlJkUDVMUWc9PSIsInZhbHVlIjoiRXc1Sk84b1c5ZUp4bkFFbDlRSmt1Zz09IiwibWFjIjoiN2JmOGM4Y2Y5NmRmOGQwYThmYjUxODVlZTk2NTEwOWNjY2JjN2U4MmFiMjM5MTg0NWRiYTMxMTNlYjE5ZGE0ZCIsInRhZyI6IiJ9;;[Kegiatan Usaha: Menjual sembako eceran di lapak pasar, Kategori: G, KBLI: 47112];;;;UMKM;;-1.933935197;116.164607;invalid;;;FALSE;FALSE;TRUE;;;invalid;;;;;;sembako masse masse;0;0;0;;;pasar senaken rt 0 rw 0;;47;sembako masse masse pasar senaken rt 0 rw 0 kbli47;1;0;1;1;Aktif;Pasar senaken RT 0RW 0;P01;P01;;1;DONE 01/02 - 8.07 PM
12625;55179949;TOKO MAMA HAFI <MULYA HARTATI>;PASAR SENAKEN, RT 0/RW 0;6401040009;64;1;40;9;KALIMANTAN TIMUR;PASER;TANAH GROGOT;JONE;eyJpdiI6IitEUXovdjlKS01UdVRxTGJ0dCtqVVE9PSIsInZhbHVlIjoiczd6MER0NTNwQnBOZDBWUy9yK0FoQT09IiwibWFjIjoiMDVlODZmODMyMWMzY2IyMmVjZDgxM2Y2MmFmNzJjODNjMWY3ZjJlZDBiNmIyMmY0YzM1NmUzODhkNjI3MjQ5MyIsInRhZyI6IiJ9;;[Kegiatan Usaha: MENJUAL PAKAIAN, Kategori: G, KBLI: 47711];;;;UMKM;;-1.920967017;116.1925157;valid;eyJpdiI6ImFvTjNUSDlBeCtzUXdRZHRVL2JjMFE9PSIsInZhbHVlIjoieE5YN2xudVhIVFNFVGJ4YkZTTTIrQT09IiwibWFjIjoiZTU3MTYwZGJlMGUzNjQ2NGIyN2RhM2U0Y2QzY2ZiMDJjNGM2OGZjODEwMWJkNDI3N2FmZjE3ZTliNTQ3ZmU0NCIsInRhZyI6IiJ9;1;FALSE;FALSE;FALSE;-1.920967017;116.1925157;valid;adib.tamtama;;;;;mama hafi mulya hartati;0;0;0;;;pasar senaken rt 0 rw 0;;47;mama hafi mulya hartati pasar senaken rt 0 rw 0 kbli47;1;0;1;1;Aktif;PASAR SENAKEN RT 0RW 0;P01;P01;;1;DONE 01/02 - 8.07 PM
12627;55099414;REZKY;wilayah pasar senaken, RT 0/RW 0;6401040016;64;1;40;16;KALIMANTAN TIMUR;PASER;TANAH GROGOT;SENAKEN;eyJpdiI6IlNGRGJSVmdCYzl1ZlpLVHFhQkx2aVE9PSIsInZhbHVlIjoiR2d5dlh3ZTkwcHE2Um0wL3lWczVrUT09IiwibWFjIjoiZDk0ODIxZmE0OGQ0MDcwMTEzMjQ1MTI4MDBhNjMzYzI3ZmUyZjVhZDBlMDA5ODMxYmNlNzM5M2YwNGNiNGM1NSIsInRhZyI6IiJ9;;[Kegiatan Usaha: menjual ikan basah, Kategori: G, KBLI: 47215];;;;UMKM;;-1.904981667;116.2038583;valid;eyJpdiI6InFibyt3L3ZKRVAzejNWSStWdFFOVVE9PSIsInZhbHVlIjoiT04rMFE2OW1NRGN2VzJGTElCaWpZQT09IiwibWFjIjoiMDJmYzQ0MWQ2NGViZDk3ZjIyZDQzOTE1YjViODg5NGZmOTgxYTI5M2QzOGI0OGQ2OTc3ZDhlNzkzNTM3NTI5OCIsInRhZyI6IiJ9;1;FALSE;FALSE;FALSE;-1.904981667;116.2038583;valid;adib.tamtama;;;;;rezky;0;0;0;;;wilayah pasar senaken rt 0 rw 0;;47;rezky wilayah pasar senaken rt 0 rw 0 kbli47;1;0;1;0;Aktif;wilayah pasar senaken RT 0RW 0;P01;P01;;1;DONE 01/02 - 8.07 PM
12629;55156677;TOKO RISNA <ABDUL HARIS>;PASAR SENAKEN, RT 0/RW 0;6401040009;64;1;40;9;KALIMANTAN TIMUR;PASER;TANAH GROGOT;JONE;eyJpdiI6InAxblZTeCtTU0VNLzVhdDN1U1dFSGc9PSIsInZhbHVlIjoiZEhrR0t5WXlhZllwbXdMNjJsV1NPUT09IiwibWFjIjoiMjBlMTI4ZmFlZDliYjFmOGVmNWJjYWQyMDQ2Yjk2N2JhNmQxODcyODkzYTQ1MDUzMmY3Zjg1MTdhZDU4M2UzMiIsInRhZyI6IiJ9;;[Kegiatan Usaha: MENJUAL SEPATU, Kategori: G, KBLI: 47712];;;;UMKM;;-1.9218293;116.1965551;valid;eyJpdiI6ImZNQVZBKzEvOTkrYU5FYU1zWFBwRGc9PSIsInZhbHVlIjoiaHhhL1QrcmEwTXNjVlFEWjlWMjgvQT09IiwibWFjIjoiZDQ1MTU3NWU0MDVkMTRjN2FmOTU0MDhlZWE1NjI2ZjU4ZmJkZDBmZDQ2Y2MyNmVjNTFhNmYwYzQ4NmEzNDE3MSIsInRhZyI6IiJ9;1;FALSE;FALSE;FALSE;-1.9218293;116.1965551;valid;adib.tamtama;;;;;risna abdul haris;0;0;0;;;pasar senaken rt 0 rw 0;;47;risna abdul haris pasar senaken rt 0 rw 0 kbli47;1;0;1;1;Aktif;PASAR SENAKEN RT 0RW 0;P01;P01;;1;DONE 01/02 - 8.07 PM
12630;55076816;ARAS TEMPE <ARAS>;Pasar senaken, RT 0/RW 0;6401040016;64;1;40;16;KALIMANTAN TIMUR;PASER;TANAH GROGOT;SENAKEN;eyJpdiI6IjR5YWcyODZLOEVTUVp6dmFSRURlQmc9PSIsInZhbHVlIjoiN3ZMU0ZSMzJsd212bFU5VXd2ZGJhUT09IiwibWFjIjoiZGI1MjU4MzFmNzU1ODg2N2MzMWM3MTg5ODliNzRiZTY4MDcyODRhNGNiMGZlNWFlMDhkODE5MTc0MWY4MjczMyIsInRhZyI6IiJ9;;[Kegiatan Usaha: Menjual tahu tempe kedelai eceran di lapak pasar, Kategori: G, KBLI: 47244];;;;UMKM;;-1.933935197;116.164607;invalid;;;FALSE;FALSE;TRUE;;;invalid;;;;;;aras tempe aras;0;0;0;;;pasar senaken rt 0 rw 0;;47;aras tempe aras pasar senaken rt 0 rw 0 kbli47;1;0;1;1;Aktif;Pasar senaken RT 0RW 0;P01;P01;;1;DONE 01/02 - 8.07 PM
12631;55044532;SEMBAKO HASANAH <HASANAH>;Pasar senaken blok A, RT 0/RW 0;6401040016;64;1;40;16;KALIMANTAN TIMUR;PASER;TANAH GROGOT;SENAKEN;eyJpdiI6IkVqZlc4MjdZdlV1ci9LYldOSzBPY1E9PSIsInZhbHVlIjoiZWt1MEhWd3hybVdHOWJwcituT0UwZz09IiwibWFjIjoiNmNkNWE5MzUwYzM0ZmZiNTUyODI1YTYzOWNiNTQxNmQyM2ViMzNhMzNmN2IzNjY5M2MxZTY5NTMxZjAyYTkzMSIsInRhZyI6IiJ9;;[Kegiatan Usaha: Menjual bawang eceran di lapak pasar, Kategori: G, KBLI: 47112];;;;UMKM;;-1.901073474;116.2070125;valid;eyJpdiI6IiszUC9BT3ExcS9jR2JINFlYaWs3bEE9PSIsInZhbHVlIjoiTTZyUjdjZS8wTDMxenFLVm16NjByZz09IiwibWFjIjoiYmUzZGNlNDNhYTI2NzVkMjE4NjlmOWY1NmZlNDAyNWIxMWE5MTc3YzAzMGJhMDlmOWFkOWFjZDA0NjBlYWNmNiIsInRhZyI6IiJ9;1;FALSE;FALSE;FALSE;-1.901073474;116.2070125;valid;adib.tamtama;;;;;sembako hasanah hasanah;0;0;0;;;pasar senaken blok a rt 0 rw 0;;47;sembako hasanah hasanah pasar senaken blok a rt 0 rw 0 kbli47;1;0;1;1;Aktif;Pasar senaken blok A RT 0RW 0;P01;P01;;1;DONE 01/02 - 8.07 PM
12644;55046398;TOKO MAMA NIDA <LISMAWATI>;Pasar senaken, RT 0/RW 0;6401040009;64;1;40;9;KALIMANTAN TIMUR;PASER;TANAH GROGOT;JONE;eyJpdiI6InlsNWJEUGZERlpham8wdlBkQ3J4UHc9PSIsInZhbHVlIjoiTFo1MHhHVXkycU96a0FiMnVFcGpOQT09IiwibWFjIjoiN2MwYjNjZWJlMTQ4OTkzMzkwODIzZmYxN2ExZDYwZGRlYzA3NDM0M2NiNzM5ZWY3MjBhYWFjN2YyNzU1NDVlOSIsInRhZyI6IiJ9;;[Kegiatan Usaha: MENJUAL PAKAIAN, Kategori: G, KBLI: 47711];;;;UMKM;;-1.933935197;116.164607;invalid;;;FALSE;FALSE;TRUE;;;invalid;;;;;;mama nida lismawati;0;0;0;;;pasar senaken rt 0 rw 0;;47;mama nida lismawati pasar senaken rt 0 rw 0 kbli47;1;0;1;1;Aktif;Pasar senaken RT 0RW 0;P01;P01;;1;DONE 01/02 - 8.07 PM
12650;55100709;SUWARDI;Wilayah pasar senaken, RT 0/RW 0;6401040016;64;1;40;16;KALIMANTAN TIMUR;PASER;TANAH GROGOT;SENAKEN;eyJpdiI6IkhsbXdMTi9iQ0hBV3c0NkZTSEMxc0E9PSIsInZhbHVlIjoieFBGQjBMWnZIVXd4a2xQeFRxUWkrUT09IiwibWFjIjoiNjFlYjQ1NTBlZThhMWIzMWU3NzEwNDdiZjBhZmQ1ZGRlNTljYWVmMmQ4MTU5MzgzZjMyOWQyYWMyM2Y4NGE5ZSIsInRhZyI6IiJ9;;[Kegiatan Usaha: Menjual ikan basah, Kategori: G, KBLI: 47215];;;;UMKM;;-1.905203333;116.2048333;valid;;;FALSE;FALSE;TRUE;;;invalid;;;;;;suwardi;0;0;0;;;wilayah pasar senaken rt 0 rw 0;;47;suwardi wilayah pasar senaken rt 0 rw 0 kbli47;1;0;1;0;Aktif;Wilayah pasar senaken RT 0RW 0;P01;P01;;1;DONE 01/02 - 8.07 PM
12672;55208511;MAISARAH;Pasar senaken, RT 0/RW 0;6401040016;64;1;40;16;KALIMANTAN TIMUR;PASER;TANAH GROGOT;SENAKEN;eyJpdiI6ImY5WHhNc1QvVVVHY2tkWkc2MXlVR0E9PSIsInZhbHVlIjoiQTkzTFJqOVNmR0dVV0M1WnBTWCtldz09IiwibWFjIjoiMzZjMmM4ZTE5OGU3MjliNGI0MzAyNjMwYzY0ZmFkYmY0Yzk1YmMwZWQ5NTQxOGFkMzg4ZmVmMmVlMjFjNDZmZiIsInRhZyI6IiJ9;;[Kegiatan Usaha: Menjual pakaina, Kategori: G, KBLI: 47711];;;;UMKM;;-1.92222897;116.1975601;valid;eyJpdiI6IkdRdXFZb2ZoNnBGTFhpcEttK3lHaWc9PSIsInZhbHVlIjoiNXNhVGJ1UllpZndYdDJ0OWx3RlRKQT09IiwibWFjIjoiNGJjNDNhNWJkYzk4YTAzNzcyY2U1NmRiY2MyMThiYmEyMjIyOTdkMDU3MjdjYzg0ZjU3YjBlZDI3M2NlMTZlZCIsInRhZyI6IiJ9;1;FALSE;FALSE;FALSE;-1.92222897;116.1975601;valid;adib.tamtama;;;;;maisarah;0;0;0;;;pasar senaken rt 0 rw 0;;47;maisarah pasar senaken rt 0 rw 0 kbli47;1;0;1;0;Aktif;Pasar senaken RT 0RW 0;P01;P01;;1;DONE 01/02 - 8.07 PM
12679;55238122;JAGUNG PAHRIAH <PAHRIAH>;Pasar senaken, RT 0/RW 0;6401040016;64;1;40;16;KALIMANTAN TIMUR;PASER;TANAH GROGOT;SENAKEN;eyJpdiI6IlVkUHJsNjVBaU9KMTh4U08rSUJaMFE9PSIsInZhbHVlIjoiS29qL2FaeXhBZ2RLZ1BFYU1ScVYxZz09IiwibWFjIjoiNDI4OGM4YTJjMWU4YjRmMmEwMzYxZmVkY2ZmYmU2MTVkMjE1OGRkMDZlYTlhNDNhMTljMzliZjA1M2JmMzUxMCIsInRhZyI6IiJ9;;[Kegiatan Usaha: Menjual buah jagung eceran di lapak pasar, Kategori: G, KBLI: 47211];;;;UMKM;;-1.84940196;116.2387367;valid;eyJpdiI6IldoeXlRZTNUUFJ2QWZjc2djVFFoa0E9PSIsInZhbHVlIjoiaUZuU29nbG1HSXk2M3U3aGRSYWh1Zz09IiwibWFjIjoiYjI2NDMyZmM5ZDk4NzZkZWZjMzZlYjNhMDU1YTFlM2ZhNTkyMDVjZjJhMWViZTQ4Njc5M2ViNGU4ZGM5MDcxZCIsInRhZyI6IiJ9;1;FALSE;FALSE;FALSE;-1.84940196;116.2387367;valid;adib.tamtama;;;;;jagung pahriah pahriah;0;0;0;;;pasar senaken rt 0 rw 0;;47;jagung pahriah pahriah pasar senaken rt 0 rw 0 kbli47;1;0;1;1;Aktif;Pasar senaken RT 0RW 0;P01;P01;;1;DONE 01/02 - 8.07 PM
12680;55126634;SAYUR RITA <RITA>;Pasar senaken, RT 0/RW 0;6401040016;64;1;40;16;KALIMANTAN TIMUR;PASER;TANAH GROGOT;SENAKEN;eyJpdiI6ImZ6Mlpia0hKV2huS25LbWdhS1hUSWc9PSIsInZhbHVlIjoiTWd2Q1lvUjlWczB4clM3YTFXWllOUT09IiwibWFjIjoiNzJkOTVkMTVlYWEwYjNiNWZmZTIzODE2MmY0ZjAxN2ZhZDE1NTE3OWEwY2JlNzE4MTUxMjExNWFkOGVhNmMyMSIsInRhZyI6IiJ9;;[Kegiatan Usaha: Menjual pisang eceran di lapak pasar, Kategori: G, KBLI: 47212];;;;UMKM;;-1.933935197;116.164607;invalid;;;FALSE;FALSE;TRUE;;;invalid;;;;;;sayur rita rita;0;0;0;;;pasar senaken rt 0 rw 0;;47;sayur rita rita pasar senaken rt 0 rw 0 kbli47;1;0;1;1;Aktif;Pasar senaken RT 0RW 0;P01;P01;;1;DONE 01/02 - 8.07 PM
12681;55121302;TOKO SAHIDAH <ANINDAH>;Pasar senaken, RT 0/RW 0;6401040009;64;1;40;9;KALIMANTAN TIMUR;PASER;TANAH GROGOT;JONE;eyJpdiI6IjdQamsvV0xIem1IQWJTdXYzSlhBMlE9PSIsInZhbHVlIjoiSi8wY2UzYzlhMVVGTS9weGozVXJEZz09IiwibWFjIjoiNmQyZGEzNGI0NmYwM2FhODNiMGRlYmZjMjQ2MmFkZWJjNWViOGQ4YzJjYmUwYzkzYTQ3NzYxMDQ2Y2I3YzQ1MyIsInRhZyI6IiJ9;;[Kegiatan Usaha: MENJUAL PAKIAN, Kategori: G, KBLI: 47711];;;;UMKM;;-1.933935197;116.164607;invalid;;;FALSE;FALSE;TRUE;;;invalid;;;;;;sahidah anindah;0;0;0;;;pasar senaken rt 0 rw 0;;47;sahidah anindah pasar senaken rt 0 rw 0 kbli47;1;0;1;1;Aktif;Pasar senaken RT 0RW 0;P01;P01;;1;DONE 01/02 - 8.07 PM
12697;55068696;GINAH;Pasar senaken, RT 0/RW 0;6401040004;64;1;40;4;KALIMANTAN TIMUR;PASER;TANAH GROGOT;TANAH GROGOT;eyJpdiI6IkYySXM5a3FMMkJKQUMyZE12Wmxuenc9PSIsInZhbHVlIjoiUGVxWWtFQUk2ZytZUHgrYWpSSE1PZz09IiwibWFjIjoiMDU4ODQxMDc4NWUwNDZhYWVmYWU4MDBjODZiMThmNGRkYTU2Yzc1NjlkMDhjMzJlYTVkN2E2MTJmNGEyNmVmZCIsInRhZyI6IiJ9;;[Kegiatan Usaha: Rempah rempah, Kategori: G, KBLI: 47219];;;;UMKM;;-1.84674071;116.2355717;valid;eyJpdiI6IlFWaUtjNkN1V3Nuc21GOWNWalhoVnc9PSIsInZhbHVlIjoiT3pJY0V6YmtnaHg0bnoyS0VyQ2RHdz09IiwibWFjIjoiNzdjZGFkMWYwZWIzMTRlMjljN2IzN2E1ZTk1MDA1YzM0ZTI1ZTQyM2E0MmFhMTRiZTA1YjEyMjViNjgyYmFiYiIsInRhZyI6IiJ9;1;FALSE;FALSE;FALSE;-1.84674071;116.2355717;valid;adib.tamtama;;;;;ginah;0;0;0;;;pasar senaken rt 0 rw 0;;47;ginah pasar senaken rt 0 rw 0 kbli47;1;0;1;0;Aktif;Pasar senaken RT 0RW 0;P01;P01;;1;DONE 01/02 - 8.07 PM
12699;55101699;TK. SYAHIDA <RUSMALINA>;Pasar senaken, RT 0/RW 0;6401040016;64;1;40;16;KALIMANTAN TIMUR;PASER;TANAH GROGOT;SENAKEN;eyJpdiI6ImJleHdMSlh5NjVqRUNueUErYkhqR0E9PSIsInZhbHVlIjoiMnJHazgrMmFrMEZyUTlKbUpFUUxZQT09IiwibWFjIjoiODJkYmY5ZjQ4ODFlNzc0MzdiNTNjMzhjZjU3ZGFjZGE0ZjA5ZDg2N2QwOTlkZDcxMzViZjMzMWZhZjI3NjBhNCIsInRhZyI6IiJ9;;[Kegiatan Usaha: Menjual sepatu, Kategori: G, KBLI: 47712];;;;UMKM;;-1.90059;116.2099183;valid;eyJpdiI6InJRa1FFR1daaVJST05Mdy9pTDVKWnc9PSIsInZhbHVlIjoiNFJlaFFubGtRS0hrSEpaNjk5QWhndz09IiwibWFjIjoiNjhiNzUyNWE0MTE4NzBiMmE2MDNhMGJjZTFhODY2YmEwNGI4NmUyN2Y3ODA5N2FiZmU2ZjMzZGMwZjBlYjViZiIsInRhZyI6IiJ9;1;FALSE;FALSE;FALSE;-1.90059;116.2099183;valid;adib.tamtama;;;;;tk syahida rusmalina;0;0;0;;;pasar senaken rt 0 rw 0;;47;tk syahida rusmalina pasar senaken rt 0 rw 0 kbli47;1;0;1;1;Aktif;Pasar senaken RT 0RW 0;P01;P01;;1;DONE 01/02 - 8.07 PM
12706;55074229;MUSRINI;wil.pasar senaken, RT 0/RW 0;6401040016;64;1;40;16;KALIMANTAN TIMUR;PASER;TANAH GROGOT;SENAKEN;eyJpdiI6ImdoeVNGMXhGM1JITDFRUFJneW5hVGc9PSIsInZhbHVlIjoieCtGM0Zybk9SSmF2bVI4WjFZaVE0Zz09IiwibWFjIjoiNDBkYmU1N2RhOWM5MDZiNDEyNmMxYmZlMGYyOTI5YTBhODYzODc5MDJiMzBhMTIyNDZjN2E2OTViZjIwMGQ0OSIsInRhZyI6IiJ9;;[Kegiatan Usaha: menjual sayuran, Kategori: G, KBLI: 47813];;;;UMKM;;-1.858896667;116.1526983;valid;eyJpdiI6IlROL1hJWW1MbkJOODdHK1hyNDlLRVE9PSIsInZhbHVlIjoieSs1OHV4ckRXMXUvUTN2ejV4eTVVQT09IiwibWFjIjoiZDUxZmEyYzE3MWI0Mjg5MmZkOGRhZmIzZWI3MmY1ZGQ2N2VkYTFjNWQxNDExZjg3ZmI4ZDgzN2FmYzM4NjgyOCIsInRhZyI6IiJ9;1;FALSE;FALSE;FALSE;-1.858896667;116.1526983;valid;adib.tamtama;;;;;musrini;0;0;0;;;wil pasar senaken rt 0 rw 0;;47;musrini wil pasar senaken rt 0 rw 0 kbli47;1;0;1;0;Aktif;wilpasar senaken RT 0RW 0;P01;P01;;1;DONE 01/02 - 8.07 PM
12723;55180924;AYAM TUTIK <TUTIK>;Pasar senaken, RT 0/RW 0;6401040016;64;1;40;16;KALIMANTAN TIMUR;PASER;TANAH GROGOT;SENAKEN;eyJpdiI6IlpUTHRLNlJSekRCcUFlYktHai9VZHc9PSIsInZhbHVlIjoiSmRIdHpWTzRIVVVRUWRrQXVpY2lZZz09IiwibWFjIjoiZTI1YTIwZTI2ZTYxYTgyZjIwNGE1NDI4ODRhODk5NTVlZGM4ZTA1MTA2MmM1MTExMGY3ZDVlNjdmMTY5YTBmYSIsInRhZyI6IiJ9;;[Kegiatan Usaha: Menjual ayam potong di pasar, Kategori: G, KBLI: 47814];;;;UMKM;;-1.933935197;116.164607;invalid;;;FALSE;FALSE;TRUE;;;invalid;;;;;;ayam tutik tutik;0;0;0;;;pasar senaken rt 0 rw 0;;47;ayam tutik tutik pasar senaken rt 0 rw 0 kbli47;1;0;1;1;Aktif;Pasar senaken RT 0RW 0;P01;P01;;1;DONE 01/02 - 8.07 PM
12724;55236600;TOKO MAMA INDAH <IRAWATI>;Pasar senaken, RT 0/RW 0;6401040009;64;1;40;9;KALIMANTAN TIMUR;PASER;TANAH GROGOT;JONE;eyJpdiI6IjRiaGk4L3VmS2xBZlFiLzZNVDNOMmc9PSIsInZhbHVlIjoiZElHd1g2TGhFa1lpT040RHRSaG9RUT09IiwibWFjIjoiYjE1NGNiYzllNDYzYTU4Yjg5NGRhZWM4MzQ4MTA0NzRhN2Q2NDM2MDJkMzBkMzNjMjBlOTU3YWRiYWQ4NmVlZCIsInRhZyI6IiJ9;;[Kegiatan Usaha: Menjual pakaian, Kategori: G, KBLI: 47711];;;;UMKM;;-1.933935197;116.164607;invalid;;;FALSE;FALSE;TRUE;;;invalid;;;;;;mama indah irawati;0;0;0;;;pasar senaken rt 0 rw 0;;47;mama indah irawati pasar senaken rt 0 rw 0 kbli47;1;0;1;1;Aktif;Pasar senaken RT 0RW 0;P01;P01;;1;DONE 01/02 - 8.07 PM
12726;55072893;ERNI GATTA;Pasar senaken, RT 0/RW 0;6401040016;64;1;40;16;KALIMANTAN TIMUR;PASER;TANAH GROGOT;SENAKEN;eyJpdiI6IjJlaVEyQUFCYm1hSW94eXVZR1Q0WkE9PSIsInZhbHVlIjoiZWV2YzhzbWdUSG1raWhzZGJpR1hsZz09IiwibWFjIjoiMDgwYjBjNDUyODBhOTQ0ODg4NzExY2Y0Zjk2ODMwODA2NDgzOTM5NGM2ZjU1MDdhZTU0ZjVmODBjNzg1OTFlZiIsInRhZyI6IiJ9;;[Kegiatan Usaha: Menjual perhiasan, Kategori: G, KBLI: 47852];;;;UMKM;;-1.933935197;116.164607;invalid;;;FALSE;FALSE;TRUE;;;invalid;;;;;;erni gatta;0;0;0;;;pasar senaken rt 0 rw 0;;47;erni gatta pasar senaken rt 0 rw 0 kbli47;1;0;1;0;Aktif;Pasar senaken RT 0RW 0;P01;P01;;1;DONE 01/02 - 8.07 PM
12731;55263658;ES BATU RAMADANI <RAMADANI>;Pasar senaken, RT 0/RW 0;6401040016;64;1;40;16;KALIMANTAN TIMUR;PASER;TANAH GROGOT;SENAKEN;eyJpdiI6IllNcmNjTnRsV28xb3BldUFWMDB1OVE9PSIsInZhbHVlIjoiemNKRTRqdVNsWUVXSEFlblVTeVhkZz09IiwibWFjIjoiMzg3NWFiZWM1YzgwNjE4NDkwNWMwNDJiOGRhN2M1NTc0MDhkNWYyYmUzODc0YzZmNzU5YTYwZDUyNzNiN2JiYSIsInRhZyI6IiJ9;;[Kegiatan Usaha: menjual es batu eceran di pasar, Kategori: C, KBLI: 10532];;;;UMKM;;-1.901266667;116.20475;valid;eyJpdiI6IkZZOFY1akJCZno0UThkMlE5Mmhub3c9PSIsInZhbHVlIjoiNDRKNVRVNzZnOGRGSXg2Yld4Z0ZuQT09IiwibWFjIjoiMmQwMjQzZWIzZjE4NWUzM2JhYTc1MjE2NTk4MTA5MjI4ZTIwNzFhZjgwZmIyMDdmNGU2OTE5ZDcwNzYwY2M1YyIsInRhZyI6IiJ9;1;FALSE;FALSE;FALSE;-1.901266667;116.20475;valid;adib.tamtama;;;;;es batu ramadani ramadani;0;0;0;;;pasar senaken rt 0 rw 0;;10;es batu ramadani ramadani pasar senaken rt 0 rw 0 kbli10;1;0;1;1;Aktif;Pasar senaken RT 0RW 0;P01;P01;;1;DONE 01/02 - 8.07 PM
12733;55152675;SAYUR IMRAN <IMRAN>;Pasar senaken hamparan subuh, RT 0/RW 0;6401040016;64;1;40;16;KALIMANTAN TIMUR;PASER;TANAH GROGOT;SENAKEN;eyJpdiI6Im15S09tVVB4ZDRheGhWTnhUc1JvWUE9PSIsInZhbHVlIjoiU2tMM2NHYSsvZWVFbk5iSzBLZGFpUT09IiwibWFjIjoiNDk5OThhYmQxMGQ3M2NkZGM4ZmUxZTk2MDk0NDVmOWUwZjYzMTY5NzY4OWExOTJmYzVjYzMwNTFiN2M0NzdlMiIsInRhZyI6IiJ9;;[Kegiatan Usaha: Menjual sayur eceran di lapak pasar, Kategori: G, KBLI: 47213];;;;UMKM;;-1.933935197;116.164607;invalid;;;FALSE;FALSE;TRUE;;;invalid;;;;;;sayur imran imran;0;0;0;;;pasar senaken hamparan subuh rt 0 rw 0;;47;sayur imran imran pasar senaken hamparan subuh rt 0 rw 0 kbli47;1;0;1;1;Aktif;Pasar senaken hamparan subuh RT 0RW 0;P01;P01;;1;DONE 01/02 - 8.07 PM
12739;55069592;TOKO MAMA EFA <NORHANI>;Pasar senaken, RT 0/RW 0;6401040009;64;1;40;9;KALIMANTAN TIMUR;PASER;TANAH GROGOT;JONE;eyJpdiI6InJhV2tTYnNMSm45VmVoVHNia2U4UHc9PSIsInZhbHVlIjoieVE2U1NGaWNCcVNpcG5Xb1JsS1ZSUT09IiwibWFjIjoiNzY4OWY2ZTA1MzMyNjNmY2M1ODE0MWQ3NGFhMGU0NGJjMWYxNWVmY2QwZGIyNDUxOWEyZDliNzFhNDNmMzlkOCIsInRhZyI6IiJ9;;[Kegiatan Usaha: Menjual tas, Kategori: G, KBLI: 47714];;;;UMKM;;-1.905385;116.2018167;valid;eyJpdiI6InRmd2pwc1Y4U1UvaTFRaXRmeGdyK1E9PSIsInZhbHVlIjoiWlJIY3BlSlNGVHJxaE1yeldxdFBhQT09IiwibWFjIjoiMmMyNDU1NTJiOWI4Njc0YjM0NTAyMjg0NjFmZGUxZWU2MWUxMzFjMTdmYmZkMGE1NTJkNzhkODU4MDY5NGY5ZSIsInRhZyI6IiJ9;1;FALSE;FALSE;FALSE;-1.905385;116.2018167;valid;adib.tamtama;;;;;mama efa norhani;0;0;0;;;pasar senaken rt 0 rw 0;;47;mama efa norhani pasar senaken rt 0 rw 0 kbli47;1;0;1;1;Aktif;Pasar senaken RT 0RW 0;P01;P01;;1;DONE 01/02 - 8.07 PM
12748;55156541;MASLI PAZZI;Pasar senaken, RT 0/RW 0;6401040016;64;1;40;16;KALIMANTAN TIMUR;PASER;TANAH GROGOT;SENAKEN;eyJpdiI6Ild5QVhMT29IdEEwWFB1WmVEWEIwUlE9PSIsInZhbHVlIjoiTThQQTgwazJGQWc0WHFuVDNlVC9wZz09IiwibWFjIjoiMjhmYTU2MWU1OWU1NjMxNmYxN2VjMjBkZDUwNzAwODZlMTI1MTQ2Y2ZjZmFhY2NkYmUwMzMyNTFmY2IwZWY5ZCIsInRhZyI6IiJ9;;[Kegiatan Usaha: Menjual pakaian, Kategori: G, KBLI: 47711];;;;UMKM;;-1.8978234;116.2096464;valid;eyJpdiI6IjUwVWE1a2F0MlhFWUgxZ1dxSDdvSmc9PSIsInZhbHVlIjoiSGdCcG9OL3p5Qjlka3AxYkx2b25vdz09IiwibWFjIjoiYTViMzY5NDE0YTBjMTVlOGQ2MDZhMTRhZmU2MzI2OGY4MjE0YzVkOTkzMDYxODEwY2M4NWNkYWU0NzJiNGQ0OCIsInRhZyI6IiJ9;1;FALSE;FALSE;FALSE;-1.8978234;116.2096464;valid;adib.tamtama;;;;;masli pazzi;0;0;0;;;pasar senaken rt 0 rw 0;;47;masli pazzi pasar senaken rt 0 rw 0 kbli47;1;0;1;0;Aktif;Pasar senaken RT 0RW 0;P01;P01;;1;DONE 01/02 - 8.07 PM
12756;55126715;TK SEPATU <HAIRULLAH>;Pasar senaken, RT 0/RW 0;6401040016;64;1;40;16;KALIMANTAN TIMUR;PASER;TANAH GROGOT;SENAKEN;eyJpdiI6InNqa05pRnFCeTFHNjRMR2JKWXpWbnc9PSIsInZhbHVlIjoibUpwTGVSSnBrRUs4ZzIrSUk0dEladz09IiwibWFjIjoiMjQzY2M4ZjVjZTk5NWRjNTIyMmFjODk5ZmNjYzNhNTRmZjc2MTExNGE3YWZjZDllMDE5MTJhNDQwYzExYzJjMSIsInRhZyI6IiJ9;;[Kegiatan Usaha: Menjual sepatu, Kategori: G, KBLI: 47712];;;;UMKM;;-1.933935197;116.164607;invalid;;;FALSE;FALSE;TRUE;;;invalid;;;;;;tk sepatu hairullah;0;0;0;;;pasar senaken rt 0 rw 0;;47;tk sepatu hairullah pasar senaken rt 0 rw 0 kbli47;1;0;1;1;Aktif;Pasar senaken RT 0RW 0;P01;P01;;1;DONE 01/02 - 8.07 PM
12758;55073146;HAPIANA;Wilayah pasar senaken, RT 0/RW 0;6401040016;64;1;40;16;KALIMANTAN TIMUR;PASER;TANAH GROGOT;SENAKEN;eyJpdiI6IkU1R3ZKVWp2QTdLTEI3UUp6SGNzVkE9PSIsInZhbHVlIjoiUFh0bmtxeWRuQTJiQ0hoVlJXTGlsZz09IiwibWFjIjoiYjc0ZGMxY2NlODQ4MjI2OTI3MTBmZTg2ZTllY2RiMWNiYjk0YmM1M2YzMTYwZDYzMzc1NDE0NmUxNzlkZDkzYSIsInRhZyI6IiJ9;;[Kegiatan Usaha: Menjual sembako, Kategori: G, KBLI: 47243];;;;UMKM;;-1.902653333;116.194345;valid;eyJpdiI6IjAyOFB4dTFNMWt2bFNYNnkwcWN3ZVE9PSIsInZhbHVlIjoidXc0NzlHUFFGMVFuWm54dGo1eThYUT09IiwibWFjIjoiYzZiOTUyMmYxMjcwODQzZWUwODU0YmY1N2Y2MThkMTk4MDYyYjlmMjFjZDMyZjE3YzE5MDlkNTc5MDllZDlmNiIsInRhZyI6IiJ9;1;FALSE;FALSE;FALSE;-1.902653333;116.194345;valid;adib.tamtama;;;;;hapiana;0;0;0;;;wilayah pasar senaken rt 0 rw 0;;47;hapiana wilayah pasar senaken rt 0 rw 0 kbli47;1;0;1;0;Aktif;Wilayah pasar senaken RT 0RW 0;P01;P01;;1;DONE 01/02 - 8.07 PM
12760;55264825;TK. HJ. NORMA <NORMAH>;Pasar senaken, RT 0/RW 0;6401040016;64;1;40;16;KALIMANTAN TIMUR;PASER;TANAH GROGOT;SENAKEN;eyJpdiI6Im5pMlJqdUZWUnJjVlBWK05yR3E1emc9PSIsInZhbHVlIjoiRFY3K2t0bGVydVBOcmFzS0x4QUtsdz09IiwibWFjIjoiZTIzZWMwNDI0N2Q3MjE2Y2U0ZGVlOTBhYmJmMmZlZDc5ZWRjYWFhNzljYjNhMmVhMjIwY2FhMDE1M2ZlZjc2MSIsInRhZyI6IiJ9;;[Kegiatan Usaha: Menjual Permaina anak, Kategori: G, KBLI: 47640];;;;UMKM;;-1.91974234;116.1956962;valid;eyJpdiI6InRPVmFmdm0xUWRDcWNYcGtBcWtoNkE9PSIsInZhbHVlIjoiSzVuYnIyVXhGQUVGVDdOa3VwNDBsUT09IiwibWFjIjoiZjMxODg1ZTVkMTE3YzBjN2JmYzY0YzdhNTE1OTVkNDBkNTA5ZTllODNhOGJhZjkyN2IzNTY5NjhkMDg2ZmFkZSIsInRhZyI6IiJ9;1;FALSE;FALSE;FALSE;-1.91974234;116.1956962;valid;adib.tamtama;;;;;tk hj norma normah;0;0;0;;;pasar senaken rt 0 rw 0;;47;tk hj norma normah pasar senaken rt 0 rw 0 kbli47;1;0;1;1;Aktif;Pasar senaken RT 0RW 0;P01;P01;;1;DONE 01/02 - 8.07 PM
12770;55076301;SAYUR WAGILAH <WAGILAH>;Pasar senaken, RT 0/RW 0;6401040016;64;1;40;16;KALIMANTAN TIMUR;PASER;TANAH GROGOT;SENAKEN;eyJpdiI6IndWVFZUU1hkWU13VUwzMnlLNlVjZEE9PSIsInZhbHVlIjoiMGhSQUdqa0F5UndQWGlFazFHT2d1dz09IiwibWFjIjoiMDU5NmVjNmVhYmEwYzA1NzBhZWY0NDEzZTViZTNhZWRmYTc2NDg0OTQ2OGI0ZjU1YjUwN2QzMWU1Njk4ZjA2OSIsInRhZyI6IiJ9;;[Kegiatan Usaha: Menjual sayur eceran di lapak pasar, Kategori: G, KBLI: 47213];;;;UMKM;;-1.85051758;116.238342;valid;eyJpdiI6Ilo5ZUt1blMwTnpMaW9VYkhVbDlMS1E9PSIsInZhbHVlIjoiVmZSMTRvNzQ3SWVJYkZSem84WVJvUT09IiwibWFjIjoiZDBiMDQwMmE0NGRjZTYyMjdhOGZlNjNlOWI5Njc1YTQ3NGMxOTY3MTg1MjdjNDVmMjEwMzFkZGE2ODEzNWZmNiIsInRhZyI6IiJ9;1;FALSE;FALSE;FALSE;-1.85051758;116.238342;valid;adib.tamtama;;;;;sayur wagilah wagilah;0;0;0;;;pasar senaken rt 0 rw 0;;47;sayur wagilah wagilah pasar senaken rt 0 rw 0 kbli47;1;0;1;1;Aktif;Pasar senaken RT 0RW 0;P01;P01;;1;DONE 01/02 - 8.07 PM
12772;55178877;SRIATUN;wilayah pasar senaken, RT 0/RW 0;6401040016;64;1;40;16;KALIMANTAN TIMUR;PASER;TANAH GROGOT;SENAKEN;eyJpdiI6IlBKWXBmbExsQklPZnNSaE91RnBNcVE9PSIsInZhbHVlIjoicXdjV1J1WlRYZXVPY1NJbUdvNUt0QT09IiwibWFjIjoiYTJmZGI2Nzk1ZjRkMjcxZGVjNDBhMmI3N2E1NWRlZWE4ZTI1M2ZiYzEzNjc3ODc3MTVjOWJhZTZmN2FiNzhiMyIsInRhZyI6IiJ9;;[Kegiatan Usaha: menjual rempah-rempah, Kategori: G, KBLI: 47219];;;;UMKM;;-1.85246802;116.2404818;valid;eyJpdiI6ImZoT1kwWVVRQllRUUltWHNGb0YxcUE9PSIsInZhbHVlIjoiUjBzSTZIcGZUbk1mNFBrOTFSalArUT09IiwibWFjIjoiOWQ3OTI0NTEyZGQxYjUxYTBhOGE5NmYzZDM3NGRiZTE3Y2QzN2I4MmU4ZjUwZmI0ZGU2ZDQxZGQzYTQ0ZmNmNiIsInRhZyI6IiJ9;1;FALSE;FALSE;FALSE;-1.85246802;116.2404818;valid;adib.tamtama;;;;;sriatun;0;0;0;;;wilayah pasar senaken rt 0 rw 0;;47;sriatun wilayah pasar senaken rt 0 rw 0 kbli47;1;0;1;0;Aktif;wilayah pasar senaken RT 0RW 0;P01;P01;;1;DONE 01/02 - 8.07 PM
12779;55124481;SAYUR HANIK <HANIK>;Pasar senaken, RT 0/RW 0;6401040016;64;1;40;16;KALIMANTAN TIMUR;PASER;TANAH GROGOT;SENAKEN;eyJpdiI6IjYyYXBqdzArNmpOWjBIRFBNajJZaWc9PSIsInZhbHVlIjoiTFVUWGNNaGsxK3UxVFgzZHFwR3lWdz09IiwibWFjIjoiNmU0MmY4OTQzMmQyYjk0N2VkNDIxZmVkN2I5NDQzZjUyZDk5N2MxMGYxYmE1NDE1MjcxNDgyNTY1YWM2OWJkZSIsInRhZyI6IiJ9;;[Kegiatan Usaha: Menjual sayur eceran di pasar, Kategori: G, KBLI: 47213];;;;UMKM;;-1.858166667;116.1510233;valid;eyJpdiI6IjlDaUN3MXpIQWJqSFNGc2NtckdQYlE9PSIsInZhbHVlIjoiakJRcEg5OHNCbVVZVDB2dS8vTkFsQT09IiwibWFjIjoiNjI5NDZlOTBlNjk5MmIxNGEyZjFlZWQ1NTg5MWVjNjdlNWRkZmQ1ZTEyMjM0OTIxOTMyZjQwNDdlN2I5ODEwMCIsInRhZyI6IiJ9;1;FALSE;FALSE;FALSE;-1.858166667;116.1510233;valid;adib.tamtama;;;;;sayur hanik hanik;0;0;0;;;pasar senaken rt 0 rw 0;;47;sayur hanik hanik pasar senaken rt 0 rw 0 kbli47;1;0;1;1;Aktif;Pasar senaken RT 0RW 0;P01;P01;;1;DONE 01/02 - 8.07 PM
12786;55069217;TOKO RESQA AULIA <JAMALIYAH>;Pasar senaken, RT 0/RW 0;6401040016;64;1;40;16;KALIMANTAN TIMUR;PASER;TANAH GROGOT;SENAKEN;eyJpdiI6IjFQZWZhbWd3RSsvajVsVnhWbmtLY2c9PSIsInZhbHVlIjoiNmVBdGxSN00yRDRqcldwYVRHMGZxQT09IiwibWFjIjoiMzM3NTVhYThlNzkyYzc3ZWNlZGIxYjMxMmM4OWMyOGE1ZmNhZmM2ZDEwZDg4NzNmNzc1NjI4YWJlOTcxNzkwMiIsInRhZyI6IiJ9;;[Kegiatan Usaha: Menjual perak, Kategori: G, KBLI: 47852];;;;UMKM;;-1.880173333;116.1975783;valid;eyJpdiI6IjRSdlpBbFlHMXZoMXd1VkJpbTRFdVE9PSIsInZhbHVlIjoiR0hrajI0K2hCU3VjWk96Wk9OZi9qQT09IiwibWFjIjoiMWE2ZTRkNzE2ZmI2OGJiOWRkYzEyMTEzYmE1YjYzNDRlYWI4OWM0Y2Q2YTViODY3NGVlMjdmN2JkZmFiY2Q2MyIsInRhZyI6IiJ9;1;FALSE;FALSE;FALSE;-1.880173333;116.1975783;valid;adib.tamtama;;;;;resqa aulia jamaliyah;0;0;0;;;pasar senaken rt 0 rw 0;;47;resqa aulia jamaliyah pasar senaken rt 0 rw 0 kbli47;1;0;1;1;Aktif;Pasar senaken RT 0RW 0;P01;P01;;1;DONE 01/02 - 8.07 PM
12789;55263758;TASWAN;Wil. Pasar senaken, RT 0/RW 0;6401040016;64;1;40;16;KALIMANTAN TIMUR;PASER;TANAH GROGOT;SENAKEN;eyJpdiI6Im9vNXJIaXBnWnRNNmEyM1IxYzUvN3c9PSIsInZhbHVlIjoiRStmSE15U2I4NnZVR29ueTdIcVE0UT09IiwibWFjIjoiMTNiYjI4OTNkYzVjOTg4MmQxZDlhNDdjNGIzODNlNzNlNzU0YWZiMjBiMTc2ZjAwNjQ2YjY5ZGU0NzhmYWJiMSIsInRhZyI6IiJ9;;[Kegiatan Usaha: Menjual ikan basah, Kategori: G, KBLI: 47215];;;;UMKM;;-1.9184728;116.2000617;valid;eyJpdiI6IjZuUXd0ay9SdDJsd2tqZmYzMHo4blE9PSIsInZhbHVlIjoiV3hWUXZ4cUxod0N6dG9vamlnaDA3UT09IiwibWFjIjoiYTg1ODljNDY1ZWQ5NWYyYzlmZjMyYWY0OWE4YjBhN2RhYTJjMDNjMjA0ODA0MmY3YTU5MTJjYTUxZjc5NjJlNiIsInRhZyI6IiJ9;1;FALSE;FALSE;FALSE;-1.9184728;116.2000617;valid;adib.tamtama;;;;;taswan;0;0;0;;;wil pasar senaken rt 0 rw 0;;47;taswan wil pasar senaken rt 0 rw 0 kbli47;1;0;1;0;Aktif;Wil Pasar senaken RT 0RW 0;P01;P01;;1;DONE 01/02 - 8.07 PM
12800;55044658;TOKO MAMA FIA <NOOR SANTI>;PASAR SENAKEN, RT 0/RW 0;6401040009;64;1;40;9;KALIMANTAN TIMUR;PASER;TANAH GROGOT;JONE;eyJpdiI6IkZnMDNNcVhoSnN0YXNDeUZBTVduUVE9PSIsInZhbHVlIjoiK001L3duSFJtWUI4aWJyMHZ4eHhWUT09IiwibWFjIjoiM2ZjOTg3MjA5ZGY1ZTQzNzg2NTVkY2U1MmNkYzNkYjM5ZGM3Y2YzZDA5YTdlN2ZlODFkOWQ2YzhlY2I4M2U4MCIsInRhZyI6IiJ9;;[Kegiatan Usaha: MENJUAL PAKIAN, Kategori: G, KBLI: 47711];;;;UMKM;;-1.873881189;116.1960579;valid;eyJpdiI6IjhKTWxSNFRYUUQzeXNxbGxRWVVjM3c9PSIsInZhbHVlIjoiRkpZRTRqQnRIUFVuMjJJRnVHTWJFUT09IiwibWFjIjoiMjY1MGM1Y2RlZjNkNTljYmYyMjZjZDU5ZmFmZDUyNDNmZmYwYzQ5MjQ4Mjk2NGJkYzk5MjVlNTVhNmFlMjNiMiIsInRhZyI6IiJ9;1;FALSE;FALSE;FALSE;-1.873881189;116.1960579;valid;adib.tamtama;;;;;mama fia noor santi;0;0;0;;;pasar senaken rt 0 rw 0;;47;mama fia noor santi pasar senaken rt 0 rw 0 kbli47;1;0;1;1;Aktif;PASAR SENAKEN RT 0RW 0;P01;P01;;1;DONE 01/02 - 8.07 PM
12811;55156397;ARIF RAHMAN HAKIM;Pasar senaken, RT 0/RW 0;6401040016;64;1;40;16;KALIMANTAN TIMUR;PASER;TANAH GROGOT;SENAKEN;eyJpdiI6InZXNG9uT0FzNDBaTW42NDhPaXJ0cnc9PSIsInZhbHVlIjoiSkhPSmVWcHM0dDRSbUp3MzVSRCtNUT09IiwibWFjIjoiZTViNTNkYTg5NDk4NmUyZDQ1MzAzMzc5MzViZjAxMjA3MWI5N2JmODYyNzRhYzMwMmYzZTExMWUwOTAwYTgxMyIsInRhZyI6IiJ9;;[Kegiatan Usaha: Menjual pakaian, Kategori: G, KBLI: 47711];;;;UMKM;;-1.92319298;116.196056;valid;eyJpdiI6Ino3V25UamJ0d3NwcnVzSU1kNHFWUVE9PSIsInZhbHVlIjoiRUVVSFNha1dqZnZtdDJhVUhuYVhvdz09IiwibWFjIjoiNTJkODc4NGMxN2YzYjllOTA1MDRlNjE1ZjVjZjVkOTAyZTE2ZTZlNDM1ZjdiNmFhYmMxYjcxYjY2MjhmODM5ZiIsInRhZyI6IiJ9;1;FALSE;FALSE;FALSE;-1.92319298;116.196056;valid;adib.tamtama;;;;;arif rahman hakim;0;0;0;;;pasar senaken rt 0 rw 0;;47;arif rahman hakim pasar senaken rt 0 rw 0 kbli47;1;0;1;0;Aktif;Pasar senaken RT 0RW 0;P01;P01;;1;DONE 01/02 - 8.07 PM
12826;55152287;BURHANUDIN;Wilayah pasar senaken, RT 0/RW 0;6401040016;64;1;40;16;KALIMANTAN TIMUR;PASER;TANAH GROGOT;SENAKEN;eyJpdiI6ImYzcldMM21NZTlPcFdBOGFDTUM0eEE9PSIsInZhbHVlIjoibFk2Z1diR1c2Y3JyQlhQQ2xlTm1yZz09IiwibWFjIjoiYzhhNTIwMGYxODJiOWM0YzZjYjgwOWEyOTdmZDUyZDI1MjU1OWY2M2JlZGRmZjhiYjhhNTZiM2NkYmE0MTA3ZCIsInRhZyI6IiJ9;;[Kegiatan Usaha: Menjual sayuRan, Kategori: G, KBLI: 47813];;;;UMKM;;-1.933935197;116.164607;invalid;;;FALSE;FALSE;TRUE;;;invalid;;;;;;burhanudin;0;0;0;;;wilayah pasar senaken rt 0 rw 0;;47;burhanudin wilayah pasar senaken rt 0 rw 0 kbli47;1;0;1;0;Aktif;Wilayah pasar senaken RT 0RW 0;P01;P01;;1;DONE 01/02 - 8.07 PM
12845;55237257;SAYUR MUKOYATI <MUKOYATI>;Pasar senaken hamparan subuh, RT 0/RW 0;6401040016;64;1;40;16;KALIMANTAN TIMUR;PASER;TANAH GROGOT;SENAKEN;eyJpdiI6Ik14ampHU0UwZkd0S29DSWZOUXBtTEE9PSIsInZhbHVlIjoiOXRySFNTN2dEN0hiYkI4NTJXZFgrZz09IiwibWFjIjoiZGFjMzE2ODdlMzk3MTgyMTg0ZjZjZGFiNjk1OTI4MWE1NTA2MTdiNzg0ZjQ0MjUxOTA3ZTUwYzViYTQ5ZmJmOCIsInRhZyI6IiJ9;;[Kegiatan Usaha: Menjual sayur eceran di pasar, Kategori: G, KBLI: 47213];;;;UMKM;;-1.87328559;116.1243651;valid;eyJpdiI6InlHdDd4NGNZTS9RM2V3LzlHbjRlV1E9PSIsInZhbHVlIjoidW9OWWlUZS9JVjJ6aFNVT2YxcXE4Zz09IiwibWFjIjoiY2MzYzRjMjdkNWZmMjYwOGE0YTc2OGMxZjZjY2FmZjU0N2FjYTgwZjk3ZjE1ZGVkN2IxNzVjNmNiYTM5MGYyMyIsInRhZyI6IiJ9;1;FALSE;FALSE;FALSE;-1.87328559;116.1243651;valid;adib.tamtama;;;;;sayur mukoyati mukoyati;0;0;0;;;pasar senaken hamparan subuh rt 0 rw 0;;47;sayur mukoyati mukoyati pasar senaken hamparan subuh rt 0 rw 0 kbli47;1;0;1;1;Aktif;Pasar senaken hamparan subuh RT 0RW 0;P01;P01;;1;DONE 01/02 - 8.07 PM
12864;55075868;RUSMIATI;Wilayah pasar senaken, RT 0/RW 0;6401040016;64;1;40;16;KALIMANTAN TIMUR;PASER;TANAH GROGOT;SENAKEN;eyJpdiI6IjQxSlBtTGE1WVZnTnlKb3FTZjF0a0E9PSIsInZhbHVlIjoiS3BNdkxwOGp1bDZTUmVFWUtyYTRCQT09IiwibWFjIjoiZjM5YWU3MmVlZDQ2YjBjZjJmNjIwNjhmYTJjOGQ0ZGIzNTI2YTc1ZmJhNDVkYmI5MTFjY2ExMTczZjBkOWQwZCIsInRhZyI6IiJ9;;[Kegiatan Usaha: Menjual rempah rempah, Kategori: G, KBLI: 47219];;;;UMKM;;-1.879222289;116.1759215;valid;eyJpdiI6IjVNQXpkVzFLaXVWQW51SVBheDY1Smc9PSIsInZhbHVlIjoiUHZBUVpPdjVwVkpyaFQ2ZnlkVGFxUT09IiwibWFjIjoiOGQ2MjYxOGI3ZTBiZTUzNTQ4YzU3NDRlNGY2NTIzNWRmZTVlNjI3MjFhN2YwOTA1OTQ0YjYzZGJiMjMzMjYxYyIsInRhZyI6IiJ9;1;FALSE;FALSE;FALSE;-1.879222289;116.1759215;valid;adib.tamtama;;;;;rusmiati;0;0;0;;;wilayah pasar senaken rt 0 rw 0;;47;rusmiati wilayah pasar senaken rt 0 rw 0 kbli47;1;0;1;0;Aktif;Wilayah pasar senaken RT 0RW 0;P01;P01;;1;DONE 01/02 - 8.07 PM
12870;55127760;TOKO TAS <MAHMUDAH>;PASAR SENAKEN, RT 0/RW 0;6401040009;64;1;40;9;KALIMANTAN TIMUR;PASER;TANAH GROGOT;JONE;eyJpdiI6IjdTTGduZlJLZjd5bkJKKzl6UnJYRlE9PSIsInZhbHVlIjoiQmZFUTlZVHhLd1laQU13M09Bck9TZz09IiwibWFjIjoiZDBkOTYxNDM4NGZhODUwMDY1NWE5NWQ4ZDc1MWRjYWI4MDdhOTI0ODMwNTM0NzY2YjJiYWE2MmRmYjJlNzI0MiIsInRhZyI6IiJ9;;[Kegiatan Usaha: MENJUAL TAS, Kategori: G, KBLI: 47714];;;;UMKM;;-1.933935197;116.164607;invalid;;;FALSE;FALSE;TRUE;;;invalid;;;;;;tas mahmudah;0;0;0;;;pasar senaken rt 0 rw 0;;47;tas mahmudah pasar senaken rt 0 rw 0 kbli47;1;0;1;1;Aktif;PASAR SENAKEN RT 0RW 0;P01;P01;;1;DONE 01/02 - 8.07 PM
12873;55046656;SEMBAKO FAJRIA <FAJRIA NOR HASANA>;Pasar senaken blok A, RT 0/RW 0;6401040016;64;1;40;16;KALIMANTAN TIMUR;PASER;TANAH GROGOT;SENAKEN;eyJpdiI6IlZFd245ait6TnVqL1RiR0p3Mlk3aVE9PSIsInZhbHVlIjoiQzNMS0JtaGZoT2pTMlpwd0pTQ2E0UT09IiwibWFjIjoiYzZhYWE1N2VlZjc4OWJmNDc2ZDUyYTZlNmMwNWE5ZDM1NzYyZDYzMDUzNzlmYmM1ODI5NDFkNTk2NGUxYzIzYiIsInRhZyI6IiJ9;;[Kegiatan Usaha: Menjual sembako eceran dilapak pasar, Kategori: G, KBLI: 47999];;;;UMKM;;-1.933935197;116.164607;invalid;;;FALSE;FALSE;TRUE;;;invalid;;;;;;sembako fajria fajria nor hasana;0;0;0;;;pasar senaken blok a rt 0 rw 0;;47;sembako fajria fajria nor hasana pasar senaken blok a rt 0 rw 0 kbli47;1;0;1;1;Aktif;Pasar senaken blok A RT 0RW 0;P01;P01;;1;DONE 01/02 - 8.07 PM
12885;55073168;SAYUR SULIMAH <SULIMAH>;Pasar senaken, RT 0/RW 0;6401040016;64;1;40;16;KALIMANTAN TIMUR;PASER;TANAH GROGOT;SENAKEN;eyJpdiI6Im1KenhyZnlmYWJTRnMvQWxuZ1ZSMEE9PSIsInZhbHVlIjoiR2wvTDAxTEwrOGRPTDRUbzZWZlZnQT09IiwibWFjIjoiM2I5NWIzZjNlMWFiMTBmNDM4ZmJkYTMyZjA5Y2ZhZWJiNGMwMDlhNzlhYTRjMGM3YjMwY2VkYTAxMTFkNWEzNyIsInRhZyI6IiJ9;;[Kegiatan Usaha: menjual sayur eceran di lapak pasar, Kategori: G, KBLI: 47213];;;;UMKM;;-1.854713333;116.1488617;valid;;;FALSE;FALSE;TRUE;;;invalid;;;;;;sayur sulimah sulimah;0;0;0;;;pasar senaken rt 0 rw 0;;47;sayur sulimah sulimah pasar senaken rt 0 rw 0 kbli47;1;0;1;1;Aktif;Pasar senaken RT 0RW 0;P01;P01;;1;DONE 01/02 - 8.07 PM
12889;55068988;SALIYAH <SALIYA>;Pasar senaken, RT 0/RW 0;6401040016;64;1;40;16;KALIMANTAN TIMUR;PASER;TANAH GROGOT;SENAKEN;eyJpdiI6IlpqNE9yZm5HTUpPQklpSHhEWHkxeUE9PSIsInZhbHVlIjoiMG5FcEpHNDhtQTFSa3k5amtQN05RZz09IiwibWFjIjoiZTI2Yzg5NmNhZjEwNzdkMTQxNGIwOWFmNjZhNGJiODI0MjFhNTgzMWJmYjQ3YmFiYmQ1ZGRhMTIyMTVhZjg5YSIsInRhZyI6IiJ9;;[Kegiatan Usaha: Penjual minuman es dawet dengan cincau, Kategori: I, KBLI: 56304];;;;UMKM;;-1.933935197;116.164607;invalid;;;FALSE;FALSE;TRUE;;;invalid;;;;;;saliyah saliya;0;0;0;;;pasar senaken rt 0 rw 0;;56;saliyah saliya pasar senaken rt 0 rw 0 kbli56;1;0;1;1;Aktif;Pasar senaken RT 0RW 0;P01;P01;;1;DONE 01/02 - 8.07 PM
12891;55302059;TOKO TAS AWAL <NOR AWALIYAH>;Pasar senaken, RT 0/RW 0;6401040009;64;1;40;9;KALIMANTAN TIMUR;PASER;TANAH GROGOT;JONE;eyJpdiI6IlNYQlcvSFgyejNxZUNPdWFSVXg2RXc9PSIsInZhbHVlIjoiWkFkSDAxZW9mbTNKUWZmRlZ5VVZRQT09IiwibWFjIjoiYWEwNmFiMzE4NzhmZGMzNmI1ZWJhYzk2YmNhZTVhYzRhN2M2ZWU3OTBhZDU0MTk4ZWM1NzZiMDAyMzI2ZmZjYiIsInRhZyI6IiJ9;;[Kegiatan Usaha: Menjual tas, Kategori: G, KBLI: 47714];;;;UMKM;;-1.92137684;116.1898604;valid;eyJpdiI6Ikg4dTZJdVpwN3ZNTHVYaGhHcmJaSlE9PSIsInZhbHVlIjoiMzlCZDVGYzFGd2Fidzh6ZlQ5UEtuZz09IiwibWFjIjoiZTUxN2Q3ZmRhNDBkM2RhZTQyMzMwMThiODRmZDg5ZDgwZTRmODE0ZTQzNjA4MWY3NzU3ZDA5NjNmMDZiMjI4OCIsInRhZyI6IiJ9;1;FALSE;FALSE;FALSE;-1.92137684;116.1898604;valid;adib.tamtama;;;;;tas awal nor awaliyah;0;0;0;;;pasar senaken rt 0 rw 0;;47;tas awal nor awaliyah pasar senaken rt 0 rw 0 kbli47;1;0;1;1;Aktif;Pasar senaken RT 0RW 0;P01;P01;;1;DONE 01/02 - 8.07 PM
12893;55156271;TOKO HAFY <RAHMATULLAH>;PASAR SENAKEN, RT 0/RW 0;6401040009;64;1;40;9;KALIMANTAN TIMUR;PASER;TANAH GROGOT;JONE;eyJpdiI6IndvMjZ3b0huWWp0bzhBbWxLUWd5Ymc9PSIsInZhbHVlIjoibkViTEVuTkV4RVRTOCtRR01PYWNkUT09IiwibWFjIjoiODQzNGE3OTJlZjRjM2Q3ODcyNDQ0NzFhYTNjOWRkMTk3MTQ5MmE0OTg4YmFiNTA1MDQ3YWQ2NWRhZTk4MWNhYiIsInRhZyI6IiJ9;;[Kegiatan Usaha: MENJUAL PAKAIAN, Kategori: G, KBLI: 47711];;;;UMKM;;-1.933935197;116.164607;invalid;;;FALSE;FALSE;TRUE;;;invalid;;;;;;hafy rahmatullah;0;0;0;;;pasar senaken rt 0 rw 0;;47;hafy rahmatullah pasar senaken rt 0 rw 0 kbli47;1;0;1;1;Aktif;PASAR SENAKEN RT 0RW 0;P01;P01;;1;DONE 01/02 - 8.07 PM
12895;55072281;JUMINAH;Pasar senaken, RT 0/RW 0;6401040016;64;1;40;16;KALIMANTAN TIMUR;PASER;TANAH GROGOT;SENAKEN;eyJpdiI6IjNHalI3WFhSUXZmQ1dkbW5ka0o4U1E9PSIsInZhbHVlIjoiVWc5aVpwVEZ1eXpEZlVTWGRhWkhGQT09IiwibWFjIjoiNmIxMTAxZTY4ODUyZDQwMWIzODk3OWM0NDZkYjI3OWM5MTk5ZThkZDFlMDlmYmMzMjY1YTY2ZTA5YmE3ZmI2MiIsInRhZyI6IiJ9;;[Kegiatan Usaha: Menjual sayur nangka, Kategori: I, KBLI: 56103];;;;UMKM;;-1.842550027;116.2387563;valid;eyJpdiI6ImloWHhlWXcxcm9iaFFXQXl0a2tCZEE9PSIsInZhbHVlIjoiM3VtY3V2aUo0V2dOalU5K2xqNWVwUT09IiwibWFjIjoiMThlYzE5YWI3OGEzZWU5ZmUxZjhmNzc1NzU0NDUyZmUyN2U4ZmYxNDZlNTU0ZDNiNzE1NmY4YjY5ODYzYjllNiIsInRhZyI6IiJ9;1;FALSE;FALSE;FALSE;-1.842550027;116.2387563;valid;adib.tamtama;;;;;juminah;0;0;0;;;pasar senaken rt 0 rw 0;;56;juminah pasar senaken rt 0 rw 0 kbli56;1;0;1;0;Aktif;Pasar senaken RT 0RW 0;P01;P01;;1;DONE 01/02 - 8.07 PM
12896;55236967;TK. MAMA PUTRI <MASRATU>;Pasar senaken, RT 0/RW 0;6401040009;64;1;40;9;KALIMANTAN TIMUR;PASER;TANAH GROGOT;JONE;eyJpdiI6ImNlamEyWmQ5M0xPV2o3UU51NnZnNEE9PSIsInZhbHVlIjoiZVNLenN6MmUyMTJlNzhVREFrZVQrdz09IiwibWFjIjoiMDc0NTg4NDNkMjgzNGVlYTQ1YjIxZGZkODQzN2RhZmI1YTk2M2RlMDQ1M2ZmZDExMDhmOGNmYzlhYmIzMzQxNiIsInRhZyI6IiJ9;;[Kegiatan Usaha: MENJUAL PAKAIAN, Kategori: G, KBLI: 47711];;;;UMKM;;-1.933935197;116.164607;invalid;;;FALSE;FALSE;TRUE;;;invalid;;;;;;tk mama putri masratu;0;0;0;;;pasar senaken rt 0 rw 0;;47;tk mama putri masratu pasar senaken rt 0 rw 0 kbli47;1;0;1;1;Aktif;Pasar senaken RT 0RW 0;P01;P01;;1;DONE 01/02 - 8.07 PM
12908;55153817;PUTRI SUCI AGUSTIN;wil.pasar senaken, RT 0/RW 0;6401040016;64;1;40;16;KALIMANTAN TIMUR;PASER;TANAH GROGOT;SENAKEN;eyJpdiI6IitaVkZuS2lOM2hzUm9oNDRvWjdlV3c9PSIsInZhbHVlIjoiUFhCTDR3bFdrZGRmckZtL0dnZ21adz09IiwibWFjIjoiOWMxYTVjY2U2ZTI1MTAzZjRiYTc5YTM5ODRkYzU4NzZmMzYwYTI1ZmFkZjMxOTBiNjVhZjIxMWMzOWEyY2IxZiIsInRhZyI6IiJ9;;[Kegiatan Usaha: menjual bawang merah dan aneka sayur, Kategori: G, KBLI: 47213];;;;UMKM;;-1.902206667;116.2134367;valid;eyJpdiI6IjBzYTZBY2h5eTU4S3VyVUQ3YWtXdWc9PSIsInZhbHVlIjoiM2V2RTdYcmdSZi9IQnNzS1QrSEtLUT09IiwibWFjIjoiZjEzZTA1NDZiNjViYmQ4NDcyYTY1NWEzNDJlZjIyZjJmYzNlNTAxYTBlYTcyZjM0YzZiZjJlNWZmZDk4NWUzMCIsInRhZyI6IiJ9;1;FALSE;FALSE;FALSE;-1.902206667;116.2134367;valid;adib.tamtama;;;;;putri suci agustin;0;0;0;;;wil pasar senaken rt 0 rw 0;;47;putri suci agustin wil pasar senaken rt 0 rw 0 kbli47;1;0;1;0;Aktif;wilpasar senaken RT 0RW 0;P01;P01;;1;DONE 01/02 - 8.07 PM
12937;55103425;M.IQBAL;Pasar senaken, RT 0/RW 0;6401040016;64;1;40;16;KALIMANTAN TIMUR;PASER;TANAH GROGOT;SENAKEN;eyJpdiI6IjV2SVlPQVpRaXZtME5sMHNQQVg1eHc9PSIsInZhbHVlIjoiVmdhZUc4UE5RRVQzYm9UUVErbTVRQT09IiwibWFjIjoiZjU1YTRjMDU1YTQzYTQ0ZTZlODQ4NDkyNjI2M2ZmZGE3NDZiYTllNDIxMzM0ZmQxMjAwN2NkNTJjZjNhMzNjNyIsInRhZyI6IiJ9;;[Kegiatan Usaha: Menjual pakaian, Kategori: G, KBLI: 47711];;;;UMKM;;-1.91521282;116.1938897;valid;eyJpdiI6IjB1NzhFcGZQOGoyOWdFc2RSQnR0Q2c9PSIsInZhbHVlIjoiWFh1ajBOUDdOcEh6Zktic1FoL1NUdz09IiwibWFjIjoiZjFkM2FiY2YwODdhOTViMWU5MGY0YTBiNjNiODRhMTMxMTdkZTc4NDY3OTViYThkOWMzYjRlYTFhOTg1N2MwMiIsInRhZyI6IiJ9;1;FALSE;FALSE;FALSE;-1.91521282;116.1938897;valid;adib.tamtama;;;;;m iqbal;0;0;0;;;pasar senaken rt 0 rw 0;;47;m iqbal pasar senaken rt 0 rw 0 kbli47;1;0;1;0;Aktif;Pasar senaken RT 0RW 0;P01;P01;;1;DONE 01/02 - 8.07 PM
12940;55152216;TK. FAHRUL <FACHRUL>;Pasar senaken, RT 0/RW 0;6401040016;64;1;40;16;KALIMANTAN TIMUR;PASER;TANAH GROGOT;SENAKEN;eyJpdiI6InJwYWZuelE3Y0RxZmpSWkFoVDFFY0E9PSIsInZhbHVlIjoibzlCbGhVbDhGRkt4SXQ1TDdBL1kyZz09IiwibWFjIjoiN2ZhMzg4Nzk1Y2NiOGE5YjJkYjZmMWQ5YjJjYzQ5N2MyYmNmYmRlNDA3N2E1MGRjZTIxMDY4OGM4MjY1NDRkMSIsInRhZyI6IiJ9;;[Kegiatan Usaha: Menjual tas, Kategori: G, KBLI: 47714];;;;UMKM;;-1.933935197;116.164607;invalid;;;FALSE;FALSE;TRUE;;;invalid;;;;;;tk fahrul fachrul;0;0;0;;;pasar senaken rt 0 rw 0;;47;tk fahrul fachrul pasar senaken rt 0 rw 0 kbli47;1;0;1;1;Aktif;Pasar senaken RT 0RW 0;P01;P01;;1;DONE 01/02 - 8.07 PM
12942;55181174;BAHRUNI;Pasar senaken, RT 0/RW 0;6401040016;64;1;40;16;KALIMANTAN TIMUR;PASER;TANAH GROGOT;SENAKEN;eyJpdiI6Ijd1QUMvVFBPVUp5Sm5ycC8yT1d0UkE9PSIsInZhbHVlIjoiNVByajByY1R1TFV1UE5XTXV2VFZhdz09IiwibWFjIjoiMGUxYTRkYTVhNjk1YWYyOWM2ZDM0ODY4M2RjYWRmMDU5ZGFkOWIxZjJiZDczNDk1ODRhZjFlZTE5ZDU0YmUxMyIsInRhZyI6IiJ9;;[Kegiatan Usaha: Menjual pakaian, Kategori: G, KBLI: 47711];;;;UMKM;;-2.364385568;115.2648898;valid;eyJpdiI6ImlsTVIyaWlaYmJ0NTBLWXN1a3BCU3c9PSIsInZhbHVlIjoiSzdDbWI5cWlWR3FoOXJsc2hVc1ovUT09IiwibWFjIjoiODk5NzgzMDY5MTE2YjQxYzU3ZDkxMDYzNDc1Y2VmYzlkNmU0MWM3NmU0ZmFjMWZmYjk3NTFjYzNjMmFhNDVhZiIsInRhZyI6IiJ9;1;FALSE;FALSE;FALSE;-2.364385568;115.2648898;valid;adib.tamtama;;;;;bahruni;0;0;0;;;pasar senaken rt 0 rw 0;;47;bahruni pasar senaken rt 0 rw 0 kbli47;1;0;1;0;Aktif;Pasar senaken RT 0RW 0;P01;P01;;1;DONE 01/02 - 8.07 PM
12956;55103683;YANA BUSANA <ANDRIANI FITRI>;Pasar senaken, RT 0/RW 0;6401040016;64;1;40;16;KALIMANTAN TIMUR;PASER;TANAH GROGOT;SENAKEN;eyJpdiI6ImhYMnZzRHBCWFUrTU9VZGFEOXRadUE9PSIsInZhbHVlIjoiNUlCWjRvNUZaS1VjN2JhcFdsdzlIdz09IiwibWFjIjoiZDQ4MjJhZmYzMzMyYjJkZWY5ZjU2YTUwODAxNDk2Y2Q4OGNjNTQzMGY0YTkzYjhmYmFlYzBiMjJiNmZhNjFjZCIsInRhZyI6IiJ9;;[Kegiatan Usaha: Menjual Pakaian, Kategori: G, KBLI: 47711];;;;UMKM;;-1.912020822;116.1883552;valid;eyJpdiI6IlQvUlNkMzNFeE1FdnU1WDJFajNTcHc9PSIsInZhbHVlIjoiQnpEQlRmOGJ2ZGhZc2syaytnWnR2QT09IiwibWFjIjoiNjhiMjAwMzUyZWE5MzRjMGViYzY0YWM4YWU2NmFhZmUyYmExZDEwMDdkNjVmZmQ3YTdmNmRmYTk3YzBiMTM2NCIsInRhZyI6IiJ9;1;FALSE;FALSE;FALSE;-1.912020822;116.1883552;valid;adib.tamtama;;;;;yana busana andriani fitri;0;0;0;;;pasar senaken rt 0 rw 0;;47;yana busana andriani fitri pasar senaken rt 0 rw 0 kbli47;1;0;1;1;Aktif;Pasar senaken RT 0RW 0;P01;P01;;1;DONE 01/02 - 8.07 PM
12957;55237358;TOKO RISKIYAH <NINA HARTINI>;Pasar senaken, RT 0/RW 0;6401040009;64;1;40;9;KALIMANTAN TIMUR;PASER;TANAH GROGOT;JONE;eyJpdiI6IlVrRjJnVjc3WHA0M1hFcXVad0lDWkE9PSIsInZhbHVlIjoiWWV4Y3FGc2xYWGpncmpMOWVWQnFNQT09IiwibWFjIjoiMzQxNzQ0YjU5NDdmYzRmNzAxNGI0NTg2NTM0OGVlZmI1ZWE4YWNmNWMyZTMxMzRlODY4YjcxYTM4YWRlMTQ1MiIsInRhZyI6IiJ9;;[Kegiatan Usaha: MENJUAL PAKAIAN, Kategori: G, KBLI: 47711];;;;UMKM;;-1.92023271;116.1968339;valid;eyJpdiI6ImdlQVhGMmNwQ0plT1RPeVVvdU9USkE9PSIsInZhbHVlIjoiNnVsa2kwZkZEUytSZzRySFBBSy9jdz09IiwibWFjIjoiYTFhYjliYTAzNDhhOWQ4ZjAxMTUwMTk3Mjk0OWM2MzdmNjFlYmZkYjdhMTUwNjFhZWRlOTg4YWUyYTEwMjc2OSIsInRhZyI6IiJ9;1;FALSE;FALSE;FALSE;-1.92023271;116.1968339;valid;adib.tamtama;;;;;riskiyah nina hartini;0;0;0;;;pasar senaken rt 0 rw 0;;47;riskiyah nina hartini pasar senaken rt 0 rw 0 kbli47;1;0;1;1;Aktif;Pasar senaken RT 0RW 0;P01;P01;;1;DONE 01/02 - 8.07 PM
12960;55045669;TOKO SINAR ABADI <MULIYANA>;Pasar senaken, RT 0/RW 0;6401040009;64;1;40;9;KALIMANTAN TIMUR;PASER;TANAH GROGOT;JONE;eyJpdiI6ImU1Q1g2M2l4ZkhwK2svSkJjdVpFZlE9PSIsInZhbHVlIjoiUzNEMGFqcU93UjMxKzFxTjRQaFlYdz09IiwibWFjIjoiZTljYTg4NmEyYWVmYjYyMGU4NDU1ZTEyOWQ2Y2U5NWU0MTRmYzRkNWE1Y2M3YmNhNDA0YWQ5ZTJmOWI5ZWIwZSIsInRhZyI6IiJ9;;[Kegiatan Usaha: Menjual pakaian, Kategori: G, KBLI: 47711];;;;UMKM;;-1.9143987;116.1962649;valid;eyJpdiI6Im1FMFhMM2d5U3JUejZwbGJ3WWQ0RFE9PSIsInZhbHVlIjoiYkFlY2xvaFBCYTZ1b0Q2SXZsN3lrZz09IiwibWFjIjoiYTMxZTA4NWMwM2VkNDY3MTlmNmE1YTZiZWIwYjY1MDU1ODBiNDQwNjI2NmRmOTNhOGI0Y2Y1ZTk1ZmRmODJlZiIsInRhZyI6IiJ9;1;FALSE;FALSE;FALSE;-1.9143987;116.1962649;valid;adib.tamtama;;;;;sinar abadi muliyana;0;0;0;;;pasar senaken rt 0 rw 0;;47;sinar abadi muliyana pasar senaken rt 0 rw 0 kbli47;1;0;1;1;Aktif;Pasar senaken RT 0RW 0;P01;P01;;1;DONE 01/02 - 8.07 PM
12967;55077171;PARUT KELAPA SAMSUDDIN <SAMSUDDIN>;Pasar senaken, RT 0/RW 0;6401040016;64;1;40;16;KALIMANTAN TIMUR;PASER;TANAH GROGOT;SENAKEN;eyJpdiI6Im5ZcUtLTktRQkxBaUtGQ2pmTFRuVWc9PSIsInZhbHVlIjoicGREQWJmYWw5UENmazlsbnh0WUllZz09IiwibWFjIjoiNDY4OWIxYzMzNTQzY2ZiMGU4NTAyZmE2ZGNjYzE0NWYxYWY1MDBkMmIzOWI4NTNjZTg5ZDBkMTc1NDcyMGZmYiIsInRhZyI6IiJ9;;[Kegiatan Usaha: parut kelapa di lapak pasar, Kategori: C, KBLI: 10773];;;;UMKM;;-1.933935197;116.164607;invalid;;;FALSE;FALSE;TRUE;;;invalid;;;;;;parut kelapa samsuddin samsuddin;0;0;0;;;pasar senaken rt 0 rw 0;;10;parut kelapa samsuddin samsuddin pasar senaken rt 0 rw 0 kbli10;1;0;1;1;Aktif;Pasar senaken RT 0RW 0;P01;P01;;1;DONE 01/02 - 8.07 PM
12969;55075414;MAKANAN RINGAN <SAMSURI>;Pasar senaken blok warung makan no 01, RT 0/RW 0;6401040016;64;1;40;16;KALIMANTAN TIMUR;PASER;TANAH GROGOT;SENAKEN;eyJpdiI6ImFtVStSdzd2eUVJWHV2c2lvNU8xaWc9PSIsInZhbHVlIjoiWW4rODZSQ08vTEZwc05hcTI2aHg1dz09IiwibWFjIjoiYWQwYjc2MjM0MzE1NDgxZTFiOWNmMzgzY2FkNzAxNzFiYjdkZTRhOTBlNWUzZTNjYjJmOGNkMTZjMTYyNmMyYSIsInRhZyI6IiJ9;;[Kegiatan Usaha: Menjual makanan ringan di toko, Kategori: G, KBLI: 47242];;;;UMKM;;-1.90085;116.2102083;valid;eyJpdiI6ImlPL1ZOekg3ZHpCbHhlSmhLSVR4aHc9PSIsInZhbHVlIjoiM3BKLytPMzZvZnFYc1RVR2NDWmtrQT09IiwibWFjIjoiMGZjYTdkZmMxYjE0Njg1NDJiZWY0ZDU5NTNjMWNkMTVlNWJlODgxMmM0MTAxNjU0NzExMGE4ZjNjMzE1MjAyOCIsInRhZyI6IiJ9;1;FALSE;FALSE;FALSE;-1.90085;116.2102083;valid;adib.tamtama;;;;;makanan ringan samsuri;0;0;0;;;pasar senaken blok warung makan no 01 rt 0 rw 0;;47;makanan ringan samsuri pasar senaken blok warung makan no 01 rt 0 rw 0 kbli47;1;0;1;1;Aktif;Pasar senaken blok warung makan no 01 RT 0RW 0;P01;P01;;1;DONE 01/02 - 8.07 PM
12973;55046155;TOKO MARIYANI <MARIANI>;Pasar senaken, RT 0/RW 0;6401040009;64;1;40;9;KALIMANTAN TIMUR;PASER;TANAH GROGOT;JONE;eyJpdiI6IlgyNFlEWFgzZlZnZXp2ZkI0WVQvNUE9PSIsInZhbHVlIjoiL2tNUkxMZXNKWDVpVzBMZnJzdTlaQT09IiwibWFjIjoiYzE2NDZiY2FhNTg0ODFjMTIyNDQ3MzMyOTExYmY5YWMwMmIxOTBhNDFkY2QwNTA3MDkzYWQwNTY4ODVmNzRmOCIsInRhZyI6IiJ9;;[Kegiatan Usaha: MENJUAL PAKAIAN, Kategori: G, KBLI: 47711];;;;UMKM;;-1.933935197;116.164607;invalid;;;FALSE;FALSE;TRUE;;;invalid;;;;;;mariyani mariani;0;0;0;;;pasar senaken rt 0 rw 0;;47;mariyani mariani pasar senaken rt 0 rw 0 kbli47;1;0;1;1;Aktif;Pasar senaken RT 0RW 0;P01;P01;;1;DONE 01/02 - 8.07 PM
12980;55077282;SUKA;wil. pasar senaken, RT 0/RW 0;6401040016;64;1;40;16;KALIMANTAN TIMUR;PASER;TANAH GROGOT;SENAKEN;eyJpdiI6IjRQZk1PdEVES1VQODBUWGRMMlNxdGc9PSIsInZhbHVlIjoiVkExcCttQWRuRTZ6QjBUVGgwY3oxQT09IiwibWFjIjoiOWEwYjY4Yzc3NTBmOTAyODY4MWYxZjc4MTA0ZDIxOTc4MzRlNTc0NGRmMzcwNzE2Njk5MGNlNmY3M2Q0YTliZSIsInRhZyI6IiJ9;;[Kegiatan Usaha: menjual sembako campuran, Kategori: G, KBLI: 47827];;;;UMKM;;-1.90099;116.226855;valid;eyJpdiI6Im9mUXZ0N04zcmxqQTlwUFJGV3BHa3c9PSIsInZhbHVlIjoiVk1HUzh5NmJrRm55RjVLS3pKUmFudz09IiwibWFjIjoiMWM4YTc5YzQ0ODg3NDQ1MWIzNDYwNWIwZjNiZWU5NzVkMjY2MjZlMWIyZGI0MTEwNDY0M2Y1YmNkNDc2YjYwMyIsInRhZyI6IiJ9;1;FALSE;FALSE;FALSE;-1.90099;116.226855;valid;adib.tamtama;;;;;suka;0;0;0;;;wil pasar senaken rt 0 rw 0;;47;suka wil pasar senaken rt 0 rw 0 kbli47;1;0;1;0;Aktif;wil pasar senaken RT 0RW 0;P01;P01;;1;DONE 01/02 - 8.07 PM
12996;55127865;PLASTIK NIKMAT <NIKMAT>;Pasar senaken, RT 0/RW 0;6401040016;64;1;40;16;KALIMANTAN TIMUR;PASER;TANAH GROGOT;SENAKEN;eyJpdiI6IkVQT3FSSmhmUndhRGtSWStlOGJXM2c9PSIsInZhbHVlIjoiM0lYWUFvU3FkdG5JdXQ4TDJGUjhaQT09IiwibWFjIjoiMWFhMDJhOTkxODcyYmEyZGRlOTAwMzk5OTg0M2YxZDM2YTJkNGYzNDIzNGUxNGFjMmI1NTI2MzM3OWY4NDg0NyIsInRhZyI6IiJ9;;[Kegiatan Usaha: Menjual kantong plastik eceran di lapak pasar, Kategori: G, KBLI: 47737];;;;UMKM;;-1.899971667;116.20465;valid;;;FALSE;FALSE;TRUE;;;invalid;;;;;;plastik nikmat nikmat;0;0;0;;;pasar senaken rt 0 rw 0;;47;plastik nikmat nikmat pasar senaken rt 0 rw 0 kbli47;1;0;1;1;Aktif;Pasar senaken RT 0RW 0;P01;P01;;1;DONE 01/02 - 8.07 PM
13001;55264098;TOKO  MAMA HUSNA <LINNY>;Pasar senaken, RT 0/RW 0;6401040009;64;1;40;9;KALIMANTAN TIMUR;PASER;TANAH GROGOT;JONE;eyJpdiI6IkNSTmVRYW1rK0ZDTjBDYkkrZ1g3c3c9PSIsInZhbHVlIjoiSEoyZ3MrMENaeVZTRTRuejEwcW0vUT09IiwibWFjIjoiY2FlZjdjOTNlMzY0YWI3YjY4YmEzM2VkYzRhZTk5NDUzMzA3M2ZhMTgxODcxNTBjZWQ1MzM4NDllMGQ1NGRkNCIsInRhZyI6IiJ9;;[Kegiatan Usaha: Menjual pakaian, Kategori: G, KBLI: 47711];;;;UMKM;;-1.9213687;116.1883019;valid;eyJpdiI6IkhOU0hGcEZtaHo3dU84aHhPTFVUNmc9PSIsInZhbHVlIjoiYzc0cGFFQi83enU4Nm1nQUp3anMrdz09IiwibWFjIjoiZDZmZjE5YTlmNmU4MzA3MGExYjEzMzMwYTU3ZTc0ZjA5MTY2MmY5MDJhMmNmZjMwMTEzZjRhYzA2YmYwMjUwNCIsInRhZyI6IiJ9;1;FALSE;FALSE;FALSE;-1.9213687;116.1883019;valid;adib.tamtama;;;;;mama husna linny;0;0;0;;;pasar senaken rt 0 rw 0;;47;mama husna linny pasar senaken rt 0 rw 0 kbli47;1;0;1;1;Aktif;Pasar senaken RT 0RW 0;P01;P01;;1;DONE 01/02 - 8.07 PM
13002;55101011;SAYUR ARBAIYAH <ARBAIYAH>;Pasar senaken, RT 0/RW 0;6401040016;64;1;40;16;KALIMANTAN TIMUR;PASER;TANAH GROGOT;SENAKEN;eyJpdiI6IkpzekQ5d0NWNGZnVHVtUXdkUWZRQ3c9PSIsInZhbHVlIjoiN3BUdkxmbndVL2Q4ZjNOT2Zjaklqdz09IiwibWFjIjoiNTk3ODRkMGM0MTk1YmQ4NzU4YThkNjA2OWNkNTJhZjhiMzlmMWY1NDFmOTYwNDkzNTVhMWI5MmFhYTcyZmY0OSIsInRhZyI6IiJ9;;[Kegiatan Usaha: Menjual sayur eceran di lapak pasar, Kategori: G, KBLI: 47213];;;;UMKM;;-1.933935197;116.164607;invalid;;;FALSE;FALSE;TRUE;;;invalid;;;;;;sayur arbaiyah arbaiyah;0;0;0;;;pasar senaken rt 0 rw 0;;47;sayur arbaiyah arbaiyah pasar senaken rt 0 rw 0 kbli47;1;0;1;1;Aktif;Pasar senaken RT 0RW 0;P01;P01;;1;DONE 01/02 - 8.07 PM
13009;55121691;TOKO YASMIN <RIZKA AZKIYA>;Pasar senaken, RT 0/RW 0;6401040009;64;1;40;9;KALIMANTAN TIMUR;PASER;TANAH GROGOT;JONE;eyJpdiI6IlhaTXBWQ0ZtSlEwK3pRU0t6WllkM2c9PSIsInZhbHVlIjoieWlTblpBYjEyL0ZPOVMvOS9JU0t3QT09IiwibWFjIjoiYTA4NTA3YTE0OTQ2YTk0M2MwNzM2NGYzM2ExZmFhNWQ0ZTI3NDhlYTI2N2IzODNlNDAzZGIwMDE0NWQxMTdmNiIsInRhZyI6IiJ9;;[Kegiatan Usaha: Menjual pakaian, Kategori: G, KBLI: 47711];;;;UMKM;;-1.933935197;116.164607;invalid;;;FALSE;FALSE;TRUE;;;invalid;;;;;;yasmin rizka azkiya;0;0;0;;;pasar senaken rt 0 rw 0;;47;yasmin rizka azkiya pasar senaken rt 0 rw 0 kbli47;1;0;1;1;Aktif;Pasar senaken RT 0RW 0;P01;P01;;1;DONE 01/02 - 8.07 PM
13015;55121639;SERIYAH;Pasar senaken, RT 0/RW 0;6401040016;64;1;40;16;KALIMANTAN TIMUR;PASER;TANAH GROGOT;SENAKEN;eyJpdiI6IkZSaHh1d1EzeDd6Z0Jpa0Y2NjFmMEE9PSIsInZhbHVlIjoiaWpuR2J3N3N1ZXlobkFsYStubFlSdz09IiwibWFjIjoiNjBiOTc4MWNjMDk4MmYxN2Q5MTBjZDllY2RiM2UwMzM5MjhjNjJlZGQzYzI5Zjc5MzNiMDcwYTJiOWRlMGExNCIsInRhZyI6IiJ9;;[Kegiatan Usaha: Menjual Pakaian, Kategori: G, KBLI: 47711];;;;UMKM;;-1.91919128;116.1869301;valid;eyJpdiI6Ik14NWxuaVgzM29kVnp0RXJaTzE2ZVE9PSIsInZhbHVlIjoiK094YVRpVFArdkxqWUw4d3k0S0IrUT09IiwibWFjIjoiNGQ5YzU4Zjg3ZDFmZTEwZGFlMjI0NjJhMDNhN2YxYjAyZmQ3YWY0ZTM3MmE3ZmZiYTdkZGUxZTkxYmQ4OGNhZSIsInRhZyI6IiJ9;1;FALSE;FALSE;FALSE;-1.91919128;116.1869301;valid;adib.tamtama;;;;;seriyah;0;0;0;;;pasar senaken rt 0 rw 0;;47;seriyah pasar senaken rt 0 rw 0 kbli47;1;0;1;0;Aktif;Pasar senaken RT 0RW 0;P01;P01;;1;DONE 01/02 - 8.07 PM
13018;55238521;SUHARTI;wilayah pasar senaken, RT 0/RW 0;6401040016;64;1;40;16;KALIMANTAN TIMUR;PASER;TANAH GROGOT;SENAKEN;eyJpdiI6IlNyWjlMQnlkSExTV1U3b3l1TDEvOWc9PSIsInZhbHVlIjoiYi9WcDJ0OWt0bnNYdzNVa1F6Mlh2Zz09IiwibWFjIjoiNWRkZDhhMWIyZTBlOTZjODFiOWUzZGM5MjIxMDI3YzY3NDhiMzRjZTZkNjlhZDA5MWViMjhlZTQ4NmU1ZDViYSIsInRhZyI6IiJ9;;[Kegiatan Usaha: menjual cenil dan getuk, Kategori: I, KBLI: 56102];;;;UMKM;;-1.900908333;116.2041483;valid;;;FALSE;FALSE;TRUE;;;invalid;;;;;;suharti;0;0;0;;;wilayah pasar senaken rt 0 rw 0;;56;suharti wilayah pasar senaken rt 0 rw 0 kbli56;1;0;1;0;Aktif;wilayah pasar senaken RT 0RW 0;P01;P01;;1;DONE 01/02 - 8.07 PM
13024;55076954;TOKO EDY <EDY KURNIAWAN>;PASAR SENAKEN, RT 0/RW 0;6401040009;64;1;40;9;KALIMANTAN TIMUR;PASER;TANAH GROGOT;JONE;eyJpdiI6Ik9IN0NmUTRuSU9lTUVIeFB3Ly81NXc9PSIsInZhbHVlIjoicU1hcEtqR2RLRzJuaHkyOTRHYU9VQT09IiwibWFjIjoiMDI0ZGQ1MGVhMmY1NzJkZjgxZTA3YzI1NTAyNmNhZDNhNjNjNmM1ZjE4ZmM1YWY5MmNjNDljNGI2ODRkNDFjYyIsInRhZyI6IiJ9;;[Kegiatan Usaha: MENJUAL PAKAIAN, Kategori: G, KBLI: 47711];;;;UMKM;;-1.933935197;116.164607;invalid;;;FALSE;FALSE;TRUE;;;invalid;;;;;;edy edy kurniawan;0;0;0;;;pasar senaken rt 0 rw 0;;47;edy edy kurniawan pasar senaken rt 0 rw 0 kbli47;1;0;1;1;Aktif;PASAR SENAKEN RT 0RW 0;P01;P01;;1;DONE 01/02 - 8.07 PM
13035;55152946;ISNAENI;wil. pasar senaken, RT 0/RW 0;6401040016;64;1;40;16;KALIMANTAN TIMUR;PASER;TANAH GROGOT;SENAKEN;eyJpdiI6ImVRM2dOUFVNdE1lSnYzS0dFNDQ3L1E9PSIsInZhbHVlIjoiY0lpTWVxcWdCZE1DSU5NN0hCOGNidz09IiwibWFjIjoiZmU1ODZkYTFmNjlkYTJkYTk3YWQyN2U0M2Q3N2I1NDU4MDY3ZDFjYTM1YzQ4YjFiMzgwZDg3ZjU5NzE0NmY0MiIsInRhZyI6IiJ9;;[Kegiatan Usaha: menjual sayur eceran, Kategori: G, KBLI: 47813];;;;UMKM;;-1.83805226;116.2401803;valid;eyJpdiI6IkdvT0srSXEzM1RYNlg5MUFNbmZ2OGc9PSIsInZhbHVlIjoiUEdBMnhqZmJTWXZySEtlc3FUb1NXQT09IiwibWFjIjoiYzljODNlZTYyMzlkNDZhYTcwMTZmMTg4YTA0YmRlMDcxZGFkZTVjN2JlZTU0NjRkYThjNTFiOWI1NGIyMjA2OSIsInRhZyI6IiJ9;1;FALSE;FALSE;FALSE;-1.83805226;116.2401803;valid;adib.tamtama;;;;;isnaeni;0;0;0;;;wil pasar senaken rt 0 rw 0;;47;isnaeni wil pasar senaken rt 0 rw 0 kbli47;1;0;1;0;Aktif;wil pasar senaken RT 0RW 0;P01;P01;;1;DONE 01/02 - 8.07 PM
13040;55123054;SAYUR INDO <INDO SENGNGENG>;Pasar senaken, RT 0/RW 0;6401040016;64;1;40;16;KALIMANTAN TIMUR;PASER;TANAH GROGOT;SENAKEN;eyJpdiI6IkcwNjVFMG9mV0pLdVZWdUFIaXNuckE9PSIsInZhbHVlIjoid3BPeStEY3ZXNXFNV1NHMzhwamIyZz09IiwibWFjIjoiMGM4Mjg2ZGJhN2UxYWZlNmNlMzc4NmY3MGRkMTc1NDI4ZWZmMjExNjg3NmMxMmYwNWNkODgzMjYxNjYwNTQ0YiIsInRhZyI6IiJ9;;[Kegiatan Usaha: Menjual sayur eceran di pasar, Kategori: G, KBLI: 47213];;;;UMKM;;-1.933935197;116.164607;invalid;;;FALSE;FALSE;TRUE;;;invalid;;;;;;sayur indo indo sengngeng;0;0;0;;;pasar senaken rt 0 rw 0;;47;sayur indo indo sengngeng pasar senaken rt 0 rw 0 kbli47;1;0;1;1;Aktif;Pasar senaken RT 0RW 0;P01;P01;;1;DONE 01/02 - 8.07 PM
13043;55069801;TK. AQILA <MITA SUKMA DEWI>;Pasar senaken, RT 0/RW 0;6401040016;64;1;40;16;KALIMANTAN TIMUR;PASER;TANAH GROGOT;SENAKEN;eyJpdiI6ImFuY1YzN3QyMVFRaFpEdTYwQThyNnc9PSIsInZhbHVlIjoidkdGMkpnMGlZNnpweU9MT2lPTjIwQT09IiwibWFjIjoiMzU0ZWE1MTVjMDQ0MzZhMGEyY2Q3OTEwMDEwM2NkZGU0NmZkYmRkM2NlODlmMzcyZmYyYzBmMjg2MGIzNjk3ZiIsInRhZyI6IiJ9;;[Kegiatan Usaha: Menjual pakaian, Kategori: G, KBLI: 47711];;;;UMKM;;-1.933935197;116.164607;invalid;;;FALSE;FALSE;TRUE;;;invalid;;;;;;tk aqila mita sukma dewi;0;0;0;;;pasar senaken rt 0 rw 0;;47;tk aqila mita sukma dewi pasar senaken rt 0 rw 0 kbli47;1;0;1;1;Aktif;Pasar senaken RT 0RW 0;P01;P01;;1;DONE 01/02 - 8.07 PM
13048;55122814;UJANG AHMAD ANDRIYAWAN;Wil. Pasar senaken, RT 0/RW 0;6401040016;64;1;40;16;KALIMANTAN TIMUR;PASER;TANAH GROGOT;SENAKEN;eyJpdiI6IkFKY2llWHhNOGNDL1lIdEcycWNHamc9PSIsInZhbHVlIjoiaHJNNHMwUXhlb1FEL2pqV3hRVWEyZz09IiwibWFjIjoiODk2NWZhN2ExYzJlYzc2ZTNiMDA2NzVjYmMxN2I1YWQ1NjJlODIzMTQzNmVkMDA3NTY1NWFjZTk5MzgyMzkzOSIsInRhZyI6IiJ9;;[Kegiatan Usaha: Menjual kue keliling, Kategori: G, KBLI: 47822];;;;UMKM;;-6.369260853;107.0976864;valid;eyJpdiI6IlhEMnI1N2tNT3NHZlQ2OXExa0YwY2c9PSIsInZhbHVlIjoicTRvd2pHYkgwL1VzV2ZmTDhHeWpLUT09IiwibWFjIjoiZjE4YTcxZjgxODg3YjA5MDQ0ODIwYmUzY2Y5NDcxZDE3MDI1NGY5MzM1NzAwNGIwNWYxZTYzZmY1OTBmMjMzZiIsInRhZyI6IiJ9;1;FALSE;FALSE;FALSE;-6.369260853;107.0976864;valid;adib.tamtama;;;;;ujang ahmad andriyawan;0;0;0;;;wil pasar senaken rt 0 rw 0;;47;ujang ahmad andriyawan wil pasar senaken rt 0 rw 0 kbli47;1;0;1;0;Aktif;Wil Pasar senaken RT 0RW 0;P01;P01;;1;DONE 01/02 - 8.07 PM
13052;55069356;ROSDIANA;wilayah pasar senaken, RT 0/RW 0;6401040016;64;1;40;16;KALIMANTAN TIMUR;PASER;TANAH GROGOT;SENAKEN;eyJpdiI6InhKTHl4VXNDU1poY0NJaWZIcHBRRkE9PSIsInZhbHVlIjoiK1hrODlmR1laWjNUQnpjbjFzQzgzQT09IiwibWFjIjoiZDE2OGIwZGE4NThmMmI0MTBmZGMyNjNkYmYzNDI0NmYyYzMwYzA1MjY1MWJiMTUwMDU3MDk5OGNiOGQ5NTllYSIsInRhZyI6IiJ9;;[Kegiatan Usaha: menjual nangka pisang, Kategori: G, KBLI: 47212];;;;UMKM;;-1.933935197;116.164607;invalid;;;FALSE;FALSE;TRUE;;;invalid;;;;;;rosdiana;0;0;0;;;wilayah pasar senaken rt 0 rw 0;;47;rosdiana wilayah pasar senaken rt 0 rw 0 kbli47;1;0;1;0;Aktif;wilayah pasar senaken RT 0RW 0;P01;P01;;1;DONE 01/02 - 8.07 PM
13053;55098531;TOKO HABIBAH <NORPAH>;Pasar senaken, RT 0/RW 0;6401040009;64;1;40;9;KALIMANTAN TIMUR;PASER;TANAH GROGOT;JONE;eyJpdiI6Img1R09wR1JKSWg3WE1mZjVWWlRWcWc9PSIsInZhbHVlIjoiMWZWUWJVMnVkVUIzU3gxejJvSWY5dz09IiwibWFjIjoiZmIzNDRhOTBiODU0OTZlN2I0ZWQ3MWFmMGEwZTRhZWY0MGZlZjczODZlZmIwOTc4YTdhNjliOTY1MjAxOWNlZCIsInRhZyI6IiJ9;;[Kegiatan Usaha: MENJUAL PAKAIAN, Kategori: G, KBLI: 47711];;;;UMKM;;-1.895433333;116.19455;valid;eyJpdiI6ImVhNlZzTW5rRVoxdmlwYWdsVjRSUmc9PSIsInZhbHVlIjoiWVFwOXlPZndBeDhVazhSdFRZRjZvZz09IiwibWFjIjoiZDkyZDJhZTczMDAyODZjMmFiMmFiZjc0NWQyNDc0MGY4NDRmOWJmOWQzZjZkNDhiMDUxMjBiYmUxZmNhMTZhYiIsInRhZyI6IiJ9;1;FALSE;FALSE;FALSE;-1.895433333;116.19455;valid;adib.tamtama;;;;;habibah norpah;0;0;0;;;pasar senaken rt 0 rw 0;;47;habibah norpah pasar senaken rt 0 rw 0 kbli47;1;0;1;1;Aktif;Pasar senaken RT 0RW 0;P01;P01;;1;DONE 01/02 - 8.07 PM
13058;55128417;INA BAWANG <MUTMAINNAH>;Pasar senaken blok A, RT 0/RW 0;6401040016;64;1;40;16;KALIMANTAN TIMUR;PASER;TANAH GROGOT;SENAKEN;eyJpdiI6IllqN2Y4SjJuWnh3MG1hWkZZeWhBK0E9PSIsInZhbHVlIjoieDVxc0V5UDgvSjhrMzRDcE9hQzhtUT09IiwibWFjIjoiYmRhYTE4ZTY5ZmVhMzNmMTY4MDJlNjNlZTk5YTc1NjViMGY4MDg1MTBhNzkxMzJhYTAzMzczYjEwMzNkYmNmMSIsInRhZyI6IiJ9;;[Kegiatan Usaha: Menjual bawang eceran di los pasar, Kategori: G, KBLI: 47219];;;;UMKM;;-1.906348333;116.2338383;valid;eyJpdiI6IjJpcHVXaFVFTEtPNkJhNEZXRTN2cWc9PSIsInZhbHVlIjoicmlHQXVWQXF5K2xQL09rUUlwMSt2UT09IiwibWFjIjoiMDI1ZGZjM2U4ZDQwMzhjNDNmYjk2NTBlZjQ0ZGIyY2RjYTRkYTBjY2U1NTFkNmZhZmY5ZjQ4NTgzNGM1M2M1OCIsInRhZyI6IiJ9;1;FALSE;FALSE;FALSE;-1.906348333;116.2338383;valid;adib.tamtama;;;;;ina bawang mutmainnah;0;0;0;;;pasar senaken blok a rt 0 rw 0;;47;ina bawang mutmainnah pasar senaken blok a rt 0 rw 0 kbli47;1;0;1;1;Aktif;Pasar senaken blok A RT 0RW 0;P01;P01;;1;DONE 01/02 - 8.07 PM
13064;55152324;NURBIA;Wil. Pasar senaken, RT 0/RW 0;6401040016;64;1;40;16;KALIMANTAN TIMUR;PASER;TANAH GROGOT;SENAKEN;eyJpdiI6ImtnZjhpencvV0llNXU3NmJONmdYY0E9PSIsInZhbHVlIjoiNWxkb0JLNUpVaGpOVlptYXBraXA5QT09IiwibWFjIjoiNjQ1YTU1ODYxN2ViZmIwOTY2NzZjNTRjYTFjODg1ZjJhZjFmMmZiODFkYTliNGIzZmUwZmM5MmRiNGQwZDczYyIsInRhZyI6IiJ9;;[Kegiatan Usaha: Sayuran pelengkap dan rempah-rempah eceran, Kategori: G, KBLI: 47213];;;;UMKM;;-1.905373333;116.2053817;valid;eyJpdiI6ImhBRTNGdy95a01zRWFNaEdQNFhkTlE9PSIsInZhbHVlIjoiTisyeXVPWDVWNHNtUzc5bmR5SmFkZz09IiwibWFjIjoiZTkwOGQzOTFlYmNiZjFhNDUyN2MyMThhZGQwNGVjMTIxZjA2NjZhMmFlYjg1NGY0MmI1MjdkYTc2MDA3NTRjOSIsInRhZyI6IiJ9;1;FALSE;FALSE;FALSE;-1.905373333;116.2053817;valid;adib.tamtama;;;;;nurbia;0;0;0;;;wil pasar senaken rt 0 rw 0;;47;nurbia wil pasar senaken rt 0 rw 0 kbli47;1;0;1;0;Aktif;Wil Pasar senaken RT 0RW 0;P01;P01;;1;DONE 01/02 - 8.07 PM
13067;55098906;ABDUL AZIS;wil.pasar senaken, RT 0/RW 0;6401040016;64;1;40;16;KALIMANTAN TIMUR;PASER;TANAH GROGOT;SENAKEN;eyJpdiI6IlB1MVBOU2lROUhLaVpOYm5NM2UyU0E9PSIsInZhbHVlIjoiOWtiZmhPTnFuTXV4QTZSMHZuNGlkUT09IiwibWFjIjoiMTYyYTEwYTlhNzZiZDkzZjhhNjhhNjc3NTdmODQ3ZDkyY2E1ZjgxNDZkODIxMDc3YTAzNzI5MTdhOTg4MDM0YyIsInRhZyI6IiJ9;;[Kegiatan Usaha: menjual ikan asin, Kategori: G, KBLI: 47245];;;;UMKM;;-1.933935197;116.164607;invalid;;;FALSE;FALSE;TRUE;;;invalid;;;;;;abdul azis;0;0;0;;;wil pasar senaken rt 0 rw 0;;47;abdul azis wil pasar senaken rt 0 rw 0 kbli47;1;0;1;0;Aktif;wilpasar senaken RT 0RW 0;P01;P01;;1;DONE 01/02 - 8.07 PM
13085;55239658;TOKO AJIANOR <AJIDINOR>;Pasar senaken, RT 0/RW 0;6401040009;64;1;40;9;KALIMANTAN TIMUR;PASER;TANAH GROGOT;JONE;eyJpdiI6Ind4dmZ5KzF4VkFHRkJxNUVtU0dtNHc9PSIsInZhbHVlIjoidno0TkNnandYbUtCd1JhWnFkRUNkdz09IiwibWFjIjoiYTExMTBmMGVjMGExMDA1Nzk5YTU1NTkwMWU5ZjI3YzMyNTE2OWQ5MWU5N2E4YmMzYzZlMDBhOGU0ZWY3YTQ2YyIsInRhZyI6IiJ9;;[Kegiatan Usaha: MEJUAL MAINAN, Kategori: G, KBLI: 47882];;;;UMKM;;-1.905638333;116.2021183;valid;eyJpdiI6Imp6QjA3eUJKbUVtdC93Qi9UUnBYbmc9PSIsInZhbHVlIjoib2EzU2RRYm5CbDB4QS9wYitqcW9HUT09IiwibWFjIjoiNjYwMTA5OTZhM2UzMTQxMzU2ZDc5NWYyMzc1Yjk3MGMyNDI2N2Y4NTQxN2RkNjM2ZTliYTMzZjc1NmU4OTcwYiIsInRhZyI6IiJ9;1;FALSE;FALSE;FALSE;-1.905638333;116.2021183;valid;adib.tamtama;;;;;ajianor ajidinor;0;0;0;;;pasar senaken rt 0 rw 0;;47;ajianor ajidinor pasar senaken rt 0 rw 0 kbli47;1;0;1;1;Aktif;Pasar senaken RT 0RW 0;P01;P01;;1;DONE 01/02 - 8.07 PM
13091;55099104;KHAIRULLAH;wil.pasar senaken, RT 0/RW 0;6401040016;64;1;40;16;KALIMANTAN TIMUR;PASER;TANAH GROGOT;SENAKEN;eyJpdiI6InErS2Z5dkJiL3IwQk9wYTlRSmdmWlE9PSIsInZhbHVlIjoiM041VTJJS0QwSHFjbGhaUVE5Uk5Udz09IiwibWFjIjoiOTRiMDNlYThhYTViMjQxNmQyZGY2Y2FhOWZlZjg1ZWVlMGMzMWU5ZjYzZmYxMWJkYzc3ZmZiNDdlODdmYjEzNiIsInRhZyI6IiJ9;;[Kegiatan Usaha: menjual sayuran eceran, Kategori: G, KBLI: 47813];;;;UMKM;;-1.91325127;116.1869477;valid;;;FALSE;FALSE;TRUE;;;invalid;;;;;;khairullah;0;0;0;;;wil pasar senaken rt 0 rw 0;;47;khairullah wil pasar senaken rt 0 rw 0 kbli47;1;0;1;0;Aktif;wilpasar senaken RT 0RW 0;P01;P01;;1;DONE 01/02 - 8.07 PM
13099;55101012;SAYUR SITTI PATIMAH <SITTI PATIMAH>;Pasar senaken, RT 0/RW 0;6401040016;64;1;40;16;KALIMANTAN TIMUR;PASER;TANAH GROGOT;SENAKEN;eyJpdiI6IkJDdVJpZHpiaGUrUVNtbmRyaDM2V3c9PSIsInZhbHVlIjoiRXB2aGNDZ0NjbkVUbGpUbHJkQlpzUT09IiwibWFjIjoiNGY1YjNiOTkzMWIzNTk4YzA4N2ZjMzQyMWQ0N2M1MjQ5YWVkYWYxMGVhYWM3ZTQyODA3ZmE5MjI3OWQ3NjNmZCIsInRhZyI6IiJ9;;[Kegiatan Usaha: Menjual sayur eceran di lapak pasar, Kategori: G, KBLI: 47213];;;;UMKM;;-1.9142059;116.1951934;valid;;;FALSE;FALSE;TRUE;;;invalid;;;;;;sayur sitti patimah sitti patimah;0;0;0;;;pasar senaken rt 0 rw 0;;47;sayur sitti patimah sitti patimah pasar senaken rt 0 rw 0 kbli47;1;0;1;1;Aktif;Pasar senaken RT 0RW 0;P01;P01;;1;DONE 01/02 - 8.07 PM
13101;55045393;TOKO MARDIAH <MARDIAH>;PASAR SENAKEN, RT 0/RW 0;6401040009;64;1;40;9;KALIMANTAN TIMUR;PASER;TANAH GROGOT;JONE;eyJpdiI6IjM3VUVuMi8xZ2tXSnJFeVhyUkZCckE9PSIsInZhbHVlIjoiQXN0WXdNUGtYYldKTjlhSTFhYjJCUT09IiwibWFjIjoiMGJlN2Y5ZmQ5MDRjNzA3NTIwNDBmNTBlMjY4NDM5OTllMWUyZmFhOWE1MmFmNTBjMDJmMjUxZDdmMjMzZWFmMCIsInRhZyI6IiJ9;;[Kegiatan Usaha: Menjual pakaian, Kategori: G, KBLI: 47711];;;;UMKM;;-1.933935197;116.164607;invalid;;;FALSE;FALSE;TRUE;;;invalid;;;;;;mardiah mardiah;0;0;0;;;pasar senaken rt 0 rw 0;;47;mardiah mardiah pasar senaken rt 0 rw 0 kbli47;1;0;1;1;Aktif;PASAR SENAKEN RT 0RW 0;P01;P01;;1;DONE 01/02 - 8.07 PM
13107;55209196;AMBO ALA;WILAYAH PASAR SENAKEN, RT 0/RW 0;6401040016;64;1;40;16;KALIMANTAN TIMUR;PASER;TANAH GROGOT;SENAKEN;eyJpdiI6InpZZ0ZRN2k4bjRObCtOdWNpRzAzcEE9PSIsInZhbHVlIjoiVmltOENmRDE2dWMrN0IxWENjMDF3Zz09IiwibWFjIjoiZDVhZWE4YzJkYWVjMTVkZDg3MWRjN2JlMGEyYTdkOThlOTdjMmE1ODYyZTE2ZGJjMzRjNzcwMGI0NzU0MmRiOCIsInRhZyI6IiJ9;;[Kegiatan Usaha: MENJUAL BAWANG MERAH, Kategori: G, KBLI: 47813];;;;UMKM;;-1.933935197;116.164607;invalid;;;FALSE;FALSE;TRUE;;;invalid;;;;;;ambo ala;0;0;0;;;wilayah pasar senaken rt 0 rw 0;;47;ambo ala wilayah pasar senaken rt 0 rw 0 kbli47;1;0;1;0;Aktif;WILAYAH PASAR SENAKEN RT 0RW 0;P01;P01;;1;DONE 01/02 - 8.07 PM
13111;55127109;TITI HERMINAWATI;Pasar senaken, RT 0/RW 0;6401040016;64;1;40;16;KALIMANTAN TIMUR;PASER;TANAH GROGOT;SENAKEN;eyJpdiI6IjhzWWZYS1BxVzJheVBjN0wvUWt2T3c9PSIsInZhbHVlIjoibDJEVTJvcjdVRW81NDZGNnhKR3VEUT09IiwibWFjIjoiOWQyMzUxY2IyN2E5NjA2MTk5Y2Y5ZjU1ZWM3MjRkNDEwNDhiZjM1MjgzZjA3NGYzNThjNGM5NzhlMWZkZjE0MyIsInRhZyI6IiJ9;;[Kegiatan Usaha: Menjual pakaian, Kategori: G, KBLI: 47711];;;;UMKM;;-1.933935197;116.164607;invalid;;;FALSE;FALSE;TRUE;;;invalid;;;;;;titi herminawati;0;0;0;;;pasar senaken rt 0 rw 0;;47;titi herminawati pasar senaken rt 0 rw 0 kbli47;1;0;1;0;Aktif;Pasar senaken RT 0RW 0;P01;P01;;1;DONE 01/02 - 8.07 PM
13119;55209743;SURIYATI;wilayah pasar senaken, RT 0/RW 0;6401040016;64;1;40;16;KALIMANTAN TIMUR;PASER;TANAH GROGOT;SENAKEN;eyJpdiI6InZwcXZ2TG03NWY4TVI1a2xWaCtEd2c9PSIsInZhbHVlIjoiei9IbmZaVVYwWVB1b0FpL2NCUTIzQT09IiwibWFjIjoiNDBkZDBjY2U4ZjU3ODk1NWUyNzhkZWY1MDY3NWI0NTRlMTdkYWY2YWM0MWFjOWM5MmFlMGMxZmM0NGMwODZlYiIsInRhZyI6IiJ9;;[Kegiatan Usaha: menjual sayuran, Kategori: G, KBLI: 47811];;;;UMKM;;-1.933935197;116.164607;invalid;;;FALSE;FALSE;TRUE;;;invalid;;;;;;suriyati;0;0;0;;;wilayah pasar senaken rt 0 rw 0;;47;suriyati wilayah pasar senaken rt 0 rw 0 kbli47;1;0;1;0;Aktif;wilayah pasar senaken RT 0RW 0;P01;P01;;1;DONE 01/02 - 8.07 PM
13123;55077276;SAYUR TITA <TITA PURNAMA SARI>;Pasar senaken hamparan subuh, RT 0/RW 0;6401040016;64;1;40;16;KALIMANTAN TIMUR;PASER;TANAH GROGOT;SENAKEN;eyJpdiI6IjJZNjRwalBiYVBSOEEzNHdFWVloTmc9PSIsInZhbHVlIjoiVUVmakg1V1ZhTWxDSG1FZk1YeC83QT09IiwibWFjIjoiNzIxYzE5ODc4NTdmMDAxMzEzYzk3Yzg4NmVkNzY5OTRlZTBiZWZmY2Q1ODAwYTRmMGM0NDJkMmU2MGQ3YzFlNyIsInRhZyI6IiJ9;;[Kegiatan Usaha: Menjual sayur eceran di lapak pasar, Kategori: G, KBLI: 47213];;;;UMKM;;-1.901339139;116.2072795;valid;;;FALSE;FALSE;TRUE;;;invalid;;;;;;sayur tita tita purnama sari;0;0;0;;;pasar senaken hamparan subuh rt 0 rw 0;;47;sayur tita tita purnama sari pasar senaken hamparan subuh rt 0 rw 0 kbli47;1;0;1;1;Aktif;Pasar senaken hamparan subuh RT 0RW 0;P01;P01;;1;DONE 01/02 - 8.07 PM
13125;55099511;TOKO ISTIQOMAH <MAHRINI>;Pasar senaken, RT 0/RW 0;6401040009;64;1;40;9;KALIMANTAN TIMUR;PASER;TANAH GROGOT;JONE;eyJpdiI6IjcvVjFqQXNqR3drR0ZZaG0rSVdUZFE9PSIsInZhbHVlIjoiVXlRejNzeWJITFZhUWhHZmUwcVlhUT09IiwibWFjIjoiYWIzYWRmNDdlZTllZDdkODUwZDc2MjllNWNkNjBiMTcxMTJkNDNjYmExMzMwNTAxNDAwMjMxNWJlY2M3NWJjZiIsInRhZyI6IiJ9;;[Kegiatan Usaha: MENJUAL MAINAN, Kategori: G, KBLI: 47882];;;;UMKM;;-1.933935197;116.164607;invalid;;;FALSE;FALSE;TRUE;;;invalid;;;;;;istiqomah mahrini;0;0;0;;;pasar senaken rt 0 rw 0;;47;istiqomah mahrini pasar senaken rt 0 rw 0 kbli47;1;0;1;1;Aktif;Pasar senaken RT 0RW 0;P01;P01;;1;DONE 01/02 - 8.07 PM
13132;55180008;IKAN BASAH MADI <MADI>;Pasar senaken, RT 0/RW 0;6401040009;64;1;40;9;KALIMANTAN TIMUR;PASER;TANAH GROGOT;JONE;eyJpdiI6Im5DWU40VmpIRzZSREtpMWZIeVQvUkE9PSIsInZhbHVlIjoiV0lHc3lCRTBvOVhBZ1ZKd0wyeWZsdz09IiwibWFjIjoiMzRiMzRmNjFmZjI0OTUxNDg0NjkzM2FhMmQxZjkxY2MzYjNjMjZhNjgwNmU0MzFkZDk2NDE3ZjMwN2YwYTgwYSIsInRhZyI6IiJ9;;[Kegiatan Usaha: menjual ikan basah eceran di pasar, Kategori: G, KBLI: 47215];;;;UMKM;;-1.933935197;116.164607;invalid;;;FALSE;FALSE;TRUE;;;invalid;;;;;;ikan basah madi madi;0;0;0;;;pasar senaken rt 0 rw 0;;47;ikan basah madi madi pasar senaken rt 0 rw 0 kbli47;1;0;1;1;Aktif;Pasar senaken RT 0RW 0;P01;P01;;1;DONE 01/02 - 8.07 PM
13141;55075358;ABDUL WAHID;Wil. Pasar senaken, RT 0/RW 0;6401040016;64;1;40;16;KALIMANTAN TIMUR;PASER;TANAH GROGOT;SENAKEN;eyJpdiI6ImlCYWt0RkNKbjcrWWY1US9MMVZwWkE9PSIsInZhbHVlIjoidjJ3c2oxQkswVmhRU3o1Ym1SRzdMUT09IiwibWFjIjoiMjAwMDAyNTA3OWU0YTM5MTJhMzViZjNkNWUwMzEwZTQ4NzgyMjZkOGFlNjBhZDgyOWRkZTlkYmEzZjNmMWRkZCIsInRhZyI6IiJ9;;[Kegiatan Usaha: Plastik eceran, Kategori: G, KBLI: 47823];;;;UMKM;;-1.90081498;116.2023553;valid;;;FALSE;FALSE;TRUE;;;invalid;;;;;;abdul wahid;0;0;0;;;wil pasar senaken rt 0 rw 0;;47;abdul wahid wil pasar senaken rt 0 rw 0 kbli47;1;0;1;0;Aktif;Wil Pasar senaken RT 0RW 0;P01;P01;;1;DONE 01/02 - 8.07 PM
13152;55068697;SAYUR SURATI <SURATI>;Pasar senaken hamparan subuh, RT 0/RW 0;6401040016;64;1;40;16;KALIMANTAN TIMUR;PASER;TANAH GROGOT;SENAKEN;eyJpdiI6Ik9TaWpSSlFTZi9nQ0xsdC95b01ZZXc9PSIsInZhbHVlIjoiZkROM2tENWltakpJNGtRRlROWEtRdz09IiwibWFjIjoiMGM5MDViNWRhYmRhMmNjNDE1MWRlMDc3ZmUxODViZTVlMDg4Y2Y5M2Y3MzlhZDMxODIzM2MwNDY4NjFhNjEyYSIsInRhZyI6IiJ9;;[Kegiatan Usaha: Menjual sayur eceran di lapak pasar, Kategori: G, KBLI: 47213];;;;UMKM;;-1.858946667;116.1525417;valid;;;FALSE;FALSE;TRUE;;;invalid;;;;;;sayur surati surati;0;0;0;;;pasar senaken hamparan subuh rt 0 rw 0;;47;sayur surati surati pasar senaken hamparan subuh rt 0 rw 0 kbli47;1;0;1;1;Aktif;Pasar senaken hamparan subuh RT 0RW 0;P01;P01;;1;DONE 01/02 - 8.07 PM
13153;55098036;SAYUR SUPRIYATUN <SUPRIYATUN>;Pasar senaken, RT 0/RW 0;6401040016;64;1;40;16;KALIMANTAN TIMUR;PASER;TANAH GROGOT;SENAKEN;eyJpdiI6Ik52SEZTckpMYjlXbXk1NjRtelB6b2c9PSIsInZhbHVlIjoiVXpoc0dONExRVDA3UmFVbGFUdmpJQT09IiwibWFjIjoiNDg4MmNmYTc2MGNlNDBiMzcwMWRkYWU3NGRkNDcyZTI3YTBiNzM3NjM3ZmE1ZjVlM2Y1NGExYzlmZjUwMDE3MSIsInRhZyI6IiJ9;;[Kegiatan Usaha: Menjual sayur eceran di lapak pasar, Kategori: G, KBLI: 47213];;;;UMKM;;-1.838004687;116.2388411;valid;;;FALSE;FALSE;TRUE;;;invalid;;;;;;sayur supriyatun supriyatun;0;0;0;;;pasar senaken rt 0 rw 0;;47;sayur supriyatun supriyatun pasar senaken rt 0 rw 0 kbli47;1;0;1;1;Aktif;Pasar senaken RT 0RW 0;P01;P01;;1;DONE 01/02 - 8.07 PM
13157;55179979;ALIAMANSYAH;Pasar senaken, RT 0/RW 0;6401040016;64;1;40;16;KALIMANTAN TIMUR;PASER;TANAH GROGOT;SENAKEN;eyJpdiI6InZ0TmV6bnh0UjhXQ25pU2xMTlU3cHc9PSIsInZhbHVlIjoiVUtyaytpVzZuRGFPaVc3aFpmWXhtZz09IiwibWFjIjoiNGU0MGI2ZmE2NWI3MTg3NmZlMTJmNTI5MWEyMjY5ZTM2YWFmNjVjYzAyMTAwZTFlODZmMTFlMWI1MGI2ZGUyNSIsInRhZyI6IiJ9;;[Kegiatan Usaha: Menjual sepatu, Kategori: G, KBLI: 47712];;;;UMKM;;-1.908921492;116.1986261;valid;;;FALSE;FALSE;TRUE;;;invalid;;;;;;aliamansyah;0;0;0;;;pasar senaken rt 0 rw 0;;47;aliamansyah pasar senaken rt 0 rw 0 kbli47;1;0;1;0;Aktif;Pasar senaken RT 0RW 0;P01;P01;;1;DONE 01/02 - 8.07 PM
13162;55153263;SAYUR ISMONO <WARSITI ISMONO>;Pasar senaken, RT 0/RW 0;6401040016;64;1;40;16;KALIMANTAN TIMUR;PASER;TANAH GROGOT;SENAKEN;eyJpdiI6IlRjTlNBdGZKaXdkUTRxb0F3cUVLL3c9PSIsInZhbHVlIjoiTHpkRWZ2dVQxVFFhVlBYWjNJRjVOQT09IiwibWFjIjoiZGE1ZjhkZDgzZjAwYWQwOTIxNDk2NWY0MzMzZGNjNmRmM2M5ZTVhYmI5NjFjNjYxNmU3MTU2MzE2NzM1NGI3YSIsInRhZyI6IiJ9;;[Kegiatan Usaha: Menjual sayur eceran di lapak pasar, Kategori: G, KBLI: 47213];;;;UMKM;;-7.295933333;109.496105;valid;;;FALSE;FALSE;TRUE;;;invalid;;;;;;sayur ismono warsiti ismono;0;0;0;;;pasar senaken rt 0 rw 0;;47;sayur ismono warsiti ismono pasar senaken rt 0 rw 0 kbli47;1;0;1;1;Aktif;Pasar senaken RT 0RW 0;P01;P01;;1;DONE 01/02 - 8.07 PM
13169;55099292;ELDIANA;wil. pasar senaken, RT 0/RW 0;6401040016;64;1;40;16;KALIMANTAN TIMUR;PASER;TANAH GROGOT;SENAKEN;eyJpdiI6ImxIaEx0YVlSaVJzRWRrdkxmUURLZ0E9PSIsInZhbHVlIjoiZi9wdVJ1aUNXejVZVGZhWW1MMi9UQT09IiwibWFjIjoiMDJhZDVkN2ZmOTE4YmE5MTRiMTM0MGQ1ZDJjMTkwNTI2MjUwZTdjMDE0NGU5NDYxYzU0OTdhYjhlZmQwODM1YSIsInRhZyI6IiJ9;;[Kegiatan Usaha: warung kopi, Kategori: I, KBLI: 56304];;;;UMKM;;-1.853261667;116.2304317;valid;;;FALSE;FALSE;TRUE;;;invalid;;;;;;eldiana;0;0;0;;;wil pasar senaken rt 0 rw 0;;56;eldiana wil pasar senaken rt 0 rw 0 kbli56;1;0;1;0;Aktif;wil pasar senaken RT 0RW 0;P01;P01;;1;DONE 01/02 - 8.07 PM
13175;55207903;H. SUKARJI;Wil. Pasar senaken, RT 0/RW 0;6401040016;64;1;40;16;KALIMANTAN TIMUR;PASER;TANAH GROGOT;SENAKEN;eyJpdiI6ImZKV04va2l6c1ZGOXRCM3hkbkxNOEE9PSIsInZhbHVlIjoiSFUvd2o5ZmJNYzRDNmU5S3IwVXNGdz09IiwibWFjIjoiMDljMzU1MDViNDVjZjEzZGQwMGIwMWE2MjBhZjNlODUyM2IyNDljM2IwZTkyYzQ2YmUwNDJjNDM3ZTg3ODhlNyIsInRhZyI6IiJ9;;[Kegiatan Usaha: Eceran Perabot Pecah belah, Kategori: G, KBLI: 47596];;;;UMKM;;-1.933935197;116.164607;invalid;;;FALSE;FALSE;TRUE;;;invalid;;;;;;h sukarji;0;0;0;;;wil pasar senaken rt 0 rw 0;;47;h sukarji wil pasar senaken rt 0 rw 0 kbli47;1;0;1;0;Aktif;Wil Pasar senaken RT 0RW 0;P01;P01;;1;DONE 01/02 - 8.07 PM
13182;55071115;TOKO ANUGRAH <JAHRUDI>;Pasar senaken, RT 0/RW 0;6401040009;64;1;40;9;KALIMANTAN TIMUR;PASER;TANAH GROGOT;JONE;eyJpdiI6InppQU1hbWU3UncyY2FvbnpzcXBDdlE9PSIsInZhbHVlIjoiODdhNFlEZGx3UzB2RnhWLy9mdFBkQT09IiwibWFjIjoiOTE0OGRiYmExMDQ1YjNkZDUwMDI3YmUzOWJkZjc1NzVlYTM0NDIwMjkwYWU5MWMwOTg2YTViZDc4NmFjZTg1MiIsInRhZyI6IiJ9;;[Kegiatan Usaha: Menjual alat perlenkapan listrik, Kategori: G, KBLI: 47862];;;;UMKM;;-1.933935197;116.164607;invalid;;;FALSE;FALSE;TRUE;;;invalid;;;;;;anugrah jahrudi;0;0;0;;;pasar senaken rt 0 rw 0;;47;anugrah jahrudi pasar senaken rt 0 rw 0 kbli47;1;0;1;1;Aktif;Pasar senaken RT 0RW 0;P01;P01;;1;DONE 01/02 - 8.07 PM
13185;55075254;TOKO ZULFA <M. ZULKARNAIN>;Pasar senaken, RT 0/RW 0;6401040009;64;1;40;9;KALIMANTAN TIMUR;PASER;TANAH GROGOT;JONE;eyJpdiI6IjRmYVJqbzlSb1k5M3lnbVEvaUp5MkE9PSIsInZhbHVlIjoiby9RdStaOUQvZXE1OXJDb3NMd2pyZz09IiwibWFjIjoiZGYzMWY3M2NmMjQ1ZmRiMmU1OGJhNmJlMjZjMThlMjg0ZTQ0NDY5MGQ3NmU4M2E0MjY1NWYzODZkNmQ5NDdhOCIsInRhZyI6IiJ9;;[Kegiatan Usaha: MENJUAL PAKAIAN, Kategori: G, KBLI: 47711];;;;UMKM;;-1.933935197;116.164607;invalid;;;FALSE;FALSE;TRUE;;;invalid;;;;;;zulfa m zulkarnain;0;0;0;;;pasar senaken rt 0 rw 0;;47;zulfa m zulkarnain pasar senaken rt 0 rw 0 kbli47;1;0;1;1;Aktif;Pasar senaken RT 0RW 0;P01;P01;;1;DONE 01/02 - 8.07 PM
13189;55152886;TUMA INAH;Wilayah pasar senaken, RT 0/RW 0;6401040016;64;1;40;16;KALIMANTAN TIMUR;PASER;TANAH GROGOT;SENAKEN;eyJpdiI6InNJTFpvRTJQS3RmK0gvd21qcUVjY2c9PSIsInZhbHVlIjoicVFtNE5zYTRFUVA0OUlIcUl0TXRrUT09IiwibWFjIjoiYzdmYjBiMmRkNGVmNzlkMTk3YmJlYzMyNjY4Nzk4ZDA1ZmVhMDZjNTExZTlhNTA5NTY4YWU2MDZhMGVkYzEwNSIsInRhZyI6IiJ9;;[Kegiatan Usaha: Menjual buah dan sayur, Kategori: G, KBLI: 47813];;;;UMKM;;-1.879951457;116.1910036;valid;;;FALSE;FALSE;TRUE;;;invalid;;;;;;tuma inah;0;0;0;;;wilayah pasar senaken rt 0 rw 0;;47;tuma inah wilayah pasar senaken rt 0 rw 0 kbli47;1;0;1;0;Aktif;Wilayah pasar senaken RT 0RW 0;P01;P01;;1;DONE 01/02 - 8.07 PM
13192;55075180;TOKO EDY <EDY RAHMANI>;Pasar senaken, RT 0/RW 0;6401040009;64;1;40;9;KALIMANTAN TIMUR;PASER;TANAH GROGOT;JONE;eyJpdiI6IjBITWNXK2h0MG40ck5nazZSWDFxTUE9PSIsInZhbHVlIjoiL2xUY3RvMklmR3NsK3R4Q3V1OXhpdz09IiwibWFjIjoiYWRjNWE4MmE4MWEwZWMyNDI2M2FhZTM1N2RkNjJhYTNlMzlmNjQ2NTkxODdkMzMzMzZmMDFiZTdhMmFiZDBhZCIsInRhZyI6IiJ9;;[Kegiatan Usaha: MENJUAL PAKAIAN, Kategori: G, KBLI: 47711];;;;UMKM;;-1.920967017;116.1925157;valid;;;FALSE;FALSE;TRUE;;;invalid;;;;;;edy edy rahmani;0;0;0;;;pasar senaken rt 0 rw 0;;47;edy edy rahmani pasar senaken rt 0 rw 0 kbli47;1;0;1;1;Aktif;Pasar senaken RT 0RW 0;P01;P01;;1;DONE 01/02 - 8.07 PM
13208;55154176;MAYA KOSMETIK <HJ. SARPIAH>;Pasar senaken, RT 0/RW 0;6401040009;64;1;40;9;KALIMANTAN TIMUR;PASER;TANAH GROGOT;JONE;eyJpdiI6Ik9OaVlJS3dXc01NQ1pIL3Z0KzBibUE9PSIsInZhbHVlIjoiVUZZSHV0VDBYY2szbjgzVXRYVGxYZz09IiwibWFjIjoiYjljM2U2N2Y0YjY1OTgwN2Q3MDlhMjY5ODhjMGY1ZWViNzc2ZjY5ZGRkYjg3MjI2ZDJmYmJhYTQ4YTU0YzQwYSIsInRhZyI6IiJ9;;[Kegiatan Usaha: MENJUAL KOSMETIK, Kategori: G, KBLI: 47844];;;;UMKM;;-1.933935197;116.164607;invalid;;;FALSE;FALSE;TRUE;;;invalid;;;;;;maya kosmetik hj sarpiah;0;0;0;;;pasar senaken rt 0 rw 0;;47;maya kosmetik hj sarpiah pasar senaken rt 0 rw 0 kbli47;1;0;1;1;Aktif;Pasar senaken RT 0RW 0;P01;P01;;1;DONE 01/02 - 8.07 PM
13252;55070011;KUSUMA WIJAYA;wilayah pasar senaken, RT 0/RW 0;6401040016;64;1;40;16;KALIMANTAN TIMUR;PASER;TANAH GROGOT;SENAKEN;eyJpdiI6IjZKbWJYTWtsQ0x2cDg3dE1KaDFkUEE9PSIsInZhbHVlIjoiTmlCZnhQM2MxaFlNQXF4UlR3UFpzdz09IiwibWFjIjoiMWRkZjljNzc2MjRlMDUyMGU3OTc3MmRiOTBmYzM1MTJmODY3OTliYThkZTQ4MmM1MWI2NmY2Nzg2OTNjYjIwZiIsInRhZyI6IiJ9;;[Kegiatan Usaha: menjual sayuran, Kategori: G, KBLI: 47213];;;;UMKM;;-1.933935197;116.164607;invalid;;;FALSE;FALSE;TRUE;;;invalid;;;;;;kusuma wijaya;0;0;0;;;wilayah pasar senaken rt 0 rw 0;;47;kusuma wijaya wilayah pasar senaken rt 0 rw 0 kbli47;1;0;1;0;Aktif;wilayah pasar senaken RT 0RW 0;P01;P01;;1;DONE 01/02 - 8.07 PM
13261;55046128;WARMAK SITI AISAH <SITI AISAH>;Pasar senaken blok A, RT 0/RW 0;6401040016;64;1;40;16;KALIMANTAN TIMUR;PASER;TANAH GROGOT;SENAKEN;eyJpdiI6InZBcWU2U1BNNFJka1A1R1h0MG5SdWc9PSIsInZhbHVlIjoiUVVGV3pHWEZoOXNKMDJ1S3RTU1NLZz09IiwibWFjIjoiMWU5YjJlNDI1OWJhMzA4Nzk1ZWFhMDU5ZGE1ZmZjNzdkMzBjN2I0NDI4ZWFlMDM3MzYwMTkyNTM3OTQ2Mjk3ZiIsInRhZyI6IiJ9;;[Kegiatan Usaha: Menjual makanan jadi di los pasar, Kategori: I, KBLI: 56102];;;;UMKM;;-1.955761667;116.200985;valid;;;FALSE;FALSE;TRUE;;;invalid;;;;;;warmak siti aisah siti aisah;0;0;0;;;pasar senaken blok a rt 0 rw 0;;56;warmak siti aisah siti aisah pasar senaken blok a rt 0 rw 0 kbli56;1;0;1;1;Aktif;Pasar senaken blok A RT 0RW 0;P01;P01;;1;DONE 01/02 - 8.07 PM
13287;55046861;YULIANA;Wilayah pasaar senaken, RT 0/RW 0;6401040016;64;1;40;16;KALIMANTAN TIMUR;PASER;TANAH GROGOT;SENAKEN;eyJpdiI6IlNEdmJIeWlYdEhkaFFQWFhPb1RXaGc9PSIsInZhbHVlIjoibm0vckRlejN1cUVoa0hxekdLSThiQT09IiwibWFjIjoiMDQxODk5OTI1MzY1ODQ1MDI3OTRhZGU4MWM4NjVjY2RhY2Y5OGIyZTI4ODA1ZGQyM2I4YTQ3ZGU3YWE0ZDI0YSIsInRhZyI6IiJ9;;[Kegiatan Usaha: Menjual buah, Kategori: G, KBLI: 47212];;;;UMKM;;-1.933935197;116.164607;invalid;;;FALSE;FALSE;TRUE;;;invalid;;;;;;yuliana;0;0;0;;;wilayah pasaar senaken rt 0 rw 0;;47;yuliana wilayah pasaar senaken rt 0 rw 0 kbli47;1;0;1;0;Aktif;Wilayah pasaar senaken RT 0RW 0;P01;P01;;;DONE 01/02 - 8.07 PM
13290;55238414;ISMIATI;wilayah pasar senaken, RT 0/RW 0;6401040016;64;1;40;16;KALIMANTAN TIMUR;PASER;TANAH GROGOT;SENAKEN;eyJpdiI6InprdDgrMTlsSmx0UHZTeE5hbHE5blE9PSIsInZhbHVlIjoiTXFPeW5sbEV0Z1E5TmpEdDFRVC9lQT09IiwibWFjIjoiMjI3MjVhNDU4OGZiNzNkNDI0MTQ0YzVlODc0OTZkOTVlMmJmMmNhMWQxN2Y1YzY2ZTI0YjYzNWM4NTY2NjIyZSIsInRhZyI6IiJ9;;[Kegiatan Usaha: menjual sayuran, Kategori: G, KBLI: 47813];;;;UMKM;;-1.933935197;116.164607;invalid;;;FALSE;FALSE;TRUE;;;invalid;;;;;;ismiati;0;0;0;;;wilayah pasar senaken rt 0 rw 0;;47;ismiati wilayah pasar senaken rt 0 rw 0 kbli47;1;0;1;0;Aktif;wilayah pasar senaken RT 0RW 0;P01;P01;;1;DONE 01/02 - 8.07 PM
13294;55044627;SUKRIYADI;wilayah pasar senaken, RT 0/RW 0;6401040016;64;1;40;16;KALIMANTAN TIMUR;PASER;TANAH GROGOT;SENAKEN;eyJpdiI6Inc3dTRhUHk4c2liMEdnUENtbnpoYWc9PSIsInZhbHVlIjoiR0hKSzdvY0Y5d0w1SVZFNVhNTUh1Zz09IiwibWFjIjoiNmFkMzUyNDM3NjdjM2E2MjJjYzBkYzliYjM2YzNlOGU2ZjQ1NDkzMDNjOWU1MGYyNjY4MDc4ZGE5MmZhYTZkMCIsInRhZyI6IiJ9;;[Kegiatan Usaha: menjual ikan basah, Kategori: G, KBLI: 47215];;;;UMKM;;-1.933935197;116.164607;invalid;;;FALSE;FALSE;TRUE;;;invalid;;;;;;sukriyadi;0;0;0;;;wilayah pasar senaken rt 0 rw 0;;47;sukriyadi wilayah pasar senaken rt 0 rw 0 kbli47;1;0;1;0;Aktif;wilayah pasar senaken RT 0RW 0;P01;P01;;1;DONE 01/02 - 8.07 PM
13306;55127200;SAYUR ANI <HARIANI>;Pasar senaken, RT 0/RW 0;6401040016;64;1;40;16;KALIMANTAN TIMUR;PASER;TANAH GROGOT;SENAKEN;eyJpdiI6ImxCTjIwbVVKb2s4U1ZTcVUzajA1bGc9PSIsInZhbHVlIjoib0I4VjFHMDljd0lKVzk0U054S04xZz09IiwibWFjIjoiZjk5MTU5ZTMyMGY1NTliMDE0ZDY1Y2E3NDZlNTQyZDJmYzJiYjAwOGNlYTJiOWYyYWQzM2Q5MDIxM2NmNTk2OSIsInRhZyI6IiJ9;;[Kegiatan Usaha: Menjual sayuran di pasar, Kategori: G, KBLI: 47213];;;;UMKM;;-1.897251667;116.2101717;valid;;;FALSE;FALSE;TRUE;;;invalid;;;;;;sayur ani hariani;0;0;0;;;pasar senaken rt 0 rw 0;;47;sayur ani hariani pasar senaken rt 0 rw 0 kbli47;1;0;1;1;Aktif;Pasar senaken RT 0RW 0;P01;P01;;1;DONE 01/02 - 8.07 PM
13309;55156699;TOKO MIFTAH <JURAIDAH>;PASAR SENAKEN, RT 0/RW 0;6401040009;64;1;40;9;KALIMANTAN TIMUR;PASER;TANAH GROGOT;JONE;eyJpdiI6IkVMKzNHTUZCdGFLM2ZPRzVibmU4NlE9PSIsInZhbHVlIjoiSk4vRkkrdmVqR0ptWDJOWTlGb3F5Zz09IiwibWFjIjoiODhlM2NjYzlkYmUwY2MwZjM4M2QyMTUzMjZmN2QwN2JiY2M0MWNkYWEwMmIwMWE1NGQ3ODVmYWMxZmNkODJkMSIsInRhZyI6IiJ9;;[Kegiatan Usaha: MENJUAL PAKIAN, Kategori: G, KBLI: 47711];;;;UMKM;;-1.915235;116.1947306;valid;;;FALSE;FALSE;TRUE;;;invalid;;;;;;miftah juraidah;0;0;0;;;pasar senaken rt 0 rw 0;;47;miftah juraidah pasar senaken rt 0 rw 0 kbli47;1;0;1;1;Aktif;PASAR SENAKEN RT 0RW 0;P01;P01;;1;DONE 01/02 - 8.07 PM
13314;55124076;IKAN BASAH BAHRUDDIN <BAHRUDDIN. B.>;Pasar senaken, RT 0/RW 0;6401040016;64;1;40;16;KALIMANTAN TIMUR;PASER;TANAH GROGOT;SENAKEN;eyJpdiI6ImMrWDlRQ0dyZWNmT1dYYTlvK0xteEE9PSIsInZhbHVlIjoiMEd5eDgvQVRKT3VIZ2E4TFRmZFNjZz09IiwibWFjIjoiN2RjZGUzNDg1ODVhYmJlNjZkZDU5YTllZjlhMWExZjZiOWU5MDk5NGM0NzZkOGY0NDNiM2Q1YTdmZWU1MzI4ZSIsInRhZyI6IiJ9;;[Kegiatan Usaha: Menjual ikan basah eceran di lapak pasar, Kategori: G, KBLI: 47215];;;;UMKM;;-1.933935197;116.164607;invalid;;;FALSE;FALSE;TRUE;;;invalid;;;;;;ikan basah bahruddin bahruddin b;0;0;0;;;pasar senaken rt 0 rw 0;;47;ikan basah bahruddin bahruddin b pasar senaken rt 0 rw 0 kbli47;1;0;1;1;Aktif;Pasar senaken RT 0RW 0;P01;P01;;1;DONE 01/02 - 8.07 PM
13315;55209858;MY DRENG <WAFA>;Pasar senaken, RT 0/RW 0;6401040016;64;1;40;16;KALIMANTAN TIMUR;PASER;TANAH GROGOT;SENAKEN;eyJpdiI6Ik83MFUwd2FEUlNuTHJCQlpLazd4eUE9PSIsInZhbHVlIjoiS2x6MmZ6K2pUWk9mUlJRcjJxclF4Zz09IiwibWFjIjoiYjc1NGUyZjhlYmQwOGY3YzJhODJlYzBlM2M5OWQ3M2FiMTU5ZTI0NjdmNDRhOTAzY2JhMGViZDBiOTZlZTVlMyIsInRhZyI6IiJ9;;[Kegiatan Usaha: Menjual minuman dingin, Kategori: I, KBLI: 56102];;;;UMKM;;-1.91827122;116.1952005;valid;;;FALSE;FALSE;TRUE;;;invalid;;;;;;my dreng wafa;0;0;0;;;pasar senaken rt 0 rw 0;;56;my dreng wafa pasar senaken rt 0 rw 0 kbli56;1;0;1;1;Aktif;Pasar senaken RT 0RW 0;P01;P01;;1;DONE 01/02 - 8.07 PM
13324;55044252;IKAN ASIN SAKIAH <SAKIAH>;Pasar senaken, RT 0/RW 0;6401040016;64;1;40;16;KALIMANTAN TIMUR;PASER;TANAH GROGOT;SENAKEN;eyJpdiI6InE3d3h6eCtXaENSRWhlTk9kTVFNRUE9PSIsInZhbHVlIjoiOXZ1c21ZeW9lSnc4N004cHg2TzF6dz09IiwibWFjIjoiNDQ5ZmU5OTdiOThiMTZhYTQ4MjMwNDUzOTNkOThiY2I1ZmEzZmVmZTJhMGFiNTkxZjZmMWU0YjEwNDc5OTk1MSIsInRhZyI6IiJ9;;[Kegiatan Usaha: Menjual ikan asin eceran di pasar, Kategori: G, KBLI: 47245];;;;UMKM;;-1.85062137;116.2302045;valid;;;FALSE;FALSE;TRUE;;;invalid;;;;;;ikan asin sakiah sakiah;0;0;0;;;pasar senaken rt 0 rw 0;;47;ikan asin sakiah sakiah pasar senaken rt 0 rw 0 kbli47;1;0;1;1;Aktif;Pasar senaken RT 0RW 0;P01;P01;;1;DONE 01/02 - 8.07 PM
13332;55074806;HAMING;wilayah pasar senaken, RT 0/RW 0;6401040016;64;1;40;16;KALIMANTAN TIMUR;PASER;TANAH GROGOT;SENAKEN;eyJpdiI6ImwyL3duSTVGTzRqYjVlMFBDOTNyTmc9PSIsInZhbHVlIjoib2pBOTU3OW96ekxMQ1p2dUZqRFQrZz09IiwibWFjIjoiZjUzZjg0ZDVkZWYwOTk1YjEzYWRlZDIwMDY2MzQyMmU2OTg3M2RhMjZmMTM0YmE4MTlmM2M0YjJmNTVjYmFmMSIsInRhZyI6IiJ9;;[Kegiatan Usaha: menjual sembako eceran, Kategori: G, KBLI: 47823];;;;UMKM;;-1.933935197;116.164607;invalid;;;FALSE;FALSE;TRUE;;;invalid;;;;;;haming;0;0;0;;;wilayah pasar senaken rt 0 rw 0;;47;haming wilayah pasar senaken rt 0 rw 0 kbli47;1;0;1;0;Aktif;wilayah pasar senaken RT 0RW 0;P01;P01;;1;DONE 01/02 - 8.07 PM
13335;55208727;SANIAH;wilayah pasar senaken, RT 0/RW 0;6401040016;64;1;40;16;KALIMANTAN TIMUR;PASER;TANAH GROGOT;SENAKEN;eyJpdiI6IlNNeHN5S3Fhbk1tRlphS0NBVUU2TWc9PSIsInZhbHVlIjoiaFNZczg0VGlMVkJjK2M5VTEyS1lyQT09IiwibWFjIjoiMmZiYjJkYjU1ZDJmNTA0NjU0MGEzYjdjNGNhZDIzZmFjOGU1MjkzODhmOTJjOWI0ZTgzMDdjYzkwOGU5ZTE5MCIsInRhZyI6IiJ9;;[Kegiatan Usaha: menjual tomat cabe, Kategori: G, KBLI: 47213];;;;UMKM;;-1.8930378;116.169542;valid;;;FALSE;FALSE;TRUE;;;invalid;;;;;;saniah;0;0;0;;;wilayah pasar senaken rt 0 rw 0;;47;saniah wilayah pasar senaken rt 0 rw 0 kbli47;1;0;1;0;Aktif;wilayah pasar senaken RT 0RW 0;P01;P01;;1;DONE 01/02 - 8.07 PM
13340;55126144;SAYUR IMAM SUBAKIN <IMAM SUBAKN>;Pasar senaken, RT 0/RW 0;6401040016;64;1;40;16;KALIMANTAN TIMUR;PASER;TANAH GROGOT;SENAKEN;eyJpdiI6ImRUR2lhb05CQ3dxSVJQUk1XMWE4K3c9PSIsInZhbHVlIjoiNXU0QjlnTWZ1U2twM3ZQcUhORnNBQT09IiwibWFjIjoiYzUwZTBlOWUxMjgwYzQxYmNiYzlhY2I3NzY5MzZjYTE1NmI2YTQyNjAwMWFiMDg2MDY2YWRkNDhlODU2ZWRkOCIsInRhZyI6IiJ9;;[Kegiatan Usaha: Menjual sayur eceran di pasar, Kategori: G, KBLI: 47213];;;;UMKM;;-1.933935197;116.164607;invalid;;;FALSE;FALSE;TRUE;;;invalid;;;;;;sayur imam subakin imam subakn;0;0;0;;;pasar senaken rt 0 rw 0;;47;sayur imam subakin imam subakn pasar senaken rt 0 rw 0 kbli47;1;0;1;1;Aktif;Pasar senaken RT 0RW 0;P01;P01;;1;DONE 01/02 - 8.07 PM
13354;55045455;UKAS HARIYONO;Wil. Pasar senaken, RT 0/RW 0;6401040016;64;1;40;16;KALIMANTAN TIMUR;PASER;TANAH GROGOT;SENAKEN;eyJpdiI6InlWVWtiM045WDhZWExWWGYvaXIvRWc9PSIsInZhbHVlIjoib1VDNXArVmlzeEJlbFBjYzJmOHFCQT09IiwibWFjIjoiMjc3MjkzM2Y5NjViYWI4NGU1ZTdkMTRjNzU1ZmQ1OWViOTMyYjI3MGFkNWNhZDUyOTUzODBiNzc4N2IzNDJjMyIsInRhZyI6IiJ9;;[Kegiatan Usaha: Menjual ikan basah, Kategori: G, KBLI: 47215];;;;UMKM;;-1.933935197;116.164607;invalid;;;FALSE;FALSE;TRUE;;;invalid;;;;;;ukas hariyono;0;0;0;;;wil pasar senaken rt 0 rw 0;;47;ukas hariyono wil pasar senaken rt 0 rw 0 kbli47;1;0;1;0;Aktif;Wil Pasar senaken RT 0RW 0;P01;P01;;1;DONE 01/02 - 8.07 PM
13368;55127041;JUSMAN DIRAH;wilayah pasar senaken, RT 0/RW 0;6401040016;64;1;40;16;KALIMANTAN TIMUR;PASER;TANAH GROGOT;SENAKEN;eyJpdiI6IjJYV0Q4dlVjNVl3NmpYMjk5emxMNkE9PSIsInZhbHVlIjoibTdGeEpjSGxRV2djakJsUXZzRml5Zz09IiwibWFjIjoiMDJjNWQyOTA2MWZmNjI4NzczMjRiNDFmNzgyMTg3MzliMGVjYjQzODg3MDAyODZjNzUyNDQ3ZTE4OWFjMTBkOCIsInRhZyI6IiJ9;;[Kegiatan Usaha: menjual ikan basah, Kategori: G, KBLI: 47215];;;;UMKM;;-1.933935197;116.164607;invalid;;;FALSE;FALSE;TRUE;;;invalid;;;;;;jusman dirah;0;0;0;;;wilayah pasar senaken rt 0 rw 0;;47;jusman dirah wilayah pasar senaken rt 0 rw 0 kbli47;1;0;1;0;Aktif;wilayah pasar senaken RT 0RW 0;P01;P01;;1;DONE 01/02 - 8.07 PM
13370;55076860;JUMRIAH;Wil. Pasar senaken, RT 0/RW 0;6401040016;64;1;40;16;KALIMANTAN TIMUR;PASER;TANAH GROGOT;SENAKEN;eyJpdiI6ImptKytrODlESC9TRE1ObVd6SjhFcmc9PSIsInZhbHVlIjoiM1lXUFlKU053YVg4VGR3d1NiVXRXQT09IiwibWFjIjoiZWE5NDg5NTM3MTYyNzQxODM0YjMxMmQzYzRiMDQ2NjRkMWViNjFmNmViY2FlM2I1NjcxZjE5ZGE2ZTY3NzVkMiIsInRhZyI6IiJ9;;[Kegiatan Usaha: Menjual bawang merah, Kategori: G, KBLI: 47813];;;;UMKM;;-1.94228793;116.1132955;valid;;;FALSE;FALSE;TRUE;;;invalid;;;;;;jumriah;0;0;0;;;wil pasar senaken rt 0 rw 0;;47;jumriah wil pasar senaken rt 0 rw 0 kbli47;1;0;1;0;Aktif;Wil Pasar senaken RT 0RW 0;P01;P01;;1;DONE 01/02 - 8.07 PM
13376;55210237;SAYUR JUWADI <JUWADI>;Pasar senaken, RT 0/RW 0;6401040016;64;1;40;16;KALIMANTAN TIMUR;PASER;TANAH GROGOT;SENAKEN;eyJpdiI6IkYxZHVUdkN6enVSNXRkYXZIR3drQXc9PSIsInZhbHVlIjoiemhQbHhVNE5zNkZkS1JRV29JNDRMUT09IiwibWFjIjoiNDNiN2VjNDBjNWJkMzViN2Y1NmNmNWQ3ZDIxNzkzZWU5NTAwYTEwNmRiYjEzYzMxYWNkOWI2ZGRjMjIwYzNlOCIsInRhZyI6IiJ9;;[Kegiatan Usaha: menjual sayur eceran di pasar, Kategori: G, KBLI: 47213];;;;UMKM;;-1.854713333;116.1488617;valid;;;FALSE;FALSE;TRUE;;;invalid;;;;;;sayur juwadi juwadi;0;0;0;;;pasar senaken rt 0 rw 0;;47;sayur juwadi juwadi pasar senaken rt 0 rw 0 kbli47;1;0;1;1;Aktif;Pasar senaken RT 0RW 0;P01;P01;;1;DONE 01/02 - 8.07 PM
13378;55075203;KHAIRUL MAWA;Pasar senaken, RT 0/RW 0;6401040016;64;1;40;16;KALIMANTAN TIMUR;PASER;TANAH GROGOT;SENAKEN;eyJpdiI6InBFbVdseWtHaE81TWFYbGcvaHVybUE9PSIsInZhbHVlIjoiejk4ODc5SDdmQ09WQTJmQ1VzUEYrUT09IiwibWFjIjoiM2IwN2MxMDRhMTMwOTllOWFkYzZmMzgwMTQ1ZTk3MmU0NTRiNzIxZjA4ZjlmMDFhOWM3ZTc3ODE3NTg5OTA0MyIsInRhZyI6IiJ9;;[Kegiatan Usaha: Menjual elektronik, dan peralatan listrik peralatan, Kategori: G, KBLI: 47592];;;;UMKM;;-1.91555587;116.1948005;valid;;;FALSE;FALSE;TRUE;;;invalid;;;;;;khairul mawa;0;0;0;;;pasar senaken rt 0 rw 0;;47;khairul mawa pasar senaken rt 0 rw 0 kbli47;1;0;1;0;Aktif;Pasar senaken RT 0RW 0;P01;P01;;1;DONE 01/02 - 8.07 PM
13384;55209248;PECAH BELAH SALIM <SALIM>;Pasar senaken, RT 0/RW 0;6401040016;64;1;40;16;KALIMANTAN TIMUR;PASER;TANAH GROGOT;SENAKEN;eyJpdiI6IlVJeXA0em1VS3o0ZnpicFJFcDVLbVE9PSIsInZhbHVlIjoiQmZMKzErWHcvS1ArNEhqc0hWWE50dz09IiwibWFjIjoiZTRkNDAyNDViOWFhM2MzZjQ4YTM5MmQxMzdmZjU3MmE0MzUzYjNhMzQ1MTY1NTQxYzI3YWZiM2Q0MjdmODhiMiIsInRhZyI6IiJ9;;[Kegiatan Usaha: Menjual pecah belah di lapak pasar, Kategori: G, KBLI: 47596];;;;UMKM;;-1.834664371;116.2372693;valid;;;FALSE;FALSE;TRUE;;;invalid;;;;;;pecah belah salim salim;0;0;0;;;pasar senaken rt 0 rw 0;;47;pecah belah salim salim pasar senaken rt 0 rw 0 kbli47;1;0;1;1;Aktif;Pasar senaken RT 0RW 0;P01;P01;;1;DONE 01/02 - 8.07 PM
13388;55099167;ROHANI;Wil. Pasar senaken, RT 0/RW 0;6401040016;64;1;40;16;KALIMANTAN TIMUR;PASER;TANAH GROGOT;SENAKEN;eyJpdiI6IkkydlhadFBkcnFKS1F2Yk9mb0toWlE9PSIsInZhbHVlIjoiMjl6dzR6K09EdnpBUTE5Qm9Lak9lZz09IiwibWFjIjoiZGNiMjQ2MDYyYzhhYWQ5NTQ3ZmUxNjlmNTgzMmE0MjRhMjJmYzA2NzgyNjZlNzc3YjQ2NTU5NjQzOTMxZjgwMyIsInRhZyI6IiJ9;;[Kegiatan Usaha: Menjual sayur, Kategori: G, KBLI: 47213];;;;UMKM;;-0.037673333;104.63799;valid;;;FALSE;FALSE;TRUE;;;invalid;;;;;;rohani;0;0;0;;;wil pasar senaken rt 0 rw 0;;47;rohani wil pasar senaken rt 0 rw 0 kbli47;1;0;1;0;Aktif;Wil Pasar senaken RT 0RW 0;P01;P01;;1;DONE 01/02 - 8.07 PM
13393;55074295;NORHASIMAH;Pasar senaken, RT 0/RW 0;6401040016;64;1;40;16;KALIMANTAN TIMUR;PASER;TANAH GROGOT;SENAKEN;eyJpdiI6ImI2Vi8yNExvV3RuZnYvNmg1MXZZMHc9PSIsInZhbHVlIjoiblVQTnZ3SmtwOHNQZXk5bzNNRmFjQT09IiwibWFjIjoiMDM4OTQ4OTY3ODhkYzliNDAxZjMyNWZjZTEwZTlmMjI1ZWM4NTIxNmYxY2IzZGJjZDJlYjY3YzhlZjI0ZmQ0OCIsInRhZyI6IiJ9;;[Kegiatan Usaha: Mainan, Kategori: G, KBLI: 47882];;;;UMKM;;-1.933935197;116.164607;invalid;;;FALSE;FALSE;TRUE;;;invalid;;;;;;norhasimah;0;0;0;;;pasar senaken rt 0 rw 0;;47;norhasimah pasar senaken rt 0 rw 0 kbli47;1;0;1;0;Aktif;Pasar senaken RT 0RW 0;P01;P01;;1;DONE 01/02 - 8.07 PM
13399;55264747;SAYUR SUNARTO <SUNARTO>;Pasar senaken, RT 0/RW 0;6401040016;64;1;40;16;KALIMANTAN TIMUR;PASER;TANAH GROGOT;SENAKEN;eyJpdiI6IkFXdzlVQ1ZvTHZLMjU3TVNtQ09sR0E9PSIsInZhbHVlIjoiTTFlWDRuNWMxbnp6RFVPMUFYL2M0Zz09IiwibWFjIjoiNDhjNTE2MGY4ZTI4ZjljYTJmMDAwMDUxZGViNDYzZTg2OWE2ZmVkMmUxMjE0MzhkMzRmYTAxNzA4YTNkYmMyZSIsInRhZyI6IiJ9;;[Kegiatan Usaha: menjual sayur eceran di pasar, Kategori: G, KBLI: 47213];;;;UMKM;;-1.86273455;116.1552418;valid;;;FALSE;FALSE;TRUE;;;invalid;;;;;;sayur sunarto sunarto;0;0;0;;;pasar senaken rt 0 rw 0;;47;sayur sunarto sunarto pasar senaken rt 0 rw 0 kbli47;1;0;1;1;Aktif;Pasar senaken RT 0RW 0;P01;P01;;1;DONE 01/02 - 8.07 PM
13402;55127274;TK. AISYAH COLECSEN <EKA MULYANI TIPUNG>;Pasar senaken, RT 0/RW 0;6401040016;64;1;40;16;KALIMANTAN TIMUR;PASER;TANAH GROGOT;SENAKEN;eyJpdiI6IjZRaEN2N1Y1bHl5KzVyTkNmWTMycVE9PSIsInZhbHVlIjoiOWROUlN6OE9tbitNWE1kZ2lqUU9LUT09IiwibWFjIjoiZjgzODIxNjdiZjI3NGVjMjQwZWNkMjA4N2MzMjc3MzczMTRjNjEwMzdiNTNmMTZhNTYwZTA0NGY1ZGVhMjRjNiIsInRhZyI6IiJ9;;[Kegiatan Usaha: Menjual pakaian, Kategori: G, KBLI: 47711];;;;UMKM;;-1.91881606;116.1956826;valid;;;FALSE;FALSE;TRUE;;;invalid;;;;;;tk aisyah colecsen eka mulyani tipung;0;0;0;;;pasar senaken rt 0 rw 0;;47;tk aisyah colecsen eka mulyani tipung pasar senaken rt 0 rw 0 kbli47;1;0;1;1;Aktif;Pasar senaken RT 0RW 0;P01;P01;;1;DONE 01/02 - 8.07 PM
13405;55238259;PISANG JUMAWATI <JUMAWATI>;Pasar senaken, RT 0/RW 0;6401040016;64;1;40;16;KALIMANTAN TIMUR;PASER;TANAH GROGOT;SENAKEN;eyJpdiI6IkVSL2lzL2xFZ0Nkc3NvZUVSYXdVNEE9PSIsInZhbHVlIjoiaUd0cHFUcTUvNUtETTVNWHVHL01xQT09IiwibWFjIjoiNDVmYjRiYTZmZmIzZGZkOTZhMjBiOGE4ZWI5MGMyNDZiNGVkODZlZTJkNzNjYzMzNTljNTExYTdkODUxMWUyNCIsInRhZyI6IiJ9;;[Kegiatan Usaha: Menjual buah pisang eceran di pasar, Kategori: G, KBLI: 47212];;;;UMKM;;-1.933935197;116.164607;invalid;;;FALSE;FALSE;TRUE;;;invalid;;;;;;pisang jumawati jumawati;0;0;0;;;pasar senaken rt 0 rw 0;;47;pisang jumawati jumawati pasar senaken rt 0 rw 0 kbli47;1;0;1;1;Aktif;Pasar senaken RT 0RW 0;P01;P01;;1;DONE 01/02 - 8.07 PM
13416;55265104;SAYUR SITI HAJAR <SITI HAJAR>;Pasar senaken hamparan subuh, RT 0/RW 0;6401040016;64;1;40;16;KALIMANTAN TIMUR;PASER;TANAH GROGOT;SENAKEN;eyJpdiI6Im0yc21oSUtuOUFBNFR2elFud0t6SUE9PSIsInZhbHVlIjoicnVIKzYrdit1bzh1aTJzUXNXVWplZz09IiwibWFjIjoiOTIyZTkwNTQ1M2YyOTJiYmRjZTYzZWMyODc3ZTYxMjhiNTdlZTA0M2E4YTA3NDdkYTNmYmU3N2RhZTA1Mjg0YiIsInRhZyI6IiJ9;;[Kegiatan Usaha: Menjual sayur eceran di lapak pasar, Kategori: G, KBLI: 47213];;;;UMKM;;-1.933935197;116.164607;invalid;;;FALSE;FALSE;TRUE;;;invalid;;;;;;sayur siti hajar siti hajar;0;0;0;;;pasar senaken hamparan subuh rt 0 rw 0;;47;sayur siti hajar siti hajar pasar senaken hamparan subuh rt 0 rw 0 kbli47;1;0;1;1;Aktif;Pasar senaken hamparan subuh RT 0RW 0;P01;P01;;1;DONE 01/02 - 8.07 PM
13428;55239224;UDANG MULIANI <YANA>;Pasar senaken blok c, RT 0/RW 0;6401040016;64;1;40;16;KALIMANTAN TIMUR;PASER;TANAH GROGOT;SENAKEN;eyJpdiI6ImIraHduTVlJdlpSTFZGRkgvckdHcUE9PSIsInZhbHVlIjoiNWhDeGdtcnJUYktGc05QbTZ1Y1YwUT09IiwibWFjIjoiNmFiNGYwZTRiNjFjZTJjNzY5OTI4ZjVlNDQxNDMxZmQ0ZDZjNjEyNzU4OTY0ZjFhNTEwN2IyOTIzZWNlNDg0MiIsInRhZyI6IiJ9;;[Kegiatan Usaha: Menjual Udang eceran di pasar, Kategori: G, KBLI: 47215];;;;UMKM;;-1.933935197;116.164607;invalid;;;FALSE;FALSE;TRUE;;;invalid;;;;;;udang muliani yana;0;0;0;;;pasar senaken blok c rt 0 rw 0;;47;udang muliani yana pasar senaken blok c rt 0 rw 0 kbli47;1;0;1;1;Aktif;Pasar senaken blok c RT 0RW 0;P01;P01;;1;DONE 01/02 - 8.07 PM
13433;55152999;TOKO  RIYADI <SERIYAH>;PASAR SENAKEN, RT 0/RW 0;6401040009;64;1;40;9;KALIMANTAN TIMUR;PASER;TANAH GROGOT;JONE;eyJpdiI6IllCMnk5UUpRNGF1cDJaQXRMaklkNnc9PSIsInZhbHVlIjoiUzhOajQ4RkordXJUU3UveVZVeWM2Zz09IiwibWFjIjoiOTc3ZDgyYzRjODE5ZjgxNWY5MmRjODAxMDVjN2M3ZmMyNzkyMzliODc3OTc1MDI5NTNkMzQwOWRhOWM1ZGY4ZiIsInRhZyI6IiJ9;;[Kegiatan Usaha: MENJUAL PAKAIAN, Kategori: G, KBLI: 47711];;;;UMKM;;-1.914445;116.1963633;valid;;;FALSE;FALSE;TRUE;;;invalid;;;;;;riyadi seriyah;0;0;0;;;pasar senaken rt 0 rw 0;;47;riyadi seriyah pasar senaken rt 0 rw 0 kbli47;1;0;1;1;Aktif;PASAR SENAKEN RT 0RW 0;P01;P01;;1;DONE 01/02 - 8.07 PM
13447;55178733;MARLINA DEWII <MARLINA DEWI>;Pasar senaken, RT 0/RW 0;6401040016;64;1;40;16;KALIMANTAN TIMUR;PASER;TANAH GROGOT;SENAKEN;eyJpdiI6ImQzVmJMcmFHcU1UaVVSb3VOcDNOakE9PSIsInZhbHVlIjoiQXVPNVdqaUExRnpKL2FkOWdDZHVPZz09IiwibWFjIjoiNjkwMWVhOWQ3NGM0MTFhMjIxNjFkOWZlZGQyYWIwZjRlMDZhM2NmOGVhNmE0OTNlYWFkYjYxODdhYmI3ZWU3NSIsInRhZyI6IiJ9;;[Kegiatan Usaha: Menjual pakaina, Kategori: G, KBLI: 47711];;;;UMKM;;-1.9167686;116.1992125;valid;;;FALSE;FALSE;TRUE;;;invalid;;;;;;marlina dewii marlina dewi;0;0;0;;;pasar senaken rt 0 rw 0;;47;marlina dewii marlina dewi pasar senaken rt 0 rw 0 kbli47;1;0;1;1;Aktif;Pasar senaken RT 0RW 0;P01;P01;;1;DONE 01/02 - 8.07 PM
13449;55075098;TK. USAHA BARU <DWI JULIANTI RAHMATIYAH>;Pasar senaken, RT 0/RW 0;6401040016;64;1;40;16;KALIMANTAN TIMUR;PASER;TANAH GROGOT;SENAKEN;eyJpdiI6IjdRb3ltNFlYSFBleG9tYWEyaDlzdXc9PSIsInZhbHVlIjoiRXR3ejdhVXRUWVFOMDh0aTNRTGRpUT09IiwibWFjIjoiYTc4MzA5NTg3NzExZTY0ZDkyN2QzODczNjdhMTQ1NjY3N2JlNDViNzMwZTNiNmU5Yzc1ZjRlZmM4Yzk5NWE0MSIsInRhZyI6IiJ9;;[Kegiatan Usaha: Menjual pecah belah, Kategori: G, KBLI: 47863];;;;UMKM;;-1.933935197;116.164607;invalid;;;FALSE;FALSE;TRUE;;;invalid;;;;;;tk usaha baru dwi julianti rahmatiyah;0;0;0;;;pasar senaken rt 0 rw 0;;47;tk usaha baru dwi julianti rahmatiyah pasar senaken rt 0 rw 0 kbli47;1;0;1;1;Aktif;Pasar senaken RT 0RW 0;P01;P01;;1;DONE 01/02 - 8.07 PM
13450;55156554;AINUN JARIAH <AINUN ZARIAH>;Pasar senaken, RT 0/RW 0;6401040016;64;1;40;16;KALIMANTAN TIMUR;PASER;TANAH GROGOT;SENAKEN;eyJpdiI6IlVxVUJOekNacVFpbkpZVGRCenZ0R1E9PSIsInZhbHVlIjoid1RkQVhaWHZqMkRUVytMQUo3eHR1QT09IiwibWFjIjoiZmFmZGM5MDA3N2ExZDJlMzYzYjBhZDYzODVkOTY1OWNkZTJlOTdjODNmNTI5NGU4NmZmOTBiNDZhMWZiNDcxYSIsInRhZyI6IiJ9;;[Kegiatan Usaha: Menjual pakaian, Kategori: G, KBLI: 47711];;;;UMKM;;-1.913132313;116.1876605;valid;;;FALSE;FALSE;TRUE;;;invalid;;;;;;ainun jariah ainun zariah;0;0;0;;;pasar senaken rt 0 rw 0;;47;ainun jariah ainun zariah pasar senaken rt 0 rw 0 kbli47;1;0;1;1;Aktif;Pasar senaken RT 0RW 0;P01;P01;;1;DONE 01/02 - 8.07 PM
13456;55209810;ZAHRA KOSMETIK <HARIS FADILAH>;Pasar senaken, RT 0/RW 0;6401040016;64;1;40;16;KALIMANTAN TIMUR;PASER;TANAH GROGOT;SENAKEN;eyJpdiI6InZlUmJoTklZNGFTb2hvT29yUWhqV0E9PSIsInZhbHVlIjoiaHhrYmJCMkJVMy9zUlVHVVZLTTdPUT09IiwibWFjIjoiYmE3OTZmYWQ0ODE1ZDJjOTQyYzNiNGQwY2NkOGE4NDJkZmRiNjgwMmY3MjJkMzZmMmQ2ZGY5NTZjMWQ0OTg1OCIsInRhZyI6IiJ9;;[Kegiatan Usaha: Menjual kosmetik, Kategori: G, KBLI: 47844];;;;UMKM;;-1.91794;116.1937467;valid;;;FALSE;FALSE;TRUE;;;invalid;;;;;;zahra kosmetik haris fadilah;0;0;0;;;pasar senaken rt 0 rw 0;;47;zahra kosmetik haris fadilah pasar senaken rt 0 rw 0 kbli47;1;0;1;1;Aktif;Pasar senaken RT 0RW 0;P01;P01;;1;DONE 01/02 - 8.07 PM
13457;55207591;TOKO MAHRIANI <MAHRIANI>;PASAR SENAKEN, RT 0/RW 0;6401040009;64;1;40;9;KALIMANTAN TIMUR;PASER;TANAH GROGOT;JONE;eyJpdiI6IjUrNkI0MjBvTFdJUTVLWFdPbzBIT3c9PSIsInZhbHVlIjoiWC9OUFhYajFSK0xMSWR5U2JrUVZoQT09IiwibWFjIjoiOGZhNGJiYjg4MDEyOWZmNjBjNTBiZjBhNjc4ZTI5ZGRiYzA2ZDhmMzNlY2E5NGM3ZmJjYTA0YTUwNTcwNzgyMCIsInRhZyI6IiJ9;;[Kegiatan Usaha: Menjual pakaian, Kategori: G, KBLI: 47711];;;;UMKM;;-1.933935197;116.164607;invalid;;;FALSE;FALSE;TRUE;;;invalid;;;;;;mahriani mahriani;0;0;0;;;pasar senaken rt 0 rw 0;;47;mahriani mahriani pasar senaken rt 0 rw 0 kbli47;1;0;1;1;Aktif;PASAR SENAKEN RT 0RW 0;P01;P01;;1;DONE 01/02 - 8.07 PM
13467;55076447;SAYUR NURYADI <NURYADI>;Pasar senaken, RT 0/RW 0;6401040016;64;1;40;16;KALIMANTAN TIMUR;PASER;TANAH GROGOT;SENAKEN;eyJpdiI6IlVGQUlOamxKME9OVFJhZGhBbVcwS0E9PSIsInZhbHVlIjoiZjBOU21mYmMxMXcvT1Qzc3lqUUxEQT09IiwibWFjIjoiYmQ4ZjVmNjRiN2RhYjBhMzlmY2UwZWFjY2EzZDMzNzY1OTUxYzg5OTU5MzIzN2U3MTg4NjM1ZDI3YzJmNjMyMSIsInRhZyI6IiJ9;;[Kegiatan Usaha: Menjual sayur eceran di lapak pasar, Kategori: G, KBLI: 47213];;;;UMKM;;-1.933935197;116.164607;invalid;;;FALSE;FALSE;TRUE;;;invalid;;;;;;sayur nuryadi nuryadi;0;0;0;;;pasar senaken rt 0 rw 0;;47;sayur nuryadi nuryadi pasar senaken rt 0 rw 0 kbli47;1;0;1;1;Aktif;Pasar senaken RT 0RW 0;P01;P01;;1;DONE 01/02 - 8.07 PM
13469;55124551;MUHAMMAD YAMANI <MUHAHAMMAD YANI>;Pasar senaken, RT 0/RW 0;6401040016;64;1;40;16;KALIMANTAN TIMUR;PASER;TANAH GROGOT;SENAKEN;eyJpdiI6IlRjNGVGZW5xem0zcnpBTFA3Q0xscUE9PSIsInZhbHVlIjoiMVpiZXBTMXN4MFRxY01KbWNNVml0UT09IiwibWFjIjoiY2IzMDZiMGMwZDUwNjM1NDdiNjAxMjFkNjAzZmRjNDZlM2VjMTVkZDJkOTM1MjllYjQ4NDUyMDAzNzc1NzVhOSIsInRhZyI6IiJ9;;[Kegiatan Usaha: Menjual pakaian, Kategori: G, KBLI: 47711];;;;UMKM;;-1.914045431;116.1959472;valid;;;FALSE;FALSE;TRUE;;;invalid;;;;;;muhammad yamani muhahammad yani;0;0;0;;;pasar senaken rt 0 rw 0;;47;muhammad yamani muhahammad yani pasar senaken rt 0 rw 0 kbli47;1;0;1;1;Aktif;Pasar senaken RT 0RW 0;P01;P01;;1;DONE 01/02 - 8.07 PM
13470;55207293;TAUFIK;Wil.. Pasar senaken, RT 0/RW 0;6401040016;64;1;40;16;KALIMANTAN TIMUR;PASER;TANAH GROGOT;SENAKEN;eyJpdiI6ImQzUThrYmZRd1FCNThydmVyOHpZSFE9PSIsInZhbHVlIjoiNC9xWEUzbmxsQVU0S2NPRjF4T2dIZz09IiwibWFjIjoiNmQ0Mzk4ODRkMWFkMDhjOWVkMzIyY2MyMTkzNjBmNjgzYTNjMTY3MmUyNDM1ZWFlZjI2ODAyM2QzNjBkNzg2NiIsInRhZyI6IiJ9;;[Kegiatan Usaha: Sembako eceran, Kategori: G, KBLI: 47112];;;;UMKM;;-1.90477;116.21939;valid;;;FALSE;FALSE;TRUE;;;invalid;;;;;;taufik;0;0;0;;;wil pasar senaken rt 0 rw 0;;47;taufik wil pasar senaken rt 0 rw 0 kbli47;1;0;1;0;Aktif;Wil Pasar senaken RT 0RW 0;P01;P01;;1;DONE 01/02 - 8.07 PM
13475;55101570;TOKO IHIM <RAFIAH>;Pasar senaken, RT 0/RW 0;6401040016;64;1;40;16;KALIMANTAN TIMUR;PASER;TANAH GROGOT;SENAKEN;eyJpdiI6InB4bGNLRm04d2w4eGh1M1hsbERHVEE9PSIsInZhbHVlIjoiQ2VHRC9EbndoVVFuNCtSUEIrVThRdz09IiwibWFjIjoiMjExYjMyNWY5MTUyMmJkNTk2MzZkZWM1OTZlZGFlZTJjOTFhMzA1YWFiMDJmY2I3ZDYwODA4MmRkZDQyN2ViOSIsInRhZyI6IiJ9;;[Kegiatan Usaha: Menjual pakaian, Kategori: G, KBLI: 47711];;;;UMKM;;-1.900601667;116.1950483;valid;;;FALSE;FALSE;TRUE;;;invalid;;;;;;ihim rafiah;0;0;0;;;pasar senaken rt 0 rw 0;;47;ihim rafiah pasar senaken rt 0 rw 0 kbli47;1;0;1;1;Aktif;Pasar senaken RT 0RW 0;P01;P01;;1;DONE 01/02 - 8.07 PM
13476;55181335;IKAN KERING NURHASNAWATI <NURHASNAWATI>;Pasar senaken, RT 0/RW 0;6401040016;64;1;40;16;KALIMANTAN TIMUR;PASER;TANAH GROGOT;SENAKEN;eyJpdiI6IlFqbzZwL29SOE0zMENOTC85b1NwMXc9PSIsInZhbHVlIjoiVVBFTG1UT1VlUjhTYlkwZ1NjV3NJUT09IiwibWFjIjoiY2I4YzJiMmQ0NzA0MDRlMWNiYzMxZjQ3NjUzMDY0MTlkZjg2YzJmZjYxZmIwOWUxNDNmZjk2YmIzNzg1Yjk4NyIsInRhZyI6IiJ9;;[Kegiatan Usaha: Menjual ikan kering eceran di lapak pasar, Kategori: G, KBLI: 47249];;;;UMKM;;-1.933935197;116.164607;invalid;;;FALSE;FALSE;TRUE;;;invalid;;;;;;ikan kering nurhasnawati nurhasnawati;0;0;0;;;pasar senaken rt 0 rw 0;;47;ikan kering nurhasnawati nurhasnawati pasar senaken rt 0 rw 0 kbli47;1;0;1;1;Aktif;Pasar senaken RT 0RW 0;P01;P01;;1;DONE 01/02 - 8.07 PM
13480;55121214;NGATINEM DARWATI;wilayah pasar senaken, RT 0/RW 0;6401040016;64;1;40;16;KALIMANTAN TIMUR;PASER;TANAH GROGOT;SENAKEN;eyJpdiI6Ill6Y1V0VTZBWVZ5ZTRCR3RlczBYTHc9PSIsInZhbHVlIjoidEt5MXdXUHJ3OFl4NjBqaW9QblZrUT09IiwibWFjIjoiMTI2YTQxMWVkOTg1MzkyN2YwZGU3YzAyYWI1YWZiNTZjM2NlYzAxOTUwZGM2MDg0ZmYwNDAwMGRjYjMzY2I3NyIsInRhZyI6IiJ9;;[Kegiatan Usaha: menjual makanan jadi, Kategori: I, KBLI: 56103];;;;UMKM;;-1.84859678;116.236713;valid;;;FALSE;FALSE;TRUE;;;invalid;;;;;;ngatinem darwati;0;0;0;;;wilayah pasar senaken rt 0 rw 0;;56;ngatinem darwati wilayah pasar senaken rt 0 rw 0 kbli56;1;0;1;0;Aktif;wilayah pasar senaken RT 0RW 0;P01;P01;;1;DONE 01/02 - 8.07 PM
13488;55123284;SAPARUDIN;Pasar senaken, RT 0/RW 0;6401040016;64;1;40;16;KALIMANTAN TIMUR;PASER;TANAH GROGOT;SENAKEN;eyJpdiI6IjJUeS8vQzhVaG1HQU1jR2pKMjl0VEE9PSIsInZhbHVlIjoiaVB3ZXl3aXJVbGRxYklIano2RjgyZz09IiwibWFjIjoiOWI5ZGJkZTBjNzRjMjcwMzI5MmI3Mzg3MGJmYTk5ZTBlMDZlMzkwZDYwMjcyNTQ2MzA2ZWQ5MmM3NjdhMTY5YSIsInRhZyI6IiJ9;;[Kegiatan Usaha: Bakar bakaran lauk, Kategori: I, KBLI: 56103];;;;UMKM;;-1.84859678;116.236713;valid;;;FALSE;FALSE;TRUE;;;invalid;;;;;;saparudin;0;0;0;;;pasar senaken rt 0 rw 0;;56;saparudin pasar senaken rt 0 rw 0 kbli56;1;0;1;0;Aktif;Pasar senaken RT 0RW 0;P01;P01;;1;DONE 01/02 - 8.07 PM
13498;55068567;RIKY ANANDA;wilayah pasar senaken, RT 0/RW 0;6401040016;64;1;40;16;KALIMANTAN TIMUR;PASER;TANAH GROGOT;SENAKEN;eyJpdiI6IkNJWU9uQ1p5TlZRNXhHYUc5dDU3TUE9PSIsInZhbHVlIjoicVlEQmthTGc5U0tZa2J3U1A0Q1VqUT09IiwibWFjIjoiZmU3NGIzNmUxMGJiMzhmZjVmNGQ0NDQ4MDA5YzkwMmUzZDYyOGRhYzY2OWM1MTNiM2ZlMTNiNzJlM2VjYzY2NSIsInRhZyI6IiJ9;;[Kegiatan Usaha: menjual ikan basah hasil nelayan, Kategori: G, KBLI: 47215];;;;UMKM;;-1.88807602;116.1995664;valid;;;FALSE;FALSE;TRUE;;;invalid;;;;;;riky ananda;0;0;0;;;wilayah pasar senaken rt 0 rw 0;;47;riky ananda wilayah pasar senaken rt 0 rw 0 kbli47;1;0;1;0;Aktif;wilayah pasar senaken RT 0RW 0;P01;P01;;1;DONE 01/02 - 8.07 PM
13520;55128200;KASFIANI <KASPFIANI>;Pasar senaken, RT 0/RW 0;6401040016;64;1;40;16;KALIMANTAN TIMUR;PASER;TANAH GROGOT;SENAKEN;eyJpdiI6InZFK1ZNSXg4c3p1N2lrSk1oeUZSZ3c9PSIsInZhbHVlIjoiUHdmV2N1Vk1tS3cyMEh3dy9nL1ZRQT09IiwibWFjIjoiYWIxNWQ1M2EzYTAyZTNkZDQzZTIxYzc2ZDE5NzI1NDQ1YzYyMjQxMjIxOGE0NzdlMzdjNmM2Yzk5MmNlMGNkNSIsInRhZyI6IiJ9;;[Kegiatan Usaha: Menjual pakaian, Kategori: G, KBLI: 47711];;;;UMKM;;-1.933935197;116.164607;invalid;;;FALSE;FALSE;TRUE;;;invalid;;;;;;kasfiani kaspfiani;0;0;0;;;pasar senaken rt 0 rw 0;;47;kasfiani kaspfiani pasar senaken rt 0 rw 0 kbli47;1;0;1;1;Aktif;Pasar senaken RT 0RW 0;P01;P01;;1;DONE 01/02 - 8.07 PM
13540;55122894;KERUPUK IRUS <IRUSMIATI>;Pasar senaken, RT 0/RW 0;6401040016;64;1;40;16;KALIMANTAN TIMUR;PASER;TANAH GROGOT;SENAKEN;eyJpdiI6ImVNbmVKd2RJMFpha0VBRGxNcEppdWc9PSIsInZhbHVlIjoiaVFJRHFiK0JDS3lXeGFmTk1LcVhxdz09IiwibWFjIjoiNjZhZjEyMTE4MmU0NzUzOWJiNWNmNmZkNzIyN2Y5MmU2Y2NhZWI3MGJhYzNmZDYzYWQyMjNlM2VkYmU3NjdhYyIsInRhZyI6IiJ9;;[Kegiatan Usaha: Menjual kerupuk mentah dilapak pasar, Kategori: C, KBLI: 10794];;;;UMKM;;-1.933935197;116.164607;invalid;;;FALSE;FALSE;TRUE;;;invalid;;;;;;kerupuk irus irusmiati;0;0;0;;;pasar senaken rt 0 rw 0;;10;kerupuk irus irusmiati pasar senaken rt 0 rw 0 kbli10;1;0;1;1;Aktif;Pasar senaken RT 0RW 0;P01;P01;;1;DONE 01/02 - 8.07 PM
13550;55127040;NORPANI;Wilayah pasar senaken, RT 0/RW 0;6401040016;64;1;40;16;KALIMANTAN TIMUR;PASER;TANAH GROGOT;SENAKEN;eyJpdiI6ImxrdlRhT1VDTFZHNmhmZ3RFRXptWkE9PSIsInZhbHVlIjoiNmozcmFITi9wRG1yb2ZBcmI2dko3QT09IiwibWFjIjoiMjA2MGIxNDY3MGQ0ZDA0Y2E1MmNiMTc3ZTljNzQyMjkwZDQwZDIwNTFmNjA2NTNkYzM2YzZkNzQwY2JhOTRmNSIsInRhZyI6IiJ9;;[Kegiatan Usaha: menjual ketupat kosong kolang kaling, Kategori: G, KBLI: 47823];;;;UMKM;;-1.9161782;116.1988907;valid;;;FALSE;FALSE;TRUE;;;invalid;;;;;;norpani;0;0;0;;;wilayah pasar senaken rt 0 rw 0;;47;norpani wilayah pasar senaken rt 0 rw 0 kbli47;1;0;1;0;Aktif;Wilayah pasar senaken RT 0RW 0;P01;P01;;1;DONE 01/02 - 8.07 PM
13552;55156470;ROHANA HUSENG;wilayah pasar senaken, RT 0/RW 0;6401040016;64;1;40;16;KALIMANTAN TIMUR;PASER;TANAH GROGOT;SENAKEN;eyJpdiI6InFVTER1V1BzS1VocnVMYy9rWVFoU2c9PSIsInZhbHVlIjoiUFRFU0xvZDhFdTdNMWdYSGhWbW1KUT09IiwibWFjIjoiZTIwZTU3OTQ1OThjYjgxZjkwNWRlOTFiODk4MzVjZjkwZGZmY2UyMzUxMzA1MzQyMzg1NWE4Zjg3OWY4ZTFlYSIsInRhZyI6IiJ9;;[Kegiatan Usaha: menjual sayur, Kategori: G, KBLI: 47811];;;;UMKM;;-1.933935197;116.164607;invalid;;;FALSE;FALSE;TRUE;;;invalid;;;;;;rohana huseng;0;0;0;;;wilayah pasar senaken rt 0 rw 0;;47;rohana huseng wilayah pasar senaken rt 0 rw 0 kbli47;1;0;1;0;Aktif;wilayah pasar senaken RT 0RW 0;P01;P01;;1;DONE 01/02 - 8.07 PM
13559;55179748;TK. MAMA ALYA <ARDIE>;Pasar senaken, RT 0/RW 0;6401040016;64;1;40;16;KALIMANTAN TIMUR;PASER;TANAH GROGOT;SENAKEN;eyJpdiI6IjE4YU5zaEZJS25ia0o5Q29oL0d6ZHc9PSIsInZhbHVlIjoiQkVFR1Y5M0t6RmxPdkx1UU5DUlduQT09IiwibWFjIjoiOTRkMTZlODM2ZmE4YTJkYjUyODJkNmQwNDJkMGFlMzE0Y2U4ZWQ0NjE1MDFkNzhjOTdkZjZkNGQxZTM4Nzg2NiIsInRhZyI6IiJ9;;[Kegiatan Usaha: Memjual sepatu sandal, Kategori: G, KBLI: 47833];;;;UMKM;;-1.933935197;116.164607;invalid;;;FALSE;FALSE;TRUE;;;invalid;;;;;;tk mama alya ardie;0;0;0;;;pasar senaken rt 0 rw 0;;47;tk mama alya ardie pasar senaken rt 0 rw 0 kbli47;1;0;1;1;Aktif;Pasar senaken RT 0RW 0;P01;P01;;1;DONE 01/02 - 8.07 PM
13561;55122060;SAYUR YUYUN HARYATI <YUYUN HARIYATI>;Pasar senaken, RT 0/RW 0;6401040016;64;1;40;16;KALIMANTAN TIMUR;PASER;TANAH GROGOT;SENAKEN;eyJpdiI6IktGL3ovMjdlRXlWSFhtZWp5dmtnY2c9PSIsInZhbHVlIjoiQVg3dUNRakVDQXVnSDlxMEJ1cW42UT09IiwibWFjIjoiYzMyNDE2MTk2NDRiZGQ4NjM3NmNlODJmYmQ4YzY0OTdhNWM2Mzc0OTQwM2NlZThiNTZlZDdjNzRiYjVhMTUwNiIsInRhZyI6IiJ9;;[Kegiatan Usaha: menjual sayur eceran di pasar, Kategori: G, KBLI: 47213];;;;UMKM;;-1.86273455;116.1552418;valid;;;FALSE;FALSE;TRUE;;;invalid;;;;;;sayur yuyun haryati yuyun hariyati;0;0;0;;;pasar senaken rt 0 rw 0;;47;sayur yuyun haryati yuyun hariyati pasar senaken rt 0 rw 0 kbli47;1;0;1;1;Aktif;Pasar senaken RT 0RW 0;P01;P01;;1;DONE 01/02 - 8.07 PM
13575;55209817;SUMYATI;wil.pasar senaken, RT 0/RW 0;6401040016;64;1;40;16;KALIMANTAN TIMUR;PASER;TANAH GROGOT;SENAKEN;eyJpdiI6Im1tOFp0WVdDL0xtaHIxYVhHK1RDQkE9PSIsInZhbHVlIjoidm96cW5kZFpPbVEzTnBicnk5cFV3QT09IiwibWFjIjoiYjRmNjIzNjFjZDVjYjNlZmNiNGQzYzBiNWNjNDYwNWQyZDNhMzg2NjJjM2FiNzk5NmZkYTY5YjU0ZDhhNDg4NSIsInRhZyI6IiJ9;;[Kegiatan Usaha: menjual pentol, Kategori: G, KBLI: 47825];;;;UMKM;;-1.933935197;116.164607;invalid;;;FALSE;FALSE;TRUE;;;invalid;;;;;;sumyati;0;0;0;;;wil pasar senaken rt 0 rw 0;;47;sumyati wil pasar senaken rt 0 rw 0 kbli47;1;0;1;0;Aktif;wilpasar senaken RT 0RW 0;P01;P01;;1;DONE 01/02 - 8.07 PM
13582;55069907;TOMO FANI <M. RIFANI>;Pasar senaken, RT 0/RW 0;6401040009;64;1;40;9;KALIMANTAN TIMUR;PASER;TANAH GROGOT;JONE;eyJpdiI6IkVtbGlxMDd1S2FKVWpGYTg0cm1pV3c9PSIsInZhbHVlIjoidW9lajAzWmZQVExoNUl2bmk2eTFlUT09IiwibWFjIjoiMGVkNmJjMzM0MzMxYzc1NThhOTFkZjU5N2E4ODk2ZTZlNTU0NTQ1YzcwMDkyM2ViZjkwMWNhMDRlZmJlYzM2YiIsInRhZyI6IiJ9;;[Kegiatan Usaha: MENJUAL PAKAINA, Kategori: G, KBLI: 47711];;;;UMKM;;-1.933935197;116.164607;invalid;;;FALSE;FALSE;TRUE;;;invalid;;;;;;tomo fani m rifani;0;0;0;;;pasar senaken rt 0 rw 0;;47;tomo fani m rifani pasar senaken rt 0 rw 0 kbli47;1;0;1;1;Aktif;Pasar senaken RT 0RW 0;P01;P01;;1;DONE 01/02 - 8.07 PM
13592;55151884;BAHRUL ILMI;Wilayah Pasar senaken, RT 0/RW 0;6401040016;64;1;40;16;KALIMANTAN TIMUR;PASER;TANAH GROGOT;SENAKEN;eyJpdiI6Inl1Tkg0WG03Mlo3YzhJRE4xbmxDWkE9PSIsInZhbHVlIjoibzYxM1ZqYUxmbm1JcU85WlBJY0pWQT09IiwibWFjIjoiMTVlZWY2NjRkZjljMThkNTdiMTdiZGI1ZmIzMWJmMzljNjk1ZmY1ZTFjMzlmOGU3M2YyZjhjYTc0MzMxN2Q1NiIsInRhZyI6IiJ9;;[Kegiatan Usaha: Sembako, Kategori: G, KBLI: 47823];;;;UMKM;;-1.898963333;116.2046883;valid;;;FALSE;FALSE;TRUE;;;invalid;;;;;;bahrul ilmi;0;0;0;;;wilayah pasar senaken rt 0 rw 0;;47;bahrul ilmi wilayah pasar senaken rt 0 rw 0 kbli47;1;0;1;0;Aktif;Wilayah Pasar senaken RT 0RW 0;P01;P01;;1;DONE 01/02 - 8.07 PM
13594;55073483;SRI WAHYUNI;Pasar senaken, RT 0/RW 0;6401040016;64;1;40;16;KALIMANTAN TIMUR;PASER;TANAH GROGOT;SENAKEN;eyJpdiI6Ikg0cFAwczhkZW11QXk3MktETmxYSEE9PSIsInZhbHVlIjoiM3R6Q2xFMzRFN1d5Z3NoT3g1YlJDdz09IiwibWFjIjoiNjEwZGM5YTk2YmMwZjM3ZDdiNmQwYzEyMGNkMjhkOTI1OGYxZTViYmJlYmNlZmRmN2VjMTJiNTJjMDllZDA2MiIsInRhZyI6IiJ9;;[Kegiatan Usaha: Warung makan, Kategori: I, KBLI: 56102];;;;UMKM;;-1.9001326;116.2104377;valid;;;FALSE;FALSE;TRUE;;;invalid;;;;;;sri wahyuni;0;0;0;;;pasar senaken rt 0 rw 0;;56;sri wahyuni pasar senaken rt 0 rw 0 kbli56;1;0;1;0;Aktif;Pasar senaken RT 0RW 0;P01;P01;;1;DONE 01/02 - 8.07 PM
13596;55099023;FATIMAH;wilayah pasar senaken, RT 0/RW 0;6401040016;64;1;40;16;KALIMANTAN TIMUR;PASER;TANAH GROGOT;SENAKEN;eyJpdiI6ImQxRzlYNmRVWXN4MGF4Z1R5Y2tVMnc9PSIsInZhbHVlIjoieVVnYXdqL0FVR29GejRYUi9JVzJSdz09IiwibWFjIjoiMzkzNjkzNjM5ODBlZjM0MjMzMzFiOGY0OWY2ZjNmNmM0ZGRkNDgyYTM2Y2QyZTQzNzZkMDQwMWZhZWY0YmY4YiIsInRhZyI6IiJ9;;[Kegiatan Usaha: menjual kelapa parut, Kategori: C, KBLI: 10773];;;;UMKM;;-1.90336838;116.2058865;valid;;;FALSE;FALSE;TRUE;;;invalid;;;;;;fatimah;0;0;0;;;wilayah pasar senaken rt 0 rw 0;;10;fatimah wilayah pasar senaken rt 0 rw 0 kbli10;1;0;1;0;Aktif;wilayah pasar senaken RT 0RW 0;P01;P01;;1;DONE 01/02 - 8.07 PM
13597;55179144;TOKO KUNING TELUR <ABDURAHMAN>;Pasar senaken, RT 0/RW 0;6401040016;64;1;40;16;KALIMANTAN TIMUR;PASER;TANAH GROGOT;SENAKEN;eyJpdiI6IldGbElwME8xV1NZRm42c2U2ZGF6TEE9PSIsInZhbHVlIjoic201RlFNRnh2a3hmM2RlUE5Vbk41QT09IiwibWFjIjoiNzcxM2VkZTI5NDBkMGM2NDE4YTA5NGUwYmI1YTY4YjIxN2ZlOGEwMjFmMTc4OGRkYjZkM2UxYTc0MjIzODkwOCIsInRhZyI6IiJ9;;[Kegiatan Usaha: Menjual telur di toko, Kategori: G, KBLI: 47214];;;;UMKM;;-1.92181233;116.1980554;valid;;;FALSE;FALSE;TRUE;;;invalid;;;;;;kuning telur abdurahman;0;0;0;;;pasar senaken rt 0 rw 0;;47;kuning telur abdurahman pasar senaken rt 0 rw 0 kbli47;1;0;1;1;Aktif;Pasar senaken RT 0RW 0;P01;P01;;1;DONE 01/02 - 8.07 PM
13599;55125772;BUKHAIRI;Pasar senaken, RT 0/RW 0;6401040016;64;1;40;16;KALIMANTAN TIMUR;PASER;TANAH GROGOT;SENAKEN;eyJpdiI6IndrL0sxeXEvcGlpbk1wRmJTUVZZMUE9PSIsInZhbHVlIjoiTWJWNG8rd1RGTElrZmxPUmpXL3dtZz09IiwibWFjIjoiOTM2NDFiZTA4OTY4NjhhN2I2ZjA3MTVhMzQ5ZTI0MWJkMDgwMzg0NTZjYzllZDljZDQyOGEyMzMwMDIxNDU4MSIsInRhZyI6IiJ9;;[Kegiatan Usaha: Menjual pakaian, Kategori: G, KBLI: 47711];;;;UMKM;;-1.933935197;116.164607;invalid;;;FALSE;FALSE;TRUE;;;invalid;;;;;;bukhairi;0;0;0;;;pasar senaken rt 0 rw 0;;47;bukhairi pasar senaken rt 0 rw 0 kbli47;1;0;1;0;Aktif;Pasar senaken RT 0RW 0;P01;P01;;1;DONE 01/02 - 8.07 PM
13601;55179248;SURJANI JUFRI <SUJARNI JUFRI>;Pasar senaken, RT 0/RW 0;6401040016;64;1;40;16;KALIMANTAN TIMUR;PASER;TANAH GROGOT;SENAKEN;eyJpdiI6IjJUK01EZVArRTdydVIrT1NqYUh2cWc9PSIsInZhbHVlIjoiQVF6aEJDWXkzWmZpQ2RLeVlaanpiZz09IiwibWFjIjoiZmYwMTYzNDFiMWIwOGE3MjcwZjQ0Mjg2ZWNkNjI4ZjFlYmRmYzllNjVhOTUzMmJkMWM2ZDUzYWFmZjQ1N2Y0ZSIsInRhZyI6IiJ9;;[Kegiatan Usaha: menjual aksesoris, Kategori: G, KBLI: 47713];;;;UMKM;;-1.933935197;116.164607;invalid;;;FALSE;FALSE;TRUE;;;invalid;;;;;;surjani jufri sujarni jufri;0;0;0;;;pasar senaken rt 0 rw 0;;47;surjani jufri sujarni jufri pasar senaken rt 0 rw 0 kbli47;1;0;1;1;Aktif;Pasar senaken RT 0RW 0;P01;P01;;1;DONE 01/02 - 8.07 PM
13603;55334080;SAYUR RIYANTI <RIYANTI>;Pasar senaken, RT 0/RW 0;6401040016;64;1;40;16;KALIMANTAN TIMUR;PASER;TANAH GROGOT;SENAKEN;eyJpdiI6IkhpMFBpeEpWbUNoTjlnSXhsMXRZU2c9PSIsInZhbHVlIjoiUFlIZDk0VHBUQzlma0x3ZGRUTVJrUT09IiwibWFjIjoiMDdmZWEwYWZkNWUxOTBlZjJiYjc1ZjAzN2JmODQ3OTc3OWI5YTk1NDRlZGI1MmNjODNjZTliYTBkNjJjNzU2MCIsInRhZyI6IiJ9;;[Kegiatan Usaha: Menjual sayur eceran di lapak pasar, Kategori: G, KBLI: 47213];;;;UMKM;;-1.869513333;116.150285;valid;;;FALSE;FALSE;TRUE;;;invalid;;;;;;sayur riyanti riyanti;0;0;0;;;pasar senaken rt 0 rw 0;;47;sayur riyanti riyanti pasar senaken rt 0 rw 0 kbli47;1;0;1;1;Aktif;Pasar senaken RT 0RW 0;P01;P01;;1;DONE 01/02 - 8.07 PM
13606;55124160;SARPANI . H <SARPANI H.>;WILAYAH PASAR SENAKEN, RT 0/RW 0;6401040016;64;1;40;16;KALIMANTAN TIMUR;PASER;TANAH GROGOT;SENAKEN;eyJpdiI6InFsRTBweHR5SEtud1lOdHcvU3dYSVE9PSIsInZhbHVlIjoib2tCVTc0OFVFNFJoYTJTRTZwRmwwQT09IiwibWFjIjoiZjQ1ODkyZTRjOTViYzM5NzY2MzlkZTQ4NzgxYTY4YjRmZDkwNGZiNjZlY2U5MTEzNWZlYWU0MGQ1YmI1MDc1YSIsInRhZyI6IiJ9;;[Kegiatan Usaha: MENJUAL ANAK AYAM eceran, Kategori: G, KBLI: 47752];;;;UMKM;;-1.933935197;116.164607;invalid;;;FALSE;FALSE;TRUE;;;invalid;;;;;;sarpani h sarpani h;0;0;0;;;wilayah pasar senaken rt 0 rw 0;;47;sarpani h sarpani h wilayah pasar senaken rt 0 rw 0 kbli47;1;0;1;1;Aktif;WILAYAH PASAR SENAKEN RT 0RW 0;P01;P01;;1;DONE 01/02 - 8.07 PM
13612;55103733;SULASMI SEMBAKO <SULASMI>;Pasar senaken blok A, RT 0/RW 0;6401040016;64;1;40;16;KALIMANTAN TIMUR;PASER;TANAH GROGOT;SENAKEN;eyJpdiI6IjNJMHBqelJTTzRWRFQ2UkdMQVRJOGc9PSIsInZhbHVlIjoiSHJnL2JzQUFUUzVreXVFdlczOWRKUT09IiwibWFjIjoiYjQyOTY0ZDU1NjM3NDc4MzJlODQyNTJhZTVkY2VlN2MyMTczYzFjNmFkYjUzOGUwOWI3ZGRkNDBkZjk3ODdiMCIsInRhZyI6IiJ9;;[Kegiatan Usaha: Menjual sembako di los pasar, Kategori: G, KBLI: 47829];;;;UMKM;;-1.899308333;116.1963667;valid;;;FALSE;FALSE;TRUE;;;invalid;;;;;;sulasmi sembako sulasmi;0;0;0;;;pasar senaken blok a rt 0 rw 0;;47;sulasmi sembako sulasmi pasar senaken blok a rt 0 rw 0 kbli47;1;0;1;1;Aktif;Pasar senaken blok A RT 0RW 0;P01;P01;;1;DONE 01/02 - 8.07 PM
13614;55122031;TOKO DEWI <DEWI>;Pasar senaken, RT 0/RW 0;6401040009;64;1;40;9;KALIMANTAN TIMUR;PASER;TANAH GROGOT;JONE;eyJpdiI6IlNRK3RuZkdjUFVQN2loYmQ4cE1kc2c9PSIsInZhbHVlIjoiVzlSYllsb2J6L0JYNi9kZ1NBMWwrZz09IiwibWFjIjoiMjg4NWU2ZGIxY2U2YmIxZWZjZGFmODhkMTk5NTNkYzcyNjRhYjI5NmI5M2I1NjA5ZmVhN2NiOTU1ZDVjNGU3NCIsInRhZyI6IiJ9;;[Kegiatan Usaha: Menjual pakaian, Kategori: G, KBLI: 47711];;;;UMKM;;-1.933935197;116.164607;invalid;;;FALSE;FALSE;TRUE;;;invalid;;;;;;dewi dewi;0;0;0;;;pasar senaken rt 0 rw 0;;47;dewi dewi pasar senaken rt 0 rw 0 kbli47;1;0;1;1;Aktif;Pasar senaken RT 0RW 0;P01;P01;;1;DONE 01/02 - 8.07 PM
13619;55124929;UDIN <AMBO TANG>;Pasar senaken, RT 0/RW 0;6401040016;64;1;40;16;KALIMANTAN TIMUR;PASER;TANAH GROGOT;SENAKEN;eyJpdiI6IjdDakpoTWE2cURNRnRRMGgwY0xNMFE9PSIsInZhbHVlIjoidENTYmxlV1lVOFRGbTg0OWM5QldCUT09IiwibWFjIjoiODlmOTgyNTRhNzQwZWE1ZWYxNjRkZGVmYmE2MzliZjc2NmFhNTg3OGQ0YjllMDgzMjY1Mjg3YjBlY2UxMmZjMSIsInRhZyI6IiJ9;;[Kegiatan Usaha: Memjual permainan anak, Kategori: G, KBLI: 47640];;;;UMKM;;-1.933935197;116.164607;invalid;;;FALSE;FALSE;TRUE;;;invalid;;;;;;udin ambo tang;0;0;0;;;pasar senaken rt 0 rw 0;;47;udin ambo tang pasar senaken rt 0 rw 0 kbli47;1;0;1;1;Aktif;Pasar senaken RT 0RW 0;P01;P01;;1;DONE 01/02 - 8.07 PM
13628;55207823;TK. BAPA RUDI <ARBAIN>;Pasar senaken, RT 0/RW 0;6401040016;64;1;40;16;KALIMANTAN TIMUR;PASER;TANAH GROGOT;SENAKEN;eyJpdiI6InU0NG5aSFcyajFwaHFxb2hndUgzelE9PSIsInZhbHVlIjoic3lMSXVIL0kwQ3JnSU1qcUtiTE1Ndz09IiwibWFjIjoiMWIxNzA4MjUzNjI2OWJhNzE2N2YzYTI5NzQ5OTU0MjU2MjEzZDU2ZDVlNmZkNjZjMDRmYThjNmFmNDZmNTcyOCIsInRhZyI6IiJ9;;[Kegiatan Usaha: Menjual sepatu, Kategori: G, KBLI: 47712];;;;UMKM;;-1.933935197;116.164607;invalid;;;FALSE;FALSE;TRUE;;;invalid;;;;;;tk bapa rudi arbain;0;0;0;;;pasar senaken rt 0 rw 0;;47;tk bapa rudi arbain pasar senaken rt 0 rw 0 kbli47;1;0;1;1;Aktif;Pasar senaken RT 0RW 0;P01;P01;;1;DONE 01/02 - 8.07 PM
13653;55156637;WARUNG MINUM BONARI <BONARI>;Pasar senaken, RT 0/RW 0;6401040016;64;1;40;16;KALIMANTAN TIMUR;PASER;TANAH GROGOT;SENAKEN;eyJpdiI6Ik5NMUduYlFzbHhmMzlyMmRIcytsWWc9PSIsInZhbHVlIjoiMDFCN1FlVE8wSVcvL2NGb2hkVnV0dz09IiwibWFjIjoiN2RlZmY2YjI0YWQ4MDk4OTI2ZTUwNzE1ZDU0YmM4ZjdmZTlkZjk4NzIzMTJmNjIzZTQ4NmIxZTUwYWU0MWYzYSIsInRhZyI6IiJ9;;[Kegiatan Usaha: menjual minum eceran di pasar, Kategori: G, KBLI: 47213];;;;UMKM;;-1.90326932;116.210262;valid;;;FALSE;FALSE;TRUE;;;invalid;;;;;;minum bonari bonari;0;0;0;;;pasar senaken rt 0 rw 0;;47;minum bonari bonari pasar senaken rt 0 rw 0 kbli47;1;0;1;1;Aktif;Pasar senaken RT 0RW 0;P01;P01;;1;DONE 01/02 - 8.07 PM
13659;55128507;SOTO LAMONGAN <KHOLIFAH>;Pasar senaken, RT 0/RW 0;6401040016;64;1;40;16;KALIMANTAN TIMUR;PASER;TANAH GROGOT;SENAKEN;eyJpdiI6Ik50SkVhdWkxeDE3N1Q5am5nNElxU2c9PSIsInZhbHVlIjoiMjM5c3JhdUEyZ29GaHVOcnZNZW00dz09IiwibWFjIjoiZGFhZWZhNGM4MGNmNTYxMGQyZTM0MTkwZTg2NTJmOGY0YzMwMjNmYTFhZDE4Y2UyYzIyZTgwMTNjYzJjNzQwNiIsInRhZyI6IiJ9;;[Kegiatan Usaha: Menjual soto lamongan di pasar, Kategori: I, KBLI: 56102];;;;UMKM;;-1.904920932;116.2037645;valid;;;FALSE;FALSE;TRUE;;;invalid;;;;;;soto lamongan kholifah;0;0;0;;;pasar senaken rt 0 rw 0;;56;soto lamongan kholifah pasar senaken rt 0 rw 0 kbli56;1;0;1;1;Aktif;Pasar senaken RT 0RW 0;P01;P01;;1;DONE 01/02 - 8.07 PM
13664;55152723;TOKO MAMA REHAL <RINA PARIDA>;Pasar senaken, RT 0/RW 0;6401040009;64;1;40;9;KALIMANTAN TIMUR;PASER;TANAH GROGOT;JONE;eyJpdiI6IjhKWnBjMUo1V3o5NDA5SEJOVnAyTEE9PSIsInZhbHVlIjoieXFxOHF1TjVLdDdUb3NES01JR0hJUT09IiwibWFjIjoiMzI0NjY2MDAxOTEwZWI4Mzk3NGU0MWNhZTU1YjViYTk5YTAwODdhZDY3M2E5Yzc5MjZkOWQwNTNmNmNiMGI1YSIsInRhZyI6IiJ9;;[Kegiatan Usaha: Menjual pakaian, Kategori: G, KBLI: 47711];;;;UMKM;;-1.911982;116.1972675;valid;;;FALSE;FALSE;TRUE;;;invalid;;;;;;mama rehal rina parida;0;0;0;;;pasar senaken rt 0 rw 0;;47;mama rehal rina parida pasar senaken rt 0 rw 0 kbli47;1;0;1;1;Aktif;Pasar senaken RT 0RW 0;P01;P01;;1;DONE 01/02 - 8.07 PM
13668;55102764;TOKO NABILA <NURUL RAHIMAH>;Pasar senaken, RT 0/RW 0;6401040009;64;1;40;9;KALIMANTAN TIMUR;PASER;TANAH GROGOT;JONE;eyJpdiI6IkZXZCs0OWJqSkJpblp6MDd1dXhLYnc9PSIsInZhbHVlIjoiVUljKzhrTXVsTmRYVmE4ZWFrUHZ4UT09IiwibWFjIjoiYjFlOGNjOGQzMzg5YjliMDBhNzlkMzYwM2E4NWRhNjhkYjJhN2ZhMjgyMmM5YjdlYzQxNjI5MjcyNTUyZjhmZSIsInRhZyI6IiJ9;;[Kegiatan Usaha: MENJUAL PAKAIAN, Kategori: G, KBLI: 47711];;;;UMKM;;-1.933935197;116.164607;invalid;;;FALSE;FALSE;TRUE;;;invalid;;;;;;nabila nurul rahimah;0;0;0;;;pasar senaken rt 0 rw 0;;47;nabila nurul rahimah pasar senaken rt 0 rw 0 kbli47;1;0;1;1;Aktif;Pasar senaken RT 0RW 0;P01;P01;;1;DONE 01/02 - 8.07 PM
13689;55069894;SULANA BACHTIAR;wil. pasar senaken, RT 0/RW 0;6401040016;64;1;40;16;KALIMANTAN TIMUR;PASER;TANAH GROGOT;SENAKEN;eyJpdiI6IkI5bjl3SGVOTmh1T0plekZPTFpMQ3c9PSIsInZhbHVlIjoiSWNQREIxTms2TTN2TXFLRDQzL3Uxdz09IiwibWFjIjoiMWE1YTVmMjQwMDdkYmU4ZGI1MjJhMGQxNzVlMjU2YmMxZTM5NThlYzY5MjY0YTA1OWI4Zjk2MGVhN2JmMzc0OSIsInRhZyI6IiJ9;;[Kegiatan Usaha: menjual sayuran, Kategori: G, KBLI: 47813];;;;UMKM;;-1.933935197;116.164607;invalid;;;FALSE;FALSE;TRUE;;;invalid;;;;;;sulana bachtiar;0;0;0;;;wil pasar senaken rt 0 rw 0;;47;sulana bachtiar wil pasar senaken rt 0 rw 0 kbli47;1;0;1;0;Aktif;wil pasar senaken RT 0RW 0;P01;P01;;1;DONE 01/02 - 8.07 PM
13700;55154401;BASLAN;wil. pasar senaken, RT 0/RW 0;6401040016;64;1;40;16;KALIMANTAN TIMUR;PASER;TANAH GROGOT;SENAKEN;eyJpdiI6Im84QTRTYUtLVHl0QmNseEd3SzZaMkE9PSIsInZhbHVlIjoiWEJ3djdZUWQyRHIxQUhPQk1RSGNDZz09IiwibWFjIjoiMTBiYjMzMmM1YmM1ODVhM2M4MDdlMjJhYTA2Y2UxY2Y3OTQzMDhhNmE3ODE3NmUzNGYxYTY5YzliZjU0MjRjOSIsInRhZyI6IiJ9;;[Kegiatan Usaha: menjual ikan asin, Kategori: G, KBLI: 47825];;;;UMKM;;-1.933935197;116.164607;invalid;;;FALSE;FALSE;TRUE;;;invalid;;;;;;baslan;0;0;0;;;wil pasar senaken rt 0 rw 0;;47;baslan wil pasar senaken rt 0 rw 0 kbli47;1;0;1;0;Aktif;wil pasar senaken RT 0RW 0;P01;P01;;1;DONE 01/02 - 8.07 PM
13706;55121377;SEMBAKO RUSNI <RUSNI>;Pasar senaken, RT 0/RW 0;6401040016;64;1;40;16;KALIMANTAN TIMUR;PASER;TANAH GROGOT;SENAKEN;eyJpdiI6IjlxTm52emwwMnlGNDBkQXJHRkRlQXc9PSIsInZhbHVlIjoidm5QSVNHMTV5eXNiN3ZONzFtOFlMdz09IiwibWFjIjoiNjI4MTg1ZDc4NTRlZmVkYzIxYjJmZjIwOTIxZDZlYmMxNTU0Zjc3ZjhlNTk0YWUxOWJjMzM3YTczNzUxYzQ1NyIsInRhZyI6IiJ9;;[Kegiatan Usaha: Menjual sembako eceran di lapak pasar, Kategori: G, KBLI: 47112];;;;UMKM;;-1.933935197;116.164607;invalid;;;FALSE;FALSE;TRUE;;;invalid;;;;;;sembako rusni rusni;0;0;0;;;pasar senaken rt 0 rw 0;;47;sembako rusni rusni pasar senaken rt 0 rw 0 kbli47;1;0;1;1;Aktif;Pasar senaken RT 0RW 0;P01;P01;;1;DONE 01/02 - 8.07 PM
13722;55073202;MUHAMMAD ARIFIN;Wil pasar senaken, RT 0/RW 0;6401040016;64;1;40;16;KALIMANTAN TIMUR;PASER;TANAH GROGOT;SENAKEN;eyJpdiI6IkxJaURBUUxBOTNLQ1UvS1laOE8zQVE9PSIsInZhbHVlIjoiOTJjNmIreVJSM2Y0WVZScWVESjZXQT09IiwibWFjIjoiZjFmODJiYmU2ZDJhN2Y4YjIzMjVmYzEyZjU3MmM3NTA0ZGFmMzJjNTRhNjYwYjA1ZTc1Y2U4ZmI2YzEyZmViYyIsInRhZyI6IiJ9;;[Kegiatan Usaha: Menjual ikan basah, Kategori: G, KBLI: 47215];;;;UMKM;;-1.8924546;116.2175951;valid;;;FALSE;FALSE;TRUE;;;invalid;;;;;;muhammad arifin;0;0;0;;;wil pasar senaken rt 0 rw 0;;47;muhammad arifin wil pasar senaken rt 0 rw 0 kbli47;1;0;1;0;Aktif;Wil pasar senaken RT 0RW 0;P01;P01;;1;DONE 01/02 - 8.07 PM
13733;55076683;PECAH BELAH SURIYATI <SURIYATI>;Pasar senaken, RT 0/RW 0;6401040016;64;1;40;16;KALIMANTAN TIMUR;PASER;TANAH GROGOT;SENAKEN;eyJpdiI6IjB5bGR1NWtmbFdyMlZhMmhvcElsOFE9PSIsInZhbHVlIjoicE1BWUhpWU1hd0xkMENpd0d1aXdvUT09IiwibWFjIjoiN2FiZDZlNjE0MzFjNTY3ZDkwZDExNjBmNDkwOWRmOTk4NTI2ZjU2MGVmZTMyNmIxY2EwYzU1NGE3MzdiY2Y0NCIsInRhZyI6IiJ9;;[Kegiatan Usaha: Menjual barang pecah belah di pasar, Kategori: G, KBLI: 47596];;;;UMKM;;-1.834605392;116.2382561;valid;;;FALSE;FALSE;TRUE;;;invalid;;;;;;pecah belah suriyati suriyati;0;0;0;;;pasar senaken rt 0 rw 0;;47;pecah belah suriyati suriyati pasar senaken rt 0 rw 0 kbli47;1;0;1;1;Aktif;Pasar senaken RT 0RW 0;P01;P01;;1;DONE 01/02 - 8.07 PM
13737;55074666;PARUT KELAPA MASNAH <MASNAH>;Pasar senaken, RT 0/RW 0;6401040016;64;1;40;16;KALIMANTAN TIMUR;PASER;TANAH GROGOT;SENAKEN;eyJpdiI6IkRUdVFaOWRCazN1cHhPeEprTkV3Mnc9PSIsInZhbHVlIjoiOVBZR3k4VEpERzVvVGdJOUZtQks0dz09IiwibWFjIjoiZjQxNmQzZTIzYWI0MDYwNTA0NjRmNzExNzE4NTNlNTEzYmMwMmZlZjhiYjZiODBmMGFhNmJiOWFmZmVlZTZiMiIsInRhZyI6IiJ9;;[Kegiatan Usaha: parut kelapa di lapak pasar, Kategori: C, KBLI: 10773];;;;UMKM;;-1.905163202;116.202063;valid;;;FALSE;FALSE;TRUE;;;invalid;;;;;;parut kelapa masnah masnah;0;0;0;;;pasar senaken rt 0 rw 0;;10;parut kelapa masnah masnah pasar senaken rt 0 rw 0 kbli10;1;0;1;1;Aktif;Pasar senaken RT 0RW 0;P01;P01;;1;DONE 01/02 - 8.07 PM
13745;55302268;TOKO MM RAY <HALIJAH>;Pasar senaken, RT 0/RW 0;6401040016;64;1;40;16;KALIMANTAN TIMUR;PASER;TANAH GROGOT;SENAKEN;eyJpdiI6IjV3MHh1cDhSYkl6d08wYk5SdWJtRVE9PSIsInZhbHVlIjoic3YrTm1CWS8wWlZ4aFpRSys0Wkcxdz09IiwibWFjIjoiYWQ1ZTA3MGEzMjRjNGZmMmUxYjM0YWRmMjFkZTk0ZWJkMTVkMzY5OTdkOWY1MmI4MDhjNzRhYjkwNDgyMzA2OSIsInRhZyI6IiJ9;;[Kegiatan Usaha: MENJUAL PAKAIAN, Kategori: G, KBLI: 47711];;;;UMKM;;-1.933935197;116.164607;invalid;;;FALSE;FALSE;TRUE;;;invalid;;;;;;mm ray halijah;0;0;0;;;pasar senaken rt 0 rw 0;;47;mm ray halijah pasar senaken rt 0 rw 0 kbli47;1;0;1;1;Aktif;Pasar senaken RT 0RW 0;P01;P01;;1;DONE 01/02 - 8.07 PM
13756;55044772;KAHARUDIN AMBO;wilayah pasar senaken, RT 0/RW 0;6401040016;64;1;40;16;KALIMANTAN TIMUR;PASER;TANAH GROGOT;SENAKEN;eyJpdiI6Ik1naXhsSlFjTHRxTWxyZHBWTks4MUE9PSIsInZhbHVlIjoib2lGckRFV21GNE5RbnBhbDNEVnhTUT09IiwibWFjIjoiNzZhYTA2NzhmNzI1NWQ0ZmQ2ZGMwZDllMmU0MDNhYmU3ODk5Y2ZjOWI5NTJhOTIwMGJlMmYxNGVmNGU3NDY4YiIsInRhZyI6IiJ9;;[Kegiatan Usaha: industri air minum isi ulang, Kategori: C, KBLI: 11052];;;;UMKM;;-1.922161269;116.1981389;valid;eyJpdiI6IjlpeDA5NTlkSVhkVmo0dXBVV1AzOFE9PSIsInZhbHVlIjoiVVdPaG56K3pleTN4TjVKK3lvMmhzZz09IiwibWFjIjoiNmM0MWZjNzdjZWVhNDRjZmQ0ZmIyM2ZjYTg0MzY0OTkzMTQ4MzliOTUxYWQzNDgwY2Q5MGFkZmI4OWM2ZGY3MCIsInRhZyI6IiJ9;1;TRUE;TRUE;FALSE;-1.922161269;116.1981389;valid;raka.prawira;;;;;kaharudin ambo;0;0;0;;;wilayah pasar senaken rt 0 rw 0;;11;kaharudin ambo wilayah pasar senaken rt 0 rw 0 kbli11;1;0;1;0;Aktif;wilayah pasar senaken RT 0RW 0;P01;P01;;1;DONE 01/02 - 8.07 PM
13769;55302088;TK.AINA <NORAINA>;Pasar senaken, RT 0/RW 0;6401040016;64;1;40;16;KALIMANTAN TIMUR;PASER;TANAH GROGOT;SENAKEN;eyJpdiI6ImRlOHBVdXhuRmtVam5OS0FVR2VXNlE9PSIsInZhbHVlIjoiZDZVWlhDUXh3UnR3NlZSTFJmK1JFUT09IiwibWFjIjoiZmVmYWMyZTM5MjViYTg3OTE2ZGY2Nzk3NWQ2ZGQyOGYwOGQwNmU5ZTVlMjU3YzhlYmJmZGVlOTRlNWQyNDM1ZSIsInRhZyI6IiJ9;;[Kegiatan Usaha: Menjual pakaian, Kategori: G, KBLI: 47711];;;;UMKM;;-1.915408333;116.1969067;valid;eyJpdiI6Im01dzZqL2lFc0gzaEtURyttYjB6N2c9PSIsInZhbHVlIjoiR013L0ZpamF6TUcvcjc5YThvc01Kdz09IiwibWFjIjoiZTliMzI4MDJmYzFmZjc0YzlmZDM5YjI3Yzg0MmVmYjZkN2Q2NjdiYzdkNzhmN2U1YTI5ZTI2NjZhY2U1MTJlZiIsInRhZyI6IiJ9;1;TRUE;TRUE;FALSE;-1.915408333;116.1969067;valid;raka.prawira;;;;;tk aina noraina;0;0;0;;;pasar senaken rt 0 rw 0;;47;tk aina noraina pasar senaken rt 0 rw 0 kbli47;1;0;1;1;Aktif;Pasar senaken RT 0RW 0;P01;P01;;1;DONE 01/02 - 8.07 PM
13771;55103421;TK LUTFI <LUTFI RAHIM>;Pasar senaken, RT 0/RW 0;6401040016;64;1;40;16;KALIMANTAN TIMUR;PASER;TANAH GROGOT;SENAKEN;eyJpdiI6IjIwakUxTzlmMzhoV3JqbHhLczNhaHc9PSIsInZhbHVlIjoiaDMvQ3N6OS85WHE1KzB1dTBEVkZzZz09IiwibWFjIjoiMDU1MTIyMDg2YjlmMTYwOWEwZGIwZWU0NGQwNzUzMzUwY2I1NGRlNmZlZjlmNzljOTRlYTc2MmZlOGQwYjU2MCIsInRhZyI6IiJ9;;[Kegiatan Usaha: Menjual pakaian, Kategori: G, KBLI: 47711];;;;UMKM;;-1.933935197;116.164607;invalid;;;FALSE;FALSE;TRUE;;;invalid;;;;;;tk lutfi lutfi rahim;0;0;0;;;pasar senaken rt 0 rw 0;;47;tk lutfi lutfi rahim pasar senaken rt 0 rw 0 kbli47;1;0;1;1;Aktif;Pasar senaken RT 0RW 0;P01;P01;;1;DONE 01/02 - 8.07 PM
13793;55155605;TOKO HARTO <HARTO>;Pasar senaken, RT 0/RW 0;6401040009;64;1;40;9;KALIMANTAN TIMUR;PASER;TANAH GROGOT;JONE;eyJpdiI6IjRVeG1kK1pTOWVaRU90WTFYNnZZblE9PSIsInZhbHVlIjoiSlJuVnZjZ0JFRkkrWVRqMFd6SzVIZz09IiwibWFjIjoiN2E0OTMyY2UzNTU1ZWEzYTk1MGRhYjk1Zjc5MmZiNTUzMDI5NTAzMDBiNzczN2RhOTcwMmFkOWJlODA5ZmMxYiIsInRhZyI6IiJ9;;[Kegiatan Usaha: MENJUAL PAKAIAN, Kategori: G, KBLI: 47711];;;;UMKM;;-1.917956667;116.1991217;valid;eyJpdiI6Ijl5TUl2RDhWZXFLenFlMHJwTDAwS2c9PSIsInZhbHVlIjoiRVhnOGhIbWVnQ3NnckFZd2srQUF6Zz09IiwibWFjIjoiNTYyMGY4YzdhMzI5Y2I2OTI1ZTcxYzJhNDhmNjUzYjhmMDNlZmZiYTc1NzA5MGUzZDY4ZDBiMjQ0ZmVhOGE5YSIsInRhZyI6IiJ9;1;TRUE;TRUE;FALSE;-1.917956667;116.1991217;valid;raka.prawira;;;;;harto harto;0;0;0;;;pasar senaken rt 0 rw 0;;47;harto harto pasar senaken rt 0 rw 0 kbli47;1;0;1;1;Aktif;Pasar senaken RT 0RW 0;P01;P01;;1;DONE 01/02 - 8.07 PM
13797;55302079;NORHAFIPAH;Wilayah pasar senaken, RT 0/RW 0;6401040016;64;1;40;16;KALIMANTAN TIMUR;PASER;TANAH GROGOT;SENAKEN;eyJpdiI6ImswZG1EMkVoUHNJbWgzNjJWOXJBUmc9PSIsInZhbHVlIjoiSWhWMGJISG1ZUmFKdUJFeVZHRGdPQT09IiwibWFjIjoiNDRlNTdjMTE2NTVlZjczNmM5Y2RjZDc3NzI0YzU0YTlhMmU4NDNkYzQyOWQ5ZDQ4ODFmNGZkMjZhNjQwMTFiZCIsInRhZyI6IiJ9;;[Kegiatan Usaha: menjual buah, Kategori: G, KBLI: 47212];;;;UMKM;;-1.903554431;116.1965745;valid;eyJpdiI6IndnVm8wR2d0TkFEVFAzVmdkdXNyUVE9PSIsInZhbHVlIjoiRlZCR0dkQjhLamFIUmFDNUhJQXRwUT09IiwibWFjIjoiNGM5MGJkZTNhNmJkZDgxZjkzYmJkZWFlMDQ5ZjRhMjkzODAxZTkxMDUxMmY0MDJiMzQ5YzE5MTA2NzYzOWFhMyIsInRhZyI6IiJ9;1;TRUE;TRUE;FALSE;-1.903554431;116.1965745;valid;raka.prawira;;;;;norhafipah;0;0;0;;;wilayah pasar senaken rt 0 rw 0;;47;norhafipah wilayah pasar senaken rt 0 rw 0 kbli47;1;0;1;0;Aktif;Wilayah pasar senaken RT 0RW 0;P01;P01;;1;DONE 01/02 - 8.07 PM
13798;55153688;TOKO OBAT TIGA DOA <MUHAMMAD AMIN>;Pasar senaken, RT 0/RW 0;6401040009;64;1;40;9;KALIMANTAN TIMUR;PASER;TANAH GROGOT;JONE;eyJpdiI6IlBrZ3pHc2xaNWtxVmpueVRLNVA0K2c9PSIsInZhbHVlIjoiU0Zza1ZKYTNVZHoyZWVuUzlpRmk2QT09IiwibWFjIjoiNDIyZTgyNzEzNDNlNWFhODJjM2QyMmZmMmMzOTM3OTU0MDRmMGI0ZmYxZGNjMTlhYTZlOWY1Y2VkYjQ3NWQyNSIsInRhZyI6IiJ9;;[Kegiatan Usaha: MENJUAL OBAT-OBATAN, Kategori: G, KBLI: 47722];;;;UMKM;;-1.909020105;116.1988589;valid;eyJpdiI6IlpCYmk3UnpMR29SZTZIcVB3S3JpOUE9PSIsInZhbHVlIjoiekU3c2hsdytFTXhYbkY0YkNRYU5WZz09IiwibWFjIjoiZDM2NDcyODY5ZmM3MDQ2NzdhMjJlYTVkMjk5Y2U2ZjQ0MjhhOGI1MzJhOWQyMWIwZjcwMjg0MDU5MTlhNTdjOSIsInRhZyI6IiJ9;1;TRUE;TRUE;FALSE;-1.909020105;116.1988589;valid;raka.prawira;;;;;obat tiga doa muhammad amin;0;0;0;;;pasar senaken rt 0 rw 0;;47;obat tiga doa muhammad amin pasar senaken rt 0 rw 0 kbli47;1;0;1;1;Aktif;Pasar senaken RT 0RW 0;P01;P01;;1;DONE 01/02 - 8.07 PM
13800;55156690;TOKO NIDA <SYAHRIAR>;Pasar senaken, RT 0/RW 0;6401040009;64;1;40;9;KALIMANTAN TIMUR;PASER;TANAH GROGOT;JONE;eyJpdiI6IjlDK3NYTW5OcTJxUEd6S012Ym1wd3c9PSIsInZhbHVlIjoiTG54VFVyRW1OZis5cWEyWlpvVi9Cdz09IiwibWFjIjoiMzgxNjUxOTVlMjk1NTY1OTJjZjBhOTZhYTFiOGM4MDQyMGI1YTU2ZTA0MmY4MmEyMmYzMTRkMDhlMTZjM2Y4YyIsInRhZyI6IiJ9;;[Kegiatan Usaha: MENJUAL PAKAIAN, Kategori: G, KBLI: 47711];;;;UMKM;;-1.933935197;116.164607;invalid;;;FALSE;FALSE;TRUE;;;invalid;;;;;;nida syahriar;0;0;0;;;pasar senaken rt 0 rw 0;;47;nida syahriar pasar senaken rt 0 rw 0 kbli47;1;0;1;1;Aktif;Pasar senaken RT 0RW 0;P01;P01;;1;DONE 01/02 - 8.07 PM
13814;55047100;TOKO LUBANA <RINI AGUSTINA>;Pasar senaken, RT 0/RW 0;6401040009;64;1;40;9;KALIMANTAN TIMUR;PASER;TANAH GROGOT;JONE;eyJpdiI6InJaR2JTWUFla2lMa1FiazN3bVF2R2c9PSIsInZhbHVlIjoiNlZUZ2dEZ0ZrV0d5eHdhUmxya1d1UT09IiwibWFjIjoiNmU3ODEyZGVhNGFiNmU2ODJkM2ViMzc1ZDk5NmMwZDc1MTMyNzM1NzIzZTc5NWZhYzU3MDEwMGFhMjMwOTFmZiIsInRhZyI6IiJ9;;[Kegiatan Usaha: Menjual pakaian, Kategori: G, KBLI: 47711];;;;UMKM;;-1.933935197;116.164607;invalid;;;FALSE;FALSE;TRUE;;;invalid;;;;;;lubana rini agustina;0;0;0;;;pasar senaken rt 0 rw 0;;47;lubana rini agustina pasar senaken rt 0 rw 0 kbli47;1;0;1;1;Aktif;Pasar senaken RT 0RW 0;P01;P01;;1;DONE 01/02 - 8.07 PM
13817;55072583;IKAN BASAH KAHARUDIN <KAHARUDIN>;Pasar senaken blok c, RT 0/RW 0;6401040016;64;1;40;16;KALIMANTAN TIMUR;PASER;TANAH GROGOT;SENAKEN;eyJpdiI6IlZtTnR1T3NBZUkzT0EzS0IyeVRyYUE9PSIsInZhbHVlIjoiaEo5WjQzWXBvdC9tamlEWWdzYTVYdz09IiwibWFjIjoiOGI4NjkxZmRiZjFiNjMxZjc5MzIwZDRhY2ViNGY1NjQxYTFhZDcyOGQzNjI5NWMzNjMzMTIzOTEyMTg1OGYxNCIsInRhZyI6IiJ9;;[Kegiatan Usaha: Menjual ikan basah eceran di pasar, Kategori: G, KBLI: 47215];;;;UMKM;;-1.90132;116.2272783;valid;eyJpdiI6Ijd1ZDc5WlYxZlhwcUs1K2hRb0JTaVE9PSIsInZhbHVlIjoicTduNnN2VklnZU11WWVrN3FTb3B4dz09IiwibWFjIjoiMzNiM2I4MDUwYmZmNjgxM2Q0YzgxNjAxN2ZkMjhlZjQ0ODUyYzMwZTEyMDY2ODEzMzc3ZjA1OTNiYmFlYWZjOCIsInRhZyI6IiJ9;1;TRUE;TRUE;FALSE;-1.90132;116.2272783;valid;raka.prawira;;;;;ikan basah kaharudin kaharudin;0;0;0;;;pasar senaken blok c rt 0 rw 0;;47;ikan basah kaharudin kaharudin pasar senaken blok c rt 0 rw 0 kbli47;1;0;1;1;Aktif;Pasar senaken blok c RT 0RW 0;P01;P01;;1;DONE 01/02 - 8.07 PM
13822;55153647;M.ZAKARIA;wil.paar senaken, RT 0/RW 0;6401040016;64;1;40;16;KALIMANTAN TIMUR;PASER;TANAH GROGOT;SENAKEN;eyJpdiI6IkVlcDFvaGloS1Uxa2ljMnJ1SnZaNmc9PSIsInZhbHVlIjoiY2pCR3JtQjd0WGdiWGlzczdWdFRQZz09IiwibWFjIjoiYmViOGFmYmI4M2ZjNTAyNGRjNDkxNGEwYWE3MDFkMmMxNTc1MmY1NzZjOWUwNWVjYTc3M2Q3ZGQwOTZiZDhkNSIsInRhZyI6IiJ9;;[Kegiatan Usaha: menjual sayur eceran, Kategori: G, KBLI: 47811];;;;UMKM;;-1.85022219;116.2401233;valid;eyJpdiI6IkhiMkZuWUVHMm85akRQNjFhckxBQXc9PSIsInZhbHVlIjoiTHViUTZ0eS9IeDVpdk1iN2tKYWowZz09IiwibWFjIjoiOTRjMDVkMjc0ZWNiYzNjYjRlNTRmMGMxOWUxYWIzYWQ5Y2NjZmIzNTUwOTA5ZDI4NzMyY2MxOGM0ODYzMDNjOCIsInRhZyI6IiJ9;1;TRUE;TRUE;FALSE;-1.85022219;116.2401233;valid;raka.prawira;;;;;m zakaria;0;0;0;;;wil paar senaken rt 0 rw 0;;47;m zakaria wil paar senaken rt 0 rw 0 kbli47;1;0;1;0;Aktif;wilpaar senaken RT 0RW 0;P01;P01;;;DONE 01/02 - 8.07 PM
13828;55264394;TOKO ALFIANUR <ALFIAN NOR>;Pasar senaken, RT 0/RW 0;6401040009;64;1;40;9;KALIMANTAN TIMUR;PASER;TANAH GROGOT;JONE;eyJpdiI6IkRuL0ZwSGtidmJQWVUwcEpHSjllWnc9PSIsInZhbHVlIjoiRGhoSk5NalJ3MEp1WkdpeDVKdFJOdz09IiwibWFjIjoiZDEzMTZkMDI2YTVjOWJiNzhlYzAyNWI1ZmQ1ZDU5MThmYzYwNzAwNDc3MTJmY2VmMzg0NDk5MTYzNjZiZWQ4NiIsInRhZyI6IiJ9;;[Kegiatan Usaha: MENJUAL TAS, Kategori: G, KBLI: 47714];;;;UMKM;;-1.900597249;116.2079618;valid;eyJpdiI6IndWQUc2SGZlSm4wZHMrZmkzbUFxRlE9PSIsInZhbHVlIjoiTUVub0tPNEpjeVQybnlRRHpoL1JBUT09IiwibWFjIjoiMzg4NzhkNmQ5NzY3ZTA2YmM0OGY4M2E5ZWE2ZjJlZDVkOWY4N2RkZmFlNzU0MTc2OWQzN2JiZTQxODU3YTYxZiIsInRhZyI6IiJ9;1;TRUE;TRUE;FALSE;-1.900597249;116.2079618;valid;raka.prawira;;;;;alfianur alfian nor;0;0;0;;;pasar senaken rt 0 rw 0;;47;alfianur alfian nor pasar senaken rt 0 rw 0 kbli47;1;0;1;1;Aktif;Pasar senaken RT 0RW 0;P01;P01;;1;DONE 01/02 - 8.07 PM
13844;55070648;RAHMAWATI S;Pasar senaken, RT 0/RW 0;6401040016;64;1;40;16;KALIMANTAN TIMUR;PASER;TANAH GROGOT;SENAKEN;eyJpdiI6Ilg1YktIVXJ1M1Z1djBDZGw2R012TGc9PSIsInZhbHVlIjoicjhNU1Boc3RzS1RSQTNpZ0x5QTJNUT09IiwibWFjIjoiYTg2YzEyMWExZWQ4ZGNhNDk3Y2M2N2UyYTg4NTc1ZGYxNzRmMzcwNGFjNjczMzU2MTYwOTZiNDlkYzNiYjE2MiIsInRhZyI6IiJ9;;[Kegiatan Usaha: menjual tahu tempe, Kategori: G, KBLI: 47824];;;;UMKM;;-1.933935197;116.164607;invalid;;;FALSE;FALSE;TRUE;;;invalid;;;;;;rahmawati s;0;0;0;;;pasar senaken rt 0 rw 0;;47;rahmawati s pasar senaken rt 0 rw 0 kbli47;1;0;1;0;Aktif;Pasar senaken RT 0RW 0;P01;P01;;1;DONE 01/02 - 8.07 PM
13875;55125687;H. HUDRANI;Pasar senaken, RT 0/RW 0;6401040016;64;1;40;16;KALIMANTAN TIMUR;PASER;TANAH GROGOT;SENAKEN;eyJpdiI6IjVFVlZoejJ2bkYvL21DUm9GSzlMUVE9PSIsInZhbHVlIjoiazU5M3lJa2JTcWJ0MUsvRlhIazBQUT09IiwibWFjIjoiMGY3Y2VjZjJmY2NiNjgxMDNlODc3OGRlYmZiNTE5NDE1ODljNWVlNDNiNDI1YjVlZjQ3ZjllOGMzZWRjMzg4MyIsInRhZyI6IiJ9;;[Kegiatan Usaha: Menjual pakaian, Kategori: G, KBLI: 47711];;;;UMKM;;-1.933935197;116.164607;invalid;;;FALSE;FALSE;TRUE;;;invalid;;;;;;h hudrani;0;0;0;;;pasar senaken rt 0 rw 0;;47;h hudrani pasar senaken rt 0 rw 0 kbli47;1;0;1;0;Aktif;Pasar senaken RT 0RW 0;P01;P01;;1;DONE 01/02 - 8.07 PM
13881;55044587;IKAN BASAH MURNI <MURNI>;Pasar senaken blok c, RT 0/RW 0;6401040016;64;1;40;16;KALIMANTAN TIMUR;PASER;TANAH GROGOT;SENAKEN;eyJpdiI6IlEweUpBazdWMzFmakxBOHF6ZDdWQVE9PSIsInZhbHVlIjoiR1FFSjFzcHhuN3o1ZmVHNVJwa2dhUT09IiwibWFjIjoiNzU5YTQ0MGU5OWFkZjQ5YzE3YTE3ZDM3OWY2ZmMwZjdjNmYxZWYyNTZjMjRlN2U0ZTdkZjdjNzcyNWFmOTI2NSIsInRhZyI6IiJ9;;[Kegiatan Usaha: Menjual ikan basah eceran di pasar, Kategori: G, KBLI: 47215];;;;UMKM;;-1.897696667;116.21772;valid;eyJpdiI6ImxaRWgvZGJMcHpyaHlIVlUvQXRSUUE9PSIsInZhbHVlIjoiUUpDN1RjK0FRYjhUQTB2dFpSUDZVUT09IiwibWFjIjoiMTQ1NGY5OGZhNzFjMGY3NjBjMWJiYzZiOWNlMDNkYzQxZDYyZDZiMDA2OWJjMGUxNWUyNDA0YmY4ZDRjNzZlNSIsInRhZyI6IiJ9;1;TRUE;TRUE;FALSE;-1.897696667;116.21772;valid;raka.prawira;;;;;ikan basah murni murni;0;0;0;;;pasar senaken blok c rt 0 rw 0;;47;ikan basah murni murni pasar senaken blok c rt 0 rw 0 kbli47;1;0;1;1;Aktif;Pasar senaken blok c RT 0RW 0;P01;P01;;1;DONE 01/02 - 8.07 PM
13882;55123421;HAMRAH <HAMRA>;Pasar senaken, RT 0/RW 0;6401040016;64;1;40;16;KALIMANTAN TIMUR;PASER;TANAH GROGOT;SENAKEN;eyJpdiI6IlFzK2h3NW1HcmhmVmVTSDlvWjUvNWc9PSIsInZhbHVlIjoibDVjTzByZXVQVFdZRHl5ZkNzNncwdz09IiwibWFjIjoiZmI3MzgwNjg3OTA3YWJmOTgyNjM3MjE5YmVlN2NkZThkYTNjMDQ1YTJjODMwYjI1MzA5NTVlMzBlYzI5OTNhMCIsInRhZyI6IiJ9;;[Kegiatan Usaha: Menjual sepatu sandal, Kategori: G, KBLI: 47833];;;;UMKM;;-1.933935197;116.164607;invalid;;;FALSE;FALSE;TRUE;;;invalid;;;;;;hamrah hamra;0;0;0;;;pasar senaken rt 0 rw 0;;47;hamrah hamra pasar senaken rt 0 rw 0 kbli47;1;0;1;1;Aktif;Pasar senaken RT 0RW 0;P01;P01;;1;DONE 01/02 - 8.07 PM
13907;55238811;SAYUR JUBAIDAH <JUBAIDAH>;Pasar senaken hamparan subuh, RT 0/RW 0;6401040016;64;1;40;16;KALIMANTAN TIMUR;PASER;TANAH GROGOT;SENAKEN;eyJpdiI6Iis3NlJuYWZYUTJ5aVpmaDNtVGp0QVE9PSIsInZhbHVlIjoiM1dzU0gzNkhwNTE5aWZFbjlPMmNwdz09IiwibWFjIjoiMWEzYzJjNTI0YTYwNWEwM2E1MDk3NjhlZTI4OWMwYzc1MzdmMThmZTY1ZGJmNTA1NGFhZjZmYmExM2NmNTE3OCIsInRhZyI6IiJ9;;[Kegiatan Usaha: Menjual sayur eceran di lapak pasar, Kategori: G, KBLI: 47213];;;;UMKM;;-1.933935197;116.164607;invalid;;;FALSE;FALSE;TRUE;;;invalid;;;;;;sayur jubaidah jubaidah;0;0;0;;;pasar senaken hamparan subuh rt 0 rw 0;;47;sayur jubaidah jubaidah pasar senaken hamparan subuh rt 0 rw 0 kbli47;1;0;1;1;Aktif;Pasar senaken hamparan subuh RT 0RW 0;P01;P01;;1;DONE 01/02 - 8.07 PM
13916;55239239;TOKO M.FAHMI <M. FAHMI>;Pasar senaken, RT 0/RW 0;6401040009;64;1;40;9;KALIMANTAN TIMUR;PASER;TANAH GROGOT;JONE;eyJpdiI6IllWK1RNK0w5NFlqVTIvVjU1aThUbVE9PSIsInZhbHVlIjoieHJqOEh3eUpSQUR1SUhPMVRqdm4yQT09IiwibWFjIjoiNjRiYzczNzc1ODMzOTlmOWQ4ZTI4YWU4OTNhYjc3NWM4NTdmNzJjOTQ4YzliMDliZDM3ODljZmFjOWQ3YTZiZCIsInRhZyI6IiJ9;;[Kegiatan Usaha: MENJUAL SEPATU, Kategori: G, KBLI: 47712];;;;UMKM;;-1.899604372;116.208742;valid;eyJpdiI6InNFQml4NEpTSHMzYlMvbFJFY09nbHc9PSIsInZhbHVlIjoiSDFQN2lrUkozeE9pTlNzUmFKNDdGQT09IiwibWFjIjoiMWE5NzIxODUxMTQ5YmY5MGQyNzY2MjVkZWEzYTE2Y2RkNTk1NmE2MTI2MjQyYWI5M2I5YjQ1ZjM5MzBiMjllMCIsInRhZyI6IiJ9;1;TRUE;TRUE;FALSE;-1.899604372;116.208742;valid;raka.prawira;;;;;m fahmi m fahmi;0;0;0;;;pasar senaken rt 0 rw 0;;47;m fahmi m fahmi pasar senaken rt 0 rw 0 kbli47;1;0;1;1;Aktif;Pasar senaken RT 0RW 0;P01;P01;;1;DONE 01/02 - 8.07 PM
13921;55127789;TOKO PUTRI <PUTRI ANRIYANI>;PASAR SENAKEN, RT 0/RW 0;6401040009;64;1;40;9;KALIMANTAN TIMUR;PASER;TANAH GROGOT;JONE;eyJpdiI6IlVSeTlWQUkyUnNjbXlxSVQzcjBacUE9PSIsInZhbHVlIjoiMVRhRVBnSHdsOXhvUUhyS3pjZmV4UT09IiwibWFjIjoiODM1MjQ1YTIzYzhmOGM5YTJiNWVmNDM4OTVjZjMwNjg3YTYwODVmMjgyNjE4MGI4NTFlZjc2MTEyMzNmZmQ4MCIsInRhZyI6IiJ9;;[Kegiatan Usaha: MENJUAL PAKAIAN, Kategori: G, KBLI: 47711];;;;UMKM;;-1.92405071;116.1995203;valid;eyJpdiI6IkFWTjdEYWJMV200RE9BQUdrTk1VVHc9PSIsInZhbHVlIjoiNnlyQS90cEljWkJ3MnNlOW5sNkJOUT09IiwibWFjIjoiZGVlZGQ4NTFjNWI2YTBhYjk4NjU1M2Y4YmFiZDE4ZThlYTQ1NzMxMDcwM2RiYjlkMjI1MmFmNjNlZThmMDljZCIsInRhZyI6IiJ9;1;TRUE;TRUE;FALSE;-1.92405071;116.1995203;valid;raka.prawira;;;;;putri putri anriyani;0;0;0;;;pasar senaken rt 0 rw 0;;47;putri putri anriyani pasar senaken rt 0 rw 0 kbli47;1;0;1;1;Aktif;PASAR SENAKEN RT 0RW 0;P01;P01;;1;DONE 01/02 - 8.07 PM
13928;55237875;HJ. ARKIYAH;Pasar senaken, RT 0/RW 0;6401040016;64;1;40;16;KALIMANTAN TIMUR;PASER;TANAH GROGOT;SENAKEN;eyJpdiI6ImFjQ1NtbHBSME1JZFR0c215RnJ5OHc9PSIsInZhbHVlIjoiSzl0MUFNYjdqUzRjdHZFWXFwdHdSZz09IiwibWFjIjoiNDYxZDVmNDgyZmVmY2YyZGZmNzBkMDAxOWI0MTk1NDY4OGJjZWMwNmZkNWY1ZDkxMzk3MDE0ZWZkNTFjM2ZlOCIsInRhZyI6IiJ9;;[Kegiatan Usaha: Menjual pakaian, Kategori: G, KBLI: 47711];;;;UMKM;;-1.914910033;116.1927192;valid;eyJpdiI6IlEwQzBsbjhmclZwb1V2M2hXSGRsWFE9PSIsInZhbHVlIjoid2huRzZhbmxPVmc3OUNrTjROOXNUUT09IiwibWFjIjoiZTAxOGZhMzQ0ZjU3MGQ5M2RiODU0N2UzY2I1YjNjNTY3Njc3MmUyNTdkNDc4MmMxZjZhYzNmMDljZGYwODhjNCIsInRhZyI6IiJ9;1;TRUE;TRUE;FALSE;-1.914910033;116.1927192;valid;raka.prawira;;;;;hj arkiyah;0;0;0;;;pasar senaken rt 0 rw 0;;47;hj arkiyah pasar senaken rt 0 rw 0 kbli47;1;0;1;0;Aktif;Pasar senaken RT 0RW 0;P01;P01;;1;DONE 01/02 - 8.07 PM
13930;55097951;SAYUR YATMINAH <YATMINAH>;Pasar senaken, RT 0/RW 0;6401040016;64;1;40;16;KALIMANTAN TIMUR;PASER;TANAH GROGOT;SENAKEN;eyJpdiI6Ii8wSDVQU2l6UzFrL3Yza2RHa2lYa0E9PSIsInZhbHVlIjoiUllRV0w2RU1lSVB1KzF2am5ORGJhZz09IiwibWFjIjoiZjFhYmUzNjk4ZWFjZjllYTA5NTIzNzFjMmY1ZmUzNjJiY2RlZDc5MjAwYjg1Yzg3YTg5MTg4NTliNDc0YmU2MyIsInRhZyI6IiJ9;;[Kegiatan Usaha: Menjual sayur eceran di lapak pasar, Kategori: G, KBLI: 47213];;;;UMKM;;-1.870083333;116.15086;valid;eyJpdiI6InBNYlpMMERSV2t6My9QMzdjbC9zaWc9PSIsInZhbHVlIjoiaGkzLzE0aFFCc0NyNVVxWjJCbjdIQT09IiwibWFjIjoiZTIyMGI1NWRjY2ViZWRjNGM0NWQ1OWJhYTRkZjc4NDRmODA5NzIxNGRkM2RkYWFiMWQ5ZTZhOTA1NmU2MTcxZiIsInRhZyI6IiJ9;1;TRUE;TRUE;FALSE;-1.870083333;116.15086;valid;raka.prawira;;;;;sayur yatminah yatminah;0;0;0;;;pasar senaken rt 0 rw 0;;47;sayur yatminah yatminah pasar senaken rt 0 rw 0 kbli47;1;0;1;1;Aktif;Pasar senaken RT 0RW 0;P01;P01;;1;DONE 01/02 - 8.07 PM
13931;55073376;TOKO YADI BN <YUSHAYADI>;PASAR SENAKEN, RT 0/RW 0;6401040009;64;1;40;9;KALIMANTAN TIMUR;PASER;TANAH GROGOT;JONE;eyJpdiI6IkR5VVR4ZXZjQkN4Lzh1Si9qbUVyeVE9PSIsInZhbHVlIjoiY2RpTlVsejlNOUZyMW1NNjhyV21CZz09IiwibWFjIjoiODEzNGJiOGY3Y2E4NWY0MWQwMGJkMjkzNGZkZTU2Y2ZkOWMwZTQ3ODk3ODM2NWY2M2IyYzM5NjE0Y2FjNzRiYiIsInRhZyI6IiJ9;;[Kegiatan Usaha: MENJUAL SEPATU SANDAL, Kategori: G, KBLI: 47712];;;;UMKM;;-1.933935197;116.164607;invalid;;;FALSE;FALSE;TRUE;;;invalid;;;;;;yadi bn yushayadi;0;0;0;;;pasar senaken rt 0 rw 0;;47;yadi bn yushayadi pasar senaken rt 0 rw 0 kbli47;1;0;1;1;Aktif;PASAR SENAKEN RT 0RW 0;P01;P01;;1;DONE 01/02 - 8.07 PM
13933;55103336;ZAITUN;wil.pasar senaken, RT 0/RW 0;6401040016;64;1;40;16;KALIMANTAN TIMUR;PASER;TANAH GROGOT;SENAKEN;eyJpdiI6IkFhQmZDc2dISTVGWWNUNlZZK29Ya1E9PSIsInZhbHVlIjoiNnl5WVgxTm1Qc0pPVDd4dDBzSG51QT09IiwibWFjIjoiYzNjZDQ0MDZiNTE1NjRkMTE3YTg3ZDU1MWE1MGZkYTNhMzA5NmZmZDI2OTRiOGNlMGI3NGQ0ZDRiOTE4ZjVlZCIsInRhZyI6IiJ9;;[Kegiatan Usaha: menjual labu, Kategori: G, KBLI: 47813];;;;UMKM;;-1.8527869;116.2370865;valid;eyJpdiI6IkxSYnVycldCcU53YWVkcmF1WmxLRkE9PSIsInZhbHVlIjoidUtHa2RpbEdJUW55UUhKcm5MSWthQT09IiwibWFjIjoiOGQyNjk1YTVhYzQ3YTU5Yzc3MDhiODQ3NTEwODRmMTE5MjczMzVlMjI2MjU5YTRhMjE0MzllMzM0NDAxOWJmZCIsInRhZyI6IiJ9;1;TRUE;TRUE;FALSE;-1.8527869;116.2370865;valid;raka.prawira;;;;;zaitun;0;0;0;;;wil pasar senaken rt 0 rw 0;;47;zaitun wil pasar senaken rt 0 rw 0 kbli47;1;0;1;0;Aktif;wilpasar senaken RT 0RW 0;P01;P01;;1;DONE 01/02 - 8.07 PM
13956;55072903;SAYUR NASIKIN <NASIKIN>;Pasar senaken, RT 0/RW 0;6401040016;64;1;40;16;KALIMANTAN TIMUR;PASER;TANAH GROGOT;SENAKEN;eyJpdiI6IjFQQUlxZVpLYVN4SUFnenVERG4vOHc9PSIsInZhbHVlIjoiekllNkYxODMzN1M1aGU0RmpoRE9lZz09IiwibWFjIjoiMjIxZTQ0Y2QyMjBiNDZhMGFhNzBjOTA4ODlkZWIwYTZlNjU4MTU5ZTAwZDhiMjIzNjgxMjE1NWNjMjE1MDJhMiIsInRhZyI6IiJ9;;[Kegiatan Usaha: Menjual sayur eceran di lapak pasar, Kategori: G, KBLI: 47213];;;;UMKM;;-1.933935197;116.164607;invalid;;;FALSE;FALSE;TRUE;;;invalid;;;;;;sayur nasikin nasikin;0;0;0;;;pasar senaken rt 0 rw 0;;47;sayur nasikin nasikin pasar senaken rt 0 rw 0 kbli47;1;0;1;1;Aktif;Pasar senaken RT 0RW 0;P01;P01;;1;DONE 01/02 - 8.07 PM
13967;55124583;MISKIA;Wil. Pasar senaken, RT 0/RW 0;6401040016;64;1;40;16;KALIMANTAN TIMUR;PASER;TANAH GROGOT;SENAKEN;eyJpdiI6Ik82enZLazJnczRTNmloaDByRXRqTmc9PSIsInZhbHVlIjoiUlY4U3lXUloxN3dCT1FSdmpnak43dz09IiwibWFjIjoiOTAwYTliZjE3MzZmYzU4ZmY0NDUyODZkYjEzNmZmYmEzNmJjNjZiZWEzNzhkOTk4ZWQyY2QwYzMwYThlMmViZSIsInRhZyI6IiJ9;;[Kegiatan Usaha: Menjual ikan basah, Kategori: G, KBLI: 47215];;;;UMKM;;-1.90198;116.2024167;valid;eyJpdiI6IjlHem83aCtIYk4xSm9nSjFicjFEWXc9PSIsInZhbHVlIjoiZ09yUVl2SFQzN0VHL2FnWnJSb1Zjdz09IiwibWFjIjoiMWUyNGVkMjVjZDE3Mjk3ZmEyOTA0N2YzZjllNDQ3YjVhNTkzOWQyY2Q0MWVjOTRmYTNlZjRiZTExZDBkOGY4YyIsInRhZyI6IiJ9;1;TRUE;TRUE;FALSE;-1.90198;116.2024167;valid;raka.prawira;;;;;miskia;0;0;0;;;wil pasar senaken rt 0 rw 0;;47;miskia wil pasar senaken rt 0 rw 0 kbli47;1;0;1;0;Aktif;Wil Pasar senaken RT 0RW 0;P01;P01;;1;DONE 01/02 - 8.07 PM
13988;55102265;ROBIANSYAH;Wilayah pasar senaken, RT 0/RW 0;6401040016;64;1;40;16;KALIMANTAN TIMUR;PASER;TANAH GROGOT;SENAKEN;eyJpdiI6Imh5b2JhMy9JeVpBK0xKK2RXU3pHb1E9PSIsInZhbHVlIjoibVBMOGlaekJIMHM3SjFmSC9SV2JMZz09IiwibWFjIjoiOWM3OWIxZjgzZTlkZjg0NGY3Yjg1OTkxNTdkMGU3ZjFmMzVhY2NiMjlmZjUyM2QxMGJmNDY0MDNlOTU0ZmE5ZiIsInRhZyI6IiJ9;;[Kegiatan Usaha: Menjual ikan basah, Kategori: G, KBLI: 47215];;;;UMKM;;-1.904261667;116.2226267;valid;eyJpdiI6ImxIbTdvN01Nc01taVV3bzU5eHJuU0E9PSIsInZhbHVlIjoiWlU3MkhsNjlzbUtxVW41RjUzU2U2dz09IiwibWFjIjoiMjI2MWYwNDg4NDJlMDU5NWQzMjQ1OTU5NmQ1ZjdmMjcwOGU1NTcyYzkyZjZlNDgzMmE5OTA0ZDJjOTBmMTQ5MyIsInRhZyI6IiJ9;1;TRUE;TRUE;FALSE;-1.904261667;116.2226267;valid;raka.prawira;;;;;robiansyah;0;0;0;;;wilayah pasar senaken rt 0 rw 0;;47;robiansyah wilayah pasar senaken rt 0 rw 0 kbli47;1;0;1;0;Aktif;Wilayah pasar senaken RT 0RW 0;P01;P01;;1;DONE 01/02 - 8.07 PM
13993;55075128;TOKO ALDI <ILA HERAWATI>;Pasar senaken, RT 0/RW 0;6401040009;64;1;40;9;KALIMANTAN TIMUR;PASER;TANAH GROGOT;JONE;eyJpdiI6IlR0dWZXdk9GZ0pZbkI2RHdPb204Z1E9PSIsInZhbHVlIjoiQlFPK0ZuL1pyVDFpK3NZZjdzQzFsdz09IiwibWFjIjoiYzU5MzZhYTA5NWFiYjUzNzJjYTAxZTQ2OTBmOTkwN2YzZjUwZmQ2NmQyMDgwNmVkNzIwMzAwMmU4ZTA5Y2U0NSIsInRhZyI6IiJ9;;[Kegiatan Usaha: MENJUAL PAKAIAN, Kategori: G, KBLI: 47711];;;;UMKM;;-1.933935197;116.164607;invalid;;;FALSE;FALSE;TRUE;;;invalid;;;;;;aldi ila herawati;0;0;0;;;pasar senaken rt 0 rw 0;;47;aldi ila herawati pasar senaken rt 0 rw 0 kbli47;1;0;1;1;Aktif;Pasar senaken RT 0RW 0;P01;P01;;1;DONE 01/02 - 8.07 PM
13994;55302349;TOKO H.SANI <WARHAMNA>;PASAR SENAKEN, RT 0/RW 0;6401040009;64;1;40;9;KALIMANTAN TIMUR;PASER;TANAH GROGOT;JONE;eyJpdiI6InpTaUVDL2Z5d1FkendlM09sSDlsN1E9PSIsInZhbHVlIjoiK3pjbzgxTUNZNU9ZaWp0aXNLUzR2dz09IiwibWFjIjoiZDNiNjY3ZTdjYTFmY2Q2MjBkYTliYjI4ZDliOTMzNzVlZDBjNzUxNmNjM2M1YmI0OTJiYWIxZDI3NTE4OTg2ZSIsInRhZyI6IiJ9;;[Kegiatan Usaha: MENJUAL SEPATU, Kategori: G, KBLI: 47712];;;;UMKM;;-1.900925;116.2100933;valid;eyJpdiI6IlhkSlhmWFpMYXNINVZRVlIrK2RwN1E9PSIsInZhbHVlIjoiT3pBZ3RkWDgvaVlHdW5mS3BNTkJHZz09IiwibWFjIjoiZGExYTVjZTMwZjk4YjZlNGNjOWZmMTAyNGYwZjI2YjcxYWRjNTMyZDcxYjExYTFhZTlkZmIzYzJkMjk4ZDZiMyIsInRhZyI6IiJ9;1;TRUE;TRUE;FALSE;-1.900925;116.2100933;valid;raka.prawira;;;;;h sani warhamna;0;0;0;;;pasar senaken rt 0 rw 0;;47;h sani warhamna pasar senaken rt 0 rw 0 kbli47;1;0;1;1;Aktif;PASAR SENAKEN RT 0RW 0;P01;P01;;1;DONE 01/02 - 8.07 PM
14000;55047186;SAYUR JOHARIAH <JOHARIAH>;Pasar senaken, RT 0/RW 0;6401040016;64;1;40;16;KALIMANTAN TIMUR;PASER;TANAH GROGOT;SENAKEN;eyJpdiI6ImZiWnJJL1c5dFNwL0d1Q0orTkJheVE9PSIsInZhbHVlIjoiK0dqODJpZXJYYXRNUEYvdy9KTktFUT09IiwibWFjIjoiNTIxMWM1ZGUzZjIyY2VjYjU4N2NhYzE1YzJiZTI2MjAyNzgwZDBkYzQxNmY1MDQ3NDhmMDUzNjBhMjY0ODQ0YyIsInRhZyI6IiJ9;;[Kegiatan Usaha: Menjual sayur eceran di lapak pasar, Kategori: G, KBLI: 47213];;;;UMKM;;-1.85022219;116.2401233;valid;eyJpdiI6IndiSnE1bDNyenA3UWFrQm5MckI1VVE9PSIsInZhbHVlIjoibFlkNmpYZGpjL1hGNnVzN2MwdUxrUT09IiwibWFjIjoiM2E1NDg2NDMxYmJhYzBjYWViMzExODVlMjVkNTQzZDAxM2YzZTg1ZjgzZWQ5NGUyZjg0NzIyZjI0MmI0MGJlNiIsInRhZyI6IiJ9;1;TRUE;TRUE;FALSE;-1.85022219;116.2401233;valid;raka.prawira;;;;;sayur johariah johariah;0;0;0;;;pasar senaken rt 0 rw 0;;47;sayur johariah johariah pasar senaken rt 0 rw 0 kbli47;1;0;1;1;Aktif;Pasar senaken RT 0RW 0;P01;P01;;1;DONE 01/02 - 8.07 PM
14005;55072097;GADO GADO HJ MISTIYAH <MISTIYAH>;Pasar senaken blok warung makan no 04, RT 0/RW 0;6401040016;64;1;40;16;KALIMANTAN TIMUR;PASER;TANAH GROGOT;SENAKEN;eyJpdiI6IjBDTFFRSW1mNGpKYW56emF1cHV4NWc9PSIsInZhbHVlIjoiNlpCcVF0SkVUaDdJdVB1RmdhYmI3UT09IiwibWFjIjoiMmU3ZjEyYzU2NGJmNmZkM2I5NTBjNzBjNjk0Yzc0NThjYjFmY2JjYTU0YWVjMjMyZDM1YjJjNTkwNDZjMWNkYyIsInRhZyI6IiJ9;;[Kegiatan Usaha: Menjual makanan jadi, Kategori: C, KBLI: 10750];;;;UMKM;;-1.933935197;116.164607;invalid;;;FALSE;FALSE;TRUE;;;invalid;;;;;;gado gado hj mistiyah mistiyah;0;0;0;;;pasar senaken blok warung makan no 04 rt 0 rw 0;;10;gado gado hj mistiyah mistiyah pasar senaken blok warung makan no 04 rt 0 rw 0 kbli10;1;0;1;1;Aktif;Pasar senaken blok warung makan no 04 RT 0RW 0;P01;P01;;1;DONE 01/02 - 8.07 PM
14009;55070031;SULAEMAN;Wilayah pasar senaken, RT 0/RW 0;6401040016;64;1;40;16;KALIMANTAN TIMUR;PASER;TANAH GROGOT;SENAKEN;eyJpdiI6IkdZNklnQnZMSWhTRWYzUW43NUg4VXc9PSIsInZhbHVlIjoiaUQ4Q3N5UG03V1cxYWZ2ZC9kRDE5Zz09IiwibWFjIjoiYTAwYzVkMTNjMTJhMWEyY2UwYmExNDhkMzE2YzUwMGRhMzNiODU4ZDI4MzRiZDBmYjdhN2EwZGU3NTRjMzBkNyIsInRhZyI6IiJ9;;[Kegiatan Usaha: Menjual ayam mentah, Kategori: G, KBLI: 47214];;;;UMKM;;-1.903136667;116.2228433;valid;eyJpdiI6IkxRalpkYnROOUdDbkVhTis4V0xLRGc9PSIsInZhbHVlIjoic2hLT3VhNCtZcnY0TzZ2d0MvbC9LZz09IiwibWFjIjoiNjEwZGViODNmZDU5NTNkYzQzYjI3YzIyNGU1Njc4NmZlYTUwYTJlZjI5NTZhMGVjMzdhZTU3ZTI5MmVmYTMwNyIsInRhZyI6IiJ9;1;TRUE;TRUE;FALSE;-1.903136667;116.2228433;valid;raka.prawira;;;;;sulaeman;0;0;0;;;wilayah pasar senaken rt 0 rw 0;;47;sulaeman wilayah pasar senaken rt 0 rw 0 kbli47;1;0;1;0;Aktif;Wilayah pasar senaken RT 0RW 0;P01;P01;;1;DONE 01/02 - 8.07 PM
14019;55046775;TOKO FADLY <MUHAMMAD FADLY SAPUTRA>;Pasar senaken, RT 0/RW 0;6401040009;64;1;40;9;KALIMANTAN TIMUR;PASER;TANAH GROGOT;JONE;eyJpdiI6IllIT09mM3VLa0lLS284ZnpXYnk1V3c9PSIsInZhbHVlIjoiQ0d1bGJ6cDYvVlA5L1AyeG9RcldJUT09IiwibWFjIjoiNDhiMjUwODYyNThhOGE4OGFhZDE5YmUwZjc2YzdmNTMyM2YzYmQxN2NiODQ1MjhkMzI1NmFjMThmNmNkNTAwNiIsInRhZyI6IiJ9;;[Kegiatan Usaha: Menjual pakaian, Kategori: G, KBLI: 47711];;;;UMKM;;-1.933935197;116.164607;invalid;;;FALSE;FALSE;TRUE;;;invalid;;;;;;fadly muhammad fadly saputra;0;0;0;;;pasar senaken rt 0 rw 0;;47;fadly muhammad fadly saputra pasar senaken rt 0 rw 0 kbli47;1;0;1;1;Aktif;Pasar senaken RT 0RW 0;P01;P01;;1;DONE 01/02 - 8.07 PM
14025;55207053;RAHCMAN TAIYLOR <RACHMAN>;Pasar senaken, RT 0/RW 0;6401040009;64;1;40;9;KALIMANTAN TIMUR;PASER;TANAH GROGOT;JONE;eyJpdiI6Ik1zNTIvUU9lTm1TVlM4M3o1NFlEaWc9PSIsInZhbHVlIjoiSkFHaXN5VEFCTk1zSGtEcVFyL0VUUT09IiwibWFjIjoiOWM5OGFmZDMxMjc1N2E3MGRlYzE4Y2VmMzU3NmRiMTc2YTM1M2E5YzAzNGM4MTU3YTg5ZmFlZDlkZWUzN2RjZCIsInRhZyI6IiJ9;;[Kegiatan Usaha: PENJAHIT, Kategori: C, KBLI: 14120];;;;UMKM;;-1.911561667;116.1937933;valid;eyJpdiI6InduaDZUdnRyem12UGtNZU9qYkROVmc9PSIsInZhbHVlIjoieWhPNjR5TkdHd2kxQzJlbTFwaTg5QT09IiwibWFjIjoiYzUyNWIwOTY1ZDY1MGRkOTI0OGY0YTExZGU3M2Y5ZTQ1N2EzMDhhNjVmYjBmN2I5M2VkZjEwNmNjMzBlMTA3YyIsInRhZyI6IiJ9;1;TRUE;TRUE;FALSE;-1.911561667;116.1937933;valid;raka.prawira;;;;;rahcman taiylor rachman;0;0;0;;;pasar senaken rt 0 rw 0;;14;rahcman taiylor rachman pasar senaken rt 0 rw 0 kbli14;1;0;1;1;Aktif;Pasar senaken RT 0RW 0;P01;P01;;1;DONE 01/02 - 8.07 PM
14029;55069624;ZAINUDDIN;wilayah pasar senaken, RT 0/RW 0;6401040016;64;1;40;16;KALIMANTAN TIMUR;PASER;TANAH GROGOT;SENAKEN;eyJpdiI6Imo0WXNxQkI1VFBWVEdNMWFtYmVObHc9PSIsInZhbHVlIjoia01ZbFdJb2h1UE9VRDR6Slc2ZGNjZz09IiwibWFjIjoiYTkyYjU4MDkwNmFlNGRlN2I1Zjc4NjhhZmNkMjk0MzNiMDQ0ZjI5NTQ2ZTUwODg3NjQ5Y2EwZDdkYzg1Yjc2YSIsInRhZyI6IiJ9;;[Kegiatan Usaha: menjual ikan basah, Kategori: G, KBLI: 47215];;;;UMKM;;-1.933935197;116.164607;invalid;;;FALSE;FALSE;TRUE;;;invalid;;;;;;zainuddin;0;0;0;;;wilayah pasar senaken rt 0 rw 0;;47;zainuddin wilayah pasar senaken rt 0 rw 0 kbli47;1;0;1;0;Aktif;wilayah pasar senaken RT 0RW 0;P01;P01;;1;DONE 01/02 - 8.07 PM
14032;55239074;TK. PERAK XUPING VIONA <MUHAMMAD SAYUTI>;Pasar senaken, RT 0/RW 0;6401040016;64;1;40;16;KALIMANTAN TIMUR;PASER;TANAH GROGOT;SENAKEN;eyJpdiI6IlUycG5QVW5mRHExVVZPQ1p2OG9rc3c9PSIsInZhbHVlIjoiTjdVcnQ0dlJLbnU5RGpwekM5eDBrQT09IiwibWFjIjoiOGIyMDk0NmFmOGUwYzRmY2ViNGU4ZTFhZjA2MmY4N2Y4MzViNDFiY2NmZTYzMGU4YWZjMTg1ZGNmNjZlZDAwMCIsInRhZyI6IiJ9;;[Kegiatan Usaha: Menjual perak xuping, Kategori: G, KBLI: 47852];;;;UMKM;;-1.933935197;116.164607;invalid;;;FALSE;FALSE;TRUE;;;invalid;;;;;;tk perak xuping viona muhammad sayuti;0;0;0;;;pasar senaken rt 0 rw 0;;47;tk perak xuping viona muhammad sayuti pasar senaken rt 0 rw 0 kbli47;1;0;1;1;Aktif;Pasar senaken RT 0RW 0;P01;P01;;1;DONE 01/02 - 8.07 PM
14048;55069492;SAYUR RUSDIATY <RUSDIATY>;Pasar senaken hamparan subuh, RT 0/RW 0;6401040016;64;1;40;16;KALIMANTAN TIMUR;PASER;TANAH GROGOT;SENAKEN;eyJpdiI6IjUrSldpemV0dFRpV3RZZFpqVCtlUFE9PSIsInZhbHVlIjoiakNaYXNTcmNzSkpUUldkZFBkOE82Zz09IiwibWFjIjoiOGZmOWExOThiNjY5YTcxN2YzYThlOTUyM2VlNDVkZWNkZGFiYjE4ZmNkMTAxZDA1YTIzMGZmN2MwZDkxYWY0ZCIsInRhZyI6IiJ9;;[Kegiatan Usaha: Menjual sayur eceran di lapak pasar, Kategori: G, KBLI: 47213];;;;UMKM;;-1.936866667;116.2081333;valid;;;FALSE;FALSE;TRUE;;;invalid;;;;;;sayur rusdiaty rusdiaty;0;0;0;;;pasar senaken hamparan subuh rt 0 rw 0;;47;sayur rusdiaty rusdiaty pasar senaken hamparan subuh rt 0 rw 0 kbli47;1;0;1;1;Aktif;Pasar senaken hamparan subuh RT 0RW 0;P01;P01;;1;DONE 01/02 - 8.07 PM
14049;55071201;ISMAIL;Wilayah pasar senaken, RT 0/RW 0;6401040016;64;1;40;16;KALIMANTAN TIMUR;PASER;TANAH GROGOT;SENAKEN;eyJpdiI6Ikpob0hQSTRTOE5pVjFZMWlqT0FDRlE9PSIsInZhbHVlIjoiUm5xSjFYU1N0NHBSSGpwMGZDYU5kdz09IiwibWFjIjoiOGUxM2E3MGEyMTFmMDg5MjMyN2Q1ZGNkMjk4ZGExMjFjMjZkY2IxMzdjYzdjZTU4ZGM5OThiYzEwNTE5MjUwYiIsInRhZyI6IiJ9;;[Kegiatan Usaha: Menjual ikan basah, Kategori: G, KBLI: 47215];;;;UMKM;;-1.933935197;116.164607;invalid;;;FALSE;FALSE;TRUE;;;invalid;;;;;;ismail;0;0;0;;;wilayah pasar senaken rt 0 rw 0;;47;ismail wilayah pasar senaken rt 0 rw 0 kbli47;1;0;1;0;Aktif;Wilayah pasar senaken RT 0RW 0;P01;P01;;1;DONE 01/02 - 8.07 PM
14065;55334007;TOKO ALFARIZKIYA <ANDI NILASARI>;Pasar senaken, RT 0/RW 0;6401040009;64;1;40;9;KALIMANTAN TIMUR;PASER;TANAH GROGOT;JONE;eyJpdiI6IjRSTk5qczZISWthL0dGd3h3MGRJL3c9PSIsInZhbHVlIjoiV1dRYzYyM1o0MVJWaHAxOGtlM1dqUT09IiwibWFjIjoiNWU3OWJhZDlkZDk1M2FmNmYyZmI2YTFmOGY3ZDhhNmNjMmRhYWZkZjY4N2I2MTNmYzVlMjMwZjQ2ZmFlZDM5YiIsInRhZyI6IiJ9;;[Kegiatan Usaha: MENJUAL PAKAIAN, Kategori: G, KBLI: 47711];;;;UMKM;;-1.933935197;116.164607;invalid;;;FALSE;FALSE;TRUE;;;invalid;;;;;;alfarizkiya andi nilasari;0;0;0;;;pasar senaken rt 0 rw 0;;47;alfarizkiya andi nilasari pasar senaken rt 0 rw 0 kbli47;1;0;1;1;Aktif;Pasar senaken RT 0RW 0;P01;P01;;1;DONE 01/02 - 8.07 PM
14081;55069112;KUBRAWATI;Pasar senaken, RT 0/RW 0;6401040016;64;1;40;16;KALIMANTAN TIMUR;PASER;TANAH GROGOT;SENAKEN;eyJpdiI6IllMbVNzVHB0UngzUE9qanBMMnkzMUE9PSIsInZhbHVlIjoic1FYbXN0Z0gzVHNYQW9LbFFmRXRaZz09IiwibWFjIjoiNGU1MjdkZDA2ZjAwZjUzZmVhNWQxZjg1YzgzMzM3NWVlNmFmZWQ1OTk1ODdlNTc3MjljN2NjZDQ4OWQ5MWYzMCIsInRhZyI6IiJ9;;[Kegiatan Usaha: menjual pisang, Kategori: G, KBLI: 47212];;;;UMKM;;-1.902206667;116.2134367;valid;;;FALSE;FALSE;TRUE;;;invalid;;;;;;kubrawati;0;0;0;;;pasar senaken rt 0 rw 0;;47;kubrawati pasar senaken rt 0 rw 0 kbli47;1;0;1;0;Aktif;Pasar senaken RT 0RW 0;P01;P01;;1;DONE 01/02 - 8.07 PM
14089;55152595;INDO ESA;Pasar senaken, RT 0/RW 0;6401040016;64;1;40;16;KALIMANTAN TIMUR;PASER;TANAH GROGOT;SENAKEN;eyJpdiI6Inc1YTllMHJhbHpOdVpycmczZjA3bWc9PSIsInZhbHVlIjoidU9XLys3SHkzTUt1ZCtNUkY4Ly9sUT09IiwibWFjIjoiMTNhMjY3YzUzZTdjMTVmNzhkYTVjMzQxODRjOGRmOWE4ZDVhYzA0ZjRmYTdjZDQxMjFlODA5MDhlNDM2ZjY4MiIsInRhZyI6IiJ9;;[Kegiatan Usaha: Menjual pakaian, Kategori: G, KBLI: 47711];;;;UMKM;;-1.902925;116.2137283;valid;eyJpdiI6IkJnMXhndkY2bDFjTzRhODRtMnBReXc9PSIsInZhbHVlIjoiZTl4c3dnZmN6VXZ1UnFDS3FhZEdTdz09IiwibWFjIjoiNmQ0YTk0ZmE0OWY2MjExYWQ1NWQwNWY3MjRiOGJhODIwMWExYWNhMWQwZDBkMjYzMjRiYmI0MzYxZjBjZjgyNCIsInRhZyI6IiJ9;1;TRUE;TRUE;FALSE;-1.902925;116.2137283;valid;raka.prawira;;;;;indo esa;0;0;0;;;pasar senaken rt 0 rw 0;;47;indo esa pasar senaken rt 0 rw 0 kbli47;1;0;1;0;Aktif;Pasar senaken RT 0RW 0;P01;P01;;1;DONE 01/02 - 8.07 PM
14093;55209415;TOKO H. RASYID <ABDUL RASYID>;PASAR SENAKEN, RT 0/RW 0;6401040009;64;1;40;9;KALIMANTAN TIMUR;PASER;TANAH GROGOT;JONE;eyJpdiI6Im9RdXVibHFPRzlqdVJzME5uTVp3dnc9PSIsInZhbHVlIjoia1podnN2aEJqa2daTEQ3UEtJVHl0Zz09IiwibWFjIjoiMDk3MjJjZDY5NGQ3YTRhNmQxMWNkMzFhZGFjZDZlMWEzMTk2NGQ4NjAyN2ZkNmRhNWM1NDc4Mzc5YjcwODRhMyIsInRhZyI6IiJ9;;[Kegiatan Usaha: MENJUAL PAKAIAN, Kategori: G, KBLI: 47711];;;;UMKM;;-1.933935197;116.164607;invalid;;;FALSE;FALSE;TRUE;;;invalid;;;;;;h rasyid abdul rasyid;0;0;0;;;pasar senaken rt 0 rw 0;;47;h rasyid abdul rasyid pasar senaken rt 0 rw 0 kbli47;1;0;1;1;Aktif;PASAR SENAKEN RT 0RW 0;P01;P01;;1;DONE 01/02 - 8.07 PM
14105;55209478;DARMO SARWITO <H. DARMO SARWITO>;Pasar senaken, RT 0/RW 0;6401040016;64;1;40;16;KALIMANTAN TIMUR;PASER;TANAH GROGOT;SENAKEN;eyJpdiI6IjVNUGpEdGdEMUN5dXlwQStEYU42dkE9PSIsInZhbHVlIjoidG01bWUrdXNXcWxVOWpTWXcyRWRzQT09IiwibWFjIjoiNDM2MGI4MWI0ZWZjYmExZDBlOTVlYmUzZDZmMjQxMjk0MGYxOTcyOTMxYTFiMTQzNDU3ZDgzNTVjZWQwOGI4MCIsInRhZyI6IiJ9;;[Kegiatan Usaha: Menjual pakaian, Kategori: G, KBLI: 47711];;;;UMKM;;-1.920671134;116.1920416;valid;eyJpdiI6Ik4zUEZ2SGNnK2pBOWJ2MmNRakszWUE9PSIsInZhbHVlIjoiTXhzUlZENXROVHdnc2FZSDNiMFNQQT09IiwibWFjIjoiM2I4OWQxN2Y4YmJlYzEyMTdmNWU2NGM4NGVhMTE2NmExOGZlNjA1MzZjMmVlZmM0MTc4YjI2OTk0OTk1ZmEyOCIsInRhZyI6IiJ9;1;TRUE;TRUE;FALSE;-1.920671134;116.1920416;valid;raka.prawira;;;;;darmo sarwito h darmo sarwito;0;0;0;;;pasar senaken rt 0 rw 0;;47;darmo sarwito h darmo sarwito pasar senaken rt 0 rw 0 kbli47;1;0;1;1;Aktif;Pasar senaken RT 0RW 0;P01;P01;;1;DONE 01/02 - 8.07 PM
14120;55240004;TOKO LINA <LINA>;Pasar senaken, RT 0/RW 0;6401040009;64;1;40;9;KALIMANTAN TIMUR;PASER;TANAH GROGOT;JONE;eyJpdiI6IlhKeWVtY3hpckRFdGZBaHVQdVg0UWc9PSIsInZhbHVlIjoidzI4L0RqMnBNKzFUTzJoNENnNHhxZz09IiwibWFjIjoiZTUwODE4Mzc2YmQ3NGVhNTlkY2UwOTFmZGJiNDViYzhlMWE3Mjc1NTU2YzViM2RmMmU1NjQ5ZDIxMDZhZTg2ZiIsInRhZyI6IiJ9;;[Kegiatan Usaha: MENJUAL KACAMATA, Kategori: G, KBLI: 47853];;;;UMKM;;-1.933935197;116.164607;invalid;;;FALSE;FALSE;TRUE;;;invalid;;;;;;lina lina;0;0;0;;;pasar senaken rt 0 rw 0;;47;lina lina pasar senaken rt 0 rw 0 kbli47;1;0;1;1;Aktif;Pasar senaken RT 0RW 0;P01;P01;;1;DONE 01/02 - 8.07 PM
14126;55124449;ROSDIANA NURDIN;Pasar senaken, RT 0/RW 0;6401040016;64;1;40;16;KALIMANTAN TIMUR;PASER;TANAH GROGOT;SENAKEN;eyJpdiI6IkNxaDAyc3Q0RTcyTDlkQ0ZUWnF3OWc9PSIsInZhbHVlIjoiY0JVaTBkOGV1emxONHFTdytBcENxQT09IiwibWFjIjoiZDY1ZTNhMGRjM2E3YzQ5MWM4NDAwNjA5NDZmNTEwYWY3NjFhZWYwZGZhNmRiNzkzZDA1ZjBmY2E3YjVmMTcyMCIsInRhZyI6IiJ9;;[Kegiatan Usaha: Menjual perhiasan, Kategori: G, KBLI: 47852];;;;UMKM;;-1.933935197;116.164607;invalid;;;FALSE;FALSE;TRUE;;;invalid;;;;;;rosdiana nurdin;0;0;0;;;pasar senaken rt 0 rw 0;;47;rosdiana nurdin pasar senaken rt 0 rw 0 kbli47;1;0;1;0;Aktif;Pasar senaken RT 0RW 0;P01;P01;;1;DONE 01/02 - 8.07 PM
14137;55121699;DAUN PISANG NORJAMA <NORJAMA>;Pasar senaken hamparan subuh, RT 0/RW 0;6401040016;64;1;40;16;KALIMANTAN TIMUR;PASER;TANAH GROGOT;SENAKEN;eyJpdiI6ImpkbS9UT2tROGVRdXoxT0lzSnkzYVE9PSIsInZhbHVlIjoiM2dqUnA0K1Y3bm9pdlpleStHWmZEZz09IiwibWFjIjoiOWU2MjcxYTQ1Zjc4NTJkNzYzNDQ4YjYzM2JlOGJlODFiODllZmMzZmE4YzE4ZmNhNzRiNWExNGZkM2IzOTcyZSIsInRhZyI6IiJ9;;[Kegiatan Usaha: Menjual daun pisang eceran di lapak pasar, Kategori: G, KBLI: 47899];;;;UMKM;;-1.933935197;116.164607;invalid;;;FALSE;FALSE;TRUE;;;invalid;;;;;;daun pisang norjama norjama;0;0;0;;;pasar senaken hamparan subuh rt 0 rw 0;;47;daun pisang norjama norjama pasar senaken hamparan subuh rt 0 rw 0 kbli47;1;0;1;1;Aktif;Pasar senaken hamparan subuh RT 0RW 0;P01;P01;;1;DONE 01/02 - 8.07 PM
14139;55127332;YOSI SUSANTI;wilayah pasar senaken, RT 0/RW 0;6401040016;64;1;40;16;KALIMANTAN TIMUR;PASER;TANAH GROGOT;SENAKEN;eyJpdiI6IkQydlZWUkdwU2pnWkNmVk5jYkdiS2c9PSIsInZhbHVlIjoiLzQzWG5DSWIzVUN2K251WWhBb3JGdz09IiwibWFjIjoiMmI4MTRhMjY1YjM4OGUxMDU2MmQzZDA2YTFiZGNhOGVjZThmZjYyYzJkZjQyMDE4NzM4MTNjNmJhMzhjMzdlMyIsInRhZyI6IiJ9;;[Kegiatan Usaha: PRODUKSI DAN MENJUAL BUMBU, Kategori: C, KBLI: 10772];;;;UMKM;;-1.933935197;116.164607;invalid;;;FALSE;FALSE;TRUE;;;invalid;;;;;;yosi susanti;0;0;0;;;wilayah pasar senaken rt 0 rw 0;;10;yosi susanti wilayah pasar senaken rt 0 rw 0 kbli10;1;0;1;0;Aktif;wilayah pasar senaken RT 0RW 0;P01;P01;;1;DONE 01/02 - 8.07 PM
14140;55127306;NANI;wil. pasar senaken, RT 0/RW 0;6401040016;64;1;40;16;KALIMANTAN TIMUR;PASER;TANAH GROGOT;SENAKEN;eyJpdiI6ImdNM01Ob0FTOTZKcHdHNDkxQTdFaGc9PSIsInZhbHVlIjoiRUdVRUsxbU5ncEViaFRLR1MzcDlwQT09IiwibWFjIjoiNzk1YzJlNzE0ZWZlMWRlYzk5OTliNzNlY2EwOTVhZjNiMzVjMTcxZTEzN2ZmMWRkOGZlMDZiNjFlZGI3YmYwZSIsInRhZyI6IiJ9;;[Kegiatan Usaha: menjual rempah, Kategori: G, KBLI: 47219];;;;UMKM;;-1.933935197;116.164607;invalid;;;FALSE;FALSE;TRUE;;;invalid;;;;;;nani;0;0;0;;;wil pasar senaken rt 0 rw 0;;47;nani wil pasar senaken rt 0 rw 0 kbli47;1;0;1;0;Aktif;wil pasar senaken RT 0RW 0;P01;P01;;1;DONE 01/02 - 8.07 PM
14165;55237081;TEMPE PONIRIN <PONIRIN SALIM>;Pasar senaken, RT 0/RW 0;6401040016;64;1;40;16;KALIMANTAN TIMUR;PASER;TANAH GROGOT;SENAKEN;eyJpdiI6IkgrSlkydWJENFNYdmxWOFJBYlpkdGc9PSIsInZhbHVlIjoiSWxEMjNLQlIrYUdKVWJCNjRHNDZFdz09IiwibWFjIjoiODYwYmM1ZDU5YjY1NDVkZGE0YzUxMzlmOTFjMDExOWMyZjgzZDY2NDE1ZTk0NzhmOGI3NTI4MTc5NzM2NjYyMSIsInRhZyI6IiJ9;;[Kegiatan Usaha: Menjual tempe di lapak pasar, Kategori: C, KBLI: 10391];;;;UMKM;;-1.899974104;116.2063882;valid;;;FALSE;FALSE;TRUE;;;invalid;;;;;;tempe ponirin ponirin salim;0;0;0;;;pasar senaken rt 0 rw 0;;10;tempe ponirin ponirin salim pasar senaken rt 0 rw 0 kbli10;1;0;1;1;Aktif;Pasar senaken RT 0RW 0;P01;P01;;1;DONE 01/02 - 8.07 PM
14172;55072024;TOKO NAFISAH <SAIDAH NAFISAH>;PASAR SENAKEN, RT 0/RW 0;6401040009;64;1;40;9;KALIMANTAN TIMUR;PASER;TANAH GROGOT;JONE;eyJpdiI6Ii9GSUdYb09JYllHK2ZTU1hNVS9INHc9PSIsInZhbHVlIjoiQ0lvVnk0QnBmTjBtSFUxem9mODNlUT09IiwibWFjIjoiY2VlZDRmOWExM2ViYmI1NDgzMThjNDBmMjNhYzZkMWExZjA3ZDMyYTVhZjdiZGI3ZjQ2YmM2ZDM3ZjY5YmI0YiIsInRhZyI6IiJ9;;[Kegiatan Usaha: MENJUAL PAKIAN, Kategori: G, KBLI: 47711];;;;UMKM;;-1.933935197;116.164607;invalid;;;FALSE;FALSE;TRUE;;;invalid;;;;;;nafisah saidah nafisah;0;0;0;;;pasar senaken rt 0 rw 0;;47;nafisah saidah nafisah pasar senaken rt 0 rw 0 kbli47;1;0;1;1;Aktif;PASAR SENAKEN RT 0RW 0;P01;P01;;1;DONE 01/02 - 8.07 PM
14174;55128105;JAGUNG ASIAH <ASIAH>;Pasar senaken, RT 0/RW 0;6401040016;64;1;40;16;KALIMANTAN TIMUR;PASER;TANAH GROGOT;SENAKEN;eyJpdiI6IjZ1djBuZmx1cDd2cCs2a0JLRXhuaUE9PSIsInZhbHVlIjoiSXBldHVqYlRzV1FwVjQxdU1YTUwxQT09IiwibWFjIjoiMThhYjUyYThlNjFmYzI5YjE4ODZmZjhmYWJkMjZhNzE4MTRiMjE0N2ZmZDYyYmEzYjcyZGU3ODRlNmIxYTM1NyIsInRhZyI6IiJ9;;[Kegiatan Usaha: Menjual jagung eceran di lapak pasar, Kategori: G, KBLI: 47211];;;;UMKM;;-1.851356171;116.2382608;valid;eyJpdiI6InhXcEI2dzEyZDNFL3I5Z3hHUDlIL3c9PSIsInZhbHVlIjoid2FqSjlmQmZpTHhUL2ZUN0hoLys1dz09IiwibWFjIjoiZjI5ZmUwYTg1MTMyN2ExMGE2ZTA1MzcyMDJiNTBiNTEwZWE5OGZkMmVmMzdhZDNmNWQwYTg5M2ZmNmM4NTUwMSIsInRhZyI6IiJ9;1;TRUE;TRUE;FALSE;-1.851356171;116.2382608;valid;raka.prawira;;;;;jagung asiah asiah;0;0;0;;;pasar senaken rt 0 rw 0;;47;jagung asiah asiah pasar senaken rt 0 rw 0 kbli47;1;0;1;1;Aktif;Pasar senaken RT 0RW 0;P01;P01;;1;DONE 01/02 - 8.07 PM
14183;55156837;AYAM LENY AKBAR <LENY AKBAR>;Pasar senaken, RT 0/RW 0;6401040016;64;1;40;16;KALIMANTAN TIMUR;PASER;TANAH GROGOT;SENAKEN;eyJpdiI6IkJPM0w3V2pBZ21FdWsyd2pqRVZlUlE9PSIsInZhbHVlIjoiT3A2Nk9jZUdWZ3d3WWtvSGI2VllJQT09IiwibWFjIjoiODU4NWZkM2MxYmRkMmQwNzdkNjlkN2MyOTQzMjYzNmNiZTViYTdiNzI5YWQyOTkwZjNiZDA2MGU2OTE5YjJiNiIsInRhZyI6IiJ9;;[Kegiatan Usaha: Menjual ayam potong di pasar, Kategori: G, KBLI: 47814];;;;UMKM;;-1.90783194;116.1983514;valid;eyJpdiI6InNiT2szaTJ0VjlOcHowVE1HQnlDanc9PSIsInZhbHVlIjoiblFHQi9uSWtZb2Yxb040clRiMDNKZz09IiwibWFjIjoiOTFkYjY5Y2M0MTVkZjI1NDlhYzRmZGNlNmQwZGUzN2UzMTQ4ZjIyOWNiODI0NjkzMTIyODgwZDJhYTgyOWVhOSIsInRhZyI6IiJ9;1;TRUE;TRUE;FALSE;-1.90783194;116.1983514;valid;raka.prawira;;;;;ayam leny akbar leny akbar;0;0;0;;;pasar senaken rt 0 rw 0;;47;ayam leny akbar leny akbar pasar senaken rt 0 rw 0 kbli47;1;0;1;1;Aktif;Pasar senaken RT 0RW 0;P01;P01;;1;DONE 01/02 - 8.07 PM
14186;55154491;TOKO H. MARNI <MARNI>;PASAR SENAKEN, RT 0/RW 0;6401040009;64;1;40;9;KALIMANTAN TIMUR;PASER;TANAH GROGOT;JONE;eyJpdiI6IkxVZWJlNkFyS2ZOam5YcmtGMndNeVE9PSIsInZhbHVlIjoiRnpzUmNTUUVxUkJDVjRzK0FYeUZDUT09IiwibWFjIjoiYmI1ZDM5NGViZTZlNDU0OWEyMzA4N2JhODNiNDljOTUyNWJlNWQxZjZmYjZmN2M1NmE1MmFiNTRkOTQxNTEzNyIsInRhZyI6IiJ9;;[Kegiatan Usaha: MENJUAL SEPATU, Kategori: G, KBLI: 47712];;;;UMKM;;-1.922905;116.194585;valid;eyJpdiI6IkpXYVNIZWdyZWI3anhzZXFBa3lQSHc9PSIsInZhbHVlIjoiSlhnOUwyUEJnQjYwcmJCKzdydzg3UT09IiwibWFjIjoiMzA4OTRiN2FlZjNmNDc3ZDNlNmFlMjY0OWE2MjlkODM1NzBkMjBmNGU4MGFhNDY3NGU4YmMwODE1YzY5ZmQxNCIsInRhZyI6IiJ9;1;TRUE;TRUE;FALSE;-1.922905;116.194585;valid;raka.prawira;;;;;h marni marni;0;0;0;;;pasar senaken rt 0 rw 0;;47;h marni marni pasar senaken rt 0 rw 0 kbli47;1;0;1;1;Aktif;PASAR SENAKEN RT 0RW 0;P01;P01;;1;DONE 01/02 - 8.07 PM
14189;55302183;TK. NOPAL <MUHAMMAD ABDUL BARI>;Pasar senaken, RT 0/RW 0;6401040016;64;1;40;16;KALIMANTAN TIMUR;PASER;TANAH GROGOT;SENAKEN;eyJpdiI6ImU5UzlQUXFNL1dqWU0rem1ldUpnOGc9PSIsInZhbHVlIjoiOTVOOG96RUNiSXBWeXlvTkVYMTVOQT09IiwibWFjIjoiZWQxNjcwY2NhZDNmYjQ2Y2YyMzE5ZmYxMzc0Nzc1Yzk3MGE5NDFlNGMyYmYwZjYyN2FiNGEzNmU3ZTg4ODhjNyIsInRhZyI6IiJ9;;[Kegiatan Usaha: Menjual pakaian, Kategori: G, KBLI: 47711];;;;UMKM;;-1.933935197;116.164607;invalid;;;FALSE;FALSE;TRUE;;;invalid;;;;;;tk nopal muhammad abdul bari;0;0;0;;;pasar senaken rt 0 rw 0;;47;tk nopal muhammad abdul bari pasar senaken rt 0 rw 0 kbli47;1;0;1;1;Aktif;Pasar senaken RT 0RW 0;P01;P01;;1;DONE 01/02 - 8.07 PM
14190;55069207;KARTI SEMBAKO <KARTI>;Pasar senaken blok A, RT 0/RW 0;6401040016;64;1;40;16;KALIMANTAN TIMUR;PASER;TANAH GROGOT;SENAKEN;eyJpdiI6IjU4TzAzT0FsejlJRnM2SHlEYmZZRVE9PSIsInZhbHVlIjoiS3NBMURaaHFsaHVFQUN1ZFp0Z3Zpdz09IiwibWFjIjoiZmEwYWIyYjVhNjA2NTVkZWY3Mzc0Mjc1NTM4OGRhMjQxNTRiMDc3MjMyY2MyZDA0YjMxMmE0YjBiMjNjMGM5ZSIsInRhZyI6IiJ9;;[Kegiatan Usaha: Menjual sembako di los pasar, Kategori: G, KBLI: 47112];;;;UMKM;;-1.85462291;116.1543017;valid;eyJpdiI6ImMxbmJsY0piQzlDalM5VXVHUHd6Mnc9PSIsInZhbHVlIjoiS2tSTHRrTlFxb3d5V1VkUm51MStOdz09IiwibWFjIjoiMjViM2JlZTg5OGU3MDE3MjNlZDQ0MzI1MDQ0ZjExOGE4YTg0NjdiYzNiZGIxMWMzMDk2YzE5NWQ5MDA0YzBjNyIsInRhZyI6IiJ9;1;TRUE;TRUE;FALSE;-1.85462291;116.1543017;valid;raka.prawira;;;;;karti sembako karti;0;0;0;;;pasar senaken blok a rt 0 rw 0;;47;karti sembako karti pasar senaken blok a rt 0 rw 0 kbli47;1;0;1;1;Aktif;Pasar senaken blok A RT 0RW 0;P01;P01;;1;DONE 01/02 - 8.07 PM
14193;55075823;TOKO MAMA BELFA <SITI RAUDAH>;Pasar senaken, RT 0/RW 0;6401040009;64;1;40;9;KALIMANTAN TIMUR;PASER;TANAH GROGOT;JONE;eyJpdiI6IkJJMStXZFdjVXF2VFdGQS9Pelo2UHc9PSIsInZhbHVlIjoiOTRIZmhENlhYNzR0UmEwZmhJekpxUT09IiwibWFjIjoiYTc0ZDk5NmY1MTExMTg2ODYyMjZiYjk5M2E3ZWJjYmM1YWZiNTEyN2NkN2MwMmZmOTcwNzI3YTQ3NzgyNGM1OCIsInRhZyI6IiJ9;;[Kegiatan Usaha: Menjual pakaian, Kategori: G, KBLI: 47711];;;;UMKM;;-1.933935197;116.164607;invalid;;;FALSE;FALSE;TRUE;;;invalid;;;;;;mama belfa siti raudah;0;0;0;;;pasar senaken rt 0 rw 0;;47;mama belfa siti raudah pasar senaken rt 0 rw 0 kbli47;1;0;1;1;Aktif;Pasar senaken RT 0RW 0;P01;P01;;1;DONE 01/02 - 8.07 PM
14199;55103172;TOKO MAMA YANA <FARIDLAH>;Pasar senaken, RT 0/RW 0;6401040009;64;1;40;9;KALIMANTAN TIMUR;PASER;TANAH GROGOT;JONE;eyJpdiI6IjdWTm54RkVoQ1hRZEVjNEFmdGVrY2c9PSIsInZhbHVlIjoidkF3Y0IvZGRhKzJqL2t2MGFjdTdDZz09IiwibWFjIjoiZjkzNWM1OTM3YmM3YzMzNjIyYTE5YjhkYzcxNzlhNzVjZDdjMDdjZjE4OGVlNmRmZWUyZDdlZmU5ZGMxZWQwNCIsInRhZyI6IiJ9;;[Kegiatan Usaha: MENJUAL PAKAIAN, Kategori: G, KBLI: 47711];;;;UMKM;;-1.912020822;116.1883552;valid;;;FALSE;FALSE;TRUE;;;invalid;;;;;;mama yana faridlah;0;0;0;;;pasar senaken rt 0 rw 0;;47;mama yana faridlah pasar senaken rt 0 rw 0 kbli47;1;0;1;1;Aktif;Pasar senaken RT 0RW 0;P01;P01;;1;DONE 01/02 - 8.07 PM
14220;55207615;SAYURAN WAHYUDI <WAHYUDI>;Pasar senaken, RT 0/RW 0;6401040004;64;1;40;4;KALIMANTAN TIMUR;PASER;TANAH GROGOT;TANAH GROGOT;eyJpdiI6IlV0QnFBUkNZTEJLMHRSeE5NZ1dzSFE9PSIsInZhbHVlIjoiK3NBdnY0OHpVZUNIODBlL1FudTZodz09IiwibWFjIjoiNjA4MWIxMWM0MDVkNTJjZDRlMGIxYTM2MjMxNGQwMDc0MjFjYjZhYjQ4MzA4ZjRkNDU2NWY1OWFkZGUwMjcwMCIsInRhZyI6IiJ9;;[Kegiatan Usaha: Menjual sayur eceran di lapak pasar, Kategori: G, KBLI: 47213];;;;UMKM;;-1.846971032;116.2352812;valid;eyJpdiI6InZucVN2aytoY29rVHVyWDkvOG1Ra1E9PSIsInZhbHVlIjoibmRBZjduMjR5blphZ3ZUTmNnTVN5UT09IiwibWFjIjoiYzI4OTRkYTZiYzc4NmJjMzMwMGI0MGJmYjE3ZGNhZmE5YzJlZmU0MWVhMTUxZTc0MTkxNjAxZGNlOTExMzc1MSIsInRhZyI6IiJ9;1;TRUE;TRUE;FALSE;-1.846971032;116.2352812;valid;raka.prawira;;;;;sayuran wahyudi wahyudi;0;0;0;;;pasar senaken rt 0 rw 0;;47;sayuran wahyudi wahyudi pasar senaken rt 0 rw 0 kbli47;1;0;1;1;Aktif;Pasar senaken RT 0RW 0;P01;P01;;1;DONE 01/02 - 8.07 PM
14223;55121331;WARUNG MAKAN ERMA <ERMA>;Pasar senaken hamparan subuh, RT 0/RW 0;6401040016;64;1;40;16;KALIMANTAN TIMUR;PASER;TANAH GROGOT;SENAKEN;eyJpdiI6IjhsaG9UWGVNd3dUY2ZPZHhkZm92V1E9PSIsInZhbHVlIjoiSjVsTXhlbDYwQlNyUW9hclR1bW95UT09IiwibWFjIjoiMzZmMDI3ZmUzMDdkYmVlYjhmYTc3ZmVkYTM1ZTM3YTI0Yzk5YzU4M2RiZjE3MzU5YmRlZWNiODgzMWRlNTRmNCIsInRhZyI6IiJ9;;[Kegiatan Usaha: Menjual makanan dan minuman eceran di pasar, Kategori: I, KBLI: 56102];;;;UMKM;;-1.933935197;116.164607;invalid;;;FALSE;FALSE;TRUE;;;invalid;;;;;;makan erma erma;0;0;0;;;pasar senaken hamparan subuh rt 0 rw 0;;56;makan erma erma pasar senaken hamparan subuh rt 0 rw 0 kbli56;1;0;1;1;Aktif;Pasar senaken hamparan subuh RT 0RW 0;P01;P01;;1;DONE 01/02 - 8.07 PM
14224;55121848;FAHREDI;WILAYAH PASAR SENAKEN, RT 0/RW 0;6401040016;64;1;40;16;KALIMANTAN TIMUR;PASER;TANAH GROGOT;SENAKEN;eyJpdiI6IndsakZ3SFNjVlVxWFd2Z0p5RzM0Qmc9PSIsInZhbHVlIjoiTDZIOWRySGVrNEtZNkppVnlEN2FIdz09IiwibWFjIjoiYTI1OWFjMTk5NTgxOTBjYjZlNGRkMjA2MjYzM2U2MmY2ZjJhYTgwMjZjNTQ4YzFhODRkNDFjNjM0N2MzYjhkMCIsInRhZyI6IiJ9;;[Kegiatan Usaha: MENJUAL SAYURAN, Kategori: G, KBLI: 47811];;;;UMKM;;-1.933935197;116.164607;invalid;;;FALSE;FALSE;TRUE;;;invalid;;;;;;fahredi;0;0;0;;;wilayah pasar senaken rt 0 rw 0;;47;fahredi wilayah pasar senaken rt 0 rw 0 kbli47;1;0;1;0;Aktif;WILAYAH PASAR SENAKEN RT 0RW 0;P01;P01;;1;DONE 01/02 - 8.07 PM
14226;55238553;SAYUR DIRMAN <DIRMAN>;Pasar senaken hamparan subuh, RT 0/RW 0;6401040016;64;1;40;16;KALIMANTAN TIMUR;PASER;TANAH GROGOT;SENAKEN;eyJpdiI6IlFwakRLTmtuTDJsL1JJR0NCR21SZkE9PSIsInZhbHVlIjoicVV0M3RONmRBVEJEZmY5TWJQb0Y4QT09IiwibWFjIjoiNWI5OTQwN2Q5MGI0NGZhOWM1MzZiMjg3MDA4MzBjNzc0ZmI1OGQ3ZjQ1YzdjM2U5YmJlN2IyYzY1OGI4OWNlYiIsInRhZyI6IiJ9;;[Kegiatan Usaha: Menjual sayur eceran di lapak, Kategori: G, KBLI: 47213];;;;UMKM;;-1.933935197;116.164607;invalid;;;FALSE;FALSE;TRUE;;;invalid;;;;;;sayur dirman dirman;0;0;0;;;pasar senaken hamparan subuh rt 0 rw 0;;47;sayur dirman dirman pasar senaken hamparan subuh rt 0 rw 0 kbli47;1;0;1;1;Aktif;Pasar senaken hamparan subuh RT 0RW 0;P01;P01;;1;DONE 01/02 - 8.07 PM
14234;55125847;AYU AZHARI;Wil. Pasar senaken, RT 0/RW 0;6401040016;64;1;40;16;KALIMANTAN TIMUR;PASER;TANAH GROGOT;SENAKEN;eyJpdiI6Im9veW94OC9iME54QXFuWVdUZEw0eHc9PSIsInZhbHVlIjoibWJIdktSaWM2ZzNFYUdiTmxVL2NLZz09IiwibWFjIjoiNWFhMjBmYjhhYzlkM2M4YTE0Y2Q3Y2YwYzlhODE4M2UyZTYzOTIwNGJmYTg2NWUwZDQyYzc2ZWNhNTAwZWU4YSIsInRhZyI6IiJ9;;[Kegiatan Usaha: Warung makan sederhana, Kategori: I, KBLI: 56103];;;;UMKM;;-1.933935197;116.164607;invalid;;;FALSE;FALSE;TRUE;;;invalid;;;;;;ayu azhari;0;0;0;;;wil pasar senaken rt 0 rw 0;;56;ayu azhari wil pasar senaken rt 0 rw 0 kbli56;1;0;1;0;Aktif;Wil Pasar senaken RT 0RW 0;P01;P01;;1;DONE 01/02 - 8.07 PM
14237;55121415;TK. MAMA BADALI <MASNI>;Pasar senaken, RT 0/RW 0;6401040016;64;1;40;16;KALIMANTAN TIMUR;PASER;TANAH GROGOT;SENAKEN;eyJpdiI6Ikt1aVRaclpnZ1ZxWU9nNERWb0l5T2c9PSIsInZhbHVlIjoiSjdpMmJvbXhyTVlkRmU0K2ZCdk80Zz09IiwibWFjIjoiNmRmNWI4ZjgwN2Q5YWNkNTE5MjI1Mzg5NTk4NzI0OThiZjJhMWZkOTJjY2E1YzcxOTI1ZDFhYWYxYjlkOTA3MiIsInRhZyI6IiJ9;;[Kegiatan Usaha: Menjual pakaian, Kategori: G, KBLI: 47711];;;;UMKM;;-1.899946667;116.1954667;valid;eyJpdiI6Im1PcGlsM3NPUDBDN2ZXc3JqT2hvZXc9PSIsInZhbHVlIjoiS0JxdjNXOW4zTzZQTUkyS3ZTMStaUT09IiwibWFjIjoiMjMyNDVlYzMwYjhmY2VkNGE5MWNkYjA4MjkwNWZmMTZhMzEyY2VlOTlmNzBlMWIyMjU5MGI1Mzg0ZjU5YTFiYSIsInRhZyI6IiJ9;1;TRUE;TRUE;FALSE;-1.899946667;116.1954667;valid;raka.prawira;;;;;tk mama badali masni;0;0;0;;;pasar senaken rt 0 rw 0;;47;tk mama badali masni pasar senaken rt 0 rw 0 kbli47;1;0;1;1;Aktif;Pasar senaken RT 0RW 0;P01;P01;;1;DONE 01/02 - 8.07 PM
14240;55238220;IKAN ASIN NUDIANA <NUDIANA>;Pasar senaken hamparan subuh, RT 0/RW 0;6401040016;64;1;40;16;KALIMANTAN TIMUR;PASER;TANAH GROGOT;SENAKEN;eyJpdiI6IkNnNnJKUkQxT0kvU1pMZGNSc21aZ2c9PSIsInZhbHVlIjoiT0pHLzhkZVlVU1F4VGtibUgrRkhWdz09IiwibWFjIjoiMjExZDRhYmY2NmU4NTdmNmU1MWVhMGNlZmEwNmEwOGIwMmVmZTcwM2ZmOTRhYTRhNmQ4ZWNjOTU2NTg3ODdmYSIsInRhZyI6IiJ9;;[Kegiatan Usaha: Menjual ikan asin eceran di pasar, Kategori: G, KBLI: 47245];;;;UMKM;;-1.9293332;116.1542364;valid;eyJpdiI6IlNOdUdoNmk1Uko4ZXNKbkFsZHNTZGc9PSIsInZhbHVlIjoidytQMTBzcXI3ZXJ1M0d5RUpDRVdoZz09IiwibWFjIjoiNGI1ZmRmZDI3NWZhYzI1YmE2MDQ0MGQzZDcyZWZhNzNkMzI1YzFkMDBlOTdmMzdhZjg2YWM1MmVkYmEzM2EzNCIsInRhZyI6IiJ9;1;TRUE;TRUE;FALSE;-1.9293332;116.1542364;valid;raka.prawira;;;;;ikan asin nudiana nudiana;0;0;0;;;pasar senaken hamparan subuh rt 0 rw 0;;47;ikan asin nudiana nudiana pasar senaken hamparan subuh rt 0 rw 0 kbli47;1;0;1;1;Aktif;Pasar senaken hamparan subuh RT 0RW 0;P01;P01;;1;DONE 01/02 - 8.07 PM
14242;55265177;PISANG HARIYANI <HARIYANI>;Pasar senaken, RT 0/RW 0;6401040016;64;1;40;16;KALIMANTAN TIMUR;PASER;TANAH GROGOT;SENAKEN;eyJpdiI6IkFZVUF4aEY4QjF0WEp3cEdxYXYrQVE9PSIsInZhbHVlIjoicnNIWjJ4ZTZNNytvMlZZQUdaemVyUT09IiwibWFjIjoiNmMwNmFhOWZmZjA5ZGI4NTUwOGM5Yjk3ZTNkM2JiNTRhYTczYjlkNDgxZmU0ZmQ0NGVhYmVkNGViMWJmNDFmMiIsInRhZyI6IiJ9;;[Kegiatan Usaha: Menjual pisang eceran di pasar, Kategori: G, KBLI: 47212];;;;UMKM;;-1.933935197;116.164607;invalid;;;FALSE;FALSE;TRUE;;;invalid;;;;;;pisang hariyani hariyani;0;0;0;;;pasar senaken rt 0 rw 0;;47;pisang hariyani hariyani pasar senaken rt 0 rw 0 kbli47;1;0;1;1;Aktif;Pasar senaken RT 0RW 0;P01;P01;;1;DONE 01/02 - 8.07 PM
14255;55180323;TOKO PAISAL <AHMAD PAISAL>;Pasar senaken, RT 0/RW 0;6401040009;64;1;40;9;KALIMANTAN TIMUR;PASER;TANAH GROGOT;JONE;eyJpdiI6IlcrWWdvT3Bhd0FJSGhmdTVtVENtN2c9PSIsInZhbHVlIjoiaVVVV3BMVGpIUDJ1MFRJbHJkcnRLdz09IiwibWFjIjoiYjc4Njc1ZDgyMzkwOGRhM2JlOTE3NTc5Zjc3YjBlYTAyZDExNDBkOTQ5YzIxOTQyOGM2YmQyNDk3ZTVkYWI0NCIsInRhZyI6IiJ9;;[Kegiatan Usaha: MENJUAL PAKAIAN, Kategori: G, KBLI: 47711];;;;UMKM;;-1.933935197;116.164607;invalid;;;FALSE;FALSE;TRUE;;;invalid;;;;;;paisal ahmad paisal;0;0;0;;;pasar senaken rt 0 rw 0;;47;paisal ahmad paisal pasar senaken rt 0 rw 0 kbli47;1;0;1;1;Aktif;Pasar senaken RT 0RW 0;P01;P01;;1;DONE 01/02 - 8.07 PM
14268;55153079;MUSA;wil. pasarsenaken, RT 0/RW 0;6401040016;64;1;40;16;KALIMANTAN TIMUR;PASER;TANAH GROGOT;SENAKEN;eyJpdiI6IkRnWGhmT1VLT1NQV29RRWdJQm8vS3c9PSIsInZhbHVlIjoiTlZ6dXhsdHVpSEJsUWVvZzAwd3Z0QT09IiwibWFjIjoiMDQ3MzVlNDhhMmIzZWNmODJhZjA4NmJkOGJkYTMyMGI3Yzc2MWZiNzdkYjdiOThhYzJhZDQ1NDExZmQ4ZTNlYSIsInRhZyI6IiJ9;;[Kegiatan Usaha: menjual sayur eceran, Kategori: G, KBLI: 47813];;;;UMKM;;-2.65477407;115.3903465;valid;eyJpdiI6IlIwbm1jTVpKZVlDSmloZUV5ODZpMFE9PSIsInZhbHVlIjoiVVp0UVYvMnpsZ1hPbXl6cUlVYW9Pdz09IiwibWFjIjoiZWU4OGY2OTg0NDk1MWUwMTY1ZmJlZTFhYmUyZTkzODU5NjQ4NmFmYzM4Njk1NjUwY2NhZjQ5OWRjZjAxZWM2NSIsInRhZyI6IiJ9;1;TRUE;TRUE;FALSE;-2.65477407;115.3903465;valid;raka.prawira;;;;;musa;0;0;0;;;wil pasarsenaken rt 0 rw 0;;47;musa wil pasarsenaken rt 0 rw 0 kbli47;1;0;1;0;Aktif;wil pasarsenaken RT 0RW 0;P01;P01;;1;DONE 01/02 - 8.07 PM
14270;55073015;TOKO MAMA HAIFA <SRI MASRINA WATI>;Pasar senaken, RT 0/RW 0;6401040009;64;1;40;9;KALIMANTAN TIMUR;PASER;TANAH GROGOT;JONE;eyJpdiI6IlNhQy9GMCtBVGM4dkhPNksyZzZyQ2c9PSIsInZhbHVlIjoiOE9YTnZ2Q2xtT1NsdU92bUY4NEJxdz09IiwibWFjIjoiZGFmY2EyNWZiODkxMTNhNjZhMzMxNmZiNGQ4YmQ3MmI3YTBmYTA2ZDQ1NjZjMzVjYjIwNTU2YzFjZTgxNDdjNiIsInRhZyI6IiJ9;;[Kegiatan Usaha: MENJUAL PAKAIAN, Kategori: G, KBLI: 47711];;;;UMKM;;-1.933935197;116.164607;invalid;;;FALSE;FALSE;TRUE;;;invalid;;;;;;mama haifa sri masrina wati;0;0;0;;;pasar senaken rt 0 rw 0;;47;mama haifa sri masrina wati pasar senaken rt 0 rw 0 kbli47;1;0;1;1;Aktif;Pasar senaken RT 0RW 0;P01;P01;;1;DONE 01/02 - 8.07 PM
14288;55209655;SAYUR KARINAH <KARINAH>;Pasar senaken hamparan subuh, RT 0/RW 0;6401040016;64;1;40;16;KALIMANTAN TIMUR;PASER;TANAH GROGOT;SENAKEN;eyJpdiI6ImxmZGJCU0dQLzZsdmJmMVlLa2ZNV3c9PSIsInZhbHVlIjoiVE5obUNTWGthdVRWMHI1amg2bHZQdz09IiwibWFjIjoiOTRlM2NjZWY2MTFhZWYzNmJiZTE0YjFmNTlhZGNiOGZmZWIzOTEzYjA0YjBmYzkxN2ZmN2VjMjZjMWM4ODhhOCIsInRhZyI6IiJ9;;[Kegiatan Usaha: Menjual sayur eceran di pasar, Kategori: G, KBLI: 47213];;;;UMKM;;-1.860688333;116.152545;valid;eyJpdiI6IjI2TEh4QWhlcTZOTVdITGF6MkhXeXc9PSIsInZhbHVlIjoiUVN3UmVKUkRja2lxMFo1VmZySVAvUT09IiwibWFjIjoiYjRlM2FhYzYxZGFkZjBkNzkyNDQ2OTgwNDUxOWNmNmY4OTQ1NTczZjAwNWIxNWI4OWQ1YzcyZTlmZTMxMjNhMCIsInRhZyI6IiJ9;1;TRUE;TRUE;FALSE;-1.860688333;116.152545;valid;raka.prawira;;;;;sayur karinah karinah;0;0;0;;;pasar senaken hamparan subuh rt 0 rw 0;;47;sayur karinah karinah pasar senaken hamparan subuh rt 0 rw 0 kbli47;1;0;1;1;Aktif;Pasar senaken hamparan subuh RT 0RW 0;P01;P01;;1;DONE 01/02 - 8.07 PM
14290;55098721;SATIYAH;Wil. Pasar senaken, RT 0/RW 0;6401040016;64;1;40;16;KALIMANTAN TIMUR;PASER;TANAH GROGOT;SENAKEN;eyJpdiI6ImlmNm9VcFRreHN5UTErOUduNEdxSGc9PSIsInZhbHVlIjoiWUpBaHlHWTgvOUxYNEJxcnRBQVhydz09IiwibWFjIjoiMjk4OTQ3YzRlOTFjMjYxZjQ5OWMzNjM5ZjUyMTI2NTI5Y2RkZjIyOGZlNjhhYjFmN2VkNTZmYjk2MTlhYTQyYiIsInRhZyI6IiJ9;;[Kegiatan Usaha: Menjual gorengan, Kategori: I, KBLI: 56104];;;;UMKM;;-1.933935197;116.164607;invalid;;;FALSE;FALSE;TRUE;;;invalid;;;;;;satiyah;0;0;0;;;wil pasar senaken rt 0 rw 0;;56;satiyah wil pasar senaken rt 0 rw 0 kbli56;1;0;1;0;Aktif;Wil Pasar senaken RT 0RW 0;P01;P01;;1;DONE 01/02 - 8.07 PM
14295;55153782;JAGUNG SUMAIYAH <SUMAIYAH>;Pasar senaken, RT 0/RW 0;6401040016;64;1;40;16;KALIMANTAN TIMUR;PASER;TANAH GROGOT;SENAKEN;eyJpdiI6IkpMUUlxZDVCbGFqWVBuS2FweVZ6MHc9PSIsInZhbHVlIjoiWW14WjFMQ1pJeEgyVS9LeThnUnNRdz09IiwibWFjIjoiMjhmYjFlYzg0OGQ2NzlhZmVlNmYyYTQyMjdlZDAxMzgwYzFmZjZhZTNhMmM0ZTM2MmNlZjhmM2RkNmM1YmNkMSIsInRhZyI6IiJ9;;[Kegiatan Usaha: Menjual buah jagung di pasar, Kategori: G, KBLI: 47211];;;;UMKM;;-1.85092084;116.2403127;valid;eyJpdiI6ImJVTTVONi9jRi9QSzZCRU1Yd05TZFE9PSIsInZhbHVlIjoiekpRTTFMNVpCd2w5alhTdnpEaHNHdz09IiwibWFjIjoiZjlmOTM4MjAxMjVjMGRjOGYxNWNjOWUyNWM5NGE4Y2JjMDM3ODg3YzY5ODc5ODY2NWU1MjRiMjY4MzU3MDE3YSIsInRhZyI6IiJ9;1;TRUE;TRUE;FALSE;-1.85092084;116.2403127;valid;raka.prawira;;;;;jagung sumaiyah sumaiyah;0;0;0;;;pasar senaken rt 0 rw 0;;47;jagung sumaiyah sumaiyah pasar senaken rt 0 rw 0 kbli47;1;0;1;1;Aktif;Pasar senaken RT 0RW 0;P01;P01;;1;DONE 01/02 - 8.07 PM
14297;55046487;ES CINCAU <MUJIDIN>;Pasar senaken, RT 0/RW 0;6401040016;64;1;40;16;KALIMANTAN TIMUR;PASER;TANAH GROGOT;SENAKEN;eyJpdiI6InV2K0FSWnBzTEZtZW1KczRjVmEvc0E9PSIsInZhbHVlIjoibGNqbUZjU3cydmFYaWtaejlVcDBxQT09IiwibWFjIjoiOWFjOGYxZWI5M2I3N2MzNzg0ODc0MzQ1YmJiNjlmMmFjMzYzMjU4MDg0YzNkYjk5YTYxOGNhOTA0NjhlYmE3NCIsInRhZyI6IiJ9;;[Kegiatan Usaha: Menjual es cincau, Kategori: C, KBLI: 11090];;;;UMKM;;-1.933935197;116.164607;invalid;;;FALSE;FALSE;TRUE;;;invalid;;;;;;es cincau mujidin;0;0;0;;;pasar senaken rt 0 rw 0;;11;es cincau mujidin pasar senaken rt 0 rw 0 kbli11;1;0;1;1;Aktif;Pasar senaken RT 0RW 0;P01;P01;;1;DONE 01/02 - 8.07 PM
14298;55069096;NURJENNAH;Wilayah pasar senaken, RT 0/RW 0;6401040016;64;1;40;16;KALIMANTAN TIMUR;PASER;TANAH GROGOT;SENAKEN;eyJpdiI6IitOeWVPbmpVam1qYWpZSUhBaFd3R3c9PSIsInZhbHVlIjoiN2hnZVViZWV4dWJKcFdwWVJ4Y3NLUT09IiwibWFjIjoiZjcwMWYxNWEzMmM3MGQxYjY1OWE2NWIyZDM1ZGVhMzEwZmNiMzRhMWVhZWM5ODViZTlhNjU1N2YxMWU2OThiNiIsInRhZyI6IiJ9;;[Kegiatan Usaha: Menjual cendol sagu, tahu, tempe,, Kategori: G, KBLI: 47824];;;;UMKM;;-1.90654143;116.2022494;valid;eyJpdiI6Im9MUkNjb0o0T0poa3JRTHA0ejBCemc9PSIsInZhbHVlIjoiYTI0MEFrNTdWTHdIT1ZTZ2U1TDVNQT09IiwibWFjIjoiYmNlNjA1NDI5Y2I0NTVjNDk0ZGQ3ZGU2OGE1YTQ4NTg2MTk1ZTJhZDZkMjNhYjQ4Y2M0MmE2OTMwNDFjNDU5OSIsInRhZyI6IiJ9;1;TRUE;TRUE;FALSE;-1.90654143;116.2022494;valid;raka.prawira;;;;;nurjennah;0;0;0;;;wilayah pasar senaken rt 0 rw 0;;47;nurjennah wilayah pasar senaken rt 0 rw 0 kbli47;1;0;1;0;Aktif;Wilayah pasar senaken RT 0RW 0;P01;P01;;1;DONE 01/02 - 8.07 PM
14322;55124325;ABU DARDAK;Wilayah pasar senaken, RT 0/RW 0;6401040016;64;1;40;16;KALIMANTAN TIMUR;PASER;TANAH GROGOT;SENAKEN;eyJpdiI6IndnOE80cTlqZ2xYbHp2WTYrK2NVQnc9PSIsInZhbHVlIjoidkVEa01GMUxIV3hkdGdRVkFpKy85QT09IiwibWFjIjoiNmI5ZDE2YjI0MmM5YTA3ZWNiZDM3Zjg1MDE0MTM3NTkxMWM3Yzg1ZjAzY2E5ZTczOTcxODJiMGEyYTFhYzMwOCIsInRhZyI6IiJ9;;[Kegiatan Usaha: Pakaian dalam, Kategori: G, KBLI: 47859];;;;UMKM;;-1.933935197;116.164607;invalid;;;FALSE;FALSE;TRUE;;;invalid;;;;;;abu dardak;0;0;0;;;wilayah pasar senaken rt 0 rw 0;;47;abu dardak wilayah pasar senaken rt 0 rw 0 kbli47;1;0;1;0;Aktif;Wilayah pasar senaken RT 0RW 0;P01;P01;;1;DONE 01/02 - 8.07 PM
14334;55126242;RUDYANSYAH <RUDIANSYAH>;Pasar senaken, RT 0/RW 0;6401040016;64;1;40;16;KALIMANTAN TIMUR;PASER;TANAH GROGOT;SENAKEN;eyJpdiI6Ik1iRjlXU3pFdWNHemRFeFhkVmZWZmc9PSIsInZhbHVlIjoib2xITS8vcXJ3a1N5cWhDeTNOZDlwUT09IiwibWFjIjoiYTc5ZmZkNTcwNTU3YTYyY2Q3MDJkZGMxN2EzN2MzOWU0YTA5NmMzZWU4ODRiMWVhZjgzOTk1MTJkZTY5YTVlMCIsInRhZyI6IiJ9;;[Kegiatan Usaha: menjual pecah belah, Kategori: G, KBLI: 47593];;;;UMKM;;-1.933935197;116.164607;invalid;;;FALSE;FALSE;TRUE;;;invalid;;;;;;rudyansyah rudiansyah;0;0;0;;;pasar senaken rt 0 rw 0;;47;rudyansyah rudiansyah pasar senaken rt 0 rw 0 kbli47;1;0;1;1;Aktif;Pasar senaken RT 0RW 0;P01;P01;;1;DONE 01/02 - 8.07 PM
14346;55207375;KOSMETIK INDO <INDO ULENG>;Pasar senaken blok A, RT 0/RW 0;6401040016;64;1;40;16;KALIMANTAN TIMUR;PASER;TANAH GROGOT;SENAKEN;eyJpdiI6Ik9NVGtITzdOOGdFMjJlU0NrZGs0eGc9PSIsInZhbHVlIjoicmRkaHJPM3RuZGxhdU5LcFNlaENFZz09IiwibWFjIjoiYzg5MmY4YmI5ODI4ZjU4OTdlYmFlNDhiMDdlZjc5OWFmZTQwNWJjODJlNzFjZWE3NjdjMzI2MmE3NTBkMzE0NyIsInRhZyI6IiJ9;;[Kegiatan Usaha: Menjual kosmetik di los pasar, Kategori: G, KBLI: 47724];;;;UMKM;;-1.88606774;116.2118394;valid;eyJpdiI6IkR1UGFZME9oQVlFUkdXZHJaa0p6NHc9PSIsInZhbHVlIjoiVFVVNVZaUGhubnZDRFpKZWFxeWFJQT09IiwibWFjIjoiOThmZWEzNWFkNmFiMGE4NmY1M2Y3ZjJkMDkxNGZhY2EzYjBkNDBkODljZmU1ZTg0MmFlZTdiZTllNzg5NzZiZCIsInRhZyI6IiJ9;1;FALSE;FALSE;FALSE;-1.88606774;116.2118394;valid;adib.tamtama;;;;;kosmetik indo indo uleng;0;0;0;;;pasar senaken blok a rt 0 rw 0;;47;kosmetik indo indo uleng pasar senaken blok a rt 0 rw 0 kbli47;1;0;1;1;Aktif;Pasar senaken blok A RT 0RW 0;P01;P01;;1;DONE 01/02 - 8.07 PM
14348;55076760;IKAN BASAH NURHAYANI <NURHAYANI>;Pasar senaken blok c, RT 0/RW 0;6401040016;64;1;40;16;KALIMANTAN TIMUR;PASER;TANAH GROGOT;SENAKEN;eyJpdiI6ImliNVZlakFWa25mRW1oQ2VCRjdaVlE9PSIsInZhbHVlIjoidnpKYysySEU0SUhzeU9jM2JDVHVNZz09IiwibWFjIjoiNzU0ZTA5ZmY0NzRjMjkxYmVjNWQyZTg1ZjM1OWJkMGJlM2MzNzc5ZTE4YjVlNDcwZDUxMTIyZGU2OWMwOGNiNSIsInRhZyI6IiJ9;;[Kegiatan Usaha: Menjual ikan basah eceran di pasar, Kategori: G, KBLI: 47215];;;;UMKM;;-1.90783194;116.1983514;valid;eyJpdiI6ImUwdnIyQjhmN2gySUNoRVdYTGozQlE9PSIsInZhbHVlIjoiajdqbUFxOGN0K0lEMmdnbk83dnFudz09IiwibWFjIjoiZTg4ZWEwMjJkMzE5ZDkzOTAwNjAzMWRjMDcwMjNkNTQ5MDdhMTNmN2UxZmY2MzM5MzgwMjBiYmJkNzNhODhlNSIsInRhZyI6IiJ9;1;FALSE;FALSE;FALSE;-1.90783194;116.1983514;valid;adib.tamtama;;;;;ikan basah nurhayani nurhayani;0;0;0;;;pasar senaken blok c rt 0 rw 0;;47;ikan basah nurhayani nurhayani pasar senaken blok c rt 0 rw 0 kbli47;1;0;1;1;Aktif;Pasar senaken blok c RT 0RW 0;P01;P01;;1;DONE 01/02 - 8.07 PM
14350;55124918;TOKO RADIAH <RADIAH>;Pasar senaken, RT 0/RW 0;6401040016;64;1;40;16;KALIMANTAN TIMUR;PASER;TANAH GROGOT;SENAKEN;eyJpdiI6IjhOUWVWNlJTUnRLZXNTbzRtdTA5Z3c9PSIsInZhbHVlIjoiUU9uWTQwSHNRRTc1YXQzNUJKTXMrQT09IiwibWFjIjoiNTliOWMxNzVmZmU3YjQwZDIzYjcyMzRjNzNhNzlmMjAwY2ZmMjY2ZDU4MDc4YmYwNmIzOWM3ZjhlOTQ0YWMwMyIsInRhZyI6IiJ9;;[Kegiatan Usaha: Menjual Pakaian, Kategori: G, KBLI: 47711];;;;UMKM;;-1.917956667;116.1991217;valid;eyJpdiI6IkI5d0lTd1NNUmN4V1drQ3MrWXAzQ0E9PSIsInZhbHVlIjoiY002MCsxOWVxUEpOQkZwa0JHODhUZz09IiwibWFjIjoiOWZlOWJlNDAzMjE1ZTBiYjNkODQ1MjAwOWExNGYzNmRhZWFhMGVlNmQ3OGUzY2FmNTAzNTA3OTJjZWQ5ODNhMiIsInRhZyI6IiJ9;1;FALSE;FALSE;FALSE;-1.917956667;116.1991217;valid;adib.tamtama;;;;;radiah radiah;0;0;0;;;pasar senaken rt 0 rw 0;;47;radiah radiah pasar senaken rt 0 rw 0 kbli47;1;0;1;1;Aktif;Pasar senaken RT 0RW 0;P01;P01;;1;DONE 01/02 - 8.07 PM
14353;55046496;SAYUR MUNIRAH <MUNIRAH>;Pasar senaken hamparan subuh, RT 0/RW 0;6401040016;64;1;40;16;KALIMANTAN TIMUR;PASER;TANAH GROGOT;SENAKEN;eyJpdiI6IlFidkdwVFhJaG5PcGk3QUtvNXdhNlE9PSIsInZhbHVlIjoiTUZOTTlFQXNzbXg3Mk1vVTlucVJhQT09IiwibWFjIjoiNGY2ZjhlZGY1OWVhMGJjNjBmZDNmMjU3MGU2MjBiZmNmOWRkZTI0MWZlNGRiMWRjMzI2MzdmYmIyZWRmNGE5MCIsInRhZyI6IiJ9;;[Kegiatan Usaha: Menjual sayur eceran dipasar, Kategori: G, KBLI: 47213];;;;UMKM;;-1.933935197;116.164607;invalid;;;FALSE;FALSE;TRUE;;;invalid;;;;;;sayur munirah munirah;0;0;0;;;pasar senaken hamparan subuh rt 0 rw 0;;47;sayur munirah munirah pasar senaken hamparan subuh rt 0 rw 0 kbli47;1;0;1;1;Aktif;Pasar senaken hamparan subuh RT 0RW 0;P01;P01;;1;DONE 01/02 - 8.07 PM
14357;55124740;IRIYANI YANTI <IRNYANTII>;pasar senaken, RT 0/RW 0;6401040016;64;1;40;16;KALIMANTAN TIMUR;PASER;TANAH GROGOT;SENAKEN;eyJpdiI6ImE0bm94YXhNNmJjbU1WUVVXZWJCWEE9PSIsInZhbHVlIjoiWUQ4V0ttUUhER3BRWFpKMWJQazhWUT09IiwibWFjIjoiMThmNDJhMzVhYzk5NmIwMWM4ZGYwYmE2ZWQ4MDcxNzcwYTgzZGYzYjliMjY0ODJjMWIwYTAxZGE4Y2YyODU3MCIsInRhZyI6IiJ9;;[Kegiatan Usaha: Menjual aksesoris, Kategori: G, KBLI: 47852];;;;UMKM;;-1.909020105;116.1988589;valid;eyJpdiI6IklSNGJjMmZlcjA1RWNhbHZ6andTM1E9PSIsInZhbHVlIjoiR0dsR0YxZHJRS3dXMUN3Ym01ZjZsUT09IiwibWFjIjoiOGJkYzJhNWFjODcwMDE5OGQ0NDVjZTJiMWJkN2JmYTc1MzljYWZmMWY0ODE5NjE0ODRiNmQ1YmJlOTI1ZTk3ZSIsInRhZyI6IiJ9;1;FALSE;FALSE;FALSE;-1.909020105;116.1988589;valid;adib.tamtama;;;;;iriyani yanti irnyantii;0;0;0;;;pasar senaken rt 0 rw 0;;47;iriyani yanti irnyantii pasar senaken rt 0 rw 0 kbli47;1;0;1;1;Aktif;pasar senaken RT 0RW 0;P01;P01;;1;DONE 01/02 - 8.07 PM
14366;55155681;BUNGA MASNAM <MASNAM>;Pasar senaken, RT 0/RW 0;6401040016;64;1;40;16;KALIMANTAN TIMUR;PASER;TANAH GROGOT;SENAKEN;eyJpdiI6Ik1HRng3VkJ2MzJ1YlV1QUV1S0Jod1E9PSIsInZhbHVlIjoiZmV0cGRHK1IyTDNlR3ZndGwyQ0k3QT09IiwibWFjIjoiY2FhNzQ0ZTg3NmU3NTVlZjc4NDFhZGNmM2IwZDkzM2RjNWIwY2E0NzAwYzI2MmQzZTgyNDRjYjdlNmQ1Y2VmZiIsInRhZyI6IiJ9;;[Kegiatan Usaha: Menjual bunga tabur, Kategori: G, KBLI: 47761];;;;UMKM;;-1.9036152;116.258314;valid;eyJpdiI6IjZqTGFoa3ZIYy9wZTN5ZW5XMlY2OGc9PSIsInZhbHVlIjoiWTRxditzeVFONCtNZVdXK3k2ZCtidz09IiwibWFjIjoiNmM2NmMyZGM4YWZmMjhmMDk0MGExNDRlZTkyZTQ2ZjcxZjY5MGU2ZmEyYTQ5Mzk1M2ZmODViYzg3ZDQxZDRkZiIsInRhZyI6IiJ9;1;FALSE;FALSE;FALSE;-1.9036152;116.258314;valid;adib.tamtama;;;;;bunga masnam masnam;0;0;0;;;pasar senaken rt 0 rw 0;;47;bunga masnam masnam pasar senaken rt 0 rw 0 kbli47;1;0;1;1;Aktif;Pasar senaken RT 0RW 0;P01;P01;;1;DONE 01/02 - 8.07 PM
14375;55121585;TK. RIZKY <CAHYANI>;Pasar senaken, RT 0/RW 0;6401040016;64;1;40;16;KALIMANTAN TIMUR;PASER;TANAH GROGOT;SENAKEN;eyJpdiI6IkdyLytGRGN2ZlhsRlBkQXZjMEd2c2c9PSIsInZhbHVlIjoiMWJSbEJnY2RhSldxb1g3VUJ1c3pPZz09IiwibWFjIjoiNWVmOTc0ODY4YmM0MjdmMzI4OGQ0YjllZmMwMjBhYzM3NWFkMWQ4NWQ1NThiM2M2NmQ0YWEzZDJjMjdmZTMxOCIsInRhZyI6IiJ9;;[Kegiatan Usaha: Menjual mainan, Kategori: G, KBLI: 47882];;;;UMKM;;-1.903566667;116.213145;valid;eyJpdiI6InFUN1pLbW8rSHBIcS9XRGg5K3dZMHc9PSIsInZhbHVlIjoiTVJyTFpyMWxYR1N6ZlNBZ2x3WWFOUT09IiwibWFjIjoiNTE5M2RmNzZiZTg0ZTcwNjVjZTI4MjBhZDBjNmU5ZjI2ZDZiOGU0MmJhMWE0NDc3ZmJjZWY3Njc5NjM3MGNjOCIsInRhZyI6IiJ9;1;FALSE;FALSE;FALSE;-1.903566667;116.213145;valid;adib.tamtama;;;;;tk rizky cahyani;0;0;0;;;pasar senaken rt 0 rw 0;;47;tk rizky cahyani pasar senaken rt 0 rw 0 kbli47;1;0;1;1;Aktif;Pasar senaken RT 0RW 0;P01;P01;;1;DONE 01/02 - 8.07 PM
14382;55179755;WARUNG MAKAN RIMU <RIMU>;Pasar senaken, RT 0/RW 0;6401040004;64;1;40;4;KALIMANTAN TIMUR;PASER;TANAH GROGOT;TANAH GROGOT;eyJpdiI6InZTWGE3eVA5RWNIWjdGcnNuQTlmR0E9PSIsInZhbHVlIjoidXFpSGtiTi90UzJEenI3TXpHcXUrdz09IiwibWFjIjoiYTIzODY1ZGZjZWE3Y2Q5MmZiODFlYjVmZWQzZDk4ZWMzN2Q0NjQ4NzU2ZWJiMzllNzYxNzZiMTlhZGMxY2YwNSIsInRhZyI6IiJ9;;[Kegiatan Usaha: Menjual makanan dan minuman di pasar, Kategori: I, KBLI: 56102];;;;UMKM;;-1.933935197;116.164607;invalid;;;FALSE;FALSE;TRUE;;;invalid;;;;;;makan rimu rimu;0;0;0;;;pasar senaken rt 0 rw 0;;56;makan rimu rimu pasar senaken rt 0 rw 0 kbli56;1;0;1;1;Aktif;Pasar senaken RT 0RW 0;P01;P01;;1;DONE 01/02 - 8.07 PM
14386;55044255;NASRAH;Pasar senaken, RT 0/RW 0;6401040016;64;1;40;16;KALIMANTAN TIMUR;PASER;TANAH GROGOT;SENAKEN;eyJpdiI6IitNMHd5dy9qSW1NYTBaNFN2NmN2d0E9PSIsInZhbHVlIjoiK08ySWdCcW9rajBnREJMN2ovSEkrdz09IiwibWFjIjoiMzk4NjU2MzU3YjEyMzI0ZWNkYmM1Yzc2NmVjNjE3ZTVkYTRmNWUwOGMwMjQ1NjI0OWEzMGQ3NTY1ZWEyYjExNyIsInRhZyI6IiJ9;;[Kegiatan Usaha: Warung makan, Kategori: G, KBLI: 47112];;;;UMKM;;-1.903573333;116.2128683;valid;eyJpdiI6InRJTWJKQ05zU1FXL0srMjAycHhIMGc9PSIsInZhbHVlIjoiVWpONG45SVhGbzBUVTN6NlpGVERndz09IiwibWFjIjoiMzJhZGU3MzBiYTAwMDFkYmVhYWY1Yjc0ZDhlZjUxYTQ1MDIxYmE1OTdkYjZmNDM0ZmY3MWM5OTMzZDU3YWU1NiIsInRhZyI6IiJ9;1;FALSE;FALSE;FALSE;-1.903573333;116.2128683;valid;adib.tamtama;;;;;nasrah;0;0;0;;;pasar senaken rt 0 rw 0;;47;nasrah pasar senaken rt 0 rw 0 kbli47;1;0;1;0;Aktif;Pasar senaken RT 0RW 0;P01;P01;;1;DONE 01/02 - 8.07 PM
14393;55103673;IWAN;wil. pasar senaken, RT 0/RW 0;6401040016;64;1;40;16;KALIMANTAN TIMUR;PASER;TANAH GROGOT;SENAKEN;eyJpdiI6IkRMRVdEUlIxVzdIdlFBa3pWQWVPeEE9PSIsInZhbHVlIjoiSW9YSjNUUUdVTk1ZcmJWMDJXTWszUT09IiwibWFjIjoiNDUyNGE1YzA1NDE4ZDM3NWJhMjk4OTBiZTBjMGEwMjU2NjgwN2QwYzRjNzE3NDFhMzYxYTk5ZDhhZDIxMjcyMiIsInRhZyI6IiJ9;;[Kegiatan Usaha: menjual sayur eceran, Kategori: G, KBLI: 47813];;;;UMKM;;-1.858896667;116.1526983;valid;eyJpdiI6InFyKzJoQkhDb1p5THRWc1dSMVJmQUE9PSIsInZhbHVlIjoiSXo2bE14ejZJenBNRmk2dUNpQmJiZz09IiwibWFjIjoiM2EyMThmZGI1OTM3ODIyZWI0N2I5NjJkMDAwYzliOWRjZTgxNzk0ZjdiNzJkMDkwMTdlN2JlNzI5MTM3M2ExOSIsInRhZyI6IiJ9;1;FALSE;FALSE;FALSE;-1.858896667;116.1526983;valid;adib.tamtama;;;;;iwan;0;0;0;;;wil pasar senaken rt 0 rw 0;;47;iwan wil pasar senaken rt 0 rw 0 kbli47;1;0;1;0;Aktif;wil pasar senaken RT 0RW 0;P01;P01;;1;DONE 01/02 - 8.07 PM
14394;55047133;SUHERDI;wil.pasar senaken, RT 0/RW 0;6401040016;64;1;40;16;KALIMANTAN TIMUR;PASER;TANAH GROGOT;SENAKEN;eyJpdiI6InIrVmo1UDVmWU5WWWVLbVMrWVo4RHc9PSIsInZhbHVlIjoiRHQ4NFlGa1FaREJqcUg0aXB1VEkxUT09IiwibWFjIjoiOGE5YjU0MjI2MmVlMWZkYWYyYmFlMThjYjY0NTNmYjFmNzYxMDk1ZDJlN2YxM2Q3ZDdmYjljZjFkZjA5YjA2MCIsInRhZyI6IiJ9;;[Kegiatan Usaha: menjual makanan bubur kacang, Kategori: I, KBLI: 56103];;;;UMKM;;-1.899791462;116.2068623;valid;eyJpdiI6IlM4aVFRTWJJYmxoR05IVHZFY0pvdEE9PSIsInZhbHVlIjoiZ09WOWZnZUIxS0Z6QnhnSjVwNFUrUT09IiwibWFjIjoiNmY3OThjMjFhZDZhZDg1YWIyMzZmNTQ3NTI0MWYzMGYwYjY3ODY0ODg3ZmQzMjI5NzY5OWVlMTZkMDVkZDFmNCIsInRhZyI6IiJ9;1;FALSE;FALSE;FALSE;-1.899791462;116.2068623;valid;adib.tamtama;;;;;suherdi;0;0;0;;;wil pasar senaken rt 0 rw 0;;56;suherdi wil pasar senaken rt 0 rw 0 kbli56;1;0;1;0;Aktif;wilpasar senaken RT 0RW 0;P01;P01;;1;DONE 01/02 - 8.07 PM
14396;55045127;MASLIANA;Pasar senaken, RT 0/RW 0;6401040016;64;1;40;16;KALIMANTAN TIMUR;PASER;TANAH GROGOT;SENAKEN;eyJpdiI6Ilk0bVVrM0dON2hYTlZ5aWF2TFdIWVE9PSIsInZhbHVlIjoiU3FPRzUyN25DTzVoQ1pSMDcwWE11dz09IiwibWFjIjoiNWYzNDIwMjMxMTI0NjJkZDIyNGU4MDM5ZWEwMTcwMGU1NDY1YjE0NDVhOWJlMDNjNGY4Y2MwMWRmYmRiNGY3ZSIsInRhZyI6IiJ9;;[Kegiatan Usaha: Menjual pakaian, Kategori: G, KBLI: 47711];;;;UMKM;;-1.933935197;116.164607;invalid;;;FALSE;FALSE;TRUE;;;invalid;;;;;;masliana;0;0;0;;;pasar senaken rt 0 rw 0;;47;masliana pasar senaken rt 0 rw 0 kbli47;1;0;1;0;Aktif;Pasar senaken RT 0RW 0;P01;P01;;1;DONE 01/02 - 8.07 PM
14426;55069148;HJ. WARNI;Pasar senaken, RT 0/RW 0;6401040016;64;1;40;16;KALIMANTAN TIMUR;PASER;TANAH GROGOT;SENAKEN;eyJpdiI6IkZVWlo5NmltNDVlQk04OXA3SGtQVXc9PSIsInZhbHVlIjoiRXZIU1NoZC9jT1BQWGpubGtBWlBWQT09IiwibWFjIjoiNTgyODQ1M2FkMzQxMWNlY2MzNGI3NzVmMDljOTk0NDA5ZGE0ZmRjMjc1MWIzNjdlYjRhZTdiMWIwYmYzMGJmMiIsInRhZyI6IiJ9;;[Kegiatan Usaha: Menjual pakaian, Kategori: G, KBLI: 47711];;;;UMKM;;-1.933935197;116.164607;invalid;;;FALSE;FALSE;TRUE;;;invalid;;;;;;hj warni;0;0;0;;;pasar senaken rt 0 rw 0;;47;hj warni pasar senaken rt 0 rw 0 kbli47;1;0;1;0;Aktif;Pasar senaken RT 0RW 0;P01;P01;;1;DONE 01/02 - 8.07 PM
14432;55154184;GINARNI;wilayah pasar senaken, RT 0/RW 0;6401040016;64;1;40;16;KALIMANTAN TIMUR;PASER;TANAH GROGOT;SENAKEN;eyJpdiI6ImJ0N2dicmFxRkJGWkVqMTN2M0RSQVE9PSIsInZhbHVlIjoiWWFDU3pEb2RlRVVyVS9pMWl1QXJDdz09IiwibWFjIjoiYTQwODJiMTdmZjNlY2VlZGVmZmRkYTIxMzZkZTE1YjExOGYwMGVhNzQ4OTgzYmVkZjY4NTdhMzBkZjA3NTFlYyIsInRhZyI6IiJ9;;[Kegiatan Usaha: menjual pecah belah, Kategori: G, KBLI: 47866];;;;UMKM;;-1.933935197;116.164607;invalid;;;FALSE;FALSE;TRUE;;;invalid;;;;;;ginarni;0;0;0;;;wilayah pasar senaken rt 0 rw 0;;47;ginarni wilayah pasar senaken rt 0 rw 0 kbli47;1;0;1;0;Aktif;wilayah pasar senaken RT 0RW 0;P01;P01;;1;DONE 01/02 - 8.07 PM
14433;55237180;TAMIN;WILAYAH PASAR SENAKEN, RT 0/RW 0;6401040016;64;1;40;16;KALIMANTAN TIMUR;PASER;TANAH GROGOT;SENAKEN;eyJpdiI6IjYzbEw4VndtK2tSNUFyV1hNY0lZN3c9PSIsInZhbHVlIjoiUHRTZ0QvZy8zMU8xVXUyM1lnSk1FQT09IiwibWFjIjoiMjYyYzEzNGQwYmU5Y2U3NzY1NzUyZmJhZDVlMjIzYTdmZmQ0NjJmNTMzNTkwYTJhMjYyYWIwNWMxOWE5M2Q4MiIsInRhZyI6IiJ9;;[Kegiatan Usaha: MENJUAL IKAN BASAH, Kategori: G, KBLI: 47215];;;;UMKM;;-1.904386667;116.2043567;valid;eyJpdiI6ImJMSGx1RlZZaEcxUWE0L05DLzlEdkE9PSIsInZhbHVlIjoiclJaMDBaUGZEbE9FdkNHZGFQbkhyZz09IiwibWFjIjoiYjA4MmRjOWViNjJmNzQ3OTM0ZGVkYzViNmE5MmQ1ZmQ4NGNkNjQ0MGFlMzMwNzUzZjc5M2YyNDcyODhhMGZiZSIsInRhZyI6IiJ9;1;FALSE;FALSE;FALSE;-1.904386667;116.2043567;valid;adib.tamtama;;;;;tamin;0;0;0;;;wilayah pasar senaken rt 0 rw 0;;47;tamin wilayah pasar senaken rt 0 rw 0 kbli47;1;0;1;0;Aktif;WILAYAH PASAR SENAKEN RT 0RW 0;P01;P01;;1;DONE 01/02 - 8.07 PM
14437;55069325;TOKO MAMA KHAIRUL <HJ. RUWAUDA>;Pasar senaken, RT 0/RW 0;6401040009;64;1;40;9;KALIMANTAN TIMUR;PASER;TANAH GROGOT;JONE;eyJpdiI6IkJ4RGUyWEJNT3dreW9QejE2cDArUEE9PSIsInZhbHVlIjoiY25VRGVVck04NExFZ1h4SFVqMTE4UT09IiwibWFjIjoiMjAzYjJiZTNkZTE3NWFiZDNiZDQyMzIyNTE5NTJmOWQ3OWI2ZWU4NTE4MzY1M2QyYzRjZWE3Mjc0YTFhODBlNSIsInRhZyI6IiJ9;;[Kegiatan Usaha: Menjual pakaian, Kategori: G, KBLI: 47711];;;;UMKM;;-1.933935197;116.164607;invalid;;;FALSE;FALSE;TRUE;;;invalid;;;;;;mama khairul hj ruwauda;0;0;0;;;pasar senaken rt 0 rw 0;;47;mama khairul hj ruwauda pasar senaken rt 0 rw 0 kbli47;1;0;1;1;Aktif;Pasar senaken RT 0RW 0;P01;P01;;1;DONE 01/02 - 8.07 PM
14452;55302257;TOKO AREDAH <RIRIN NUR AWALIAH>;Pasar senaken, RT 0/RW 0;6401040009;64;1;40;9;KALIMANTAN TIMUR;PASER;TANAH GROGOT;JONE;eyJpdiI6IlhWa3NTNzE3ZkJ1K05xV05PRzhRd2c9PSIsInZhbHVlIjoiNGRGUVhuRFMweEo3L0NwWVBmTXJ1Zz09IiwibWFjIjoiNzIyMTc2ODU4MGVlYWFiNzY4M2E3OWY2ZDRiYTg1ZTIzMDZkMTFhMWE5Y2JkMTNmZGY4NWFiY2U1Mjk3YWFlYSIsInRhZyI6IiJ9;;[Kegiatan Usaha: Menjual pecah belah, Kategori: G, KBLI: 47863];;;;UMKM;;-1.950144193;116.2146858;valid;eyJpdiI6ImxjbTlHMmRINGVZbTlDdXBZUGExNVE9PSIsInZhbHVlIjoicmJ6UHRJMDBJKzNuL0RyUmM0NVl2Zz09IiwibWFjIjoiOGRjMTY1NDNiNWY4YWNjYTAwNGQ5YjAxOTllNjE2OGQxNWEyZjZhZWYyOWJlZDQ0Zjg5M2ZhZDg0M2ZjMTNkYSIsInRhZyI6IiJ9;1;FALSE;FALSE;FALSE;-1.950144193;116.2146858;valid;adib.tamtama;;;;;aredah ririn nur awaliah;0;0;0;;;pasar senaken rt 0 rw 0;;47;aredah ririn nur awaliah pasar senaken rt 0 rw 0 kbli47;1;0;1;1;Aktif;Pasar senaken RT 0RW 0;P01;P01;;1;DONE 01/02 - 8.07 PM
14453;55102228;WARUNG MAKAN BINTI <BINTI>;Pasar senaken, RT 0/RW 0;6401040016;64;1;40;16;KALIMANTAN TIMUR;PASER;TANAH GROGOT;SENAKEN;eyJpdiI6Ik94MTVvWDNIWDEzNFZFaytrSExLNFE9PSIsInZhbHVlIjoiZ3NXYUlHVEhDT0FWbUpQa0RXdFFSZz09IiwibWFjIjoiM2QxN2Q5OWU5NGM4NDRhMTdlZGM0MTFkMzdiOTFlMTJkYjQzZTUyZDU0OTE2NzIyZWNiNDQwMWQ2MWE4YmUyYiIsInRhZyI6IiJ9;;[Kegiatan Usaha: Menjual makanan masak di pasar, Kategori: I, KBLI: 56102];;;;UMKM;;-1.933935197;116.164607;invalid;;;FALSE;FALSE;TRUE;;;invalid;;;;;;makan binti binti;0;0;0;;;pasar senaken rt 0 rw 0;;56;makan binti binti pasar senaken rt 0 rw 0 kbli56;1;0;1;1;Aktif;Pasar senaken RT 0RW 0;P01;P01;;1;DONE 01/02 - 8.07 PM
14455;55071388;RISNA;WILAYAH PASAR SENAKEN, RT 0/RW 0;6401040016;64;1;40;16;KALIMANTAN TIMUR;PASER;TANAH GROGOT;SENAKEN;eyJpdiI6IkNqSFJ6N2ViU09jMjNQRW9yMUtjUEE9PSIsInZhbHVlIjoia0xTc2dKZnphZkZyTUVkQjNHSmwwdz09IiwibWFjIjoiN2YwYjU0OWI4ZGVjMGU4MzE4YzkzYzg3MjEyM2U3NGFjMjJmYjAzZmRkNDU5NmRkN2UxZDBiMjUzN2QzMDljYiIsInRhZyI6IiJ9;;[Kegiatan Usaha: MENJUAL ECERAN BUAH, Kategori: G, KBLI: 47212];;;;UMKM;;-1.869236667;116.15025;valid;eyJpdiI6IlI5U3gwMjFDekQ3di96UDZuWXhsa3c9PSIsInZhbHVlIjoidkFSeENldmNseEVpbjk2K1RYUUdUUT09IiwibWFjIjoiYmUyNjEyMDk2NGVkYmViZmRhZDM3ZmUzNTM5NTJmZjU1MGM5MzgxMjUzODU2NDU5NjA4N2Q2NzZkMWI1NWE2NiIsInRhZyI6IiJ9;1;FALSE;FALSE;FALSE;-1.869236667;116.15025;valid;adib.tamtama;;;;;risna;0;0;0;;;wilayah pasar senaken rt 0 rw 0;;47;risna wilayah pasar senaken rt 0 rw 0 kbli47;1;0;1;0;Aktif;WILAYAH PASAR SENAKEN RT 0RW 0;P01;P01;;1;DONE 01/02 - 8.07 PM
14462;55207520;SUYONO;wilayah pasar senaken, RT 0/RW 0;6401040016;64;1;40;16;KALIMANTAN TIMUR;PASER;TANAH GROGOT;SENAKEN;eyJpdiI6IkEvMi8xR2htYWVyVlJ2WEszelR0bXc9PSIsInZhbHVlIjoiaVd3L2Y4bGcxUlRJUlYvNFFyRU9Rdz09IiwibWFjIjoiYzM1OWYxZGU3NTExOTk0YWM4ZmRmZTNjM2I0MjY0YWMwZGFlOTVlODU2ZDJiZDNkYjZkODY4MDhhYzg4YjVlZiIsInRhZyI6IiJ9;;[Kegiatan Usaha: menjual bakso, Kategori: I, KBLI: 56103];;;;UMKM;;-1.933935197;116.164607;invalid;;;FALSE;FALSE;TRUE;;;invalid;;;;;;suyono;0;0;0;;;wilayah pasar senaken rt 0 rw 0;;56;suyono wilayah pasar senaken rt 0 rw 0 kbli56;1;0;1;0;Aktif;wilayah pasar senaken RT 0RW 0;P01;P01;;1;DONE 01/02 - 8.07 PM
14484;55122750;TK. MAMA NISA <NAHDIATI>;Pasar senaken, RT 0/RW 0;6401040009;64;1;40;9;KALIMANTAN TIMUR;PASER;TANAH GROGOT;JONE;eyJpdiI6IlRKOFZQQnpvZHgybm5relpFckQwd0E9PSIsInZhbHVlIjoiUnRtYjdhdEJMZlBmZG5DQ29FTVNWdz09IiwibWFjIjoiYjdhNDlhOTUyMTc3NGU1NmEwYTZmOThjY2RiMzYxYWU2YjkwNWYzMWNmZTBjYzU2MWZlNGY3NmMyZjAxMGI0OCIsInRhZyI6IiJ9;;[Kegiatan Usaha: MENJUAL PAKAIAN, Kategori: G, KBLI: 47711];;;;UMKM;;-1.917915;116.1992533;valid;eyJpdiI6IkZrZlg0em0va2FiWVRUMWhGV1hDbFE9PSIsInZhbHVlIjoicDdRUkVrV1pWN0hmMU5NLytETGc4QT09IiwibWFjIjoiNGYyNmQ3ZTMyMDRmZDg5YjkyMzFlYTgzYzMxNzFjZTdhNjUxMjE4ZWU0N2FjZmRhM2M0YmM4NDkzNjAyM2M2YyIsInRhZyI6IiJ9;1;FALSE;FALSE;FALSE;-1.917915;116.1992533;valid;adib.tamtama;;;;;tk mama nisa nahdiati;0;0;0;;;pasar senaken rt 0 rw 0;;47;tk mama nisa nahdiati pasar senaken rt 0 rw 0 kbli47;1;0;1;1;Aktif;Pasar senaken RT 0RW 0;P01;P01;;1;DONE 01/02 - 8.07 PM
14489;55046308;TK. ARIF <SYARIFUDDIN>;Pasar senaken, RT 0/RW 0;6401040016;64;1;40;16;KALIMANTAN TIMUR;PASER;TANAH GROGOT;SENAKEN;eyJpdiI6ImIxWUVEQWE1QTVtS0xYZnJhQkhxT0E9PSIsInZhbHVlIjoiUmtiRlErbWlXczBFeW9JUW5XWW1UZz09IiwibWFjIjoiYTMxNjhkNDc5YTczMzEwYWQ0ODZhMDNlNjE5ZGIyMWM1YmY2MDIzZWU3NDRlZmMzMGE2M2Q0MWM5NzIwN2UzOCIsInRhZyI6IiJ9;;[Kegiatan Usaha: Menjual Pakaian, Kategori: G, KBLI: 47711];;;;UMKM;;-1.933935197;116.164607;invalid;;;FALSE;FALSE;TRUE;;;invalid;;;;;;tk arif syarifuddin;0;0;0;;;pasar senaken rt 0 rw 0;;47;tk arif syarifuddin pasar senaken rt 0 rw 0 kbli47;1;0;1;1;Aktif;Pasar senaken RT 0RW 0;P01;P01;;1;DONE 01/02 - 8.07 PM
14493;55075950;TK. NISA <LUSIANA HELDAWATI>;Pasar senaken, RT 0/RW 0;6401040009;64;1;40;9;KALIMANTAN TIMUR;PASER;TANAH GROGOT;JONE;eyJpdiI6Ims3WjI0NWlBbk95bjNEa0FNdGVkekE9PSIsInZhbHVlIjoiNkh0V0tTYTNaOElWVXlMemN5WUdGUT09IiwibWFjIjoiMzIwZDM5N2Y2YjEzNGMzYzRlYjRlNzMwOTkwZDg0OTc3MjcyYmY4MjhmMzFkNDkyNWRjZTFjMzVhZGU2MjA4ZSIsInRhZyI6IiJ9;;[Kegiatan Usaha: MENJUAL PAKAIAN, Kategori: G, KBLI: 47711];;;;UMKM;;-1.933935197;116.164607;invalid;;;FALSE;FALSE;TRUE;;;invalid;;;;;;tk nisa lusiana heldawati;0;0;0;;;pasar senaken rt 0 rw 0;;47;tk nisa lusiana heldawati pasar senaken rt 0 rw 0 kbli47;1;0;1;1;Aktif;Pasar senaken RT 0RW 0;P01;P01;;1;DONE 01/02 - 8.07 PM
14502;55302051;FAHMI;Wilayah pasar senaken, RT 0/RW 0;6401040016;64;1;40;16;KALIMANTAN TIMUR;PASER;TANAH GROGOT;SENAKEN;eyJpdiI6IlpwN3k3SFN2NHEwMXZKTmFwZ1U4Y2c9PSIsInZhbHVlIjoidW9iRTRNVndURjY1L1h6amJiNUgwZz09IiwibWFjIjoiN2ExN2FmNGRhODRiMzE2MGY1ZjQ5NzQyNjk4YTE5Zjk2ZjEzY2E4ZWRmNTI2MWJkMmMxZmVhN2M3NjljZGZlNiIsInRhZyI6IiJ9;;[Kegiatan Usaha: Menjual ikan basah, Kategori: G, KBLI: 47215];;;;UMKM;;-1.933935197;116.164607;invalid;;;FALSE;FALSE;TRUE;;;invalid;;;;;;fahmi;0;0;0;;;wilayah pasar senaken rt 0 rw 0;;47;fahmi wilayah pasar senaken rt 0 rw 0 kbli47;1;0;1;0;Aktif;Wilayah pasar senaken RT 0RW 0;P01;P01;;1;DONE 01/02 - 8.07 PM
14511;55264875;TOKO H. YUNI <MAHYUNI>;PASAR SENAKEN, RT 0/RW 0;6401040009;64;1;40;9;KALIMANTAN TIMUR;PASER;TANAH GROGOT;JONE;eyJpdiI6InVlcWZORnNjVldMLzZVR0kxSGF6M1E9PSIsInZhbHVlIjoiQ0JrYlJaWElVek5PWnRETk9MZEZsQT09IiwibWFjIjoiY2RjZDdiZGM1MDgwYmRjMmM3MjJmY2VjYjEzODhkNWY4MzI1Y2Y2ZDI2YzQ5OTRhNzRlNzliMjQ1ZDhjM2IwOSIsInRhZyI6IiJ9;;[Kegiatan Usaha: MENJUAL PECAH BELAH, Kategori: G, KBLI: 47863];;;;UMKM;;-1.897518217;116.2035621;valid;eyJpdiI6ImJlTVdDRUVhcTEvVGxRSVQrWmgrMFE9PSIsInZhbHVlIjoiQS95RlduRTVOS25PdGlvTXFoNitvZz09IiwibWFjIjoiY2FiOTg4NTViZmM0ZWQyYjBjZDA4NGY1OTI3YmUwZTNkY2FkOGZkMzY4MjQ2ZDQwMjViYWE3ODljZDkxNGE5YyIsInRhZyI6IiJ9;1;FALSE;FALSE;FALSE;-1.897518217;116.2035621;valid;adib.tamtama;;;;;h yuni mahyuni;0;0;0;;;pasar senaken rt 0 rw 0;;47;h yuni mahyuni pasar senaken rt 0 rw 0 kbli47;1;0;1;1;Aktif;PASAR SENAKEN RT 0RW 0;P01;P01;;1;DONE 01/02 - 8.07 PM
14512;55102707;PARUT KELAPA M.YANI <M. YANI>;Pasar senaken, RT 0/RW 0;6401040016;64;1;40;16;KALIMANTAN TIMUR;PASER;TANAH GROGOT;SENAKEN;eyJpdiI6IkZHYmR4dmtLelRaZk1XUHBhL1IzbGc9PSIsInZhbHVlIjoiQWZoYUJFNThIdThwcUc4TTNXc2FqUT09IiwibWFjIjoiYjgzZTM0OWZlZTc0NDc0OTg5OTcxZDAwN2Q0YWI5MjIzMGU2NGVlZmJmM2Q5YzM3YzFhMDliYWI1YjlkMTEwMCIsInRhZyI6IiJ9;;[Kegiatan Usaha: parut kelapa di lapak pasar, Kategori: C, KBLI: 10773];;;;UMKM;;-1.905163202;116.202063;valid;eyJpdiI6IkgyUGk4azFnVzhnbDZHWlZWaXBwNVE9PSIsInZhbHVlIjoiaFp0NDIyVUZqMVkySThhdEIwVU81QT09IiwibWFjIjoiNTQxZTdmNmZhZWQwNDBjM2FjOWJmODU5NThmNWNmMjhhZjE3ZDYyZDE0Zjc0ZTQzMjRiMTZlOTU2YWMxZGE0NiIsInRhZyI6IiJ9;1;FALSE;FALSE;FALSE;-1.905163202;116.202063;valid;adib.tamtama;;;;;parut kelapa m yani m yani;0;0;0;;;pasar senaken rt 0 rw 0;;10;parut kelapa m yani m yani pasar senaken rt 0 rw 0 kbli10;1;0;1;1;Aktif;Pasar senaken RT 0RW 0;P01;P01;;1;DONE 01/02 - 8.07 PM
14518;55045068;AGUSMAN;Wil. Pasar senaken, RT 0/RW 0;6401040016;64;1;40;16;KALIMANTAN TIMUR;PASER;TANAH GROGOT;SENAKEN;eyJpdiI6IlljY2JlZDRuVS83MitJengyamJUbGc9PSIsInZhbHVlIjoiTWJoNlpGQjFaUm5pd0NaRzRwVGc4UT09IiwibWFjIjoiODZhMjQ0ZWM1NzNlOGQ4ZWExYTcxMjA3OTMyNThjYWRhYzE1NDNmYjQxZTM0NzkxZmE5YjYwY2Y0MjVlODFkMSIsInRhZyI6IiJ9;;[Kegiatan Usaha: Sembako eceran, Kategori: G, KBLI: 47823];;;;UMKM;;-1.897051667;116.2031217;valid;eyJpdiI6InpmTFhuVWVIdjZVaC9JT1V0dHdSZ3c9PSIsInZhbHVlIjoiZDVpelgyS1JwZ2pYZXp3NWluWGhDUT09IiwibWFjIjoiMGYxNmQ3OTA3NzMzZWU4YThjY2FjMjA0MzM4NTIzNTg5NGM0ZWZiNGM0YTdjN2U4NTU0NjJhY2VhN2M1NTU5NCIsInRhZyI6IiJ9;1;FALSE;FALSE;FALSE;-1.897051667;116.2031217;valid;adib.tamtama;;;;;agusman;0;0;0;;;wil pasar senaken rt 0 rw 0;;47;agusman wil pasar senaken rt 0 rw 0 kbli47;1;0;1;0;Aktif;Wil Pasar senaken RT 0RW 0;P01;P01;;1;DONE 01/02 - 8.07 PM
14529;55127798;ODONG ODONG <ROSDIANA RAUF>;Pasar senaken, RT 0/RW 0;6401040016;64;1;40;16;KALIMANTAN TIMUR;PASER;TANAH GROGOT;SENAKEN;eyJpdiI6Ii9vSHIrU21tSXFGbDlETjl6eXhmSlE9PSIsInZhbHVlIjoiNVoyTWZwY1FhT0xMRzQ0Q0pXdDJUQT09IiwibWFjIjoiNTk0Mzc1YzU4YjM5YTY2OGUxOTkyZmY2ODNlZmM4ZmIzNGQ2YTRkYzU5M2RkOGZlMjE4MGM2MDBlM2E4YWYwMyIsInRhZyI6IiJ9;;[Kegiatan Usaha: TEMPAT PERMAINAN ANAK ANAK, Kategori: R, KBLI: 93293];;;;UMKM;;-1.933935197;116.164607;invalid;;;FALSE;FALSE;TRUE;;;invalid;;;;;;odong odong rosdiana rauf;0;0;0;;;pasar senaken rt 0 rw 0;;93;odong odong rosdiana rauf pasar senaken rt 0 rw 0 kbli93;1;0;1;1;Aktif;Pasar senaken RT 0RW 0;P01;P01;;1;DONE 01/02 - 8.07 PM
14532;55153892;MUKHLIS;Pasar senaken, RT 0/RW 0;6401040016;64;1;40;16;KALIMANTAN TIMUR;PASER;TANAH GROGOT;SENAKEN;eyJpdiI6ImxCR04weUpUNzZMT0dSdE5uQ0l5VXc9PSIsInZhbHVlIjoiR2FlRGhEZzBnV200UktTSmtKVm5hdz09IiwibWFjIjoiNGIxMDI5ZjIzNTEzZDE4NjUwMGYyYmU5YzE1ZjFlNzFmZDA0YjljMzE0ZDUyM2NkOWQ5MTQzZDdlMDEwOGVlNyIsInRhZyI6IiJ9;;[Kegiatan Usaha: menjual pecah belah, Kategori: G, KBLI: 47593];;;;UMKM;;-1.89629;116.2126233;valid;eyJpdiI6IkltTHJrcDRhTFFXWGh6dzFBakl3QkE9PSIsInZhbHVlIjoiZ0N6NjVIdDRmdm0zZnJON0pKUXlXZz09IiwibWFjIjoiM2RlZTJhZTdiMzJjYjcxYjcyNzJhZDg0MDRjZWUwYTFjMzY4Zjk1ZGJhODdjZGZkZmU0ZTQ5MTg0MGZiNWRmYyIsInRhZyI6IiJ9;1;FALSE;FALSE;FALSE;-1.89629;116.2126233;valid;adib.tamtama;;;;;mukhlis;0;0;0;;;pasar senaken rt 0 rw 0;;47;mukhlis pasar senaken rt 0 rw 0 kbli47;1;0;1;0;Aktif;Pasar senaken RT 0RW 0;P01;P01;;1;DONE 01/02 - 8.07 PM
14533;55077394;ES BATU ACMAD ARFAN <ACMAD ARFAN>;Pasar senaken, RT 0/RW 0;6401040016;64;1;40;16;KALIMANTAN TIMUR;PASER;TANAH GROGOT;SENAKEN;eyJpdiI6Ink4RW9pVllleGZyZUpBS2t3QlFnTEE9PSIsInZhbHVlIjoiYnpaVmsxWWYvM0w5d1FyM2l2NUdvUT09IiwibWFjIjoiYjcwMDg5MzFlODM0YzkzMDdhMTJkMGQ0OTIwYmY0NjJiY2NmMjdmNjJlNjIxMmFmZjYzNDllZDVkY2Q2ODdjZCIsInRhZyI6IiJ9;;[Kegiatan Usaha: Menjual es batu eceran di pasar, Kategori: C, KBLI: 10532];;;;UMKM;;-1.905041667;116.204915;valid;eyJpdiI6IjY3dXhjWUtTbmdqZmJYaDREblFzdGc9PSIsInZhbHVlIjoiQ0FsQXNvVTlEZmNTMkhKdi9mRVFkdz09IiwibWFjIjoiMjZkY2JkYzk5MmUyZTZhYTNiMjk4NGY3ZWQ1MmU5NjY4OGVjNWI1ZGI2OTI2OWJjMTM5MWI4M2JjNjRkNjYwYyIsInRhZyI6IiJ9;1;FALSE;FALSE;FALSE;-1.905041667;116.204915;valid;adib.tamtama;;;;;es batu acmad arfan acmad arfan;0;0;0;;;pasar senaken rt 0 rw 0;;10;es batu acmad arfan acmad arfan pasar senaken rt 0 rw 0 kbli10;1;0;1;1;Aktif;Pasar senaken RT 0RW 0;P01;P01;;1;DONE 01/02 - 8.07 PM
14549;55044338;MARHIYAH;wilayah pasar senaken, RT 0/RW 0;6401040016;64;1;40;16;KALIMANTAN TIMUR;PASER;TANAH GROGOT;SENAKEN;eyJpdiI6IlZOS09nc1k2WlduRUg4RFIzSDNhMXc9PSIsInZhbHVlIjoibzFwYnNsL1Z5cjdsNnBpSTdWcHVaZz09IiwibWFjIjoiYzZlOTQ1YWMxZTE2MTdlZWYyMDhkZTI4MWU1NTMyYTE1ZTUwNzMyODc4N2NlMzc1NThiOTFkMWY0MjBlN2Q0MSIsInRhZyI6IiJ9;;[Kegiatan Usaha: Menjual sayur, Kategori: G, KBLI: 47213];;;;UMKM;;-1.839381962;116.2397376;valid;eyJpdiI6Ik5yT3pOcEtnZFJLWDcwQXdoQzNtdHc9PSIsInZhbHVlIjoiSFJWM1hnSlVWakZLRi9hMGVrTk04dz09IiwibWFjIjoiZWJjNTYyY2VlYWJmNzBhMzUwZjViN2Y2YWUyMGNmMGM1NjVjZTVkMzI1OWVjM2JmNjI2ZTAxNDZmMzI2MDU4YiIsInRhZyI6IiJ9;1;FALSE;FALSE;FALSE;-1.839381962;116.2397376;valid;adib.tamtama;;;;;marhiyah;0;0;0;;;wilayah pasar senaken rt 0 rw 0;;47;marhiyah wilayah pasar senaken rt 0 rw 0 kbli47;1;0;1;0;Aktif;wilayah pasar senaken RT 0RW 0;P01;P01;;1;DONE 01/02 - 8.07 PM
14556;55046297;HARINA;wilayah pasar senaken, RT 0/RW 0;6401040016;64;1;40;16;KALIMANTAN TIMUR;PASER;TANAH GROGOT;SENAKEN;eyJpdiI6IjdKRndCU3puSmJBOVFtUEVNa0FLQ0E9PSIsInZhbHVlIjoidkJNSHJCVExSMmdwV3JPZnZFQTJOQT09IiwibWFjIjoiYjMwOWNkYTM4ZmVkZmZmNjc5NjQyMWIzZmExNTAzNzk3NTUwYWM3YzM3ZDllYmM4OTllZmY4YzNmY2YyYTZjNiIsInRhZyI6IiJ9;;[Kegiatan Usaha: menjual rempah rempah, Kategori: G, KBLI: 47219];;;;UMKM;;-1.910506667;116.1827383;valid;eyJpdiI6Ild3MUZudXFadElLSEFVQXJQOWRpL2c9PSIsInZhbHVlIjoiR1FyS1MwREpGYzFGUWtyM0R2RDNUZz09IiwibWFjIjoiMDY2NzE5ZDM2Mjg2NTZjNzE2NWEwYWM4YmUzNDhmOGM2MTExOTcxYjIzN2VhMmU4N2UzMTMwNWUwZDdlN2NlYiIsInRhZyI6IiJ9;1;FALSE;FALSE;FALSE;-1.910506667;116.1827383;valid;adib.tamtama;;;;;harina;0;0;0;;;wilayah pasar senaken rt 0 rw 0;;47;harina wilayah pasar senaken rt 0 rw 0 kbli47;1;0;1;0;Aktif;wilayah pasar senaken RT 0RW 0;P01;P01;;1;DONE 01/02 - 8.07 PM
14563;55208495;MADINA;Wil. Pasar senaken, RT 0/RW 0;6401040016;64;1;40;16;KALIMANTAN TIMUR;PASER;TANAH GROGOT;SENAKEN;eyJpdiI6IkxCLzFOa2tOZFd4b0h5eExaTyt6VXc9PSIsInZhbHVlIjoiT1JsNTYrNVNHbkFVaTJVeUlSbkJNZz09IiwibWFjIjoiOGNkNmJkZGU0M2Q1MDZhYzQ2YzI3YTY4NzU4MTc3YTQ3YTUyNTU5NTBiZWZhODIzYmI5MWY5YWJkMTMzMjBmNSIsInRhZyI6IiJ9;;[Kegiatan Usaha: Menjual cendol sagu, Kategori: I, KBLI: 56306];;;;UMKM;;-1.904768333;116.215545;valid;eyJpdiI6ImZlUllhMjZKclpuYmxZMERxNjRFQXc9PSIsInZhbHVlIjoiNU95dTdCbHNsN2JiREdINHBMTk02QT09IiwibWFjIjoiOGQyMWNiMmQ2ZTIyZmNiNjQ0OTZhYjgyZWUyZmU1NzIzMTRkMzQ4MDE1MmRlNWFhZGVmNDJmYzJiM2VlMjUyOSIsInRhZyI6IiJ9;1;FALSE;FALSE;FALSE;-1.904768333;116.215545;valid;adib.tamtama;;;;;madina;0;0;0;;;wil pasar senaken rt 0 rw 0;;56;madina wil pasar senaken rt 0 rw 0 kbli56;1;0;1;0;Aktif;Wil Pasar senaken RT 0RW 0;P01;P01;;1;DONE 01/02 - 8.07 PM
14568;55264746;SRI ASTUTI ANDAYANI <SRIASTUTI ANDAYANI>;wil. pasar senaken, RT 0/RW 0;6401040016;64;1;40;16;KALIMANTAN TIMUR;PASER;TANAH GROGOT;SENAKEN;eyJpdiI6IkFiYkRTUUhzZ0VNcUtMbVdtMi94bnc9PSIsInZhbHVlIjoiQzJzVk4vYU1oTEdzaDVLUDRTTkoxdz09IiwibWFjIjoiMWUwYjU5ZWYxMWIxZTBkYTVkNGUxNDEyMTdmY2E3MTk0YTNhNDZmMjY3NGZkMTAwMzI0OGFlMzIyNmZjMDAxZCIsInRhZyI6IiJ9;;[Kegiatan Usaha: menjual sayuran, Kategori: G, KBLI: 47811];;;;UMKM;;-1.85508277;116.2341734;valid;eyJpdiI6IndqeXZmbmFpMW1taEhYY1VrcWVqbHc9PSIsInZhbHVlIjoibjRLdDFvTXlreUFUeklvQnQxUmNOdz09IiwibWFjIjoiOGJkMGZkYTdkMDEwNDJhNTI5NjFlNTRmMzM2ZWY0MDgyNzY4YmY1MTEwYmZjNDhhOWY4MmE2MWJhYWNlMTJmZCIsInRhZyI6IiJ9;1;FALSE;FALSE;FALSE;-1.85508277;116.2341734;valid;adib.tamtama;;;;;sri astuti andayani sriastuti andayani;0;0;0;;;wil pasar senaken rt 0 rw 0;;47;sri astuti andayani sriastuti andayani wil pasar senaken rt 0 rw 0 kbli47;1;0;1;1;Aktif;wil pasar senaken RT 0RW 0;P01;P01;;1;DONE 01/02 - 8.07 PM
14571;55208116;THOYBATUL ROKYAL <THOIBATUL ROKYAL>;wilayah pasar senaken, RT 0/RW 0;6401040016;64;1;40;16;KALIMANTAN TIMUR;PASER;TANAH GROGOT;SENAKEN;eyJpdiI6InVGWEZteCt0NlhyYTFUUzVhWGNxQWc9PSIsInZhbHVlIjoiQzc3WmJmbko3akJoenhPa2VQTDIzQT09IiwibWFjIjoiODI4ZTI5ZThmMjIyOWI4MWQzZDk0ODNhMDI3NmRhMDk4MjQ5ZmM3NmJkMDJmNmY0MDNmYWRhNThkMTlmZGZmZSIsInRhZyI6IiJ9;;[Kegiatan Usaha: menjual sayuran, Kategori: G, KBLI: 47813];;;;UMKM;;-1.85255185;116.2402899;valid;eyJpdiI6IjBzZWZIYmZMWmpyMHNMK2U3NHdNNHc9PSIsInZhbHVlIjoieEpmN2lZbkFQaExJbFNUK0w1TXZLZz09IiwibWFjIjoiYjVhMjIxOWRhNmI0ZDUxYjg4YTRmZTUwOTcyMTJjZGFjY2E0Yjg4YWJhNWI3MDI2ZTQ1MTM0Y2E2ZjIyMThiNCIsInRhZyI6IiJ9;1;FALSE;FALSE;FALSE;-1.85255185;116.2402899;valid;adib.tamtama;;;;;thoybatul rokyal thoibatul rokyal;0;0;0;;;wilayah pasar senaken rt 0 rw 0;;47;thoybatul rokyal thoibatul rokyal wilayah pasar senaken rt 0 rw 0 kbli47;1;0;1;1;Aktif;wilayah pasar senaken RT 0RW 0;P01;P01;;1;DONE 01/02 - 8.07 PM
14582;55102538;TOKO ASNI <ASNI>;Pasar senaken, RT 0/RW 0;6401040009;64;1;40;9;KALIMANTAN TIMUR;PASER;TANAH GROGOT;JONE;eyJpdiI6IjF3QkhGYUtRZFhZZm40cVd3OVdEZWc9PSIsInZhbHVlIjoibWo2MWVURzRTaG56ZEw4ZTR0b0lPUT09IiwibWFjIjoiOWZiZGY0ZjlkM2NhZTM0ZGZmNzBlNWQyNjRhYjcxYjI0MWQzOTEyMzFlYWZjMGVkYmQ3YzBiZjdlZTAzZDNiMiIsInRhZyI6IiJ9;;[Kegiatan Usaha: MENJUAL PAKAIAN, Kategori: G, KBLI: 47711];;;;UMKM;;-1.917915;116.1992533;valid;eyJpdiI6Im5YVGpsTXhQS1FFeVlldmF6NFdIc1E9PSIsInZhbHVlIjoiSmhmUXNxSnlMTjVGYXZ6S21URnlnQT09IiwibWFjIjoiNTdkZjc4NTY0NzA2MjdiYmNkZjNmNTJiM2ExNmQyNDA4MjdlNjA3NjhhMGM2NmFhZTRkMzEwN2NhMGY2Y2M0MSIsInRhZyI6IiJ9;1;FALSE;FALSE;FALSE;-1.917915;116.1992533;valid;adib.tamtama;;;;;asni asni;0;0;0;;;pasar senaken rt 0 rw 0;;47;asni asni pasar senaken rt 0 rw 0 kbli47;1;0;1;1;Aktif;Pasar senaken RT 0RW 0;P01;P01;;1;DONE 01/02 - 8.07 PM
14599;55179429;TOKO ABAH FAHMI <SADILLAH>;Pasar senaken, RT 0/RW 0;6401040009;64;1;40;9;KALIMANTAN TIMUR;PASER;TANAH GROGOT;JONE;eyJpdiI6IkJSRmx2WlVCVXFMcUMvdkFBSGtzUnc9PSIsInZhbHVlIjoiZVp5bkxhT1dqenUyN1J4TmFHcUV6UT09IiwibWFjIjoiOTU2Y2JjYTc0ZDc4YjExYWI3NjhmM2M2Y2U2ZTA4MzZkNmY3YzhiNTAzNGE5MTllMTM3MmI2NmI0NmNiZTdjYiIsInRhZyI6IiJ9;;[Kegiatan Usaha: MENJUAL TAS, Kategori: G, KBLI: 47714];;;;UMKM;;-1.905385;116.2018167;valid;eyJpdiI6Ill2TGFjR0Zmd0xlNHVxSmJoTUt0aVE9PSIsInZhbHVlIjoiMkxUa2F1Q3VkcDZTbVBxSEFKZUNBZz09IiwibWFjIjoiMzNhMzk3NDUyODk4MTE3MTMxOGRmMjg1MzQxYTdkYWIyNWM4ZWExYjM1NGZiMjc4ZDdlMGQyMzhiN2E2NDdmMiIsInRhZyI6IiJ9;1;FALSE;FALSE;FALSE;-1.905385;116.2018167;valid;adib.tamtama;;;;;abah fahmi sadillah;0;0;0;;;pasar senaken rt 0 rw 0;;47;abah fahmi sadillah pasar senaken rt 0 rw 0 kbli47;1;0;1;1;Aktif;Pasar senaken RT 0RW 0;P01;P01;;1;DONE 01/02 - 8.07 PM
14616;55122120;IKAN BASAH NUR ALAM <NUR ALAM>;Pasar senaken blok c, RT 0/RW 0;6401040016;64;1;40;16;KALIMANTAN TIMUR;PASER;TANAH GROGOT;SENAKEN;eyJpdiI6ImZlZk1Oa0QvNTY1N0hoQVIzS1lxRHc9PSIsInZhbHVlIjoiUWt3Zi9uSEdIZmFubzU1RW5FTnd6Zz09IiwibWFjIjoiMTM3N2YxOGQ5ZDAwYjNiNmY0MjViNzA3ZDUwNmUzNjg1ZGRlOWNkNmU0MDQxYjI0ZTExM2ZiZTA1ZGNlMjk2NSIsInRhZyI6IiJ9;;[Kegiatan Usaha: Menjual ikan basah eceran di pasar, Kategori: G, KBLI: 47215];;;;UMKM;;-1.90072815;116.2017727;valid;eyJpdiI6IlUzUEwrRE9EN1B1SC9qUE5zMDBBYlE9PSIsInZhbHVlIjoiRkljZnlnWG9ZUDc3T1o1eFlOam42dz09IiwibWFjIjoiNjhjZDNlODM0OGNkOTIzM2IzYzhiMTBjMTdkMzNjYTEzYWUzNTk4MTEzNzUxMWU2YzgzYzcwZDFlNmY3ZTVjYSIsInRhZyI6IiJ9;1;FALSE;FALSE;FALSE;-1.90072815;116.2017727;valid;adib.tamtama;;;;;ikan basah nur alam nur alam;0;0;0;;;pasar senaken blok c rt 0 rw 0;;47;ikan basah nur alam nur alam pasar senaken blok c rt 0 rw 0 kbli47;1;0;1;1;Aktif;Pasar senaken blok c RT 0RW 0;P01;P01;;1;DONE 01/02 - 8.07 PM
14618;55100922;SAYUR AINI <AINI ERNA .D>;Pasar senaken hamparan subuh, RT 0/RW 0;6401040016;64;1;40;16;KALIMANTAN TIMUR;PASER;TANAH GROGOT;SENAKEN;eyJpdiI6Iit4cWNvSVVOMVlzQzN6SXIvM04zakE9PSIsInZhbHVlIjoiYlFwNnhrSnFXUFR5QzJhd2ozUWV6Zz09IiwibWFjIjoiNTRkMGE3OTk0OTE3ODU3NTYxNGNjMGE1MmUyNDdiZWM3YmNiMjE2Nzk4YjM2ZGJkNWFiMTJmODI4YWZhMTZlZiIsInRhZyI6IiJ9;;[Kegiatan Usaha: Menjual sayur eceran di lapak pasar, Kategori: G, KBLI: 47213];;;;UMKM;;-1.933935197;116.164607;invalid;;;FALSE;FALSE;TRUE;;;invalid;;;;;;sayur aini aini erna d;0;0;0;;;pasar senaken hamparan subuh rt 0 rw 0;;47;sayur aini aini erna d pasar senaken hamparan subuh rt 0 rw 0 kbli47;1;0;1;1;Aktif;Pasar senaken hamparan subuh RT 0RW 0;P01;P01;;1;DONE 01/02 - 8.07 PM
14624;55125366;SAYUR TUTI <TUTI>;Pasar senaken, RT 0/RW 0;6401040016;64;1;40;16;KALIMANTAN TIMUR;PASER;TANAH GROGOT;SENAKEN;eyJpdiI6IjNnaTl6TWJ2Z3hSU3Y3cE0xbVMwS2c9PSIsInZhbHVlIjoiQjRQRjlUOWdXeitrRzIya0s3TitvQT09IiwibWFjIjoiMTM1YWRiZjIwYmZmODM0ZDhlODEzYzcyOGE3ZmFjYTFiMWU1YjEzMGNlNjgwMWU0YmE4NTg4OTJmN2FjNGJjYSIsInRhZyI6IiJ9;;[Kegiatan Usaha: Menjual sayur eceran di lapak pasar, Kategori: G, KBLI: 47213];;;;UMKM;;-1.933935197;116.164607;invalid;;;FALSE;FALSE;TRUE;;;invalid;;;;;;sayur tuti tuti;0;0;0;;;pasar senaken rt 0 rw 0;;47;sayur tuti tuti pasar senaken rt 0 rw 0 kbli47;1;0;1;1;Aktif;Pasar senaken RT 0RW 0;P01;P01;;1;DONE 01/02 - 8.07 PM
14625;55239160;MUHAMMAD ARSYAD;Pasar senaken, RT 0/RW 0;6401040016;64;1;40;16;KALIMANTAN TIMUR;PASER;TANAH GROGOT;SENAKEN;eyJpdiI6InU5Rm9MWVVRSXJ4b3h6dmRRVTZndGc9PSIsInZhbHVlIjoiNE9NemxCay8zdkIzRnNGUm5vWEVGUT09IiwibWFjIjoiOTRkNGQ2OGNlZTEyMDliMjBiZGMxYWM2ODViZjU3NDIzNDZmMWQwYmJhYTk3Y2Q0MDM2ZmI3YmEyMTQ1NDg2YiIsInRhZyI6IiJ9;;[Kegiatan Usaha: Menjusl Tas, Kategori: G, KBLI: 47714];;;;UMKM;;-1.933935197;116.164607;invalid;;;FALSE;FALSE;TRUE;;;invalid;;;;;;muhammad arsyad;0;0;0;;;pasar senaken rt 0 rw 0;;47;muhammad arsyad pasar senaken rt 0 rw 0 kbli47;1;0;1;0;Aktif;Pasar senaken RT 0RW 0;P01;P01;;1;DONE 01/02 - 8.07 PM
14628;55126881;IKAN KERING HANIAH <HANIAH>;Pasar senaken blok c, RT 0/RW 0;6401040004;64;1;40;4;KALIMANTAN TIMUR;PASER;TANAH GROGOT;TANAH GROGOT;eyJpdiI6ImdnUjBEOG9qd09pOHFSWVFFcnVWSEE9PSIsInZhbHVlIjoiMkRrUUhwNTUzbW1SdklldzZ5dEVVdz09IiwibWFjIjoiYWViMDhmODFiMjc1NjRlMGJkYjg0Zjk4NGE0YjBkNWE2NDgwNTIxMmQzZTI5Y2ZjOWQ0Mzg5NWE3MDZlZTBhZSIsInRhZyI6IiJ9;;[Kegiatan Usaha: Menjual ikan kering di pasar, Kategori: G, KBLI: 47245];;;;UMKM;;-1.93595978;116.1786614;valid;eyJpdiI6IjJEdUl6bzBrS3c0dWhYR2xhOFdLakE9PSIsInZhbHVlIjoiU3dQdlVZdGtINFpxVEtmc0Iwbmlidz09IiwibWFjIjoiNDY1YzQzY2QyYTZiZDEwMTM2MTIyNThmYjhjMzlhNDY0NzM0MTRiOTM3MWQ4YWY2NmE0MDk3ZTk2OTk1NmUxMSIsInRhZyI6IiJ9;1;FALSE;FALSE;FALSE;-1.93595978;116.1786614;valid;adib.tamtama;;;;;ikan kering haniah haniah;0;0;0;;;pasar senaken blok c rt 0 rw 0;;47;ikan kering haniah haniah pasar senaken blok c rt 0 rw 0 kbli47;1;0;1;1;Aktif;Pasar senaken blok c RT 0RW 0;P01;P01;;1;DONE 01/02 - 8.07 PM
14643;55152689;JAGUNG NASIH <NASIH>;Pasar senaken, RT 0/RW 0;6401040016;64;1;40;16;KALIMANTAN TIMUR;PASER;TANAH GROGOT;SENAKEN;eyJpdiI6Ik5ENDl1bU51S201enBaR3ZpTlRPTnc9PSIsInZhbHVlIjoieGpJeHpzZGVjdS9PUVIrWnk0WHZZdz09IiwibWFjIjoiOGVjNjE0NTVkYWZkNmQxMjQ3NDAwZDJmMDc2ZThjYWRlMDFiODg2M2RlY2YwMjhjYTIzMTUyZDUyOGFjZDc1NyIsInRhZyI6IiJ9;;[Kegiatan Usaha: Menjual buah jagung eceran di lapak pasar, Kategori: G, KBLI: 47211];;;;UMKM;;-1.85017663;116.2401481;valid;eyJpdiI6IklHWDIzN2hJWlRVak85ZXBwVitIeWc9PSIsInZhbHVlIjoiNFNXendIWkkzUksxUGhBSHQ0alRwUT09IiwibWFjIjoiYWI0OGE1MjE5NDA2NjY2ZTFiYjcwYjRiNWMxNmU1ZDg5NTIzMDE2ZTBjZWZjNjVkNDlhYzFiNDc1N2Y0M2RkOSIsInRhZyI6IiJ9;1;FALSE;FALSE;FALSE;-1.85017663;116.2401481;valid;adib.tamtama;;;;;jagung nasih nasih;0;0;0;;;pasar senaken rt 0 rw 0;;47;jagung nasih nasih pasar senaken rt 0 rw 0 kbli47;1;0;1;1;Aktif;Pasar senaken RT 0RW 0;P01;P01;;1;DONE 01/02 - 8.07 PM
14648;55265471;SUHARTAMAN;wilayah pasar senaken, RT 0/RW 0;6401040016;64;1;40;16;KALIMANTAN TIMUR;PASER;TANAH GROGOT;SENAKEN;eyJpdiI6ImNhTWVGc2hnZWsyemMzWjcvRHhEV3c9PSIsInZhbHVlIjoicEtPTUp2TGF2N0xoUDluMlo4MDJEdz09IiwibWFjIjoiYTJhYWNkZDViZjUxY2Q3Y2ViZTg2OWZjMDBmODJkM2Q3YjE1NDdiYjk4ZDNhNmJhYzMwODlmMTU3MjRhN2U2OSIsInRhZyI6IiJ9;;[Kegiatan Usaha: pengangkutan, Kategori: H, KBLI: 49431];;;;UMKM;;-1.933935197;116.164607;invalid;;;FALSE;FALSE;TRUE;;;invalid;;;;;;suhartaman;0;0;0;;;wilayah pasar senaken rt 0 rw 0;;49;suhartaman wilayah pasar senaken rt 0 rw 0 kbli49;1;0;1;0;Aktif;wilayah pasar senaken RT 0RW 0;P01;P01;;1;DONE 01/02 - 8.07 PM
14657;55076717;TK. ZIDAN NAFAR <HAMIDAN IRHAMI>;Pasar senaken, RT 0/RW 0;6401040016;64;1;40;16;KALIMANTAN TIMUR;PASER;TANAH GROGOT;SENAKEN;eyJpdiI6InRFRElHODBBL1psU2ZjNUxWM0Vkd0E9PSIsInZhbHVlIjoiRVVYUE1JUWpTdUdKbldXYWk4TUE5Zz09IiwibWFjIjoiNGE1ZjM1ZDdhNGRlMzdmNmNlNWNjNWY0YzZjYzIxNGEyNDhkZWFmYmM0Mjk1YjdmNDRhMjBjMmYzYTYzNjU5OCIsInRhZyI6IiJ9;;[Kegiatan Usaha: Menjual pakaian, Kategori: G, KBLI: 47711];;;;UMKM;;-1.933935197;116.164607;invalid;;;FALSE;FALSE;TRUE;;;invalid;;;;;;tk zidan nafar hamidan irhami;0;0;0;;;pasar senaken rt 0 rw 0;;47;tk zidan nafar hamidan irhami pasar senaken rt 0 rw 0 kbli47;1;0;1;1;Aktif;Pasar senaken RT 0RW 0;P01;P01;;1;DONE 01/02 - 8.07 PM
14663;55068775;LEHA COLECSEN <LEHA ANNISA>;Pasar senaken, RT 0/RW 0;6401040016;64;1;40;16;KALIMANTAN TIMUR;PASER;TANAH GROGOT;SENAKEN;eyJpdiI6IlBnRWJ2RGVYQ25HVXlhM1BZRk9lUFE9PSIsInZhbHVlIjoiUmYzdUhrQ1lZYjU0R2EwR2I1TlRZdz09IiwibWFjIjoiZDc1YzY3NDM3YWM5MTI0ODQ1ZDVhOGQ5MGJjMDU0ZDMxNzI1YzgwYmRjYjhiNjU0ZGU3ZGQwNzg2OTRiYTM2YyIsInRhZyI6IiJ9;;[Kegiatan Usaha: Menjual pakaian, Kategori: G, KBLI: 47711];;;;UMKM;;-1.923583379;116.1959244;valid;eyJpdiI6IkRJODFTdm9mNlMwK0VSQ0tweWxRbFE9PSIsInZhbHVlIjoiaXV2NnhSaWRZSFhCSmJKQTFYNHJzZz09IiwibWFjIjoiMzAxYzY2Yzk5OWY3NGI0MTU5MzU0ZWFmODZlYjU2ZDM0YzU2ZmYzOTY2M2JmNDc4YWEwZTQ1OWI1YjY1Njc3OSIsInRhZyI6IiJ9;1;FALSE;FALSE;FALSE;-1.923583379;116.1959244;valid;adib.tamtama;;;;;leha colecsen leha annisa;0;0;0;;;pasar senaken rt 0 rw 0;;47;leha colecsen leha annisa pasar senaken rt 0 rw 0 kbli47;1;0;1;1;Aktif;Pasar senaken RT 0RW 0;P01;P01;;1;DONE 01/02 - 8.07 PM
14666;55045641;IKAN BASAH ABU DIMAN <ABU DIMAN>;Pasar senaken, RT 0/RW 0;6401040016;64;1;40;16;KALIMANTAN TIMUR;PASER;TANAH GROGOT;SENAKEN;eyJpdiI6InF6cS9IN25ZSWdDVGIrY0hBckN6cHc9PSIsInZhbHVlIjoiUytzVUZIWFdmWnRpaEpybnd6aUIyZz09IiwibWFjIjoiMjUzMDBlMGVkZTRiNzJhYjQxZTI3Nzg5ZTI4ZjI5YjY2M2YxZDhiNzZmNjc4MDIxY2ViODRmNGQ4MWM3OWQ2ZSIsInRhZyI6IiJ9;;[Kegiatan Usaha: Menjual ikan basah eceran di lapak pasar, Kategori: G, KBLI: 47215];;;;UMKM;;-1.924875;116.2662583;valid;eyJpdiI6IjFiOGpCeEZVMm1mOFlXaWxadUVQWWc9PSIsInZhbHVlIjoiOEhEdzFDRUZrMGZ3Um1ySW1CdXBxdz09IiwibWFjIjoiZDRiZTIwZjQwYTE0YzY0MzI1NzVlYjdmOTkxN2JiYTEwMDdkMTQyZjkzYzMzOTlhOWMzMjhkODY5MGYwMTkwMiIsInRhZyI6IiJ9;1;FALSE;FALSE;FALSE;-1.924875;116.2662583;valid;adib.tamtama;;;;;ikan basah abu diman abu diman;0;0;0;;;pasar senaken rt 0 rw 0;;47;ikan basah abu diman abu diman pasar senaken rt 0 rw 0 kbli47;1;0;1;1;Aktif;Pasar senaken RT 0RW 0;P01;P01;;1;DONE 01/02 - 8.07 PM
14671;55152281;TK. MAMA IPIN <NURLAILAH>;Pasar senaken, RT 0/RW 0;6401040016;64;1;40;16;KALIMANTAN TIMUR;PASER;TANAH GROGOT;SENAKEN;eyJpdiI6Ik9ZZ0kxTmtUTFJqWFRSTGpBNk14VHc9PSIsInZhbHVlIjoiNERsSkt3R3o5ZnNqcVZTdjhnRUd4Zz09IiwibWFjIjoiN2U1ZDcxODYzNTc4YjRmNzZjMzlmYTc0YzM0NmMwOWQxYjBjOGVjMGQwN2MwZDQzZGQ1OGQ3ZTRiZjk5MzkzMiIsInRhZyI6IiJ9;;[Kegiatan Usaha: Menjual pakaian, Kategori: G, KBLI: 47711];;;;UMKM;;-1.933935197;116.164607;invalid;;;FALSE;FALSE;TRUE;;;invalid;;;;;;tk mama ipin nurlailah;0;0;0;;;pasar senaken rt 0 rw 0;;47;tk mama ipin nurlailah pasar senaken rt 0 rw 0 kbli47;1;0;1;1;Aktif;Pasar senaken RT 0RW 0;P01;P01;;1;DONE 01/02 - 8.07 PM
14676;55102857;RIANDY SARHIDAYAT;pasar senaken, RT 0/RW 0;6401040016;64;1;40;16;KALIMANTAN TIMUR;PASER;TANAH GROGOT;SENAKEN;eyJpdiI6IkgvSDNOTlU2MUFsRjhNK1BMVEt5QUE9PSIsInZhbHVlIjoiVU5RUG9VYnc4cmt0YXZpNnFGNkd3UT09IiwibWFjIjoiYjUzNGIzYjQ0OTViNjVkNzIwZDIwYzk1NjBhYTBiODJlYmY0ZGRkMzRkYjNmMzgxYzNjMjdjM2ZiZjM4ZmIwMiIsInRhZyI6IiJ9;;[Kegiatan Usaha: menjual kosmetik, Kategori: G, KBLI: 47724];;;;UMKM;;-1.933935197;116.164607;invalid;;;FALSE;FALSE;TRUE;;;invalid;;;;;;riandy sarhidayat;0;0;0;;;pasar senaken rt 0 rw 0;;47;riandy sarhidayat pasar senaken rt 0 rw 0 kbli47;1;0;1;0;Aktif;pasar senaken RT 0RW 0;P01;P01;;1;DONE 01/02 - 8.07 PM
14685;55179605;MINUMAN ARPANSYAH <ARPANSYAH>;Pasar senaken, RT 0/RW 0;6401040016;64;1;40;16;KALIMANTAN TIMUR;PASER;TANAH GROGOT;SENAKEN;eyJpdiI6ImQ2RldPcVViTzdUc3FMaVI3d2VhUkE9PSIsInZhbHVlIjoiVXRjUkEweXFGZE1TRHFseVJncmxUdz09IiwibWFjIjoiOWRlNmQzYzZjMGEzNmE3NGFjMWZhY2RjYTliZmNkNjViYmZlOTk5Zjc5MDFiMzFhNWI3MzY0OTFhNmMyNTcxYiIsInRhZyI6IiJ9;;[Kegiatan Usaha: Menjual minuman dingin di pasar, Kategori: G, KBLI: 47826];;;;UMKM;;-1.934441845;116.132223;valid;eyJpdiI6ImxSb2F6Y1Q2a3JTNHhNWmM2RVozVkE9PSIsInZhbHVlIjoiaTJTV2pqUVQzRzRaTjJYK1V5cXRPZz09IiwibWFjIjoiYzJmNzgyMDc3ZmQ2YTU2ZGZhYTk1YmFmYzhiODJjOTNkODIyZmZiNjM2ZGRkZGFkMWIxZjQyNDBjNDE5Mjk3MyIsInRhZyI6IiJ9;1;FALSE;FALSE;FALSE;-1.934441845;116.132223;valid;adib.tamtama;;;;;minuman arpansyah arpansyah;0;0;0;;;pasar senaken rt 0 rw 0;;47;minuman arpansyah arpansyah pasar senaken rt 0 rw 0 kbli47;1;0;1;1;Aktif;Pasar senaken RT 0RW 0;P01;P01;;1;DONE 01/02 - 8.07 PM
14692;55074632;TK. NAZIA <MUHAMMAD WAHYUDI>;Pasar senaken, RT 0/RW 0;6401040009;64;1;40;9;KALIMANTAN TIMUR;PASER;TANAH GROGOT;JONE;eyJpdiI6IlYvMW8ydjFWckdTZ1JDcmZrU1VUNkE9PSIsInZhbHVlIjoiTWJZRzVlQXUvYkNLNUNPSzZTeWJlQT09IiwibWFjIjoiZjMxZTRlODVhZjQyZjM4YmY5ZGIyYjY0Zjk5YTk3NzEwM2Q0ODYwYWNhYzM5OTY5ZTQ0ODhlZGFiMjhkOTViMiIsInRhZyI6IiJ9;;[Kegiatan Usaha: MENJUAL MAINAN, Kategori: G, KBLI: 47882];;;;UMKM;;-1.933935197;116.164607;invalid;;;FALSE;FALSE;TRUE;;;invalid;;;;;;tk nazia muhammad wahyudi;0;0;0;;;pasar senaken rt 0 rw 0;;47;tk nazia muhammad wahyudi pasar senaken rt 0 rw 0 kbli47;1;0;1;1;Aktif;Pasar senaken RT 0RW 0;P01;P01;;1;DONE 01/02 - 8.07 PM
14695;55125981;TOKO RABBIATUL <RABBIATUL ADAWIYAH>;PASAR SENAKEN, RT 0/RW 0;6401040009;64;1;40;9;KALIMANTAN TIMUR;PASER;TANAH GROGOT;JONE;eyJpdiI6Im04R2w1Mk9ETVg2WEpiTEJaT2tHUlE9PSIsInZhbHVlIjoid3I3Sm8yS2NuVWtPVTA2MUVYVGZwQT09IiwibWFjIjoiMDdiZDE4M2M4NzVkMzlmNzI1MjBjZGU1MWE5ODU4ZWI5NzIwZmNiMjczOTRlNGY3OWU5OTFhN2FmNWE4NmQyNCIsInRhZyI6IiJ9;;[Kegiatan Usaha: Menjual sepatu, Kategori: G, KBLI: 47712];;;;UMKM;;-1.933935197;116.164607;invalid;;;FALSE;FALSE;TRUE;;;invalid;;;;;;rabbiatul rabbiatul adawiyah;0;0;0;;;pasar senaken rt 0 rw 0;;47;rabbiatul rabbiatul adawiyah pasar senaken rt 0 rw 0 kbli47;1;0;1;1;Aktif;PASAR SENAKEN RT 0RW 0;P01;P01;;1;DONE 01/02 - 8.07 PM
14703;55207050;SAYUR MISRIANI <MISRIANI>;Pasar senaken, RT 0/RW 0;6401040016;64;1;40;16;KALIMANTAN TIMUR;PASER;TANAH GROGOT;SENAKEN;eyJpdiI6IkZ5U05LTURuZFF4WmU4M1JoTTNHUHc9PSIsInZhbHVlIjoiWXo4UHh1N1dLRmFPSWFuVjBLcTVxQT09IiwibWFjIjoiZjIzNzRhODUyZTAzNmJkY2NjZjFhNjBlZWQ0NmVlODkyYzMwYjA2MDhkYzM5YmRjNTcwMmU4YWU1NTYxOWYxOCIsInRhZyI6IiJ9;;[Kegiatan Usaha: Menjual sayur eceran di lapak pasar, Kategori: G, KBLI: 47213];;;;UMKM;;-1.933935197;116.164607;invalid;;;FALSE;FALSE;TRUE;;;invalid;;;;;;sayur misriani misriani;0;0;0;;;pasar senaken rt 0 rw 0;;47;sayur misriani misriani pasar senaken rt 0 rw 0 kbli47;1;0;1;1;Aktif;Pasar senaken RT 0RW 0;P01;P01;;1;DONE 01/02 - 8.07 PM
14706;55044869;HASAN BASRI;wilayah pasar senaken, RT 0/RW 0;6401040016;64;1;40;16;KALIMANTAN TIMUR;PASER;TANAH GROGOT;SENAKEN;eyJpdiI6ImVCdnBYdTEvRWMybjJYOVdRa3dDYVE9PSIsInZhbHVlIjoiM3FMZVVNUWgxbUpxc1FNTnl0V2JIZz09IiwibWFjIjoiODQ1M2VkN2M4YWVjOWFiZjViZjFiYWIyZjlmNGUyZGFiOTAxZGFmYmQ0NzU0MzVjY2I1MGNiMWY2MTk0NzQ2ZCIsInRhZyI6IiJ9;;[Kegiatan Usaha: menjual ikan basah, Kategori: G, KBLI: 47215];;;;UMKM;;-1.933935197;116.164607;invalid;;;FALSE;FALSE;TRUE;;;invalid;;;;;;hasan basri;0;0;0;;;wilayah pasar senaken rt 0 rw 0;;47;hasan basri wilayah pasar senaken rt 0 rw 0 kbli47;1;0;1;0;Aktif;wilayah pasar senaken RT 0RW 0;P01;P01;;1;DONE 01/02 - 8.07 PM
14718;55154654;TOKO HJ. RUSMA <RUSMAWARDAH>;PASAR SENAKEN, RT 0/RW 0;6401040009;64;1;40;9;KALIMANTAN TIMUR;PASER;TANAH GROGOT;JONE;eyJpdiI6ImYzNjc5dEl0aElnNHBxN1dhc2kvcnc9PSIsInZhbHVlIjoiTXc1MTVkcEZsellra0lUWlRjcUtIQT09IiwibWFjIjoiM2YzNGQxNzVkMWFlOTg0YjUxMDk0NjIxMDgwZTllNGFkNTkwMmJlNTRkYjM3MzIzYjA5ZGQyNWE3ZjViY2Q4NyIsInRhZyI6IiJ9;;[Kegiatan Usaha: MENJUAL PAKAIAN, Kategori: G, KBLI: 47711];;;;UMKM;;-1.897906667;116.2022517;valid;eyJpdiI6Ijl1NUxVbmlFVUYyTnBDWHhtbWZVNWc9PSIsInZhbHVlIjoiN3B5LzdtV1doMnBsb28vREphRFhjZz09IiwibWFjIjoiZDE2NzAyYmFlMTFhNzQwNGU2MDZjOGFiZDI2ZGVlMDUxMWMwY2EyMWNhMTRlMzM5NDFhZDRkZGFjNGZlNTQ2OCIsInRhZyI6IiJ9;1;FALSE;FALSE;FALSE;-1.897906667;116.2022517;valid;adib.tamtama;;;;;hj rusma rusmawardah;0;0;0;;;pasar senaken rt 0 rw 0;;47;hj rusma rusmawardah pasar senaken rt 0 rw 0 kbli47;1;0;1;1;Aktif;PASAR SENAKEN RT 0RW 0;P01;P01;;1;DONE 01/02 - 8.07 PM
14720;55302246;WARMAK JIEM <JIEM>;Pasar senaken blok A, RT 0/RW 0;6401040016;64;1;40;16;KALIMANTAN TIMUR;PASER;TANAH GROGOT;SENAKEN;eyJpdiI6IldvRGNOUVZTSTNrVmlHSmtjN1d4YkE9PSIsInZhbHVlIjoibzU4eG00QUkxbnpBS29VQkhuWnV2UT09IiwibWFjIjoiYmMxYTUxZTYxYjk5MzA1Yzg5ODUzZTdkZTkyMzdiZTVkMDI1NjQ1YTI4ZGIxMTFiMjFjYjUwOGQxYzIxOGQ2ZCIsInRhZyI6IiJ9;;[Kegiatan Usaha: Menjual makanan jadi di los pasar, Kategori: I, KBLI: 56102];;;;UMKM;;-1.933935197;116.164607;invalid;;;FALSE;FALSE;TRUE;;;invalid;;;;;;warmak jiem jiem;0;0;0;;;pasar senaken blok a rt 0 rw 0;;56;warmak jiem jiem pasar senaken blok a rt 0 rw 0 kbli56;1;0;1;1;Aktif;Pasar senaken blok A RT 0RW 0;P01;P01;;1;DONE 01/02 - 8.07 PM
14747;55156525;SAYUR RAINI <RAINI MARIYA>;Pasar senaken, RT 0/RW 0;6401040016;64;1;40;16;KALIMANTAN TIMUR;PASER;TANAH GROGOT;SENAKEN;eyJpdiI6InJVSlZTSTB4WkpGdVgvZlhQcXl6T0E9PSIsInZhbHVlIjoiQWR5bDBhSXdiNlhuWExnczUzTExkQT09IiwibWFjIjoiN2UyZDNkNGNmOGNlODE0ODBiMDQ1YWVhZTUyNTdmNDZiNTc0NWY5NWIzMTUwOGYyZjVlNTljOGI3NWU5YTM0MSIsInRhZyI6IiJ9;;[Kegiatan Usaha: Menjual sayur eceran di lapak pasar, Kategori: G, KBLI: 47213];;;;UMKM;;-1.839344766;116.2400612;valid;eyJpdiI6IlVxV08rN0kwbTBKNmVPVk13QXVuSlE9PSIsInZhbHVlIjoiRHl6RGh2NkQ1TC9WdGZqTGcxazlvdz09IiwibWFjIjoiYzViYzY2NmZhNzBjZWQxNzQwMzVkNjg4ZGQyYmM0NDlhZTYyODA3MDgzY2M4MTY4ZjZiM2JmY2I4MGJkMjJjYiIsInRhZyI6IiJ9;1;FALSE;FALSE;FALSE;-1.839344766;116.2400612;valid;adib.tamtama;;;;;sayur raini raini mariya;0;0;0;;;pasar senaken rt 0 rw 0;;47;sayur raini raini mariya pasar senaken rt 0 rw 0 kbli47;1;0;1;1;Aktif;Pasar senaken RT 0RW 0;P01;P01;;1;DONE 01/02 - 8.07 PM
14749;55156749;ISTIQOMAH;Pasar senaken, RT 0/RW 0;6401040016;64;1;40;16;KALIMANTAN TIMUR;PASER;TANAH GROGOT;SENAKEN;eyJpdiI6InVlUmxQYlZ5Zm1zTlR4WmtvYU9JR2c9PSIsInZhbHVlIjoiZW8zVTM3TzBqcGR0eVlSQytjU1F3Zz09IiwibWFjIjoiMDMzMmZhNDkwZmFiM2RlMjMzMTRhYTM4MzUwNjA0NWIzMDc0ZTRlM2NlZjk5NWZlYzgxZThjODQzZWVjZDUyNyIsInRhZyI6IiJ9;;[Kegiatan Usaha: Menjual kosmetik, Kategori: G, KBLI: 47724];;;;UMKM;;-1.933935197;116.164607;invalid;;;FALSE;FALSE;TRUE;;;invalid;;;;;;istiqomah;0;0;0;;;pasar senaken rt 0 rw 0;;47;istiqomah pasar senaken rt 0 rw 0 kbli47;1;0;1;0;Aktif;Pasar senaken RT 0RW 0;P01;P01;;1;DONE 01/02 - 8.07 PM
14765;55153823;NASI LALAPAN KHODIJAH <SITI KHODIJAH>;Pasar senaken, RT 0/RW 0;6401040016;64;1;40;16;KALIMANTAN TIMUR;PASER;TANAH GROGOT;SENAKEN;eyJpdiI6IlZlUlczRXVuOTNKd3l2ZTB3Rm02MHc9PSIsInZhbHVlIjoiY05kbDIzNXNRUjBnSmZYLzFkdWdpZz09IiwibWFjIjoiMGViMzlkN2FmNzg0YjNhNDg1OTRjYWJmNDFlNTIwNDUyMjI4YWM2NTBmNWExMjlkYTY0Mzg0MjBhOWUxYTQzOSIsInRhZyI6IiJ9;;[Kegiatan Usaha: Menjual nasi lalapan di pasar, Kategori: I, KBLI: 56102];;;;UMKM;;-1.933935197;116.164607;invalid;;;FALSE;FALSE;TRUE;;;invalid;;;;;;nasi lalapan khodijah siti khodijah;0;0;0;;;pasar senaken rt 0 rw 0;;56;nasi lalapan khodijah siti khodijah pasar senaken rt 0 rw 0 kbli56;1;0;1;1;Aktif;Pasar senaken RT 0RW 0;P01;P01;;1;DONE 01/02 - 8.07 PM
14770;55121729;SEMBAKO SULAIMAN <SULAIMAN>;Pasar senaken, RT 0/RW 0;6401040016;64;1;40;16;KALIMANTAN TIMUR;PASER;TANAH GROGOT;SENAKEN;eyJpdiI6IlRrVWd1OS9WNWhWSG81V0xBTXlMUVE9PSIsInZhbHVlIjoiRy9QT1FLRFFDWnF5bkRIaXBkajRRdz09IiwibWFjIjoiOGY5ZTZkMjRhYjZjZjQzNjllYTU3NDNkN2U1ZmI2MTQ3Yzk0NjE4NDg2ODVmZDA0NjEwNzFhN2RjNzViZTExMCIsInRhZyI6IiJ9;;[Kegiatan Usaha: Menjual sembako eceran di lapak pasar, Kategori: G, KBLI: 47112];;;;UMKM;;-1.933935197;116.164607;invalid;;;FALSE;FALSE;TRUE;;;invalid;;;;;;sembako sulaiman sulaiman;0;0;0;;;pasar senaken rt 0 rw 0;;47;sembako sulaiman sulaiman pasar senaken rt 0 rw 0 kbli47;1;0;1;1;Aktif;Pasar senaken RT 0RW 0;P01;P01;;1;DONE 01/02 - 8.07 PM
14771;55121406;ABDILLAH;Pasar senaken, RT 0/RW 0;6401040016;64;1;40;16;KALIMANTAN TIMUR;PASER;TANAH GROGOT;SENAKEN;eyJpdiI6IkpzZXJaNGtuTlhQRnl5N2g4R2xmbWc9PSIsInZhbHVlIjoiQXRWWTdPRHVZTDRraDdZdEdhR2VHZz09IiwibWFjIjoiYTFiNzE5ZGVjYzU2Y2U4YjA5YjdjZGU1N2VhY2VkMGQzYjViMTJkNTdjZGU2MWRhNzhlMjNlZjY5MGU4ZmFhZSIsInRhZyI6IiJ9;;[Kegiatan Usaha: Menjual obat obatan, Kategori: G, KBLI: 47722];;;;UMKM;;-1.933935197;116.164607;invalid;;;FALSE;FALSE;TRUE;;;invalid;;;;;;abdillah;0;0;0;;;pasar senaken rt 0 rw 0;;47;abdillah pasar senaken rt 0 rw 0 kbli47;1;0;1;0;Aktif;Pasar senaken RT 0RW 0;P01;P01;;1;DONE 01/02 - 8.07 PM
14772;55070379;DARMA T;Wilayah pasar senaken, RT 0/RW 0;6401040016;64;1;40;16;KALIMANTAN TIMUR;PASER;TANAH GROGOT;SENAKEN;eyJpdiI6Im1KdkkvQWNIM3ZBbldqVDNYaEFxb0E9PSIsInZhbHVlIjoidzdMa1V6c2M1bDQxZ1ROSlpSS0cxdz09IiwibWFjIjoiOTQyMzVjYTRkZGMzODBlNDdhYTEwN2EwOGI2MzAxMmU3NjcwOTQxNGZhZGFmZGM5YWUzYTUwYmE2YWNhZjAxNyIsInRhZyI6IiJ9;;[Kegiatan Usaha: Menjual gula putih dan galon air minum, Kategori: G, KBLI: 47823];;;;UMKM;;-1.922161269;116.1981389;valid;eyJpdiI6ImljT3I4di9zTjMrakUxYUQrcURsa3c9PSIsInZhbHVlIjoieUFORU13WER2a3hlcUxORUFlWTFjQT09IiwibWFjIjoiNmMyOGM4OTRkMTEwYTY4MjMzMDdiOTY5YTE5Y2Y4MjE0MGQ3N2NmMDliNzA1MDQwZDZlMDUxODljMmZiMzdiOCIsInRhZyI6IiJ9;1;FALSE;FALSE;FALSE;-1.922161269;116.1981389;valid;adib.tamtama;;;;;darma t;0;0;0;;;wilayah pasar senaken rt 0 rw 0;;47;darma t wilayah pasar senaken rt 0 rw 0 kbli47;1;0;1;0;Aktif;Wilayah pasar senaken RT 0RW 0;P01;P01;;1;DONE 01/02 - 8.07 PM
14777;55076936;JUMRAH;wilayah pasar senaken, RT 0/RW 0;6401040016;64;1;40;16;KALIMANTAN TIMUR;PASER;TANAH GROGOT;SENAKEN;eyJpdiI6Im83OGFHbzB4a0pjR0xWbXgyOHYwT1E9PSIsInZhbHVlIjoiNldKT0U3TmZzV3g4R0d4V0NzSnhCZz09IiwibWFjIjoiMTA4MGVlM2UxMjM2NDk0MDk1MzBlOWVlYjg2MTRjYWM4ODEyZTdiM2EwYWFiNDZiZDY4OGFjNzYyN2EzMzc2OCIsInRhZyI6IiJ9;;[Kegiatan Usaha: warung makan, Kategori: I, KBLI: 56103];;;;UMKM;;-1.8931344;116.2076056;valid;eyJpdiI6IllHdUpBSDA2KzV1aGhHcHZLVzl5VWc9PSIsInZhbHVlIjoidXJIcUpBOXpFbzJzU05xbFRudDFWUT09IiwibWFjIjoiZDk4NDI5MDY0MDQ1ZDA0OTViODRmMjQyOTA1NWVmYjg3NmQyZjAwYjRlNDk3MTVkODQ0NmFlMmFhY2ViN2ViMCIsInRhZyI6IiJ9;1;FALSE;FALSE;FALSE;-1.8931344;116.2076056;valid;adib.tamtama;;;;;jumrah;0;0;0;;;wilayah pasar senaken rt 0 rw 0;;56;jumrah wilayah pasar senaken rt 0 rw 0 kbli56;1;0;1;0;Aktif;wilayah pasar senaken RT 0RW 0;P01;P01;;1;DONE 01/02 - 8.07 PM
14780;55044420;ZAKIYAH;wil.pasar senaken, RT 0/RW 0;6401040016;64;1;40;16;KALIMANTAN TIMUR;PASER;TANAH GROGOT;SENAKEN;eyJpdiI6IkFYTitsZzNmanJEUjdRUFo0UzIzcGc9PSIsInZhbHVlIjoiY3pLd0NMODd1bEVxOXJwcldxOUZNdz09IiwibWFjIjoiN2QxNWYxNDczYzI0ZWRmYmE5NGExYmRlMzhiYTM1ZGQxY2M0MTNkMDJjMWZmOTEzZThiZjAwZjI1MmM0NDY2MSIsInRhZyI6IiJ9;;[Kegiatan Usaha: menjual, Kategori: G, KBLI: 47219];;;;UMKM;;-1.933935197;116.164607;invalid;;;FALSE;FALSE;TRUE;;;invalid;;;;;;zakiyah;0;0;0;;;wil pasar senaken rt 0 rw 0;;47;zakiyah wil pasar senaken rt 0 rw 0 kbli47;1;0;1;0;Aktif;wilpasar senaken RT 0RW 0;P01;P01;;1;DONE 01/02 - 8.07 PM
14800;55125211;TOKO MIRA <MERA QIBTHIAH>;Pasar senaken, RT 0/RW 0;6401040009;64;1;40;9;KALIMANTAN TIMUR;PASER;TANAH GROGOT;JONE;eyJpdiI6Ik4wUlluaXM3dUVnZDhUSmNtRi9yNEE9PSIsInZhbHVlIjoiYWxRcHU2bEZVa3U1cTBmODRvVnc1dz09IiwibWFjIjoiOWU3ZDFmMjA5ZGQxNmRjZTg3NjYzYmExNTc5MzBmOTYxNTJjNTNjMmM4YzA1ZjYwMzYyNTFhMjY2MzUwYzE2MiIsInRhZyI6IiJ9;;[Kegiatan Usaha: Menjual pecah belah, Kategori: G, KBLI: 47863];;;;UMKM;;-1.933935197;116.164607;invalid;;;FALSE;FALSE;TRUE;;;invalid;;;;;;mira mera qibthiah;0;0;0;;;pasar senaken rt 0 rw 0;;47;mira mera qibthiah pasar senaken rt 0 rw 0 kbli47;1;0;1;1;Aktif;Pasar senaken RT 0RW 0;P01;P01;;1;DONE 01/02 - 8.07 PM
14807;55239357;TOKO ISMAWATI <ISMAWATI>;Pasar senaken, RT 0/RW 0;6401040009;64;1;40;9;KALIMANTAN TIMUR;PASER;TANAH GROGOT;JONE;eyJpdiI6ImdiSkdNMEJWUHlPUGo1WGRuYnc2NkE9PSIsInZhbHVlIjoibkkyRzBkZ0VqU1JjWTIrYjNFRW5sQT09IiwibWFjIjoiZmE0OTQ4MWFkMmNlYjRhYTlhOGQ0ZmRiOTkxNzdkODYxNmVjMjBmNDQ4NzhhYzNiOWUyOTYyMTc0YWZkNmQ4OCIsInRhZyI6IiJ9;;[Kegiatan Usaha: MEJUAL PAKAIAN, Kategori: G, KBLI: 47711];;;;UMKM;;-1.793763333;116.0584;valid;eyJpdiI6Ill4aVJxUEhQNWcxRll3UXk1cUxtTEE9PSIsInZhbHVlIjoiMVBJV3c4U3dVSFBFU2x2cStFVXc5UT09IiwibWFjIjoiYzI4YWNlYWRhZjJhMTk1YmFjNzllMTBlOTgyOGEwZDY4YzFkOWNkODc4YjQzNjc5OTIwOWQzMzRiYTJmYWQ0ZiIsInRhZyI6IiJ9;1;FALSE;FALSE;FALSE;-1.793763333;116.0584;valid;adib.tamtama;;;;;ismawati ismawati;0;0;0;;;pasar senaken rt 0 rw 0;;47;ismawati ismawati pasar senaken rt 0 rw 0 kbli47;1;0;1;1;Aktif;Pasar senaken RT 0RW 0;P01;P01;;1;DONE 01/02 - 8.07 PM
14810;55237301;UDANG MULIANI <MULIANI>;Pasar senaken, RT 0/RW 0;6401040016;64;1;40;16;KALIMANTAN TIMUR;PASER;TANAH GROGOT;SENAKEN;eyJpdiI6IkhTb1BTRkR2b3VyNUFzVUhiN3VFbEE9PSIsInZhbHVlIjoiTnVJbGV6ZGdKb2dQS2h2U0RwdWtIdz09IiwibWFjIjoiYjkxNmUyNGNkZTM4MzMxM2IzZjJmZjQ0NzNhMWMyNjNiMGNmNjYyZDQwNjRkNGZlMDYwNGRjMWFhYTM1NGQ3ZCIsInRhZyI6IiJ9;;[Kegiatan Usaha: Menjual udang eceran di pasar, Kategori: G, KBLI: 47215];;;;UMKM;;-1.933935197;116.164607;invalid;;;FALSE;FALSE;TRUE;;;invalid;;;;;;udang muliani muliani;0;0;0;;;pasar senaken rt 0 rw 0;;47;udang muliani muliani pasar senaken rt 0 rw 0 kbli47;1;0;1;1;Aktif;Pasar senaken RT 0RW 0;P01;P01;;1;DONE 01/02 - 8.07 PM
14817;55154274;TOKO MAMA LAILY <MUSLIHAH>;Pasar senaken, RT 0/RW 0;6401040009;64;1;40;9;KALIMANTAN TIMUR;PASER;TANAH GROGOT;JONE;eyJpdiI6IjFMUmNobDBzbGRaTDN4N05NWGNFT0E9PSIsInZhbHVlIjoiekdGVDY3MVgrc3NSTzJUVHhFalloQT09IiwibWFjIjoiZjMyOTcwZDBkMjM3ODJmYzA2YmM4OWMxZjA4ZmQ0ZDlhYWY5YWY3N2I4MTQzYTBlNmJhOTRlZWY2MjJlNjIzNyIsInRhZyI6IiJ9;;[Kegiatan Usaha: MENJUAL PAKAIAN, Kategori: G, KBLI: 47711];;;;UMKM;;-1.933935197;116.164607;invalid;;;FALSE;FALSE;TRUE;;;invalid;;;;;;mama laily muslihah;0;0;0;;;pasar senaken rt 0 rw 0;;47;mama laily muslihah pasar senaken rt 0 rw 0 kbli47;1;0;1;1;Aktif;Pasar senaken RT 0RW 0;P01;P01;;1;DONE 01/02 - 8.07 PM
14821;55208073;WARUNG MINUM IRUS PAIDAH <IRUS PAIDAH>;Pasar senaken, RT 0/RW 0;6401040016;64;1;40;16;KALIMANTAN TIMUR;PASER;TANAH GROGOT;SENAKEN;eyJpdiI6Ilc4U0tBSUMzQXVlYlJuUXFOZHpMZ3c9PSIsInZhbHVlIjoib3lOMGNrSkcwaGVVT0hqTDNlYlM3dz09IiwibWFjIjoiNjRlMWM1ZTRjN2NjMzU5YzI5NzQwNmJkZjRmMDk0YTY2MTU1ZGIwNTc1M2Y4OWM0NzNkNmJmZTVlZjZjMzM0OSIsInRhZyI6IiJ9;;[Kegiatan Usaha: Warung minum eceran di lapak pasar, Kategori: I, KBLI: 56304];;;;UMKM;;-1.899355;116.2051017;valid;eyJpdiI6IkpLRFF5R2diM0VJUVJmNVMzNXhjdWc9PSIsInZhbHVlIjoiT0hpTG9DRmRZM2J2b3Fmd0VXdE82QT09IiwibWFjIjoiYjAxOWRiODhmYjViZTM2ZmU2ZGE3ZjUzNTg2YjkxYTQ3YzRjM2YyMGI5YTY5NzkzZjZjNTk0NzNiMDY2ZjNlMCIsInRhZyI6IiJ9;1;FALSE;FALSE;FALSE;-1.899355;116.2051017;valid;adib.tamtama;;;;;minum irus paidah irus paidah;0;0;0;;;pasar senaken rt 0 rw 0;;56;minum irus paidah irus paidah pasar senaken rt 0 rw 0 kbli56;1;0;1;1;Aktif;Pasar senaken RT 0RW 0;P01;P01;;1;DONE 01/02 - 8.07 PM
14854;55180491;NURHIDAYAH;wil.pasar senaken, RT 0/RW 0;6401040016;64;1;40;16;KALIMANTAN TIMUR;PASER;TANAH GROGOT;SENAKEN;eyJpdiI6IldBcEtNeWRqY0hDZmtrZFFCaTcvanc9PSIsInZhbHVlIjoickQzTWpsUE03QmV0eFNFNmR2UzJtZz09IiwibWFjIjoiNGM2MzY0ZjFmMzcyZjIzZGQxM2E5NGQyNDM2M2Y2YjYxY2VmOTQ3ZDcxY2U1YjY5NTk4NTA1OTdlYjFiY2MzNSIsInRhZyI6IiJ9;;[Kegiatan Usaha: menjual sayur dan buah musiman, Kategori: G, KBLI: 47813];;;;UMKM;;-1.84779594;116.2372098;valid;eyJpdiI6IkFFRzgwa1Q1VHNjQnZMY2RuQU1ETWc9PSIsInZhbHVlIjoiTVJib1FGb0pLSEJiMWIzc2t3ZFJ2Zz09IiwibWFjIjoiMGU4ODA2ZGM4MTdhZDRiM2I2YmNlZDVlOWRkODA2MTExYjA2NjAxYjBiY2IyNDA0MGEwODY5MDcxYWRiYWM0ZiIsInRhZyI6IiJ9;1;FALSE;FALSE;FALSE;-1.84779594;116.2372098;valid;adib.tamtama;;;;;nurhidayah;0;0;0;;;wil pasar senaken rt 0 rw 0;;47;nurhidayah wil pasar senaken rt 0 rw 0 kbli47;1;0;1;0;Aktif;wilpasar senaken RT 0RW 0;P01;P01;;1;DONE 01/02 - 8.07 PM
14859;55302076;SAYUR NISAR <NISAR>;Pasar senaken, RT 0/RW 0;6401040016;64;1;40;16;KALIMANTAN TIMUR;PASER;TANAH GROGOT;SENAKEN;eyJpdiI6InI0TXgvYlhONHdGWkhrUmpHbGtXZ3c9PSIsInZhbHVlIjoiYmNBUmJMZ0JtOU9YT1l5Z2s4Q1Zwdz09IiwibWFjIjoiYWE4YTBiMzM3ZDU4YjFkOWVjODg2YTdiN2Y1NGZjNjhkZThkYjIwYmUwYjVmOWVmZTEzZDE5YjFkNzI5MzdhZiIsInRhZyI6IiJ9;;[Kegiatan Usaha: Menjual sayur eceran di lapak pasar, Kategori: G, KBLI: 47213];;;;UMKM;;-1.913006655;116.1872575;valid;eyJpdiI6ImtUL01TRGNkV2RyRWNyaUtEZmNZVVE9PSIsInZhbHVlIjoidGV0WnJyWjA1Tnkxank3MmNpazVHdz09IiwibWFjIjoiOWZkMjFkMTZhMWVlNmM0MGQ3NzQ0YTFjYTlmOTFlNzc5MDg5MmQzNDg5MjBjY2JiYjIzYTdiYzkyZjMwNDBiNSIsInRhZyI6IiJ9;1;FALSE;FALSE;FALSE;-1.913006655;116.1872575;valid;adib.tamtama;;;;;sayur nisar nisar;0;0;0;;;pasar senaken rt 0 rw 0;;47;sayur nisar nisar pasar senaken rt 0 rw 0 kbli47;1;0;1;1;Aktif;Pasar senaken RT 0RW 0;P01;P01;;1;DONE 01/02 - 8.07 PM
14883;55103604;HATIMAH <HATIMAJ>;Pasar senaken, RT 0/RW 0;6401040016;64;1;40;16;KALIMANTAN TIMUR;PASER;TANAH GROGOT;SENAKEN;eyJpdiI6Ik9nZWpyb0FyOGxLSyt4UEcrcWw1WXc9PSIsInZhbHVlIjoiRXd0Q1U1WmNWcHlOTDQ5Ym1CNElkUT09IiwibWFjIjoiNzIxN2ViM2E0MGVjZjQxNjdlMDljYmQ4OWRkMzlkNWQzN2I4YWU5NmIxZmMwNjVmMTliOTYwYTkzZTE1NzEyNCIsInRhZyI6IiJ9;;[Kegiatan Usaha: Menjual pakian, Kategori: G, KBLI: 47711];;;;UMKM;;-1.87604;116.199355;valid;eyJpdiI6ImRSRUdoOFkrOXJaVHdPckRyam5XRkE9PSIsInZhbHVlIjoidllYOCtycHZhdFJvR20weUdONk02UT09IiwibWFjIjoiOTljMDk0ZjczMzcwYTFiMmVmNDlmZDczYWEzZWM3NGViOGVkNGJlMDQ1YmM0OTQ1YWQwNzNmOTNjN2FlNWU4NyIsInRhZyI6IiJ9;1;FALSE;FALSE;FALSE;-1.87604;116.199355;valid;adib.tamtama;;;;;hatimah hatimaj;0;0;0;;;pasar senaken rt 0 rw 0;;47;hatimah hatimaj pasar senaken rt 0 rw 0 kbli47;1;0;1;1;Aktif;Pasar senaken RT 0RW 0;P01;P01;;1;DONE 01/02 - 8.07 PM
14891;55045012;TOKO MAMA FADEL <SRI HERAWATI>;Pasar senaken, RT 0/RW 0;6401040009;64;1;40;9;KALIMANTAN TIMUR;PASER;TANAH GROGOT;JONE;eyJpdiI6IkJtcFlvSFNjdnVOMmI1QUo2WVNOY2c9PSIsInZhbHVlIjoiaG80b3U2alZ0Z1oyUXpRZVhJSnR3dz09IiwibWFjIjoiYjNlMThlMWU0MDI5YjNhMzUwNzA1NTMwYjUzZjU0NTQ4NTk5OGExNzVhNzViMWI1NDIzNmNjNjlhZDdlMGJmMCIsInRhZyI6IiJ9;;[Kegiatan Usaha: Menjual alat rumah tangga, Kategori: G, KBLI: 47862];;;;UMKM;;-1.92331598;116.195957;valid;eyJpdiI6IllQZjJQSUs3Qk8ya3Z4R1BVNURlZnc9PSIsInZhbHVlIjoicEU3dGNQOVJxaFppVVJZQ3k5d2U3Zz09IiwibWFjIjoiNDBlZjZjNWJkYjQ1OTcwYjhlYTgxY2IwMmIxZTdjYmY1OWJlNmUyODIyZmJkNWRmYTIzMzM4Mjk0ODMxN2ZmYSIsInRhZyI6IiJ9;1;FALSE;FALSE;FALSE;-1.92331598;116.195957;valid;adib.tamtama;;;;;mama fadel sri herawati;0;0;0;;;pasar senaken rt 0 rw 0;;47;mama fadel sri herawati pasar senaken rt 0 rw 0 kbli47;1;0;1;1;Aktif;Pasar senaken RT 0RW 0;P01;P01;;1;DONE 01/02 - 8.07 PM
14913;55071052;SAYUR SYAPRULLAH <SYAPRULLAH>;Pasar senaken, RT 0/RW 0;6401040016;64;1;40;16;KALIMANTAN TIMUR;PASER;TANAH GROGOT;SENAKEN;eyJpdiI6InJPdm1BM0taYVYyOTUySGlhNFJMclE9PSIsInZhbHVlIjoicWRGd0xlenN6L1FCOUJwa05VMy9aZz09IiwibWFjIjoiMWNiMjMwN2FkOGI4ZDlhMjA3OGFlMGIxN2JhOWM5OGYzYmU3MjIxMmY0NzNiZjQ2MDQzYWYzNGRmZjAwZjdjYyIsInRhZyI6IiJ9;;[Kegiatan Usaha: Menjual sayur eceran di lapak pasar, Kategori: G, KBLI: 47213];;;;UMKM;;-2.650131667;115.25431;valid;eyJpdiI6IjY3NWRldmZrM005UjN1UnlneTRKbHc9PSIsInZhbHVlIjoiWXpSZGVlZzFVQUJSUHc2YkJPUXp3UT09IiwibWFjIjoiNDM4MzVjMTM3MmUxMmEwYzRlNTQ3NTZhZGVlYjEwNmVmZmJkNzAxYmY5MjYwODhlZjk2ZjBmZmE2YzNjMmMzOSIsInRhZyI6IiJ9;1;FALSE;FALSE;FALSE;-2.650131667;115.25431;valid;adib.tamtama;;;;;sayur syaprullah syaprullah;0;0;0;;;pasar senaken rt 0 rw 0;;47;sayur syaprullah syaprullah pasar senaken rt 0 rw 0 kbli47;1;0;1;1;Aktif;Pasar senaken RT 0RW 0;P01;P01;;1;DONE 01/02 - 8.07 PM
14923;55101042;TOKO RISNA <RISNA NOVIANA>;PASAR SENAKEN, RT 0/RW 0;6401040009;64;1;40;9;KALIMANTAN TIMUR;PASER;TANAH GROGOT;JONE;eyJpdiI6Ik9zQlRKSHcxMUc3RGh0ZmlsamtTVFE9PSIsInZhbHVlIjoidW9LRXJMc0JoQXJxVW1tYURHdWppQT09IiwibWFjIjoiYjZlYWU3YWE2NzVjYjM0ZDAxNTIwZjFhNjc3ZGJlMzM4NWRkMjdhODE1ZDY2MjVlOGEwZTliOGJiYTYxNTk4NSIsInRhZyI6IiJ9;;[Kegiatan Usaha: MENJUAL PAKAIAN, Kategori: G, KBLI: 47711];;;;UMKM;;-1.933935197;116.164607;invalid;;;FALSE;FALSE;TRUE;;;invalid;;;;;;risna risna noviana;0;0;0;;;pasar senaken rt 0 rw 0;;47;risna risna noviana pasar senaken rt 0 rw 0 kbli47;1;0;1;1;Aktif;PASAR SENAKEN RT 0RW 0;P01;P01;;1;DONE 01/02 - 8.07 PM
14926;55154366;PECAH BELAH KHAERUL <KHAERUL UMAM NH>;Pasar senaken, RT 0/RW 0;6401040016;64;1;40;16;KALIMANTAN TIMUR;PASER;TANAH GROGOT;SENAKEN;eyJpdiI6IjdxbnoxK2J5YVNkSG1qemhsL2kwRmc9PSIsInZhbHVlIjoiRGpSMlBCY1d6VVI5SlBHZWFFcUpvZz09IiwibWFjIjoiZGZlNDU2MGMxNTc4ODQ1YWYzZmZiOGEwNWJiNzU2NTNlZTc4NGZhMzMyYjBkOWFhZTcwMGNiNjdiYjhhY2QwZiIsInRhZyI6IiJ9;;[Kegiatan Usaha: Menjual pecah belah di pasar, Kategori: G, KBLI: 47596];;;;UMKM;;-1.933935197;116.164607;invalid;;;FALSE;FALSE;TRUE;;;invalid;;;;;;pecah belah khaerul khaerul umam nh;0;0;0;;;pasar senaken rt 0 rw 0;;47;pecah belah khaerul khaerul umam nh pasar senaken rt 0 rw 0 kbli47;1;0;1;1;Aktif;Pasar senaken RT 0RW 0;P01;P01;;1;DONE 01/02 - 8.07 PM
14937;55103903;MUTEIMAH NIRMAYANG LESTARI;wil.pasar senaken, RT 0/RW 0;6401040016;64;1;40;16;KALIMANTAN TIMUR;PASER;TANAH GROGOT;SENAKEN;eyJpdiI6Ii9VZmpyYkFWQ3VjaXM4elRLRUdIWWc9PSIsInZhbHVlIjoiUWVHakJpdTFPOHVkRFRxZGJ5cHlxUT09IiwibWFjIjoiNzAxODQ2NzllN2Q4N2JkYmE3NWM4OWI1OWYxZWIyNzEzODI0ZjllOTUzNTg1YThjYjlmNTNmMThlN2NkYTY1YSIsInRhZyI6IiJ9;;[Kegiatan Usaha: menjual berbagai sayuran pelengkap, Kategori: G, KBLI: 47212];;;;UMKM;;-1.933935197;116.164607;invalid;;;FALSE;FALSE;TRUE;;;invalid;;;;;;muteimah nirmayang lestari;0;0;0;;;wil pasar senaken rt 0 rw 0;;47;muteimah nirmayang lestari wil pasar senaken rt 0 rw 0 kbli47;1;0;1;0;Aktif;wilpasar senaken RT 0RW 0;P01;P01;;1;DONE 01/02 - 8.07 PM
14938;55071536;IKAN ASIN AHMAD <AHMAD>;Pasar senaken, RT 0/RW 0;6401040016;64;1;40;16;KALIMANTAN TIMUR;PASER;TANAH GROGOT;SENAKEN;eyJpdiI6ImVCSEp6dGgxMVNQeGcyU29jZlB6MlE9PSIsInZhbHVlIjoiSDFCN0hxNHZxNUtZT2gzRjNUMHlPUT09IiwibWFjIjoiMWQ5YTkyZTUzNGRiMGI0YWJmMzgxYjc4OTgxMjFiYWNmMmQ5MjZlNzkxYTQxYTRiMTY3N2RjZDY1ZWM1OWQ4OSIsInRhZyI6IiJ9;;[Kegiatan Usaha: Menjual ikan asin eceran di lapak pasar, Kategori: G, KBLI: 47245];;;;UMKM;;-1.90629033;116.199502;valid;eyJpdiI6IndNOGM0ZjFEMnR3OFpBczEybUlmdVE9PSIsInZhbHVlIjoiMjRiZDBOQUROVTdNRU45dmp1L3d4Zz09IiwibWFjIjoiOTlmMjlkOTQ4OWJmZWY5ZjIwOTAzOGE1ZjkyNjNhZDJlZTk1MjVhY2FlZWJiYWZlYTE5YmE5MDU0MWM5ZjgyNyIsInRhZyI6IiJ9;1;FALSE;FALSE;FALSE;-1.90629033;116.199502;valid;adib.tamtama;;;;;ikan asin ahmad ahmad;0;0;0;;;pasar senaken rt 0 rw 0;;47;ikan asin ahmad ahmad pasar senaken rt 0 rw 0 kbli47;1;0;1;1;Aktif;Pasar senaken RT 0RW 0;P01;P01;;1;DONE 01/02 - 8.07 PM
14941;55125677;SAYURAN MIDA <MIDA>;Pasar senaken blok A, RT 0/RW 0;6401040016;64;1;40;16;KALIMANTAN TIMUR;PASER;TANAH GROGOT;SENAKEN;eyJpdiI6InV4Sk1Wa3AwajR5OGhQeS9rQXZTTUE9PSIsInZhbHVlIjoiR3JaVzhPWmMrWDQwU1lrRzFEOEwvdz09IiwibWFjIjoiNDFmNDg2M2ExMWY1ZWJlNWEwZTg5MmE0MDI5YmZiYWI4ODI2MGE3M2IyOGY1MWQ5ZDBkNzE2NDYyOTc0OWRjZCIsInRhZyI6IiJ9;;[Kegiatan Usaha: Menjual sayur eceran di lapak pasar, Kategori: G, KBLI: 47213];;;;UMKM;;-1.933935197;116.164607;invalid;;;FALSE;FALSE;TRUE;;;invalid;;;;;;sayuran mida mida;0;0;0;;;pasar senaken blok a rt 0 rw 0;;47;sayuran mida mida pasar senaken blok a rt 0 rw 0 kbli47;1;0;1;1;Aktif;Pasar senaken blok A RT 0RW 0;P01;P01;;1;DONE 01/02 - 8.07 PM
14948;55098233;TOKO REZA <REZA>;Pasar senaken, RT 0/RW 0;6401040009;64;1;40;9;KALIMANTAN TIMUR;PASER;TANAH GROGOT;JONE;eyJpdiI6ImxVSi9ncVZOTWFOR0lwbzMwRVYxZ0E9PSIsInZhbHVlIjoidWVuSDJtR2wwbEZuZDlCbjFKOVBKdz09IiwibWFjIjoiNTRlNDQyN2NjY2E3ZDE3MTYzYjM2OWQ4ODQ5MThmNDgxNmE5OGExOTJhNTM1YTlhNGJiODk0Y2M4OGMyMTYyOCIsInRhZyI6IiJ9;;[Kegiatan Usaha: Menjual Tas, Kategori: G, KBLI: 47714];;;;UMKM;;-1.896723333;116.2112567;valid;eyJpdiI6IldrWWFxY09JZ3czbVJCMGdURVhxcHc9PSIsInZhbHVlIjoiZlUrR3hEek9aemhZa281NHhCRkIwUT09IiwibWFjIjoiYTU3MDQwNzhkMjQ1MzU4YjQ1NzVlNWQ2YTYwYWY3NGE2MjRlMWVjY2E5ODExNjhjZTFmZTFiMmY2ODVkODZmMCIsInRhZyI6IiJ9;1;FALSE;FALSE;FALSE;-1.896723333;116.2112567;valid;adib.tamtama;;;;;reza reza;0;0;0;;;pasar senaken rt 0 rw 0;;47;reza reza pasar senaken rt 0 rw 0 kbli47;1;0;1;1;Aktif;Pasar senaken RT 0RW 0;P01;P01;;1;DONE 01/02 - 8.07 PM
14950;55265044;SEMBAKO RAIHANI <RAIHANI>;Pasar senaken, RT 0/RW 0;6401040016;64;1;40;16;KALIMANTAN TIMUR;PASER;TANAH GROGOT;SENAKEN;eyJpdiI6Im9wcTdzcUZKMHNpMTkwR1pxU05QUHc9PSIsInZhbHVlIjoiYnhuR1NjZGF4TGRRRTRQb1MxYlZldz09IiwibWFjIjoiYjFjMzQyMmNmODcyNDlkYWRkNjMyZjc3Njk5NjEyMjAyNzYwZWIxMjhhNTlmZjg5MmViYWI0MGQ2NDQzMzZiZSIsInRhZyI6IiJ9;;[Kegiatan Usaha: Menjual sembako eceran di pasar, Kategori: G, KBLI: 47112];;;;UMKM;;-1.933935197;116.164607;invalid;;;FALSE;FALSE;TRUE;;;invalid;;;;;;sembako raihani raihani;0;0;0;;;pasar senaken rt 0 rw 0;;47;sembako raihani raihani pasar senaken rt 0 rw 0 kbli47;1;0;1;1;Aktif;Pasar senaken RT 0RW 0;P01;P01;;1;DONE 01/02 - 8.07 PM
14951;55069374;TOKO TATI <SAPRIYATI>;Pasar senaken, RT 0/RW 0;6401040009;64;1;40;9;KALIMANTAN TIMUR;PASER;TANAH GROGOT;JONE;eyJpdiI6IitEQ0tmMjFsdjNndEM2WEFtUzlIZmc9PSIsInZhbHVlIjoiTi9sUWJHbWduT2Fscm9WMzlYbUIxQT09IiwibWFjIjoiMmQyYzgzMjAwMTVjMGI1ZTUwNjc2MWQwMzBhZTg1NDI2NDQxNzljMWFmMTEyN2JkN2E2YTYxMTUzMTRmZTNjZiIsInRhZyI6IiJ9;;[Kegiatan Usaha: Menjaul pakaian, Kategori: G, KBLI: 47711];;;;UMKM;;-1.933935197;116.164607;invalid;;;FALSE;FALSE;TRUE;;;invalid;;;;;;tati sapriyati;0;0;0;;;pasar senaken rt 0 rw 0;;47;tati sapriyati pasar senaken rt 0 rw 0 kbli47;1;0;1;1;Aktif;Pasar senaken RT 0RW 0;P01;P01;;1;DONE 01/02 - 8.07 PM
14960;55181179;WAHYU WIDAYAT <WAHYU HIDAYAT>;Pasar senaken, RT 0/RW 0;6401040016;64;1;40;16;KALIMANTAN TIMUR;PASER;TANAH GROGOT;SENAKEN;eyJpdiI6IkovYlFYV1lxdC9RejZaWmxMcmNHS3c9PSIsInZhbHVlIjoibWNObjJtRTdMamczSEFiQVYyNW1EUT09IiwibWFjIjoiZDdkMGI0NWIzZDgwOGEzOGMwMTk1ODE3ZmRhZmRlMDBmMTAwMzBmMWQ5YzViOGNjMmI3YTAxNTgzZmQ2NDZmNiIsInRhZyI6IiJ9;;[Kegiatan Usaha: Warung makan, Kategori: I, KBLI: 56102];;;;UMKM;;-1.89158065;116.2008626;valid;eyJpdiI6IlRuWkM0RmJtNTR5NXVFWHlDOVdvd3c9PSIsInZhbHVlIjoicWNHUWIzQ2pQWmxveDFKSGR0QVNLZz09IiwibWFjIjoiMjI3NTJiYmQ1NmY3OWUyODg4NmRjMjNiNzEzNTkzODBkNzQyNDY2YTFjYTExZTgxOTE2Nzk3ZmJjZDQ1ODIyZSIsInRhZyI6IiJ9;1;TRUE;TRUE;FALSE;-1.89158065;116.2008626;valid;raka.prawira;;;;;wahyu widayat wahyu hidayat;0;0;0;;;pasar senaken rt 0 rw 0;;56;wahyu widayat wahyu hidayat pasar senaken rt 0 rw 0 kbli56;1;0;1;1;Aktif;Pasar senaken RT 0RW 0;P01;P01;;1;DONE 01/02 - 8.07 PM
14965;55207008;TOKO SEJAHTRA <M. RIFAI>;Pasar senaken, RT 0/RW 0;6401040009;64;1;40;9;KALIMANTAN TIMUR;PASER;TANAH GROGOT;JONE;eyJpdiI6ImpZNkgrM1dHdlJzTHArQmZ3dWc2Wnc9PSIsInZhbHVlIjoid2J2L08wRGxZWUhNckl1L0IrRjZxQT09IiwibWFjIjoiODk0Mjg4ZmRlZWIwNGQ5ZmJlNmYyZjhkZTE2ODc3N2RmZGJiNmEzNGYzNDY3ZmVhZTEzYTYxYmMyMmQ3MWQ1YyIsInRhZyI6IiJ9;;[Kegiatan Usaha: Menjual jam, Kategori: G, KBLI: 47853];;;;UMKM;;-1.933935197;116.164607;invalid;;;FALSE;FALSE;TRUE;;;invalid;;;;;;sejahtra m rifai;0;0;0;;;pasar senaken rt 0 rw 0;;47;sejahtra m rifai pasar senaken rt 0 rw 0 kbli47;1;0;1;1;Aktif;Pasar senaken RT 0RW 0;P01;P01;;1;DONE 01/02 - 8.07 PM
14967;55237585;KAFITRIANA;Pasar senaken, RT 0/RW 0;6401040004;64;1;40;4;KALIMANTAN TIMUR;PASER;TANAH GROGOT;TANAH GROGOT;eyJpdiI6InNxUGVEUTQ5ZzdrYzVKNWFSTUFoMUE9PSIsInZhbHVlIjoic3FNb2VsWGErMFloYzArVGpUSjBXdz09IiwibWFjIjoiODg0M2ZiZGYzMmQzMTkzNmE0NzBjMzNmMTNiNGY3MzY5ZTBjOTNlZTQxMDU5ODE5MzM3ZjhiYzJhMWI5NTI3NSIsInRhZyI6IiJ9;;[Kegiatan Usaha: Penjual kue, Kategori: G, KBLI: 47242];;;;UMKM;;-1.933935197;116.164607;invalid;;;FALSE;FALSE;TRUE;;;invalid;;;;;;kafitriana;0;0;0;;;pasar senaken rt 0 rw 0;;47;kafitriana pasar senaken rt 0 rw 0 kbli47;1;0;1;0;Aktif;Pasar senaken RT 0RW 0;P01;P01;;1;DONE 01/02 - 8.07 PM
14971;55153514;TELUR SARI <SARI>;Pasar senaken, RT 0/RW 0;6401040016;64;1;40;16;KALIMANTAN TIMUR;PASER;TANAH GROGOT;SENAKEN;eyJpdiI6IjRVUTZQNEFwZ3lvMHJmMmlGZ3RES3c9PSIsInZhbHVlIjoiSFY3M0hzbjZwQndWaW9hWWkwWnVuZz09IiwibWFjIjoiNGZmNDJlOTk0YTFhM2E4MWJlZDU5MzYxNzJkNmVlN2ZjM2JkZDkyOTBlZWE0N2ExNWFhMzZlZjJhOGRlZWY4NyIsInRhZyI6IiJ9;;[Kegiatan Usaha: Menjual telur di pasar, Kategori: G, KBLI: 47214];;;;UMKM;;-1.906348333;116.2338383;valid;;;FALSE;FALSE;TRUE;;;invalid;;;;;;telur sari sari;0;0;0;;;pasar senaken rt 0 rw 0;;47;telur sari sari pasar senaken rt 0 rw 0 kbli47;1;0;1;1;Aktif;Pasar senaken RT 0RW 0;P01;P01;;1;DONE 01/02 - 8.07 PM
14974;55124531;SURIANI;Pasar senaken, RT 0/RW 0;6401040016;64;1;40;16;KALIMANTAN TIMUR;PASER;TANAH GROGOT;SENAKEN;eyJpdiI6InpOV29nd0FkSmpVSEpvdFFxYzQwVEE9PSIsInZhbHVlIjoiT0VCL1ZJUllMelFjTmFnQ1FPSzJWUT09IiwibWFjIjoiNjhjZDdiMzM0NTJiMGVjMWMwMjE3YmYxYjUwODgwNDVjMmRjYzg0ZTA2OGFhMzZlOTk0NDIzNTQyOTllNDczZiIsInRhZyI6IiJ9;;[Kegiatan Usaha: Menjual pakaian, Kategori: G, KBLI: 47711];;;;UMKM;;-1.933935197;116.164607;invalid;;;FALSE;FALSE;TRUE;;;invalid;;;;;;suriani;0;0;0;;;pasar senaken rt 0 rw 0;;47;suriani pasar senaken rt 0 rw 0 kbli47;1;0;1;0;Aktif;Pasar senaken RT 0RW 0;P01;P01;;1;DONE 01/02 - 8.07 PM
14976;55156005;UDANG MOH ISKANDAR <MOH. ISKANDAR>;Pasar senaken blok c, RT 0/RW 0;6401040016;64;1;40;16;KALIMANTAN TIMUR;PASER;TANAH GROGOT;SENAKEN;eyJpdiI6IitySTV0UmsrYmpaa1pqRTQ1OFc0d2c9PSIsInZhbHVlIjoicnd0Y0d6dXhETjRVcnpKTUVYZytUZz09IiwibWFjIjoiY2YyZTk3M2M0ZDc2ZDZjZTM2MTBkZTE1ZTU1NDU2Y2Y1M2VlZDIyZjRhNTk5ZmFjNTlkYTNkNWY1OWE0MzhlOSIsInRhZyI6IiJ9;;[Kegiatan Usaha: Menjual udang eceran di pasar, Kategori: G, KBLI: 47215];;;;UMKM;;-1.91843179;116.1967691;valid;;;FALSE;FALSE;TRUE;;;invalid;;;;;;udang moh iskandar moh iskandar;0;0;0;;;pasar senaken blok c rt 0 rw 0;;47;udang moh iskandar moh iskandar pasar senaken blok c rt 0 rw 0 kbli47;1;0;1;1;Aktif;Pasar senaken blok c RT 0RW 0;P01;P01;;1;DONE 01/02 - 8.07 PM
15000;55154706;TOKO ABI <HASBI>;Pasar senaken, RT 0/RW 0;6401040009;64;1;40;9;KALIMANTAN TIMUR;PASER;TANAH GROGOT;JONE;eyJpdiI6IjFscExMVUR3TS9ZLzdoOWR2QkhKTkE9PSIsInZhbHVlIjoib2hwTkdEYkt2S0g3VVI2L3BweXVxUT09IiwibWFjIjoiNTIwOWRlNTI4MTFhYmUyOTE0MGMyYWYzNTY2MTg4ZDVkZWU4NmExMTdmZDcxMjQ3OWJiYjIwMzc3ZjVjMDhiMyIsInRhZyI6IiJ9;;[Kegiatan Usaha: Menjual pakaian, Kategori: G, KBLI: 47711];;;;UMKM;;-1.905831667;116.2350483;valid;eyJpdiI6IlBvSys5WDJ4ZVhqRklnSnhRbE5mRlE9PSIsInZhbHVlIjoidDU2K3Z3cUlaLzNlanYzcFZ0TUJoUT09IiwibWFjIjoiN2EzZTVmYzY1ZGQ0MTNkNGE4MmNkMjgwMjliYTJhMGY2YzlmY2ZjYjY4OTExMDJhMDhjZGJjODdjZWFhYWEzNCIsInRhZyI6IiJ9;1;TRUE;TRUE;FALSE;-1.905831667;116.2350483;valid;raka.prawira;;;;;abi hasbi;0;0;0;;;pasar senaken rt 0 rw 0;;47;abi hasbi pasar senaken rt 0 rw 0 kbli47;1;0;1;1;Aktif;Pasar senaken RT 0RW 0;P01;P01;;1;DONE 01/02 - 8.07 PM
15005;55157286;TK. MAMA IHSAN <MARTINI>;Pasar senaken, RT 0/RW 0;6401040016;64;1;40;16;KALIMANTAN TIMUR;PASER;TANAH GROGOT;SENAKEN;eyJpdiI6IkQySmNxQ1IxVmYzRUlMbkVPaVhPS2c9PSIsInZhbHVlIjoiU3FKdGhGOGxxc2ZBeHMvQm9PZ05vQT09IiwibWFjIjoiZjk2MWMzNDUxYTBjOGFhMDYwY2VkZDE3MDdlYzk5ZTVlNGVkYmY3ZDQxNDE0ODdhNjY0OGUzNTQ1YmE3N2IzYSIsInRhZyI6IiJ9;;[Kegiatan Usaha: Menjual tas, Kategori: G, KBLI: 47714];;;;UMKM;;-1.933935197;116.164607;invalid;;;FALSE;FALSE;TRUE;;;invalid;;;;;;tk mama ihsan martini;0;0;0;;;pasar senaken rt 0 rw 0;;47;tk mama ihsan martini pasar senaken rt 0 rw 0 kbli47;1;0;1;1;Aktif;Pasar senaken RT 0RW 0;P01;P01;;1;DONE 01/02 - 8.07 PM
15020;55126733;SAMSUL ANWAR <SAIFUL ANWAR>;Pasar senaken, RT 0/RW 0;6401040016;64;1;40;16;KALIMANTAN TIMUR;PASER;TANAH GROGOT;SENAKEN;eyJpdiI6Ik9mS3NNeGtxR3EzaDIrbFNlYTRJSFE9PSIsInZhbHVlIjoiQjZZQTUydzZEV2xrbWRwRHd0VjN4UT09IiwibWFjIjoiOTczYzcwN2FjYWUxMzRhYjEwZjMyYWVhNmJiOGU5OWQ4YWVkMzEyZDA4ZGVjNjA1NjFiMWU0MDIzNTE4MWFmMiIsInRhZyI6IiJ9;;[Kegiatan Usaha: Menjual Pakaian, Kategori: G, KBLI: 47711];;;;UMKM;;-1.90477422;116.2094072;valid;eyJpdiI6IklnK0dYRnBLLy9uTDFLcS8wczVaRXc9PSIsInZhbHVlIjoicG5BSmFZbnJ3bDFRd0packlZQ2RnUT09IiwibWFjIjoiNGIzODkxYjRhNDNhZmE4ODA3ZjY0YjM4OGI1OGY2YmYwMDcxMTRlODJkYjVhY2UwZTY3MzYzYTVlODI0YzVmZCIsInRhZyI6IiJ9;1;TRUE;TRUE;FALSE;-1.90477422;116.2094072;valid;raka.prawira;;;;;samsul anwar saiful anwar;0;0;0;;;pasar senaken rt 0 rw 0;;47;samsul anwar saiful anwar pasar senaken rt 0 rw 0 kbli47;1;0;1;1;Aktif;Pasar senaken RT 0RW 0;P01;P01;;1;DONE 01/02 - 8.07 PM
15025;55074976;SAYUR TURYANI <TURYANI>;Pasar senaken blok A, RT 0/RW 0;6401040016;64;1;40;16;KALIMANTAN TIMUR;PASER;TANAH GROGOT;SENAKEN;eyJpdiI6IlduU2NFUUJZUFpjblJLRUpqQmZYdkE9PSIsInZhbHVlIjoiVmRqRDhvVVZCc0kzdlNDcm1ZRXRodz09IiwibWFjIjoiMmRiYjM2MzY5NGRiYzMxOTMyNjRkZTNhMWYxZDA4ZTVkOTU0MWY4ODc4NmVmNzY3MWQ1MjViNzEyNmM4NmY2NyIsInRhZyI6IiJ9;;[Kegiatan Usaha: Menjual sayur di los pasar, Kategori: G, KBLI: 47213];;;;UMKM;;-1.842224307;116.2410677;valid;eyJpdiI6InpRTkI2TmlQNmp2SUdlcmlaeTdLZHc9PSIsInZhbHVlIjoiWlZGOWJraGhuUnpxT3RXekpXZGRTUT09IiwibWFjIjoiYmE1MThkYzM1MjFiZDBkMmJhZDRhNTk5MTg4YzgwMzFkNzAzYThkNDcwYzMxY2JkNzBlMDI5YzVjMDdiMDg3NCIsInRhZyI6IiJ9;1;TRUE;TRUE;FALSE;-1.842224307;116.2410677;valid;raka.prawira;;;;;sayur turyani turyani;0;0;0;;;pasar senaken blok a rt 0 rw 0;;47;sayur turyani turyani pasar senaken blok a rt 0 rw 0 kbli47;1;0;1;1;Aktif;Pasar senaken blok A RT 0RW 0;P01;P01;;1;DONE 01/02 - 8.07 PM
15026;55236530;TOKO NINIK <NINIK SUMARNI>;Pasar senaken, RT 0/RW 0;6401040009;64;1;40;9;KALIMANTAN TIMUR;PASER;TANAH GROGOT;JONE;eyJpdiI6IjhNZ2xTcEs5WDF0WUJLTGMwalRZekE9PSIsInZhbHVlIjoiN0ZXdkFHUEtKYVRuV0wyQmF6ZTJPZz09IiwibWFjIjoiZGJlMTAwNjUyYWNjM2IzNmFiODNkMmQ0M2ExYTQ4YzFlYzljYThlZDg1NjcyYTBmODM0MjAzZDc2YTg4ZWRmMCIsInRhZyI6IiJ9;;[Kegiatan Usaha: Menjual pakaian, Kategori: G, KBLI: 47711];;;;UMKM;;-1.91917;116.1900867;valid;eyJpdiI6Ilk5UnZkMVNPV0R6YWVtaXhuQnVSM1E9PSIsInZhbHVlIjoiSEJ6dkR0RlUwYWVSYlBudEhTTVRPUT09IiwibWFjIjoiYjhjNmY2NGRhMjkxNjVlNzVkNDY3ZTg2ZjZlYzM3ZjVkZTE4NGI1NTkwYzc2MjFkY2I0NTFjYmU0Nzc0ODRlZCIsInRhZyI6IiJ9;1;TRUE;TRUE;FALSE;-1.91917;116.1900867;valid;raka.prawira;;;;;ninik ninik sumarni;0;0;0;;;pasar senaken rt 0 rw 0;;47;ninik ninik sumarni pasar senaken rt 0 rw 0 kbli47;1;0;1;1;Aktif;Pasar senaken RT 0RW 0;P01;P01;;1;DONE 01/02 - 8.07 PM
15033;55265147;SEMBAKO SUROTO <SUROTO>;Pasar senaken blok A, RT 0/RW 0;6401040016;64;1;40;16;KALIMANTAN TIMUR;PASER;TANAH GROGOT;SENAKEN;eyJpdiI6IjVPd0VVdW1hcndVRGdzNnlPNlBoNXc9PSIsInZhbHVlIjoiR29hZ09LTlIrandEVWJNWmJuQVpHdz09IiwibWFjIjoiZWU2NDMyYzU3OTU0YjMzYzU0ZDY2MzQxMGEwOTdjNTBkNDk3ODQ4OWY4NDZmMzc0NjUzYWMwMWY2ZDExZjkxMiIsInRhZyI6IiJ9;;[Kegiatan Usaha: Menjual sembako eceran  di los pasar, Kategori: G, KBLI: 47112];;;;UMKM;;-1.842224307;116.2410677;valid;;;FALSE;FALSE;TRUE;;;invalid;;;;;;sembako suroto suroto;0;0;0;;;pasar senaken blok a rt 0 rw 0;;47;sembako suroto suroto pasar senaken blok a rt 0 rw 0 kbli47;1;0;1;1;Aktif;Pasar senaken blok A RT 0RW 0;P01;P01;;1;DONE 01/02 - 8.07 PM
15050;55121297;TOKO RIZKY <MASLIYANA>;PASAR SENAKEN, RT 0/RW 0;6401040009;64;1;40;9;KALIMANTAN TIMUR;PASER;TANAH GROGOT;JONE;eyJpdiI6Ilpwa0E5QWQxYlNESkd0dDE4OER0cFE9PSIsInZhbHVlIjoiLy9YSzAwR3hadi9YYmRqTFJVVXQyUT09IiwibWFjIjoiY2MwNGRjOWZiNGEwYjRlODBkNWViOWVjZDU5MjU3YTczNTEyM2E3OGY4ZGNiYTNkMjFmZTkwOTM3NWM3Zjg3NyIsInRhZyI6IiJ9;;[Kegiatan Usaha: MENJUAL SEPATU, Kategori: G, KBLI: 47712];;;;UMKM;;-1.9218293;116.1965551;valid;eyJpdiI6InpOcW5LZEl5ZnFucGIyVVFoV1QrT3c9PSIsInZhbHVlIjoiNEQvYkIzWGErclJiaWd1aW1lcVZJQT09IiwibWFjIjoiYmI4M2FmYTg4NWNhYzZkMTY2ZjQzODk1YTRmNDhiZmU3ODZiY2JhNGFhNzIxMmM3MDJlMDdjNWE0MTMwNWUwZiIsInRhZyI6IiJ9;1;TRUE;TRUE;FALSE;-1.9218293;116.1965551;valid;raka.prawira;;;;;rizky masliyana;0;0;0;;;pasar senaken rt 0 rw 0;;47;rizky masliyana pasar senaken rt 0 rw 0 kbli47;1;0;1;1;Aktif;PASAR SENAKEN RT 0RW 0;P01;P01;;1;DONE 01/02 - 8.07 PM
15052;55046580;TOKO HARIS <HARIS PADILAH>;Pasar senaken, RT 0/RW 0;6401040009;64;1;40;9;KALIMANTAN TIMUR;PASER;TANAH GROGOT;JONE;eyJpdiI6Ijl2K1pBQmVKeTVhSkNhaXFyeHZwN2c9PSIsInZhbHVlIjoiMStRVnRlNmRTa09lV1hzTUgrOGlDZz09IiwibWFjIjoiNDQwNjE1MTg1Zjk3ZGUxMTg3NTQxZGM2NGI1ZTJhZjI3NGZiZTliNTg3ZWYzNzc0NTcxYTlmMjllNTdkNTdmZiIsInRhZyI6IiJ9;;[Kegiatan Usaha: Menjual pakaian, Kategori: G, KBLI: 47711];;;;UMKM;;-1.917915;116.1992533;valid;eyJpdiI6InMxL0JFdXp2MkE1WWlnR1R6ZXNiV1E9PSIsInZhbHVlIjoiZ0YrZkV1RlZndGZCWWJMZmUwZ01WQT09IiwibWFjIjoiNDlkODAzYTZmNzYwMWE2MDIzZGU4M2ZiNWJmOGNjOTExZTBjMTg1NDJkNzM1OWRiMGI3YjQwZTBjOWU3YmMyOSIsInRhZyI6IiJ9;1;TRUE;TRUE;FALSE;-1.917915;116.1992533;valid;raka.prawira;;;;;haris haris padilah;0;0;0;;;pasar senaken rt 0 rw 0;;47;haris haris padilah pasar senaken rt 0 rw 0 kbli47;1;0;1;1;Aktif;Pasar senaken RT 0RW 0;P01;P01;;1;DONE 01/02 - 8.07 PM
15054;55209194;MUHAMMAD MADANI;Wil. Pasar senaken, RT 0/RW 0;6401040016;64;1;40;16;KALIMANTAN TIMUR;PASER;TANAH GROGOT;SENAKEN;eyJpdiI6IkFLSVN0ajdVajlxUUpyS01oTVp4WVE9PSIsInZhbHVlIjoiUHlVMlEvazFFbHlZclMvNHczUjZCZz09IiwibWFjIjoiMDdkY2EwMDUxYjViM2FjMDdmY2VkZDBlMGM3MWRlNzVhYTU1MmZjN2FjZjgwMzMwMzdlMDA1MjBhMmFiMWY0MiIsInRhZyI6IiJ9;;[Kegiatan Usaha: Menjual ikan dan ayam, Kategori: G, KBLI: 47215];;;;UMKM;;-1.901018333;116.2035183;valid;eyJpdiI6IjlOdTZRT0pVSGEzS2R0VVNsbXNrcHc9PSIsInZhbHVlIjoidkxJTW1xQUVuYmJHdGtrTVQwME54Zz09IiwibWFjIjoiYjJjZDM1MzI3MjJhOGIwNGM2MDVkY2VhYTEzYzFjYmEyN2E5YzM3ZjlhMDUwZDU4YmI4NTBmM2ZlMGQ0NGZiYiIsInRhZyI6IiJ9;1;TRUE;TRUE;FALSE;-1.901018333;116.2035183;valid;raka.prawira;;;;;muhammad madani;0;0;0;;;wil pasar senaken rt 0 rw 0;;47;muhammad madani wil pasar senaken rt 0 rw 0 kbli47;1;0;1;0;Aktif;Wil Pasar senaken RT 0RW 0;P01;P01;;1;DONE 01/02 - 8.07 PM
15057;55077499;TOKO MM. PUTRI <SITI PATIMAH>;Pasar senaken, RT 0/RW 0;6401040009;64;1;40;9;KALIMANTAN TIMUR;PASER;TANAH GROGOT;JONE;eyJpdiI6InkzaGNkcWFiRyszNURzYjBaTFNYTmc9PSIsInZhbHVlIjoieDRWMUt5cFZHOExmVjd4YmsvdUFKUT09IiwibWFjIjoiNWY1MTE1NjNkNDI3MjE4MmUyYTdlNDgyOTI3NmQ2OWU4MWVlODM1YmYwMDA0N2VkOTIzMGI3YjQ3NDMwYWNkNiIsInRhZyI6IiJ9;;[Kegiatan Usaha: MENJUAL PAKAIAN, Kategori: G, KBLI: 47711];;;;UMKM;;-2.423267298;115.2678248;valid;eyJpdiI6IlRweTFoZEYwUTFHbHJPVWdROGdlTVE9PSIsInZhbHVlIjoibXFIZm1waW9WcjZ0QVBIditMWXBrUT09IiwibWFjIjoiMTZkYTNkODU5YTc2MmIwZDY2ZTgxZTg2MWFjMmE3YmRhNWY2YmY5NzlkMTA4NTY2ZTFjN2JlYzEwMDE2NDRmNiIsInRhZyI6IiJ9;1;TRUE;TRUE;FALSE;-2.423267298;115.2678248;valid;raka.prawira;;;;;mm putri siti patimah;0;0;0;;;pasar senaken rt 0 rw 0;;47;mm putri siti patimah pasar senaken rt 0 rw 0 kbli47;1;0;1;1;Aktif;Pasar senaken RT 0RW 0;P01;P01;;1;DONE 01/02 - 8.07 PM
15064;55098223;TK. BAROKAH <MUJIBURRAHMAM>;Pasar senaken, RT 0/RW 0;6401040016;64;1;40;16;KALIMANTAN TIMUR;PASER;TANAH GROGOT;SENAKEN;eyJpdiI6Ijd2b0RlVTZRNkxQbjcxVGwyZ1BFSGc9PSIsInZhbHVlIjoiZGsvS1k3QWE2ZFVVSGtFdk9OS1pwdz09IiwibWFjIjoiNjI3MzExZmZhOWE4NWJjMTQ0M2UzYzQ2MjAyMDViN2IyZjljYTYxMDBkNDA3YzQ4YjI4OTAwY2I1YmM4ZWM0ZSIsInRhZyI6IiJ9;;[Kegiatan Usaha: Menjual pakaian, Kategori: G, KBLI: 47711];;;;UMKM;;-2.253496272;115.3164891;valid;;;FALSE;FALSE;TRUE;;;invalid;;;;;;tk barokah mujiburrahmam;0;0;0;;;pasar senaken rt 0 rw 0;;47;tk barokah mujiburrahmam pasar senaken rt 0 rw 0 kbli47;1;0;1;1;Aktif;Pasar senaken RT 0RW 0;P01;P01;;1;DONE 01/02 - 8.07 PM
15069;55153065;TK.ATI JAYA <NORHAYATI>;Pasar senaken, RT 0/RW 0;6401040016;64;1;40;16;KALIMANTAN TIMUR;PASER;TANAH GROGOT;SENAKEN;eyJpdiI6IlNIOXBWWS9KaWlvVVZaMklQNmhIVFE9PSIsInZhbHVlIjoiekhVdzExY1dtZEVCWUJKblVsK0xxZz09IiwibWFjIjoiZjFlM2NmNTFlOTliNGIzZmI4ZmVkODUyOGQ4OWEzNDdkYzJiMmViZTEwNTAzZWFjNjI5MTkwNTM1NTc4Y2JmYSIsInRhZyI6IiJ9;;[Kegiatan Usaha: Menjual  sepatu, Kategori: G, KBLI: 47833];;;;UMKM;;-1.9206755;116.1892555;valid;eyJpdiI6ImdBYnl2N3A2U0htRHdmY1ZMa3BYWkE9PSIsInZhbHVlIjoiREFFbnpjUTd4cnNOWTlDd1NIWFNIdz09IiwibWFjIjoiNWJiOGUzMmMyZjdmMGIyZjk4NWYyMGJlODYwN2FhZTU2NzkyYTIzMWEwODQyZGE4MDIwYWM0ZDllMTIxNGU1ZSIsInRhZyI6IiJ9;1;TRUE;TRUE;FALSE;-1.9206755;116.1892555;valid;raka.prawira;;;;;tk ati jaya norhayati;0;0;0;;;pasar senaken rt 0 rw 0;;47;tk ati jaya norhayati pasar senaken rt 0 rw 0 kbli47;1;0;1;1;Aktif;Pasar senaken RT 0RW 0;P01;P01;;1;DONE 01/02 - 8.07 PM
15071;55073765;TOKO SABILA <DJIYO  JIANTO>;Pasar senaken, RT 0/RW 0;6401040009;64;1;40;9;KALIMANTAN TIMUR;PASER;TANAH GROGOT;JONE;eyJpdiI6IkVTblY4dnp0K1lQZGpsTVpVWm9ub3c9PSIsInZhbHVlIjoibUprODROSTR4UFBMbWpIMjZNRGV6QT09IiwibWFjIjoiYTYzOTNlNzkxNGMxMzE3ZDEwMDU5M2JlODMzN2EzMzg1OTQ0ODAxZWNjMDc2MTdkZjcyZDE0ZTBhNjRiZGE2OSIsInRhZyI6IiJ9;;[Kegiatan Usaha: Menjual pakaian, Kategori: G, KBLI: 47711];;;;UMKM;;-1.911982;116.1972675;valid;eyJpdiI6InlubUdTUzdRMkZENTErMHY0Z0w5Tmc9PSIsInZhbHVlIjoiMGwvbVUzaE5HemJuN0UvRjY0eUw2UT09IiwibWFjIjoiOTM0ZGIxOWE2YzIwZTE0ZDQ2YTQ5NDM1NWQ2YmNjMWI2YzFiYzk4YTViMWY4NDEzZjczMGJjM2JmZGExM2FmMyIsInRhZyI6IiJ9;1;TRUE;TRUE;FALSE;-1.911982;116.1972675;valid;raka.prawira;;;;;sabila djiyo jianto;0;0;0;;;pasar senaken rt 0 rw 0;;47;sabila djiyo jianto pasar senaken rt 0 rw 0 kbli47;1;0;1;1;Aktif;Pasar senaken RT 0RW 0;P01;P01;;1;DONE 01/02 - 8.07 PM
15075;55240056;PECAH BELAH KARDIN <KARDIN>;Pasar senaken, RT 0/RW 0;6401040016;64;1;40;16;KALIMANTAN TIMUR;PASER;TANAH GROGOT;SENAKEN;eyJpdiI6InJNSW10NnpqQmdSU29HcUlVTmlrQkE9PSIsInZhbHVlIjoicnBaYUdLMENTVUU0MFlrUWZHNFZKdz09IiwibWFjIjoiNzdjNzE0MDZhMDg0MjMwODNmNmQ0ZTE0NDE2ODFjYmZhODQ3YjkwMWE4MDk3YzVhMTE0MzAyYzUyMTA1ZTgyYSIsInRhZyI6IiJ9;;[Kegiatan Usaha: Menjual barang pecah belah di pasar, Kategori: G, KBLI: 47596];;;;UMKM;;-1.933935197;116.164607;invalid;;;FALSE;FALSE;TRUE;;;invalid;;;;;;pecah belah kardin kardin;0;0;0;;;pasar senaken rt 0 rw 0;;47;pecah belah kardin kardin pasar senaken rt 0 rw 0 kbli47;1;0;1;1;Aktif;Pasar senaken RT 0RW 0;P01;P01;;1;DONE 01/02 - 8.07 PM
15079;55181305;WARUNG MAKAN BAHRIAH <BAHRIAH>;Pasar senaken, RT 0/RW 0;6401040016;64;1;40;16;KALIMANTAN TIMUR;PASER;TANAH GROGOT;SENAKEN;eyJpdiI6InlSakxHZWxJMzA5UW5rdEx0MVh3ZkE9PSIsInZhbHVlIjoibmhKRFpVRGtVNjZSZUJLQjNnZjRLUT09IiwibWFjIjoiZWYyYjUyMjdjZTMwYmM2MmMzYjBkN2Y0YzJjMzQ3ZDA5YjA1OTI4NjRhYzQ3NDFkMjBkNDk3OTY2MDI5NjZhNSIsInRhZyI6IiJ9;;[Kegiatan Usaha: Menjual makanan jadi eceran di pasar, Kategori: I, KBLI: 56102];;;;UMKM;;-1.898029983;116.2125084;valid;;;FALSE;FALSE;TRUE;;;invalid;;;;;;makan bahriah bahriah;0;0;0;;;pasar senaken rt 0 rw 0;;56;makan bahriah bahriah pasar senaken rt 0 rw 0 kbli56;1;0;1;1;Aktif;Pasar senaken RT 0RW 0;P01;P01;;1;DONE 01/02 - 8.07 PM
15080;55121060;KAISAR MEGA MAINAN <IRISNAWATI>;Pasar senaken blok warung makan, RT 0/RW 0;6401040016;64;1;40;16;KALIMANTAN TIMUR;PASER;TANAH GROGOT;SENAKEN;eyJpdiI6Ik44TE1FVy9RZC9EcVpka1ozUEMwWFE9PSIsInZhbHVlIjoiWXFnNU5WZTRhVTZ4NWkvQjVBSUNsZz09IiwibWFjIjoiOWY1ODYzMjBmYjI3NjRkMjE4NjM4ZjVjZDBiM2M4ZmZhODFhY2I2MTRlYjE1MGZiMjM3ODg4Y2NhOWY1ZTc5YyIsInRhZyI6IiJ9;;[Kegiatan Usaha: Menjual mainan anak anak di toko, Kategori: G, KBLI: 47640];;;;UMKM;;-1.933935197;116.164607;invalid;;;FALSE;FALSE;TRUE;;;invalid;;;;;;kaisar mega mainan irisnawati;0;0;0;;;pasar senaken blok warung makan rt 0 rw 0;;47;kaisar mega mainan irisnawati pasar senaken blok warung makan rt 0 rw 0 kbli47;1;0;1;1;Aktif;Pasar senaken blok warung makan RT 0RW 0;P01;P01;;1;DONE 01/02 - 8.07 PM
15099;55075620;TOKO MM HUSNA <HAYATUL MUPIDAH>;Pasar senaken, RT 0/RW 0;6401040009;64;1;40;9;KALIMANTAN TIMUR;PASER;TANAH GROGOT;JONE;eyJpdiI6ImJ1Z1NLZUE1RDI3N2tZWGI1a2hIRVE9PSIsInZhbHVlIjoiT2pTdy9xVDJjLysrNW5HSklBTXpLUT09IiwibWFjIjoiNTZjMWIyMDRiOGZiNzI5ZjRkYTJjZDUzNWE3MTM3YTU2NmU5ZGNhZWZhMDAyMjdiOTNkNDc3ZmU5OGZkY2E2MyIsInRhZyI6IiJ9;;[Kegiatan Usaha: MENJUAL PAKAIAN, Kategori: G, KBLI: 47711];;;;UMKM;;-1.933935197;116.164607;invalid;;;FALSE;FALSE;TRUE;;;invalid;;;;;;mm husna hayatul mupidah;0;0;0;;;pasar senaken rt 0 rw 0;;47;mm husna hayatul mupidah pasar senaken rt 0 rw 0 kbli47;1;0;1;1;Aktif;Pasar senaken RT 0RW 0;P01;P01;;1;DONE 01/02 - 8.07 PM
15101;55152237;TOKO RISKY <SARPINI>;PASAR SENAKEN, RT 0/RW 0;6401040009;64;1;40;9;KALIMANTAN TIMUR;PASER;TANAH GROGOT;JONE;eyJpdiI6InN6T3Ztbnl0ZE5weHF3RVRoOXdaL0E9PSIsInZhbHVlIjoibFlZV3lOS0hoTFg2NlNucjNVYisrUT09IiwibWFjIjoiOWNlZmRhMGM2MTQ3NGQ5MDZjNmRkNzJmOTNjZDRlMmM1OWU2ZWYxZTIwYjk2ZjdiZjlmMTg1MTMxOWUxODU3MCIsInRhZyI6IiJ9;;[Kegiatan Usaha: MENJUAL PAKAIAN, Kategori: G, KBLI: 47711];;;;UMKM;;-1.933935197;116.164607;invalid;;;FALSE;FALSE;TRUE;;;invalid;;;;;;risky sarpini;0;0;0;;;pasar senaken rt 0 rw 0;;47;risky sarpini pasar senaken rt 0 rw 0 kbli47;1;0;1;1;Aktif;PASAR SENAKEN RT 0RW 0;P01;P01;;1;DONE 01/02 - 8.07 PM
15105;55208642;IRFANDY MUHAJIR;Wilayah pasar senaken, RT 0/RW 0;6401040016;64;1;40;16;KALIMANTAN TIMUR;PASER;TANAH GROGOT;SENAKEN;eyJpdiI6ImxFcTkzdDJKUkVjdkI3UzNmaTRlM1E9PSIsInZhbHVlIjoia0dhYkpIc01IY05GUlh6ZkxqZ0xuQT09IiwibWFjIjoiYTJhNjJhYzI4YzAzZjNjODA4OGU2MzljMGQyNjhlODIwZGE0ZDNlYWZlNDBmY2JiMWY2NWMzZWNlMzQyMDUwYiIsInRhZyI6IiJ9;;[Kegiatan Usaha: Menjual beras kiloan atau eceran, Kategori: G, KBLI: 47241];;;;UMKM;;-1.933935197;116.164607;invalid;;;FALSE;FALSE;TRUE;;;invalid;;;;;;irfandy muhajir;0;0;0;;;wilayah pasar senaken rt 0 rw 0;;47;irfandy muhajir wilayah pasar senaken rt 0 rw 0 kbli47;1;0;1;0;Aktif;Wilayah pasar senaken RT 0RW 0;P01;P01;;1;DONE 01/02 - 8.07 PM
15109;55156484;ERNA TANJUNG;Pasar senaken, RT 0/RW 0;6401040016;64;1;40;16;KALIMANTAN TIMUR;PASER;TANAH GROGOT;SENAKEN;eyJpdiI6Ii9oSzN0M0dvd0F4SG1jL1R2K1c0b2c9PSIsInZhbHVlIjoiN3VJMjc1RmlOTnpSc09SUzJiU21xUT09IiwibWFjIjoiY2NjZWEyM2FmOTBjZWJmZjI5NmU3YzI5MDQ3NzFjNDFiY2QxODVlZGI4OTIxYjQ5NmRjY2RjNzVmMGM5NGY4ZSIsInRhZyI6IiJ9;;[Kegiatan Usaha: Menjual pakaian, Kategori: G, KBLI: 47711];;;;UMKM;;-1.852333333;116.14848;valid;;;FALSE;FALSE;TRUE;;;invalid;;;;;;erna tanjung;0;0;0;;;pasar senaken rt 0 rw 0;;47;erna tanjung pasar senaken rt 0 rw 0 kbli47;1;0;1;0;Aktif;Pasar senaken RT 0RW 0;P01;P01;;1;DONE 01/02 - 8.07 PM
15135;55070679;AGUS HADIYANTO <AGUS HADIANTO>;wil.pasar senaken, RT 0/RW 0;6401040016;64;1;40;16;KALIMANTAN TIMUR;PASER;TANAH GROGOT;SENAKEN;eyJpdiI6IjNhVHA0K3VVZXQxeVF5bXpyb2owS0E9PSIsInZhbHVlIjoiUHRsbjJlUGk2T3ZackY0dFJZelVLZz09IiwibWFjIjoiNDZiYTM2ZDcwZDFkZGEzZTZkNWNlMGQyNmM2NDVlZDA5N2ZlOWJjMGVkYmNkZGJkMjQwYzdiYjI1ZTExMTdiZSIsInRhZyI6IiJ9;;[Kegiatan Usaha: menjual sayur eceran, Kategori: G, KBLI: 47811];;;;UMKM;;-1.853261667;116.2304317;valid;;;FALSE;FALSE;TRUE;;;invalid;;;;;;agus hadiyanto agus hadianto;0;0;0;;;wil pasar senaken rt 0 rw 0;;47;agus hadiyanto agus hadianto wil pasar senaken rt 0 rw 0 kbli47;1;0;1;1;Aktif;wilpasar senaken RT 0RW 0;P01;P01;;1;DONE 01/02 - 8.07 PM
15141;55124093;SAYUR TUTI HANDAYANI <TUTI HIDAYANI>;Pasar senaken, RT 0/RW 0;6401040016;64;1;40;16;KALIMANTAN TIMUR;PASER;TANAH GROGOT;SENAKEN;eyJpdiI6ImFUL3liZ3NaQVFvaVZVUCtwQTRzUHc9PSIsInZhbHVlIjoieUI1RGZkUkI0Wmd2OVRpalhnZ0ptQT09IiwibWFjIjoiMTBkOTY5ZjFiODRmNGQ5MThhMDMzMjY3NjQxYTQ1MDdkNzFhMDEwNGMxZjk0MWM0MGQzNWE0YmYzZTNkMTlkNyIsInRhZyI6IiJ9;;[Kegiatan Usaha: menjual sayur eceran di pasar, Kategori: G, KBLI: 47213];;;;UMKM;;-1.8504043;116.2401755;valid;;;FALSE;FALSE;TRUE;;;invalid;;;;;;sayur tuti handayani tuti hidayani;0;0;0;;;pasar senaken rt 0 rw 0;;47;sayur tuti handayani tuti hidayani pasar senaken rt 0 rw 0 kbli47;1;0;1;1;Aktif;Pasar senaken RT 0RW 0;P01;P01;;1;DONE 01/02 - 8.07 PM
15148;55155030;TAHU TEMPE MUSLIM <MUSLIM>;Pasar senaken, RT 0/RW 0;6401040016;64;1;40;16;KALIMANTAN TIMUR;PASER;TANAH GROGOT;SENAKEN;eyJpdiI6ImRqaWk1VWU1b2dySjdaSWx3dG1Wanc9PSIsInZhbHVlIjoiTVBwaTBFbXNvZVRCN29YUW42N0pUdz09IiwibWFjIjoiNDk0NWZlNDAyOWNjZTI4YjRiYTgwZmMxYWYwZTUwMzdhMThiODNhNGRkZjBlOTRlYmE2MzgyYTFhOWI2YzdlMiIsInRhZyI6IiJ9;;[Kegiatan Usaha: Menjual tahu tempe kedelai di lapak pasar, Kategori: G, KBLI: 47244];;;;UMKM;;-1.933935197;116.164607;invalid;;;FALSE;FALSE;TRUE;;;invalid;;;;;;tahu tempe muslim muslim;0;0;0;;;pasar senaken rt 0 rw 0;;47;tahu tempe muslim muslim pasar senaken rt 0 rw 0 kbli47;1;0;1;1;Aktif;Pasar senaken RT 0RW 0;P01;P01;;1;DONE 01/02 - 8.07 PM
15154;55077256;TOKO ANI <LAILA NA>;Pasar senaken, RT 0/RW 0;6401040016;64;1;40;16;KALIMANTAN TIMUR;PASER;TANAH GROGOT;SENAKEN;eyJpdiI6IjdSSndKc0RlaDR0UlhBNWU5TVpvTmc9PSIsInZhbHVlIjoiUHdWb2ZsTTRYd2d3TGF2ZGEzRmtUdz09IiwibWFjIjoiY2ZhM2E5MWVkNWEyNmY3NDJjNWI1NjYwZTA2YTY1NzcyZDQ0ZDc3NGI0YjMyMjA2NzU4NmNmMDU1NTI2YzkzYSIsInRhZyI6IiJ9;;[Kegiatan Usaha: Menjual pakaian, Kategori: G, KBLI: 47711];;;;UMKM;;-1.899220417;116.2123002;valid;;;FALSE;FALSE;TRUE;;;invalid;;;;;;ani laila na;0;0;0;;;pasar senaken rt 0 rw 0;;47;ani laila na pasar senaken rt 0 rw 0 kbli47;1;0;1;1;Aktif;Pasar senaken RT 0RW 0;P01;P01;;1;DONE 01/02 - 8.07 PM
15165;55239513;HERMAN JELAI;WIL. PASAR SENAKEN, RT 0/RW 0;6401040016;64;1;40;16;KALIMANTAN TIMUR;PASER;TANAH GROGOT;SENAKEN;eyJpdiI6ImRUaE5HZFZPcEpBa1pzRVMzSGZhOFE9PSIsInZhbHVlIjoiU0l4UVRCL3Z1SngxQWYxU25wU0ZuQT09IiwibWFjIjoiNDJhODA3YTc1Y2JkYzdlMzQ2OGU1Njk3OWY0ZDgyY2RlOGQyOWI0NTRjZWFkZDIzNTYwZmVhMjE1MGE2YTc1NCIsInRhZyI6IiJ9;;[Kegiatan Usaha: MENJUAL SAYURAN, Kategori: G, KBLI: 47813];;;;UMKM;;-1.85255185;116.2402899;valid;;;FALSE;FALSE;TRUE;;;invalid;;;;;;herman jelai;0;0;0;;;wil pasar senaken rt 0 rw 0;;47;herman jelai wil pasar senaken rt 0 rw 0 kbli47;1;0;1;0;Aktif;WIL PASAR SENAKEN RT 0RW 0;P01;P01;;1;DONE 01/02 - 8.07 PM
15178;55207629;SAYUR JUHAIRIYAH <JUHAIRIYAH>;Pasar senaken, RT 0/RW 0;6401040016;64;1;40;16;KALIMANTAN TIMUR;PASER;TANAH GROGOT;SENAKEN;eyJpdiI6InhJWHd5NXZmdFBDcEp4VGRUTFhMNkE9PSIsInZhbHVlIjoiOUZKTTUxdEFQWmFJNFB5enM4eFhGdz09IiwibWFjIjoiMDcyMjIzMjc4NzQ3YWNhMzQ1YTUxMWQ2MjI0OGM5ZWJlNzEzNGYxYTAwZDkwNThmMjYzMDFlNzlmZDZkNDcyMyIsInRhZyI6IiJ9;;[Kegiatan Usaha: Menjual sayur eceran di pasar, Kategori: G, KBLI: 47213];;;;UMKM;;-1.933935197;116.164607;invalid;;;FALSE;FALSE;TRUE;;;invalid;;;;;;sayur juhairiyah juhairiyah;0;0;0;;;pasar senaken rt 0 rw 0;;47;sayur juhairiyah juhairiyah pasar senaken rt 0 rw 0 kbli47;1;0;1;1;Aktif;Pasar senaken RT 0RW 0;P01;P01;;1;DONE 01/02 - 8.07 PM
15210;55153346;TOKO MAMA EKA <ASLIMAT SIRAIT>;PASAR SENAKEN, RT 0/RW 0;6401040009;64;1;40;9;KALIMANTAN TIMUR;PASER;TANAH GROGOT;JONE;eyJpdiI6Ii9FYzJwSzJDTTVxbkdveTA4dHRoRXc9PSIsInZhbHVlIjoiYzIzYmRvenRqSXliNkoyR1hYUFZoUT09IiwibWFjIjoiNmViZDIxZDAwZDZhYzFjZWIwNzQ5NjdlZjM5OWEyMGExM2I4YzllNThhMjQxMGMyNzFiNTIyNWM4ZTYyYTNlZCIsInRhZyI6IiJ9;;[Kegiatan Usaha: MENJUAL PAKAIAN, Kategori: G, KBLI: 47711];;;;UMKM;;-1.933935197;116.164607;invalid;;;FALSE;FALSE;TRUE;;;invalid;;;;;;mama eka aslimat sirait;0;0;0;;;pasar senaken rt 0 rw 0;;47;mama eka aslimat sirait pasar senaken rt 0 rw 0 kbli47;1;0;1;1;Aktif;PASAR SENAKEN RT 0RW 0;P01;P01;;1;DONE 01/02 - 8.07 PM
15231;55126562;HJ. NORJANNAH <HJ. NORJANAH>;Pasar senaken, RT 0/RW 0;6401040016;64;1;40;16;KALIMANTAN TIMUR;PASER;TANAH GROGOT;SENAKEN;eyJpdiI6Inp5Y0RmbFBLM2pXbUdZcFppMGNJT3c9PSIsInZhbHVlIjoiSHB0eG4rcDJhWHZSSk1ZcXB0dm5Edz09IiwibWFjIjoiNTIwMzMxOTE5MThlMjIwNDU5YWE1MzMyYWJlNDNkMjY2ZDQwZDdmYTUyYzE0ZWJiOTAwZjQ1MzIzMjAzMDllZiIsInRhZyI6IiJ9;;[Kegiatan Usaha: Menjual alat tulis menulis dan gambar, Kategori: G, KBLI: 47611];;;;UMKM;;-1.933935197;116.164607;invalid;;;FALSE;FALSE;TRUE;;;invalid;;;;;;hj norjannah hj norjanah;0;0;0;;;pasar senaken rt 0 rw 0;;47;hj norjannah hj norjanah pasar senaken rt 0 rw 0 kbli47;1;0;1;1;Aktif;Pasar senaken RT 0RW 0;P01;P01;;1;DONE 01/02 - 8.07 PM
15234;55334167;SITI MUNAWIYAH;wilayah pasar senaken, RT 0/RW 0;6401040016;64;1;40;16;KALIMANTAN TIMUR;PASER;TANAH GROGOT;SENAKEN;eyJpdiI6Ii9hVTNuRmtwdWIzeVk5TjNlbWlBRWc9PSIsInZhbHVlIjoiNXRLRmhrTWg1dkdSK0RBR1ZXT0VJQT09IiwibWFjIjoiMGE3YzllNmI1Mzg2NWJjZjBlNGMyM2Y1MTEzMjA3MzgzOWEzZjg0YjgxMGY4MjA0ZDllOTA4M2M0ZDc5OWRiNiIsInRhZyI6IiJ9;;[Kegiatan Usaha: menjual nasi bungkus, Kategori: I, KBLI: 56103];;;;UMKM;;-1.896223333;116.2067967;valid;eyJpdiI6InRsWU84VTV5SlNyT3JNeXZ4R0VrVmc9PSIsInZhbHVlIjoiQ2VhKzl2cDVUdTZCdDFuOTdtUkxZQT09IiwibWFjIjoiZjY1NzJiNWU2ZmUxMjUxOTIzYmU2ZDRjZDdjNGQ1MmNlOWFkMjRkMzE3NDA0MTlmNGYzOWM1ZGVhMDQ2MjFmNSIsInRhZyI6IiJ9;1;FALSE;FALSE;FALSE;-1.896223333;116.2067967;valid;adib.tamtama;;;;;siti munawiyah;0;0;0;;;wilayah pasar senaken rt 0 rw 0;;56;siti munawiyah wilayah pasar senaken rt 0 rw 0 kbli56;1;0;1;0;Aktif;wilayah pasar senaken RT 0RW 0;P01;P01;;1;DONE 01/02 - 8.07 PM
15237;55071004;WARUNG MAKAN MAMA DANI <ARBAIYAH>;Pasar senaken, RT 0/RW 0;6401040016;64;1;40;16;KALIMANTAN TIMUR;PASER;TANAH GROGOT;SENAKEN;eyJpdiI6IkpzMFhqWHl6QlY4TVJOMjd6dmhabXc9PSIsInZhbHVlIjoiTnIwMW45UWt3WnlTSkVxamR3K0hOZz09IiwibWFjIjoiNjU0MzFkZjhiMzliNzFiYzQ0MTBmZGI2MmUzY2NlODkxZWNlNTgxZjA0NWFmYjVmNDYyYzkyNzViMmQzOGUzNSIsInRhZyI6IiJ9;;[Kegiatan Usaha: Menjual Makanan, Kategori: I, KBLI: 56102];;;;UMKM;;-1.933935197;116.164607;invalid;;;FALSE;FALSE;TRUE;;;invalid;;;;;;makan mama dani arbaiyah;0;0;0;;;pasar senaken rt 0 rw 0;;56;makan mama dani arbaiyah pasar senaken rt 0 rw 0 kbli56;1;0;1;1;Aktif;Pasar senaken RT 0RW 0;P01;P01;;1;DONE 01/02 - 8.07 PM
15246;55155074;TOKO ANANG <GUSTI RIJANI>;Pasar senaken, RT 0/RW 0;6401040009;64;1;40;9;KALIMANTAN TIMUR;PASER;TANAH GROGOT;JONE;eyJpdiI6Imt0N3RQODFpK1UzMWVGYVJ4MFAxR2c9PSIsInZhbHVlIjoidnI4ZFZwWUcwSWNpOFFPVi9VWEU4dz09IiwibWFjIjoiYWZlMmNmOGQ4MjFkNGRjYWM1ZWM0MzcxODE1ZmZkOGQ1YzRmNjE4NTk3MTBiNGRmNThmZGY5YmQ1MWEzYmQ5ZSIsInRhZyI6IiJ9;;[Kegiatan Usaha: Menjual kain, Kategori: G, KBLI: 47831];;;;UMKM;;-1.933935197;116.164607;invalid;;;FALSE;FALSE;TRUE;;;invalid;;;;;;anang gusti rijani;0;0;0;;;pasar senaken rt 0 rw 0;;47;anang gusti rijani pasar senaken rt 0 rw 0 kbli47;1;0;1;1;Aktif;Pasar senaken RT 0RW 0;P01;P01;;1;DONE 01/02 - 8.07 PM
15260;55069563;TOKO NABILA 2 <ZAINI SABRI>;Pasar senaken, RT 0/RW 0;6401040009;64;1;40;9;KALIMANTAN TIMUR;PASER;TANAH GROGOT;JONE;eyJpdiI6Ims4OHE3NG9zbURUY2RUbTdzUVZ3a3c9PSIsInZhbHVlIjoiU0tDTDkxRC9TcFpLSCszUlFwSGVOUT09IiwibWFjIjoiYjU5MzZkZjI3OTI2Yjg1ZDg2YWE4N2RkODE3YzE5OGFjNzY1ZWJkYWZhNzllM2ZlMTc3MTk4MzRjMTI3YjFlYiIsInRhZyI6IiJ9;;[Kegiatan Usaha: MENJUAL PAKIAN, Kategori: G, KBLI: 47711];;;;UMKM;;-1.933935197;116.164607;invalid;;;FALSE;FALSE;TRUE;;;invalid;;;;;;nabila 2 zaini sabri;0;0;0;;;pasar senaken rt 0 rw 0;;47;nabila 2 zaini sabri pasar senaken rt 0 rw 0 kbli47;1;0;1;1;Aktif;Pasar senaken RT 0RW 0;P01;P01;;1;DONE 01/02 - 8.07 PM
15270;55046451;MUHAMMAD MAHDI;Pasar senaken, RT 0/RW 0;6401040016;64;1;40;16;KALIMANTAN TIMUR;PASER;TANAH GROGOT;SENAKEN;eyJpdiI6IkVPam5Md005QkZ5ckxoQVZ6aCtZOUE9PSIsInZhbHVlIjoidVUwVHdnV1J5WFc3UTF0SlJUbStoQT09IiwibWFjIjoiNmQwMjUzMjFlY2IyNDI3MWE0MzBkZjM0ZjFiZTQyMmNmNDNmNmIxZDAxMjNlYjRjYjU2YmE0ZjY4MWViMTk2ZSIsInRhZyI6IiJ9;;[Kegiatan Usaha: Menjual pakaian, Kategori: G, KBLI: 47711];;;;UMKM;;-1.933935197;116.164607;invalid;;;FALSE;FALSE;TRUE;;;invalid;;;;;;muhammad mahdi;0;0;0;;;pasar senaken rt 0 rw 0;;47;muhammad mahdi pasar senaken rt 0 rw 0 kbli47;1;0;1;0;Aktif;Pasar senaken RT 0RW 0;P01;P01;;1;DONE 01/02 - 8.07 PM
15274;55126536;VIONA BUBEL <VIONA KHAIRUNNISA>;Pasar senaken, RT 0/RW 0;6401040016;64;1;40;16;KALIMANTAN TIMUR;PASER;TANAH GROGOT;SENAKEN;eyJpdiI6Ii8rVm5FaXJoVU53ellLdWdZejJIS0E9PSIsInZhbHVlIjoiL0F6YXk3RE1FMEJBL2U3L3FESytjZz09IiwibWFjIjoiNDgzZmQyZDhkMGE0MDU0NjcyOTJlZDg4NTk1YzFhYTI0NWE2N2JlZDlhMTBlYTQyZTk2YWVmYWU4OWVjODFlMCIsInRhZyI6IiJ9;;[Kegiatan Usaha: Menjual minuman, Kategori: G, KBLI: 47222];;;;UMKM;;-1.933935197;116.164607;invalid;;;FALSE;FALSE;TRUE;;;invalid;;;;;;viona bubel viona khairunnisa;0;0;0;;;pasar senaken rt 0 rw 0;;47;viona bubel viona khairunnisa pasar senaken rt 0 rw 0 kbli47;1;0;1;1;Aktif;Pasar senaken RT 0RW 0;P01;P01;;1;DONE 01/02 - 8.07 PM
15282;55045685;RASUNA;Pasar senaken, RT 0/RW 0;6401040016;64;1;40;16;KALIMANTAN TIMUR;PASER;TANAH GROGOT;SENAKEN;eyJpdiI6IjVDcGo4OG92eWN4aHJsM1dCZ0sySVE9PSIsInZhbHVlIjoiYUl1cnZHV1I5SVpRKzN0OUU0VGFTZz09IiwibWFjIjoiMmUzMjc2MGMxOGZmMGEwODVkMzhkZjcyZDE1MDM1ZDU5ZGM1MjljMDIxODUzYmY4Y2IzNjNkNThhNzhiOWFjYSIsInRhZyI6IiJ9;;[Kegiatan Usaha: MENJUAL PAKAIAN, Kategori: G, KBLI: 47711];;;;UMKM;;-1.933935197;116.164607;invalid;;;FALSE;FALSE;TRUE;;;invalid;;;;;;rasuna;0;0;0;;;pasar senaken rt 0 rw 0;;47;rasuna pasar senaken rt 0 rw 0 kbli47;1;0;1;0;Aktif;Pasar senaken RT 0RW 0;P01;P01;;1;DONE 01/02 - 8.07 PM
15299;55075915;MAPIARE;wilayah pasar senaken, RT 0/RW 0;6401040016;64;1;40;16;KALIMANTAN TIMUR;PASER;TANAH GROGOT;SENAKEN;eyJpdiI6IjRlcUx1QVVMN1hLTDQwR254bXdUdVE9PSIsInZhbHVlIjoib210c0lLajYvSzVFSTdJQkRINXFYQT09IiwibWFjIjoiMzZiZjk3YmI5YWQwZWQxMWJjM2ZjOGNhZTEzOTQ3YmEyN2EzNTU2NzAyNTc3OGY4ODg1Mjg1ZGI1YTk5YjhkNyIsInRhZyI6IiJ9;;[Kegiatan Usaha: menjual ikan basah, Kategori: G, KBLI: 47215];;;;UMKM;;-1.933935197;116.164607;invalid;;;FALSE;FALSE;TRUE;;;invalid;;;;;;mapiare;0;0;0;;;wilayah pasar senaken rt 0 rw 0;;47;mapiare wilayah pasar senaken rt 0 rw 0 kbli47;1;0;1;0;Aktif;wilayah pasar senaken RT 0RW 0;P01;P01;;1;DONE 01/02 - 8.07 PM
15305;55127100;JAGUNG MARHAENI <MARHAENI>;Pasar senaken, RT 0/RW 0;6401040016;64;1;40;16;KALIMANTAN TIMUR;PASER;TANAH GROGOT;SENAKEN;eyJpdiI6Ikdhc05aM2I3M09pazFkM2V6clk0MWc9PSIsInZhbHVlIjoiNjROcmR6QXAzaFlLUkdwMzg1Mm1FZz09IiwibWFjIjoiYWIyN2I2ZmY1NjZhNWNiYjA1M2YxMWI2MjUyMDc3M2Q4MzgxM2YxZTVlNGIzYjk5Zjk5NTI2ZDBhODU2N2UyOSIsInRhZyI6IiJ9;;[Kegiatan Usaha: Menjual jagung eceran di lapak pasar, Kategori: G, KBLI: 47211];;;;UMKM;;-1.85373511;116.240619;valid;;;FALSE;FALSE;TRUE;;;invalid;;;;;;jagung marhaeni marhaeni;0;0;0;;;pasar senaken rt 0 rw 0;;47;jagung marhaeni marhaeni pasar senaken rt 0 rw 0 kbli47;1;0;1;1;Aktif;Pasar senaken RT 0RW 0;P01;P01;;1;DONE 01/02 - 8.07 PM
15306;55209904;TOKO MAMA FARIS <YOLIKA>;PASAR SENAKEN, RT 0/RW 0;6401040009;64;1;40;9;KALIMANTAN TIMUR;PASER;TANAH GROGOT;JONE;eyJpdiI6Iit1L0dFU0pITWVWcTZKQ2k1TDRpUVE9PSIsInZhbHVlIjoidlI4ckpHNjMvbk5GS2RScUllbjhnUT09IiwibWFjIjoiODJhMmZlMzE1NGMxODc0YzNlNTNmMWZlNzE4ZDlhODBlMWFhNTU0YjY1MjBkZTljM2NhMDQ2NzVlYjQ4ZWFkOCIsInRhZyI6IiJ9;;[Kegiatan Usaha: MENJUAL SEPATU, Kategori: G, KBLI: 47712];;;;UMKM;;-1.933935197;116.164607;invalid;;;FALSE;FALSE;TRUE;;;invalid;;;;;;mama faris yolika;0;0;0;;;pasar senaken rt 0 rw 0;;47;mama faris yolika pasar senaken rt 0 rw 0 kbli47;1;0;1;1;Aktif;PASAR SENAKEN RT 0RW 0;P01;P01;;1;DONE 01/02 - 8.07 PM
15312;55151669;INTAN;wilayah pasar senaken, RT 0/RW 0;6401040016;64;1;40;16;KALIMANTAN TIMUR;PASER;TANAH GROGOT;SENAKEN;eyJpdiI6IjNtZ0kwaW4yNU9GUlBVM2x1MDMwVXc9PSIsInZhbHVlIjoibGEvNVRSL2RYTU9zNGZLb2luVmxYZz09IiwibWFjIjoiODNkNjBhM2E2MjMxMDhhZTFjMDRmMGY3ZTM0MTI3ZThkMzAwMzNhY2YyZDY3NTc3ZjQ1NjRiNzEzMmY5NGNkZCIsInRhZyI6IiJ9;;[Kegiatan Usaha: menjual muniman jadi, Kategori: I, KBLI: 56304];;;;UMKM;;-1.933935197;116.164607;invalid;;;FALSE;FALSE;TRUE;;;invalid;;;;;;intan;0;0;0;;;wilayah pasar senaken rt 0 rw 0;;56;intan wilayah pasar senaken rt 0 rw 0 kbli56;1;0;1;0;Aktif;wilayah pasar senaken RT 0RW 0;P01;P01;;1;DONE 01/02 - 8.07 PM
15313;55098094;GADO GADO SITI MAIMUNAH <SITI MAIMUNAH>;Pasar senaken blok A, RT 0/RW 0;6401040016;64;1;40;16;KALIMANTAN TIMUR;PASER;TANAH GROGOT;SENAKEN;eyJpdiI6IlZCclJmOGx5blRSeHNONk42OTVVc0E9PSIsInZhbHVlIjoiS3MzL0R6d1owWENEd3JCTkd2WFdqQT09IiwibWFjIjoiYWZlZjFjMTBlMzQwOWM0NWQ4NGY5NWE4MzhjOTI3YzI3Mzg4OGVlNzNhOTJmMmZiZDU0ZWVkN2ZmMTNiMjk0ZCIsInRhZyI6IiJ9;;[Kegiatan Usaha: Menjual makanan gado gado di pasar, Kategori: I, KBLI: 56103];;;;UMKM;;-1.933935197;116.164607;invalid;;;FALSE;FALSE;TRUE;;;invalid;;;;;;gado gado siti maimunah siti maimunah;0;0;0;;;pasar senaken blok a rt 0 rw 0;;56;gado gado siti maimunah siti maimunah pasar senaken blok a rt 0 rw 0 kbli56;1;0;1;1;Aktif;Pasar senaken blok A RT 0RW 0;P01;P01;;1;DONE 01/02 - 8.07 PM
15317;55072357;MUHAMMAD ZAINAL HAMZAH;Wil. Pasar senaken, RT 0/RW 0;6401040016;64;1;40;16;KALIMANTAN TIMUR;PASER;TANAH GROGOT;SENAKEN;eyJpdiI6InowSiszUmppVWE3aW5CMmZubUxXTmc9PSIsInZhbHVlIjoiVGZTYjRqMzJvNy9WbFdvL09LZzdGZz09IiwibWFjIjoiYTlhYzYyOTgwNjM3ZTIwMWE0NTgwYWZjYjhmYmVjYmY0OTgwMzU1NWUwMjM5Y2Q2MTg0OTgxZjE2NmUxYzc3NyIsInRhZyI6IiJ9;;[Kegiatan Usaha: olahan air menjadi es, Kategori: C, KBLI: 11051];;;;UMKM;;-1.203079134;116.8549325;valid;eyJpdiI6ImliZ3pFVkZDOVF4dzZTUFczL2FBUmc9PSIsInZhbHVlIjoiM3oxVFZvcUdHcVhja0thcDNQVHVHQT09IiwibWFjIjoiNjRlMzlkZDZjMTIzMTk0ZWU4YTFiYzg2ODlhNzkyNmU3MTk1MmRiODBlZWIwMjg3ZGZmZWNkMTk3YTk1MmNmZCIsInRhZyI6IiJ9;1;FALSE;FALSE;FALSE;-1.203079134;116.8549325;valid;adib.tamtama;;;;;muhammad zainal hamzah;0;0;0;;;wil pasar senaken rt 0 rw 0;;11;muhammad zainal hamzah wil pasar senaken rt 0 rw 0 kbli11;1;0;1;0;Aktif;Wil Pasar senaken RT 0RW 0;P01;P01;;1;DONE 01/02 - 8.07 PM
15321;55180796;KASMIATI;wilayah pasar senaken, RT 0/RW 0;6401040016;64;1;40;16;KALIMANTAN TIMUR;PASER;TANAH GROGOT;SENAKEN;eyJpdiI6InVyMUNzUUZLYURVWTVMVnpCZzc1WUE9PSIsInZhbHVlIjoiN1RsMXlucGNodGkycXluTU5lZWFpQT09IiwibWFjIjoiMTJlZTQ1ZjkzNmU2NDY3ZWQ4MzAxZmZhOTkxMWZiMTJjNmFmNDEwMGM0ZTAxNmI1NDAwODYzNzA1N2RlM2I1YiIsInRhZyI6IiJ9;;[Kegiatan Usaha: menjual gorengan, Kategori: I, KBLI: 56103];;;;UMKM;;-1.9098332;116.2518385;valid;eyJpdiI6Img0WlFNMTFROVQvV2xxeHBpWG9YdGc9PSIsInZhbHVlIjoiSFlRRjBBTlBnZU5hRHkrd2VZbTROQT09IiwibWFjIjoiMzNmNTNlMTRjOTFiZDRjZTg5NzA2ODYzNGU4MzA3MTAzMDI1ZGUwZjkyZWZjYTBlMThmNWRhY2I0YmYyMzQxOSIsInRhZyI6IiJ9;1;FALSE;FALSE;FALSE;-1.9098332;116.2518385;valid;adib.tamtama;;;;;kasmiati;0;0;0;;;wilayah pasar senaken rt 0 rw 0;;56;kasmiati wilayah pasar senaken rt 0 rw 0 kbli56;1;0;1;0;Aktif;wilayah pasar senaken RT 0RW 0;P01;P01;;1;DONE 01/02 - 8.07 PM
15324;55103592;AHMAD FAUZAN;wil. pasar senaken, RT 0/RW 0;6401040016;64;1;40;16;KALIMANTAN TIMUR;PASER;TANAH GROGOT;SENAKEN;eyJpdiI6IlZDMFpLTGN5U0ZtRmZuNldnV3hCd2c9PSIsInZhbHVlIjoiWjBkQzVXRjNZQWJqdlRSQ3h4NDZRdz09IiwibWFjIjoiNjA1NWZhZTgwMWY0YWI2ZWMyOTUwZTE3NDEyMWJjZTJjYTY4ZDA4YTdmZjc4NDdhZDUxZWU0MjU0Mzg3ZjEyNyIsInRhZyI6IiJ9;;[Kegiatan Usaha: menjual ikan basah, Kategori: G, KBLI: 47215];;;;UMKM;;-1.933935197;116.164607;invalid;;;FALSE;FALSE;TRUE;;;invalid;;;;;;ahmad fauzan;0;0;0;;;wil pasar senaken rt 0 rw 0;;47;ahmad fauzan wil pasar senaken rt 0 rw 0 kbli47;1;0;1;0;Aktif;wil pasar senaken RT 0RW 0;P01;P01;;1;DONE 01/02 - 8.07 PM
15326;55265029;IKAN BASAH M. RENDI ALAMSYAH <MUHAMMAD RENDI ALAMSYAH>;Pasar senaken, RT 0/RW 0;6401040016;64;1;40;16;KALIMANTAN TIMUR;PASER;TANAH GROGOT;SENAKEN;eyJpdiI6InRIUU0wdnAvZlNOL0s1b1BDbFZSUEE9PSIsInZhbHVlIjoiMk04NnNhVDJRT2VwUDhGSXdzU0VQQT09IiwibWFjIjoiNWM2MzQ4OTVkNGY0MTMwZjcyMTI5NWE0ODljNjVhOGQwOTEwNTc0MjQ4YTRiZmI1OWVmNTQyNzVhY2I3ZjY2YiIsInRhZyI6IiJ9;;[Kegiatan Usaha: menjual ikan basah eceran di pasar, Kategori: G, KBLI: 47215];;;;UMKM;;-1.933935197;116.164607;invalid;;;FALSE;FALSE;TRUE;;;invalid;;;;;;ikan basah m rendi alamsyah muhammad rendi alamsyah;0;0;0;;;pasar senaken rt 0 rw 0;;47;ikan basah m rendi alamsyah muhammad rendi alamsyah pasar senaken rt 0 rw 0 kbli47;1;0;1;1;Aktif;Pasar senaken RT 0RW 0;P01;P01;;1;DONE 01/02 - 8.07 PM
15344;55122510;SATE AYAM FII <IMAM SYAFII>;Parkiran pasar senaken, RT 0/RW 0;6401040016;64;1;40;16;KALIMANTAN TIMUR;PASER;TANAH GROGOT;SENAKEN;eyJpdiI6IkZOYU90NWtOdEFEM1huM2M0MmhiVXc9PSIsInZhbHVlIjoibm9sZ3JTWm1YcFFvOVlBVWQ2Sllndz09IiwibWFjIjoiZWQ1OGE4ZDA3Njc5ODc0MGIyMTQxOThlNjlkY2E0NWQzYzAzNzIzZWY1ZDg0ZDVmMzUyMzdjODk2ZDI0NzRjYiIsInRhZyI6IiJ9;;[Kegiatan Usaha: Menjual sate ayam di lapak, Kategori: I, KBLI: 56103];;;;UMKM;;-1.933935197;116.164607;invalid;;;FALSE;FALSE;TRUE;;;invalid;;;;;;sate ayam fii imam syafii;0;0;0;;;parkiran pasar senaken rt 0 rw 0;;56;sate ayam fii imam syafii parkiran pasar senaken rt 0 rw 0 kbli56;1;0;1;1;Aktif;Parkiran pasar senaken RT 0RW 0;P01;P01;;1;DONE 01/02 - 8.07 PM
15350;55208431;IKAN BASAH ASNUR <ASNUR>;Pasar senaken, RT 0/RW 0;6401040016;64;1;40;16;KALIMANTAN TIMUR;PASER;TANAH GROGOT;SENAKEN;eyJpdiI6Ik5QMkJRYzRURnlYNUdKcjlmQ28zbGc9PSIsInZhbHVlIjoiQ3Vaa3JLL1Q0bzd1L0RYUWZxaWdHUT09IiwibWFjIjoiYzUzNmRlNzQyYTBiNGNhYjc5MjUyNjQ0YWJmNTU4Y2EwODkyY2Y2Mzk2ZmEzMWE3NzEyNGRiZjRjNjA5N2FkYyIsInRhZyI6IiJ9;;[Kegiatan Usaha: Menjual ikan basah eceran, Kategori: G, KBLI: 47215];;;;UMKM;;-1.933935197;116.164607;invalid;;;FALSE;FALSE;TRUE;;;invalid;;;;;;ikan basah asnur asnur;0;0;0;;;pasar senaken rt 0 rw 0;;47;ikan basah asnur asnur pasar senaken rt 0 rw 0 kbli47;1;0;1;1;Aktif;Pasar senaken RT 0RW 0;P01;P01;;1;DONE 01/02 - 8.07 PM
15367;55044666;NORHANIAH;Pasar senaken, RT 0/RW 0;6401040016;64;1;40;16;KALIMANTAN TIMUR;PASER;TANAH GROGOT;SENAKEN;eyJpdiI6IlYvWTM1WmRMVDNBNE9mYjhvQVhVY2c9PSIsInZhbHVlIjoidUlTZTdnSktxMjVpdm94YzVDRUFhdz09IiwibWFjIjoiMzZmYWExMDBkNmViMjg3ZmNmM2Y2NDMwNDYyNGI2ZWQ5MDQwYzMyOWU3MmU5NTJkODYzNWY2NmE2MzAwYTY2YyIsInRhZyI6IiJ9;;[Kegiatan Usaha: Menjual pakaian, Kategori: G, KBLI: 47711];;;;UMKM;;-1.917571667;116.19452;valid;eyJpdiI6IkVVcnhlTkdydjFXSHhIbG1jZkNueGc9PSIsInZhbHVlIjoiK2xrWmgwNGZlK2l4cDlGUnpnWVhjUT09IiwibWFjIjoiN2E1N2FlNTI2NDQ2MjRkNTUyMDJjN2Q2NzBiNTQ5NTE0NDBlOGM3NzBiNjlkNDQ1MjBmNmE4OWJhMzhmMTA2MCIsInRhZyI6IiJ9;1;FALSE;FALSE;FALSE;-1.917571667;116.19452;valid;adib.tamtama;;;;;norhaniah;0;0;0;;;pasar senaken rt 0 rw 0;;47;norhaniah pasar senaken rt 0 rw 0 kbli47;1;0;1;0;Aktif;Pasar senaken RT 0RW 0;P01;P01;;1;DONE 01/02 - 8.07 PM
15375;55181326;M. NOPI <M.NOPI>;wil.pasar senaken, RT 0/RW 0;6401040016;64;1;40;16;KALIMANTAN TIMUR;PASER;TANAH GROGOT;SENAKEN;eyJpdiI6IitYcnp2UVdWQWZGLzdIZGVybEU1VEE9PSIsInZhbHVlIjoiUUQwUlNmVlM2WDNzMENZbmtPbnVLQT09IiwibWFjIjoiZGFmZGJhOTJkMzMwNTU5ODQ4ZTlkMGMzNWQwYjBmN2VlYTU5NzhlYjVhNDJkY2YyZTI4MTgwYzM1ODRjZTdmMSIsInRhZyI6IiJ9;;[Kegiatan Usaha: menjual sayuran pelengkap, Kategori: G, KBLI: 47813];;;;UMKM;;-1.933935197;116.164607;invalid;;;FALSE;FALSE;TRUE;;;invalid;;;;;;m nopi m nopi;0;0;0;;;wil pasar senaken rt 0 rw 0;;47;m nopi m nopi wil pasar senaken rt 0 rw 0 kbli47;1;0;1;1;Aktif;wilpasar senaken RT 0RW 0;P01;P01;;1;DONE 01/02 - 8.07 PM
15384;55103759;TOKO SEMOGA BERKAH <SADILLAH>;Pasar senaken, RT 0/RW 0;6401040009;64;1;40;9;KALIMANTAN TIMUR;PASER;TANAH GROGOT;JONE;eyJpdiI6IkxDSjdkayt6clFtbnZUTjNRUGZwVkE9PSIsInZhbHVlIjoiSUtiRDB3aXNrcTZScnBDTFBhLzV0UT09IiwibWFjIjoiZDVhNTA3YjIzMDAzY2MwOWIzMTdhM2QwNGQ2NTI2MTk4Y2ZiODYzMzZlZWVlMTE5NTZhNjRmZWE2ODQ2ZjJhMCIsInRhZyI6IiJ9;;[Kegiatan Usaha: MENJUAL PERLENGKAPAN LISTRIK, Kategori: G, KBLI: 47862];;;;UMKM;;-1.933935197;116.164607;invalid;;;FALSE;FALSE;TRUE;;;invalid;;;;;;semoga berkah sadillah;0;0;0;;;pasar senaken rt 0 rw 0;;47;semoga berkah sadillah pasar senaken rt 0 rw 0 kbli47;1;0;1;1;Aktif;Pasar senaken RT 0RW 0;P01;P01;;1;DONE 01/02 - 8.07 PM
15391;55100110;ERMA FITRIANTI;Wilayah pasar senaken, RT 0/RW 0;6401040016;64;1;40;16;KALIMANTAN TIMUR;PASER;TANAH GROGOT;SENAKEN;eyJpdiI6IlJxT0xKQWU2aEJwTENPOXV3RlhIaHc9PSIsInZhbHVlIjoibXpXT1lJM1ZGMEFVUVB4Wk85S0p2Zz09IiwibWFjIjoiZjhiZjcyYWY1YWM2MTU1YWNmNGU5OGE4NzVkZTczNTBjMjQxMTgxYWI3YmM2MjZjOTVjNGQzMDUwOWFmYTFkOCIsInRhZyI6IiJ9;;[Kegiatan Usaha: Menjual sayuran, Kategori: G, KBLI: 47813];;;;UMKM;;-1.933935197;116.164607;invalid;;;FALSE;FALSE;TRUE;;;invalid;;;;;;erma fitrianti;0;0;0;;;wilayah pasar senaken rt 0 rw 0;;47;erma fitrianti wilayah pasar senaken rt 0 rw 0 kbli47;1;0;1;0;Aktif;Wilayah pasar senaken RT 0RW 0;P01;P01;;1;DONE 01/02 - 8.07 PM
15397;55044538;TOKO HJ.SALABIAH <SALABIAH>;PASAR SENAKEN, RT 0/RW 0;6401040009;64;1;40;9;KALIMANTAN TIMUR;PASER;TANAH GROGOT;JONE;eyJpdiI6InhEYnJ4bzBBV0VRSEgyWVo2U1kwMnc9PSIsInZhbHVlIjoiV1ovUmMrWFVvS05SUnhzNjNtNnZ2dz09IiwibWFjIjoiNDBhZjEzNTBhMjE2ZmEzYjc2M2UwMzIyMDQ2OWYzM2M3ZDFhOTk5ZGUyZDQ1MDZiZWIwZDI5YTY0ODNkMjgxNyIsInRhZyI6IiJ9;;[Kegiatan Usaha: MENJUAL PAKAIAN, Kategori: G, KBLI: 47711];;;;UMKM;;-1.912246337;116.1881236;valid;eyJpdiI6InZ4aC94RU9kQTdvUXpjaklTcThVMkE9PSIsInZhbHVlIjoiR3gzS2Z1d01vTlJ0SkNJQ3NrTHl4QT09IiwibWFjIjoiZGVlOTgzZjM3Y2RlMTE0MzdmYzBmYjBiMzM0NWExYmVjNzEzYjQ0ZDE1M2M1NTQ5NDFhZGYyMzk1MWZhNWY4NSIsInRhZyI6IiJ9;1;FALSE;FALSE;FALSE;-1.912246337;116.1881236;valid;adib.tamtama;;;;;hj salabiah salabiah;0;0;0;;;pasar senaken rt 0 rw 0;;47;hj salabiah salabiah pasar senaken rt 0 rw 0 kbli47;1;0;1;1;Aktif;PASAR SENAKEN RT 0RW 0;P01;P01;;1;DONE 01/02 - 8.07 PM
15404;55124821;RUDY FIDIYATMOKO;wil.pasar senaken, RT 0/RW 0;6401040016;64;1;40;16;KALIMANTAN TIMUR;PASER;TANAH GROGOT;SENAKEN;eyJpdiI6ImhqRFdLbldMZ3gwaHUxNmdGdzExV1E9PSIsInZhbHVlIjoibmIzOVB0ekdzeG1PMzNqT0N6OGU3Zz09IiwibWFjIjoiNWRmZjE0NDJlNDZjYmJlZGMwYzI0MjAwOTUzZjVjNjI1ZTA4OGQ0NDIxOTdhYjQ3ZWI2MTVmNDg5MTkxNjA5ZiIsInRhZyI6IiJ9;;[Kegiatan Usaha: menjual rempah, Kategori: G, KBLI: 47219];;;;UMKM;;-1.921383454;116.2869233;valid;eyJpdiI6IkpTTWN5enAwUkQ4WGd2emo1QWF2MUE9PSIsInZhbHVlIjoiR3k5SUd0R2JtWitSTWM1LzB1dk0vZz09IiwibWFjIjoiNjA0YmNhZmRiMzY3NzY0MTllZGU2NzAwZWI0MDBmNDI5ZjgyNGFlMTY5MTZlYzlmNzMyN2Y0ZmE3YjY1NTI0YSIsInRhZyI6IiJ9;1;FALSE;FALSE;FALSE;-1.921383454;116.2869233;valid;adib.tamtama;;;;;rudy fidiyatmoko;0;0;0;;;wil pasar senaken rt 0 rw 0;;47;rudy fidiyatmoko wil pasar senaken rt 0 rw 0 kbli47;1;0;1;0;Aktif;wilpasar senaken RT 0RW 0;P01;P01;;1;DONE 01/02 - 8.07 PM
15413;55155198;BINTI MUTMAINAH;wilayah pasar senaken, RT 0/RW 0;6401040016;64;1;40;16;KALIMANTAN TIMUR;PASER;TANAH GROGOT;SENAKEN;eyJpdiI6InFBczFIWkowa0VCQ0JDZ2tMQmZPd3c9PSIsInZhbHVlIjoiZVNLU1lHR1FVMkx6VFFzcUJFOHZXQT09IiwibWFjIjoiN2RkODBmNzBkZTI0ODhmOTFlNDlkNzQ4ZjhkNTFmNTNiZGE3YWYwY2IxNDUxMWMxM2QzZjcyNmE2YjQ4ZWUwNiIsInRhZyI6IiJ9;;[Kegiatan Usaha: menjual sayuran, Kategori: G, KBLI: 47213];;;;UMKM;;-1.933935197;116.164607;invalid;;;FALSE;FALSE;TRUE;;;invalid;;;;;;binti mutmainah;0;0;0;;;wilayah pasar senaken rt 0 rw 0;;47;binti mutmainah wilayah pasar senaken rt 0 rw 0 kbli47;1;0;1;0;Aktif;wilayah pasar senaken RT 0RW 0;P01;P01;;1;DONE 01/02 - 8.07 PM
15416;55153276;KERUPUK HASANNUDIN <HASANNUDDIN>;Pasar senaken hamparan subuh, RT 0/RW 0;6401040016;64;1;40;16;KALIMANTAN TIMUR;PASER;TANAH GROGOT;SENAKEN;eyJpdiI6IkNDNTBOUmZzTEwwY3hhZGJ5Zk9zYmc9PSIsInZhbHVlIjoiWkxWSjZuNlFuV2RzS3lmM0FnSE11dz09IiwibWFjIjoiOGQ0ZjQ3Mzk0MDIxYjYxZTU0NGExNzRjYzIwMjhhNzhlZmQ1ODVjMTI4NjBjYTQ4ZTZhODYzMGQ4OGZlYmY2OSIsInRhZyI6IiJ9;;[Kegiatan Usaha: Menjual kerupuk eceran di pasar, Kategori: G, KBLI: 47829];;;;UMKM;;-1.933935197;116.164607;invalid;;;FALSE;FALSE;TRUE;;;invalid;;;;;;kerupuk hasannudin hasannuddin;0;0;0;;;pasar senaken hamparan subuh rt 0 rw 0;;47;kerupuk hasannudin hasannuddin pasar senaken hamparan subuh rt 0 rw 0 kbli47;1;0;1;1;Aktif;Pasar senaken hamparan subuh RT 0RW 0;P01;P01;;1;DONE 01/02 - 8.07 PM
15423;55127614;MUSTAMIL;Pasar senaken, RT 0/RW 0;6401040016;64;1;40;16;KALIMANTAN TIMUR;PASER;TANAH GROGOT;SENAKEN;eyJpdiI6IkJXS3ZVTDZTeGhsajNvZ2o1S2ZHL2c9PSIsInZhbHVlIjoiNnYwUTRKd2lSV0F6MmJ6UEtGUDVydz09IiwibWFjIjoiZmE5ZWMxOWUzODBiNzEzOGYxOGMzMDI5OTQyMmMwMmM2NGE4NmU1ZDgyNmQyNDU2YmYwMjY5ZjFjOTkyOWIyMCIsInRhZyI6IiJ9;;[Kegiatan Usaha: Menjual pakaian, Kategori: G, KBLI: 47711];;;;UMKM;;-1.933935197;116.164607;invalid;;;FALSE;FALSE;TRUE;;;invalid;;;;;;mustamil;0;0;0;;;pasar senaken rt 0 rw 0;;47;mustamil pasar senaken rt 0 rw 0 kbli47;1;0;1;0;Aktif;Pasar senaken RT 0RW 0;P01;P01;;1;DONE 01/02 - 8.07 PM
15431;55069692;TOKO ESSHA SHOP <SERIYAH>;Pasar senaken, RT 0/RW 0;6401040009;64;1;40;9;KALIMANTAN TIMUR;PASER;TANAH GROGOT;JONE;eyJpdiI6IkM4MlF2elpoc1o5L1J3MWp5U3FhWmc9PSIsInZhbHVlIjoiUEJFRU1FYStnemRUN214MWxEbXdPUT09IiwibWFjIjoiM2YxODVlYjM2YjIyZmE2MmFhNDhmNDc3ODYwZDU2NmI5ODM5MjczNjI1M2NjMTkyN2UzYjk5NzFjNTI4OGE1NyIsInRhZyI6IiJ9;;[Kegiatan Usaha: MENJUAL TAS, Kategori: G, KBLI: 47714];;;;UMKM;;-1.933935197;116.164607;invalid;;;FALSE;FALSE;TRUE;;;invalid;;;;;;essha shop seriyah;0;0;0;;;pasar senaken rt 0 rw 0;;47;essha shop seriyah pasar senaken rt 0 rw 0 kbli47;1;0;1;1;Aktif;Pasar senaken RT 0RW 0;P01;P01;;1;DONE 01/02 - 8.07 PM
15432;55156855;KOPI BUBUK JUMINI <JUMINI>;Pasar senaken blok A, RT 0/RW 0;6401040016;64;1;40;16;KALIMANTAN TIMUR;PASER;TANAH GROGOT;SENAKEN;eyJpdiI6Ik1lUGZLNEs2WHQ1ZUlXZy90WWRSR2c9PSIsInZhbHVlIjoic28yWHl2bGp1Yk9adkNOZlJsYVN2QT09IiwibWFjIjoiMjY2ZTg1YjU1MzJhNzE3NWU3YzA5NDRiYzNhMGZjMGExNThlZjdjYTlkNmNmN2Q1YTI2NTFhYzAzMzVlMzgxMyIsInRhZyI6IiJ9;;[Kegiatan Usaha: Menjual kopi bubuk, Kategori: C, KBLI: 10761];;;;UMKM;;-2.002510982;116.210225;valid;eyJpdiI6Im9kNGRIWW80a04vMXhVaDM0WnBoUnc9PSIsInZhbHVlIjoiR1ovSnU0d2lLTUdhV1JaYXdlMWVEUT09IiwibWFjIjoiNzFmNDhjZWJmMzY4YWE5NWYzNTRiYjNhZmU3NmUwZjI4NDkyZDY1NmU5YzI4ODIzZDQxMzljOWZmZjkzYWY5OSIsInRhZyI6IiJ9;1;FALSE;FALSE;FALSE;-2.002510982;116.210225;valid;adib.tamtama;;;;;kopi bubuk jumini jumini;0;0;0;;;pasar senaken blok a rt 0 rw 0;;10;kopi bubuk jumini jumini pasar senaken blok a rt 0 rw 0 kbli10;1;0;1;1;Aktif;Pasar senaken blok A RT 0RW 0;P01;P01;;1;DONE 01/02 - 8.07 PM
15435;55152608;TELOR ASIN PUTRI <PUTRI INAYAH>;Pasar senaken, RT 0/RW 0;6401040016;64;1;40;16;KALIMANTAN TIMUR;PASER;TANAH GROGOT;SENAKEN;eyJpdiI6IkJIRXBRRTdXTFdJRk84dzV1WFQ4b0E9PSIsInZhbHVlIjoiUFhXSlgydXN0YWptbEVlblNiREVhUT09IiwibWFjIjoiYjNhZDNkNTRlOWY4ZGMwY2Y3YjNjMDUwYzRjNmZmNzM2MTViNmQ3MjVmZGQwN2YwZGVmOTMyNDI5MjIzZGY1MCIsInRhZyI6IiJ9;;[Kegiatan Usaha: Menjual telur asin dilapak pasar, Kategori: C, KBLI: 10799];;;;UMKM;;-1.933935197;116.164607;invalid;;;FALSE;FALSE;TRUE;;;invalid;;;;;;telor asin putri putri inayah;0;0;0;;;pasar senaken rt 0 rw 0;;10;telor asin putri putri inayah pasar senaken rt 0 rw 0 kbli10;1;0;1;1;Aktif;Pasar senaken RT 0RW 0;P01;P01;;1;DONE 01/02 - 8.07 PM
15441;55075618;SAYUR SULAMI <SULAMI>;Pasar senaken, RT 0/RW 0;6401040016;64;1;40;16;KALIMANTAN TIMUR;PASER;TANAH GROGOT;SENAKEN;eyJpdiI6ImU5WXc2U3JKRjJ5TkRGYlIxcTFOU1E9PSIsInZhbHVlIjoicVk0WDFOTW9iMjlabHJJcy9hMVBtQT09IiwibWFjIjoiNmNiM2E5ZDkzNzRmOTlmNzBiZmZiZTJiY2I2ODhlNTA3NjhkNWFjN2E2MTNjMTk1YTU4NDM5YTc4NDE2NTgyMiIsInRhZyI6IiJ9;;[Kegiatan Usaha: Menjual sayur eceran di lapak pasar, Kategori: G, KBLI: 47213];;;;UMKM;;-1.8935057;116.2102999;valid;eyJpdiI6IlM3MFRoQ0NNVjFCZG9ySlo2SHZRNFE9PSIsInZhbHVlIjoiSmFqT3dZSCs0dDE0S0M1TXlpaDF2Zz09IiwibWFjIjoiODYxZmFhZTU1MWU2ODM5NjBjZDU1MDdmNjZlYTliMzcwYTg5MTJkYTI0NDRhNTZlODA4YjlhODUyZWI3YTljZiIsInRhZyI6IiJ9;1;FALSE;FALSE;FALSE;-1.8935057;116.2102999;valid;adib.tamtama;;;;;sayur sulami sulami;0;0;0;;;pasar senaken rt 0 rw 0;;47;sayur sulami sulami pasar senaken rt 0 rw 0 kbli47;1;0;1;1;Aktif;Pasar senaken RT 0RW 0;P01;P01;;1;DONE 01/02 - 8.07 PM
15457;55103022;SAYUR JURIAH <JURIAH>;Pasar senaken, RT 0/RW 0;6401040016;64;1;40;16;KALIMANTAN TIMUR;PASER;TANAH GROGOT;SENAKEN;eyJpdiI6IitZMm51SlprVUZsa2xVMjdLd0lrZHc9PSIsInZhbHVlIjoiNnJueUQ2dEZOQnV1aEJsK1pIVFhCdz09IiwibWFjIjoiNmVkNzE5NDU5ZjA3NDlhN2QyYjM0OGQwZGYzNjk0Nzk1YTFkYzY1MWY4OTNjMmI4OTAyNmE2ODMyMGFjNTEyNiIsInRhZyI6IiJ9;;[Kegiatan Usaha: Menjual sayur eceran di lapak pasar, Kategori: G, KBLI: 47213];;;;UMKM;;-1.933935197;116.164607;invalid;;;FALSE;FALSE;TRUE;;;invalid;;;;;;sayur juriah juriah;0;0;0;;;pasar senaken rt 0 rw 0;;47;sayur juriah juriah pasar senaken rt 0 rw 0 kbli47;1;0;1;1;Aktif;Pasar senaken RT 0RW 0;P01;P01;;1;DONE 01/02 - 8.07 PM
15471;55156902;IKAN BASAH MADI <MADI>;Pasar senaken blok c, RT 0/RW 0;6401040016;64;1;40;16;KALIMANTAN TIMUR;PASER;TANAH GROGOT;SENAKEN;eyJpdiI6ImZ2Wk1nS0o5RlFWMmxKTUEyQ011UWc9PSIsInZhbHVlIjoiaGtpaGVHVGlWTmRrRlRnN2ZiaFNzUT09IiwibWFjIjoiOTk5MzRmNzkwNGVhMzFhZGZhNjY2OGRlNmQ0MWI2NjM0OTE3MzJlMTQ5OGRhZDVlNTZhYTJhZjJlNDA3OGFhYiIsInRhZyI6IiJ9;;[Kegiatan Usaha: Menjual ikan basah di pasar, Kategori: G, KBLI: 47215];;;;UMKM;;-1.933935197;116.164607;invalid;;;FALSE;FALSE;TRUE;;;invalid;;;;;;ikan basah madi madi;0;0;0;;;pasar senaken blok c rt 0 rw 0;;47;ikan basah madi madi pasar senaken blok c rt 0 rw 0 kbli47;1;0;1;1;Aktif;Pasar senaken blok c RT 0RW 0;P01;P01;;1;DONE 01/02 - 8.07 PM
15472;55238317;SEMBAKO HEMRIANI <HEMRIANI>;Pasar senaken, RT 0/RW 0;6401040016;64;1;40;16;KALIMANTAN TIMUR;PASER;TANAH GROGOT;SENAKEN;eyJpdiI6ImQyM1lUTUJ0ZUF1UjMwWWJPcE45TkE9PSIsInZhbHVlIjoiTGE2WGdnQnFlYWI5QmNoL3IzYTBvdz09IiwibWFjIjoiOGU1ZTFiOWI1NTIyYzQ2ZjMwMmM4NDY3ODI4YzNmYzFhYmY3MWExZjBmOTFlNjcyZmI0ZDRkNjM2YzZlOTI0MSIsInRhZyI6IiJ9;;[Kegiatan Usaha: Menjual sembako eceran di lapak pasar, Kategori: G, KBLI: 47112];;;;UMKM;;-1.905375315;116.2050201;valid;eyJpdiI6ImdBM2lNTUN2RTlkNXNBTDd5cjFEMXc9PSIsInZhbHVlIjoiUHZQaGljNmVqUTBkN2FWclJxNUlDdz09IiwibWFjIjoiZTJmMjM2YzhmYmE3YTJiY2QzNDI1MzA5ZWU1NWMzMWRkYmRiODdjYmQ2YTI4NTg0OTRhZTYxYTdhYTU5NjFmZiIsInRhZyI6IiJ9;1;FALSE;FALSE;FALSE;-1.905375315;116.2050201;valid;adib.tamtama;;;;;sembako hemriani hemriani;0;0;0;;;pasar senaken rt 0 rw 0;;47;sembako hemriani hemriani pasar senaken rt 0 rw 0 kbli47;1;0;1;1;Aktif;Pasar senaken RT 0RW 0;P01;P01;;1;DONE 01/02 - 8.07 PM
15481;55126466;TOKO RISKY <MUHAMMAD PADILLAH>;PASAR SENAKEN, RT 0/RW 0;6401040009;64;1;40;9;KALIMANTAN TIMUR;PASER;TANAH GROGOT;JONE;eyJpdiI6IlJsbEEvWGVYUVAzV201NEp2UVpzTkE9PSIsInZhbHVlIjoiUWNqOEhYSTVZU0FrcWdoTVd5OFYrZz09IiwibWFjIjoiMzMwODRlMmI2OTAzMzBjOWQ2OGRlZjJhYWI1MWE5MGUyNTQzYmQwOTAwMjc5MmI0MDk3NDQzMGU5YWFiZWY1NyIsInRhZyI6IiJ9;;[Kegiatan Usaha: MENJUAL PAKAIAN, Kategori: G, KBLI: 47711];;;;UMKM;;-1.933935197;116.164607;invalid;;;FALSE;FALSE;TRUE;;;invalid;;;;;;risky muhammad padillah;0;0;0;;;pasar senaken rt 0 rw 0;;47;risky muhammad padillah pasar senaken rt 0 rw 0 kbli47;1;0;1;1;Aktif;PASAR SENAKEN RT 0RW 0;P01;P01;;1;DONE 01/02 - 8.07 PM
15482;55071694;JUMARLIN;Wilayah pasar senaken, RT 0/RW 0;6401040016;64;1;40;16;KALIMANTAN TIMUR;PASER;TANAH GROGOT;SENAKEN;eyJpdiI6IjZWRTZ1blJORnJiYmVadFJjZUJUUFE9PSIsInZhbHVlIjoiOWZsdXVnN3ZWSkkzY0dSTFg1VkNzdz09IiwibWFjIjoiYjA0ZjI0ZThlMmYxZDU5NmRlNWY3MTY0ZTY5NjhkZWYwMzU4YmU3MWI3NmFiYTFlMTkyNGUzNDFiMjA3MzY2ZCIsInRhZyI6IiJ9;;[Kegiatan Usaha: Menjual sayuran, Kategori: G, KBLI: 47813];;;;UMKM;;-1.850078333;116.165205;valid;eyJpdiI6IjhvNEJYak5tWmNzWTNUend2NHVnbWc9PSIsInZhbHVlIjoiVDZML29GNm9pd2RSVE5LNXN2N2hqdz09IiwibWFjIjoiMmU3MWQxYjY3ZTI4ZmYxMzM2NjZlZGEzNDc1NTZjNTdkNmEzOWE4NWY2ZGI0MjM3YzlmNzc1ZWUyMzg1NTc1ZiIsInRhZyI6IiJ9;1;FALSE;FALSE;FALSE;-1.850078333;116.165205;valid;adib.tamtama;;;;;jumarlin;0;0;0;;;wilayah pasar senaken rt 0 rw 0;;47;jumarlin wilayah pasar senaken rt 0 rw 0 kbli47;1;0;1;0;Aktif;Wilayah pasar senaken RT 0RW 0;P01;P01;;1;DONE 01/02 - 8.07 PM
15485;55069537;TOKO RAMADANI <FARIDA>;Pasar senaken, RT 0/RW 0;6401040009;64;1;40;9;KALIMANTAN TIMUR;PASER;TANAH GROGOT;JONE;eyJpdiI6IkJxRWtBSmtrSVVTb09yQXlzWFZ3RlE9PSIsInZhbHVlIjoiSXhidXVOOEUzd2lJaGNlalVFWHF4UT09IiwibWFjIjoiZGE2ZGVlOTIzY2YwMzhiYmZjMDdkZjE1YzYzZDBjODgyODJjM2I2Njk0YWIxZjU3Y2I4MmJhZDQ2YjQ3ZTNmMSIsInRhZyI6IiJ9;;[Kegiatan Usaha: MENJUAL PAKAIAN, Kategori: G, KBLI: 47711];;;;UMKM;;-1.933935197;116.164607;invalid;;;FALSE;FALSE;TRUE;;;invalid;;;;;;ramadani farida;0;0;0;;;pasar senaken rt 0 rw 0;;47;ramadani farida pasar senaken rt 0 rw 0 kbli47;1;0;1;1;Aktif;Pasar senaken RT 0RW 0;P01;P01;;1;DONE 01/02 - 8.07 PM
15508;55264867;SOTO LAMONGAN FIFIT <FIFIT SETIORINI>;Pasar senaken blok A, RT 0/RW 0;6401040016;64;1;40;16;KALIMANTAN TIMUR;PASER;TANAH GROGOT;SENAKEN;eyJpdiI6ImJFc0JxWXlYY29EUndSOFpDV1d5blE9PSIsInZhbHVlIjoiajJQcDNMN0hlMCtMTFZ5K1YxSktCdz09IiwibWFjIjoiOGVmZjc2OTM1MTc0MTgzMjJkM2QzZDFmMzQ3MWZmMzkyMzM0MThhNTIyYmI2ZTc1ZmFjMjczN2Y0YjIyMTE3YyIsInRhZyI6IiJ9;;[Kegiatan Usaha: Menjual soto dilos pasar, Kategori: G, KBLI: 47829];;;;UMKM;;-1.90002;116.2047567;valid;eyJpdiI6ImNXK3FLa3oxa05USERDeTlDcGgxcFE9PSIsInZhbHVlIjoiQmJ2aE9XdW5uUnJRakFMNmRPYWxTdz09IiwibWFjIjoiNjliYWRmN2IzNjFlYmM4MGJkZTlhZGYzNDA2NzBhNGMzYzY4NDE0YWRlZmMxMDQyNTFmMmI5Zjg3MjlmYjg5OSIsInRhZyI6IiJ9;1;FALSE;FALSE;FALSE;-1.90002;116.2047567;valid;adib.tamtama;;;;;soto lamongan fifit fifit setiorini;0;0;0;;;pasar senaken blok a rt 0 rw 0;;47;soto lamongan fifit fifit setiorini pasar senaken blok a rt 0 rw 0 kbli47;1;0;1;1;Aktif;Pasar senaken blok A RT 0RW 0;P01;P01;;1;DONE 01/02 - 8.07 PM
15519;55125718;TK. NISA <NISA URRAHMI>;Pasar senaken, RT 0/RW 0;6401040009;64;1;40;9;KALIMANTAN TIMUR;PASER;TANAH GROGOT;JONE;eyJpdiI6IjRBVmhYbHdxeWpVb0htV0krL2ZhZVE9PSIsInZhbHVlIjoiTU9ZTVNJamZpbmJYTE9mODh6RVZyQT09IiwibWFjIjoiZDg3NmUwYWE4YWJlNGUwZjhmNTAzYmJmMjZhOThkODJjOWIxNTMwZWM3NTVhYzBkYWZjMjY4Yjc2M2Q2ZDRmZiIsInRhZyI6IiJ9;;[Kegiatan Usaha: MENJUAL PAKIAN, Kategori: G, KBLI: 47711];;;;UMKM;;-1.917915;116.1992533;valid;eyJpdiI6IktVWkNoUGQyT21OMEQwTDRWUWsrQ2c9PSIsInZhbHVlIjoiQlIrVTk2S29WYk5NaEZvMVd1emxLdz09IiwibWFjIjoiMWI4YTQ1ZThkYjJmNGVjZTU3MmQ3NjFiMjE4ODE3YzAzNWY1ZWRjMzYyM2RiNzJiOTg2YzZkOTY3ZmU5NTQxMSIsInRhZyI6IiJ9;1;FALSE;FALSE;FALSE;-1.917915;116.1992533;valid;adib.tamtama;;;;;tk nisa nisa urrahmi;0;0;0;;;pasar senaken rt 0 rw 0;;47;tk nisa nisa urrahmi pasar senaken rt 0 rw 0 kbli47;1;0;1;1;Aktif;Pasar senaken RT 0RW 0;P01;P01;;1;DONE 01/02 - 8.07 PM
15523;55127881;TK. WAHYUDIN <WAHYUDI>;Pasar senaken, RT 0/RW 0;6401040016;64;1;40;16;KALIMANTAN TIMUR;PASER;TANAH GROGOT;SENAKEN;eyJpdiI6ImdnemppcmdkZXcwVnpjNkhoRmJ4OWc9PSIsInZhbHVlIjoiN0loUUJ2dnpXd21zSmpvM3NVYzJxQT09IiwibWFjIjoiMzdjMzZkYzM1MjJkYjczNTlkMTFlZTdjNWQxYjcyZmM1YWE1NTZlYTY2NmM5NGFlMWVkY2UwMzZlOTgyMzEzYSIsInRhZyI6IiJ9;;[Kegiatan Usaha: Menjual Alat Rumah tangga, Kategori: G, KBLI: 47863];;;;UMKM;;-1.92358;116.1855233;valid;eyJpdiI6Im1sWmcvemtZMWs3aVJXUUhrcnd5K3c9PSIsInZhbHVlIjoiUDBFR3RHajV0ZXl0bmsxWUpBTi9vQT09IiwibWFjIjoiZGZmNDJiZTM5NGRhMTRjOTk2ZThhZDliNjU2Y2M1MWQxNTU1NWVmYTViZDQ1MmZjYzVjM2VhY2VmYWE4MDc0NSIsInRhZyI6IiJ9;1;FALSE;FALSE;FALSE;-1.92358;116.1855233;valid;adib.tamtama;;;;;tk wahyudin wahyudi;0;0;0;;;pasar senaken rt 0 rw 0;;47;tk wahyudin wahyudi pasar senaken rt 0 rw 0 kbli47;1;0;1;1;Aktif;Pasar senaken RT 0RW 0;P01;P01;;1;DONE 01/02 - 8.07 PM
15535;55122236;TOKO ISAM <AHMAD SAMANI>;Pasar senaken, RT 0/RW 0;6401040009;64;1;40;9;KALIMANTAN TIMUR;PASER;TANAH GROGOT;JONE;eyJpdiI6ImxURWVrRFNKU1ZpZ3hlUU1mbTFjWGc9PSIsInZhbHVlIjoiV3BWRjdPbC9yUWFOaFVPNk9WNWFidz09IiwibWFjIjoiYTJmN2RmOTAwZDgwNDFlZTQ4OGNjYzVlYzI2MWM1ODUyYzY2Nzc1MzE5NTBhYjQxZjhmNjM2NTNiMzYyMmQyOCIsInRhZyI6IiJ9;;[Kegiatan Usaha: MENJUAL PAKAIAN, Kategori: G, KBLI: 47711];;;;UMKM;;-1.933935197;116.164607;invalid;;;FALSE;FALSE;TRUE;;;invalid;;;;;;isam ahmad samani;0;0;0;;;pasar senaken rt 0 rw 0;;47;isam ahmad samani pasar senaken rt 0 rw 0 kbli47;1;0;1;1;Aktif;Pasar senaken RT 0RW 0;P01;P01;;1;DONE 01/02 - 8.07 PM
15536;55154359;NUNSIAH;Pasar senaken, RT 0/RW 0;6401040016;64;1;40;16;KALIMANTAN TIMUR;PASER;TANAH GROGOT;SENAKEN;eyJpdiI6IjZOaVNOOGk5bEsyRlBub2svN2VOTWc9PSIsInZhbHVlIjoiQ2s1ZlQ1b2VFZlRPbGpMeXNnWnh1Zz09IiwibWFjIjoiODk5YzY5OThkMTQ4MjZiMzg3YmU5ZTI0NmJiOTc0ZTcyNjVjMTYxYWM0MDkwNmRhYjIxZTdhMzYzODVjMWE2MSIsInRhZyI6IiJ9;;[Kegiatan Usaha: Menjual pakaian, Kategori: G, KBLI: 47711];;;;UMKM;;-1.933935197;116.164607;invalid;;;FALSE;FALSE;TRUE;;;invalid;;;;;;nunsiah;0;0;0;;;pasar senaken rt 0 rw 0;;47;nunsiah pasar senaken rt 0 rw 0 kbli47;1;0;1;0;Aktif;Pasar senaken RT 0RW 0;P01;P01;;1;DONE 01/02 - 8.07 PM
15545;55103728;SARIPAH. HJ <SARIPAH HJ>;wilayah pasar senaken, RT 0/RW 0;6401040016;64;1;40;16;KALIMANTAN TIMUR;PASER;TANAH GROGOT;SENAKEN;eyJpdiI6IjR5dkxsYStPNDJTUVk5ZFd5OWRqclE9PSIsInZhbHVlIjoiZFl4dXNSRUJYY1cyNWF1RWVjZzgxdz09IiwibWFjIjoiNDc1YmNjYzVjZWI1ZjIzMDFiNzkyMTRkNjA4M2Q2Nzk1MjExNjNmYjc5ZmUzMDYwMmM4MjM2YzRmNzZkNzE5YyIsInRhZyI6IiJ9;;[Kegiatan Usaha: warung kopi, Kategori: G, KBLI: 47811];;;;UMKM;;-1.933935197;116.164607;invalid;;;FALSE;FALSE;TRUE;;;invalid;;;;;;saripah hj saripah hj;0;0;0;;;wilayah pasar senaken rt 0 rw 0;;47;saripah hj saripah hj wilayah pasar senaken rt 0 rw 0 kbli47;1;0;1;1;Aktif;wilayah pasar senaken RT 0RW 0;P01;P01;;1;DONE 01/02 - 8.07 PM
15549;55077418;HAMDIAH;Wilayah pasar senaken, RT 0/RW 0;6401040016;64;1;40;16;KALIMANTAN TIMUR;PASER;TANAH GROGOT;SENAKEN;eyJpdiI6ImMwUEVicHNSeHlaT1RBM3JRcjhoYXc9PSIsInZhbHVlIjoiRjZldngvUEFYTHVpbTFZa0VET0tFdz09IiwibWFjIjoiZjlkMmZkMzk1YzI4Mzk4Y2I0ZWExMjE3MTA2YzY3YWMzYmM3MWYzMDU1NjNjMzdmODk5MTBjNWY5NGQ2MTM4OSIsInRhZyI6IiJ9;;[Kegiatan Usaha: Warung makan dan minum, Kategori: I, KBLI: 56103];;;;UMKM;;-1.933935197;116.164607;invalid;;;FALSE;FALSE;TRUE;;;invalid;;;;;;hamdiah;0;0;0;;;wilayah pasar senaken rt 0 rw 0;;56;hamdiah wilayah pasar senaken rt 0 rw 0 kbli56;1;0;1;0;Aktif;Wilayah pasar senaken RT 0RW 0;P01;P01;;1;DONE 01/02 - 8.07 PM
15568;55302072;IKAN BASAH MUSTAPIAH <NURHASNAWATI>;Pasar senaken, RT 0/RW 0;6401040016;64;1;40;16;KALIMANTAN TIMUR;PASER;TANAH GROGOT;SENAKEN;eyJpdiI6InN2azdSeDRFTTRxK2pDUGZranYxUUE9PSIsInZhbHVlIjoibDFKc256VTdSbFRBL2I2MWtsSnFvUT09IiwibWFjIjoiMTY1YTJlYjU5MGY5YjdhZDZmNzdlZDAzNmVhMDM3N2E1MjdkZTZjNTI2NzUyNzViZTZlOTI5ZjBlNjA4ZjUyYSIsInRhZyI6IiJ9;;[Kegiatan Usaha: Menjual ikan basah eceran di pasar, Kategori: G, KBLI: 47215];;;;UMKM;;-1.933935197;116.164607;invalid;;;FALSE;FALSE;TRUE;;;invalid;;;;;;ikan basah mustapiah nurhasnawati;0;0;0;;;pasar senaken rt 0 rw 0;;47;ikan basah mustapiah nurhasnawati pasar senaken rt 0 rw 0 kbli47;1;0;1;1;Aktif;Pasar senaken RT 0RW 0;P01;P01;;1;DONE 01/02 - 8.07 PM
15574;55099967;SAYUR TINAH <TINAH>;Pasar senaken, RT 0/RW 0;6401040016;64;1;40;16;KALIMANTAN TIMUR;PASER;TANAH GROGOT;SENAKEN;eyJpdiI6IlpMblBDanBxRnpucjBXSHg0cU5pcmc9PSIsInZhbHVlIjoiMy90cGFYZ011YzNjOGd0M21HTUZrZz09IiwibWFjIjoiZjMxNzRhNjcxY2JiZjNkOTg1YTRlMDFmZWU5YmUxMDhhZmE4MmVlZDcyZmE5ZGQ2MGNmNmIwMTQwNjE1MmRkYSIsInRhZyI6IiJ9;;[Kegiatan Usaha: Menjual sayur eceran di lapak pasar, Kategori: G, KBLI: 47213];;;;UMKM;;-1.923818333;116.1893333;valid;eyJpdiI6InM2bDQ3RGFWU3ZtWjA3MXVzUzRmYkE9PSIsInZhbHVlIjoiVUNEdTFqNk9JMGU1Qi9vZVBrMUc0Zz09IiwibWFjIjoiZDkwOTRmMDI1YWE1NmFkNGMzN2U0NGQwZjk2M2JhNGRhZjM5ZWUyMjM3NmUxYWZmNmIzOTAyNzNlMjAwZWUwZiIsInRhZyI6IiJ9;1;FALSE;FALSE;FALSE;-1.923818333;116.1893333;valid;adib.tamtama;;;;;sayur tinah tinah;0;0;0;;;pasar senaken rt 0 rw 0;;47;sayur tinah tinah pasar senaken rt 0 rw 0 kbli47;1;0;1;1;Aktif;Pasar senaken RT 0RW 0;P01;P01;;1;DONE 01/02 - 8.07 PM
15578;55154851;ANGGITA ROSADA HASIBUAN;wil. ppasar senaken, RT 0/RW 0;6401040016;64;1;40;16;KALIMANTAN TIMUR;PASER;TANAH GROGOT;SENAKEN;eyJpdiI6IkFqVS9XalpMb083QmpxYmd3bit6d1E9PSIsInZhbHVlIjoiSks1YVVyQmJjZU44d2QrcUh0by9RQT09IiwibWFjIjoiOWY0M2I1YmQ5ZTYxZDQwNDM4ZDBkNjJkYmYwNzc3YzVlNmY3OWM2ZmVmNmM2MmE0NGE4MjMzMjJmODNjN2NkMyIsInRhZyI6IiJ9;;[Kegiatan Usaha: menjual berbagai jenis pisang, Kategori: G, KBLI: 47212];;;;UMKM;;-1.9066753;116.1983819;valid;eyJpdiI6IkFlbTdYN2ZqWEwrQitXQkRKTEpleGc9PSIsInZhbHVlIjoiekhlUTJJWVVRb0xhbDFzVFpyd0Fndz09IiwibWFjIjoiNGZjYTM5M2Q0YmQwYjAyMjIwNDg2MDM3Nzc2MWFmYzUwYzBiMmQ3MTNmODEzNjQ0MzAwZjA1NzA1ZTRmMjZjYiIsInRhZyI6IiJ9;1;FALSE;FALSE;FALSE;-1.9066753;116.1983819;valid;adib.tamtama;;;;;anggita rosada hasibuan;0;0;0;;;wil ppasar senaken rt 0 rw 0;;47;anggita rosada hasibuan wil ppasar senaken rt 0 rw 0 kbli47;1;0;1;0;Aktif;wil ppasar senaken RT 0RW 0;P01;P01;;1;DONE 01/02 - 8.07 PM
15580;55179497;KUE PUKIS HARYANTO <HARYANTO>;Pasar senaken, RT 0/RW 0;6401040016;64;1;40;16;KALIMANTAN TIMUR;PASER;TANAH GROGOT;SENAKEN;eyJpdiI6IkorcHJYbUsxUTQxQWo2QTE2WG1naFE9PSIsInZhbHVlIjoielpIUzBPNnJ2NjJ6UGVOUFBEOWRrdz09IiwibWFjIjoiMjg2NWRkOWZjZTMwNDdiODVhOGIzNmNiMTE5ZDUyYmQxMDBlNzg3MTlmZDIxMjg2Yjc0YTAzNzg2M2MzNmY2MSIsInRhZyI6IiJ9;;[Kegiatan Usaha: Menjual kue pukis eceran di pasar, Kategori: G, KBLI: 47822];;;;UMKM;;-1.88057805;116.193291;valid;eyJpdiI6Imw0djhnZlRJUWpjR0UyYlFYcS9BVHc9PSIsInZhbHVlIjoiUUZ5cURTWXVSREpacU5yYyttRGkwUT09IiwibWFjIjoiMTU5MDc5N2E0ZWRmOTUxNzlhMDM1MWU3OTc1M2MwY2FjM2ZkMzRmYWJiY2U4Mjg4MjI3MzQ5ZTA5MDFhMGMzNyIsInRhZyI6IiJ9;1;FALSE;FALSE;FALSE;-1.88057805;116.193291;valid;adib.tamtama;;;;;kue pukis haryanto haryanto;0;0;0;;;pasar senaken rt 0 rw 0;;47;kue pukis haryanto haryanto pasar senaken rt 0 rw 0 kbli47;1;0;1;1;Aktif;Pasar senaken RT 0RW 0;P01;P01;;1;DONE 01/02 - 8.07 PM
15600;55098104;BERAS KARSIPAH <KARSIPAH>;Pasar Senaken, RT 0/RW 0;6401040016;64;1;40;16;KALIMANTAN TIMUR;PASER;TANAH GROGOT;SENAKEN;eyJpdiI6ImJ1aUFkNFN5c2dlejl6WGpNYUZtWnc9PSIsInZhbHVlIjoiQktQU1pocUpiMkhiYVF3UW1VdjBFZz09IiwibWFjIjoiMDk1NGVmMWIxYzNjOTBhYmVmYWQwOWYwM2Q2YzY1NTUyZDQ0YzRiZTMzMmE5M2ViZmM3NmI3YmE1YmFjNjZlYyIsInRhZyI6IiJ9;;[Kegiatan Usaha: Menjual beras eceran di pasar, Kategori: G, KBLI: 47241];;;;UMKM;;-1.898708333;116.1948067;valid;eyJpdiI6IkVoUnZ5dEJMMWNSeVZoZ2t4Z29LNWc9PSIsInZhbHVlIjoiaWN3ZmtJWE1jNTFVYmJLUXcwNFZ5Zz09IiwibWFjIjoiNTVhZjJiNjVkYWVjNDlhNmQyNjA0OTQ1ZDFkMjg3NmIxOTE1YzdlZjQ0ZDk0ZGEyZmI4Zjg3MWMzZWM1ZGRhZSIsInRhZyI6IiJ9;1;TRUE;TRUE;FALSE;-1.898708333;116.1948067;valid;raka.prawira;;;;;beras karsipah karsipah;0;0;0;;;pasar senaken rt 0 rw 0;;47;beras karsipah karsipah pasar senaken rt 0 rw 0 kbli47;1;0;1;1;Aktif;Pasar Senaken RT 0RW 0;P01;P01;;1;DONE 01/02 - 8.07 PM
15601;55072771;SEMBAKO AGUS SETIAWAN <AGUS SETIAWAN>;Pasar senaken, RT 0/RW 0;6401040016;64;1;40;16;KALIMANTAN TIMUR;PASER;TANAH GROGOT;SENAKEN;eyJpdiI6IjVBRWJzbjJ0dXZBQUowbVNRcU5ZbEE9PSIsInZhbHVlIjoiamFaZFpPSWVWSzRvNHFvT29uRGpXZz09IiwibWFjIjoiMzUzZmJjYzRjNTY4YWYwOWMxMTkyNmJiMzA4MDZjYzM4YTY2NWEyZDgxMTc1YzM3MGNhOTUzMWJiNjUxMjdmNyIsInRhZyI6IiJ9;;[Kegiatan Usaha: Menjual sembako eceran di lapak pasar, Kategori: G, KBLI: 47112];;;;UMKM;;-1.905375315;116.2050201;valid;eyJpdiI6Ik05bXZQN01KVzhpdmpxMzUyMDNmSmc9PSIsInZhbHVlIjoiMGtRWUhObVlVc0czeGNBR0U5VFJNUT09IiwibWFjIjoiNzM0NzE3ZTUwOGE4MTIyMjQ1NTQwZDM2OGVhZDExOGMyYTczZWU0NTAzYzhmNWQ2NTRlNWZlZWZjNWM3MGQxMiIsInRhZyI6IiJ9;1;TRUE;TRUE;FALSE;-1.905375315;116.2050201;valid;raka.prawira;;;;;sembako agus setiawan agus setiawan;0;0;0;;;pasar senaken rt 0 rw 0;;47;sembako agus setiawan agus setiawan pasar senaken rt 0 rw 0 kbli47;1;0;1;1;Aktif;Pasar senaken RT 0RW 0;P01;P01;;1;DONE 01/02 - 8.07 PM
15604;55152523;TOKO H. HASAN <BAHRIAH>;Pasar senaken, RT 0/RW 0;6401040009;64;1;40;9;KALIMANTAN TIMUR;PASER;TANAH GROGOT;JONE;eyJpdiI6ImNkQndlZTFlRlVDQ0MrL2RTVTJEWmc9PSIsInZhbHVlIjoiSURia293WVVNT0NPb2hzalJRQUtxdz09IiwibWFjIjoiNGE1ODlhY2NlNTYzOWNjMjY2N2RjN2UwMTIwMTYyZTgzZGM0YmIyYzdhMzNmNjM4ZmEzZTdiMGRkZDRkNTIzYyIsInRhZyI6IiJ9;;[Kegiatan Usaha: MENJUAL PECAH BELAH, Kategori: G, KBLI: 47863];;;;UMKM;;-1.933935197;116.164607;invalid;;;FALSE;FALSE;TRUE;;;invalid;;;;;;h hasan bahriah;0;0;0;;;pasar senaken rt 0 rw 0;;47;h hasan bahriah pasar senaken rt 0 rw 0 kbli47;1;0;1;1;Aktif;Pasar senaken RT 0RW 0;P01;P01;;1;DONE 01/02 - 8.07 PM
15610;55068971;SUDIYANI;wil.pasar senaken, RT 0/RW 0;6401040016;64;1;40;16;KALIMANTAN TIMUR;PASER;TANAH GROGOT;SENAKEN;eyJpdiI6IjRDeEFQRTVlRGQvUmNHUWkxdGwrWnc9PSIsInZhbHVlIjoiVEEwcmFzeXRyQ3pra1huSTB0ZlY2UT09IiwibWFjIjoiZGRmNzA0MmE0Y2M2M2Q5YTZiZDQ1YWNlZmY2MTAyYmNhMmZlNGUxZTAzMWNmMDBhMGY0NWZhNTVmYjExYWQzYiIsInRhZyI6IiJ9;;[Kegiatan Usaha: menjual rempah, Kategori: G, KBLI: 47219];;;;UMKM;;-1.933935197;116.164607;invalid;;;FALSE;FALSE;TRUE;;;invalid;;;;;;sudiyani;0;0;0;;;wil pasar senaken rt 0 rw 0;;47;sudiyani wil pasar senaken rt 0 rw 0 kbli47;1;0;1;0;Aktif;wilpasar senaken RT 0RW 0;P01;P01;;1;DONE 01/02 - 8.07 PM
15612;55047209;PLASTIK RATNO <RATNO>;Pasar senaken, RT 0/RW 0;6401040016;64;1;40;16;KALIMANTAN TIMUR;PASER;TANAH GROGOT;SENAKEN;eyJpdiI6IlBuMXZHZ2tFYVFYR3NmNHBMUHp0RlE9PSIsInZhbHVlIjoiWnhwZUlRREM0UzUySEo3QUNGR0ZWUT09IiwibWFjIjoiMmU4NDE3ZTUzYjI1OTExODBkYjEwMzhjMWI1ZGRkYjM2YmE0MmVhY2NiYTEwMTdhMzMwZTU0OTk0Njc3NDY3YyIsInRhZyI6IiJ9;;[Kegiatan Usaha: Menjual kantong plastik eceran di lapak pasar, Kategori: G, KBLI: 47737];;;;UMKM;;-1.840339017;116.2371842;valid;eyJpdiI6ImlDdUc2R1MvbG9hTzVYVXlUY1NYUHc9PSIsInZhbHVlIjoiRXJMMTJjTUhHRlNKeXUvK0pHM1BhUT09IiwibWFjIjoiNTljNzQyZDg0MmRlYjkyMjk4ODI1YThiNTYxMmIyYjFjNWQ4MzAxNGM3ZWEzODdjZmY2MWZhN2JhY2M1NTE1NSIsInRhZyI6IiJ9;1;TRUE;TRUE;FALSE;-1.840339017;116.2371842;valid;raka.prawira;;;;;plastik ratno ratno;0;0;0;;;pasar senaken rt 0 rw 0;;47;plastik ratno ratno pasar senaken rt 0 rw 0 kbli47;1;0;1;1;Aktif;Pasar senaken RT 0RW 0;P01;P01;;1;DONE 01/02 - 8.07 PM
15614;55181587;TOKO LATIFAH <HAMDIAH>;Pasar senaken, RT 0/RW 0;6401040009;64;1;40;9;KALIMANTAN TIMUR;PASER;TANAH GROGOT;JONE;eyJpdiI6ImlCVTBrRWh4QjR3T2pWZnRuc0Fjc2c9PSIsInZhbHVlIjoiMU5HT3gxQ0VQbnBMRC9iOW0vWjkxQT09IiwibWFjIjoiMDQzZjRmM2Y0NjUzNWFlYjUyZDVlOWVmN2U5YjgwODk1YTEyZDJjMzZmZGI1MjZiODUwZjhlYTA1YmIxMmI2NiIsInRhZyI6IiJ9;;[Kegiatan Usaha: MENJUAL PAKAIAN, Kategori: G, KBLI: 47711];;;;UMKM;;-1.933935197;116.164607;invalid;;;FALSE;FALSE;TRUE;;;invalid;;;;;;latifah hamdiah;0;0;0;;;pasar senaken rt 0 rw 0;;47;latifah hamdiah pasar senaken rt 0 rw 0 kbli47;1;0;1;1;Aktif;Pasar senaken RT 0RW 0;P01;P01;;1;DONE 01/02 - 8.07 PM
15619;55153056;IDA RIYANI;Wil. Pasar senaken, RT 0/RW 0;6401040016;64;1;40;16;KALIMANTAN TIMUR;PASER;TANAH GROGOT;SENAKEN;eyJpdiI6IkJYdmt2ckJtVzJJbGNTUFVuUzZWUWc9PSIsInZhbHVlIjoiOGdxalplZVo0eWVDbjBLT1U0WUhIdz09IiwibWFjIjoiMWEyNTI4ZmQzYTYxN2FlZjNhZmM0Y2QyY2E3MzI5ZjVlZjNkNDJmOTcyYTE1ZWYwMjBmYjRiM2JlY2JmYjEyMSIsInRhZyI6IiJ9;;[Kegiatan Usaha: Sayuran pelengkap, Kategori: G, KBLI: 47213];;;;UMKM;;-1.905216667;116.2238067;valid;eyJpdiI6Ikxzd3NpNFlvdVN3eUhpZTNZeTlSYXc9PSIsInZhbHVlIjoiZkQ1MFYwY1Y0Z0NKNjk4Sk1pU3VPZz09IiwibWFjIjoiNGVmMDQ0OGI4YzM0NzAxMGZhNGE5YTE5Y2U4MjMxZTY0NTA5MDExYjYzNzhiOTgxZDdhMTVmNzM2YzI0N2Q3OSIsInRhZyI6IiJ9;1;TRUE;TRUE;FALSE;-1.905216667;116.2238067;valid;raka.prawira;;;;;ida riyani;0;0;0;;;wil pasar senaken rt 0 rw 0;;47;ida riyani wil pasar senaken rt 0 rw 0 kbli47;1;0;1;0;Aktif;Wil Pasar senaken RT 0RW 0;P01;P01;;1;DONE 01/02 - 8.07 PM
15629;55127470;MARIA ULFAH;wilayah pasar senaken, RT 0/RW 0;6401040016;64;1;40;16;KALIMANTAN TIMUR;PASER;TANAH GROGOT;SENAKEN;eyJpdiI6Ijk0cmxMd3RvVVdjUUtVdStTVUZVdmc9PSIsInZhbHVlIjoicFZVbXQwSmloUDBVZ0JLSjhpVHowQT09IiwibWFjIjoiOGJlOGUzNDZlODBlYmFhNzllOWQ3MGNjNDYzYWRlMjQ2MmE1Y2YxNmU1MmU3MGM0YmY2ZGM3NjA2MTE3NzM0ZiIsInRhZyI6IiJ9;;[Kegiatan Usaha: menjual pisang eceran, Kategori: G, KBLI: 47212];;;;UMKM;;-1.933935197;116.164607;invalid;;;FALSE;FALSE;TRUE;;;invalid;;;;;;maria ulfah;0;0;0;;;wilayah pasar senaken rt 0 rw 0;;47;maria ulfah wilayah pasar senaken rt 0 rw 0 kbli47;1;0;1;0;Aktif;wilayah pasar senaken RT 0RW 0;P01;P01;;1;DONE 01/02 - 8.07 PM
15645;55098716;SALAK MULKUZZAENAH <MULKUZZAENAH>;Pasar senaken, RT 0/RW 0;6401040016;64;1;40;16;KALIMANTAN TIMUR;PASER;TANAH GROGOT;SENAKEN;eyJpdiI6InhNeUxrdExNSG5weWRWcHI3N1Y4cEE9PSIsInZhbHVlIjoiY2NHd0czR0FkRHd3Y1BiY2VuTzdNdz09IiwibWFjIjoiMGVkMjk5MzExYTYzNWZkOTc1ZGQzNWY3N2ZmZWJkYWE1YzJlOGQxYzc3YzdhYmEzMTMxODRlNTg0NTRlMzE3MSIsInRhZyI6IiJ9;;[Kegiatan Usaha: Menjual salak eceran di lapak pasar, Kategori: G, KBLI: 47212];;;;UMKM;;-1.843532548;116.242788;valid;eyJpdiI6InNBUFAvM2UvK24xQmt2QzdEeXF6Z3c9PSIsInZhbHVlIjoiMDlJWlBvY05wYmFsQVNUKy9FRWxvZz09IiwibWFjIjoiZWZkYzM3ZmEwYWQ1ZGQzOTNjYmE3MmM4NmMzNjdhNmQ4ZjQwNDQzMTcxMWQ2ZDFhNjU2MGI2MGQyOWIyMDMyMyIsInRhZyI6IiJ9;1;TRUE;TRUE;FALSE;-1.843532548;116.242788;valid;raka.prawira;;;;;salak mulkuzzaenah mulkuzzaenah;0;0;0;;;pasar senaken rt 0 rw 0;;47;salak mulkuzzaenah mulkuzzaenah pasar senaken rt 0 rw 0 kbli47;1;0;1;1;Aktif;Pasar senaken RT 0RW 0;P01;P01;;1;DONE 01/02 - 8.07 PM
15649;55236951;HIJAB COLEKSEN <SAINI>;Pasar senaken, RT 0/RW 0;6401040016;64;1;40;16;KALIMANTAN TIMUR;PASER;TANAH GROGOT;SENAKEN;eyJpdiI6Im9PVUgvS1VuS2wraUxyMi93a0diNGc9PSIsInZhbHVlIjoidkJqaTVEU2pEYlhTNitnZ3ZQL3BvZz09IiwibWFjIjoiZDU3NTY2MWUzZTc3NTM2NjlkNTg1MGFkOGM2YTJhNDZjYzFhZjNkOWM0ZDRkOWJlMGFkNmQ3ZTFmMzFjNTY5NyIsInRhZyI6IiJ9;;[Kegiatan Usaha: Memjual pakaian, Kategori: G, KBLI: 47711];;;;UMKM;;-2.448545043;115.1612311;valid;eyJpdiI6IjIvVUplQ3hwVmYrL1cwcVlGZkxNSmc9PSIsInZhbHVlIjoicFVJUzdxMEo3cVFDeHEwTmFRc1ZnQT09IiwibWFjIjoiMmQ3ZDcxNmZmZTdjZjEzYmRhMmJiNjA2YjAxOGIwYzIwYjYyYzFhNGNkYWQwOWQzZGQ0MTlkM2I5Y2QyNjE5ZiIsInRhZyI6IiJ9;1;TRUE;TRUE;FALSE;-2.448545043;115.1612311;valid;raka.prawira;;;;;hijab coleksen saini;0;0;0;;;pasar senaken rt 0 rw 0;;47;hijab coleksen saini pasar senaken rt 0 rw 0 kbli47;1;0;1;1;Aktif;Pasar senaken RT 0RW 0;P01;P01;;1;DONE 01/02 - 8.07 PM
15665;55071522;TOKO BOBI <BOBI ARIANTO>;Pasar senaken, RT 0/RW 0;6401040009;64;1;40;9;KALIMANTAN TIMUR;PASER;TANAH GROGOT;JONE;eyJpdiI6IkFsaitOU0F4STdkaGYydUxmREExWnc9PSIsInZhbHVlIjoiM3g4TWVnS0JCZVlnRUg4K3IzeENtQT09IiwibWFjIjoiM2RlZTAyYThhMzQ2MWU2ZjJkYTVhODM1MGY2ZThhYmZjZGFiY2Y2MmEyZDJlNjkxNjEyODI0YjMyOGJlNmEyMiIsInRhZyI6IiJ9;;[Kegiatan Usaha: Menjual tas, Kategori: G, KBLI: 47714];;;;UMKM;;-1.933935197;116.164607;invalid;;;FALSE;FALSE;TRUE;;;invalid;;;;;;bobi bobi arianto;0;0;0;;;pasar senaken rt 0 rw 0;;47;bobi bobi arianto pasar senaken rt 0 rw 0 kbli47;1;0;1;1;Aktif;Pasar senaken RT 0RW 0;P01;P01;;1;DONE 01/02 - 8.07 PM
15668;55157466;KASRIANA;Wilayah pasar senaken, RT 0/RW 0;6401040016;64;1;40;16;KALIMANTAN TIMUR;PASER;TANAH GROGOT;SENAKEN;eyJpdiI6ImNPUmZKMmpZUytYbkxJZVlBTFRUcnc9PSIsInZhbHVlIjoiS1p6dGxUZHV4TnVXRjZkNGJlMnlGZz09IiwibWFjIjoiMGZjZmNkMzAyZmVjMWEzNTBkY2Y0Nzc5MjUxYThiNmQwMGNmYTRhOGVkMjIwNGRlMWViZjUxNzhjZThmZmM0ZSIsInRhZyI6IiJ9;;[Kegiatan Usaha: Menjual sembako, Kategori: G, KBLI: 47243];;;;UMKM;;-1.933935197;116.164607;invalid;;;FALSE;FALSE;TRUE;;;invalid;;;;;;kasriana;0;0;0;;;wilayah pasar senaken rt 0 rw 0;;47;kasriana wilayah pasar senaken rt 0 rw 0 kbli47;1;0;1;0;Aktif;Wilayah pasar senaken RT 0RW 0;P01;P01;;1;DONE 01/02 - 8.07 PM
15679;55264574;MUSANI;wil.pasar senaken, RT 0/RW 0;6401040016;64;1;40;16;KALIMANTAN TIMUR;PASER;TANAH GROGOT;SENAKEN;eyJpdiI6ImxZV3pkYlRNUWRCSEVvWk9YTzd5QWc9PSIsInZhbHVlIjoiR0wyM0dENC9BVzJ4TXZ5UzRRak1DQT09IiwibWFjIjoiNjFhYzIzYjQ1NmFjMGRkNzc2MjJhZWE2ZDBlOGZlOWU1MDZkZDNjZTBkMDM1MGQzZmRmOThkNzVhZjQwMDFlYSIsInRhZyI6IiJ9;;[Kegiatan Usaha: menjual sayuran pelengkap eceran, Kategori: G, KBLI: 47813];;;;UMKM;;-1.83658463;116.2458794;valid;eyJpdiI6IkIzV3RJVm5yVHlDSGpDdkVTa25jaVE9PSIsInZhbHVlIjoiL29ZaFRJN1VPQlVxdmxtNUpiNmx3dz09IiwibWFjIjoiYmZlNTg5MTgxOTE4N2UzM2QwNzE4M2FlMDQyZGNkYzAwNTg3MmVlZWM0YWRjOTc5MmY4Nzg1ZTc0ZTA4YjU3MyIsInRhZyI6IiJ9;1;TRUE;TRUE;FALSE;-1.83658463;116.2458794;valid;raka.prawira;;;;;musani;0;0;0;;;wil pasar senaken rt 0 rw 0;;47;musani wil pasar senaken rt 0 rw 0 kbli47;1;0;1;0;Aktif;wilpasar senaken RT 0RW 0;P01;P01;;1;DONE 01/02 - 8.07 PM
15684;55155902;TAHU FATHUL ANAM <FATHUL ANAM>;Pasar senaken blok A, RT 0/RW 0;6401040016;64;1;40;16;KALIMANTAN TIMUR;PASER;TANAH GROGOT;SENAKEN;eyJpdiI6IjBLYTBaWUU1NHJ6eDluYU1BMU41WWc9PSIsInZhbHVlIjoiakc4a3c2SkY2dE1EcTVHQ1p4MFhxZz09IiwibWFjIjoiNjJkMjUxNzNiZDM0MjY3ZmM0MTY0ZDFlMmMzMTJhNDJjYjUxMDJlZmJiNmZmMWZkZjQ1ZWNmNGE5MGIzMTYyOCIsInRhZyI6IiJ9;;[Kegiatan Usaha: Menjual tahu dari kedelai dilapak, Kategori: C, KBLI: 10392];;;;UMKM;;-1.901896667;116.2110117;valid;eyJpdiI6IjhHaWZRMjNiLzdjZ3JrZ3JpdU9aeFE9PSIsInZhbHVlIjoiUHVsYlJBaXMweE5SSkYxRkkrNmtXQT09IiwibWFjIjoiZDZmNzc1YjNkMWM5NjMxZTdmZTM5MDU2NTkzZjRjMGI3MGJkZTQzOTU0MmFhMmMxNjNiOWE3YWY4MDI0NGI1YyIsInRhZyI6IiJ9;1;TRUE;TRUE;FALSE;-1.901896667;116.2110117;valid;raka.prawira;;;;;tahu fathul anam fathul anam;0;0;0;;;pasar senaken blok a rt 0 rw 0;;10;tahu fathul anam fathul anam pasar senaken blok a rt 0 rw 0 kbli10;1;0;1;1;Aktif;Pasar senaken blok A RT 0RW 0;P01;P01;;1;DONE 01/02 - 8.07 PM
15685;55100607;TOKO AKHMAD <AKHMADNOOR JAINI>;Pasar senaken, RT 0/RW 0;6401040009;64;1;40;9;KALIMANTAN TIMUR;PASER;TANAH GROGOT;JONE;eyJpdiI6Imw1SzgvRVdydkR0YmpjMHpyZ2ZCemc9PSIsInZhbHVlIjoiek8rSmMrK1Z3UTFsVzd1L2VlQ1oyQT09IiwibWFjIjoiMTUyOWI5NTg0Y2Y5YTJlZDZlNDQ2ZjY1MTk0YzE3MDg0YTIwNjI0ZTVjY2VmYWFlNDQ2NGFkZTM1NGE2NDIzMiIsInRhZyI6IiJ9;;[Kegiatan Usaha: MENJUAL SEPATU, Kategori: G, KBLI: 47712];;;;UMKM;;-1.933935197;116.164607;invalid;;;FALSE;FALSE;TRUE;;;invalid;;;;;;akhmad akhmadnoor jaini;0;0;0;;;pasar senaken rt 0 rw 0;;47;akhmad akhmadnoor jaini pasar senaken rt 0 rw 0 kbli47;1;0;1;1;Aktif;Pasar senaken RT 0RW 0;P01;P01;;1;DONE 01/02 - 8.07 PM
15699;55156748;BUDI RAHMAN;Pasar senaken, RT 0/RW 0;6401040016;64;1;40;16;KALIMANTAN TIMUR;PASER;TANAH GROGOT;SENAKEN;eyJpdiI6ImtxUVE1dlR1aVIzcDZkNFVwNy9md1E9PSIsInZhbHVlIjoiaVlCdW52dFVkYUl5UWVDemIzbmkxZz09IiwibWFjIjoiYWVjMmUyMTU0MWNjYjY1NmM0OTdjMjAwYTlkOTRkNThmOGUxZWQ5MDg3ZDJjNjExMTY4Nzg4MGU2NmZlYjk1MiIsInRhZyI6IiJ9;;[Kegiatan Usaha: Menjual pakaian, Kategori: G, KBLI: 47711];;;;UMKM;;-1.933935197;116.164607;invalid;;;FALSE;FALSE;TRUE;;;invalid;;;;;;budi rahman;0;0;0;;;pasar senaken rt 0 rw 0;;47;budi rahman pasar senaken rt 0 rw 0 kbli47;1;0;1;0;Aktif;Pasar senaken RT 0RW 0;P01;P01;;1;DONE 01/02 - 8.07 PM
15704;55153024;NURJANNAH <NURJANAH>;WILAYAH PASAR SENAKEN, RT 0/RW 0;6401040016;64;1;40;16;KALIMANTAN TIMUR;PASER;TANAH GROGOT;SENAKEN;eyJpdiI6Ik12ZGNvWUFEU3VSM2RMUnJKWjNoTUE9PSIsInZhbHVlIjoiQkYyMkdKMzBKWCtBVmRVdFB6cUkzQT09IiwibWFjIjoiNTY2MGVhMmY2MTQxMWM3NzdhMDI4NTI1MGE1Y2QwMDU3NjRmZmU4MmE5MWRmN2RmMjk4NDczMjQ2MThhYzQ4ZCIsInRhZyI6IiJ9;;[Kegiatan Usaha: MENJUAL JAGUNG, Kategori: G, KBLI: 47811];;;;UMKM;;-1.852994479;116.2373059;valid;eyJpdiI6IjNZWFNoajZ3S08xY2FmSjhlWVRpdmc9PSIsInZhbHVlIjoiQVdkUHhaNGN0cy9SVThrMjdHeXZkZz09IiwibWFjIjoiODE2OTY2ZWJmZjE4ZTA0YzA1YmY5N2E5YTVjYmQ2NmQzZWYyNmZiMDAxMzEwNjcyYWVmYmVjOTQwYzA1MmJkMCIsInRhZyI6IiJ9;1;TRUE;TRUE;FALSE;-1.852994479;116.2373059;valid;raka.prawira;;;;;nurjannah nurjanah;0;0;0;;;wilayah pasar senaken rt 0 rw 0;;47;nurjannah nurjanah wilayah pasar senaken rt 0 rw 0 kbli47;1;0;1;1;Aktif;WILAYAH PASAR SENAKEN RT 0RW 0;P01;P01;;1;DONE 01/02 - 8.07 PM
15705;55179964;SAYUR HAMSIAH <HAMSIAH>;Pasar senaken, RT 0/RW 0;6401040016;64;1;40;16;KALIMANTAN TIMUR;PASER;TANAH GROGOT;SENAKEN;eyJpdiI6IkVWT0hxeHRPYUNuQWtTNHRGWDBUZlE9PSIsInZhbHVlIjoiek11VUs5bDdRcWM4dWs4anZWQXFwUT09IiwibWFjIjoiMjU5MzNmMTRkNzZmNWMyOTAwNTVlMTIyODY0MDBlOTdiMmE4MzY0YTg4MGRlM2MxN2UyZjZkOTA3NWVjMWIzZSIsInRhZyI6IiJ9;;[Kegiatan Usaha: Menjual sayur eceran di lapak pasar, Kategori: G, KBLI: 47213];;;;UMKM;;-1.933935197;116.164607;invalid;;;FALSE;FALSE;TRUE;;;invalid;;;;;;sayur hamsiah hamsiah;0;0;0;;;pasar senaken rt 0 rw 0;;47;sayur hamsiah hamsiah pasar senaken rt 0 rw 0 kbli47;1;0;1;1;Aktif;Pasar senaken RT 0RW 0;P01;P01;;1;DONE 01/02 - 8.07 PM
15729;55264152;TOKO UMI <UMI SALMAH>;PASAR SENAKEN, RT 0/RW 0;6401040009;64;1;40;9;KALIMANTAN TIMUR;PASER;TANAH GROGOT;JONE;eyJpdiI6IjZPdlArc29pZFp1SVhWN0RyMzhvaVE9PSIsInZhbHVlIjoiWEI2bUZBcWJtT3pDeER5UnE3cm9hdz09IiwibWFjIjoiMWMwNGRjMjhhZTZhOTE5YWJmMDc4OTk3ODUxNjgyZjYyZjdkMzViNGYyMWUxYTEwNTlhNzZiODQ0N2IzMTlhYyIsInRhZyI6IiJ9;;[Kegiatan Usaha: MENJUAL BARANG PECAH BELAH, Kategori: G, KBLI: 47863];;;;UMKM;;-1.927943864;116.1848674;valid;eyJpdiI6IlVXcUpiWGt5MjMyYkhzUU9FLzJCd1E9PSIsInZhbHVlIjoiK0VwWTJkWEpqbFZiZndvbU5iZjdxdz09IiwibWFjIjoiOWM4YTY2ZWFjM2ZkMTFjZGQ0MDBhNDY1MzkwMTI0NDBiZDcxYzA2NWMxNmZmN2Q1Yjg1YTcyZWQ0M2Y1Njc4OCIsInRhZyI6IiJ9;1;TRUE;TRUE;FALSE;-1.927943864;116.1848674;valid;raka.prawira;;;;;umi umi salmah;0;0;0;;;pasar senaken rt 0 rw 0;;47;umi umi salmah pasar senaken rt 0 rw 0 kbli47;1;0;1;1;Aktif;PASAR SENAKEN RT 0RW 0;P01;P01;;1;DONE 01/02 - 8.07 PM
15733;55156056;SAYUR SUNARTI <SUNARTI>;Pasar senaken hamparan subuh, RT 0/RW 0;6401040016;64;1;40;16;KALIMANTAN TIMUR;PASER;TANAH GROGOT;SENAKEN;eyJpdiI6IlBPcUt2Ymd1ZEUrbEQ1bFpCVm1mNFE9PSIsInZhbHVlIjoiUU9ZK0o0Vm02TkNQYnZ2cmZ5K3V4Zz09IiwibWFjIjoiZjkzZTUxNThlMzljNTY0MGM4NmQzMTRmZDFmYjhiYzYwZWEwYTZkY2Y4ZDZlMmNmOTQzYjUzZGQwYjc2MDkyYyIsInRhZyI6IiJ9;;[Kegiatan Usaha: Menjual sayur eceran di lapak pasar, Kategori: G, KBLI: 47213];;;;UMKM;;-1.85543801;116.1498863;valid;eyJpdiI6ImFDMnlINXRRTW4vZDdDMHhhUlNhMFE9PSIsInZhbHVlIjoiNm1jTXdOMnljbC9RUS9EcEJ3SDJ0Zz09IiwibWFjIjoiYmQwNzU1MDVmODE1YWQxOWMzM2YzOGUxMjdlOWVlMTA4N2E2NTMwNzM4ZDNjN2IyMWQ5MzI3NmUyZmZmNDZhMSIsInRhZyI6IiJ9;1;TRUE;TRUE;FALSE;-1.85543801;116.1498863;valid;raka.prawira;;;;;sayur sunarti sunarti;0;0;0;;;pasar senaken hamparan subuh rt 0 rw 0;;47;sayur sunarti sunarti pasar senaken hamparan subuh rt 0 rw 0 kbli47;1;0;1;1;Aktif;Pasar senaken hamparan subuh RT 0RW 0;P01;P01;;1;DONE 01/02 - 8.07 PM
15736;55236919;SAYUR FATHURACHMAN <FATHURACHMAN>;Pasar senaken, RT 0/RW 0;6401040016;64;1;40;16;KALIMANTAN TIMUR;PASER;TANAH GROGOT;SENAKEN;eyJpdiI6IlNCTzFGVmZXVGxHNDZ6TnlBVENtbVE9PSIsInZhbHVlIjoiT2xmZWQ1SFZoZk5UcUgxV1ZKNkZ0Zz09IiwibWFjIjoiNjZiM2JhZmI4OWJjYjIxMTAxNzA3YWZhMzhiN2QyZTg4ZjdjZDQ3NTJhN2I2MDY2OGI5NjIzZGEzYTQzNzRjMyIsInRhZyI6IiJ9;;[Kegiatan Usaha: Menjual sayur eceran di lapak pasar, Kategori: G, KBLI: 47213];;;;UMKM;;-1.900274221;116.1929871;valid;eyJpdiI6Ilh0MmpzVVkzYkVrbS8vNjVYQXVFekE9PSIsInZhbHVlIjoiZHRDN1RLRVJ4eHM3UUN2Y1hOYXhZdz09IiwibWFjIjoiNWUwMmVkODkzOTFkOWExZmNmMTMwNjYxOTJjODI5YTlhZTY2NDJlNTIzYzYyNjZlYTg4OTRhMTY0ZGNkODg2ZCIsInRhZyI6IiJ9;1;TRUE;TRUE;FALSE;-1.900274221;116.1929871;valid;raka.prawira;;;;;sayur fathurachman fathurachman;0;0;0;;;pasar senaken rt 0 rw 0;;47;sayur fathurachman fathurachman pasar senaken rt 0 rw 0 kbli47;1;0;1;1;Aktif;Pasar senaken RT 0RW 0;P01;P01;;1;DONE 01/02 - 8.07 PM
15748;55070225;MURNAWATI;Wil. Pasar senaken, RT 0/RW 0;6401040016;64;1;40;16;KALIMANTAN TIMUR;PASER;TANAH GROGOT;SENAKEN;eyJpdiI6IjJDRzJVMVdnNk5WYWI4dW1kdkdlbVE9PSIsInZhbHVlIjoiY2VVa3MwZmZlZlprdGgrZUd4bjRMQT09IiwibWFjIjoiYjU5MjhlYTZlYTdiY2QzYzAyZjg2ZjY5YTE5NDdmYjk3YmNiZjc2OGNiNDg2YWM4Njc2NzYxYjJjNmQwNGE3MiIsInRhZyI6IiJ9;;[Kegiatan Usaha: Warung soto, Kategori: I, KBLI: 56103];;;;UMKM;;-1.90477;116.21939;valid;eyJpdiI6Im0wYlNycGlTYk44Z202VTF0bjFDU1E9PSIsInZhbHVlIjoiTzgvQjBLS0FXNzJYTDdudXpQRmJhUT09IiwibWFjIjoiNTNkMjA1ZTk5ZjE0YjI2M2YwOWJjMmUxZjVhNmQyZDRmYWMwNTlkYWFmYzc3Mzk5YzUyOGEzNTZjMGJhZDcwNCIsInRhZyI6IiJ9;1;TRUE;TRUE;FALSE;-1.90477;116.21939;valid;raka.prawira;;;;;murnawati;0;0;0;;;wil pasar senaken rt 0 rw 0;;56;murnawati wil pasar senaken rt 0 rw 0 kbli56;1;0;1;0;Aktif;Wil Pasar senaken RT 0RW 0;P01;P01;;1;DONE 01/02 - 8.07 PM
15753;55069341;NOR AIDA;Pasar senaken, RT 0/RW 0;6401040016;64;1;40;16;KALIMANTAN TIMUR;PASER;TANAH GROGOT;SENAKEN;eyJpdiI6IjJnNVM3UlkrL1Vjd3RSQStJL3N6UXc9PSIsInZhbHVlIjoiV1ZzRXlFR3FLY2JXUDJqemIvQUZRQT09IiwibWFjIjoiYmRkZmI1MGRiZGZmNTk0YTUzOTNiNTg4ZWRjNjIxZGI1YjAyZWQyMWJmZjhjNmYwOWExZjE3NDY3MmUzMDQ0YyIsInRhZyI6IiJ9;;[Kegiatan Usaha: MENJUAL TAS, Kategori: G, KBLI: 47714];;;;UMKM;;-1.933935197;116.164607;invalid;;;FALSE;FALSE;TRUE;;;invalid;;;;;;nor aida;0;0;0;;;pasar senaken rt 0 rw 0;;47;nor aida pasar senaken rt 0 rw 0 kbli47;1;0;1;0;Aktif;Pasar senaken RT 0RW 0;P01;P01;;1;DONE 01/02 - 8.07 PM
15759;55076790;TOKO SAHABAT <SAHRIANNOR>;Pasar senaken, RT 0/RW 0;6401040009;64;1;40;9;KALIMANTAN TIMUR;PASER;TANAH GROGOT;JONE;eyJpdiI6Ikk2TGhVK3RzMnFGNTBjZGVlVGwxM3c9PSIsInZhbHVlIjoiSm1CSTFyNmp4NjJHNzBTMWcrSE1nQT09IiwibWFjIjoiZDM0Y2U4YTA4YjEwNDg4YzU1Nzg0YjMzYWQwNTFjNWY2ZTc3NTdjNmIyMGZhYmIzZjM1M2JjNmZkY2M4MjEzNCIsInRhZyI6IiJ9;;[Kegiatan Usaha: Menjual jam, Kategori: G, KBLI: 47853];;;;UMKM;;-1.933935197;116.164607;invalid;;;FALSE;FALSE;TRUE;;;invalid;;;;;;sahabat sahriannor;0;0;0;;;pasar senaken rt 0 rw 0;;47;sahabat sahriannor pasar senaken rt 0 rw 0 kbli47;1;0;1;1;Aktif;Pasar senaken RT 0RW 0;P01;P01;;1;DONE 01/02 - 8.07 PM
15773;55044555;AYAM HIDUP ABDUL <ABDUL GAFAR>;Pasar senaken, RT 0/RW 0;6401040016;64;1;40;16;KALIMANTAN TIMUR;PASER;TANAH GROGOT;SENAKEN;eyJpdiI6ImlHbWppbjA3QWNQRGRJMUdjcERHRlE9PSIsInZhbHVlIjoiU09jaWxYblVDOE1SSG1FSkc2NTVHUT09IiwibWFjIjoiZGU3OTM1YmMzZDcyYzFmMTRlNGZkMDdkNWM2ZjU5NWY0Njc2ZDdlMDA4MGM3OTEyZWYwMjJmMGM2YjZlZjY3NSIsInRhZyI6IiJ9;;[Kegiatan Usaha: Menjual ayam hidup dipasar, Kategori: G, KBLI: 01464];;;;UMKM;;-1.91956089;116.2000898;valid;eyJpdiI6IjVVN3NDdDMyOVFuMWM1ZWNmVlRIK3c9PSIsInZhbHVlIjoiWjlWQlFJbVZIbmdSTWo3d3ozYUNsUT09IiwibWFjIjoiMzA3Y2U5NWM2MDg5NWNmZTA5ZjYyMTE4NjMyYzUyZGRjYzE2NzFkOWM5NGFlZTBkNmJmODZlOWRiMWY0MTBmMSIsInRhZyI6IiJ9;1;TRUE;TRUE;FALSE;-1.91956089;116.2000898;valid;raka.prawira;;;;;ayam hidup abdul abdul gafar;0;0;0;;;pasar senaken rt 0 rw 0;;1;ayam hidup abdul abdul gafar pasar senaken rt 0 rw 0 kbli01;1;0;1;1;Aktif;Pasar senaken RT 0RW 0;P01;P01;;1;DONE 01/02 - 8.07 PM
15787;55103812;USWATUN KHASANAH;Pasar senaken, RT 0/RW 0;6401040016;64;1;40;16;KALIMANTAN TIMUR;PASER;TANAH GROGOT;SENAKEN;eyJpdiI6Img2Ry9kdVFxQlhOcE9zY1lPcUVpbWc9PSIsInZhbHVlIjoiN0theDhXTXdvN3NQMExhMWs2UDRFZz09IiwibWFjIjoiMDUwOTBhNjNiZGViMTBmMzc1MTE3ZTlkYzZmNWMxZDg5MjZlNTBiOGY2ZGFlZmMyOTFmYjY3ZTllNjdiNzZkNSIsInRhZyI6IiJ9;;[Kegiatan Usaha: Menjual sepatu sandal, Kategori: G, KBLI: 47712];;;;UMKM;;-1.906423333;116.2025967;valid;eyJpdiI6IlRVRGhVSk02L2pCNnBvdnpYcWVvOXc9PSIsInZhbHVlIjoieVdqa3RaS1JJK21vYTA0OEREamxEUT09IiwibWFjIjoiN2EzNDgxMmZlYmEzOGYzZDBkNTkzMTk0NjIzOWRlZDE1NjM5NDFkYzUxOGUzMDNlM2RhZDFiMzJmMjQ0NzU2YyIsInRhZyI6IiJ9;1;TRUE;TRUE;FALSE;-1.906423333;116.2025967;valid;raka.prawira;;;;;uswatun khasanah;0;0;0;;;pasar senaken rt 0 rw 0;;47;uswatun khasanah pasar senaken rt 0 rw 0 kbli47;1;0;1;0;Aktif;Pasar senaken RT 0RW 0;P01;P01;;1;DONE 01/02 - 8.07 PM
15790;55070502;SAYUR IDA ROYANI <IDA ROYANI>;Pasar senaken, RT 0/RW 0;6401040016;64;1;40;16;KALIMANTAN TIMUR;PASER;TANAH GROGOT;SENAKEN;eyJpdiI6IjVXY29JdU4vdnlseHdPdEhOdStGcXc9PSIsInZhbHVlIjoiTkFDVmEwd0M0bzUrdGJuUnNNVWJWdz09IiwibWFjIjoiMWNiMDVjNzExZDc4ODIxMTMxNTk3MjYwMjg1OGExMTJkMTIwNGU4NzU2NGNjYThhYzA3MGFlZTdkMzQ2YWExZiIsInRhZyI6IiJ9;;[Kegiatan Usaha: Menjual sayur eceran di pasar, Kategori: G, KBLI: 47213];;;;UMKM;;-1.839381962;116.2397376;valid;eyJpdiI6IkhFcG9hbUc2Mmc1aWc1M1dySldoaEE9PSIsInZhbHVlIjoiNUtQSTNGQmdNcTM5NVE4M1VoNFNQUT09IiwibWFjIjoiYTQ4YTU1ODZlNTljODIxMTE4M2MyOTkxZjI3YzRhMjA1MjViMDA5YWQ5MzI0MjRlYTE1ZmJiNGFjMmVjODc5YyIsInRhZyI6IiJ9;1;TRUE;TRUE;FALSE;-1.839381962;116.2397376;valid;raka.prawira;;;;;sayur ida royani ida royani;0;0;0;;;pasar senaken rt 0 rw 0;;47;sayur ida royani ida royani pasar senaken rt 0 rw 0 kbli47;1;0;1;1;Aktif;Pasar senaken RT 0RW 0;P01;P01;;1;DONE 01/02 - 8.07 PM
15803;55127640;BAWANG ARIFIN <ARIFIN>;Pasar senaken hamparan subuh, RT 0/RW 0;6401040016;64;1;40;16;KALIMANTAN TIMUR;PASER;TANAH GROGOT;SENAKEN;eyJpdiI6IlRNQWM2SCsvY2ZkT05FWFdQZ2dKL2c9PSIsInZhbHVlIjoiRmJOWVA0RlJkTUtJd3FJaGtjOG5EUT09IiwibWFjIjoiZTIyMmUxMGFkNTE5ODIxOTA5YTAxOWE3MTFjYzM3MjMyZjM2N2EyYTZiMWM1M2E5ZWFjYjYyMmNjZDgwMjk0NSIsInRhZyI6IiJ9;;[Kegiatan Usaha: Menjual bawang merah bawang putih eceran, Kategori: G, KBLI: 47213];;;;UMKM;;-1.933935197;116.164607;invalid;;;FALSE;FALSE;TRUE;;;invalid;;;;;;bawang arifin arifin;0;0;0;;;pasar senaken hamparan subuh rt 0 rw 0;;47;bawang arifin arifin pasar senaken hamparan subuh rt 0 rw 0 kbli47;1;0;1;1;Aktif;Pasar senaken hamparan subuh RT 0RW 0;P01;P01;;1;DONE 01/02 - 8.07 PM
15804;55068953;RUSTAN MANGULING;Wilayah pasar senaken, RT 0/RW 0;6401040016;64;1;40;16;KALIMANTAN TIMUR;PASER;TANAH GROGOT;SENAKEN;eyJpdiI6IkphZjQwMlYrMkg5aVZiY3YwM0tNQ3c9PSIsInZhbHVlIjoia2llY0VDWEJ3MnpUM1BObW15QTIwZz09IiwibWFjIjoiNWYyYTQ0YWUwZGExZGJmMzU5MzljNjhlMGVmNzA2MGRkNWRhMzYxYTFjOWZkOTc3OTQ1OWQyYTkwOWUyNjJlOSIsInRhZyI6IiJ9;;[Kegiatan Usaha: Menjual ikan basah, Kategori: G, KBLI: 47215];;;;UMKM;;-1.904441667;116.2041883;valid;eyJpdiI6IklLT2lCSkdMRFRHMlFXVy9qWllXUnc9PSIsInZhbHVlIjoiS240RHVMOXoxSGVmYWdtL25iQzhSUT09IiwibWFjIjoiOGJmMWQxNmUxZGZlYzExMDFlYzllNDhlNmYxZGIxYjU0ZTY3NDRhMTBlZGI2MThmYTA2YmU0MDZkZGM5ODliMiIsInRhZyI6IiJ9;1;TRUE;TRUE;FALSE;-1.904441667;116.2041883;valid;raka.prawira;;;;;rustan manguling;0;0;0;;;wilayah pasar senaken rt 0 rw 0;;47;rustan manguling wilayah pasar senaken rt 0 rw 0 kbli47;1;0;1;0;Aktif;Wilayah pasar senaken RT 0RW 0;P01;P01;;1;DONE 01/02 - 8.07 PM
15805;55069478;SUBHAN;Wil pasar senaken, RT 0/RW 0;6401040016;64;1;40;16;KALIMANTAN TIMUR;PASER;TANAH GROGOT;SENAKEN;eyJpdiI6IldrSkxQZkJyRTFaYlVrRi9jZ3E2WWc9PSIsInZhbHVlIjoiRzVNV2gxVTNZTXJLdnZDVlFJOWE5Zz09IiwibWFjIjoiYTc5MmZjYzE3ZGQzZGFiMDg0YmZlN2E1YTFiNWU2ZjFlNzQ4Mzk0NjE1NDI4ZjcxODc5ZWVlMWViYzRmNmU4NyIsInRhZyI6IiJ9;;[Kegiatan Usaha: Menjual ikan basah, Kategori: G, KBLI: 47215];;;;UMKM;;-1.89267;116.2069178;valid;eyJpdiI6InhFN0RndkNWVXpuNDJGbGVKL0pLQkE9PSIsInZhbHVlIjoiVkNoYlVXN0dvTjZCak95WnUwQU45dz09IiwibWFjIjoiNjE2NjY2ZWRhYTJhNWQxNzA0NTAxMjg3MGU3MGFlMjY4NTlhNTkyYjRmNTRhM2I0NTkzMmM1Nzk1Y2UzYTdmYiIsInRhZyI6IiJ9;1;TRUE;TRUE;FALSE;-1.89267;116.2069178;valid;raka.prawira;;;;;subhan;0;0;0;;;wil pasar senaken rt 0 rw 0;;47;subhan wil pasar senaken rt 0 rw 0 kbli47;1;0;1;0;Aktif;Wil pasar senaken RT 0RW 0;P01;P01;;1;DONE 01/02 - 8.07 PM
15822;55100033;WARMIN HARTATI <HARTATI>;Pasar senaken, RT 0/RW 0;6401040016;64;1;40;16;KALIMANTAN TIMUR;PASER;TANAH GROGOT;SENAKEN;eyJpdiI6IkM5UlZkM0JwN3YvN3N0V3R4cWZ0R1E9PSIsInZhbHVlIjoiOHpNMWRZZTZxdWxHcnMxSElka0xBZz09IiwibWFjIjoiZjNjNjM0OGI5NTgyNWNhM2MwMTRjMDE0YTA0ZmMwNDRkYjk1MTg4MDM3YTVlODJlNzZjYTYxZWIzMDdkNmQwZSIsInRhZyI6IiJ9;;[Kegiatan Usaha: Menjual minuman di pasar, Kategori: I, KBLI: 56304];;;;UMKM;;-1.898206983;116.2131187;valid;eyJpdiI6IjAwanplN2h2ZytaOVFhcUZaeFpiVkE9PSIsInZhbHVlIjoiVWF0NkRuaVZmV3Vzb3FCU1pqWG9YZz09IiwibWFjIjoiNTM5NTRhMzA3YWNiNTE0ODFjNjBkOTBkODNmODk5MmRiNjU4NTEyOWUzNjY4ODUxMmVjY2Q5MzFiOWU0NWI0ZCIsInRhZyI6IiJ9;1;TRUE;TRUE;FALSE;-1.898206983;116.2131187;valid;raka.prawira;;;;;warmin hartati hartati;0;0;0;;;pasar senaken rt 0 rw 0;;56;warmin hartati hartati pasar senaken rt 0 rw 0 kbli56;1;0;1;1;Aktif;Pasar senaken RT 0RW 0;P01;P01;;1;DONE 01/02 - 8.07 PM
15835;55044279;M. SARIFUDIN <MUHAMAD SAFIFUDIN>;Pasar senaken, RT 0/RW 0;6401040016;64;1;40;16;KALIMANTAN TIMUR;PASER;TANAH GROGOT;SENAKEN;eyJpdiI6IncyNXZZdktHS1hIakpzK01tZFZwWWc9PSIsInZhbHVlIjoibCs1Wk9OWCtrb08yakRMTjROZWpxZz09IiwibWFjIjoiM2ZkY2M3Y2YyZWRhNjVlMzI1NTI5ODU0Y2YxN2ZjNDAzMWZlOWMyZmE4M2U5OTcyMzMwM2E5YzRmMWVjMjNlNCIsInRhZyI6IiJ9;;[Kegiatan Usaha: Menjual tas, Kategori: G, KBLI: 47714];;;;UMKM;;-1.905343146;116.2019406;valid;eyJpdiI6IkVYamFMSkFqMTRoYUJyRFRmZkFkL1E9PSIsInZhbHVlIjoicmVXWnVScFB6Y3drZm1DcTMyTUJQQT09IiwibWFjIjoiYWY2NTIyNjkwNmE3NjJjYjE4ODJiMDQ2ZTQ2M2MzZmNkYWJiOGI0OThjYmU2ZmE5OWEzMTNjYjExZmUzNzViNSIsInRhZyI6IiJ9;1;TRUE;TRUE;FALSE;-1.905343146;116.2019406;valid;raka.prawira;;;;;m sarifudin muhamad safifudin;0;0;0;;;pasar senaken rt 0 rw 0;;47;m sarifudin muhamad safifudin pasar senaken rt 0 rw 0 kbli47;1;0;1;1;Aktif;Pasar senaken RT 0RW 0;P01;P01;;1;DONE 01/02 - 8.07 PM
15837;55238607;IKAN BASAH PAHRUL <PAHRUL>;Pasar senaken, RT 0/RW 0;6401040016;64;1;40;16;KALIMANTAN TIMUR;PASER;TANAH GROGOT;SENAKEN;eyJpdiI6IlZ2V0hDdEpubDhkUURsb0h3UzFrY3c9PSIsInZhbHVlIjoiL2RGT2pQTFVOaTk2ek9Cc0kwSVpHdz09IiwibWFjIjoiYTcyNDUyZTk1MWJkYmIyNTBlNzk5MDMwZmM3NDcyYjZmMjgzMjJkYjU5ZjZjY2Q5YWQyYzZiOWM3NmMyNWQ0OCIsInRhZyI6IiJ9;;[Kegiatan Usaha: Menjual ikan basah eceran di lapak pasar, Kategori: G, KBLI: 47215];;;;UMKM;;-1.933935197;116.164607;invalid;;;FALSE;FALSE;TRUE;;;invalid;;;;;;ikan basah pahrul pahrul;0;0;0;;;pasar senaken rt 0 rw 0;;47;ikan basah pahrul pahrul pasar senaken rt 0 rw 0 kbli47;1;0;1;1;Aktif;Pasar senaken RT 0RW 0;P01;P01;;1;DONE 01/02 - 8.07 PM
15846;55047088;SAYUR SUNOTO <SUNOTO>;Pasar senaken, RT 0/RW 0;6401040016;64;1;40;16;KALIMANTAN TIMUR;PASER;TANAH GROGOT;SENAKEN;eyJpdiI6Ik02NHdnNmNqRlM2aWgyT3FVREJMbFE9PSIsInZhbHVlIjoienRsL20wS0FHbStjTlJuZHZxVmpWQT09IiwibWFjIjoiNGNjNDljZjBjZTQ3ODc2MjQzOWI4ZDcwYjIwYjVlZDlhZTkyYjNhMmM4NGEwMDM1MjY1Y2ZkMmE1ODQwOGEzMyIsInRhZyI6IiJ9;;[Kegiatan Usaha: Menjual sayur eceran di pasar, Kategori: G, KBLI: 47213];;;;UMKM;;-1.858166667;116.1510233;valid;eyJpdiI6Ik45clowWEdTeXpqNkl6UFNva3VyeWc9PSIsInZhbHVlIjoiL1VoYWxrNCtVM3g5ZE1PNVJBSGNodz09IiwibWFjIjoiNjE1NWEzNTM4MjdkMGE4ZjgxYjgxMDRhYWFiNWVhYzU2MjI2N2FmNTlhNDJlNTVlNDM2YmM4ODQwOTVmOTc3YiIsInRhZyI6IiJ9;1;TRUE;TRUE;FALSE;-1.858166667;116.1510233;valid;raka.prawira;;;;;sayur sunoto sunoto;0;0;0;;;pasar senaken rt 0 rw 0;;47;sayur sunoto sunoto pasar senaken rt 0 rw 0 kbli47;1;0;1;1;Aktif;Pasar senaken RT 0RW 0;P01;P01;;1;DONE 01/02 - 8.07 PM
15858;55181598;TOKO AZKIYA <FREDY ZULKARNAEN>;PASAR SENAKEN, RT 0/RW 0;6401040009;64;1;40;9;KALIMANTAN TIMUR;PASER;TANAH GROGOT;JONE;eyJpdiI6IkdvOWlUOGQzZlovWW5DclJqcmIwbnc9PSIsInZhbHVlIjoiTVJuYlYxS0RTeVRVNTllR1drMHdTUT09IiwibWFjIjoiNzI0NTYwZWExMzU0ZjBjMzA5MTNhYjE5OGY2OWMxNzhlNTEyMzdkMmFiYTA0Yzk3ZDk5MDY5MmRlM2ZhODE2OSIsInRhZyI6IiJ9;;[Kegiatan Usaha: MENJUAL PAKAINA, Kategori: G, KBLI: 47711];;;;UMKM;;-1.89492795;116.2587898;valid;eyJpdiI6ImlNOXFpQWgxbjJiVnovSVpRUmZFN0E9PSIsInZhbHVlIjoibE9MN2FJTVNCM2ZwMys0SkJKUE9mQT09IiwibWFjIjoiZjdmZDNiZWNlNTE1MTFlMWZlMmVlZmJjNzYxZmI0YjVhMDk4M2Q3YWJmMTIzMjkzZTkzZjA5ZDNjZTRjOWNjYSIsInRhZyI6IiJ9;1;TRUE;TRUE;FALSE;-1.89492795;116.2587898;valid;raka.prawira;;;;;azkiya fredy zulkarnaen;0;0;0;;;pasar senaken rt 0 rw 0;;47;azkiya fredy zulkarnaen pasar senaken rt 0 rw 0 kbli47;1;0;1;1;Aktif;PASAR SENAKEN RT 0RW 0;P01;P01;;1;DONE 01/02 - 8.07 PM
15861;55154422;MUH. TAHANG;wilayah pasar senaken, RT 0/RW 0;6401040016;64;1;40;16;KALIMANTAN TIMUR;PASER;TANAH GROGOT;SENAKEN;eyJpdiI6InB6WFhJQm1leHpXWXF4b2FiaHJKclE9PSIsInZhbHVlIjoiODRLRzRkM3Yrd3RXcGpqY2xKTmJNdz09IiwibWFjIjoiYjUzNzNjMDNjZjA3ZjI3MDE1YWNlNDY3NzkyZTFmYzU0ZTJjOWVjZTg3ZjVjNTQ5NDVkMWM2OTIzNGM0NzI1YyIsInRhZyI6IiJ9;;[Kegiatan Usaha: menjual sembako, Kategori: G, KBLI: 47823];;;;UMKM;;-1.933935197;116.164607;invalid;;;FALSE;FALSE;TRUE;;;invalid;;;;;;muh tahang;0;0;0;;;wilayah pasar senaken rt 0 rw 0;;47;muh tahang wilayah pasar senaken rt 0 rw 0 kbli47;1;0;1;0;Aktif;wilayah pasar senaken RT 0RW 0;P01;P01;;1;DONE 01/02 - 8.07 PM
15862;55208777;IKA SUSILOWATI;Pasar senaken, RT 0/RW 0;6401040016;64;1;40;16;KALIMANTAN TIMUR;PASER;TANAH GROGOT;SENAKEN;eyJpdiI6Ii9SK0ZSSStBSUpZdGVoSEh4Z3J0OUE9PSIsInZhbHVlIjoicXQxR1ZHKzd4aElKYS9xUHFsTzNmdz09IiwibWFjIjoiMDZiNTc2ODZmYWUzOTdmYmRmMDI0OGU4MTM5MDg0M2RiNDUwZjU0NGEwMmU2ZTUwMjc2NjQ2MzQ2NTAyZWMyNiIsInRhZyI6IiJ9;;[Kegiatan Usaha: Menjual pakaian, Kategori: G, KBLI: 47711];;;;UMKM;;-1.933935197;116.164607;invalid;;;FALSE;FALSE;TRUE;;;invalid;;;;;;ika susilowati;0;0;0;;;pasar senaken rt 0 rw 0;;47;ika susilowati pasar senaken rt 0 rw 0 kbli47;1;0;1;0;Aktif;Pasar senaken RT 0RW 0;P01;P01;;1;DONE 01/02 - 8.07 PM
15863;55124746;TOKO SEPATU SITI <SITI AISYAH>;PASAR SENAKEN, RT 0/RW 0;6401040009;64;1;40;9;KALIMANTAN TIMUR;PASER;TANAH GROGOT;JONE;eyJpdiI6IjFNTWltUUFOK3pLUVNnYkhpUm9sSmc9PSIsInZhbHVlIjoiOHpraUtEelcybFJGK3BZNE05R2Vwdz09IiwibWFjIjoiOWZkZjRjMzYxMjk1NDgzMjc5NzU1ZDQ2Y2QzNmNiZDgwZGI3YzA4YzAzNDJiODRmYmRkOTFiMzVjZDUwZGYzYiIsInRhZyI6IiJ9;;[Kegiatan Usaha: MENJUAL SEPATU, Kategori: G, KBLI: 47712];;;;UMKM;;-1.922905;116.194585;valid;eyJpdiI6ImsxNVVuNEpISjU4TjVMSkFnWUJMaGc9PSIsInZhbHVlIjoiZ0Q3VGhYM21RUmpYc25leWFSZkVBUT09IiwibWFjIjoiOGJiNjY4MjA1MDEwNjQxZTQxN2NkYzA5NGEzY2MwZjY3OTU5MTUxNTNlNDIxZDExMjhiOGY2ZmNmNWIzODQ3NSIsInRhZyI6IiJ9;1;TRUE;TRUE;FALSE;-1.922905;116.194585;valid;raka.prawira;;;;;sepatu siti siti aisyah;0;0;0;;;pasar senaken rt 0 rw 0;;47;sepatu siti siti aisyah pasar senaken rt 0 rw 0 kbli47;1;0;1;1;Aktif;PASAR SENAKEN RT 0RW 0;P01;P01;;1;DONE 01/02 - 8.07 PM
15894;55124723;TOKO MAMA ERIN <RAUDATUL JANNAH>;Pasar senaken, RT 0/RW 0;6401040009;64;1;40;9;KALIMANTAN TIMUR;PASER;TANAH GROGOT;JONE;eyJpdiI6InJ2L1VwTWFDZnlhcGR6bkxLOVozdGc9PSIsInZhbHVlIjoiZU9tYjVsZHgwRTBSUEZPN1oxVy9WUT09IiwibWFjIjoiZjljNmQ0MzljMmFkZWE0OWY2ZTg3YzU3OTIzYTg0N2JmNDNlNjMwZGRmZWE3MTNhYmZlY2NkOWU5YTE3MTk2YiIsInRhZyI6IiJ9;;[Kegiatan Usaha: Menjual pakaian, Kategori: G, KBLI: 47711];;;;UMKM;;-1.8994787;116.2106577;valid;eyJpdiI6IkNQR2xIMk1XVEpSemZQdGFtNjh5Tnc9PSIsInZhbHVlIjoiWGl4ZTd5RW5zOVg2czAwaWRkK0I4QT09IiwibWFjIjoiZmJhNzYwZTJkNmNkYWUzYzE5ZjE3OWJiNjMwYjBkNWRjNDJkODBjYjI2YTEzMjFhZmEwZTYyZWY3MGY3OTMyMiIsInRhZyI6IiJ9;1;TRUE;TRUE;FALSE;-1.8994787;116.2106577;valid;raka.prawira;;;;;mama erin raudatul jannah;0;0;0;;;pasar senaken rt 0 rw 0;;47;mama erin raudatul jannah pasar senaken rt 0 rw 0 kbli47;1;0;1;1;Aktif;Pasar senaken RT 0RW 0;P01;P01;;1;DONE 01/02 - 8.07 PM
15896;55125600;SAYUR LIGIYEM <LIGIYEM>;Pasar senaken, RT 0/RW 0;6401040016;64;1;40;16;KALIMANTAN TIMUR;PASER;TANAH GROGOT;SENAKEN;eyJpdiI6InFrN3JOQzdVRm40OTc1bmdWR2RWdnc9PSIsInZhbHVlIjoia2M5b21vYkZKL28yYW5Uc2pDMXJUdz09IiwibWFjIjoiMmQwMmYxMDJiMGEwNTU5MmUzMzJkNzY0OTMzOTgwNDEzZDRhYmMxNThhZGMwNjYxNjNiMTg1M2ZkYmQ1M2QyNCIsInRhZyI6IiJ9;;[Kegiatan Usaha: Menjual sayur eceran di lapak pasar, Kategori: G, KBLI: 47213];;;;UMKM;;-1.933935197;116.164607;invalid;;;FALSE;FALSE;TRUE;;;invalid;;;;;;sayur ligiyem ligiyem;0;0;0;;;pasar senaken rt 0 rw 0;;47;sayur ligiyem ligiyem pasar senaken rt 0 rw 0 kbli47;1;0;1;1;Aktif;Pasar senaken RT 0RW 0;P01;P01;;1;DONE 01/02 - 8.07 PM
15897;55179622;MARHANI;wil. pasar senaken, RT 0/RW 0;6401040016;64;1;40;16;KALIMANTAN TIMUR;PASER;TANAH GROGOT;SENAKEN;eyJpdiI6IlJib01FMkhNbjRzeWVJM0llcTNLU2c9PSIsInZhbHVlIjoibXloNUlhalJUSmd3eVYxUklGUmEvUT09IiwibWFjIjoiMmUzMWEzZTllZDQyMzJjOTQ4MTdjNDNmNzM4ZTQ1MWQzZmZjZTkwOGZiOTFkYzgzYThhYzdhNTQ1NzUzZDE2YiIsInRhZyI6IiJ9;;[Kegiatan Usaha: menjuual ikan basah, Kategori: G, KBLI: 47215];;;;UMKM;;-1.933935197;116.164607;invalid;;;FALSE;FALSE;TRUE;;;invalid;;;;;;marhani;0;0;0;;;wil pasar senaken rt 0 rw 0;;47;marhani wil pasar senaken rt 0 rw 0 kbli47;1;0;1;0;Aktif;wil pasar senaken RT 0RW 0;P01;P01;;1;DONE 01/02 - 8.07 PM
15901;55124809;KERUPUK NENNY MARLINAH <NENNY MARLINAH>;Pasar senaken, RT 0/RW 0;6401040016;64;1;40;16;KALIMANTAN TIMUR;PASER;TANAH GROGOT;SENAKEN;eyJpdiI6Imc1K21JM1dKS0RWNi82Z0dNNHVzQlE9PSIsInZhbHVlIjoiNXhGcnZOaDdyOUhUeFVoelFKcTViUT09IiwibWFjIjoiMmU2YTQ3NDBkZTRkNTRjZTAwOTYwZjVkMGI5YWIzMDU2YmYxNjliNWFmNzgzNjg2N2UwZjI1ZjZmMGFhZTNhZSIsInRhZyI6IiJ9;;[Kegiatan Usaha: Menjual kerupuk eceran dipasar, Kategori: C, KBLI: 10794];;;;UMKM;;-1.933935197;116.164607;invalid;;;FALSE;FALSE;TRUE;;;invalid;;;;;;kerupuk nenny marlinah nenny marlinah;0;0;0;;;pasar senaken rt 0 rw 0;;10;kerupuk nenny marlinah nenny marlinah pasar senaken rt 0 rw 0 kbli10;1;0;1;1;Aktif;Pasar senaken RT 0RW 0;P01;P01;;1;DONE 01/02 - 8.07 PM
15905;55070733;JUMAIN;Wil. Pasar senaken, RT 0/RW 0;6401040016;64;1;40;16;KALIMANTAN TIMUR;PASER;TANAH GROGOT;SENAKEN;eyJpdiI6Ikw0bjQzaGx1UXp3YlJibTdpRmhiM0E9PSIsInZhbHVlIjoidTI5UVZQWFUxdWxTcWdZSi9pRzlBZz09IiwibWFjIjoiNjQ5NGJiYTRhNDYxZTczYzU5NWRmZjExNWVjYjYxZjA5MTRiMTNjNGUyMDc5NjdiNjM2NTIxYTYzYzA4NjA5OSIsInRhZyI6IiJ9;;[Kegiatan Usaha: Menjual ikan basah, Kategori: G, KBLI: 47215];;;;UMKM;;-1.933935197;116.164607;invalid;;;FALSE;FALSE;TRUE;;;invalid;;;;;;jumain;0;0;0;;;wil pasar senaken rt 0 rw 0;;47;jumain wil pasar senaken rt 0 rw 0 kbli47;1;0;1;0;Aktif;Wil Pasar senaken RT 0RW 0;P01;P01;;1;DONE 01/02 - 8.07 PM
15908;55334249;SAYUR QAMARIAH <KAMARIYAH>;Pasar senaken hamparan subuh, RT 0/RW 0;6401040016;64;1;40;16;KALIMANTAN TIMUR;PASER;TANAH GROGOT;SENAKEN;eyJpdiI6Ik5ud2NKZ2NjcXhxWXVLcTNZRlFzcUE9PSIsInZhbHVlIjoiYURZVFpHNXQ4Nk5yZ0ZpMFJ4bFArdz09IiwibWFjIjoiYjEzNzc3ZWMxOTE3M2EwOTE1MWJkMjdjZDg2MWJkYmIwZTdhMjg0NGZhOTBmYWIxMDA0MjE1Mzg1NGVmMDY5YiIsInRhZyI6IiJ9;;[Kegiatan Usaha: Menjual sayur eceran di lapak pasar, Kategori: G, KBLI: 47213];;;;UMKM;;-1.924215;116.1897967;valid;eyJpdiI6IjNCUStvdjYwL2N0c3pXeExqcW4wcnc9PSIsInZhbHVlIjoiTkhRY0FBVi8ycHBWbWVvNE1tSHJMdz09IiwibWFjIjoiNjdkZTJkMzA5N2FhZjg1NzY2MzI1ODI3Yzg3YWE2YmY3NDU5YjMwOWU2NGNjZjAzMTAyNmMwMjYyY2UyNDcwYSIsInRhZyI6IiJ9;1;TRUE;TRUE;FALSE;-1.924215;116.1897967;valid;raka.prawira;;;;;sayur qamariah kamariyah;0;0;0;;;pasar senaken hamparan subuh rt 0 rw 0;;47;sayur qamariah kamariyah pasar senaken hamparan subuh rt 0 rw 0 kbli47;1;0;1;1;Aktif;Pasar senaken hamparan subuh RT 0RW 0;P01;P01;;1;DONE 01/02 - 8.07 PM
15916;55208693;PLASTIK KASMAH <KASMAH>;Pasar senaken, RT 0/RW 0;6401040016;64;1;40;16;KALIMANTAN TIMUR;PASER;TANAH GROGOT;SENAKEN;eyJpdiI6Im5QQjBwVWU0UGk1cTRxNHZ5ZG5BM3c9PSIsInZhbHVlIjoiMjRXY2YyNmVNMklrR1pGblFCMnMxZz09IiwibWFjIjoiZGZhZjUxZTkzMjZkNGM4ZGRmNWEyYmRiMmZmMWI4YjViYzRjYzM4N2Q1YTAwOGNiYzRlZThlNmI3ZWFkYTVkNCIsInRhZyI6IiJ9;;[Kegiatan Usaha: Menjual kantong plastik eceran di lapak pasar, Kategori: G, KBLI: 47737];;;;UMKM;;-1.905041667;116.204915;valid;eyJpdiI6ImZMWTR5cms3ZTltOE0zT1MxWUF5R0E9PSIsInZhbHVlIjoiK1ZVN2I4Q3NtdTl6dnM4OWVBeGZqZz09IiwibWFjIjoiMGUzOWQ2Njc1YmQzNGQxMmVkYWM5Y2EyMzNiYTYxOGM2ZWU1ZGVkOWI4OWE0NzE0NjMyY2M1NTZhYTUwOTk4YiIsInRhZyI6IiJ9;1;TRUE;TRUE;FALSE;-1.905041667;116.204915;valid;raka.prawira;;;;;plastik kasmah kasmah;0;0;0;;;pasar senaken rt 0 rw 0;;47;plastik kasmah kasmah pasar senaken rt 0 rw 0 kbli47;1;0;1;1;Aktif;Pasar senaken RT 0RW 0;P01;P01;;1;DONE 01/02 - 8.07 PM
15920;55236613;SITI MAEMUNAH;wilayah pasar senaken, RT 0/RW 0;6401040016;64;1;40;16;KALIMANTAN TIMUR;PASER;TANAH GROGOT;SENAKEN;eyJpdiI6IkVsTE56Tm1IUUtVdUt2RTc2a1FhNEE9PSIsInZhbHVlIjoiSnd6YXVQVjJTNVJJeXd5Y240dU04dz09IiwibWFjIjoiNzg3NTE2YTkyZDI2OGJjZjY5ODU1NDY4OGFhMTJhNzBmZDc4Mzg4ZTMzOGUzNTY0NmQ5NmZiMzUxZTIzMTM1MCIsInRhZyI6IiJ9;;[Kegiatan Usaha: menjual sayuran, Kategori: G, KBLI: 47813];;;;UMKM;;-1.975891667;116.1879367;valid;eyJpdiI6IkNNL3E2WnBZaVg5R1JyV3FHY3ZSS3c9PSIsInZhbHVlIjoicnQrdXpXSnE5T3hGMW9MK3IyZmRiQT09IiwibWFjIjoiMTQ1NTA1ODAzZDE0OTM3YjAyOTRmYWVlYjMxY2I0MjVhMTU3ZjFjNmQ5OGJjZWVmYTExOWEzOGY5OTVjZmNlZCIsInRhZyI6IiJ9;1;TRUE;TRUE;FALSE;-1.975891667;116.1879367;valid;raka.prawira;;;;;siti maemunah;0;0;0;;;wilayah pasar senaken rt 0 rw 0;;47;siti maemunah wilayah pasar senaken rt 0 rw 0 kbli47;1;0;1;0;Aktif;wilayah pasar senaken RT 0RW 0;P01;P01;;1;DONE 01/02 - 8.07 PM
15921;55121971;ENDANG SUNARSIH;wil.pasar senaken, RT 0/RW 0;6401040016;64;1;40;16;KALIMANTAN TIMUR;PASER;TANAH GROGOT;SENAKEN;eyJpdiI6IjRFcWRlRUZqVXRHTklMR2RBajVDOEE9PSIsInZhbHVlIjoibFdZS1NHbHh2eEptUlVnc2V1TGluQT09IiwibWFjIjoiYjM3YTdjYTc4Y2IxZWZhMTZiYmQzMWVmYjUyNjdiZTRkMDk1ZmViMDQzN2Q4NGNkMjRjY2UzMGZlYWRjNzY3MSIsInRhZyI6IiJ9;;[Kegiatan Usaha: menjual sayuran, Kategori: G, KBLI: 47811];;;;UMKM;;-1.861638333;116.152845;valid;eyJpdiI6IlZhZGxuZXk2enZHY2lJZGl4WWNla0E9PSIsInZhbHVlIjoiRkoxNUcyNFNKVkxyek13UVV4NFhnZz09IiwibWFjIjoiOTlhZTRjMmVmNjM3NmUwMmFlYWNjZjk4ZTNmOGEyM2I2OTRjMGJhYWJlMzU2MTIwNjBlOWFkMjczNDlmNjQwOSIsInRhZyI6IiJ9;1;TRUE;TRUE;FALSE;-1.861638333;116.152845;valid;raka.prawira;;;;;endang sunarsih;0;0;0;;;wil pasar senaken rt 0 rw 0;;47;endang sunarsih wil pasar senaken rt 0 rw 0 kbli47;1;0;1;0;Aktif;wilpasar senaken RT 0RW 0;P01;P01;;1;DONE 01/02 - 8.07 PM
15925;55126986;YULIATI;Pasar senaken, RT 0/RW 0;6401040016;64;1;40;16;KALIMANTAN TIMUR;PASER;TANAH GROGOT;SENAKEN;eyJpdiI6ImU1YWhxRGp5VENOTnBXUHF3TmYzQ0E9PSIsInZhbHVlIjoiWWc1V1ZEemFHYTBmMGZ2RDRIZGZ1UT09IiwibWFjIjoiNTA4ZWYzZmFkYTE3ZDFiNjY2MmI4YmEyMzZlODI1ZWFiMzA3YjZiZjFlOWJmNWQ5YmJiZWQ3Zjg2ZDllNGE4MCIsInRhZyI6IiJ9;;[Kegiatan Usaha: menjual pakaian, Kategori: G, KBLI: 47711];;;;UMKM;;-1.915358333;116.1900817;valid;eyJpdiI6InpLMUFGd1V3VEVVSW5ySEFIcnRDaHc9PSIsInZhbHVlIjoiL3Mwd09HWmtDVjlBbU1YM0JoaWlMdz09IiwibWFjIjoiYTk0OGMxOGVjNzI1NDIxZDkyOGYwOTQzYzEyMTNlNTExNDc3NzI5MTJiYzc1YzY2MDA3ZmM1N2JlZDRmZDA3MSIsInRhZyI6IiJ9;1;TRUE;TRUE;FALSE;-1.915358333;116.1900817;valid;raka.prawira;;;;;yuliati;0;0;0;;;pasar senaken rt 0 rw 0;;47;yuliati pasar senaken rt 0 rw 0 kbli47;1;0;1;0;Aktif;Pasar senaken RT 0RW 0;P01;P01;;1;DONE 01/02 - 8.07 PM
15928;55070765;SAMSIR BAKRI;wil. pasar senaken, RT 0/RW 0;6401040016;64;1;40;16;KALIMANTAN TIMUR;PASER;TANAH GROGOT;SENAKEN;eyJpdiI6ImQzTG1CMUZxOHduZ0licXZ2VnMrSlE9PSIsInZhbHVlIjoibi9aSzZwWlpYREt2VXQ4YmpmYitmUT09IiwibWFjIjoiNzc1M2M5Y2Y3NjU0MzY1NjMzMGE5MTJlZmM0YjNjMTQ5NWEzYjk3ZWE4ZDcwMTc0ODg4ZTMwNGY5NmFkNDFkNSIsInRhZyI6IiJ9;;[Kegiatan Usaha: menjual sayuran, Kategori: G, KBLI: 47213];;;;UMKM;;-1.902206667;116.2134367;valid;eyJpdiI6IjFBMXFiaCtTdHJFZWZtaUQ4aml2dEE9PSIsInZhbHVlIjoiM2h5VzBKMHgvNUZETUhGL2pPWVdQQT09IiwibWFjIjoiMjdmNmMwMDA4YjAxMGZiNDVhNzhiZjAyZWM4ZTVjYjczNWZmYWNkYzRjMzFjYTdiYTlkYTA4ZDVkMjlhMmZiOCIsInRhZyI6IiJ9;1;TRUE;TRUE;FALSE;-1.902206667;116.2134367;valid;raka.prawira;;;;;samsir bakri;0;0;0;;;wil pasar senaken rt 0 rw 0;;47;samsir bakri wil pasar senaken rt 0 rw 0 kbli47;1;0;1;0;Aktif;wil pasar senaken RT 0RW 0;P01;P01;;1;DONE 01/02 - 8.07 PM
15929;55237385;SAYUR NURNANING <NURNANING SEH HANDAYANI>;Pasar senaken, RT 0/RW 0;6401040016;64;1;40;16;KALIMANTAN TIMUR;PASER;TANAH GROGOT;SENAKEN;eyJpdiI6IjlhUXlPMnJKa1NXSi8yZUhiTmRMZHc9PSIsInZhbHVlIjoiVElQckl1aldIUTc0NVltWEFpWGQ3UT09IiwibWFjIjoiMzgwZDFiZmRhYjFmODg2ZjA1MzQxOGY2YzZjYzFiZTYwMDZjNGRlZWVmZjgwMDBiOTllZDc1ZjYxMzU5YzA2NiIsInRhZyI6IiJ9;;[Kegiatan Usaha: Menjual sayur eceran di pasar, Kategori: G, KBLI: 47213];;;;UMKM;;-1.933935197;116.164607;invalid;;;FALSE;FALSE;TRUE;;;invalid;;;;;;sayur nurnaning nurnaning seh handayani;0;0;0;;;pasar senaken rt 0 rw 0;;47;sayur nurnaning nurnaning seh handayani pasar senaken rt 0 rw 0 kbli47;1;0;1;1;Aktif;Pasar senaken RT 0RW 0;P01;P01;;1;DONE 01/02 - 8.07 PM
15934;55075135;TOKO NURUL <NURUL HIKMAH>;Pasar senaken, RT 0/RW 0;6401040016;64;1;40;16;KALIMANTAN TIMUR;PASER;TANAH GROGOT;SENAKEN;eyJpdiI6IlQ2UHhpMldpbC9EMzIwN1ZoaHduMXc9PSIsInZhbHVlIjoiR0Z5NWNoY1RLaDMvNkc5cnZwZ2ljUT09IiwibWFjIjoiZWYyMjhiMmRlZmY4YjA1MDdiYmExNWFlZmRiNzAwYTkxODQ5MWVjODQ3M2ZkYTZhZmRmOTEzOTY5NmVhNTcwMSIsInRhZyI6IiJ9;;[Kegiatan Usaha: MENJUAL PAKAIAN, Kategori: G, KBLI: 47711];;;;UMKM;;-1.933935197;116.164607;invalid;;;FALSE;FALSE;TRUE;;;invalid;;;;;;nurul nurul hikmah;0;0;0;;;pasar senaken rt 0 rw 0;;47;nurul nurul hikmah pasar senaken rt 0 rw 0 kbli47;1;0;1;1;Aktif;Pasar senaken RT 0RW 0;P01;P01;;1;DONE 01/02 - 8.07 PM
15936;55069475;SAYUR SUYANTO <SUYANTO>;Pasar senaken hamparan subuh, RT 0/RW 0;6401040016;64;1;40;16;KALIMANTAN TIMUR;PASER;TANAH GROGOT;SENAKEN;eyJpdiI6IlVWaklNN3A5YlJQMmt3eUpRbFl1WUE9PSIsInZhbHVlIjoiL2s0d2JaNVlFb3hURGkyQWt3QW1Cdz09IiwibWFjIjoiY2RiYTE0YTkzOTcxZDVlZGQ3MThjZWFmOTVlMTYwOGYyMDZjZTQxNTdlNDIwNjQxMjU2Y2ZjNTE3ZGVlZGIyMyIsInRhZyI6IiJ9;;[Kegiatan Usaha: Menjual sayur eceran di lapak pasar, Kategori: G, KBLI: 47213];;;;UMKM;;-1.869513333;116.150285;valid;eyJpdiI6IktyaURlTUc5dDdiR3RnUndqMXMxd0E9PSIsInZhbHVlIjoiTnMwbHdobHdQWC9Id3ltZDl1UTdCQT09IiwibWFjIjoiMDNlMGY0ZDg4NDk5ZWIyMjcwYWVlMWJjMTIxOWQwMTBkNTI2MmZlYzg5Y2VjMGEwZDQyODQyM2IzZTIwN2JiMyIsInRhZyI6IiJ9;1;TRUE;TRUE;FALSE;-1.869513333;116.150285;valid;raka.prawira;;;;;sayur suyanto suyanto;0;0;0;;;pasar senaken hamparan subuh rt 0 rw 0;;47;sayur suyanto suyanto pasar senaken hamparan subuh rt 0 rw 0 kbli47;1;0;1;1;Aktif;Pasar senaken hamparan subuh RT 0RW 0;P01;P01;;1;DONE 01/02 - 8.07 PM
15939;55238079;MASTIKA;Pasar senaken, RT 0/RW 0;6401040016;64;1;40;16;KALIMANTAN TIMUR;PASER;TANAH GROGOT;SENAKEN;eyJpdiI6InNaNnVEYXdsQkFMODV3SE9xcHl4QlE9PSIsInZhbHVlIjoiZWxGWnRIOVRVbTZxK29EYWs4dVd6QT09IiwibWFjIjoiMWNhMjk4MWJhMWUwNzEyNTZhNGQyZjJlNGNkY2Y0NmQ0ZGYxNzlmMmM0MWVmMDczZjIzMmZhYTcwZDA2MTRiNSIsInRhZyI6IiJ9;;[Kegiatan Usaha: Rupa rupa, Kategori: G, KBLI: 47844];;;;UMKM;;-1.900925;116.2100933;valid;eyJpdiI6IlFuNzZwV2JwTUw2RTJCWmRCTU1zc0E9PSIsInZhbHVlIjoiNXRXcjhzcDBIc1o5dnJ6UUVrK1FMdz09IiwibWFjIjoiMGJiNzQ5Y2Q4Mzk3MGMwYTM3N2M5ZGRhMWQ2MWFlMTNiOWNmMzc1MGMyNDU3MWQ0YmUyNGM1NmJhM2NiNTRiYiIsInRhZyI6IiJ9;1;TRUE;TRUE;FALSE;-1.900925;116.2100933;valid;raka.prawira;;;;;mastika;0;0;0;;;pasar senaken rt 0 rw 0;;47;mastika pasar senaken rt 0 rw 0 kbli47;1;0;1;0;Aktif;Pasar senaken RT 0RW 0;P01;P01;;1;DONE 01/02 - 8.07 PM
15942;55097816;TK. JAMHURI <MUHAMMAH JAMHURI NOOR>;Pasar senaken, RT 0/RW 0;6401040016;64;1;40;16;KALIMANTAN TIMUR;PASER;TANAH GROGOT;SENAKEN;eyJpdiI6IldKWCsvM2pmZ1lObDFFbEtnSWl4V3c9PSIsInZhbHVlIjoiL3o2OUxiR0dlYXE1MGh5ZDZDdTBJUT09IiwibWFjIjoiZmY4NjY1ODllMWYwZmJlNGY5YjE0OGYzNjRlNmZkZDE5YzU4NWE2ODE2Y2EzNTIyMDA4ZGRhYTA3OGJhZDU0NSIsInRhZyI6IiJ9;;[Kegiatan Usaha: Menjual Pecah belah, Kategori: G, KBLI: 47863];;;;UMKM;;-1.914813299;116.189088;valid;eyJpdiI6Ik9rQTB3U1g5TjJFeWJ4Zjl3bkg5Snc9PSIsInZhbHVlIjoiL1JrNTdabldrdUJlSUtxNnljVTQrZz09IiwibWFjIjoiMTdmNjAxODQ4YmZlN2E5MzE4YTk0OTJhZGI3ZWEyY2IxMWFjNzgyMzBmYTA3YjQ1YjBiMjgxNTUwYzA2MDhjYiIsInRhZyI6IiJ9;1;TRUE;TRUE;FALSE;-1.914813299;116.189088;valid;raka.prawira;;;;;tk jamhuri muhammah jamhuri noor;0;0;0;;;pasar senaken rt 0 rw 0;;47;tk jamhuri muhammah jamhuri noor pasar senaken rt 0 rw 0 kbli47;1;0;1;1;Aktif;Pasar senaken RT 0RW 0;P01;P01;;1;DONE 01/02 - 8.07 PM
15948;55046802;TOKO IDA KOSMETIK <FARIDA SAFITRI>;Pasar senaken, RT 0/RW 0;6401040009;64;1;40;9;KALIMANTAN TIMUR;PASER;TANAH GROGOT;JONE;eyJpdiI6IkRDT0pFdW9hUldDNWZ6M01RbVg5VkE9PSIsInZhbHVlIjoiY1FoSzhRWlRPYWsvMmVNc1dxOHlBQT09IiwibWFjIjoiYWU4NDc5YzA2MDNjNmExNDQ2NjRhNGM1YWZlYTAxODg1Zjg0MjE4MGZjYWMwMjkzODgwZWQ5OGMwZDZjMjM1MCIsInRhZyI6IiJ9;;[Kegiatan Usaha: MENJUAL KOSMETIK, Kategori: G, KBLI: 47844];;;;UMKM;;-1.89417884;116.2161533;valid;eyJpdiI6IjBZd3JSald2Mmg2dDRUb1Q2MnVZN2c9PSIsInZhbHVlIjoidHNiS0ZOY3UrMU5mNmx4SHF5VlplZz09IiwibWFjIjoiNWU3NDJmOGQwZjJhYjcyODQxNGZjODI5MTk3NGM4M2NmZWZiNmU5M2VkMTE4NTBhMDY1MzI0OTJlOTc2MWE4ZSIsInRhZyI6IiJ9;1;TRUE;TRUE;FALSE;-1.89417884;116.2161533;valid;raka.prawira;;;;;ida kosmetik farida safitri;0;0;0;;;pasar senaken rt 0 rw 0;;47;ida kosmetik farida safitri pasar senaken rt 0 rw 0 kbli47;1;0;1;1;Aktif;Pasar senaken RT 0RW 0;P01;P01;;1;DONE 01/02 - 8.07 PM
15957;55044175;BUNGA SALBIAH <SALBIAH>;Pasar senaken hamparan subuh, RT 0/RW 0;6401040016;64;1;40;16;KALIMANTAN TIMUR;PASER;TANAH GROGOT;SENAKEN;eyJpdiI6Imt2M1RXczROMndud0VxMDN4aGt1QXc9PSIsInZhbHVlIjoiV0s5bkRZTG1yem96YndkYlcyVFpidz09IiwibWFjIjoiOTAzNTIwZmMwYTBlYjFiZmI1ZjE0MGJmMWQ2ZmI1OGVhMGY3OTViZWQ4Yjc1OTg5MDkwN2EyOGQ0ZDY5ZTdhNSIsInRhZyI6IiJ9;;[Kegiatan Usaha: Menjual bunga tabur di pasar, Kategori: G, KBLI: 47761];;;;UMKM;;-1.93796057;116.1777947;valid;eyJpdiI6IjBHR1VVVjFzZ2YxdW5GZ29MeHlQNHc9PSIsInZhbHVlIjoiUU1xZHBMQ251dGFFV3F4TTE2OXV6UT09IiwibWFjIjoiMDkyZDBiNWU2OTU3OGUyMDk0MzFjYjFhODA4MTU3M2NkMzI5Njg0M2M4Yjg1ODQ2NjU3ZTEyZjVhZWQwYzkxNyIsInRhZyI6IiJ9;1;TRUE;TRUE;FALSE;-1.93796057;116.1777947;valid;raka.prawira;;;;;bunga salbiah salbiah;0;0;0;;;pasar senaken hamparan subuh rt 0 rw 0;;47;bunga salbiah salbiah pasar senaken hamparan subuh rt 0 rw 0 kbli47;1;0;1;1;Aktif;Pasar senaken hamparan subuh RT 0RW 0;P01;P01;;1;DONE 01/02 - 8.07 PM
15968;55099486;TOKO LATIFAH <DHEYA MELLY MELIYANI>;Pasar senaken, RT 0/RW 0;6401040009;64;1;40;9;KALIMANTAN TIMUR;PASER;TANAH GROGOT;JONE;eyJpdiI6IkpYQ2RSWjMvZzdnOGlvQnAvZlFPa2c9PSIsInZhbHVlIjoiNU9MTHdUYy9nQ09qNi9oSVQ5M0Ewdz09IiwibWFjIjoiMDZlMDM1OTk3NWNkMWU5OTY2ZjMzYTA2NDE3ZWQ1MjcxODk4NDg2OWJiZDE3YjkyMDAwODk0MTE2ZmJkZDVkYiIsInRhZyI6IiJ9;;[Kegiatan Usaha: Menjual pecah belah, Kategori: G, KBLI: 47863];;;;UMKM;;-1.933935197;116.164607;invalid;;;FALSE;FALSE;TRUE;;;invalid;;;;;;latifah dheya melly meliyani;0;0;0;;;pasar senaken rt 0 rw 0;;47;latifah dheya melly meliyani pasar senaken rt 0 rw 0 kbli47;1;0;1;1;Aktif;Pasar senaken RT 0RW 0;P01;P01;;1;DONE 01/02 - 8.07 PM
15980;55045431;SEMBAKO RABIYATUL <RABIYATUL ADAWIYAH>;Pasar senaken, RT 0/RW 0;6401040016;64;1;40;16;KALIMANTAN TIMUR;PASER;TANAH GROGOT;SENAKEN;eyJpdiI6IkpXZ2Zjc3JVZ0VJdDY3dENtUjl4NlE9PSIsInZhbHVlIjoiTHBBRFF3TklIRE16Y1pJakZyeFhnUT09IiwibWFjIjoiMDM5NzRkOTkzNTcxYTk0M2NiNWU4OTljZGVjYWI1N2RlMTlkMzFiZGIxM2RlNTEzZjRhMDliYmJlZDAzNWMyNiIsInRhZyI6IiJ9;;[Kegiatan Usaha: Menjual sembako eceran di lapak pasar, Kategori: G, KBLI: 47112];;;;UMKM;;-1.934441845;116.132223;valid;eyJpdiI6IjErYWtBVVhyazhmY1JDRmc5SFJ6d2c9PSIsInZhbHVlIjoid1RhUWZNc25zeTh0MFFhdzBsMHJNdz09IiwibWFjIjoiZTMyNDIwMWU4OGE5YTRlNTYxMzgyYzc0OGVhMTU4OGUwNDRmNWQ2NjI3MDdmNjc4MjliNDUzM2VjMDczNmFiYiIsInRhZyI6IiJ9;1;TRUE;TRUE;FALSE;-1.934441845;116.132223;valid;raka.prawira;;;;;sembako rabiyatul rabiyatul adawiyah;0;0;0;;;pasar senaken rt 0 rw 0;;47;sembako rabiyatul rabiyatul adawiyah pasar senaken rt 0 rw 0 kbli47;1;0;1;1;Aktif;Pasar senaken RT 0RW 0;P01;P01;;1;DONE 01/02 - 8.07 PM
15981;55123543;KECAMBAH JUMIYATI <JUMIYATI>;Pasar senaken, RT 0/RW 0;6401040004;64;1;40;4;KALIMANTAN TIMUR;PASER;TANAH GROGOT;TANAH GROGOT;eyJpdiI6ImZIRnlDdGVNOXlsandzV0Z4b1pzWHc9PSIsInZhbHVlIjoiMFVpaDBFa3lweURVb09lWFYvZFI5dz09IiwibWFjIjoiN2UzNDU4OTJkMTRjMjZhMmQxNTgwMjIzNjU2Zjk0NjJiZTIyNTI0NmE4MGY2ZDdmMDJiZTA3NTc3ZTI2NmU4MyIsInRhZyI6IiJ9;;[Kegiatan Usaha: Menjual sayur kecambah dilapak pasar, Kategori: G, KBLI: 47213];;;;UMKM;;-1.933935197;116.164607;invalid;;;FALSE;FALSE;TRUE;;;invalid;;;;;;kecambah jumiyati jumiyati;0;0;0;;;pasar senaken rt 0 rw 0;;47;kecambah jumiyati jumiyati pasar senaken rt 0 rw 0 kbli47;1;0;1;1;Aktif;Pasar senaken RT 0RW 0;P01;P01;;1;DONE 01/02 - 8.07 PM
15983;55125430;SAYUR IFROH <IFROHATUL HUDA>;Pasar senaken, RT 0/RW 0;6401040016;64;1;40;16;KALIMANTAN TIMUR;PASER;TANAH GROGOT;SENAKEN;eyJpdiI6IjZUUFRpTzJtVFBEcnhMYmlQdURka0E9PSIsInZhbHVlIjoib01teElsSWR4ajlSbml3aW1sZmhFQT09IiwibWFjIjoiYjc0YzI4ZmYxYjI3OTdhMmNjMjgyZjVlYjJmY2JjOGU1MDY4MTM0NGU3NTdhYjQ1OGI3OWFkNTc5Njc3MDlkOSIsInRhZyI6IiJ9;;[Kegiatan Usaha: Menjual sayur eceran di lapak pasar, Kategori: G, KBLI: 47213];;;;UMKM;;-1.933935197;116.164607;invalid;;;FALSE;FALSE;TRUE;;;invalid;;;;;;sayur ifroh ifrohatul huda;0;0;0;;;pasar senaken rt 0 rw 0;;47;sayur ifroh ifrohatul huda pasar senaken rt 0 rw 0 kbli47;1;0;1;1;Aktif;Pasar senaken RT 0RW 0;P01;P01;;1;DONE 01/02 - 8.07 PM
15987;55238797;TOKO RAFII <MUHAMMAD RAFII>;Pasar senaken, RT 0/RW 0;6401040009;64;1;40;9;KALIMANTAN TIMUR;PASER;TANAH GROGOT;JONE;eyJpdiI6IkVnUjQreXRjYitqNUhUaUEzcm9pc3c9PSIsInZhbHVlIjoiVmhzcnB6U1AyTFVPeklYTkQ0V09pdz09IiwibWFjIjoiZmIxOWQwMDUxZWEwOGU2ODAzN2JhZmRlMDFhMGYzMDU4ZGEzNTY2NTE4OTAzMmQ2OGEwMTg5NTQxZTJmNDVlOCIsInRhZyI6IiJ9;;[Kegiatan Usaha: MENJUAL TAS, Kategori: G, KBLI: 47714];;;;UMKM;;-1.900643333;116.2041267;valid;eyJpdiI6IjdIQzdtTEZvUFhueTZuN3dtKzV0Snc9PSIsInZhbHVlIjoiS1RMTEU4TG5YOStJYlJvbTFxTlgwdz09IiwibWFjIjoiN2FmNzRlNDAyMWNmZDg0YzE0NTA3ZmExNzhhMzEzMDhkYmRhZGZiOWE4NTBiZDBmMDZlYzIxYjhlYWQyOTllNiIsInRhZyI6IiJ9;1;TRUE;TRUE;FALSE;-1.900643333;116.2041267;valid;raka.prawira;;;;;rafii muhammad rafii;0;0;0;;;pasar senaken rt 0 rw 0;;47;rafii muhammad rafii pasar senaken rt 0 rw 0 kbli47;1;0;1;1;Aktif;Pasar senaken RT 0RW 0;P01;P01;;1;DONE 01/02 - 8.07 PM
15989;55076464;SAIFUL HADI;Pasar senaken, RT 0/RW 0;6401040016;64;1;40;16;KALIMANTAN TIMUR;PASER;TANAH GROGOT;SENAKEN;eyJpdiI6IklEb3E3SVZ1NmEyR1NSUnZiRzY4K3c9PSIsInZhbHVlIjoiN1YxVUp3bThqdlZEbWtCOXpQdEp4QT09IiwibWFjIjoiYTQ5NzJmMDJlZGUyMGM1MzhkN2JkZjZlMmQ4YTJjMDU5MzI0NzU3NTExYTJlYWEwYzgxOGU1YjFkOGM4NWFiZCIsInRhZyI6IiJ9;;[Kegiatan Usaha: Menjual pakaina, Kategori: G, KBLI: 47711];;;;UMKM;;-1.933935197;116.164607;invalid;;;FALSE;FALSE;TRUE;;;invalid;;;;;;saiful hadi;0;0;0;;;pasar senaken rt 0 rw 0;;47;saiful hadi pasar senaken rt 0 rw 0 kbli47;1;0;1;0;Aktif;Pasar senaken RT 0RW 0;P01;P01;;1;DONE 01/02 - 8.07 PM
15994;55099286;SEMBAKO AWISMAN <AWISMAN>;Pasar senaken, RT 0/RW 0;6401040004;64;1;40;4;KALIMANTAN TIMUR;PASER;TANAH GROGOT;TANAH GROGOT;eyJpdiI6ImpobGJoa3pVMHd6d3QzT1dSN04ybkE9PSIsInZhbHVlIjoiOC9qeW9ETDJYMUJJOHhHL1RxaVBxQT09IiwibWFjIjoiYjQyYzBmNmM1ZmZkZTkxOGM3MjRhYjU1ZDVjOTQ1YzNlMmJmZmVlYjVhOWUzMWUzOTAwZGMwZjFmOWRjZDJjNSIsInRhZyI6IiJ9;;[Kegiatan Usaha: Menjual sembako eceran di lapak pasar, Kategori: G, KBLI: 47112];;;;UMKM;;-1.933935197;116.164607;invalid;;;FALSE;FALSE;TRUE;;;invalid;;;;;;sembako awisman awisman;0;0;0;;;pasar senaken rt 0 rw 0;;47;sembako awisman awisman pasar senaken rt 0 rw 0 kbli47;1;0;1;1;Aktif;Pasar senaken RT 0RW 0;P01;P01;;1;DONE 01/02 - 8.07 PM
15995;55077395;ABDURRAHIM;Pasar senaken, RT 0/RW 0;6401040016;64;1;40;16;KALIMANTAN TIMUR;PASER;TANAH GROGOT;SENAKEN;eyJpdiI6ImxLdVdQMDk5Q1diSWhvYXEwditjT1E9PSIsInZhbHVlIjoiQW02dlkrcWZZa1dJWTE0MTJZd3BGZz09IiwibWFjIjoiMWY3NjY3NjY5YTUyMDU0MjE4NzgyNWI5OGU1YWRiZTlmOTVkYWI0YWZjZjhhNzUzZGJlNGI1ZjAyNGQ5YjU0OSIsInRhZyI6IiJ9;;[Kegiatan Usaha: Accesories, Kategori: G, KBLI: 47834];;;;UMKM;;-1.933935197;116.164607;invalid;;;FALSE;FALSE;TRUE;;;invalid;;;;;;abdurrahim;0;0;0;;;pasar senaken rt 0 rw 0;;47;abdurrahim pasar senaken rt 0 rw 0 kbli47;1;0;1;0;Aktif;Pasar senaken RT 0RW 0;P01;P01;;1;DONE 01/02 - 8.07 PM
15998;55102613;SALAMAT RIYADI;Pasar senaken, RT 0/RW 0;6401040016;64;1;40;16;KALIMANTAN TIMUR;PASER;TANAH GROGOT;SENAKEN;eyJpdiI6IlMwaHN3R0h2ZTFBNUVsRWluU0diM3c9PSIsInZhbHVlIjoibHRkTHV5Nis0bGt0c2Q2VGt3ZHhNZz09IiwibWFjIjoiZTk3ZmM5Njk0Y2ZiYTk2YmM4NTM5OTA0ZmI4NjRjNmI2NDE4YmU0OTNmOGNmODI2M2M5NWNhMjFiM2I4MWM4NiIsInRhZyI6IiJ9;;[Kegiatan Usaha: Menjual pakaian, Kategori: G, KBLI: 47711];;;;UMKM;;-1.908301022;116.1977722;valid;eyJpdiI6InVQNUI4K2pyY1k4ZFpFOENUWW5rK2c9PSIsInZhbHVlIjoiMmYvWDhLeEZ6c3ZQUG4zcXdudEhkQT09IiwibWFjIjoiOTM1NzExMmIzM2FkOGFiZWNlMzExYzdiZjI4MjMzMWYxMTQwYTAzNGQyOGZjMGY3YmQxMzYwMmZlOWQ3MzdhZiIsInRhZyI6IiJ9;1;TRUE;TRUE;FALSE;-1.908301022;116.1977722;valid;raka.prawira;;;;;salamat riyadi;0;0;0;;;pasar senaken rt 0 rw 0;;47;salamat riyadi pasar senaken rt 0 rw 0 kbli47;1;0;1;0;Aktif;Pasar senaken RT 0RW 0;P01;P01;;1;DONE 01/02 - 8.07 PM
16012;55179118;IKAN BASAH RUSDI <RUSDI>;Pasar senaken blok c, RT 0/RW 0;6401040016;64;1;40;16;KALIMANTAN TIMUR;PASER;TANAH GROGOT;SENAKEN;eyJpdiI6IkNXcy95d0JTUjlLUGYzODhwVTltK1E9PSIsInZhbHVlIjoid2JMVTJ0RDRVazB6ODNlRjVralRMQT09IiwibWFjIjoiZmJjMjRhZDRhMmQ0Y2Y3MDAyYTQ4MDI4YzAxMzQzNmViZjgxNzI2MTE3ODE5MWFlOTg3MmRhNjE4NGZhNWIyOSIsInRhZyI6IiJ9;;[Kegiatan Usaha: Menjual ikan basah eceran di pasar, Kategori: G, KBLI: 47215];;;;UMKM;;-1.933935197;116.164607;invalid;;;FALSE;FALSE;TRUE;;;invalid;;;;;;ikan basah rusdi rusdi;0;0;0;;;pasar senaken blok c rt 0 rw 0;;47;ikan basah rusdi rusdi pasar senaken blok c rt 0 rw 0 kbli47;1;0;1;1;Aktif;Pasar senaken blok c RT 0RW 0;P01;P01;;1;DONE 01/02 - 8.07 PM
16020;55153307;TOKO DANI <RAHMADANI NOOR>;Pasar senaken, RT 0/RW 0;6401040009;64;1;40;9;KALIMANTAN TIMUR;PASER;TANAH GROGOT;JONE;eyJpdiI6Ik55bUNNeE81Z1NuZjM3TmRLUDd3MFE9PSIsInZhbHVlIjoiMVRMYU1DWnRXRG9Ya0JLTlBvSGZkQT09IiwibWFjIjoiNTNjZWMyMjMwN2ViOTY4YzA2OGE5ZjE4MTVhNDQyNzUxM2ExMDNhMTczOGZiOTI1MTU3ODE0OTBlZWYyNTMxMiIsInRhZyI6IiJ9;;[Kegiatan Usaha: MENJUAL PAKIAN, Kategori: G, KBLI: 47711];;;;UMKM;;-1.92023271;116.1968339;valid;eyJpdiI6IjZzNnVMdDNTUFF6M083akljZWNYQ3c9PSIsInZhbHVlIjoidGVscVlDOXFtNDVISkl4MGZnRmN4dz09IiwibWFjIjoiOTdmMDkzNWYxM2Y4MGE3ODg4ZmIwYjQwZTUwMGJmNWE1MjZhYjVlZjM2YzA5OGRiYzczNWVmMzcxMzM3N2I0NyIsInRhZyI6IiJ9;1;TRUE;TRUE;FALSE;-1.92023271;116.1968339;valid;raka.prawira;;;;;dani rahmadani noor;0;0;0;;;pasar senaken rt 0 rw 0;;47;dani rahmadani noor pasar senaken rt 0 rw 0 kbli47;1;0;1;1;Aktif;Pasar senaken RT 0RW 0;P01;P01;;1;DONE 01/02 - 8.07 PM
16027;55076854;TOKO IWAN <RISWANDI IBRAHIM>;Pasar senaken, RT 0/RW 0;6401040009;64;1;40;9;KALIMANTAN TIMUR;PASER;TANAH GROGOT;JONE;eyJpdiI6IlNPSzdNaXhjR05WOFdwQ244cm82T1E9PSIsInZhbHVlIjoiQzFBUlVtZ0F2cjFkcTNWLzYvaU9Edz09IiwibWFjIjoiNmU0ZjI1NjA2MmRhMzA5MDAwYWZhNzI3ZjVmOTE4YjM4NGI3ZDgyYmI3YWVmZDc5NDU4MmIxMjYwMDYxNzNkMyIsInRhZyI6IiJ9;;[Kegiatan Usaha: MENJUAL PAKAIAN, Kategori: G, KBLI: 47711];;;;UMKM;;-1.933935197;116.164607;invalid;;;FALSE;FALSE;TRUE;;;invalid;;;;;;iwan riswandi ibrahim;0;0;0;;;pasar senaken rt 0 rw 0;;47;iwan riswandi ibrahim pasar senaken rt 0 rw 0 kbli47;1;0;1;1;Aktif;Pasar senaken RT 0RW 0;P01;P01;;1;DONE 01/02 - 8.07 PM
16033;55073457;TOKO MAMA ILEN <NUR BAITI>;Pasar senaken, RT 0/RW 0;6401040009;64;1;40;9;KALIMANTAN TIMUR;PASER;TANAH GROGOT;JONE;eyJpdiI6InUyY0M3ZTlYcklnMU5NeXlBd2FvN1E9PSIsInZhbHVlIjoiZFVXTG8yWmZ6NlJTYUdoU1hpQzlIdz09IiwibWFjIjoiMjY4NmVjMTg0MGE1NDcwOTE0OGYyZTYyNTE2ZTNiNTcyNGNjZDU3MGUwMjE0MzA2NzRkMTE1NzVmMzEzOWU3NiIsInRhZyI6IiJ9;;[Kegiatan Usaha: Menjual pakaian, Kategori: G, KBLI: 47711];;;;UMKM;;-1.933935197;116.164607;invalid;;;FALSE;FALSE;TRUE;;;invalid;;;;;;mama ilen nur baiti;0;0;0;;;pasar senaken rt 0 rw 0;;47;mama ilen nur baiti pasar senaken rt 0 rw 0 kbli47;1;0;1;1;Aktif;Pasar senaken RT 0RW 0;P01;P01;;1;DONE 01/02 - 8.07 PM
16036;55047239;MM. DEWI TAYLOR <SAJRATUL HULBI>;Pasar senaken, RT 0/RW 0;6401040016;64;1;40;16;KALIMANTAN TIMUR;PASER;TANAH GROGOT;SENAKEN;eyJpdiI6IlpmeFR6d1g5eHhmUlFBdWJ3YXNVV3c9PSIsInZhbHVlIjoiQ0VsVFhKc0FvZmtPOG0yZk5PUyt0QT09IiwibWFjIjoiZTVhODM0ZTU0NGFhNThjMzU5OTQ0NTQxNjk0NzY4NjExOTEyOTc5NWQ3NTExYzMxNWE1ZDQwN2FhZjkyYWU0MyIsInRhZyI6IiJ9;;[Kegiatan Usaha: Penjahit, Kategori: C, KBLI: 14120];;;;UMKM;;-1.915063333;116.2430117;valid;eyJpdiI6InVDanE3QUtGMWxtUjdscUFaUDhBSEE9PSIsInZhbHVlIjoiMFZXZmtzRlpMWndEQldoc283Vk1iQT09IiwibWFjIjoiN2M1YjE0Y2FjYTFlZmU3YTY0YjU5MDJlZWRkZjliYjU3N2YwYTZkZjVjOThlZTNkMTZhMDBjYTg5ZDQ5MmFkZSIsInRhZyI6IiJ9;1;TRUE;TRUE;FALSE;-1.915063333;116.2430117;valid;raka.prawira;;;;;mm dewi taylor sajratul hulbi;0;0;0;;;pasar senaken rt 0 rw 0;;14;mm dewi taylor sajratul hulbi pasar senaken rt 0 rw 0 kbli14;1;0;1;1;Aktif;Pasar senaken RT 0RW 0;P01;P01;;1;DONE 01/02 - 8.07 PM
16045;55152223;ZULEHA;Wilayah pasaar senaken, RT 0/RW 0;6401040016;64;1;40;16;KALIMANTAN TIMUR;PASER;TANAH GROGOT;SENAKEN;eyJpdiI6Incva2Z5aS9WTUp5eUxCNG1uSGF4NFE9PSIsInZhbHVlIjoiQ2hwNXdQMC80M0Vvc25jV2N0QzFKQT09IiwibWFjIjoiYTlkMzU3NDAxNjYxMjg2ZWJiMmEwMTg2ZGE1MGU4NTZmM2RlOTNhN2JhYjI1MDVlMmZkMDQzODljMmQ5ZGVlMCIsInRhZyI6IiJ9;;[Kegiatan Usaha: warung makan, Kategori: I, KBLI: 56102];;;;UMKM;;-1.905241667;116.236185;valid;eyJpdiI6InVRR1UxY1M0OXhrRGF5a3gzalNxQ3c9PSIsInZhbHVlIjoicFVvOG96TEJMOVJ1UitFeFZpMW9hdz09IiwibWFjIjoiOWFiODFjZWU4ZGFiYWViZGE4MzQ3M2RhMzMzMTc0MTY4NDZjOTI4ZDAxNTJjYTQzNDQ0NmFiMTFlNDA4OWNlOCIsInRhZyI6IiJ9;1;TRUE;TRUE;FALSE;-1.905241667;116.236185;valid;raka.prawira;;;;;zuleha;0;0;0;;;wilayah pasaar senaken rt 0 rw 0;;56;zuleha wilayah pasaar senaken rt 0 rw 0 kbli56;1;0;1;0;Aktif;Wilayah pasaar senaken RT 0RW 0;P01;P01;;;DONE 01/02 - 8.07 PM
16055;55152674;MAMA GIBRAN <WILLIYANTI>;Pasar senaken, RT 0/RW 0;6401040016;64;1;40;16;KALIMANTAN TIMUR;PASER;TANAH GROGOT;SENAKEN;eyJpdiI6Iitua2hQMy9lODFCQW1sMTVoUkVTUWc9PSIsInZhbHVlIjoiT013ekhRWXo2Zm1NeisvNTdmMERxQT09IiwibWFjIjoiZWI0Y2E4ZWRlZmU4ZTZiZjc2ZWY0MGY0YjdkYmY5YTg1YmVhNzRiMDZlM2FlNjhjNjI0YjgyYWJmMDU0YWFlNSIsInRhZyI6IiJ9;;[Kegiatan Usaha: Menjual pakaian, Kategori: G, KBLI: 47711];;;;UMKM;;-1.933935197;116.164607;invalid;;;FALSE;FALSE;TRUE;;;invalid;;;;;;mama gibran williyanti;0;0;0;;;pasar senaken rt 0 rw 0;;47;mama gibran williyanti pasar senaken rt 0 rw 0 kbli47;1;0;1;1;Aktif;Pasar senaken RT 0RW 0;P01;P01;;1;DONE 01/02 - 8.07 PM
16060;55124975;TOKO WAHYU <WAHYU RIDHO RAMADHAN>;PASAR SENAKEN, RT 0/RW 0;6401040009;64;1;40;9;KALIMANTAN TIMUR;PASER;TANAH GROGOT;JONE;eyJpdiI6Im9oc24vbDJ1ZEVBeExadzNlQ0toTEE9PSIsInZhbHVlIjoiOU1zSGQvYXRxZHlncFgzdVo3bmk3dz09IiwibWFjIjoiZWE4YjUzZGQyZjU2NTY2YjE5MjhlZjJkM2MyMTU0OTFmZGY1MDNmZDQ5NzJlMzAxZTk4NDM3OTAyMDQwN2Y1MiIsInRhZyI6IiJ9;;[Kegiatan Usaha: MENJUAL PAKAIAN, Kategori: G, KBLI: 47711];;;;UMKM;;-1.915235;116.1947306;valid;eyJpdiI6IitycDhTVStOTmZ1RWdwWmZ1M1JiSmc9PSIsInZhbHVlIjoiWnpkK1liZkNXTzkzQ0tMR3p0TTZLUT09IiwibWFjIjoiYzNkZDYzM2Y3YTdiZmU0NzU4NTU1N2RmZjljNzRlNzNhNzZhYTgxYzQwYTk0ZTg2NjJjYmU4MWUyYmQ2Zjk1ZiIsInRhZyI6IiJ9;1;TRUE;TRUE;FALSE;-1.915235;116.1947306;valid;raka.prawira;;;;;wahyu wahyu ridho ramadhan;0;0;0;;;pasar senaken rt 0 rw 0;;47;wahyu wahyu ridho ramadhan pasar senaken rt 0 rw 0 kbli47;1;0;1;1;Aktif;PASAR SENAKEN RT 0RW 0;P01;P01;;1;DONE 01/02 - 8.07 PM
16065;55100436;PLASTIK SANAH <SANAH>;Pasar senaken blok A, RT 0/RW 0;6401040016;64;1;40;16;KALIMANTAN TIMUR;PASER;TANAH GROGOT;SENAKEN;eyJpdiI6InZHM0tuc2pBRHhiMENkdmxzcWZDc3c9PSIsInZhbHVlIjoiYlJuWTNDQkdtSUdEem9iNEU4cS9Vdz09IiwibWFjIjoiNzczNWYyZmMwNjY4ZmQzYWRkNjg5ODVhM2NkZmYwMGVhMzMwZjc2YTQwYzg1MDY4NjVlNDc3YTliODBmNWFhNyIsInRhZyI6IiJ9;;[Kegiatan Usaha: Menjual plastik eceran di lapak pasar, Kategori: G, KBLI: 47737];;;;UMKM;;-1.88757196;116.1616196;valid;eyJpdiI6InA3RVNMQTh1bXhJZStEaUtIcWE3d1E9PSIsInZhbHVlIjoiQzJrQnRNMTg0c1hMSHJEa0plZ3Q4Zz09IiwibWFjIjoiMDljODYzMGE0YWQ0MjAyMDNjOTQxZmRhMDYzMTRiYWEyMjdhOWExN2Q4NTQwYmQzZDFhYTA3YzJhNjIwYzkzOCIsInRhZyI6IiJ9;1;TRUE;TRUE;FALSE;-1.88757196;116.1616196;valid;raka.prawira;;;;;plastik sanah sanah;0;0;0;;;pasar senaken blok a rt 0 rw 0;;47;plastik sanah sanah pasar senaken blok a rt 0 rw 0 kbli47;1;0;1;1;Aktif;Pasar senaken blok A RT 0RW 0;P01;P01;;1;DONE 01/02 - 8.07 PM
16070;55180731;PENTOL FREDI <FREDIYANTO>;Parkiran pasar senaken, RT 0/RW 0;6401040016;64;1;40;16;KALIMANTAN TIMUR;PASER;TANAH GROGOT;SENAKEN;eyJpdiI6Iit0TlhzK01PeTAwZ2wzSDB0KzFRQWc9PSIsInZhbHVlIjoiMVBicVcyS0NtZGIzMU1aTE9yaE9RUT09IiwibWFjIjoiYzUyNjdjYmI0YzNiYTEzYjhmNmVjZjExMDYxMWY4MTBmNGEyMGY5YzZkOTUzZGRlZWIwYjhjN2MyMDExMThiMyIsInRhZyI6IiJ9;;[Kegiatan Usaha: Menjual pentol olahan daging di gerobak, Kategori: I, KBLI: 56104];;;;UMKM;;-1.933935197;116.164607;invalid;;;FALSE;FALSE;TRUE;;;invalid;;;;;;pentol fredi frediyanto;0;0;0;;;parkiran pasar senaken rt 0 rw 0;;56;pentol fredi frediyanto parkiran pasar senaken rt 0 rw 0 kbli56;1;0;1;1;Aktif;Parkiran pasar senaken RT 0RW 0;P01;P01;;1;DONE 01/02 - 8.07 PM
16076;55074542;TOKO RACHMAD <RACHMAD SYAID DARMAWIJAYA>;PASAR SENAKEN, RT 0/RW 0;6401040009;64;1;40;9;KALIMANTAN TIMUR;PASER;TANAH GROGOT;JONE;eyJpdiI6IlZ1bG1WQ0FpN1h0WW1CMUNHV2ptQkE9PSIsInZhbHVlIjoiQnllUGdEbk1TSUh1K3M0Q0JtcFZIZz09IiwibWFjIjoiNzg1Y2Y1ZjM1MjllNDkzYTEyOGQ3OTViYWIwMGQ3MzE2MTY0ZDBiZjEzMjIwODY2ZGU1NDA2YmQ0MWQ4NzQ3MiIsInRhZyI6IiJ9;;[Kegiatan Usaha: MENJUAL PECAH BELAH, Kategori: G, KBLI: 47863];;;;UMKM;;-1.876475;116.1992667;valid;eyJpdiI6InQ5OXdJK3Z6ZldmNzZBMjBlZlp6TEE9PSIsInZhbHVlIjoibWRVeUhEZ2tUcXJmSkVrZy8xeUkxUT09IiwibWFjIjoiOWZhNmM1YzQ1YmQzODljNThhNDExM2YwY2JlN2NlMzNiMDQ4OTc1YzE4MWU1N2IzNzNhNTZlZDQ0ZmE5NTY2YSIsInRhZyI6IiJ9;1;TRUE;TRUE;FALSE;-1.876475;116.1992667;valid;raka.prawira;;;;;rachmad rachmad syaid darmawijaya;0;0;0;;;pasar senaken rt 0 rw 0;;47;rachmad rachmad syaid darmawijaya pasar senaken rt 0 rw 0 kbli47;1;0;1;1;Aktif;PASAR SENAKEN RT 0RW 0;P01;P01;;1;DONE 01/02 - 8.07 PM
16077;55101833;TOKO SIFA <RUSIDAH>;Pasar senaken, RT 0/RW 0;6401040009;64;1;40;9;KALIMANTAN TIMUR;PASER;TANAH GROGOT;JONE;eyJpdiI6InljdEcrc2xIY0Y0aGViQTR6dHpkTVE9PSIsInZhbHVlIjoiRytpL3RXYk8zbHJOOWFnQmpxWFdDUT09IiwibWFjIjoiN2I4ZWVmZjMwN2JkZDczMjM1NDI1Yjg3MDg0N2RjMzk3Y2M0ZmY2MTdlMDdhZTMzNDg0Njk3ZGE0ZWU5MmE0ZiIsInRhZyI6IiJ9;;[Kegiatan Usaha: Menjual pakaian, Kategori: G, KBLI: 47711];;;;UMKM;;-1.933935197;116.164607;invalid;;;FALSE;FALSE;TRUE;;;invalid;;;;;;sifa rusidah;0;0;0;;;pasar senaken rt 0 rw 0;;47;sifa rusidah pasar senaken rt 0 rw 0 kbli47;1;0;1;1;Aktif;Pasar senaken RT 0RW 0;P01;P01;;1;DONE 01/02 - 8.07 PM
16082;55074708;MARHAMAH;wilayah pasar senaken, RT 0/RW 0;6401040016;64;1;40;16;KALIMANTAN TIMUR;PASER;TANAH GROGOT;SENAKEN;eyJpdiI6IjRXMDI2cUF0MVp3L2xPam1pcGZyVHc9PSIsInZhbHVlIjoiRWRGZEVyV2Vjby9RRFppbEpYT0hsQT09IiwibWFjIjoiZGJiNzE4YmIwZWVlNWQ0OTQ4NjhlMTc5N2I0ZDIwMDZiNDFhOTBhOTljMGM2NGMxZmUyMjBiYzk3YWM5ZmRlMSIsInRhZyI6IiJ9;;[Kegiatan Usaha: menjual ubi singkong, Kategori: G, KBLI: 47212];;;;UMKM;;-1.85172121;116.2402067;valid;eyJpdiI6Im5IR2hRdlNiSGRBVjJrSGlnVk44L2c9PSIsInZhbHVlIjoiYTNEaEQ2eU92NC9jeU1XWHQ2MDVYdz09IiwibWFjIjoiOTUyM2U3MTZiMzgwNTI5ZDYyNjY1MDUyOTQ1OGJlNGIzOTFlNDcwODQ3NDRiZjU5MTlhNWVkYzQzNGMyNmRlYSIsInRhZyI6IiJ9;1;TRUE;TRUE;FALSE;-1.85172121;116.2402067;valid;raka.prawira;;;;;marhamah;0;0;0;;;wilayah pasar senaken rt 0 rw 0;;47;marhamah wilayah pasar senaken rt 0 rw 0 kbli47;1;0;1;0;Aktif;wilayah pasar senaken RT 0RW 0;P01;P01;;1;DONE 01/02 - 8.07 PM
16089;55069120;ABDULLAH;Wilayah pasar senaken, RT 0/RW 0;6401040016;64;1;40;16;KALIMANTAN TIMUR;PASER;TANAH GROGOT;SENAKEN;eyJpdiI6IjhvOEhURWU2ZXJaT0hORWxCeEhyb3c9PSIsInZhbHVlIjoiUU9UREd2d1VwdGdtTE9nQ1FPTzZNdz09IiwibWFjIjoiNzRjYTk0YWVhNWJmZGQ3MjA0N2RhZTViMmM3NjVlNTFhYjU3MGJiYTI5YzM4ZjE4MmVjYzUyZjY3MWM4NzBiYiIsInRhZyI6IiJ9;;[Kegiatan Usaha: Menjual ikan basah, Kategori: G, KBLI: 47215];;;;UMKM;;-1.933935197;116.164607;invalid;;;FALSE;FALSE;TRUE;;;invalid;;;;;;abdullah;0;0;0;;;wilayah pasar senaken rt 0 rw 0;;47;abdullah wilayah pasar senaken rt 0 rw 0 kbli47;1;0;1;0;Aktif;Wilayah pasar senaken RT 0RW 0;P01;P01;;1;DONE 01/02 - 8.07 PM
16100;55127267;TOKO MAMA SAUQI <KHADIJAH>;Pasar senaken, RT 0/RW 0;6401040009;64;1;40;9;KALIMANTAN TIMUR;PASER;TANAH GROGOT;JONE;eyJpdiI6ImxmYVFCSlN3WHliNzY2UjJ4TGZFWXc9PSIsInZhbHVlIjoiL3d6Zm1XNUtBMW0vMVo4MUxnQlk1QT09IiwibWFjIjoiODExMTE3NDVlYjRmYzBiZWRkNjVlYzZkZmRmZjhmM2FhNjVmYzkwM2U4NGFlZjY5ZmUyMzZmMTdjNzRmMGE4ZiIsInRhZyI6IiJ9;;[Kegiatan Usaha: Menjual pakaian, Kategori: G, KBLI: 47711];;;;UMKM;;-1.898113333;116.2023117;valid;eyJpdiI6ImVBN1pEeEhRT2FGbm1tQzllTUV1V0E9PSIsInZhbHVlIjoiL01wcmVKclFsOVRnNDNweHQwSXB3UT09IiwibWFjIjoiN2JkMjliOWQxMzUwN2RhNDgyZTA2MjMwMWJjMTNlMTZmNWMyMGI4Mzg0NjZjZTRlNzU0OTllNWI5OTgwOTY2MCIsInRhZyI6IiJ9;1;TRUE;TRUE;FALSE;-1.898113333;116.2023117;valid;raka.prawira;;;;;mama sauqi khadijah;0;0;0;;;pasar senaken rt 0 rw 0;;47;mama sauqi khadijah pasar senaken rt 0 rw 0 kbli47;1;0;1;1;Aktif;Pasar senaken RT 0RW 0;P01;P01;;1;DONE 01/02 - 8.07 PM
16121;55103655;BUNGA HABIBAH <HABIBAH>;Pasar senaken, RT 0/RW 0;6401040016;64;1;40;16;KALIMANTAN TIMUR;PASER;TANAH GROGOT;SENAKEN;eyJpdiI6Ikl1Vk0weVM1SFVLK3h3L1dlZGZQOEE9PSIsInZhbHVlIjoidlFFcEdsd0czdmZUd2xHMk1JNDRxdz09IiwibWFjIjoiYzk3NWIyZTM4MGZlMTUxODA4ODI2MmQzMTJkMzFiNzM3NWNkZDVlY2EyOTE2NWVjYTU0YzUyNzdiZmMzMGE3NyIsInRhZyI6IiJ9;;[Kegiatan Usaha: Menjual bunga tabur di lapak pasar, Kategori: G, KBLI: 47761];;;;UMKM;;-1.905216667;116.2238067;valid;eyJpdiI6IjU3M0I3VHIyZHovbndSME56OUFXWnc9PSIsInZhbHVlIjoic2RnRC8xL2lMa1E1Q0VDckRabitlUT09IiwibWFjIjoiYmUwYmU1YmE0MGFiODFjYzhiYWI3ZDllYjUzZDEzN2QzZDk0ZjQzMTkwNWMxZmEwYzY4NDZmNGUxYWI2YjRlZiIsInRhZyI6IiJ9;1;TRUE;TRUE;FALSE;-1.905216667;116.2238067;valid;raka.prawira;;;;;bunga habibah habibah;0;0;0;;;pasar senaken rt 0 rw 0;;47;bunga habibah habibah pasar senaken rt 0 rw 0 kbli47;1;0;1;1;Aktif;Pasar senaken RT 0RW 0;P01;P01;;1;DONE 01/02 - 8.07 PM
16124;55075702;SAYUR ASMAWATI <ASMAWATI>;Pasar senaken, RT 0/RW 0;6401040016;64;1;40;16;KALIMANTAN TIMUR;PASER;TANAH GROGOT;SENAKEN;eyJpdiI6IndiRm1SY3NNYWFKOExsWis5aGJiaWc9PSIsInZhbHVlIjoiQVNPMzJIRDV0RmExVkpnZzArU1Jwdz09IiwibWFjIjoiNjhkZDNkMTc2ODVhNjNkODE5N2JlNGViMzE2MGQxY2VhNTVlNGM1ZWFiYWU4MWMwMmFkZmZhM2MzYWQ0YTA0MCIsInRhZyI6IiJ9;;[Kegiatan Usaha: Menjual sayur eceran di lapak pasar, Kategori: G, KBLI: 47213];;;;UMKM;;-1.933935197;116.164607;invalid;;;FALSE;FALSE;TRUE;;;invalid;;;;;;sayur asmawati asmawati;0;0;0;;;pasar senaken rt 0 rw 0;;47;sayur asmawati asmawati pasar senaken rt 0 rw 0 kbli47;1;0;1;1;Aktif;Pasar senaken RT 0RW 0;P01;P01;;1;DONE 01/02 - 8.07 PM
16137;55180225;RIZAL AGUSRIANTO;WILAYAH PASAR SENAKEN, RT 0/RW 0;6401040016;64;1;40;16;KALIMANTAN TIMUR;PASER;TANAH GROGOT;SENAKEN;eyJpdiI6IldMSXhrM2lmWkIxKy9aTnhweENtV2c9PSIsInZhbHVlIjoiZVRDOCtveHlvbVA5SzNMS2pSek4wQT09IiwibWFjIjoiMWMzNjBjNDk4MWY3ZGUwMzk3Mjg5ODc2Njk0N2I0YTRlM2FiMDE1NDcwOTk4ZmRiYTVjODMzOTJkNzYzNDFmZSIsInRhZyI6IiJ9;;[Kegiatan Usaha: MENJUAL IKAN BASAH, Kategori: G, KBLI: 47215];;;;UMKM;;-1.884728333;116.1969617;valid;eyJpdiI6IlAycEMrbjJVbnJEYkM3RUFjdEIyclE9PSIsInZhbHVlIjoiVG1tRWw5bVJtK0syOGxNYStWZGRuZz09IiwibWFjIjoiZjUxYTI4NGI4ZDRkNGEzNjQ4Zjc3YjMxZTA0N2YxYWE4N2M1MDQ2MmFlMjdmN2Q1MjY2MWQxY2Q0NjYzZTk0ZSIsInRhZyI6IiJ9;1;TRUE;TRUE;FALSE;-1.884728333;116.1969617;valid;raka.prawira;;;;;rizal agusrianto;0;0;0;;;wilayah pasar senaken rt 0 rw 0;;47;rizal agusrianto wilayah pasar senaken rt 0 rw 0 kbli47;1;0;1;0;Aktif;WILAYAH PASAR SENAKEN RT 0RW 0;P01;P01;;1;DONE 01/02 - 8.07 PM
16164;55207712;TOKO HJ. MARIAM <MARIYAM>;PASAR SENAKEN, RT 0/RW 0;6401040009;64;1;40;9;KALIMANTAN TIMUR;PASER;TANAH GROGOT;JONE;eyJpdiI6IlRMdFBJK040UVpYa2llazBSaHVWbnc9PSIsInZhbHVlIjoiWEdnM1V2aS82YmhEcHBiaC9YMlZlQT09IiwibWFjIjoiN2E5ZTFmZDUzMTFmNjA1NWM5NjBjMmFjZDc4NDFmNjE0ZDc3MmY1ZjYyMjU1NDY5NjZhOTcyODFlNjdkYzdiMiIsInRhZyI6IiJ9;;[Kegiatan Usaha: MENJUAL PECAH BELAH, Kategori: G, KBLI: 47863];;;;UMKM;;-1.876475;116.1992667;valid;eyJpdiI6IitEWWxBbjBXaVN6MXBzdmthSU9sWFE9PSIsInZhbHVlIjoiclBwblRCMVVFUDV6ZWpaR2UyY1ZBdz09IiwibWFjIjoiZGJmNDkzYWI4NDM2MjVjODI3ZGNhOThmYzAwMDRmYTE4MGY3MGRhMTY5N2Q0ZTNiZDk4ZGVlZjIyOWI2ZWM4YiIsInRhZyI6IiJ9;1;TRUE;TRUE;FALSE;-1.876475;116.1992667;valid;raka.prawira;;;;;hj mariam mariyam;0;0;0;;;pasar senaken rt 0 rw 0;;47;hj mariam mariyam pasar senaken rt 0 rw 0 kbli47;1;0;1;1;Aktif;PASAR SENAKEN RT 0RW 0;P01;P01;;1;DONE 01/02 - 8.07 PM
16170;55179707;H. GAJALI RAHMAN;Pasar senaken arah pintu kluar, RT 0/RW 0;6401040016;64;1;40;16;KALIMANTAN TIMUR;PASER;TANAH GROGOT;SENAKEN;eyJpdiI6ImVkU0hXQ3ZLT0k2MC8vUXc4K2pzQkE9PSIsInZhbHVlIjoiQ05DTjBPTkh1c21pSE96VmZMWDJ6UT09IiwibWFjIjoiODllYmIwNjFkNmY0ZmMzNTlmMDQzZWM4NGQ1M2QwMGFmMDVjNjhiYzQ3YjVjOTRkOWQ0NmM4Yjk1ODViOTY3MCIsInRhZyI6IiJ9;;[Kegiatan Usaha: Menjual pakaian jadi jual satuan maupun grosir, Kategori: G, KBLI: 47711];;;;UMKM;;-1.933935197;116.164607;invalid;;;FALSE;FALSE;TRUE;;;invalid;;;;;;h gajali rahman;0;0;0;;;pasar senaken arah pintu kluar rt 0 rw 0;;47;h gajali rahman pasar senaken arah pintu kluar rt 0 rw 0 kbli47;1;0;1;0;Aktif;Pasar senaken arah pintu kluar RT 0RW 0;P01;P01;;1;DONE 01/02 - 8.07 PM
16181;55126517;TK. BAPA BADALI <BADARUDIN>;Pasar senaken, RT 0/RW 0;6401040016;64;1;40;16;KALIMANTAN TIMUR;PASER;TANAH GROGOT;SENAKEN;eyJpdiI6IlpJRUpYMnhaZGV2WFdLeGZLbVhvL1E9PSIsInZhbHVlIjoid0QwdkNHazlxTnBObHpyN2tmY1dVdz09IiwibWFjIjoiMDRjODMzNWIyOGIzNzI3NzJlMzQyMmRmNTA3NjNhNGNhZmI4YWI4YmFmYTZlMDNjMTEzNzgwN2IyYTFiYzUwZiIsInRhZyI6IiJ9;;[Kegiatan Usaha: Menjual pakaian, Kategori: G, KBLI: 47711];;;;UMKM;;-1.899946667;116.1954667;valid;eyJpdiI6IlhRek9jZGRrcEZ5R2VGd3JyK0V2ckE9PSIsInZhbHVlIjoiUHA2ZVZIbVhtYThpSUlVYjFZNmlxUT09IiwibWFjIjoiNjA4NmFhYTg4MDhmYmZlMjdiMWE2OWZkNjdkMGNjNzU1ZTY2MGU5NjZkY2I1NjhjOTMxZDE5ODI0NWRmMTU4ZCIsInRhZyI6IiJ9;1;TRUE;TRUE;FALSE;-1.899946667;116.1954667;valid;raka.prawira;;;;;tk bapa badali badarudin;0;0;0;;;pasar senaken rt 0 rw 0;;47;tk bapa badali badarudin pasar senaken rt 0 rw 0 kbli47;1;0;1;1;Aktif;Pasar senaken RT 0RW 0;P01;P01;;1;DONE 01/02 - 8.07 PM
16186;55156768;CABE MARDIWIE <MARDIWIE>;Pasar senaken, RT 0/RW 0;6401040016;64;1;40;16;KALIMANTAN TIMUR;PASER;TANAH GROGOT;SENAKEN;eyJpdiI6IjFYYjdZcEhWZlNNNnFrdWE0KzlqaXc9PSIsInZhbHVlIjoiM0p1a2pzZFhFWXJJN2krSE1IRVNVZz09IiwibWFjIjoiODI4Y2FlOTJlNzE1ZmRmNjA2ZDc4YmI3MjhmNzViZDY3NTUzNDk0MWRhYWY5M2IzNGRiY2Q4OTA5MGQ2NmNlOCIsInRhZyI6IiJ9;;[Kegiatan Usaha: Menjual sayur eceran di lapak pasar, Kategori: G, KBLI: 47219];;;;UMKM;;-1.933935197;116.164607;invalid;;;FALSE;FALSE;TRUE;;;invalid;;;;;;cabe mardiwie mardiwie;0;0;0;;;pasar senaken rt 0 rw 0;;47;cabe mardiwie mardiwie pasar senaken rt 0 rw 0 kbli47;1;0;1;1;Aktif;Pasar senaken RT 0RW 0;P01;P01;;1;DONE 01/02 - 8.07 PM
16213;55125803;KERUPUK KAMIDAH <KAMIDAH>;Pasar senaken, RT 0/RW 0;6401040016;64;1;40;16;KALIMANTAN TIMUR;PASER;TANAH GROGOT;SENAKEN;eyJpdiI6InVtTXhtdGlodnJmSTdNbDJja0VjU1E9PSIsInZhbHVlIjoiQWR6SVJlR0pWc0I0eXQ1MkdwelM0UT09IiwibWFjIjoiNTkxYjY2Nzc2OWNlZjc4NWJhY2I2MTkyZjJiOTVjODY2ZDgxZTM1N2FjZDVjMmI4NGM2N2ZmMDE4NzFhMjAxNSIsInRhZyI6IiJ9;;[Kegiatan Usaha: Menjual kerupuk dipasar, Kategori: C, KBLI: 10794];;;;UMKM;;-1.933935197;116.164607;invalid;;;FALSE;FALSE;TRUE;;;invalid;;;;;;kerupuk kamidah kamidah;0;0;0;;;pasar senaken rt 0 rw 0;;10;kerupuk kamidah kamidah pasar senaken rt 0 rw 0 kbli10;1;0;1;1;Aktif;Pasar senaken RT 0RW 0;P01;P01;;1;DONE 01/02 - 8.07 PM
16214;55077366;TOKO SAMALIYAH <SAMALIYAH>;Pasar senaken, RT 0/RW 0;6401040009;64;1;40;9;KALIMANTAN TIMUR;PASER;TANAH GROGOT;JONE;eyJpdiI6InVCc3Y2cWFEVXp4dXYxblM2Y3A1SkE9PSIsInZhbHVlIjoiNkdvZWpnWUVXTVRyRmRMeEZSYXoxZz09IiwibWFjIjoiNmIzYjM4ZGUwYzAxZjgyYWVmYzY4YzMzNTNiMzA2ZjQ5MGI5ODdjMDA5YjU5MDczYjMzOWJmNjUyZWEyOWQ3MSIsInRhZyI6IiJ9;;[Kegiatan Usaha: Menjual tas, Kategori: G, KBLI: 47714];;;;UMKM;;-1.900597249;116.2079618;valid;eyJpdiI6IkxWSGpPVzkxVWRWWGZYOThIQ001eUE9PSIsInZhbHVlIjoiRXRocmxKSWZJOWJzc1VlWTFzVW5CZz09IiwibWFjIjoiNmVhYTIzYjQ0ODA4N2FmNDEwMTRlNDM5NzRlNDdhMjZmMGQ4ODM1NDkyZDBiOGVlOGRkMjQ1ZjhmZDQ2MzExZiIsInRhZyI6IiJ9;1;TRUE;TRUE;FALSE;-1.900597249;116.2079618;valid;raka.prawira;;;;;samaliyah samaliyah;0;0;0;;;pasar senaken rt 0 rw 0;;47;samaliyah samaliyah pasar senaken rt 0 rw 0 kbli47;1;0;1;1;Aktif;Pasar senaken RT 0RW 0;P01;P01;;1;DONE 01/02 - 8.07 PM
16226;55122513;FATUR RAHMAN <FATHUR RAHMAN>;Pasar senaken, RT 0/RW 0;6401040016;64;1;40;16;KALIMANTAN TIMUR;PASER;TANAH GROGOT;SENAKEN;eyJpdiI6ImlBWEpJT2diWlFTZU9wcHF1TlVmekE9PSIsInZhbHVlIjoiaDhHVXVwaENQMExYb1VBNnNXbjliZz09IiwibWFjIjoiNGI5YmZhYzZjN2Q2ZWQ3YzdmZWI0MjEwZjVjZTU1YTc3MzczOWYwYjZmMDNmM2Y3M2U4OTI0OGIyODEzZmE5MiIsInRhZyI6IiJ9;;[Kegiatan Usaha: Menjual Kosmetik, Kategori: G, KBLI: 47724];;;;UMKM;;-1.933935197;116.164607;invalid;;;FALSE;FALSE;TRUE;;;invalid;;;;;;fatur rahman fathur rahman;0;0;0;;;pasar senaken rt 0 rw 0;;47;fatur rahman fathur rahman pasar senaken rt 0 rw 0 kbli47;1;0;1;1;Aktif;Pasar senaken RT 0RW 0;P01;P01;;1;DONE 01/02 - 8.07 PM
16228;55045604;KUMALA;Wilayah pasar senaken, RT 0/RW 0;6401040016;64;1;40;16;KALIMANTAN TIMUR;PASER;TANAH GROGOT;SENAKEN;eyJpdiI6IklXQmdROEFhbENuRVFUNG5kem9NNnc9PSIsInZhbHVlIjoiR1lhTmJjSXQzTWRFWi9DV0hCQWY2dz09IiwibWFjIjoiMzAwMGIyYzAyZThmYWY1NzM2MjQ4MzE3ZTc2M2RiNTk2N2NkYTYyYjg5YjUzNWYyMjY2MjhhZTk4MmQ1ZTkzZSIsInRhZyI6IiJ9;;[Kegiatan Usaha: Menjual rempah, Kategori: G, KBLI: 47219];;;;UMKM;;-1.933935197;116.164607;invalid;;;FALSE;FALSE;TRUE;;;invalid;;;;;;kumala;0;0;0;;;wilayah pasar senaken rt 0 rw 0;;47;kumala wilayah pasar senaken rt 0 rw 0 kbli47;1;0;1;0;Aktif;Wilayah pasar senaken RT 0RW 0;P01;P01;;1;DONE 01/02 - 8.07 PM
16230;55045630;TOKO MARLIANA <MARLIANA AFRIANI>;Pasar senaken, RT 0/RW 0;6401040009;64;1;40;9;KALIMANTAN TIMUR;PASER;TANAH GROGOT;JONE;eyJpdiI6IkxuajRBaDlISlJRT3F6OFl5VTV0SWc9PSIsInZhbHVlIjoiczNWcjF6TkorVjVlZnRxbU1GR3FqQT09IiwibWFjIjoiNmMwZTFjNDI0OTg0N2VhMGI0ZDgxMzIxNTAzNGFiYWI3YzkzYmY1Yjc3MDUyMzQ4YmZlNmE5Mzk4ZGQ0MWYyZSIsInRhZyI6IiJ9;;[Kegiatan Usaha: MENJUAL  PECAH BELAH, Kategori: G, KBLI: 47863];;;;UMKM;;-1.920907036;116.1912329;valid;eyJpdiI6ImE1dXdBUFVMb1dHWXhIZ3cwZWJNOFE9PSIsInZhbHVlIjoia2VIS0hmMEZmaExoVm9kQmoyQkhJUT09IiwibWFjIjoiMjA0ZjIyMmYwOTQ4ODMzZmNhNTc4YmJhNmZiMWNlYTZiMjU3OWM5ZDlhMDRkYzI5NDJmNjkyMmU4ZDY5YTVjZSIsInRhZyI6IiJ9;1;TRUE;TRUE;FALSE;-1.920907036;116.1912329;valid;raka.prawira;;;;;marliana marliana afriani;0;0;0;;;pasar senaken rt 0 rw 0;;47;marliana marliana afriani pasar senaken rt 0 rw 0 kbli47;1;0;1;1;Aktif;Pasar senaken RT 0RW 0;P01;P01;;1;DONE 01/02 - 8.07 PM
16236;55123661;TOKO TAS SALAM <ABDUL SALAM>;PASAR SENAKEN, RT 0/RW 0;6401040009;64;1;40;9;KALIMANTAN TIMUR;PASER;TANAH GROGOT;JONE;eyJpdiI6InBSb25vaEY2VEw0bDM2a3ovVlluU0E9PSIsInZhbHVlIjoiekVaTkV2NjhWMEpPNFhVeE54SVNqZz09IiwibWFjIjoiZjY3ODZlY2EyZTZiNWNmNGJlODhjNTBiOWE1OWNkYjc0MmViMDVlMmQzYTQ4YTY3YzZhZDA2OTdkMzQyZmM2MCIsInRhZyI6IiJ9;;[Kegiatan Usaha: MENJUAL TAS, Kategori: G, KBLI: 47714];;;;UMKM;;-1.896541667;116.2111433;valid;eyJpdiI6IkhlTzNidmNUckZMWCtKem1jakJNc2c9PSIsInZhbHVlIjoiTlNPOG5BK2tTUFFmbWRiWEtVMTJLQT09IiwibWFjIjoiNDJhZjdkZmNmOWU1MjMxMWZiZDBlZDhhMTYxZDAwNzg1NmRlY2RlNWUyZDUyYjRmMjU0Mzg0ODJjNjMyZWExMCIsInRhZyI6IiJ9;1;TRUE;TRUE;FALSE;-1.896541667;116.2111433;valid;raka.prawira;;;;;tas salam abdul salam;0;0;0;;;pasar senaken rt 0 rw 0;;47;tas salam abdul salam pasar senaken rt 0 rw 0 kbli47;1;0;1;1;Aktif;PASAR SENAKEN RT 0RW 0;P01;P01;;1;DONE 01/02 - 8.07 PM
16240;55077439;PAINAH;wilayah pasar senaken, RT 0/RW 0;6401040016;64;1;40;16;KALIMANTAN TIMUR;PASER;TANAH GROGOT;SENAKEN;eyJpdiI6IkNadzNIS21jL2ZKR0JRK0ZvV2ZtbXc9PSIsInZhbHVlIjoiQ2p1djUrcEh4R2EzRXhaSEpZaEFXQT09IiwibWFjIjoiYWE0YWRhMDM0Mzg1NWFhOTNlYWY4ODVlN2NkODYxZDNhYzZkOTc2NzVmMmMwYjA5ZDI0ZDM2MmY4NzBmMzlhMyIsInRhZyI6IiJ9;;[Kegiatan Usaha: warung kopi, Kategori: G, KBLI: 47222];;;;UMKM;;-1.933935197;116.164607;invalid;;;FALSE;FALSE;TRUE;;;invalid;;;;;;painah;0;0;0;;;wilayah pasar senaken rt 0 rw 0;;47;painah wilayah pasar senaken rt 0 rw 0 kbli47;1;0;1;0;Aktif;wilayah pasar senaken RT 0RW 0;P01;P01;;1;DONE 01/02 - 8.07 PM
16254;55073851;TOKO LAILA <KAMSIATI>;Pasar senaken, RT 0/RW 0;6401040009;64;1;40;9;KALIMANTAN TIMUR;PASER;TANAH GROGOT;JONE;eyJpdiI6InpBcWdFR1lRdzErTUNjaGgvY2YxdGc9PSIsInZhbHVlIjoibktqeE9OVXZNdVJuWGw4K05QdlZidz09IiwibWFjIjoiNzRiNjg2NjE1MWM1ODhiNWRjZDk4MTdhMWE0YWFiZTcwNzVhNjlmZjFhZDExMGQ4YzhhYmM3MWU5NzJmNmJiYyIsInRhZyI6IiJ9;;[Kegiatan Usaha: Menjual pakaian, Kategori: G, KBLI: 47711];;;;UMKM;;-1.91847;116.1998983;valid;eyJpdiI6IkRYbExPK0YwWUNmekUzdnhBakJia2c9PSIsInZhbHVlIjoicTJybFIyenBmT3dmTDdZNGRNK1MrZz09IiwibWFjIjoiMjkzNTllZWRlZWEyODdjMjM5MGMzMWU1NmRkOGIxY2ZlMTdlMThkODY3ZDc0OTI3MjEwZWQ1ODhkZTMyYTExYyIsInRhZyI6IiJ9;1;TRUE;TRUE;FALSE;-1.91847;116.1998983;valid;raka.prawira;;;;;laila kamsiati;0;0;0;;;pasar senaken rt 0 rw 0;;47;laila kamsiati pasar senaken rt 0 rw 0 kbli47;1;0;1;1;Aktif;Pasar senaken RT 0RW 0;P01;P01;;1;DONE 01/02 - 8.07 PM
16256;55070007;UNIK SUKARSIANI;Wilayah pasar senaken, RT 0/RW 0;6401040016;64;1;40;16;KALIMANTAN TIMUR;PASER;TANAH GROGOT;SENAKEN;eyJpdiI6IkNoczlpSi9vQWltaW5WODY3MHRqeWc9PSIsInZhbHVlIjoiRm94c0hNaU44RUVlUEhpakpUaTYyQT09IiwibWFjIjoiMTZiNmUzOTIwYjIxN2E0OGJiMzhmZjE5MDljMWM0OThjZmVjZDMxYTRiMjEyYjdjMzAzM2VkYmQ0MzA4M2VhOCIsInRhZyI6IiJ9;;[Kegiatan Usaha: Menjual sambel pecel, Kategori: G, KBLI: 47823];;;;UMKM;;-1.901561643;116.208625;valid;eyJpdiI6InR3N0dROEx1L216VHBybU9uQ01zZmc9PSIsInZhbHVlIjoieWxaR1dtM1RWSGc5bGJ5bVV1bmF2QT09IiwibWFjIjoiNGIyNDI5MTE4ZDkwNWVkYzIxOTViNzI5YzlkZmRjZmQyM2ViNzJjMGI0MjUwYzZmMTAxZjBlNGRkNDRjN2ZlMyIsInRhZyI6IiJ9;1;TRUE;TRUE;FALSE;-1.901561643;116.208625;valid;raka.prawira;;;;;unik sukarsiani;0;0;0;;;wilayah pasar senaken rt 0 rw 0;;47;unik sukarsiani wilayah pasar senaken rt 0 rw 0 kbli47;1;0;1;0;Aktif;Wilayah pasar senaken RT 0RW 0;P01;P01;;1;DONE 01/02 - 8.07 PM
16263;55070226;MARMAWATI;Pasar senaken, RT 0/RW 0;6401040016;64;1;40;16;KALIMANTAN TIMUR;PASER;TANAH GROGOT;SENAKEN;eyJpdiI6IlRTcGNVMXA2cDl4VXl6M2VRVDB1S3c9PSIsInZhbHVlIjoieUVLdEFyR2taVFp5OGptbUgvOHkxUT09IiwibWFjIjoiYTFlNmFhMzk3YTkxNWY3MWIwNjgwMDM3NjU5N2NmOTc0ZTBkYTFmNjg0OWJiMzBjNDU1MmNkNjAzOTk0NjgwZCIsInRhZyI6IiJ9;;[Kegiatan Usaha: Menjual pakian, Kategori: G, KBLI: 47711];;;;UMKM;;-1.90477422;116.2094072;valid;eyJpdiI6Inl5Yk9EdU1NZ2QwbTdqT0hsdHkvdkE9PSIsInZhbHVlIjoibVlPa0xBYk1ZMUNwNXA0M0RubHZsdz09IiwibWFjIjoiYjg3Yzg4YzhmOWRlNjE4YWI5MWQyY2UyYThlMTg3ZmQ2Y2Q3ZjU2NDY0ODY5NjQ4NjlkNjg3NmJkMjliYzUwNSIsInRhZyI6IiJ9;1;TRUE;TRUE;FALSE;-1.90477422;116.2094072;valid;raka.prawira;;;;;marmawati;0;0;0;;;pasar senaken rt 0 rw 0;;47;marmawati pasar senaken rt 0 rw 0 kbli47;1;0;1;0;Aktif;Pasar senaken RT 0RW 0;P01;P01;;1;DONE 01/02 - 8.07 PM
16275;55208038;MUHAMMAD IQBAL PUJO SAKTI;Pasar senaken, RT 0/RW 0;6401040016;64;1;40;16;KALIMANTAN TIMUR;PASER;TANAH GROGOT;SENAKEN;eyJpdiI6IjdmUkE4L0llWmltUGtUZXdndnNTb0E9PSIsInZhbHVlIjoiN2h2NzdiNmhSdCs1bjNzOVNRK2xpUT09IiwibWFjIjoiMjU0OGYyYThlZmEzYTIwMmEwYTUxY2RlN2Y4MzBlMTJhNTU1NTdiN2U4ODUxYWRiY2U1YjJkMzU1ZTUxYjgyMCIsInRhZyI6IiJ9;;[Kegiatan Usaha: Menjual Pakaian, Kategori: G, KBLI: 47711];;;;UMKM;;-1.933935197;116.164607;invalid;;;FALSE;FALSE;TRUE;;;invalid;;;;;;muhammad iqbal pujo sakti;0;0;0;;;pasar senaken rt 0 rw 0;;47;muhammad iqbal pujo sakti pasar senaken rt 0 rw 0 kbli47;1;0;1;0;Aktif;Pasar senaken RT 0RW 0;P01;P01;;1;DONE 01/02 - 8.07 PM
16278;55123316;ASMINI;Wil pasar senaken, RT 0/RW 0;6401040016;64;1;40;16;KALIMANTAN TIMUR;PASER;TANAH GROGOT;SENAKEN;eyJpdiI6IjQzNS9Zam9BK3RrTHA2T0xBYmdtQWc9PSIsInZhbHVlIjoiaWpsOFJ1QnIzcHoxNW1xQzJ6WFVudz09IiwibWFjIjoiNTlmMDk0ODUyMTlhMWFlZDRkYjNhZWNjY2U3Zjk4NGMwNzFlZTllNDI0YjUzNDQ0Yzk4N2YyMzRhMmFjYzhhZCIsInRhZyI6IiJ9;;[Kegiatan Usaha: Menjual buah, Kategori: G, KBLI: 47212];;;;UMKM;;-1.84439256;116.2344334;valid;eyJpdiI6IlpCUE1BWGhFN3FJb28rQWZDVm81WGc9PSIsInZhbHVlIjoiZ3krOWVDOFhEK2cyd0JSZFB1aGg3UT09IiwibWFjIjoiZjJkYjI2OWRlOTE0OWUxYTRmZTE0MzU0NjU3YjhmMWIzNDU2MzFhNzkwOTEyYWZiMGEwMmNhNDAwODM5MzRmOCIsInRhZyI6IiJ9;1;TRUE;TRUE;FALSE;-1.84439256;116.2344334;valid;raka.prawira;;;;;asmini;0;0;0;;;wil pasar senaken rt 0 rw 0;;47;asmini wil pasar senaken rt 0 rw 0 kbli47;1;0;1;0;Aktif;Wil pasar senaken RT 0RW 0;P01;P01;;1;DONE 01/02 - 8.07 PM
16310;55207587;TOKO IKBAL AKBAR <RAHMAN>;PASAR SENAKEN, RT 0/RW 0;6401040009;64;1;40;9;KALIMANTAN TIMUR;PASER;TANAH GROGOT;JONE;eyJpdiI6Imo0Tnd4eHdqeXRzazlIaC9sem95R1E9PSIsInZhbHVlIjoiR09wODVxTWFHZEV2VmxWeWVSQjhHQT09IiwibWFjIjoiY2U2NWU3MTI1N2Y3ZWI4OWExZWRlNjBmZmJjYTY5NTllNjJmOGM0YWI3OGViZjlkMDllYzA2Zjk2YTlmNTAxMiIsInRhZyI6IiJ9;;[Kegiatan Usaha: MENJUAL MAINAN ANAK, Kategori: G, KBLI: 47882];;;;UMKM;;-1.933935197;116.164607;invalid;;;FALSE;FALSE;TRUE;;;invalid;;;;;;ikbal akbar rahman;0;0;0;;;pasar senaken rt 0 rw 0;;47;ikbal akbar rahman pasar senaken rt 0 rw 0 kbli47;1;0;1;1;Aktif;PASAR SENAKEN RT 0RW 0;P01;P01;;1;DONE 01/02 - 8.07 PM
16318;55121094;TOKO MUSLIM <SUFIANI>;Pasar senaken, RT 0/RW 0;6401040016;64;1;40;16;KALIMANTAN TIMUR;PASER;TANAH GROGOT;SENAKEN;eyJpdiI6ImY0RHExWUVpY2UrcnhaRkIzT2cxY2c9PSIsInZhbHVlIjoieWhmVEtqVmlZMEpobTJ2OWM3OVp3Zz09IiwibWFjIjoiNWJhNzc4ZWRlYzgyNjFlZjMwMjg2ZDBhZmU1ZDI0ODAwMGVjMjEyOWUyNDgwOTY1M2FmMTk2Y2FiYmYxYmFjMCIsInRhZyI6IiJ9;;[Kegiatan Usaha: Menjual pakaian, Kategori: G, KBLI: 47711];;;;UMKM;;-1.923583379;116.1959244;valid;eyJpdiI6Ino0WnpUeE1PYVVkSTQ5Q0MwVTBsOFE9PSIsInZhbHVlIjoiQW9OR1oyQUVyZkVnVXl3NUQ2R3ZBQT09IiwibWFjIjoiNzk5MWRkMDc1N2QyNTY5MjQxMjIxZDA2NmU1MGIxNWI3NDNlM2JjY2JmZGYyYmE0NjI3YjViNjFjNWI2OTllNiIsInRhZyI6IiJ9;1;TRUE;TRUE;FALSE;-1.923583379;116.1959244;valid;raka.prawira;;;;;muslim sufiani;0;0;0;;;pasar senaken rt 0 rw 0;;47;muslim sufiani pasar senaken rt 0 rw 0 kbli47;1;0;1;1;Aktif;Pasar senaken RT 0RW 0;P01;P01;;1;DONE 01/02 - 8.07 PM
16347;55154293;TK. MAMA PUTRI <HAPIPAH>;Pasar senaken, RT 0/RW 0;6401040016;64;1;40;16;KALIMANTAN TIMUR;PASER;TANAH GROGOT;SENAKEN;eyJpdiI6IlUwTWxYNWNxTk5pYWRWRFpveitIZ1E9PSIsInZhbHVlIjoiWE9NaXFDc3RyeUF0SFNRcmdINU45UT09IiwibWFjIjoiN2I4YzViMDY1M2I1ZWRjNjcyNmUzOGUwZjUyZWNhMGM5NDcwYzRmNTc5MzEzZDQ2NTRkNDRhOTk2YWY1YWU4OSIsInRhZyI6IiJ9;;[Kegiatan Usaha: Menjual pakaian, Kategori: G, KBLI: 47711];;;;UMKM;;-1.923583379;116.1959244;valid;eyJpdiI6InlYOFd0UVpZcVhmcTRieWd3VlZ3WGc9PSIsInZhbHVlIjoicU5SMDU4dnFtU2p3OGdDaW5zNGtPZz09IiwibWFjIjoiZGI2ZDY5N2E4YTJlMjZlYjAwNDgwOTc0OWQ4NjkwYjE5MzkxY2E4N2RkNmM1NjFjN2IwZjU5ZmY2YWJkOWY4ZCIsInRhZyI6IiJ9;1;TRUE;TRUE;FALSE;-1.923583379;116.1959244;valid;raka.prawira;;;;;tk mama putri hapipah;0;0;0;;;pasar senaken rt 0 rw 0;;47;tk mama putri hapipah pasar senaken rt 0 rw 0 kbli47;1;0;1;1;Aktif;Pasar senaken RT 0RW 0;P01;P01;;1;DONE 01/02 - 8.07 PM
16357;55125965;TOKO SIRAJUDDIN <SIRAJUDDIN>;Pasar senaken blok warung makan, RT 0/RW 0;6401040016;64;1;40;16;KALIMANTAN TIMUR;PASER;TANAH GROGOT;SENAKEN;eyJpdiI6ImF3ejBaTU9uTWJtRXFUZkd4VFJBYmc9PSIsInZhbHVlIjoiaXpSZ0lGWnFKSmR3dmZtTkxOeU0rZz09IiwibWFjIjoiYjc5ZWFhOGUxYjZiYTY4ZWFhZmQwNzI4MjMyNDI1MWFjNDc0YjJlODIzMmEwNDBhN2Q2M2U3OWFmZmQxMGIxOSIsInRhZyI6IiJ9;;[Kegiatan Usaha: Menjual beras di toko, Kategori: G, KBLI: 46311];;;;UMKM;;-1.930199998;116.1655715;valid;eyJpdiI6IjViaE9LQVAzUzgzVjZsUmZQUmFsa3c9PSIsInZhbHVlIjoieDQxRlR0QnNtVkR2NjR1V2Y2a2liQT09IiwibWFjIjoiYjRjODk1NjM0NzVjZTBkNjYzODQ3YTZmM2QxODNlYjVkZTE4ZmNlNmE4NmI2MmI4ZDhiMmVkZDYyOGM2OTQ0MyIsInRhZyI6IiJ9;1;TRUE;TRUE;FALSE;-1.930199998;116.1655715;valid;raka.prawira;;;;;sirajuddin sirajuddin;0;0;0;;;pasar senaken blok warung makan rt 0 rw 0;;46;sirajuddin sirajuddin pasar senaken blok warung makan rt 0 rw 0 kbli46;1;0;1;1;Aktif;Pasar senaken blok warung makan RT 0RW 0;P01;P01;;1;DONE 01/02 - 8.07 PM
1197;55077368;BAHARUDDIN;Pasar senaken, RT 0/RW 0;6401040016;64;1;40;16;KALIMANTAN TIMUR;PASER;TANAH GROGOT;SENAKEN;eyJpdiI6IjhRQk5YS2JyajlVdndabDFHS3pka0E9PSIsInZhbHVlIjoiNkx6Vy9iTE9YZUN1alczYkxCY2VtUT09IiwibWFjIjoiM2RiZTRlYzEzODg4N2ZhOGEyOTU5Y2U0ZmRjNTNmNzdiYzY5YzMwODgzZjIwOTQwYzllMGM0ZjQ1Y2YyZmRmMyIsInRhZyI6IiJ9;;[Kegiatan Usaha: Menjual Emas, Kategori: G, KBLI: 47852];;;;UMKM;;-1.902181667;116.211675;valid;;;FALSE;FALSE;TRUE;;;invalid;;;;;;baharuddin;0.850980786;1;4;IKAN BASAH <BAHARUDDIN>;PASAR INDUK SENAKEN;pasar senaken rt 0 rw 0;13;47;baharuddin pasar senaken rt 0 rw 0 kbli47;4;0;1;0;Aktif;Pasar senaken RT 0RW 0;P01;P01;;1;DONE 01/02 - 8.07 PM
1252;55100218;IKAN BASAH EDWAR HAMID <EDWAR HAMID>;Pasar senaken, RT 0/RW 0;6401040016;64;1;40;16;KALIMANTAN TIMUR;PASER;TANAH GROGOT;SENAKEN;eyJpdiI6Ikw1MENtalFIVnVBb2c4cVpxWEthQlE9PSIsInZhbHVlIjoiRzZOMjBiWFlXLzF2ZTJLMk1NRHNNdz09IiwibWFjIjoiNjg0ZmExMTA5MzhmODA1MTM5YmQxZDcwODY1OWE1YzllNGEyYjc4M2U2NjE1ZDNmYzQxOWU4YzRjZDhmMDg1MCIsInRhZyI6IiJ9;;[Kegiatan Usaha: Menjual ikan basah di pasar, Kategori: G, KBLI: 47215];;;;UMKM;;-1.933935197;116.164607;invalid;;;FALSE;FALSE;TRUE;;;invalid;;;;;;ikan basah edwar hamid edwar hamid;0.830711695;1;4;IKAN BASAH (EDWARD HAMID);PASAR INDUK SENAKEN;pasar senaken rt 0 rw 0;14;47;ikan basah edwar hamid edwar hamid pasar senaken rt 0 rw 0 kbli47;4;0;1;1;Aktif;Pasar senaken RT 0RW 0;P01;P01;;1;DONE 01/02 - 8.07 PM
2094;55158006;BAHARUDIN;Pasar senaken, RT 0/RW 0;6401040016;64;1;40;16;KALIMANTAN TIMUR;PASER;TANAH GROGOT;SENAKEN;eyJpdiI6InR1NDRwWUhSaExPTDc2UzNXNjVoeFE9PSIsInZhbHVlIjoiSDk0RS81ZldaVURIMlhyTXYxd0s0QT09IiwibWFjIjoiYmFmMGZmYWFlYWNkMGRkYWY0NmI2YjBkZDcxNzE2OGU4ZjNiNTk4YWI3Yzg3ZTIzN2NhNTA4Zjk1MjhjMWNiZSIsInRhZyI6IiJ9;;[Kegiatan Usaha: Menjual makanan, Kategori: G, KBLI: 47112];;;;UMKM;;-1.903573333;116.2128683;valid;eyJpdiI6ImFnS3kyTEorQUhjcmpLYklGeDhuNVE9PSIsInZhbHVlIjoiVEpKaDRzUWt2MHRodG5VK1IrajU1dz09IiwibWFjIjoiNWU2ZTQ4ODM2ZTNhMDg1NDE1MWEzMDhhYmM2MTg1NTY4NWU3MTBmN2M3NjlmMTFlZWYyNzVlNjA2Yjc4YzQwNCIsInRhZyI6IiJ9;1;FALSE;FALSE;FALSE;-1.903573333;116.2128683;valid;adib.tamtama;;;;;baharudin;0.833229829;1;4;IKAN BASAH <BAHARUDIN>;PASAR INDUK  SENAKEN;pasar senaken rt 0 rw 0;22;47;baharudin pasar senaken rt 0 rw 0 kbli47;4;0;1;0;Aktif;Pasar senaken RT 0RW 0;P01;P01;;1;DONE 01/02 - 8.07 PM
3603;55075717;HASMARIA TAMBUNAN;Wilayah pasar senaken, RT 0/RW 0;6401040016;64;1;40;16;KALIMANTAN TIMUR;PASER;TANAH GROGOT;SENAKEN;eyJpdiI6ImFFczU1dm9Ecnp6VzBieFZib1psbFE9PSIsInZhbHVlIjoia3ZxNCs3WlFqWUhMc3BFd1NENk40dz09IiwibWFjIjoiMmRjNWNhN2YzNGY3NWM0YjFjM2RjNjUyZGEyODFlYTg3ZGI3OWYyZDU3ZjFkZTFkZjVjNzNiNGQxNWZiOTVkYiIsInRhZyI6IiJ9;;[Kegiatan Usaha: Menjual pisang, Kategori: G, KBLI: 47212];;;;UMKM;;-1.918843333;116.1993367;valid;eyJpdiI6IjQwbG1RVWJ2SFZpSmR6ZTliQWdHN3c9PSIsInZhbHVlIjoibmJTZUVJR0xodkdxdmx5MUxKRFBGQT09IiwibWFjIjoiMWIxZDhhZTY2ZDM3NWJiZDczYTRjZDdiZTAwODk3YTY3M2ZiYmViMmU3OTA0MmJhZmE1MWQ2MmMyZmEyMmI4NiIsInRhZyI6IiJ9;1;TRUE;TRUE;FALSE;-1.918843333;116.1993367;valid;raka.prawira;;;;;hasmaria tambunan;0.852365068;1;4;HASMARIA TAMBUNAN;PASAR SENAKEN;wilayah pasar senaken rt 0 rw 0;34;47;hasmaria tambunan wilayah pasar senaken rt 0 rw 0 kbli47;4;0;1;0;Aktif;Wilayah pasar senaken RT 0RW 0;P01;P01;;1;DONE 01/02 - 8.07 PM
5159;55098759;NASRUDDIN;Pasar senaken, RT 0/RW 0;6401040016;64;1;40;16;KALIMANTAN TIMUR;PASER;TANAH GROGOT;SENAKEN;eyJpdiI6ImgwQzFVYUxtUmVLQk1acnY0a1RpREE9PSIsInZhbHVlIjoibG5NeEIyanJlSmlzaXJkbkJNTFBpZz09IiwibWFjIjoiN2VkYjU0YjVkZGJhYWM2M2YwZGE0YjM3ZWEzMWE4NzQ0MTEzMjUyMDU5NWUzYjNlOTQ0YmM5MWVjNjRkYzViMiIsInRhZyI6IiJ9;;[Kegiatan Usaha: Menjual Aksesoris, Kategori: G, KBLI: 47735];;;;UMKM;;-1.933935197;116.164607;invalid;;;FALSE;FALSE;TRUE;;;invalid;;;;;;nasruddin;0.990598376;1;4;NASRUDDIN;PASAR SENAKEN;pasar senaken rt 0 rw 0;69;47;nasruddin pasar senaken rt 0 rw 0 kbli47;4;0;1;0;Aktif;Pasar senaken RT 0RW 0;P01;P01;;1;DONE 01/02 - 8.07 PM
5520;55209277;SEMBAKO WAHDANIAH <WAHDANIAH>;Pasar senaken, RT 0/RW 0;6401040016;64;1;40;16;KALIMANTAN TIMUR;PASER;TANAH GROGOT;SENAKEN;eyJpdiI6IkNVcnJzeWt6ZjNPMFNxVnF6YVhUUGc9PSIsInZhbHVlIjoiNUZtdE9peEpUYUZNZjlKT2MySmRxZz09IiwibWFjIjoiYjZhYmZhODc3Y2I2YTUwZWMzMDU2ZjI1MWFkZTM4MDI4MDQ4MmYyNjIwZjRiNTI5NWIxM2MyZDExYWE1MDYzNiIsInRhZyI6IiJ9;;[Kegiatan Usaha: Menjual sembako eceran di lapak pasar, Kategori: G, KBLI: 47112];;;;UMKM;;-1.94508;116.2468033;valid;;;FALSE;FALSE;TRUE;;;invalid;;;;;;sembako wahdaniah wahdaniah;0.849906835;1;4;Toko Wahdahniah <WAHDANIAH>;PASAR INDUK SENAKEN;pasar senaken rt 0 rw 0;82;47;sembako wahdaniah wahdaniah pasar senaken rt 0 rw 0 kbli47;4;0;1;1;Aktif;Pasar senaken RT 0RW 0;P01;P01;;1;DONE 01/02 - 8.07 PM
5615;55156351;SEMBAKO SITI AMINAH <ST. AMINAH>;Pasar senaken, RT 0/RW 0;6401040016;64;1;40;16;KALIMANTAN TIMUR;PASER;TANAH GROGOT;SENAKEN;eyJpdiI6IlhLVE9CcHh3N0lGMHJ2bzJ5dHZXRnc9PSIsInZhbHVlIjoiY0FkU2RQRDQvbmVJelhKdW5rVTNKdz09IiwibWFjIjoiNGI4YTk0NzQ1MDExNTU1MGIyZTg2NGRkYWVjMDY1ZWQyNzRmNmMzMjRhNWU4ZmNjZTBiNzUwYzYxZGZkNTI1ZCIsInRhZyI6IiJ9;;[Kegiatan Usaha: Menjual sembako eceran di lapak pasar, Kategori: G, KBLI: 47112];;;;UMKM;;-1.933935197;116.164607;invalid;;;FALSE;FALSE;TRUE;;;invalid;;;;;;sembako siti aminah st aminah;0.857900743;1;4;ST.AMINAH;Senaken;pasar senaken rt 0 rw 0;85;47;sembako siti aminah st aminah pasar senaken rt 0 rw 0 kbli47;4;0;1;1;Aktif;Pasar senaken RT 0RW 0;P01;P01;;1;DONE 01/02 - 8.07 PM
5693;55334132;ERNAWATI;Pasar senaken, RT 0/RW 0;6401040016;64;1;40;16;KALIMANTAN TIMUR;PASER;TANAH GROGOT;SENAKEN;eyJpdiI6IlUzbkJnN1cxQ3FTRThacDVkSzB5S2c9PSIsInZhbHVlIjoiazY2WGNDRDhVNUZGOUxlKy9jQzJadz09IiwibWFjIjoiNzRiYTBkNjdiNjRiNDQzZDlhZjc3OGVjNWM0OTBjMDcyZDVmZmI3NmUzMjFiNDUxNjAwZTAzODFhMjFhZDIxNyIsInRhZyI6IiJ9;;[Kegiatan Usaha: MENJUAL PERAK, Kategori: G, KBLI: 47735];;;;UMKM;;-1.933935197;116.164607;invalid;;;FALSE;FALSE;TRUE;;;invalid;;;;;;ernawati;0.800786517;1;4;ERNAWATI;JL. SENAKEN GG. PAGAR ALAM;pasar senaken rt 0 rw 0;88;47;ernawati pasar senaken rt 0 rw 0 kbli47;4;0;1;0;Aktif;Pasar senaken RT 0RW 0;P01;P01;;1;DONE 01/02 - 8.07 PM
5747;55069471;SUMARNI;Pasar senaken, RT 0/RW 0;6401040016;64;1;40;16;KALIMANTAN TIMUR;PASER;TANAH GROGOT;SENAKEN;eyJpdiI6ImoxWFRmVXpDcUJaTDRxeDA1Wit1dUE9PSIsInZhbHVlIjoianZnVEFKZEwxVENzTVJ2UGVSazZ5Zz09IiwibWFjIjoiNDE1ODY5NmZhZTBlNzc4MDIwYjhkMDkyZGQxYzQ1Yjg2NDBmOGM2ODFkNzY2NWM4MWQ5NGYzYmE0YTk3MTlmZCIsInRhZyI6IiJ9;;[Kegiatan Usaha: Menjual pakaian, Kategori: G, KBLI: 47711];;;;UMKM;;-1.91427;116.1970367;valid;eyJpdiI6ImRVZ3JTempzekxCT0VJMFNVa0F6Y3c9PSIsInZhbHVlIjoiTWdFbnRxaWtwK0tLUkc4bUZLbGlsdz09IiwibWFjIjoiNWZlOGNiNDVkNmE2ZTUxMDJiMTk4ZmFiMmM3Y2RmMTIzZDUwOWIxMWI5ZDRiYmRlOGNkNjEzNDAzNWIwYTQ5ZiIsInRhZyI6IiJ9;1;TRUE;TRUE;FALSE;-1.91427;116.1970367;valid;raka.prawira;;;;;sumarni;0.864516919;1;4;SUMARNI TAWAKAL;Senaken;pasar senaken rt 0 rw 0;89;47;sumarni pasar senaken rt 0 rw 0 kbli47;4;0;1;0;Aktif;Pasar senaken RT 0RW 0;P01;P01;;1;DONE 01/02 - 8.07 PM
5764;55207480;TAHU SUNARTI <sunarti>;Pasar senaken blok A, RT 0/RW 0;6401040016;64;1;40;16;KALIMANTAN TIMUR;PASER;TANAH GROGOT;SENAKEN;eyJpdiI6IlZ1SmVrc2FhMmROaGVsRjBwcTRXQ1E9PSIsInZhbHVlIjoiWE9QZlZ0M2VOQnBxaDBoVVFDMDN2Zz09IiwibWFjIjoiNzQyYTI3OWQ1MDg2ZGI3YTg2M2QxMTE4ZjJmNzg3MjNiYTVhNDk1YjExYzk1YzNjYzUyMDM1ZWVlZTdlNzFlNSIsInRhZyI6IiJ9;;[Kegiatan Usaha: Menjual tahu, Kategori: C, KBLI: 10392];;;;UMKM;;-1.8980778;116.2112813;valid;eyJpdiI6IlQxbWU5d29Ed29HVlFUSlhxaC9xZHc9PSIsInZhbHVlIjoiaWpTVVd2OTJRVFMyRkJGK0Y0dkVHQT09IiwibWFjIjoiMzNiNWU2M2NlODUxNWExNDJhYzI2ZjExZjJhNTllYzNhZWMzYWY4OTU3OWY2ZDMyY2QxMTE3NGM1NGVjNzdkMyIsInRhZyI6IiJ9;1;TRUE;TRUE;FALSE;-1.8980778;116.2112813;valid;raka.prawira;;;;;tahu sunarti sunarti;0.908022489;1;4;SUNARTI;SENAKEN;pasar senaken blok a rt 0 rw 0;90;10;tahu sunarti sunarti pasar senaken blok a rt 0 rw 0 kbli10;1;0;1;1;Aktif;Pasar senaken blok A RT 0RW 0;P01;P01;;1;DONE 01/02 - 8.07 PM
5796;55072324;SEMBAKO MUH RUSDI <MUH. RUSDI>;Pasar senaken, RT 0/RW 0;6401040016;64;1;40;16;KALIMANTAN TIMUR;PASER;TANAH GROGOT;SENAKEN;eyJpdiI6ImVyMlpuRnR3VlhkaEFiU3lDNzRGbXc9PSIsInZhbHVlIjoiVkFvNzhkbWgrS3VsV0hmWVRJS1I0QT09IiwibWFjIjoiZDNjYjM0MTQ0OGY0YTAzZTVkOGYyYTM0MWRjYzdlZTkyN2U3ODAzODEyOWQxMTllMzI5NTEwNTEwNzRiZWYzMCIsInRhZyI6IiJ9;;[Kegiatan Usaha: Menjual sembako eceran di lapak pasar, Kategori: G, KBLI: 47112];;;;UMKM;;-1.933935197;116.164607;invalid;;;FALSE;FALSE;TRUE;;;invalid;;;;;;sembako muh rusdi muh rusdi;0.899073845;1;4;MUH.RUSDI;SENAKEN;pasar senaken rt 0 rw 0;91;47;sembako muh rusdi muh rusdi pasar senaken rt 0 rw 0 kbli47;1;0;1;1;Aktif;Pasar senaken RT 0RW 0;P01;P01;;1;DONE 01/02 - 8.07 PM
5820;55151947;REMPAH SITI MIRNAWATI <SITI MIRNAWATI>;Pasar senaken, RT 0/RW 0;6401040016;64;1;40;16;KALIMANTAN TIMUR;PASER;TANAH GROGOT;SENAKEN;eyJpdiI6Ii9uK0h5ZnNrM2xzZm0yampXT3pkTkE9PSIsInZhbHVlIjoia1FQUFg4SEVCOEZySVp2OHZSUS9ldz09IiwibWFjIjoiMWFkN2Y1ZDBlNTk3Yzg3ZmU3MDI4ZDY4ZDk5NmJlOGMxZTU1YTAwNDZiNjhmMDBiYzYzODk4N2RhOTZlNmI3ZiIsInRhZyI6IiJ9;;[Kegiatan Usaha: Menjual rempah rempah dipetak pasar, Kategori: G, KBLI: 47819];;;;UMKM;;-1.933935197;116.164607;invalid;;;FALSE;FALSE;TRUE;;;invalid;;;;;;rempah siti mirnawati siti mirnawati;0.839158348;1;4;TOKO MIRNAWATI;Jl. senaken;pasar senaken rt 0 rw 0;92;47;rempah siti mirnawati siti mirnawati pasar senaken rt 0 rw 0 kbli47;1;0;1;1;Aktif;Pasar senaken RT 0RW 0;P01;P01;;1;DONE 01/02 - 8.07 PM
5939;55070710;IKAN ASIN NORBAYAH <nurbayah>;Pasar senaken, RT 0/RW 0;6401040016;64;1;40;16;KALIMANTAN TIMUR;PASER;TANAH GROGOT;SENAKEN;eyJpdiI6IjUwM2ZJRDFsbDEwdFRtN1BYSW1FWkE9PSIsInZhbHVlIjoiZENqeVB6WHh6T01sR2t1ZWlmSUJGdz09IiwibWFjIjoiOWEyNWMwZTIzNTkwMDIwOTU1MmMxZjRiZWVhMGI2OTc0ZjVmNTc1MGQ3Yjk0MTdmYTg1Y2E4MDBjMWQ0NDhhNyIsInRhZyI6IiJ9;;[Kegiatan Usaha: Menjual ikan asin eceran di lapak pasar, Kategori: G, KBLI: 47245];;;;UMKM;;-1.90629033;116.199502;valid;;;FALSE;FALSE;TRUE;;;invalid;;;;;;ikan asin norbayah nurbayah;0.813430054;1;4;NORBAYAH;Senaken;pasar senaken rt 0 rw 0;96;47;ikan asin norbayah nurbayah pasar senaken rt 0 rw 0 kbli47;1;0;1;1;Aktif;Pasar senaken RT 0RW 0;P01;P01;;1;DONE 01/02 - 8.07 PM
5975;55265345;IKAN BASAH ARDIANSYAH <ARDIANSYAH>;Pasar senaken blok c, RT 0/RW 0;6401040016;64;1;40;16;KALIMANTAN TIMUR;PASER;TANAH GROGOT;SENAKEN;eyJpdiI6IjNQRks5N0lIakZIQWVEaU9kWXNLWGc9PSIsInZhbHVlIjoiM2QwRkxTUDR2b21UWkdMVnE0dWNxZz09IiwibWFjIjoiNzEyMzJlZWQzMTYyYjZmYTJkNTI4ZGExOTM5ZjBhOWVmZDczNzZmYmNlOTZiMGIyZmVjNDM4YjVkMGFjY2E0YiIsInRhZyI6IiJ9;;[Kegiatan Usaha: Menjual ikan basah eceran, Kategori: G, KBLI: 47215];;;;UMKM;;-1.88332;116.1951733;valid;eyJpdiI6ImtsSFdXWG9icy94MkdMN2l2SS8wOVE9PSIsInZhbHVlIjoiYWw1NklXUEJwakh1M1dBZTNiM0VFUT09IiwibWFjIjoiMWU1OTUzOGY3Yjk4MjUwMGM2NjUxYWNjZDNiZGRmNDY5MTUzYzI3YTAxYWRhODBkNmNlMDJjYWI2OGU0NjkxYiIsInRhZyI6IiJ9;1;FALSE;FALSE;FALSE;-1.88332;116.1951733;valid;adib.tamtama;;;;;ikan basah ardiansyah ardiansyah;0.835844403;1;4;ARDIANSYAH;JL. SENAKEN GG. SAUDARA;pasar senaken blok c rt 0 rw 0;97;47;ikan basah ardiansyah ardiansyah pasar senaken blok c rt 0 rw 0 kbli47;1;0;1;1;Aktif;Pasar senaken blok c RT 0RW 0;P01;P01;;1;DONE 01/02 - 8.07 PM
6021;55100718;TOKO MILA <JAMILAH>;PASAR SENAKEN, RT 0/RW 0;6401040009;64;1;40;9;KALIMANTAN TIMUR;PASER;TANAH GROGOT;JONE;eyJpdiI6IjFNYTVkTHRYb3NPcFdzU2lwUFhuRVE9PSIsInZhbHVlIjoiYUhFUXNnQVVhUXZ2RUx0VWJzVFJQZz09IiwibWFjIjoiNzg5ODU5M2I0NTc5YmY4YzgxZTQ3NDVjYTdmMzJhMGVkOWFhMWFkNjAzM2VhZjUyY2QyZjhhYTU2MjUwMzYzYyIsInRhZyI6IiJ9;;[Kegiatan Usaha: MENJUAL TAS, Kategori: G, KBLI: 47714];;;;UMKM;;-1.896541667;116.2111433;valid;;;FALSE;FALSE;TRUE;;;invalid;;;;;;mila jamilah;0.818225947;1;1;TOKO MILA <MILA>;PASAR SENAKEN, RT 0/RW 0;pasar senaken rt 0 rw 0;99;47;mila jamilah pasar senaken rt 0 rw 0 kbli47;4;0;1;1;Aktif;PASAR SENAKEN RT 0RW 0;P01;P01;;1;DONE 01/02 - 8.07 PM
6032;55044798;TOKO MILA <MILA>;PASAR SENAKEN, RT 0/RW 0;6401040009;64;1;40;9;KALIMANTAN TIMUR;PASER;TANAH GROGOT;JONE;eyJpdiI6IkdBRStscDloM0cyaGFQUmxZcTdNUFE9PSIsInZhbHVlIjoiaE9DNkIxeEdwL2xZckc3bkdqQXFwUT09IiwibWFjIjoiYTdhOWMzNzI3N2E2MTFkNjUzNWQzNDM0MmU2MzJhYjhmMTdmZTQ0M2U1MTRkMzA3MGM4NmQzNmU3ODQxNjZiOSIsInRhZyI6IiJ9;;[Kegiatan Usaha: Menjual pakaian, Kategori: G, KBLI: 47711];;;;UMKM;;-1.933935197;116.164607;invalid;;;FALSE;FALSE;TRUE;;;invalid;;;;;;mila mila;0.818225947;1;4;TOKO MILA <JAMILAH>;PASAR SENAKEN, RT 0/RW 0;pasar senaken rt 0 rw 0;99;47;mila mila pasar senaken rt 0 rw 0 kbli47;1;0;1;1;Aktif;PASAR SENAKEN RT 0RW 0;P01;P01;;1;DONE 01/02 - 8.07 PM
6049;55152800;TOKO AHMAD <AHMAD SARWANI>;PASAR SENAKEN, RT 0/RW 0;6401040009;64;1;40;9;KALIMANTAN TIMUR;PASER;TANAH GROGOT;JONE;eyJpdiI6InNQaVlQUUhCZGo0ZWxRakxBRVlkK1E9PSIsInZhbHVlIjoiWmRpY2MrSlBXVTNNSUlyMjhrSlg0dz09IiwibWFjIjoiMjI1ZThiYmZmYWRiYjUwNWU2MTExNDY5OWFlMmY5MzdkNjE1NDAxZmU0Mjg1ZDY0M2M3MGEyMjUzZDkwNmQ3NSIsInRhZyI6IiJ9;;[Kegiatan Usaha: MENJUAL PAKAIAN, Kategori: G, KBLI: 47711];;;;UMKM;;-1.933935197;116.164607;invalid;;;FALSE;FALSE;TRUE;;;invalid;;;;;;ahmad ahmad sarwani;0.889227327;1;1;TOKO AHMAD <AHMAD MURJANI>;PASAR SENAKEN, RT 0/RW 0;pasar senaken rt 0 rw 0;100;47;ahmad ahmad sarwani pasar senaken rt 0 rw 0 kbli47;1;0;1;1;Aktif;PASAR SENAKEN RT 0RW 0;P01;P01;;1;DONE 01/02 - 8.07 PM
6054;55302171;TOKO AHMAD <AHMAD MURJANI>;PASAR SENAKEN, RT 0/RW 0;6401040009;64;1;40;9;KALIMANTAN TIMUR;PASER;TANAH GROGOT;JONE;eyJpdiI6IlZHQU1Ma1IrUXU0NTRnbmVjNFo0dlE9PSIsInZhbHVlIjoidzlCQThwMWtrVzNwOFNDS3FmSm1iUT09IiwibWFjIjoiNDA2NmMxMDIyZTczOTEyMDc2MDk1YTg2ZTUzNGU0NDVkMDcyNmJmZDlkNGVlZjllMjcyZWEzNTUzNDQ3YzlkOCIsInRhZyI6IiJ9;;[Kegiatan Usaha: MENJUAL BARANG PECAH BELAH, Kategori: G, KBLI: 47863];;;;UMKM;;-1.91958566;116.1980675;valid;eyJpdiI6InBaNXhoZGVQL2sydkFjalo2S0JxdVE9PSIsInZhbHVlIjoiRVJ0aENvQXFheDZBTXpLZDJ4R2ZwUT09IiwibWFjIjoiMTBiMjA5NjhkZjg4ODEwOGMwOWYyMDYxOTdjZTVlN2JkNzAxYWU4MzNiNWJkNzFhM2I4OGQzZjUxNzE5ZDVhOCIsInRhZyI6IiJ9;1;TRUE;TRUE;FALSE;-1.91958566;116.1980675;valid;raka.prawira;;;;;ahmad ahmad murjani;0.889227327;1;4;TOKO AHMAD <AHMAD SARWANI>;PASAR SENAKEN, RT 0/RW 0;pasar senaken rt 0 rw 0;100;47;ahmad ahmad murjani pasar senaken rt 0 rw 0 kbli47;1;0;1;1;Aktif;PASAR SENAKEN RT 0RW 0;P01;P01;;1;DONE 01/02 - 8.07 PM
6070;55334255;TK. MAMA ICA <HALIMATUS SADIYAH>;Pasar senaken, RT 0/RW 0;6401040009;64;1;40;9;KALIMANTAN TIMUR;PASER;TANAH GROGOT;JONE;eyJpdiI6IjJKcXREcDQ0Q2NrTDZ4ckFIeEwwd1E9PSIsInZhbHVlIjoiMDl1aDZHOGEvdnJWeDZKeEJLdEZTZz09IiwibWFjIjoiNzJiNmQxMDRkMjUxNjczYjNlODg3ZTA2NjUzODkxMzNmYzI5OTU3OGE3MDQ1ODMwMWI2NWNkZjFhYThlZWZiNiIsInRhZyI6IiJ9;;[Kegiatan Usaha: MENJUAL PAKAIAN, Kategori: G, KBLI: 47711];;;;UMKM;;-1.933935197;116.164607;invalid;;;FALSE;FALSE;TRUE;;;invalid;;;;;;tk mama ica halimatus sadiyah;0.827842504;1;1;TOKO MAMA NAZA <HALIMATUS SYADIYAH>;Pasar senaken, RT 0/RW 0;pasar senaken rt 0 rw 0;101;47;tk mama ica halimatus sadiyah pasar senaken rt 0 rw 0 kbli47;1;0;1;1;Aktif;Pasar senaken RT 0RW 0;P01;P01;;1;DONE 01/02 - 8.07 PM
6077;55263486;TOKO MAMA NAZA <HALIMATUS SYADIYAH>;Pasar senaken, RT 0/RW 0;6401040009;64;1;40;9;KALIMANTAN TIMUR;PASER;TANAH GROGOT;JONE;eyJpdiI6InUrNG5RQ2FCbWJ1UkNhMnJUa0F4YWc9PSIsInZhbHVlIjoiZkQ3cXJYUDlQR0FHMzFQWmF1dTBuUT09IiwibWFjIjoiMmY0MDRiODhiZjYwYmRlNWI5NDExNTRlZTc2ZWY3MjY2YjIzNDhjZGU1NDFjYjgyNTAwM2NiYWUzMmM5MjFjMCIsInRhZyI6IiJ9;;[Kegiatan Usaha: MENUAL PAKAIAN, Kategori: G, KBLI: 47711];;;;UMKM;;-1.8852873;116.2120954;valid;eyJpdiI6InFPUWpQUDdCa3c2RCtEZVJrN1d0Q1E9PSIsInZhbHVlIjoiRC9pakJISWQrZHhMc3IyemY2K1NTQT09IiwibWFjIjoiZDM3MDlkMDhkNjNiY2FhZjhiODk5OGJlNDU3ZGI4NzBjNGIyOTAxMDExZTBmYTZmOTJjOTIzYTk4OWIxZWJkZSIsInRhZyI6IiJ9;1;TRUE;TRUE;FALSE;-1.8852873;116.2120954;valid;raka.prawira;;;;;mama naza halimatus syadiyah;0.827842504;1;4;TK. MAMA ICA <HALIMATUS SADIYAH>;Pasar senaken, RT 0/RW 0;pasar senaken rt 0 rw 0;101;47;mama naza halimatus syadiyah pasar senaken rt 0 rw 0 kbli47;1;0;1;1;Aktif;Pasar senaken RT 0RW 0;P01;P01;;1;DONE 01/02 - 8.07 PM
6103;55156858;TOKO ANISAH <ANISAH>;Pasar senaken, RT 0/RW 0;6401040009;64;1;40;9;KALIMANTAN TIMUR;PASER;TANAH GROGOT;JONE;eyJpdiI6ImJMWFZYcUs5cGgyTFF2TDM5ckpiTUE9PSIsInZhbHVlIjoidzA0YUFmTkhFb3ZHazJFbGU0VTJqQT09IiwibWFjIjoiNGI2MDNkNjVkZTk5YzA4ODExYmQ1YmU5MWZiYzQ2N2EzZjMyNjA3NWZkOGRkNzlhZjNiOWEwYzU2OTgxOGQ1YSIsInRhZyI6IiJ9;;[Kegiatan Usaha: Menjual pakaian, Kategori: G, KBLI: 47711];;;;UMKM;;-1.933935197;116.164607;invalid;;;FALSE;FALSE;TRUE;;;invalid;;;;;;anisah anisah;0.806894213;1;4;ANISAH;jone;pasar senaken rt 0 rw 0;103;47;anisah anisah pasar senaken rt 0 rw 0 kbli47;1;0;1;1;Aktif;Pasar senaken RT 0RW 0;P01;P01;;1;DONE 01/02 - 8.07 PM
6170;55098869;TOKO ANANG <PATMAWATI>;Pasar senaken, RT 0/RW 0;6401040009;64;1;40;9;KALIMANTAN TIMUR;PASER;TANAH GROGOT;JONE;eyJpdiI6IlhnRHVyMFVQTHNpRlN4OGVnbEVFd2c9PSIsInZhbHVlIjoid05MU2sycmNLR1h6ekE4UVNRREFoQT09IiwibWFjIjoiMTg4MDE0YjFiYTk5NGJiODY1NWQxNzViMWQ2M2NhZTBhNjIyMTMxNGNhMzk0ZDE3YjAwODI0NzA4NmFmMjFiNSIsInRhZyI6IiJ9;;[Kegiatan Usaha: Menjual kancing baju, Kategori: G, KBLI: 47834];;;;UMKM;;-1.933935197;116.164607;invalid;;;FALSE;FALSE;TRUE;;;invalid;;;;;;anang patmawati;0.871279827;1;1;TOKO UHAN <PATMAWATI>;Pasar senaken, RT 0/RW 0;pasar senaken rt 0 rw 0;107;47;anang patmawati pasar senaken rt 0 rw 0 kbli47;1;0;1;1;Aktif;Pasar senaken RT 0RW 0;P01;P01;;1;DONE 01/02 - 8.07 PM
6173;55126952;TOKO UHAN <PATMAWATI>;Pasar senaken, RT 0/RW 0;6401040009;64;1;40;9;KALIMANTAN TIMUR;PASER;TANAH GROGOT;JONE;eyJpdiI6ImNZeFJJd0RuMFZWdE00TzcvbmNmMEE9PSIsInZhbHVlIjoidlNsNlNPVGpYQkVwZGtZYWh3TmprZz09IiwibWFjIjoiNGIyY2JiNjY5ZDI3OWIwNjIyN2Y2ZDk1OTk0ZWRhMzVmNGRmODgxMTJiNzYyOWFjMzBkM2QzY2JmNjBhMzM2ZSIsInRhZyI6IiJ9;;[Kegiatan Usaha: MENJUAL PAKAIAN, Kategori: G, KBLI: 47711];;;;UMKM;;-1.92218661;116.1960457;valid;;;FALSE;FALSE;TRUE;;;invalid;;;;;;uhan patmawati;0.871279827;1;4;TOKO ANANG <PATMAWATI>;Pasar senaken, RT 0/RW 0;pasar senaken rt 0 rw 0;107;47;uhan patmawati pasar senaken rt 0 rw 0 kbli47;1;0;1;1;Aktif;Pasar senaken RT 0RW 0;P01;P01;;1;DONE 01/02 - 8.07 PM
6346;55156618;MITRA TOKO <MIFTAHUL JANNAH>;Pasar senaken, RT 0/RW 0;6401040016;64;1;40;16;KALIMANTAN TIMUR;PASER;TANAH GROGOT;SENAKEN;eyJpdiI6IkdqNjNGV3d2Q2E4VlI2d0hQekFOY0E9PSIsInZhbHVlIjoielZKcVM3UnA1RDlwZVQzWUV2VmxHUT09IiwibWFjIjoiZjZiZjFhOGYyMDgzNzM3ODY0M2FhYTlkOTM4YmYyMzQzYjljNmNjNTIxMThjMjE2YWIyZDM5ZGY3MGExMTJkMiIsInRhZyI6IiJ9;;[Kegiatan Usaha: Menjual Alat tulis, Kategori: G, KBLI: 47872];;;;UMKM;;-1.933935197;116.164607;invalid;;;FALSE;FALSE;TRUE;;;invalid;;;;;;mitra miftahul jannah;0.905698349;1;1;MIFTAHUL  JANNAH <MIFTAHUL JANNAH>;Pasar senaken, RT 0/RW 0;pasar senaken rt 0 rw 0;116;47;mitra miftahul jannah pasar senaken rt 0 rw 0 kbli47;1;0;1;1;Aktif;Pasar senaken RT 0RW 0;P01;P01;;1;DONE 01/02 - 8.07 PM
6357;55069789;MIFTAHUL  JANNAH <MIFTAHUL JANNAH>;Pasar senaken, RT 0/RW 0;6401040016;64;1;40;16;KALIMANTAN TIMUR;PASER;TANAH GROGOT;SENAKEN;eyJpdiI6ImtzTzZ2TmlvOE8rWHBhZUUxNVdxOFE9PSIsInZhbHVlIjoiKzc4TEZOcjlxczBSVThrYzJ1eXJPdz09IiwibWFjIjoiNzljMjg4OWMzMDY2ODZhZmVjNjVkMDU1Y2MyODViYjdjNzI1OTc2YWE4ZTA5NTI5ZTcwOTY1MWQwMTIwYTFmZiIsInRhZyI6IiJ9;;[Kegiatan Usaha: Menjual pakaian, Kategori: G, KBLI: 47711];;;;UMKM;;-1.933935197;116.164607;invalid;;;FALSE;FALSE;TRUE;;;invalid;;;;;;miftahul jannah miftahul jannah;0.905698349;1;4;MITRA TOKO <MIFTAHUL JANNAH>;Pasar senaken, RT 0/RW 0;pasar senaken rt 0 rw 0;116;47;miftahul jannah miftahul jannah pasar senaken rt 0 rw 0 kbli47;1;0;1;1;Aktif;Pasar senaken RT 0RW 0;P01;P01;;1;DONE 01/02 - 8.07 PM
6402;55073866;WARUNG MINUM HERLINA <HERLINA>;Pasar senaken, RT 0/RW 0;6401040016;64;1;40;16;KALIMANTAN TIMUR;PASER;TANAH GROGOT;SENAKEN;eyJpdiI6InVwVUR4blcwdno2WDFHY1dIbE5SZ1E9PSIsInZhbHVlIjoiei81YzF5alp2eTFsaGVKYlBjQVo2QT09IiwibWFjIjoiZjBhNTFmZDk1OWE3ODY4YWIzOWRhOWUwYmNmOWYzMTE5NzMzMjgzZTQ2OGYyYzliNDA4MGVlYWEwMzExZDg5MCIsInRhZyI6IiJ9;;[Kegiatan Usaha: Menjual minuman eceran di lapak pasar, Kategori: I, KBLI: 56304];;;;UMKM;;-1.933935197;116.164607;invalid;;;FALSE;FALSE;TRUE;;;invalid;;;;;;minum herlina herlina;0.924481171;1;1;TK. HERLINA <HERLINA>;Pasar senaken, RT 0/RW 0;pasar senaken rt 0 rw 0;118;56;minum herlina herlina pasar senaken rt 0 rw 0 kbli56;1;0;1;1;Aktif;Pasar senaken RT 0RW 0;P01;P01;;1;DONE 01/02 - 8.07 PM
6412;55103163;TK. HERLINA <HERLINA>;Pasar senaken, RT 0/RW 0;6401040016;64;1;40;16;KALIMANTAN TIMUR;PASER;TANAH GROGOT;SENAKEN;eyJpdiI6IjB4TXJOdk11aGhWYmY3cHZzRlVYcHc9PSIsInZhbHVlIjoiRXNlcWVyUHp2T2FVMGVPT1d5QXdkdz09IiwibWFjIjoiMGQyYTE1MTcxN2Q3ZGMzODQxM2I5ZDUwYzBlZmJjNTljNDA2MjczZWM4ZDcwODM5NGZmMjkzZDgyNGJkNjY0NiIsInRhZyI6IiJ9;;[Kegiatan Usaha: Menjual pakaian, Kategori: G, KBLI: 47711];;;;UMKM;;-1.933935197;116.164607;invalid;;;FALSE;FALSE;TRUE;;;invalid;;;;;;tk herlina herlina;0.924481171;1;4;WARUNG MINUM HERLINA <HERLINA>;Pasar senaken, RT 0/RW 0;pasar senaken rt 0 rw 0;118;47;tk herlina herlina pasar senaken rt 0 rw 0 kbli47;1;0;1;1;Aktif;Pasar senaken RT 0RW 0;P01;P01;;1;DONE 01/02 - 8.07 PM
6416;55238798;SITI AMINAH;Pasar senaken, RT 0/RW 0;6401040016;64;1;40;16;KALIMANTAN TIMUR;PASER;TANAH GROGOT;SENAKEN;eyJpdiI6Ik1Od1c3cmJ3UDdEVFF1ZGpsYnh2dGc9PSIsInZhbHVlIjoiZ2hUMGpINzVySFlaL3hMY1dwMmhVdz09IiwibWFjIjoiZDhhNWQzMWRmNzJlNjI0ZDkxYzA2YWI3NjhiMDU1YjJjZGYyM2E3NGZmMmZjMTQzNmNkNjNjZWUwNTU1MTZmNyIsInRhZyI6IiJ9;;[Kegiatan Usaha: Menjual pakaian, Kategori: G, KBLI: 47711];;;;UMKM;;-1.908921492;116.1986261;valid;;;FALSE;FALSE;TRUE;;;invalid;;;;;;siti aminah;0.926694368;1;1;IKAN BASAH SITI AMINAH <SITI AMINAH>;Pasar senaken, RT 0/RW 0;pasar senaken rt 0 rw 0;119;47;siti aminah pasar senaken rt 0 rw 0 kbli47;4;0;1;0;Aktif;Pasar senaken RT 0RW 0;P01;P01;;1;DONE 01/02 - 8.07 PM
6421;55156735;IKAN BASAH SITI AMINAH <SITI AMINAH>;Pasar senaken, RT 0/RW 0;6401040016;64;1;40;16;KALIMANTAN TIMUR;PASER;TANAH GROGOT;SENAKEN;eyJpdiI6IlB6c3FveXc4R0FzUlpMTVVWQ1p2N0E9PSIsInZhbHVlIjoiVHVIZXZZRHlTeGtTL09WM3FuQUJSdz09IiwibWFjIjoiZGNlODUyNDU0NTkzNzNmZDViNTQ1YjI0ZGEzZmZlNjNkMjQxMjBmNTEwM2JlMDg3NjZlNDcyNzZlMTM3NzJhZCIsInRhZyI6IiJ9;;[Kegiatan Usaha: Menjual ikan basah eceran di lapak pasar, Kategori: G, KBLI: 47215];;;;UMKM;;-1.933935197;116.164607;invalid;;;FALSE;FALSE;TRUE;;;invalid;;;;;;ikan basah siti aminah siti aminah;0.926694368;1;4;SITI AMINAH;Pasar senaken, RT 0/RW 0;pasar senaken rt 0 rw 0;119;47;ikan basah siti aminah siti aminah pasar senaken rt 0 rw 0 kbli47;1;0;1;1;Aktif;Pasar senaken RT 0RW 0;P01;P01;;1;DONE 01/02 - 8.07 PM
6435;55098711;MISNAWATI;Wil. Pasar senaken, RT 0/RW 0;6401040016;64;1;40;16;KALIMANTAN TIMUR;PASER;TANAH GROGOT;SENAKEN;eyJpdiI6IitRZzN2SmhJczhRcE1FLzQzZGJjT1E9PSIsInZhbHVlIjoiQjhMYTh3cHpaSExteHhOV2FyUVJEQT09IiwibWFjIjoiYTI2YjU5ZmIwNWVjMTg1YjU4ZGRlMzdjZDRlMGQ5YjU3N2EwMjYwNTc4M2MwMDE3ZDBmNzAyZDNmNzFiZmFmMyIsInRhZyI6IiJ9;;[Kegiatan Usaha: Menjual ikan asin, Kategori: G, KBLI: 47825];;;;UMKM;;-1.933935197;116.164607;invalid;;;FALSE;FALSE;TRUE;;;invalid;;;;;;misnawati;0.818842882;1;1;SAYUR ISNAWATI <ISNAWATI>;Pasar senaken, RT 0/RW 0;wil pasar senaken rt 0 rw 0;120;47;misnawati wil pasar senaken rt 0 rw 0 kbli47;1;0;1;0;Aktif;Wil Pasar senaken RT 0RW 0;P01;P01;;1;DONE 01/02 - 8.07 PM
6437;55264498;SAYUR ISNAWATI <ISNAWATI>;Pasar senaken, RT 0/RW 0;6401040016;64;1;40;16;KALIMANTAN TIMUR;PASER;TANAH GROGOT;SENAKEN;eyJpdiI6IkNmaUdLSFFIU2dqSDd1em8zZ21xR2c9PSIsInZhbHVlIjoiQ1hJN3dON0wyeVF1Q1lRSGY0b3NZdz09IiwibWFjIjoiNTRmM2RlZDg1MDkxOThkNGY2NGI0OWZkNGQ2MWFhNmRkN2MyNDc4MzU0ZWNiNDVhMjQ3MDViMGQyNTkyMDhlNCIsInRhZyI6IiJ9;;[Kegiatan Usaha: Menjual sayur eceran di lapak pasar, Kategori: G, KBLI: 47213];;;;UMKM;;-1.85183345;116.2399318;valid;eyJpdiI6InFDcUVBQ1ZjWldzU3psSVNuZ2V1YUE9PSIsInZhbHVlIjoiTVdvdXh0MWQzOVRqbjhSdXBMdjdUZz09IiwibWFjIjoiNDg3ZTgwMmE1NTgzN2Q5MzFkMDc3ZTQ4ZmZiMmNjODI1YWFkMjEzZGQyMThlYmU3Nzk4Y2I1MDhiMjI0NTcyZiIsInRhZyI6IiJ9;1;TRUE;TRUE;FALSE;-1.85183345;116.2399318;valid;raka.prawira;;;;;sayur isnawati isnawati;0.818842882;1;4;MISNAWATI;Wil. Pasar senaken, RT 0/RW 0;pasar senaken rt 0 rw 0;120;47;sayur isnawati isnawati pasar senaken rt 0 rw 0 kbli47;1;0;1;1;Aktif;Pasar senaken RT 0RW 0;P01;P01;;1;DONE 01/02 - 8.07 PM
6467;55098591;RAHMAWATI <RAHMAWATI SAU>;wil.pasar senaken, RT 0/RW 0;6401040016;64;1;40;16;KALIMANTAN TIMUR;PASER;TANAH GROGOT;SENAKEN;eyJpdiI6IlJhK2lWL3JiOGdCZVpOU0ozV0R5MWc9PSIsInZhbHVlIjoiYU9MZDNiSE8va2tWNDBhSVB0VkFJZz09IiwibWFjIjoiZGZiOWI2NTgxZDNkNTY3ZGNmNmM5YjBmZDEyMDkzYTQzMjI4NWQxM2VmYWIwMTEwMTk2ZTRlZGNmNzI3MWM1NCIsInRhZyI6IiJ9;;[Kegiatan Usaha: menjual sayuran pelengkap, Kategori: G, KBLI: 47813];;;;UMKM;;-1.933935197;116.164607;invalid;;;FALSE;FALSE;TRUE;;;invalid;;;;;;rahmawati rahmawati sau;0.940873205;1;4;TOKO HJ. RAHMAWATI <HJ. RAHMAWATI>;Pasar senaken, RT 2/RW 0;wil pasar senaken rt 0 rw 0;121;47;rahmawati rahmawati sau wil pasar senaken rt 0 rw 0 kbli47;1;0;1;1;Aktif;wilpasar senaken RT 0RW 0;P01;P01;;1;DONE 01/02 - 8.07 PM
6478;55076184;JAMALIUN;Wilayah pasar senaken, RT 0/RW 0;6401040016;64;1;40;16;KALIMANTAN TIMUR;PASER;TANAH GROGOT;SENAKEN;eyJpdiI6ImRiMmVYZUdUQk5wWmt5SE1HSnBMOUE9PSIsInZhbHVlIjoiSnIwelNiM3N5bzBuU3k5ZW9maUdzQT09IiwibWFjIjoiNTM0NTFhMDdhNmVhMDk4ODlkMzNlNDk0YWUzMzQzZmY5Y2UyNjcwZTU5NTI2ZTMxMjhmNTQ1MTY4OTFiYjgwNSIsInRhZyI6IiJ9;;[Kegiatan Usaha: Menjual ayam hidup, Kategori: G, KBLI: 47752];;;;UMKM;;-1.904011667;116.1945717;valid;;;FALSE;FALSE;TRUE;;;invalid;;;;;;jamaliun;0.86318087;1;1;JAMALUDIN;WILAYAH PASAR SENAKEN, RT 0/RW 0;wilayah pasar senaken rt 0 rw 0;122;47;jamaliun wilayah pasar senaken rt 0 rw 0 kbli47;1;0;1;0;Aktif;Wilayah pasar senaken RT 0RW 0;P01;P01;;1;DONE 01/02 - 8.07 PM
6479;55237866;JAMALUDIN;WILAYAH PASAR SENAKEN, RT 0/RW 0;6401040016;64;1;40;16;KALIMANTAN TIMUR;PASER;TANAH GROGOT;SENAKEN;eyJpdiI6IitmTFZtdFgzdTFlbmlnY0VTUzZsMnc9PSIsInZhbHVlIjoiU3RmaG9McDhwWUJqTWJjNDhPUHFkdz09IiwibWFjIjoiYWZlMmFmOTZiNWM2ZWU5NTcyYTExNjNhMjU2OGE1NmExYzIyMDJkODJhYjIzY2U3YzIxODk3NDI5ZjY0NDNjMSIsInRhZyI6IiJ9;;[Kegiatan Usaha: MENJUAL IKAN BASAH, Kategori: G, KBLI: 47215];;;;UMKM;;-1.933935197;116.164607;invalid;;;FALSE;FALSE;TRUE;;;invalid;;;;;;jamaludin;0.86318087;1;4;JAMALIUN;Wilayah pasar senaken, RT 0/RW 0;wilayah pasar senaken rt 0 rw 0;122;47;jamaludin wilayah pasar senaken rt 0 rw 0 kbli47;4;0;1;0;Aktif;WILAYAH PASAR SENAKEN RT 0RW 0;P01;P01;;1;DONE 01/02 - 8.07 PM
6491;55264515;FATUR RAHMAN <FATHUR RAHMAN>;Pasar senaken, RT 0/RW 0;6401040016;64;1;40;16;KALIMANTAN TIMUR;PASER;TANAH GROGOT;SENAKEN;eyJpdiI6InRDYnJxZUoreGJXeVE1M0VnSnU1U3c9PSIsInZhbHVlIjoibHNDcWp1Szg2Ukl5MjZCUDdJRCthZz09IiwibWFjIjoiZjY5MTdlNDRjMWIzYzJmNjYwZmMwMzBmMjkxMGFmYjA2MTUyYzYzZTRiNWMxNzZiNzE3ZDdlNDYxNTZlNGNmMiIsInRhZyI6IiJ9;;[Kegiatan Usaha: Menjual kosmetik, Kategori: G, KBLI: 47724];;;;UMKM;;-1.933935197;116.164607;invalid;;;FALSE;FALSE;TRUE;;;invalid;;;;;;fatur rahman fathur rahman;1;1;4;FATUR RAHMAN <FATHUR RAHMAN>;Pasar senaken, RT 0/RW 0;pasar senaken rt 0 rw 0;123;47;fatur rahman fathur rahman pasar senaken rt 0 rw 0 kbli47;1;0;1;1;Aktif;Pasar senaken RT 0RW 0;P01;P01;;1;DONE 01/02 - 8.07 PM
6530;55077105;ABD AZIS <ABD AZIZ>;wil. pasar senaken, RT 0/RW 0;6401040016;64;1;40;16;KALIMANTAN TIMUR;PASER;TANAH GROGOT;SENAKEN;eyJpdiI6IndKWWtVSkFPR0FGTU1meVZKenp2OFE9PSIsInZhbHVlIjoiS252OWxRVHpxbVNkNmtCRTFVTXQvZz09IiwibWFjIjoiZjliOWMyMGRlYWFmMmI0ZTkxMWU5Y2VkNmMxYjY2ZWM4YjExY2Y1ZTMxNzZjY2VjZDNhOWVjODJmMDEzZjVjMSIsInRhZyI6IiJ9;;[Kegiatan Usaha: menjual bawang eceran, Kategori: G, KBLI: 47243];;;;UMKM;;-1.933935197;116.164607;invalid;;;FALSE;FALSE;TRUE;;;invalid;;;;;;abd azis abd aziz;0.803009892;1;4;TOKO AZIS <ABD AZIS>;Pasar senaken, RT 2/RW 0;wil pasar senaken rt 0 rw 0;125;47;abd azis abd aziz wil pasar senaken rt 0 rw 0 kbli47;1;0;1;1;Aktif;wil pasar senaken RT 0RW 0;P01;P01;;1;DONE 01/02 - 8.07 PM
6543;55075744;IKAN ASIN KAMARIAH <KAMARIAH>;Pasar senaken, RT 0/RW 0;6401040016;64;1;40;16;KALIMANTAN TIMUR;PASER;TANAH GROGOT;SENAKEN;eyJpdiI6IjdNeGx3cU9pRDYxVkxJQkJNdnQ2RGc9PSIsInZhbHVlIjoiQmFIYkVPOTZCYW1FTmdjajVLNCtpUT09IiwibWFjIjoiNzhiMGVkOTU3ZmNjNDNhYWM1NGE3ODgyODhjMTZjZTA4OGNiOGZkNmViOTRlMmY3ZWUxZGJmZWI2ZDc3ZWExYSIsInRhZyI6IiJ9;;[Kegiatan Usaha: Menjual ikan asin eceran di lapak pasar, Kategori: G, KBLI: 47245];;;;UMKM;;-1.933935197;116.164607;invalid;;;FALSE;FALSE;TRUE;;;invalid;;;;;;ikan asin kamariah kamariah;0.815914005;1;1;KUE KAMARIAH <KAMARIAH.A>;Untung suropati, RT 0/RW 0;pasar senaken rt 0 rw 0;126;47;ikan asin kamariah kamariah pasar senaken rt 0 rw 0 kbli47;1;0;1;1;Aktif;Pasar senaken RT 0RW 0;P01;P01;;1;DONE 01/02 - 8.07 PM
6569;55102981;TUGIO;Wilayah pasar senaken, RT 0/RW 0;6401040016;64;1;40;16;KALIMANTAN TIMUR;PASER;TANAH GROGOT;SENAKEN;eyJpdiI6InpnajRNaWxYSlhZSzBRQ2hxRlpaRGc9PSIsInZhbHVlIjoibkxacEJyODRHanh2ZUdDcVUvMlgrdz09IiwibWFjIjoiMmRlODY4MzZmYWE4YzdlM2U1YmU2MGRmNmI2YzE4ZjdjNTg1NDA2NTc5NGFhOWNhYzU3NjBiZjYwZTAwZDIxZCIsInRhZyI6IiJ9;;[Kegiatan Usaha: Menjual berbagai barang utama makanan, Kategori: G, KBLI: 47112];;;;UMKM;;-1.84226653;116.2385551;valid;;;FALSE;FALSE;TRUE;;;invalid;;;;;;tugio;0.849204542;1;1;HAMNAH;WILAYAH PASAR SENAKEN, RT 0/RW 0;wilayah pasar senaken rt 0 rw 0;127;47;tugio wilayah pasar senaken rt 0 rw 0 kbli47;1;0;1;0;Aktif;Wilayah pasar senaken RT 0RW 0;P01;P01;;1;DONE 01/02 - 8.07 PM
6575;55208223;HAMNAH;WILAYAH PASAR SENAKEN, RT 0/RW 0;6401040016;64;1;40;16;KALIMANTAN TIMUR;PASER;TANAH GROGOT;SENAKEN;eyJpdiI6Ii9BNldwU1V4Z3BKaXZnT2oxWFhQa2c9PSIsInZhbHVlIjoiMFZMTnlLUm1SNmxWSE9qQnZvTlhlUT09IiwibWFjIjoiMjQyZGUxODQ5OTlmYjM1OWE3NzFkZjgyZDY1YmZlOTk4NmNjYjEyMjUyMzA4OTNkMWU4ZDBjZWJhZDYzZjllZCIsInRhZyI6IiJ9;;[Kegiatan Usaha: MENJUAL SAYURAN, Kategori: G, KBLI: 47811];;;;UMKM;;-1.9202582;116.1997963;valid;eyJpdiI6IjZaL1VlaUptc05CTTFTd29tanhvL3c9PSIsInZhbHVlIjoidzZuVWovRHdxanZmRDlWYk8zNUFSUT09IiwibWFjIjoiN2IzM2Q0M2VmMTI0ZWE0ZmVhMDA2NTExYjQwYjI4YjcxMzQ0NmE4OWQ5MTJjOTcyODg2NjkyZWU4ZDUzYjZhOCIsInRhZyI6IiJ9;1;TRUE;TRUE;FALSE;-1.9202582;116.1997963;valid;raka.prawira;;;;;hamnah;0.849204542;1;4;TUGIO;Wilayah pasar senaken, RT 0/RW 0;wilayah pasar senaken rt 0 rw 0;127;47;hamnah wilayah pasar senaken rt 0 rw 0 kbli47;4;0;1;0;Aktif;WILAYAH PASAR SENAKEN RT 0RW 0;P01;P01;;1;DONE 01/02 - 8.07 PM
6599;55154653;SAYUR JUMADI <JUMADI>;Pasar senaken, RT 0/RW 0;6401040016;64;1;40;16;KALIMANTAN TIMUR;PASER;TANAH GROGOT;SENAKEN;eyJpdiI6IjVZZjBpWktzY281cTYvQU1lamNTWlE9PSIsInZhbHVlIjoiTGg3UTcwZXRGVDR4L2xHcDdKTmpFQT09IiwibWFjIjoiN2MxODQ3NGVhMzgzZWZjYTM5NGZkYTU5MzI5YjM4Mzg2NDIyMTU2NmM0YjQ1ZjVjZDY5OGQ5OTdkZTJiOGIwZCIsInRhZyI6IiJ9;;[Kegiatan Usaha: Menjual sayur eceran di pasar, Kategori: G, KBLI: 47813];;;;UMKM;;-1.933935197;116.164607;invalid;;;FALSE;FALSE;TRUE;;;invalid;;;;;;sayur jumadi jumadi;0.832697272;1;1;JUMADI TADUNG;Pasar senaken, RT 0/RW 0;pasar senaken rt 0 rw 0;128;47;sayur jumadi jumadi pasar senaken rt 0 rw 0 kbli47;1;0;1;1;Aktif;Pasar senaken RT 0RW 0;P01;P01;;1;DONE 01/02 - 8.07 PM
6607;55127426;JUMADI TADUNG;Pasar senaken, RT 0/RW 0;6401040016;64;1;40;16;KALIMANTAN TIMUR;PASER;TANAH GROGOT;SENAKEN;eyJpdiI6IjE1Ui82SU05WTJrQy9aY0FhcXVsM2c9PSIsInZhbHVlIjoiNzFTUkdCcnlkcDV5U3pGZlh0dUhFZz09IiwibWFjIjoiYjA5OTkzZTk5NzU4ODA1ZTA2NjdkYjc1NDE1YTAzNmNkYzFhYjFmYjJkNmMyNDJmMzdhNTA0ZTU1OWEzZmVlOSIsInRhZyI6IiJ9;;[Kegiatan Usaha: MENJUAL AKSESORIS, Kategori: G, KBLI: 47713];;;;UMKM;;-1.933935197;116.164607;invalid;;;FALSE;FALSE;TRUE;;;invalid;;;;;;jumadi tadung;0.832697272;1;4;SAYUR JUMADI <JUMADI>;Pasar senaken, RT 0/RW 0;pasar senaken rt 0 rw 0;128;47;jumadi tadung pasar senaken rt 0 rw 0 kbli47;4;0;1;0;Aktif;Pasar senaken RT 0RW 0;P01;P01;;1;DONE 01/02 - 8.07 PM
6617;55263917;MUHAMMAD EFENDI;Pasar senaken, RT 0/RW 0;6401040016;64;1;40;16;KALIMANTAN TIMUR;PASER;TANAH GROGOT;SENAKEN;eyJpdiI6IjNCbWM4VEd0eDF5WHRsekh0TVYvcXc9PSIsInZhbHVlIjoiNWtZdnFyZ2NQUjB4dUpsOXFjTWo3dz09IiwibWFjIjoiZWE1MzdhNTQzY2UxY2FhNjYyNGM3MDg3NzBhZGNjMTEwMDFjZjZhMzA3MzY0YzMyNDU3YTYxYWZiNGRmNDkwYyIsInRhZyI6IiJ9;;[Kegiatan Usaha: menjual makanan olahan, Kategori: G, KBLI: 47822];;;;UMKM;;-1.905236667;116.2347183;valid;eyJpdiI6IkJJWTBFaURmblc0NmJTRTZaNnN0RlE9PSIsInZhbHVlIjoiLzVzWVVYQUtHaUtHc2ppRzB5OW4yUT09IiwibWFjIjoiZjdiY2FmNGQ4Njk1NGJiZWRhZGM0ZTFhYmUxMmUwMjY3ZDdmZWMwNTMwMjUyNjgzZGFiMDk2ODU3YTQ2OWZlOCIsInRhZyI6IiJ9;1;FALSE;FALSE;FALSE;-1.905236667;116.2347183;valid;adib.tamtama;;;;;muhammad efendi;0.976838036;1;1;MUHAMMAD EFFENDI;Pasar senaken, RT 0/RW 0;pasar senaken rt 0 rw 0;129;47;muhammad efendi pasar senaken rt 0 rw 0 kbli47;1;0;1;0;Aktif;Pasar senaken RT 0RW 0;P01;P01;;1;DONE 01/02 - 8.07 PM
6626;55154974;MUHAMMAD EFFENDI;Pasar senaken, RT 0/RW 0;6401040016;64;1;40;16;KALIMANTAN TIMUR;PASER;TANAH GROGOT;SENAKEN;eyJpdiI6Im1mY2IrZHFCSjJMSSs0WXdUV0ZhTXc9PSIsInZhbHVlIjoiRlJJVnZkOUNQclFXVFFGRXc0TmJXZz09IiwibWFjIjoiZWQ1ZDU0MzAyYzI2ZjE3OTZiNTdhZmJmZjMyMDJiYTM0ODU1ODc1NzgyMmUzZjcyYjliN2Q1ZGY3ZDg1MTkyZCIsInRhZyI6IiJ9;;[Kegiatan Usaha: Menjual emas 22, Kategori: G, KBLI: 47735];;;;UMKM;;-1.933935197;116.164607;invalid;;;FALSE;FALSE;TRUE;;;invalid;;;;;;muhammad effendi;0.976838036;1;4;MUHAMMAD EFENDI;Pasar senaken, RT 0/RW 0;pasar senaken rt 0 rw 0;129;47;muhammad effendi pasar senaken rt 0 rw 0 kbli47;4;0;1;0;Aktif;Pasar senaken RT 0RW 0;P01;P01;;1;DONE 01/02 - 8.07 PM
6634;55076639;HERU PRIYONO;wil. pasar senaken, RT 0/RW 0;6401040016;64;1;40;16;KALIMANTAN TIMUR;PASER;TANAH GROGOT;SENAKEN;eyJpdiI6IlRHM2cxc3pqQ2RYSTR1N3VEc1BFNmc9PSIsInZhbHVlIjoiaDZzSVlRNUVzMFFsaWRzL0ZWMVhMUT09IiwibWFjIjoiM2E5ZWI2Y2E4MDQ3NmIwZTRhODZiNGRkNTcwZjJhMmNmYzcxZWZhYTc0ODA4M2FhNjhkNTkwZGQ2YjM1MjhlZSIsInRhZyI6IiJ9;;[Kegiatan Usaha: menjual sembako, Kategori: G, KBLI: 47243];;;;UMKM;;-1.910008273;116.1977668;valid;eyJpdiI6ImFZbHF6OFhNRUdhZG1nUTdBQkIvdUE9PSIsInZhbHVlIjoiaktVUHpITDQ3REZCTWM0VDFKL3BUQT09IiwibWFjIjoiMjZlM2Y1Y2JjMDAwMDcwMWYxNTM4NGUyOWEwZjNkMjE4YTA2M2VhNTIzN2ZjOGM2MDY2NDBhNGMxZmE3NDM4ZSIsInRhZyI6IiJ9;1;FALSE;FALSE;FALSE;-1.910008273;116.1977668;valid;adib.tamtama;;;;;heru priyono;0.899404558;1;1;TOKO HERU <HERU PRIYONO>;Pasar senaken, RT 2/RW 0;wil pasar senaken rt 0 rw 0;130;47;heru priyono wil pasar senaken rt 0 rw 0 kbli47;1;0;1;0;Aktif;wil pasar senaken RT 0RW 0;P01;P01;;1;DONE 01/02 - 8.07 PM
6650;55125703;SAYUR SITI MARYAM <SITI MARYAM>;Pasar senaken hamparan subuh, RT 0/RW 0;6401040016;64;1;40;16;KALIMANTAN TIMUR;PASER;TANAH GROGOT;SENAKEN;eyJpdiI6IklmTUJjbUlMTTRjMm1SM3F1ZFYzd1E9PSIsInZhbHVlIjoid3dWaEs3eU0vRFVwTlAva29UNDgxdz09IiwibWFjIjoiOGQ1NmIxN2QwMDM5ZDdmZmZkODZmZjJjNDc0MWE1NDQ4Y2EyYTM3NWVkOTJhZGY4OWY4MmQxODc1NzNhMDlkNiIsInRhZyI6IiJ9;;[Kegiatan Usaha: Menjual sayur eceran di pasar, Kategori: G, KBLI: 47213];;;;UMKM;;-1.933935197;116.164607;invalid;;;FALSE;FALSE;TRUE;;;invalid;;;;;;sayur siti maryam siti maryam;0.852259387;1;1;SAYUR MAYUR SITI MARYAM <SITI MARYAM>;Pasar senaken blok A, RT 0/RW 0;pasar senaken hamparan subuh rt 0 rw 0;131;47;sayur siti maryam siti maryam pasar senaken hamparan subuh rt 0 rw 0 kbli47;1;0;1;1;Aktif;Pasar senaken hamparan subuh RT 0RW 0;P01;P01;;1;DONE 01/02 - 8.07 PM
6651;55153893;SAYUR MAYUR SITI MARYAM <SITI MARYAM>;Pasar senaken blok A, RT 0/RW 0;6401040016;64;1;40;16;KALIMANTAN TIMUR;PASER;TANAH GROGOT;SENAKEN;eyJpdiI6ImpZN3YwZ2pHVWpyOEdsQ1A3K3F1ZUE9PSIsInZhbHVlIjoiMk11Yy9VblBIb05JZk9TQ0RQQnJzdz09IiwibWFjIjoiODY1NzQ1MGY5YjM2NWRlYWY1Y2RhMDYzZWYzZjkyMzVjZDQ1YTAzYWYwMjJiNzVmMDFjYzdiZmUxMDU5MjM0ZCIsInRhZyI6IiJ9;;[Kegiatan Usaha: Menjual sayur dilapak, Kategori: G, KBLI: 47813];;;;UMKM;;-1.933935197;116.164607;invalid;;;FALSE;FALSE;TRUE;;;invalid;;;;;;sayur mayur siti maryam siti maryam;0.852259387;1;4;SAYUR SITI MARYAM <SITI MARYAM>;Pasar senaken hamparan subuh, RT 0/RW 0;pasar senaken blok a rt 0 rw 0;131;47;sayur mayur siti maryam siti maryam pasar senaken blok a rt 0 rw 0 kbli47;4;0;1;1;Aktif;Pasar senaken blok A RT 0RW 0;P01;P01;;1;DONE 01/02 - 8.07 PM
6672;55122579;MULYADI <MULIYADI>;WILAYAH PASAR SENAKEN, RT 0/RW 0;6401040016;64;1;40;16;KALIMANTAN TIMUR;PASER;TANAH GROGOT;SENAKEN;eyJpdiI6IkhhUUFFNTluSXcxNEFvVElFVCt2dFE9PSIsInZhbHVlIjoiWXQ3VitpTWR3ZElRS0N0QkNuYnhmQT09IiwibWFjIjoiNTA1NGJkNzA0ZjZmYWMxMDQ3YmI2MmY5YTkxNTI0YTk5YTk0NzM1YjFkNTYxNzI3ZjE2NWI4OWNhZTg0MDI3MSIsInRhZyI6IiJ9;;[Kegiatan Usaha: MENJUAL  AYAM MENTAH SAYAP MENTAH, Kategori: G, KBLI: 47214];;;;UMKM;;-1.90080116;116.2028317;valid;eyJpdiI6IlhSeFdjdDROU2FyRmhHNy94UXJrS0E9PSIsInZhbHVlIjoiVWd2bjd3Uk5tUytoSkhLN2VKTHg0QT09IiwibWFjIjoiNzhhODY4MzRhMDA1ZTFhNzBlNDhlNDQwZjQ1NzY3NTk5ZDY1YjM5MWU3NTc3ZWYzMzk1NzlmYWE4MTBjZDk0NSIsInRhZyI6IiJ9;1;FALSE;FALSE;FALSE;-1.90080116;116.2028317;valid;adib.tamtama;;;;;mulyadi muliyadi;0.854584302;1;1;H. MULYADI;wilayah pasar senaken, RT 0/RW 0;wilayah pasar senaken rt 0 rw 0;132;47;mulyadi muliyadi wilayah pasar senaken rt 0 rw 0 kbli47;1;0;1;1;Aktif;WILAYAH PASAR SENAKEN RT 0RW 0;P01;P01;;1;DONE 01/02 - 8.07 PM
6675;55071746;H. MULYADI;wilayah pasar senaken, RT 0/RW 0;6401040016;64;1;40;16;KALIMANTAN TIMUR;PASER;TANAH GROGOT;SENAKEN;eyJpdiI6IjJ1N3YzSktoamU2UmZBNjlFWTRITUE9PSIsInZhbHVlIjoiNWVlcVlHZDRhcHg1Tm1OcTg5WFlFUT09IiwibWFjIjoiZjFmYjYzMWNhNzYxMmY4MDZjNGU0ZjQyZWMxYmJkZjI1YzhmOTdiY2Q0YTFiNmEwYTdhNzEwYTRhMzE0OGZkNCIsInRhZyI6IiJ9;;[Kegiatan Usaha: menjual ikan basah, Kategori: G, KBLI: 47215];;;;UMKM;;-1.89293428;116.2161145;valid;eyJpdiI6Im1YT0dOUWtVSFYxWmNjckc1L1FOMFE9PSIsInZhbHVlIjoiWGpMWHZrNEZtdnNJellmNWZ2NUtDUT09IiwibWFjIjoiMmExNjYxNzZlOGQzZTU3NWUwZTE1M2IxMjFiYmMwNTI0YzhjZmU2YjMwN2JlOGFlMWU3NDI5ZDg3NGIxYmZjMyIsInRhZyI6IiJ9;1;TRUE;TRUE;FALSE;-1.89293428;116.2161145;valid;raka.prawira;;;;;h mulyadi;0.854584302;1;4;MULYADI <MULIYADI>;WILAYAH PASAR SENAKEN, RT 0/RW 0;wilayah pasar senaken rt 0 rw 0;132;47;h mulyadi wilayah pasar senaken rt 0 rw 0 kbli47;4;0;1;0;Aktif;wilayah pasar senaken RT 0RW 0;P01;P01;;1;DONE 01/02 - 8.07 PM
6696;55207235;RIZALI;wil. pasar senaken, RT 0/RW 0;6401040016;64;1;40;16;KALIMANTAN TIMUR;PASER;TANAH GROGOT;SENAKEN;eyJpdiI6InRDUFRCYi8xY1Nsb3RjZk1uOVIyclE9PSIsInZhbHVlIjoiWUNKNlQ0TzVSbFFEeG9oY2NzMFcydz09IiwibWFjIjoiZWQ4MzhlZWI5NGQzMjdkYTAxZmJjZGMyYmFkM2YxNTU5MGIzOWJjZjZlNWU2MGY0N2I2ZDc5MjFjOTkzZDJiZCIsInRhZyI6IiJ9;;[Kegiatan Usaha: menjual sayur eceran, Kategori: G, KBLI: 47813];;;;UMKM;;-1.86077;116.212545;valid;eyJpdiI6ImYvQVRVVEk1QmxoemNBNzFERy8xNVE9PSIsInZhbHVlIjoiNCtpYklGWi9SUjV0ditHUWhHbytmUT09IiwibWFjIjoiOTZkNWMzYjVmZWYzNzJjNTYxYjNjNmYzOTFmNzBiNDMyNjA3ODJiZWNlMWIzMjkxYjUzNjNjZTM4MWRlYzhlOCIsInRhZyI6IiJ9;1;FALSE;FALSE;FALSE;-1.86077;116.212545;valid;adib.tamtama;;;;;rizali;0.804022018;1;1;M. RIZALI FAHMI;Pasar senaken, RT 0/RW 0;wil pasar senaken rt 0 rw 0;133;47;rizali wil pasar senaken rt 0 rw 0 kbli47;1;0;1;0;Aktif;wil pasar senaken RT 0RW 0;P01;P01;;1;DONE 01/02 - 8.07 PM
6699;55209299;M. RIZALI FAHMI;Pasar senaken, RT 0/RW 0;6401040016;64;1;40;16;KALIMANTAN TIMUR;PASER;TANAH GROGOT;SENAKEN;eyJpdiI6IkxmTDlnUVVKZXF0dzIxVWxuVmlrcEE9PSIsInZhbHVlIjoib0phV0F3dkNjRHJZR01xZW5PL1U4UT09IiwibWFjIjoiNTQyMTE2ZTZjNTM2ZTI4MjljNDk0ZmQ5Nzc0ODY1NWM2NDc3ZWI1NWUyZGYxOGQ1NzA2MzNlNjZkYTBhOWIwNyIsInRhZyI6IiJ9;;[Kegiatan Usaha: Menjual pakaian, Kategori: G, KBLI: 47711];;;;UMKM;;-1.933935197;116.164607;invalid;;;FALSE;FALSE;TRUE;;;invalid;;;;;;m rizali fahmi;0.804022018;1;4;RIZALI;wil. pasar senaken, RT 0/RW 0;pasar senaken rt 0 rw 0;133;47;m rizali fahmi pasar senaken rt 0 rw 0 kbli47;4;0;1;0;Aktif;Pasar senaken RT 0RW 0;P01;P01;;1;DONE 01/02 - 8.07 PM
6714;55207503;SAYURAN HAMIDAH <HAMIDAH>;Pasar senaken, RT 0/RW 0;6401040016;64;1;40;16;KALIMANTAN TIMUR;PASER;TANAH GROGOT;SENAKEN;eyJpdiI6InVxOWFkL28zVHY2dTNrNWozOE05Rnc9PSIsInZhbHVlIjoiWXYwNklmaG9nay95dUJ6OVJVTFNNZz09IiwibWFjIjoiODdmMzNiOGYzYTU0MGIyNjhkZjY5NzRlMzExZDQ0OGQwMDQ3ODM0NzRkYmJhODQxODUwNGU2YjE2MWVmMjQ1MyIsInRhZyI6IiJ9;;[Kegiatan Usaha: Menjual sayur eceran di pasar, Kategori: G, KBLI: 47213];;;;UMKM;;-1.933935197;116.164607;invalid;;;FALSE;FALSE;TRUE;;;invalid;;;;;;sayuran hamidah hamidah;0.888175319;1;1;HAMIDAH;Pasar senaken, RT 0/RW 0;pasar senaken rt 0 rw 0;134;47;sayuran hamidah hamidah pasar senaken rt 0 rw 0 kbli47;1;0;1;1;Aktif;Pasar senaken RT 0RW 0;P01;P01;;1;DONE 01/02 - 8.07 PM
6719;55101449;HAMIDAH;Pasar senaken, RT 0/RW 0;6401040016;64;1;40;16;KALIMANTAN TIMUR;PASER;TANAH GROGOT;SENAKEN;eyJpdiI6IjFpRjZGSlV0VExFdEFHRnd6Q0xiamc9PSIsInZhbHVlIjoiMDVpYnF3REl1NDNSNEQ4dXFPZ0t1dz09IiwibWFjIjoiZTVmZDQ4OTY2MTgzM2Q5M2U1MjVlZjg2ZTEwMmM3OTI4NDAxYjJmYTdiNmQzYWY4N2RkMzk1MjMzZjZiYWI4YSIsInRhZyI6IiJ9;;[Kegiatan Usaha: Menjual pakaian, Kategori: G, KBLI: 47711];;;;UMKM;;-1.917956667;116.1991217;valid;eyJpdiI6InFCWERKZlI3d0FEWHVVZVNyWUltL0E9PSIsInZhbHVlIjoia3N3UkVyT1hOV0pUT096Q3ZONzFEdz09IiwibWFjIjoiMzZlN2FlMjUyMTVlN2JmODEyZGFkNjU5MzkwNDY4MmQ4OTM4ODZmYjQxNWQzZDIzZjE4YmI5ZTdjNzBiN2UxMSIsInRhZyI6IiJ9;1;FALSE;FALSE;FALSE;-1.917956667;116.1991217;valid;adib.tamtama;;;;;hamidah;0.888175319;1;4;SAYURAN HAMIDAH <HAMIDAH>;Pasar senaken, RT 0/RW 0;pasar senaken rt 0 rw 0;134;47;hamidah pasar senaken rt 0 rw 0 kbli47;4;0;1;0;Aktif;Pasar senaken RT 0RW 0;P01;P01;;1;DONE 01/02 - 8.07 PM
6730;55156423;SUMIYATI;wilayah pasar senaken, RT 0/RW 0;6401040016;64;1;40;16;KALIMANTAN TIMUR;PASER;TANAH GROGOT;SENAKEN;eyJpdiI6IkZyZzJoc1RVRFFySk4yVXhqek1PUEE9PSIsInZhbHVlIjoiYXZRQUJodWJGSG1rdjc1bjgvb1dHZz09IiwibWFjIjoiNzgwNDZhZWM3YzY5OTVmMjYzZGU2MTk2ZTM0ZWVmNzE0ZDg5YWU1ZjNjYzgyYjRiNGFiOWM4MmYzNWQ2N2QwMCIsInRhZyI6IiJ9;;[Kegiatan Usaha: Menjual sayuran, Kategori: G, KBLI: 47813];;;;UMKM;;-1.90382469;116.1865895;valid;eyJpdiI6InIvVFYvMGdGb0NHK0hPZW1iYUdENmc9PSIsInZhbHVlIjoibU02QXNjeCswOEFDYXcxa3VRVXNEZz09IiwibWFjIjoiZmI1MGFjYzI1M2IwOThhZTU3YTViZDZlZGQ2N2FmNzg1NDdjMzhiYzg2ZDgxYmMwNjZjOGI4NjFlMWMxNWM2NyIsInRhZyI6IiJ9;1;FALSE;FALSE;FALSE;-1.90382469;116.1865895;valid;adib.tamtama;;;;;sumiyati;0.821211172;1;1;SAYUR SUMIYATI <SUMIYATI>;Pasar senaken, RT 0/RW 0;wilayah pasar senaken rt 0 rw 0;135;47;sumiyati wilayah pasar senaken rt 0 rw 0 kbli47;1;0;1;0;Aktif;wilayah pasar senaken RT 0RW 0;P01;P01;;1;DONE 01/02 - 8.07 PM
6731;55098092;SAYUR SUMIYATI <SUMIYATI>;Pasar senaken, RT 0/RW 0;6401040016;64;1;40;16;KALIMANTAN TIMUR;PASER;TANAH GROGOT;SENAKEN;eyJpdiI6ImQyVmZBOEo2dDdDeFUyRCtyMjFFTHc9PSIsInZhbHVlIjoiWTAxZlNJaTZiN1l1K29xRnNwUndBUT09IiwibWFjIjoiNjZhYjkzNTMzNTM3ZTRhNDkwMjA2ZWU0MmExOGFkZGMxOTZjODRjY2Y2NDgyZTQ5ZmExZjRjZWFhZDViNGMxNiIsInRhZyI6IiJ9;;[Kegiatan Usaha: Menjual sayur eceran di pasar, Kategori: G, KBLI: 47213];;;;UMKM;;-1.933935197;116.164607;invalid;;;FALSE;FALSE;TRUE;;;invalid;;;;;;sayur sumiyati sumiyati;0.821211172;1;4;SUMIYATI;wilayah pasar senaken, RT 0/RW 0;pasar senaken rt 0 rw 0;135;47;sayur sumiyati sumiyati pasar senaken rt 0 rw 0 kbli47;1;0;1;1;Aktif;Pasar senaken RT 0RW 0;P01;P01;;1;DONE 01/02 - 8.07 PM
6773;55128231;UDANG KECIL RAMLAH <RAMLAH>;Pasar senaken, RT 0/RW 0;6401040016;64;1;40;16;KALIMANTAN TIMUR;PASER;TANAH GROGOT;SENAKEN;eyJpdiI6InZlS3QzT3VlRHJ3T29XbWovSWJvYVE9PSIsInZhbHVlIjoieGNkdk1KSDRBVVlZVTZrLy9KV3pRUT09IiwibWFjIjoiMzJhYTFlMWU4MDdjOTkxZGIyYTA3OTc4NWI5MGQ2Mjk5M2IwNjM1YTY2NmY2NmQ1OTk5ZGI2NDZjYzllMzE2YSIsInRhZyI6IiJ9;;[Kegiatan Usaha: Menjual udang kecil eceran di lapak pasar, Kategori: G, KBLI: 47215];;;;UMKM;;-1.90735157;116.2246752;valid;;;FALSE;FALSE;TRUE;;;invalid;;;;;;udang kecil ramlah ramlah;0.856089071;1;1;IKAN KERING RAMLAH <RAMLAH>;Pasar senaken, RT 0/RW 0;pasar senaken rt 0 rw 0;137;47;udang kecil ramlah ramlah pasar senaken rt 0 rw 0 kbli47;4;0;1;1;Aktif;Pasar senaken RT 0RW 0;P01;P01;;1;DONE 01/02 - 8.07 PM
6785;55100073;IKAN KERING RAMLAH <RAMLAH>;Pasar senaken, RT 0/RW 0;6401040016;64;1;40;16;KALIMANTAN TIMUR;PASER;TANAH GROGOT;SENAKEN;eyJpdiI6IlZpVG9hQlo1VEM2Q0tuN2FjcGYvTmc9PSIsInZhbHVlIjoiUmxmcmt2QUUvTkx4ME81ZThNVFN5UT09IiwibWFjIjoiZmIxY2NjZTQ1NmM0ODBhZjk0YTc0OWJlY2Y3MGMyNDMxOWM5YjVlYTlhNzdkZDIwYzNmODg4OWNhMzFmMTE3NyIsInRhZyI6IiJ9;;[Kegiatan Usaha: Menjual ikan kering eceran di lapak pasar, Kategori: G, KBLI: 47245];;;;UMKM;;-1.933935197;116.164607;invalid;;;FALSE;FALSE;TRUE;;;invalid;;;;;;ikan kering ramlah ramlah;0.856089071;1;4;UDANG KECIL RAMLAH <RAMLAH>;Pasar senaken, RT 0/RW 0;pasar senaken rt 0 rw 0;137;47;ikan kering ramlah ramlah pasar senaken rt 0 rw 0 kbli47;1;0;1;1;Aktif;Pasar senaken RT 0RW 0;P01;P01;;1;DONE 01/02 - 8.07 PM
6823;55156593;SUDIRMAN;Senaken, RT 0/RW 0;6401040016;64;1;40;16;KALIMANTAN TIMUR;PASER;TANAH GROGOT;SENAKEN;eyJpdiI6InV5ck5zdnVGNjZ1UmZ5UEM1RmVZREE9PSIsInZhbHVlIjoidWZrR2NzcTRoYUtobHEzLytIV2NJUT09IiwibWFjIjoiOTA3MGQxNDYwMDY4ZDA2OTljN2IyNWUwOGM1YWJlOTI0MWU0Njg0MjkzZjlkOWQ2ZDM2MjVkYWY1OGJlMWMzYSIsInRhZyI6IiJ9;;[Kegiatan Usaha: Sembako, Kategori: G, KBLI: 47243];;;;UMKM;;-1.933935197;116.164607;invalid;;;FALSE;FALSE;TRUE;;;invalid;;;;;;sudirman;0.908858104;1;1;AYAM HIDUP SUDIRMAN <SUDIRMAN>;Pasar senaken, RT 0/RW 0;senaken rt 0 rw 0;139;47;sudirman senaken rt 0 rw 0 kbli47;4;0;1;0;Aktif;Senaken RT 0RW 0;P01;P01;;;DONE 01/02 - 8.07 PM
6828;55207998;AYAM HIDUP SUDIRMAN <SUDIRMAN>;Pasar senaken, RT 0/RW 0;6401040016;64;1;40;16;KALIMANTAN TIMUR;PASER;TANAH GROGOT;SENAKEN;eyJpdiI6ImVFbEZIekJIV1MzQ1dGbGJKWExsWnc9PSIsInZhbHVlIjoiNWtlNWtXbmcvUTdFVlFQT0RrOTJvZz09IiwibWFjIjoiZWI0MDk5NzMyYjFmYjhlNmY3MmNmN2VjZWJkOWEwZGJiMDEwYjJiM2RmNTY4NTI1ZWMzZTQ2MzFlMmEzZDRmZiIsInRhZyI6IiJ9;;[Kegiatan Usaha: Menjual ayam hidup di pasar, Kategori: G, KBLI: 01464];;;;UMKM;;-1.933935197;116.164607;invalid;;;FALSE;FALSE;TRUE;;;invalid;;;;;;ayam hidup sudirman sudirman;0.908858104;1;4;SUDIRMAN;Senaken, RT 0/RW 0;pasar senaken rt 0 rw 0;139;1;ayam hidup sudirman sudirman pasar senaken rt 0 rw 0 kbli01;1;0;1;1;Aktif;Pasar senaken RT 0RW 0;P01;P01;;1;DONE 01/02 - 8.07 PM
6857;55155462;GORENGAN HUSNIAH <HUSNIAH>;Pasar senaken blok A, RT 0/RW 0;6401040016;64;1;40;16;KALIMANTAN TIMUR;PASER;TANAH GROGOT;SENAKEN;eyJpdiI6IkMwbTJjNEl4Q3ZNOUxNbmo4ZE9CalE9PSIsInZhbHVlIjoiUjFpWGRTMkkza2c1N2hiZFl3ekk5dz09IiwibWFjIjoiYjI4NGY2OTc4MmJlMGEzODgwYmFjN2Q2YzM5YzExOWEyNTVlOGNkMmQ0MWNlMmQ4YzU0ZWVkMzczNjNmOGY5NyIsInRhZyI6IiJ9;;[Kegiatan Usaha: Menjual gorengan di lapak, Kategori: I, KBLI: 56104];;;;UMKM;;-1.933935197;116.164607;invalid;;;FALSE;FALSE;TRUE;;;invalid;;;;;;gorengan husniah husniah;0.867058065;1;1;gorengan nadin <HUSNIAH>;jln senaken , RT 3/RW 0;pasar senaken blok a rt 0 rw 0;141;56;gorengan husniah husniah pasar senaken blok a rt 0 rw 0 kbli56;4;0;1;1;Aktif;Pasar senaken blok A RT 0RW 0;P01;P01;;1;DONE 01/02 - 8.07 PM
6947;55153389;JAGUNG KARTINI <KARTINI>;Pasar senaken, RT 0/RW 0;6401040016;64;1;40;16;KALIMANTAN TIMUR;PASER;TANAH GROGOT;SENAKEN;eyJpdiI6ImlQMjRUWFlVZzRvU3JOL3F5NDFnZHc9PSIsInZhbHVlIjoicGhDbGUxajBFUnhtN3g4NHlSSVVSUT09IiwibWFjIjoiNmU4NDNkNzIwOTM5ZjdmMTcxMTAzOTg4NTdkNjE0YjRhMDBmMTY5ODkwOGQyOWMwODUzODk3ZDNjYjVmODVjZCIsInRhZyI6IiJ9;;[Kegiatan Usaha: Menjual buah jagung eceran di lapak pasar, Kategori: G, KBLI: 47211];;;;UMKM;;-1.85183932;116.239795;valid;;;FALSE;FALSE;TRUE;;;invalid;;;;;;jagung kartini kartini;0.850186634;1;1;TOKO KARTINI <KARTINI>;Pasar penyembolum senaken, RT 2/RW 0;pasar senaken rt 0 rw 0;143;47;jagung kartini kartini pasar senaken rt 0 rw 0 kbli47;4;0;1;1;Aktif;Pasar senaken RT 0RW 0;P01;P01;;1;DONE 01/02 - 8.07 PM
7012;55124613;SAYUR SUMIATI <SUMIATI>;Pasar senaken, RT 0/RW 0;6401040016;64;1;40;16;KALIMANTAN TIMUR;PASER;TANAH GROGOT;SENAKEN;eyJpdiI6IndNZjIwRFRVZGxpaVRjNU1WUWdwckE9PSIsInZhbHVlIjoidGlJWlFXM0tKT3FjWDV6MW5UMEREZz09IiwibWFjIjoiODMyMjJjZDdjYjI5NmU1NGQzNTc0ZTk1MTQwMTRlOWQyMWU2NTIwZWM4ODFhMTg4Yzg0ODlhNzQ0NWQ2MTkwNSIsInRhZyI6IiJ9;;[Kegiatan Usaha: Menjual sayur eceran di pasar, Kategori: G, KBLI: 47213];;;;UMKM;;-1.841701881;116.2424038;valid;;;FALSE;FALSE;TRUE;;;invalid;;;;;;sayur sumiati sumiati;0.893646955;1;1;JAGUNG SUMIATI <SUMIATI>;Pasar senaken, RT 0/RW 0;pasar senaken rt 0 rw 0;144;47;sayur sumiati sumiati pasar senaken rt 0 rw 0 kbli47;1;0;1;1;Aktif;Pasar senaken RT 0RW 0;P01;P01;;1;DONE 01/02 - 8.07 PM
7013;55100358;JAGUNG SUMIATI <SUMIATI>;Pasar senaken, RT 0/RW 0;6401040016;64;1;40;16;KALIMANTAN TIMUR;PASER;TANAH GROGOT;SENAKEN;eyJpdiI6IlNhR2dsRmJHdUJiZlZSUitvQXRnc3c9PSIsInZhbHVlIjoiK0xFdFRQQnR2U251YUR1UnNNS0g5QT09IiwibWFjIjoiMGI4OThkNDM4MGQ1NzgwZTliMTBjYmZhMGUxODAwZTkyNzA4MDA1ODUyNTNjZWE4NzJmMDE0MzA4YjFhM2M2OCIsInRhZyI6IiJ9;;[Kegiatan Usaha: Menjual jagung mentah eceran di pasar, Kategori: G, KBLI: 47211];;;;UMKM;;-1.84935344;116.2381785;valid;eyJpdiI6IlpSbFNENjltVERubFFGaVA1a0lDSlE9PSIsInZhbHVlIjoiQ2RJazdkbE9zMUF5SlovZENZMkMzZz09IiwibWFjIjoiZmYwNzE3OWIxNmU2MzUwYmFlM2RmNDlmODc3NDQzYTkyYmNjM2RkZjgxMzkzNzc1MGNlNjFmOGVlY2YzNmZhZiIsInRhZyI6IiJ9;1;TRUE;TRUE;FALSE;-1.84935344;116.2381785;valid;raka.prawira;;;;;jagung sumiati sumiati;0.893646955;1;4;SAYUR SUMIATI <SUMIATI>;Pasar senaken, RT 0/RW 0;pasar senaken rt 0 rw 0;144;47;jagung sumiati sumiati pasar senaken rt 0 rw 0 kbli47;4;0;1;1;Aktif;Pasar senaken RT 0RW 0;P01;P01;;1;DONE 01/02 - 8.07 PM
7051;55075421;IDAWATI;wilayah pasar senaken, RT 0/RW 0;6401040016;64;1;40;16;KALIMANTAN TIMUR;PASER;TANAH GROGOT;SENAKEN;eyJpdiI6ImZyRjdibFJ5UUt4U2NuL1hQUEtLYmc9PSIsInZhbHVlIjoiTTFRVlBVRG1vaVRjL2RjVVFNNFJCZz09IiwibWFjIjoiMTk5ZDJkYzI4OWIwMmYwNTAzODg2N2ZiMzNmMTU4YjJhMTExNWJkNzgxNTM5ZTVhNjZlNWQxNjE5YzNkMmMyMSIsInRhZyI6IiJ9;;[Kegiatan Usaha: menjual kopi keliling, Kategori: G, KBLI: 47222];;;;UMKM;;-1.933935197;116.164607;invalid;;;FALSE;FALSE;TRUE;;;invalid;;;;;;idawati;0.807985343;1;1;SENIWATI;wilayah pasar senaken, RT 0/RW 0;wilayah pasar senaken rt 0 rw 0;145;47;idawati wilayah pasar senaken rt 0 rw 0 kbli47;1;0;1;0;Aktif;wilayah pasar senaken RT 0RW 0;P01;P01;;1;DONE 01/02 - 8.07 PM
7055;55047473;SENIWATI;wilayah pasar senaken, RT 0/RW 0;6401040016;64;1;40;16;KALIMANTAN TIMUR;PASER;TANAH GROGOT;SENAKEN;eyJpdiI6InkyektXSVk5QnVIVnVpS3JQT0hINEE9PSIsInZhbHVlIjoiaGNlN3RJczVhSzJobUZXbGtGNzN2QT09IiwibWFjIjoiMGM1ZWE1MWRjNzkxNTY3YjA3YzdhZThjNmRjMTcxYWIxOGFlM2NhMzBjMzIzNThmYjY2NGFjYTRlNmYxNDdlYiIsInRhZyI6IiJ9;;[Kegiatan Usaha: menjual sembako, Kategori: G, KBLI: 47813];;;;UMKM;;-1.933935197;116.164607;invalid;;;FALSE;FALSE;TRUE;;;invalid;;;;;;seniwati;0.807985343;1;4;IDAWATI;wilayah pasar senaken, RT 0/RW 0;wilayah pasar senaken rt 0 rw 0;145;47;seniwati wilayah pasar senaken rt 0 rw 0 kbli47;4;0;1;0;Aktif;wilayah pasar senaken RT 0RW 0;P01;P01;;1;DONE 01/02 - 8.07 PM
7088;55103629;KHAIRUDIN;wil. pASAr senaken, RT 0/RW 0;6401040016;64;1;40;16;KALIMANTAN TIMUR;PASER;TANAH GROGOT;SENAKEN;eyJpdiI6Ikc0QmVwb1Z5NHJMWlNFektlOHNlNlE9PSIsInZhbHVlIjoiQkhnNHNLWW1yU2lFd21aUk1GOTE1QT09IiwibWFjIjoiYzNlM2IwOWE3MmZlNTgxYWI4MDIyMzc3ZTAzNzMxOThkNDkwNWNmYzM0MzVkMWUyNWRmNjNkY2UwZGM1ZTg3NCIsInRhZyI6IiJ9;;[Kegiatan Usaha: menjual sayur, Kategori: G, KBLI: 47813];;;;UMKM;;-1.933935197;116.164607;invalid;;;FALSE;FALSE;TRUE;;;invalid;;;;;;khairudin;0.835215867;1;1;KHAIRUDI;Pasar senaken, RT 0/RW 0;wil pasar senaken rt 0 rw 0;146;47;khairudin wil pasar senaken rt 0 rw 0 kbli47;1;0;1;0;Aktif;wil pASAr senaken RT 0RW 0;P01;P01;;1;DONE 01/02 - 8.07 PM
7121;55208983;KHAIRUDI;Pasar senaken, RT 0/RW 0;6401040016;64;1;40;16;KALIMANTAN TIMUR;PASER;TANAH GROGOT;SENAKEN;eyJpdiI6IjNqVmFublhKdFgyUHA3NzdmVS8wVmc9PSIsInZhbHVlIjoiM0plSmpTdUtSM052QVdLZ0JTY2pqQT09IiwibWFjIjoiMzc4ZDRmN2ExZGMzZTNmNWViYjY3M2ZkNTU0MWIzYTlkNGEyOWYwMjcxODA5YTQzYWMzZmFkNmIwOWM0OTgwMSIsInRhZyI6IiJ9;;[Kegiatan Usaha: Menjual Alat permainan dan maina anak, Kategori: G, KBLI: 47640];;;;UMKM;;-1.933935197;116.164607;invalid;;;FALSE;FALSE;TRUE;;;invalid;;;;;;khairudi;0.835215867;1;4;KHAIRUDIN;wil. pASAr senaken, RT 0/RW 0;pasar senaken rt 0 rw 0;146;47;khairudi pasar senaken rt 0 rw 0 kbli47;4;0;1;0;Aktif;Pasar senaken RT 0RW 0;P01;P01;;1;DONE 01/02 - 8.07 PM
7155;55124841;SEMBAKO MARIYANA <MARIYANA>;Pasar senaken, RT 0/RW 0;6401040016;64;1;40;16;KALIMANTAN TIMUR;PASER;TANAH GROGOT;SENAKEN;eyJpdiI6Ii8yZHkxYXJNRmx4TlF2b3BnYVpKSkE9PSIsInZhbHVlIjoiTDB2NlovTFFEbEhqQ3N5WjlQUUYxdz09IiwibWFjIjoiYzE3ODc2YjU1YzdiYTkwODU2M2Q3MjU5Njg0MDg1YjJiYzY0MGEzMmFkN2VjZjBlZDcyMzc4MzQ3MjA4ZGEyYSIsInRhZyI6IiJ9;;[Kegiatan Usaha: Menjual sembako eceran di lapak pasar, Kategori: G, KBLI: 47112];;;;UMKM;;-1.933935197;116.164607;invalid;;;FALSE;FALSE;TRUE;;;invalid;;;;;;sembako mariyana mariyana;0.918625746;1;1;MARIYANA;Pasar senaken, RT 0/RW 0;pasar senaken rt 0 rw 0;147;47;sembako mariyana mariyana pasar senaken rt 0 rw 0 kbli47;1;0;1;1;Aktif;Pasar senaken RT 0RW 0;P01;P01;;1;DONE 01/02 - 8.07 PM
7158;55100797;MARIYANA;Pasar senaken, RT 0/RW 0;6401040016;64;1;40;16;KALIMANTAN TIMUR;PASER;TANAH GROGOT;SENAKEN;eyJpdiI6InNON3gzWExQUGZCRit5ZG1uZUFlcEE9PSIsInZhbHVlIjoicUJmeFF3ZDVsSXVuOC9QVW1LOTBOUT09IiwibWFjIjoiNTAzZTc4NTIwNjdjOGQzYzJmZjcxNWFmNDI4MWZkZmFkYjlmZTFlY2MyY2Q4NmU1MTczNTk1YjA1OWJmNDlkOSIsInRhZyI6IiJ9;;[Kegiatan Usaha: menjual mainan, Kategori: G, KBLI: 47882];;;;UMKM;;-1.933935197;116.164607;invalid;;;FALSE;FALSE;TRUE;;;invalid;;;;;;mariyana;0.918625746;1;4;SEMBAKO MARIYANA <MARIYANA>;Pasar senaken, RT 0/RW 0;pasar senaken rt 0 rw 0;147;47;mariyana pasar senaken rt 0 rw 0 kbli47;4;0;1;0;Aktif;Pasar senaken RT 0RW 0;P01;P01;;1;DONE 01/02 - 8.07 PM
7204;55121329;AYAM SUNARTI <SUNARTI>;Pasar senaken, RT 0/RW 0;6401040016;64;1;40;16;KALIMANTAN TIMUR;PASER;TANAH GROGOT;SENAKEN;eyJpdiI6Ii9sSVR3eEo0NDk1SlNPSnhSRndLOUE9PSIsInZhbHVlIjoiN0tPL1RHRG1EcnBESlZaNlowUWtiZz09IiwibWFjIjoiODkxMDBiMDg5Y2Q2NTRmMmY0Y2EyYTYzZDk4ZjlkNTI2ZjQyNzQ2ZmUxNmY2YTJlMDY5ODQwMGI0NDU4OGFmMCIsInRhZyI6IiJ9;;[Kegiatan Usaha: Menjual ayam mentah di pasar, Kategori: G, KBLI: 47814];;;;UMKM;;-1.933935197;116.164607;invalid;;;FALSE;FALSE;TRUE;;;invalid;;;;;;ayam sunarti sunarti;0.909291201;1;1;TOKO NARTI <SUNARTI>;Pasar senaken, RT 2/RW 0;pasar senaken rt 0 rw 0;148;47;ayam sunarti sunarti pasar senaken rt 0 rw 0 kbli47;4;0;1;1;Aktif;Pasar senaken RT 0RW 0;P01;P01;;1;DONE 01/02 - 8.07 PM
7263;55074103;JUMADIL;Wil. Pasar senaken, RT 0/RW 0;6401040016;64;1;40;16;KALIMANTAN TIMUR;PASER;TANAH GROGOT;SENAKEN;eyJpdiI6ImxPWGVDUzJ0c2JVRVBZVlJISFNZMWc9PSIsInZhbHVlIjoidlo4akUxT2pDV2RGajBWL0U3Mzl2Zz09IiwibWFjIjoiYjU1YzFiNzU3MjkyOGEwZWUxOTAyZWE4NDkyMjU5ODRhMmNlODJhMDJjMGQ0YTEyY2QyMDE1YmM4MzE5ZjhjZSIsInRhZyI6IiJ9;;[Kegiatan Usaha: Menjual ikan basah, Kategori: G, KBLI: 47215];;;;UMKM;;-1.88312193;116.2103247;valid;;;FALSE;FALSE;TRUE;;;invalid;;;;;;jumadil;0.841232196;1;1;TOKO JUMADIL <JUMADIL>;Pasar penyembolum senaken, RT 2/RW 0;wil pasar senaken rt 0 rw 0;149;47;jumadil wil pasar senaken rt 0 rw 0 kbli47;1;0;1;0;Aktif;Wil Pasar senaken RT 0RW 0;P01;P01;;1;DONE 01/02 - 8.07 PM
7294;55236743;DARWIS MANGULING;wilayah pasar senaken, RT 0/RW 0;6401040016;64;1;40;16;KALIMANTAN TIMUR;PASER;TANAH GROGOT;SENAKEN;eyJpdiI6IkkycFc3SVltZHBrNmdtd0pRQ1ZvN0E9PSIsInZhbHVlIjoidlFZMkJRbGlrTDltSnNGeDJXS3JYZz09IiwibWFjIjoiMjgxNjBkMjkzYTUyOWIzOTI0MmQ5YzUyYzJmNjc1OTdhZjlmYTNmZTMzZjMxZmYwZTdkY2YzMzQ2YjIwZGU5NyIsInRhZyI6IiJ9;;[Kegiatan Usaha: menjual ikan basah, Kategori: G, KBLI: 47215];;;;UMKM;;-1.884048333;116.195415;valid;;;FALSE;FALSE;TRUE;;;invalid;;;;;;darwis manguling;0.89647485;1;1;ASDAR MANGULING;Wilayah pasar senaken, RT 0/RW 0;wilayah pasar senaken rt 0 rw 0;150;47;darwis manguling wilayah pasar senaken rt 0 rw 0 kbli47;1;0;1;0;Aktif;wilayah pasar senaken RT 0RW 0;P01;P01;;1;DONE 01/02 - 8.07 PM
7320;55069835;ASDAR MANGULING;Wilayah pasar senaken, RT 0/RW 0;6401040016;64;1;40;16;KALIMANTAN TIMUR;PASER;TANAH GROGOT;SENAKEN;eyJpdiI6IlQvTkJxcVhtUlBrUWFCUXE0d1F5U1E9PSIsInZhbHVlIjoiM3VHUWV2SWlMWWVwbGdnR05EQjMrQT09IiwibWFjIjoiYWVjZjYyYWM2NmYwNmM5YzM0NTQyNGJiM2Y5YWM3YTNhOGM0MTE4NTliOThkODlmN2VjNGU3NTA2YjQ4ZGFhOSIsInRhZyI6IiJ9;;[Kegiatan Usaha: Menjual ikan basah, Kategori: G, KBLI: 47215];;;;UMKM;;-1.933935197;116.164607;invalid;;;FALSE;FALSE;TRUE;;;invalid;;;;;;asdar manguling;0.89647485;1;4;DARWIS MANGULING;wilayah pasar senaken, RT 0/RW 0;wilayah pasar senaken rt 0 rw 0;150;47;asdar manguling wilayah pasar senaken rt 0 rw 0 kbli47;1;0;1;0;Aktif;Wilayah pasar senaken RT 0RW 0;P01;P01;;1;DONE 01/02 - 8.07 PM
7369;55070834;AANG CHUNAIFI;Wilayah pasaar senaken, RT 0/RW 0;6401040016;64;1;40;16;KALIMANTAN TIMUR;PASER;TANAH GROGOT;SENAKEN;eyJpdiI6IjBybkEwY1A4WllNNGs1SDAreU1mWXc9PSIsInZhbHVlIjoiVlRISE02QklUNTJLd1g2Z290SzFlQT09IiwibWFjIjoiOGExZWNiN2IzM2YzMjYzYjEzZmIwMzE5M2NiMGZhNDIyYzU2NWE1MWYzNWVkMDZmYjIwNzAwNmFlODZhMmQ0YiIsInRhZyI6IiJ9;;[Kegiatan Usaha: Sembako eceran, Kategori: G, KBLI: 47823];;;;UMKM;;-1.901600178;116.2086726;valid;;;FALSE;FALSE;TRUE;;;invalid;;;;;;aang chunaifi;0.831982519;1;1;MANCENG;Wilayah pasaar senaken, RT 0/RW 0;wilayah pasaar senaken rt 0 rw 0;151;47;aang chunaifi wilayah pasaar senaken rt 0 rw 0 kbli47;1;0;1;0;Aktif;Wilayah pasaar senaken RT 0RW 0;P01;P01;;;DONE 01/02 - 8.07 PM
7374;55098158;MANCENG;Wilayah pasaar senaken, RT 0/RW 0;6401040016;64;1;40;16;KALIMANTAN TIMUR;PASER;TANAH GROGOT;SENAKEN;eyJpdiI6Imc5NmJrd2g5MDFoMmhwQ3pGYnl3VVE9PSIsInZhbHVlIjoiQ3JHbFdxZUg0TXBUL3dtSjBSZERodz09IiwibWFjIjoiMmUxOTNmYjRjMTI3ODI1YTUyMWY4MTFmZGQ0ZTFlMGVmNmZiZjg0ZjMxNGRiMGJlM2ZkMDg3YmE5MTA3NTk2NiIsInRhZyI6IiJ9;;[Kegiatan Usaha: Menjual berbagai jenis ikan asin, Kategori: G, KBLI: 47245];;;;UMKM;;-1.905879626;116.1997167;valid;eyJpdiI6IlVOa3Z2N0lxVlNBbTdwN1BkdjBNdVE9PSIsInZhbHVlIjoiUGNkYjVGbVZ5TW5FeE8xQzNrcnBtUT09IiwibWFjIjoiNTMyNWFhYWY0YzA5NDczNjM1OWYzNzdlMGExOGE2NGRhNzg3OTQ5YWIxYTZiMDk5ZDNlM2EzOTdiODUzZDAzNCIsInRhZyI6IiJ9;1;TRUE;TRUE;FALSE;-1.905879626;116.1997167;valid;raka.prawira;;;;;manceng;0.831982519;1;4;AANG CHUNAIFI;Wilayah pasaar senaken, RT 0/RW 0;wilayah pasaar senaken rt 0 rw 0;151;47;manceng wilayah pasaar senaken rt 0 rw 0 kbli47;4;0;1;0;Aktif;Wilayah pasaar senaken RT 0RW 0;P01;P01;;;DONE 01/02 - 8.07 PM
7500;55073613;MIAN;wil. pasar senaken, RT 0/RW 0;6401040016;64;1;40;16;KALIMANTAN TIMUR;PASER;TANAH GROGOT;SENAKEN;eyJpdiI6ImduemdRVWNpQ0R6NjBsbnNGUlRXYUE9PSIsInZhbHVlIjoidE1IOUVKZEg1ZU1BL3J0WFU5b0RCdz09IiwibWFjIjoiNWVhZTk5NTU5ZjNkOGMwYzM3NDczZjYyNmM4MDI2NjU5N2Q0NzMzZTI1MDI0NTM5ZGY1OWFlMGU5YzJkM2U4ZSIsInRhZyI6IiJ9;;[Kegiatan Usaha: menjual sayur eceran, Kategori: G, KBLI: 47813];;;;UMKM;;-1.86077;116.212545;valid;eyJpdiI6Ilo0UWZJQlJqMDRzU3prWU9idmM1ekE9PSIsInZhbHVlIjoiRDJWcXpUWUZDUndRaG5DUWdJaEdzdz09IiwibWFjIjoiMTUwMWQ4ODE2Yjg0MDg3MDEwZDlkM2Y3NmM4ZmMxYzg4MDgxNjlmMTVjOTM3NmMwMWZjMjkxNTVlNjc4NjE1MiIsInRhZyI6IiJ9;1;FALSE;FALSE;FALSE;-1.86077;116.212545;valid;adib.tamtama;;;;;mian;0.815706933;1;1;ROY;wil.pasar senaken, RT 0/RW 0;wil pasar senaken rt 0 rw 0;154;47;mian wil pasar senaken rt 0 rw 0 kbli47;1;0;1;0;Aktif;wil pasar senaken RT 0RW 0;P01;P01;;1;DONE 01/02 - 8.07 PM
7514;55127536;ROY;wil.pasar senaken, RT 0/RW 0;6401040016;64;1;40;16;KALIMANTAN TIMUR;PASER;TANAH GROGOT;SENAKEN;eyJpdiI6Ik8xZ1BGeGxhZ1dmVTltaFpNbHI1OEE9PSIsInZhbHVlIjoiMTBaZU55MzNyOGhsc2lDeGwvZzZHZz09IiwibWFjIjoiZjcxYjE2NTMwZmE2MjJlNDlhZDQ3OWJmZDY4ZmNmNGRjYmUyMzUyYTgyOWI2NTIzNTM3NDM5ZjU1NzJmOGRhZCIsInRhZyI6IiJ9;;[Kegiatan Usaha: menjual eceran lemon dan jengkol di emperan, Kategori: G, KBLI: 47212];;;;UMKM;;-1.933935197;116.164607;invalid;;;FALSE;FALSE;TRUE;;;invalid;;;;;;roy;0.815706933;1;4;MIAN;wil. pasar senaken, RT 0/RW 0;wil pasar senaken rt 0 rw 0;154;47;roy wil pasar senaken rt 0 rw 0 kbli47;4;0;1;0;Aktif;wilpasar senaken RT 0RW 0;P01;P01;;1;DONE 01/02 - 8.07 PM
7603;55208684;MARHAMAH;wilayah pasar senaken, RT 0/RW 0;6401040016;64;1;40;16;KALIMANTAN TIMUR;PASER;TANAH GROGOT;SENAKEN;eyJpdiI6IjdNOEhhV3ErRnBkYmV0Rk92VnFWVHc9PSIsInZhbHVlIjoiaWJnTU1VU1NwamZLV2psa00zS21Rdz09IiwibWFjIjoiOTc3ZTMzY2JkNDNiNTkwNmMzOTQwN2I1OGM0NzcwMjNkMGFkYTRlNmQyZGU2YWQwOTBlNDEyMTMyOTk0MjgwMSIsInRhZyI6IiJ9;;[Kegiatan Usaha: menjual rempah-rempah, Kategori: G, KBLI: 47219];;;;UMKM;;-1.84858192;116.2364528;valid;eyJpdiI6Ijc2U3NGeC9iZFE4UW4wWisrak0vNWc9PSIsInZhbHVlIjoiUDB6SEhheE9NaTBJQk1Yd0lVczRkdz09IiwibWFjIjoiYjZiMjc1YjJmYTFjOTJhNjU0ZjMzMzU1N2Q0YTUyZDlkY2EyOWFkYzA0ODQ3NmI3ZDExNGZmMWQxMzI5ODA2MyIsInRhZyI6IiJ9;1;TRUE;TRUE;FALSE;-1.84858192;116.2364528;valid;raka.prawira;;;;;marhamah;1;1;4;MARHAMAH;wilayah pasar senaken, RT 0/RW 0;wilayah pasar senaken rt 0 rw 0;157;47;marhamah wilayah pasar senaken rt 0 rw 0 kbli47;1;0;1;0;Aktif;wilayah pasar senaken RT 0RW 0;P01;P01;;1;DONE 01/02 - 8.07 PM
7650;55152614;SAPARUDDIN SEMBAKO <SAPARUDDIN>;Pasar senaken blok A, RT 0/RW 0;6401040016;64;1;40;16;KALIMANTAN TIMUR;PASER;TANAH GROGOT;SENAKEN;eyJpdiI6IkVmRmh4QTBTUE1CR01mdkJOTFJObnc9PSIsInZhbHVlIjoiNStnalFmWU90c3ZiS1duejFBblhHdz09IiwibWFjIjoiZWZlMTg1ZjJhMGJjMzc1N2FkNzVlZTE2ZGRjNGM4YWQyM2YyZDllZTVkYjNjZjU1NjU2N2VkOGMyMmNjMGJhMCIsInRhZyI6IiJ9;;[Kegiatan Usaha: Menjual sembako di los pasar, Kategori: G, KBLI: 47241];;;;UMKM;;-1.901073474;116.2070125;valid;eyJpdiI6ImdxblhGVCtJcXcyb3ZoN3MreUIzYlE9PSIsInZhbHVlIjoiUldMNy9ybHNvcndlb0NVYU9ickZSdz09IiwibWFjIjoiMTY0MWNkMDFlZmRhYzdjZGI4YWQ4YzVhNTU3OTE2ODBiOTAzZTNkOWIxOGQ4ZjNhOTcyNmQ0ZWI5YjQ4YmYyYiIsInRhZyI6IiJ9;1;TRUE;TRUE;FALSE;-1.901073474;116.2070125;valid;raka.prawira;;;;;saparuddin sembako saparuddin;0.897004298;1;1;TOKO DAGING SAPARUDDIN <SAPARUDDIN>;Pasar senaken, RT 2/RW 0;pasar senaken blok a rt 0 rw 0;158;47;saparuddin sembako saparuddin pasar senaken blok a rt 0 rw 0 kbli47;1;0;1;1;Aktif;Pasar senaken blok A RT 0RW 0;P01;P01;;1;DONE 01/02 - 8.07 PM
7744;55264657;HERIYANTI;Wil. Pasar senaken, RT 0/RW 0;6401040016;64;1;40;16;KALIMANTAN TIMUR;PASER;TANAH GROGOT;SENAKEN;eyJpdiI6IlNHelovUnN3VFhyRkdoNzAzczY0ZkE9PSIsInZhbHVlIjoiU1BoK0xqWHlySzdaVndZUjhLQmIyQT09IiwibWFjIjoiZDY3MTIwNzQyYmNjNjNiM2JkNTE1YzIzN2RlNjU3ZmEzYWMxMmRmMmVlMTczN2VmYjI1OGMwNGFjODBkZjI4ZCIsInRhZyI6IiJ9;;[Kegiatan Usaha: Menjual daging ayam, Kategori: G, KBLI: 47214];;;;UMKM;;-1.931473333;116.2051883;valid;eyJpdiI6IlBrU1JkM0RDZUk5amZVV0JrYlhpYUE9PSIsInZhbHVlIjoiS3BNRS83QlBBNHUxVjJURXpuVTFrdz09IiwibWFjIjoiMmI3YjQ5MzkxNWI1MzU5ZDZkMjI0ZDA0OTdjNmMzZGE0YjFmZjBjNzk5ZTM0ODA3ZWYzMWM3ZTViODhiNjZhMSIsInRhZyI6IiJ9;1;TRUE;TRUE;FALSE;-1.931473333;116.2051883;valid;raka.prawira;;;;;heriyanti;0.956232591;1;1;TOKO HERIYANTI <HERIYANTI>;Pasar senaken, RT 2/RW 0;wil pasar senaken rt 0 rw 0;160;47;heriyanti wil pasar senaken rt 0 rw 0 kbli47;4;0;1;0;Aktif;Wil Pasar senaken RT 0RW 0;P01;P01;;1;DONE 01/02 - 8.07 PM
16179;55044181;AMIRUDIN;Pasar senaken, RT 0/RW 0;6401040004;64;1;40;4;KALIMANTAN TIMUR;PASER;TANAH GROGOT;TANAH GROGOT;eyJpdiI6Ik9kbk5uS1V5ZE9DTDNGTnBOZnNMYWc9PSIsInZhbHVlIjoiZmp0OFlWcTBkQXZDN09rSUtIYUxDZz09IiwibWFjIjoiNzk2ZDY5NWFlNzE2YzA0YWEzNzAwZTMxNWJjZTYwY2M1ZWM3OGYyNzcwNWI0MjUwNmMzY2FhNDYxMjkyYmVjMiIsInRhZyI6IiJ9;;[Kegiatan Usaha: Sembako eceran, Kategori: G, KBLI: 47823];;;;UMKM;;-1.933935197;116.164607;invalid;;;FALSE;FALSE;TRUE;;;invalid;;;;;;amirudin;0.870844412;1;1;TOKO H. UDIN <M. NASRUDIN>;Pasar senaken, RT 2/RW 0;pasar senaken rt 0 rw 0;851;47;amirudin pasar senaken rt 0 rw 0 kbli47;1;0;1;0;Aktif;Pasar senaken RT 0RW 0;P01;P01;;1;DONE 01/02 - 8.07 PM
