idsubsls;idsls;kdprov;kdkab;kdkec;kddesa;kdsls;kdsubsls;nmprov;nmkab;nmkec;nmdesa;nmsls;centroid_y;centroid_x
6401010009000100;64010100090001;64;1;010;009;0001;0;KALIMANTAN TIMUR;PASER;BATU SOPANG;SAMURANGAU;RT 001;-1.87998;115.890731
6401010009000200;64010100090002;64;1;010;009;0002;0;KALIMANTAN TIMUR;PASER;BATU SOPANG;SAMURANGAU;RT 002;-1.90309;115.891495
6401010009000300;64010100090003;64;1;010;009;0003;0;KALIMANTAN TIMUR;PASER;BATU SOPANG;SAMURANGAU;RT 003;-1.92847;115.871828
6401010010000100;64010100100001;64;1;010;010;0001;0;KALIMANTAN TIMUR;PASER;BATU SOPANG;BUSUI;RT 001;-1.79118;115.868303
6401010010000200;64010100100002;64;1;010;010;0002;0;KALIMANTAN TIMUR;PASER;BATU SOPANG;BUSUI;RT 002;-1.75638;115.86452
6401010010000300;64010100100003;64;1;010;010;0003;0;KALIMANTAN TIMUR;PASER;BATU SOPANG;BUSUI;RT 003;-1.73064;115.827309
6401010010000400;64010100100004;64;1;010;010;0004;0;KALIMANTAN TIMUR;PASER;BATU SOPANG;BUSUI;RT 004;-1.7363;115.822407
6401010010000500;64010100100005;64;1;010;010;0005;0;KALIMANTAN TIMUR;PASER;BATU SOPANG;BUSUI;RT 005;-1.71906;115.878188
6401010010000600;64010100100006;64;1;010;010;0006;0;KALIMANTAN TIMUR;PASER;BATU SOPANG;BUSUI;RT 006;-1.86348;115.77876
6401010011000100;64010100110001;64;1;010;011;0001;0;KALIMANTAN TIMUR;PASER;BATU SOPANG;BATU KAJANG;RT 001;-1.82229;115.934275
6401010011000200;64010100110002;64;1;010;011;0002;0;KALIMANTAN TIMUR;PASER;BATU SOPANG;BATU KAJANG;RT 002;-1.82383;115.927529
6401010011000300;64010100110003;64;1;010;011;0003;0;KALIMANTAN TIMUR;PASER;BATU SOPANG;BATU KAJANG;RT 003;-1.82281;115.925005
6401010011000400;64010100110004;64;1;010;011;0004;0;KALIMANTAN TIMUR;PASER;BATU SOPANG;BATU KAJANG;RT 004;-1.83122;115.930144
6401010011000500;64010100110005;64;1;010;011;0005;0;KALIMANTAN TIMUR;PASER;BATU SOPANG;BATU KAJANG;RT 005;-1.83225;115.937625
6401010011000600;64010100110006;64;1;010;011;0006;0;KALIMANTAN TIMUR;PASER;BATU SOPANG;BATU KAJANG;RT 006;-1.83294;115.932091
6401010011000701;64010100110007;64;1;010;011;0007;1;KALIMANTAN TIMUR;PASER;BATU SOPANG;BATU KAJANG;RT 007;-1.83244;115.929144
6401010011000702;64010100110007;64;1;010;011;0007;2;KALIMANTAN TIMUR;PASER;BATU SOPANG;BATU KAJANG;RT 007;-1.82897;115.928282
6401010011000800;64010100110008;64;1;010;011;0008;0;KALIMANTAN TIMUR;PASER;BATU SOPANG;BATU KAJANG;RT 008;-1.82971;115.927678
6401010011000901;64010100110009;64;1;010;011;0009;1;KALIMANTAN TIMUR;PASER;BATU SOPANG;BATU KAJANG;RT 009;-1.83223;115.927412
6401010011000902;64010100110009;64;1;010;011;0009;2;KALIMANTAN TIMUR;PASER;BATU SOPANG;BATU KAJANG;RT 009;-1.82968;115.926573
6401010011001001;64010100110010;64;1;010;011;0010;1;KALIMANTAN TIMUR;PASER;BATU SOPANG;BATU KAJANG;RT 010;-1.83839;115.923679
6401010011001002;64010100110010;64;1;010;011;0010;2;KALIMANTAN TIMUR;PASER;BATU SOPANG;BATU KAJANG;RT 010;-1.83536;115.926102
6401010011001101;64010100110011;64;1;010;011;0011;1;KALIMANTAN TIMUR;PASER;BATU SOPANG;BATU KAJANG;RT 011;-1.8347;115.926072
6401010011001102;64010100110011;64;1;010;011;0011;2;KALIMANTAN TIMUR;PASER;BATU SOPANG;BATU KAJANG;RT 011;-1.83453;115.92652
6401010011001103;64010100110011;64;1;010;011;0011;3;KALIMANTAN TIMUR;PASER;BATU SOPANG;BATU KAJANG;RT 011;-1.83389;115.92534
6401010011001201;64010100110012;64;1;010;011;0012;1;KALIMANTAN TIMUR;PASER;BATU SOPANG;BATU KAJANG;RT 012;-1.833;115.926866
6401010011001202;64010100110012;64;1;010;011;0012;2;KALIMANTAN TIMUR;PASER;BATU SOPANG;BATU KAJANG;RT 012;-1.8333;115.926125
6401010011001301;64010100110013;64;1;010;011;0013;1;KALIMANTAN TIMUR;PASER;BATU SOPANG;BATU KAJANG;RT 013;-1.83776;115.926887
6401010011001302;64010100110013;64;1;010;011;0013;2;KALIMANTAN TIMUR;PASER;BATU SOPANG;BATU KAJANG;RT 013;-1.83873;115.926901
6401010011001303;64010100110013;64;1;010;011;0013;3;KALIMANTAN TIMUR;PASER;BATU SOPANG;BATU KAJANG;RT 013;-1.83565;115.928659
6401010011001304;64010100110013;64;1;010;011;0013;4;KALIMANTAN TIMUR;PASER;BATU SOPANG;BATU KAJANG;RT 013;-1.83474;115.928722
6401010011001305;64010100110013;64;1;010;011;0013;5;KALIMANTAN TIMUR;PASER;BATU SOPANG;BATU KAJANG;RT 013;-1.83546;115.927554
6401010011001306;64010100110013;64;1;010;011;0013;6;KALIMANTAN TIMUR;PASER;BATU SOPANG;BATU KAJANG;RT 013;-1.83349;115.9295
6401010011001401;64010100110014;64;1;010;011;0014;1;KALIMANTAN TIMUR;PASER;BATU SOPANG;BATU KAJANG;RT 014;-1.83795;115.928459
6401010011001402;64010100110014;64;1;010;011;0014;2;KALIMANTAN TIMUR;PASER;BATU SOPANG;BATU KAJANG;RT 014;-1.8372;115.929579
6401010011001403;64010100110014;64;1;010;011;0014;3;KALIMANTAN TIMUR;PASER;BATU SOPANG;BATU KAJANG;RT 014;-1.83627;115.928959
6401010011001501;64010100110015;64;1;010;011;0015;1;KALIMANTAN TIMUR;PASER;BATU SOPANG;BATU KAJANG;RT 015;-1.83547;115.935063
6401010011001502;64010100110015;64;1;010;011;0015;2;KALIMANTAN TIMUR;PASER;BATU SOPANG;BATU KAJANG;RT 015;-1.83449;115.930734
6401010011001503;64010100110015;64;1;010;011;0015;3;KALIMANTAN TIMUR;PASER;BATU SOPANG;BATU KAJANG;RT 015;-1.83638;115.931012
6401010011001601;64010100110016;64;1;010;011;0016;1;KALIMANTAN TIMUR;PASER;BATU SOPANG;BATU KAJANG;RT 016;-1.84012;115.936912
6401010011001602;64010100110016;64;1;010;011;0016;2;KALIMANTAN TIMUR;PASER;BATU SOPANG;BATU KAJANG;RT 016;-1.83851;115.930747
6401010011001603;64010100110016;64;1;010;011;0016;3;KALIMANTAN TIMUR;PASER;BATU SOPANG;BATU KAJANG;RT 016;-1.83979;115.928279
6401010011001701;64010100110017;64;1;010;011;0017;1;KALIMANTAN TIMUR;PASER;BATU SOPANG;BATU KAJANG;RT 017;-1.84939;115.938747
6401010011001702;64010100110017;64;1;010;011;0017;2;KALIMANTAN TIMUR;PASER;BATU SOPANG;BATU KAJANG;RT 017;-1.84742;115.927251
6401010011001801;64010100110018;64;1;010;011;0018;1;KALIMANTAN TIMUR;PASER;BATU SOPANG;BATU KAJANG;RT 018;-1.8498;115.915237
6401010011001802;64010100110018;64;1;010;011;0018;2;KALIMANTAN TIMUR;PASER;BATU SOPANG;BATU KAJANG;RT 018;-1.83283;115.919606
6401010011001901;64010100110019;64;1;010;011;0019;1;KALIMANTAN TIMUR;PASER;BATU SOPANG;BATU KAJANG;RT 019;-1.83095;115.92439
6401010011001902;64010100110019;64;1;010;011;0019;2;KALIMANTAN TIMUR;PASER;BATU SOPANG;BATU KAJANG;RT 019;-1.82983;115.923192
6401010011001903;64010100110019;64;1;010;011;0019;3;KALIMANTAN TIMUR;PASER;BATU SOPANG;BATU KAJANG;RT 019;-1.83056;115.922547
6401010011002000;64010100110020;64;1;010;011;0020;0;KALIMANTAN TIMUR;PASER;BATU SOPANG;BATU KAJANG;RT 020;-1.82809;115.925137
6401010011002101;64010100110021;64;1;010;011;0021;1;KALIMANTAN TIMUR;PASER;BATU SOPANG;BATU KAJANG;RT 021;-1.82798;115.920863
6401010011002102;64010100110021;64;1;010;011;0021;2;KALIMANTAN TIMUR;PASER;BATU SOPANG;BATU KAJANG;RT 021;-1.82949;115.921793
6401010011002103;64010100110021;64;1;010;011;0021;3;KALIMANTAN TIMUR;PASER;BATU SOPANG;BATU KAJANG;RT 021;-1.82596;115.923429
6401010011002201;64010100110022;64;1;010;011;0022;1;KALIMANTAN TIMUR;PASER;BATU SOPANG;BATU KAJANG;RT 022;-1.82575;115.918177
6401010011002202;64010100110022;64;1;010;011;0022;2;KALIMANTAN TIMUR;PASER;BATU SOPANG;BATU KAJANG;RT 022;-1.82435;115.921421
6401010011002203;64010100110022;64;1;010;011;0022;3;KALIMANTAN TIMUR;PASER;BATU SOPANG;BATU KAJANG;RT 022;-1.82369;115.919817
6401010011002301;64010100110023;64;1;010;011;0023;1;KALIMANTAN TIMUR;PASER;BATU SOPANG;BATU KAJANG;RT 023;-1.82445;115.914728
6401010011002302;64010100110023;64;1;010;011;0023;2;KALIMANTAN TIMUR;PASER;BATU SOPANG;BATU KAJANG;RT 023;-1.82365;115.916309
6401010011002303;64010100110023;64;1;010;011;0023;3;KALIMANTAN TIMUR;PASER;BATU SOPANG;BATU KAJANG;RT 023;-1.82165;115.919247
6401010011002304;64010100110023;64;1;010;011;0023;4;KALIMANTAN TIMUR;PASER;BATU SOPANG;BATU KAJANG;RT 023;-1.82162;115.916003
6401010011002401;64010100110024;64;1;010;011;0024;1;KALIMANTAN TIMUR;PASER;BATU SOPANG;BATU KAJANG;RT 024;-1.82326;115.904484
6401010011002402;64010100110024;64;1;010;011;0024;2;KALIMANTAN TIMUR;PASER;BATU SOPANG;BATU KAJANG;RT 024;-1.82288;115.905499
6401010011002403;64010100110024;64;1;010;011;0024;3;KALIMANTAN TIMUR;PASER;BATU SOPANG;BATU KAJANG;RT 024;-1.82135;115.90856
6401010011002404;64010100110024;64;1;010;011;0024;4;KALIMANTAN TIMUR;PASER;BATU SOPANG;BATU KAJANG;RT 024;-1.82251;115.909605
6401010011002405;64010100110024;64;1;010;011;0024;5;KALIMANTAN TIMUR;PASER;BATU SOPANG;BATU KAJANG;RT 024;-1.82269;115.911852
6401010011002406;64010100110024;64;1;010;011;0024;6;KALIMANTAN TIMUR;PASER;BATU SOPANG;BATU KAJANG;RT 024;-1.82396;115.912431
6401010011002407;64010100110024;64;1;010;011;0024;7;KALIMANTAN TIMUR;PASER;BATU SOPANG;BATU KAJANG;RT 024;-1.82112;115.913606
6401010011002408;64010100110024;64;1;010;011;0024;8;KALIMANTAN TIMUR;PASER;BATU SOPANG;BATU KAJANG;RT 024;-1.81987;115.911548
6401010011002501;64010100110025;64;1;010;011;0025;1;KALIMANTAN TIMUR;PASER;BATU SOPANG;BATU KAJANG;RT 025;-1.83984;115.894919
6401010011002502;64010100110025;64;1;010;011;0025;2;KALIMANTAN TIMUR;PASER;BATU SOPANG;BATU KAJANG;RT 025;-1.83031;115.898798
6401010011002503;64010100110025;64;1;010;011;0025;3;KALIMANTAN TIMUR;PASER;BATU SOPANG;BATU KAJANG;RT 025;-1.82706;115.900148
6401010011002504;64010100110025;64;1;010;011;0025;4;KALIMANTAN TIMUR;PASER;BATU SOPANG;BATU KAJANG;RT 025;-1.8248;115.901675
6401010011002505;64010100110025;64;1;010;011;0025;5;KALIMANTAN TIMUR;PASER;BATU SOPANG;BATU KAJANG;RT 025;-1.82196;115.904145
6401010011002506;64010100110025;64;1;010;011;0025;6;KALIMANTAN TIMUR;PASER;BATU SOPANG;BATU KAJANG;RT 025;-1.8199;115.904688
6401010011002507;64010100110025;64;1;010;011;0025;7;KALIMANTAN TIMUR;PASER;BATU SOPANG;BATU KAJANG;RT 025;-1.81843;115.905036
6401010011002508;64010100110025;64;1;010;011;0025;8;KALIMANTAN TIMUR;PASER;BATU SOPANG;BATU KAJANG;RT 025;-1.81807;115.907108
6401010011002509;64010100110025;64;1;010;011;0025;9;KALIMANTAN TIMUR;PASER;BATU SOPANG;BATU KAJANG;RT 025;-1.817;115.907802
6401010011002510;64010100110025;64;1;010;011;0025;10;KALIMANTAN TIMUR;PASER;BATU SOPANG;BATU KAJANG;RT 025;-1.81417;115.904631
6401010011002511;64010100110025;64;1;010;011;0025;11;KALIMANTAN TIMUR;PASER;BATU SOPANG;BATU KAJANG;RT 025;-1.81885;115.908537
6401010011002512;64010100110025;64;1;010;011;0025;12;KALIMANTAN TIMUR;PASER;BATU SOPANG;BATU KAJANG;RT 025;-1.81976;115.907544
6401010011002601;64010100110026;64;1;010;011;0026;1;KALIMANTAN TIMUR;PASER;BATU SOPANG;BATU KAJANG;RT 026;-1.81798;115.910305
6401010011002602;64010100110026;64;1;010;011;0026;2;KALIMANTAN TIMUR;PASER;BATU SOPANG;BATU KAJANG;RT 026;-1.81741;115.912499
6401010011002603;64010100110026;64;1;010;011;0026;3;KALIMANTAN TIMUR;PASER;BATU SOPANG;BATU KAJANG;RT 026;-1.81673;115.910767
6401010011002604;64010100110026;64;1;010;011;0026;4;KALIMANTAN TIMUR;PASER;BATU SOPANG;BATU KAJANG;RT 026;-1.81608;115.908817
6401010011002605;64010100110026;64;1;010;011;0026;5;KALIMANTAN TIMUR;PASER;BATU SOPANG;BATU KAJANG;RT 026;-1.81524;115.908797
6401010011002701;64010100110027;64;1;010;011;0027;1;KALIMANTAN TIMUR;PASER;BATU SOPANG;BATU KAJANG;RT 027;-1.81886;115.912861
6401010011002702;64010100110027;64;1;010;011;0027;2;KALIMANTAN TIMUR;PASER;BATU SOPANG;BATU KAJANG;RT 027;-1.81565;115.912623
6401010011002800;64010100110028;64;1;010;011;0028;0;KALIMANTAN TIMUR;PASER;BATU SOPANG;BATU KAJANG;RT 028;-1.81947;115.914908
6401010011002900;64010100110029;64;1;010;011;0029;0;KALIMANTAN TIMUR;PASER;BATU SOPANG;BATU KAJANG;RT 029;-1.81825;115.900757
6401010011003001;64010100110030;64;1;010;011;0030;1;KALIMANTAN TIMUR;PASER;BATU SOPANG;BATU KAJANG;RT 030;-1.84001;115.901907
6401010011003002;64010100110030;64;1;010;011;0030;2;KALIMANTAN TIMUR;PASER;BATU SOPANG;BATU KAJANG;RT 030;-1.82703;115.909367
6401010011003003;64010100110030;64;1;010;011;0030;3;KALIMANTAN TIMUR;PASER;BATU SOPANG;BATU KAJANG;RT 030;-1.8239;115.905699
6401010011003004;64010100110030;64;1;010;011;0030;4;KALIMANTAN TIMUR;PASER;BATU SOPANG;BATU KAJANG;RT 030;-1.82506;115.90424
6401010011003005;64010100110030;64;1;010;011;0030;5;KALIMANTAN TIMUR;PASER;BATU SOPANG;BATU KAJANG;RT 030;-1.82709;115.90381
6401010011003101;64010100110031;64;1;010;011;0031;1;KALIMANTAN TIMUR;PASER;BATU SOPANG;BATU KAJANG;RT 031;-1.84451;115.906561
6401010011003102;64010100110031;64;1;010;011;0031;2;KALIMANTAN TIMUR;PASER;BATU SOPANG;BATU KAJANG;RT 031;-1.83015;115.91959
6401010012000100;64010100120001;64;1;010;012;0001;0;KALIMANTAN TIMUR;PASER;BATU SOPANG;LEGAI;RT 001;-1.86978;115.950036
6401010012000200;64010100120002;64;1;010;012;0002;0;KALIMANTAN TIMUR;PASER;BATU SOPANG;LEGAI;RT 002;-1.88694;115.965146
6401010012000300;64010100120003;64;1;010;012;0003;0;KALIMANTAN TIMUR;PASER;BATU SOPANG;LEGAI;RT 003;-1.85083;115.983229
6401010012000400;64010100120004;64;1;010;012;0004;0;KALIMANTAN TIMUR;PASER;BATU SOPANG;LEGAI;RT 004;-1.8751;115.951113
6401010012000500;64010100120005;64;1;010;012;0005;0;KALIMANTAN TIMUR;PASER;BATU SOPANG;LEGAI;RT 005;-1.8636;115.953875
6401010013000100;64010100130001;64;1;010;013;0001;0;KALIMANTAN TIMUR;PASER;BATU SOPANG;SUNGAI TERIK;RT 001;-1.80315;115.96504
6401010013000200;64010100130002;64;1;010;013;0002;0;KALIMANTAN TIMUR;PASER;BATU SOPANG;SUNGAI TERIK;RT 002;-1.83849;115.947154
6401010013000300;64010100130003;64;1;010;013;0003;0;KALIMANTAN TIMUR;PASER;BATU SOPANG;SUNGAI TERIK;RT 003;-1.84279;115.949391
6401010013000400;64010100130004;64;1;010;013;0004;0;KALIMANTAN TIMUR;PASER;BATU SOPANG;SUNGAI TERIK;RT 004;-1.82321;115.980246
6401010013000500;64010100130005;64;1;010;013;0005;0;KALIMANTAN TIMUR;PASER;BATU SOPANG;SUNGAI TERIK;RT 005;-1.82105;115.984635
6401010013000600;64010100130006;64;1;010;013;0006;0;KALIMANTAN TIMUR;PASER;BATU SOPANG;SUNGAI TERIK;RT 006;-1.81958;115.989609
6401010013000700;64010100130007;64;1;010;013;0007;0;KALIMANTAN TIMUR;PASER;BATU SOPANG;SUNGAI TERIK;RT 007;-1.79539;116.017826
6401010013000800;64010100130008;64;1;010;013;0008;0;KALIMANTAN TIMUR;PASER;BATU SOPANG;SUNGAI TERIK;RT 008;-1.8372;115.951572
6401010013000900;64010100130009;64;1;010;013;0009;0;KALIMANTAN TIMUR;PASER;BATU SOPANG;SUNGAI TERIK;RT 009;-1.82576;115.973917
6401010013001000;64010100130010;64;1;010;013;0010;0;KALIMANTAN TIMUR;PASER;BATU SOPANG;SUNGAI TERIK;RT 010;-1.84697;115.962659
6401010014000100;64010100140001;64;1;010;014;0001;0;KALIMANTAN TIMUR;PASER;BATU SOPANG;KASUNGAI;RT 001;-1.7952;115.923149
6401010014000200;64010100140002;64;1;010;014;0002;0;KALIMANTAN TIMUR;PASER;BATU SOPANG;KASUNGAI;RT 002;-1.80739;115.924277
6401010014000300;64010100140003;64;1;010;014;0003;0;KALIMANTAN TIMUR;PASER;BATU SOPANG;KASUNGAI;RT 003;-1.81169;115.928572
6401010015000100;64010100150001;64;1;010;015;0001;0;KALIMANTAN TIMUR;PASER;BATU SOPANG;RANTAU BUTA;RT 001;-1.72158;115.978274
6401010016000100;64010100160001;64;1;010;016;0001;0;KALIMANTAN TIMUR;PASER;BATU SOPANG;RANTAU LAYUNG;RT 001;-1.52367;116.01387
6401010016000200;64010100160002;64;1;010;016;0002;0;KALIMANTAN TIMUR;PASER;BATU SOPANG;RANTAU LAYUNG;RT 002;-1.63806;115.962779
6401010017000100;64010100170001;64;1;010;017;0001;0;KALIMANTAN TIMUR;PASER;BATU SOPANG;SONGKA;RT 001;-1.83098;115.850038
6401010017000200;64010100170002;64;1;010;017;0002;0;KALIMANTAN TIMUR;PASER;BATU SOPANG;SONGKA;RT 002;-1.83329;115.8671
6401010017000300;64010100170003;64;1;010;017;0003;0;KALIMANTAN TIMUR;PASER;BATU SOPANG;SONGKA;RT 003;-1.83503;115.87664
6401010017000400;64010100170004;64;1;010;017;0004;0;KALIMANTAN TIMUR;PASER;BATU SOPANG;SONGKA;RT 004;-1.83123;115.88745
6401010017000500;64010100170005;64;1;010;017;0005;0;KALIMANTAN TIMUR;PASER;BATU SOPANG;SONGKA;RT 005;-1.82354;115.896077
6401010017000601;64010100170006;64;1;010;017;0006;1;KALIMANTAN TIMUR;PASER;BATU SOPANG;SONGKA;RT 006;-1.82024;115.896238
6401010017000602;64010100170006;64;1;010;017;0006;2;KALIMANTAN TIMUR;PASER;BATU SOPANG;SONGKA;RT 006;-1.81533;115.892979
6401010017000700;64010100170007;64;1;010;017;0007;0;KALIMANTAN TIMUR;PASER;BATU SOPANG;SONGKA;RT 007;-1.81624;115.896791
6401010017000801;64010100170008;64;1;010;017;0008;1;KALIMANTAN TIMUR;PASER;BATU SOPANG;SONGKA;RT 008;-1.81725;115.889973
6401010017000802;64010100170008;64;1;010;017;0008;2;KALIMANTAN TIMUR;PASER;BATU SOPANG;SONGKA;RT 008;-1.81989;115.893484
6401010017000901;64010100170009;64;1;010;017;0009;1;KALIMANTAN TIMUR;PASER;BATU SOPANG;SONGKA;RT 009;-1.82222;115.889596
6401010017000902;64010100170009;64;1;010;017;0009;2;KALIMANTAN TIMUR;PASER;BATU SOPANG;SONGKA;RT 009;-1.82189;115.890445
6401011001000100;64010110010001;64;1;011;001;0001;0;KALIMANTAN TIMUR;PASER;MUARA SAMU;TANJUNG PINANG;RT 001;-2.15821;115.92695
6401011001000201;64010110010002;64;1;011;001;0002;1;KALIMANTAN TIMUR;PASER;MUARA SAMU;TANJUNG PINANG;RT 002;-2.22058;115.873675
6401011001000202;64010110010002;64;1;011;001;0002;2;KALIMANTAN TIMUR;PASER;MUARA SAMU;TANJUNG PINANG;RT 002;-2.19878;115.951957
6401011002000100;64010110020001;64;1;011;002;0001;0;KALIMANTAN TIMUR;PASER;MUARA SAMU;RANTAU ATAS;RT 001;-2.18033;115.858956
6401011002000200;64010110020002;64;1;011;002;0002;0;KALIMANTAN TIMUR;PASER;MUARA SAMU;RANTAU ATAS;RT 002;-2.14944;115.847677
6401011002000300;64010110020003;64;1;011;002;0003;0;KALIMANTAN TIMUR;PASER;MUARA SAMU;RANTAU ATAS;RT 003;-2.13009;115.999915
6401011002000400;64010110020004;64;1;011;002;0004;0;KALIMANTAN TIMUR;PASER;MUARA SAMU;RANTAU ATAS;RT 004;-2.13872;115.970166
6401011002000500;64010110020005;64;1;011;002;0005;0;KALIMANTAN TIMUR;PASER;MUARA SAMU;RANTAU ATAS;RT 005;-2.13069;115.886444
6401011003000100;64010110030001;64;1;011;003;0001;0;KALIMANTAN TIMUR;PASER;MUARA SAMU;LIBUR DINDING;RT 001;-2.06157;115.904723
6401011003000200;64010110030002;64;1;011;003;0002;0;KALIMANTAN TIMUR;PASER;MUARA SAMU;LIBUR DINDING;RT 002;-2.09858;115.872505
6401011003000301;64010110030003;64;1;011;003;0003;1;KALIMANTAN TIMUR;PASER;MUARA SAMU;LIBUR DINDING;RT 003;-2.08856;115.937843
6401011003000302;64010110030003;64;1;011;003;0003;2;KALIMANTAN TIMUR;PASER;MUARA SAMU;LIBUR DINDING;RT 003;-2.09609;115.982784
6401011004000100;64010110040001;64;1;011;004;0001;0;KALIMANTAN TIMUR;PASER;MUARA SAMU;LUAN/DILIBINTI;RT 001;-1.93762;115.985412
6401011004000200;64010110040002;64;1;011;004;0002;0;KALIMANTAN TIMUR;PASER;MUARA SAMU;LUAN/DILIBINTI;RT 002;-1.97882;116.00816
6401011005000100;64010110050001;64;1;011;005;0001;0;KALIMANTAN TIMUR;PASER;MUARA SAMU;SUWETO;RT 001;-1.96759;115.959189
6401011005000200;64010110050002;64;1;011;005;0002;0;KALIMANTAN TIMUR;PASER;MUARA SAMU;SUWETO;RT 002;-1.9936;115.959984
6401011005000300;64010110050003;64;1;011;005;0003;0;KALIMANTAN TIMUR;PASER;MUARA SAMU;SUWETO;RT 003;-1.99444;115.959072
6401011005000400;64010110050004;64;1;011;005;0004;0;KALIMANTAN TIMUR;PASER;MUARA SAMU;SUWETO;RT 004;-1.99555;115.960898
6401011005000500;64010110050005;64;1;011;005;0005;0;KALIMANTAN TIMUR;PASER;MUARA SAMU;SUWETO;RT 005;-1.99608;115.958363
6401011005000600;64010110050006;64;1;011;005;0006;0;KALIMANTAN TIMUR;PASER;MUARA SAMU;SUWETO;RT 006;-1.99683;115.957311
6401011005000700;64010110050007;64;1;011;005;0007;0;KALIMANTAN TIMUR;PASER;MUARA SAMU;SUWETO;RT 007;-1.99754;115.957684
6401011005000800;64010110050008;64;1;011;005;0008;0;KALIMANTAN TIMUR;PASER;MUARA SAMU;SUWETO;RT 008;-1.99755;115.962777
6401011005000900;64010110050009;64;1;011;005;0009;0;KALIMANTAN TIMUR;PASER;MUARA SAMU;SUWETO;RT 009;-2.0002;115.95932
6401011005200100;64010110052001;64;1;011;005;2001;0;KALIMANTAN TIMUR;PASER;MUARA SAMU;SUWETO;HUTAN;-2.02131;115.993547
6401011005200200;64010110052002;64;1;011;005;2002;0;KALIMANTAN TIMUR;PASER;MUARA SAMU;SUWETO;HUTAN;-1.99352;115.951244
6401011006000100;64010110060001;64;1;011;006;0001;0;KALIMANTAN TIMUR;PASER;MUARA SAMU;MUSER;RT 001;-2.01716;115.939495
6401011006000200;64010110060002;64;1;011;006;0002;0;KALIMANTAN TIMUR;PASER;MUARA SAMU;MUSER;RT 002;-2.01995;115.937967
6401011006000301;64010110060003;64;1;011;006;0003;1;KALIMANTAN TIMUR;PASER;MUARA SAMU;MUSER;RT 003;-2.01513;115.932633
6401011006000302;64010110060003;64;1;011;006;0003;2;KALIMANTAN TIMUR;PASER;MUARA SAMU;MUSER;RT 003;-2.01433;115.932668
6401011006000400;64010110060004;64;1;011;006;0004;0;KALIMANTAN TIMUR;PASER;MUARA SAMU;MUSER;RT 004;-2.01323;115.936564
6401011006000500;64010110060005;64;1;011;006;0005;0;KALIMANTAN TIMUR;PASER;MUARA SAMU;MUSER;RT 005;-2.01507;115.939055
6401011006000600;64010110060006;64;1;011;006;0006;0;KALIMANTAN TIMUR;PASER;MUARA SAMU;MUSER;RT 006;-2.03901;115.933797
6401011006200100;64010110062001;64;1;011;006;2001;0;KALIMANTAN TIMUR;PASER;MUARA SAMU;MUSER;HUTAN;-2.03245;115.810484
6401011006200200;64010110062002;64;1;011;006;2002;0;KALIMANTAN TIMUR;PASER;MUARA SAMU;MUSER;HUTAN;-2.03017;115.952106
6401011006200300;64010110062003;64;1;011;006;2003;0;KALIMANTAN TIMUR;PASER;MUARA SAMU;MUSER;HUTAN;-2.00732;115.944972
6401011007000100;64010110070001;64;1;011;007;0001;0;KALIMANTAN TIMUR;PASER;MUARA SAMU;BIU;RT 001;-1.9995;115.937269
6401011007000200;64010110070002;64;1;011;007;0002;0;KALIMANTAN TIMUR;PASER;MUARA SAMU;BIU;RT 002;-1.99979;115.918438
6401011007000300;64010110070003;64;1;011;007;0003;0;KALIMANTAN TIMUR;PASER;MUARA SAMU;BIU;RT 003;-1.97739;115.914002
6401011007200100;64010110072001;64;1;011;007;2001;0;KALIMANTAN TIMUR;PASER;MUARA SAMU;BIU;HUTAN;-2.00023;115.795972
6401011007200200;64010110072002;64;1;011;007;2002;0;KALIMANTAN TIMUR;PASER;MUARA SAMU;BIU;HUTAN;-1.97057;115.747876
6401011007300300;64010110073003;64;1;011;007;3003;0;KALIMANTAN TIMUR;PASER;MUARA SAMU;BIU;PERTAMBANGAN BATUBARA;-1.98015;115.839323
6401011008000100;64010110080001;64;1;011;008;0001;0;KALIMANTAN TIMUR;PASER;MUARA SAMU;RANTAU BINTUNGAN;RT 001;-1.93977;115.948742
6401011008000200;64010110080002;64;1;011;008;0002;0;KALIMANTAN TIMUR;PASER;MUARA SAMU;RANTAU BINTUNGAN;RT 002;-1.94895;115.90795
6401011009000100;64010110090001;64;1;011;009;0001;0;KALIMANTAN TIMUR;PASER;MUARA SAMU;MUARA ANDEH;RT 001;-2.28094;115.898311
6401011009000200;64010110090002;64;1;011;009;0002;0;KALIMANTAN TIMUR;PASER;MUARA SAMU;MUARA ANDEH;RT 002;-2.259;115.92125
6401011009000300;64010110090003;64;1;011;009;0003;0;KALIMANTAN TIMUR;PASER;MUARA SAMU;MUARA ANDEH;RT 003;-2.33676;115.866212
6401011009000400;64010110090004;64;1;011;009;0004;0;KALIMANTAN TIMUR;PASER;MUARA SAMU;MUARA ANDEH;RT 004;-2.29939;115.843456
6401021001000100;64010210010001;64;1;021;001;0001;0;KALIMANTAN TIMUR;PASER;BATU ENGAU;KERANG;RT 001 DUSUN 1;-2.19931;116.059406
6401021001000200;64010210010002;64;1;021;001;0002;0;KALIMANTAN TIMUR;PASER;BATU ENGAU;KERANG;RT 002 DUSUN 1;-2.22268;116.086503
6401021001000300;64010210010003;64;1;021;001;0003;0;KALIMANTAN TIMUR;PASER;BATU ENGAU;KERANG;RT 003 DUSUN 1;-2.22448;116.075841
6401021001000400;64010210010004;64;1;021;001;0004;0;KALIMANTAN TIMUR;PASER;BATU ENGAU;KERANG;RT 004 DUSUN 1;-2.22679;116.034475
6401021001000500;64010210010005;64;1;021;001;0005;0;KALIMANTAN TIMUR;PASER;BATU ENGAU;KERANG;RT 005 DUSUN 1;-2.23269;116.076001
6401021001000600;64010210010006;64;1;021;001;0006;0;KALIMANTAN TIMUR;PASER;BATU ENGAU;KERANG;RT 006 DUSUN 1;-2.2381;116.052269
6401021001000700;64010210010007;64;1;021;001;0007;0;KALIMANTAN TIMUR;PASER;BATU ENGAU;KERANG;RT 007 DUSUN 1;-2.2433;116.091287
6401021001000800;64010210010008;64;1;021;001;0008;0;KALIMANTAN TIMUR;PASER;BATU ENGAU;KERANG;RT 008 DUSUN 1;-2.24085;116.07763
6401021001000900;64010210010009;64;1;021;001;0009;0;KALIMANTAN TIMUR;PASER;BATU ENGAU;KERANG;RT 009 DUSUN 1;-2.25077;116.056767
6401021001001000;64010210010010;64;1;021;001;0010;0;KALIMANTAN TIMUR;PASER;BATU ENGAU;KERANG;RT 010 DUSUN 1;-2.22746;116.091134
6401021001001100;64010210010011;64;1;021;001;0011;0;KALIMANTAN TIMUR;PASER;BATU ENGAU;KERANG;RT 011 DUSUN 1;-2.26939;116.094404
6401021002000100;64010210020001;64;1;021;002;0001;0;KALIMANTAN TIMUR;PASER;BATU ENGAU;TEMPAKAN;RT 001;-2.23141;116.140521
6401021002000200;64010210020002;64;1;021;002;0002;0;KALIMANTAN TIMUR;PASER;BATU ENGAU;TEMPAKAN;RT 002;-2.24344;116.123791
6401021002000300;64010210020003;64;1;021;002;0003;0;KALIMANTAN TIMUR;PASER;BATU ENGAU;TEMPAKAN;RT 003;-2.25105;116.118118
6401021002000400;64010210020004;64;1;021;002;0004;0;KALIMANTAN TIMUR;PASER;BATU ENGAU;TEMPAKAN;RT 004;-2.27993;116.115763
6401021002000500;64010210020005;64;1;021;002;0005;0;KALIMANTAN TIMUR;PASER;BATU ENGAU;TEMPAKAN;RT 005;-2.30131;116.122143
6401021002000600;64010210020006;64;1;021;002;0006;0;KALIMANTAN TIMUR;PASER;BATU ENGAU;TEMPAKAN;RT 006;-2.25196;116.141314
6401021002000700;64010210020007;64;1;021;002;0007;0;KALIMANTAN TIMUR;PASER;BATU ENGAU;TEMPAKAN;RT 007;-2.29721;116.138248
6401021002000800;64010210020008;64;1;021;002;0008;0;KALIMANTAN TIMUR;PASER;BATU ENGAU;TEMPAKAN;RT 008;-2.29033;116.104134
6401021003000100;64010210030001;64;1;021;003;0001;0;KALIMANTAN TIMUR;PASER;BATU ENGAU;MENGKUDU;RT 001;-2.28306;116.171095
6401021003000200;64010210030002;64;1;021;003;0002;0;KALIMANTAN TIMUR;PASER;BATU ENGAU;MENGKUDU;RT 002;-2.28241;116.163775
6401021003000300;64010210030003;64;1;021;003;0003;0;KALIMANTAN TIMUR;PASER;BATU ENGAU;MENGKUDU;RT 003;-2.28417;116.163739
6401021003000400;64010210030004;64;1;021;003;0004;0;KALIMANTAN TIMUR;PASER;BATU ENGAU;MENGKUDU;RT 004;-2.2839;116.159239
6401021003000500;64010210030005;64;1;021;003;0005;0;KALIMANTAN TIMUR;PASER;BATU ENGAU;MENGKUDU;RT 005;-2.28214;116.159533
6401021003000600;64010210030006;64;1;021;003;0006;0;KALIMANTAN TIMUR;PASER;BATU ENGAU;MENGKUDU;RT 006;-2.28019;116.16115
6401021003000700;64010210030007;64;1;021;003;0007;0;KALIMANTAN TIMUR;PASER;BATU ENGAU;MENGKUDU;RT 007;-2.27767;116.158179
6401021003000800;64010210030008;64;1;021;003;0008;0;KALIMANTAN TIMUR;PASER;BATU ENGAU;MENGKUDU;RT 008;-2.27834;116.162314
6401021003000900;64010210030009;64;1;021;003;0009;0;KALIMANTAN TIMUR;PASER;BATU ENGAU;MENGKUDU;RT 009;-2.28081;116.171564
6401021003001000;64010210030010;64;1;021;003;0010;0;KALIMANTAN TIMUR;PASER;BATU ENGAU;MENGKUDU;RT 010;-2.2779;116.165514
6401021003001100;64010210030011;64;1;021;003;0011;0;KALIMANTAN TIMUR;PASER;BATU ENGAU;MENGKUDU;RT 011;-2.27423;116.165031
6401021003001200;64010210030012;64;1;021;003;0012;0;KALIMANTAN TIMUR;PASER;BATU ENGAU;MENGKUDU;RT 012;-2.26674;116.17334
6401021003001300;64010210030013;64;1;021;003;0013;0;KALIMANTAN TIMUR;PASER;BATU ENGAU;MENGKUDU;RT 013;-2.27408;116.161517
6401021003001400;64010210030014;64;1;021;003;0014;0;KALIMANTAN TIMUR;PASER;BATU ENGAU;MENGKUDU;RT 014;-2.27349;116.158848
6401021003100100;64010210031001;64;1;021;003;1001;0;KALIMANTAN TIMUR;PASER;BATU ENGAU;MENGKUDU;KEBUN SAWIT;-2.26059;116.181197
6401021004000100;64010210040001;64;1;021;004;0001;0;KALIMANTAN TIMUR;PASER;BATU ENGAU;LOMU;RT 001;-2.28581;116.257148
6401021004000200;64010210040002;64;1;021;004;0002;0;KALIMANTAN TIMUR;PASER;BATU ENGAU;LOMU;RT 002;-2.3113;116.252881
6401021004000300;64010210040003;64;1;021;004;0003;0;KALIMANTAN TIMUR;PASER;BATU ENGAU;LOMU;RT 003;-2.31328;116.27734
6401021004000400;64010210040004;64;1;021;004;0004;0;KALIMANTAN TIMUR;PASER;BATU ENGAU;LOMU;RT 004;-2.33634;116.280359
6401021004000500;64010210040005;64;1;021;004;0005;0;KALIMANTAN TIMUR;PASER;BATU ENGAU;LOMU;RT 005;-2.30651;116.296731
6401021004100100;64010210041001;64;1;021;004;1001;0;KALIMANTAN TIMUR;PASER;BATU ENGAU;LOMU;KEBUN SAWIT;-2.24899;116.218468
6401021005000100;64010210050001;64;1;021;005;0001;0;KALIMANTAN TIMUR;PASER;BATU ENGAU;SEGENDANG;RT 001;-2.31367;116.400863
6401021005000200;64010210050002;64;1;021;005;0002;0;KALIMANTAN TIMUR;PASER;BATU ENGAU;SEGENDANG;RT 002;-2.33556;116.375575
6401021005000300;64010210050003;64;1;021;005;0003;0;KALIMANTAN TIMUR;PASER;BATU ENGAU;SEGENDANG;RT 003;-2.31792;116.402414
6401021005000400;64010210050004;64;1;021;005;0004;0;KALIMANTAN TIMUR;PASER;BATU ENGAU;SEGENDANG;RT 004;-2.34121;116.402155
6401021005100100;64010210051001;64;1;021;005;1001;0;KALIMANTAN TIMUR;PASER;BATU ENGAU;SEGENDANG;PERKEBUNAN SAWIT;-2.27247;116.387953
6401021006000100;64010210060001;64;1;021;006;0001;0;KALIMANTAN TIMUR;PASER;BATU ENGAU;RIWANG;RT 001;-2.25268;116.329182
6401021006000200;64010210060002;64;1;021;006;0002;0;KALIMANTAN TIMUR;PASER;BATU ENGAU;RIWANG;RT 002;-2.24418;116.28883
6401021006000300;64010210060003;64;1;021;006;0003;0;KALIMANTAN TIMUR;PASER;BATU ENGAU;RIWANG;RT 003;-2.13116;116.36519
6401021006000400;64010210060004;64;1;021;006;0004;0;KALIMANTAN TIMUR;PASER;BATU ENGAU;RIWANG;RT 004;-2.20892;116.265935
6401021006000500;64010210060005;64;1;021;006;0005;0;KALIMANTAN TIMUR;PASER;BATU ENGAU;RIWANG;RT 005;-2.15392;116.327725
6401021006000600;64010210060006;64;1;021;006;0006;0;KALIMANTAN TIMUR;PASER;BATU ENGAU;RIWANG;RT 006;-2.17494;116.369231
6401021006000700;64010210060007;64;1;021;006;0007;0;KALIMANTAN TIMUR;PASER;BATU ENGAU;RIWANG;RT 007;-2.26513;116.298051
6401021006000800;64010210060008;64;1;021;006;0008;0;KALIMANTAN TIMUR;PASER;BATU ENGAU;RIWANG;RT 008;-2.22139;116.331081
6401021007000100;64010210070001;64;1;021;007;0001;0;KALIMANTAN TIMUR;PASER;BATU ENGAU;LANGGAI;RT 001;-2.16975;116.183594
6401021007000200;64010210070002;64;1;021;007;0002;0;KALIMANTAN TIMUR;PASER;BATU ENGAU;LANGGAI;RT 004;-2.12888;116.265734
6401021007000300;64010210070003;64;1;021;007;0003;0;KALIMANTAN TIMUR;PASER;BATU ENGAU;LANGGAI;RT 02;-2.13279;116.190955
6401021007000400;64010210070004;64;1;021;007;0004;0;KALIMANTAN TIMUR;PASER;BATU ENGAU;LANGGAI;RT 03;-2.15095;116.268206
6401021008000100;64010210080001;64;1;021;008;0001;0;KALIMANTAN TIMUR;PASER;BATU ENGAU;PETANGIS;RT 001 DUSUN 1;-2.09706;116.095113
6401021008000200;64010210080002;64;1;021;008;0002;0;KALIMANTAN TIMUR;PASER;BATU ENGAU;PETANGIS;RT 002 DUSUN 1;-2.08902;116.09002
6401021008000300;64010210080003;64;1;021;008;0003;0;KALIMANTAN TIMUR;PASER;BATU ENGAU;PETANGIS;RT 003 DUSUN 1;-2.10447;116.088347
6401021008000400;64010210080004;64;1;021;008;0004;0;KALIMANTAN TIMUR;PASER;BATU ENGAU;PETANGIS;RT 004 DUSUN 1;-2.10451;116.121197
6401021008000500;64010210080005;64;1;021;008;0005;0;KALIMANTAN TIMUR;PASER;BATU ENGAU;PETANGIS;RT 005 DUSUN 1;-2.11821;116.086717
6401021008000600;64010210080006;64;1;021;008;0006;0;KALIMANTAN TIMUR;PASER;BATU ENGAU;PETANGIS;RT 006 DUSUN 1;-2.12518;116.087569
6401021008000700;64010210080007;64;1;021;008;0007;0;KALIMANTAN TIMUR;PASER;BATU ENGAU;PETANGIS;RT 007 DUSUN 1;-2.13203;116.128589
6401021008000800;64010210080008;64;1;021;008;0008;0;KALIMANTAN TIMUR;PASER;BATU ENGAU;PETANGIS;RT 008 DUSUN 1;-2.1065;116.036982
6401021008000900;64010210080009;64;1;021;008;0009;0;KALIMANTAN TIMUR;PASER;BATU ENGAU;PETANGIS;RT 009 DUSUN 1;-2.13667;116.091253
6401021008001000;64010210080010;64;1;021;008;0010;0;KALIMANTAN TIMUR;PASER;BATU ENGAU;PETANGIS;RT 010 DUSUN 1;-2.08065;116.104263
6401021009000100;64010210090001;64;1;021;009;0001;0;KALIMANTAN TIMUR;PASER;BATU ENGAU;KERANG DAYO;RT 001 DUSUN 1;-2.25579;116.030735
6401021009000200;64010210090002;64;1;021;009;0002;0;KALIMANTAN TIMUR;PASER;BATU ENGAU;KERANG DAYO;RT 003;-2.28429;116.043247
6401021009000300;64010210090003;64;1;021;009;0003;0;KALIMANTAN TIMUR;PASER;BATU ENGAU;KERANG DAYO;RT 006;-2.2692;116.011975
6401021009000400;64010210090004;64;1;021;009;0004;0;KALIMANTAN TIMUR;PASER;BATU ENGAU;KERANG DAYO;RT 08;-2.30794;116.050043
6401021009000500;64010210090005;64;1;021;009;0005;0;KALIMANTAN TIMUR;PASER;BATU ENGAU;KERANG DAYO;RT 005 DUSUN 1;-2.2895;115.949326
6401021009000600;64010210090006;64;1;021;009;0006;0;KALIMANTAN TIMUR;PASER;BATU ENGAU;KERANG DAYO;RT 002;-2.27774;116.050589
6401021009000700;64010210090007;64;1;021;009;0007;0;KALIMANTAN TIMUR;PASER;BATU ENGAU;KERANG DAYO;RT 04;-2.29572;116.057039
6401021009000800;64010210090008;64;1;021;009;0008;0;KALIMANTAN TIMUR;PASER;BATU ENGAU;KERANG DAYO;RT 07;-2.25914;115.995656
6401021009000900;64010210090009;64;1;021;009;0009;0;KALIMANTAN TIMUR;PASER;BATU ENGAU;KERANG DAYO;RT 09;-2.3146;116.038695
6401021010000100;64010210100001;64;1;021;010;0001;0;KALIMANTAN TIMUR;PASER;BATU ENGAU;SAING PRUPUK;RT 001;-2.05856;116.142187
6401021010000200;64010210100002;64;1;021;010;0002;0;KALIMANTAN TIMUR;PASER;BATU ENGAU;SAING PRUPUK;RT 002;-2.04239;116.122055
6401021010000300;64010210100003;64;1;021;010;0003;0;KALIMANTAN TIMUR;PASER;BATU ENGAU;SAING PRUPUK;RT 003;-2.03244;116.11364
6401021010000400;64010210100004;64;1;021;010;0004;0;KALIMANTAN TIMUR;PASER;BATU ENGAU;SAING PRUPUK;RT 004;-2.04366;116.061013
6401021011000100;64010210110001;64;1;021;011;0001;0;KALIMANTAN TIMUR;PASER;BATU ENGAU;BAI JAYA;RT 001;-2.0953;116.20316
6401021011000200;64010210110002;64;1;021;011;0002;0;KALIMANTAN TIMUR;PASER;BATU ENGAU;BAI JAYA;RT 002;-2.11093;116.251832
6401021011000300;64010210110003;64;1;021;011;0003;0;KALIMANTAN TIMUR;PASER;BATU ENGAU;BAI JAYA;RT 003;-2.06048;116.302941
6401021011000400;64010210110004;64;1;021;011;0004;0;KALIMANTAN TIMUR;PASER;BATU ENGAU;BAI JAYA;RT 004;-2.08666;116.307523
6401021011000500;64010210110005;64;1;021;011;0005;0;KALIMANTAN TIMUR;PASER;BATU ENGAU;BAI JAYA;RT 005;-2.11419;116.312393
6401021012000100;64010210120001;64;1;021;012;0001;0;KALIMANTAN TIMUR;PASER;BATU ENGAU;PENGGUREN JAYA;RT 1;-2.32311;116.305514
6401021012000200;64010210120002;64;1;021;012;0002;0;KALIMANTAN TIMUR;PASER;BATU ENGAU;PENGGUREN JAYA;RT 2;-2.33281;116.319408
6401021012000400;64010210120004;64;1;021;012;0004;0;KALIMANTAN TIMUR;PASER;BATU ENGAU;PENGGUREN JAYA;RT 4;-2.34289;116.3495
6401021012000500;64010210120005;64;1;021;012;0005;0;KALIMANTAN TIMUR;PASER;BATU ENGAU;PENGGUREN JAYA;RT 5;-2.33362;116.339429
6401021012000600;64010210120006;64;1;021;012;0006;0;KALIMANTAN TIMUR;PASER;BATU ENGAU;PENGGUREN JAYA;RT 6;-2.3288;116.3491
6401021012000700;64010210120007;64;1;021;012;0007;0;KALIMANTAN TIMUR;PASER;BATU ENGAU;PENGGUREN JAYA;RT 3;-2.29332;116.335829
6401021013000100;64010210130001;64;1;021;013;0001;0;KALIMANTAN TIMUR;PASER;BATU ENGAU;TEBRU PASER DAMAI;RT 001;-2.17082;116.096041
6401021013000200;64010210130002;64;1;021;013;0002;0;KALIMANTAN TIMUR;PASER;BATU ENGAU;TEBRU PASER DAMAI;RT 002;-2.17053;116.108107
6401021013000300;64010210130003;64;1;021;013;0003;0;KALIMANTAN TIMUR;PASER;BATU ENGAU;TEBRU PASER DAMAI;RT 003;-2.151;116.108571
6401021013000400;64010210130004;64;1;021;013;0004;0;KALIMANTAN TIMUR;PASER;BATU ENGAU;TEBRU PASER DAMAI;RT 0004;-2.16549;116.125747
6401021013000500;64010210130005;64;1;021;013;0005;0;KALIMANTAN TIMUR;PASER;BATU ENGAU;TEBRU PASER DAMAI;RT 0005;-2.16196;116.041952
6401022001000100;64010220010001;64;1;022;001;0001;0;KALIMANTAN TIMUR;PASER;TANJUNG HARAPAN;TUNAS KELADEN;RT 001;-2.32167;116.452996
6401022001000200;64010220010002;64;1;022;001;0002;0;KALIMANTAN TIMUR;PASER;TANJUNG HARAPAN;TUNAS KELADEN;RT 002;-2.35909;116.471208
6401022001000300;64010220010003;64;1;022;001;0003;0;KALIMANTAN TIMUR;PASER;TANJUNG HARAPAN;TUNAS KELADEN;RT 003;-2.33504;116.426981
6401022001000400;64010220010004;64;1;022;001;0004;0;KALIMANTAN TIMUR;PASER;TANJUNG HARAPAN;TUNAS KELADEN;RT 004;-2.35676;116.444678
6401022001000500;64010220010005;64;1;022;001;0005;0;KALIMANTAN TIMUR;PASER;TANJUNG HARAPAN;TUNAS KELADEN;RT 005;-2.3636;116.421133
6401022001200100;64010220012001;64;1;022;001;2001;0;KALIMANTAN TIMUR;PASER;TANJUNG HARAPAN;TUNAS KELADEN;HUTAN;-2.26309;116.454352
6401022002000100;64010220020001;64;1;022;002;0001;0;KALIMANTAN TIMUR;PASER;TANJUNG HARAPAN;TANJUNG ARU;RT 001;-2.1666;116.580847
6401022002000200;64010220020002;64;1;022;002;0002;0;KALIMANTAN TIMUR;PASER;TANJUNG HARAPAN;TANJUNG ARU;RT 002;-2.16855;116.582543
6401022002000300;64010220020003;64;1;022;002;0003;0;KALIMANTAN TIMUR;PASER;TANJUNG HARAPAN;TANJUNG ARU;RT 003;-2.1708;116.583795
6401022002000400;64010220020004;64;1;022;002;0004;0;KALIMANTAN TIMUR;PASER;TANJUNG HARAPAN;TANJUNG ARU;RT 004;-2.17346;116.584724
6401022002000500;64010220020005;64;1;022;002;0005;0;KALIMANTAN TIMUR;PASER;TANJUNG HARAPAN;TANJUNG ARU;RT 005;-2.17932;116.584266
6401022002000600;64010220020006;64;1;022;002;0006;0;KALIMANTAN TIMUR;PASER;TANJUNG HARAPAN;TANJUNG ARU;RT 006;-2.19484;116.585397
6401022002000700;64010220020007;64;1;022;002;0007;0;KALIMANTAN TIMUR;PASER;TANJUNG HARAPAN;TANJUNG ARU;RT 007;-2.26424;116.545014
6401022002100100;64010220021001;64;1;022;002;1001;0;KALIMANTAN TIMUR;PASER;TANJUNG HARAPAN;TANJUNG ARU;TAMBAK;-2.19422;116.503801
6401022003000100;64010220030001;64;1;022;003;0001;0;KALIMANTAN TIMUR;PASER;TANJUNG HARAPAN;LABUANGKALO;RT 001;-2.13499;116.483065
6401022003000200;64010220030002;64;1;022;003;0002;0;KALIMANTAN TIMUR;PASER;TANJUNG HARAPAN;LABUANGKALO;RT 002;-2.12818;116.505548
6401022003000300;64010220030003;64;1;022;003;0003;0;KALIMANTAN TIMUR;PASER;TANJUNG HARAPAN;LABUANGKALO;RT 003;-2.11503;116.50083
6401022003000400;64010220030004;64;1;022;003;0004;0;KALIMANTAN TIMUR;PASER;TANJUNG HARAPAN;LABUANGKALO;RT 004;-2.15072;116.415738
6401022003000500;64010220030005;64;1;022;003;0005;0;KALIMANTAN TIMUR;PASER;TANJUNG HARAPAN;LABUANGKALO;RT 005;-2.14678;116.458609
6401022004000100;64010220040001;64;1;022;004;0001;0;KALIMANTAN TIMUR;PASER;TANJUNG HARAPAN;SELENGOT;RT 001;-2.15535;116.52167
6401022004000200;64010220040002;64;1;022;004;0002;0;KALIMANTAN TIMUR;PASER;TANJUNG HARAPAN;SELENGOT;RT 002;-2.15322;116.519539
6401022004000300;64010220040003;64;1;022;004;0003;0;KALIMANTAN TIMUR;PASER;TANJUNG HARAPAN;SELENGOT;RT 003;-2.15556;116.508926
6401022004000400;64010220040004;64;1;022;004;0004;0;KALIMANTAN TIMUR;PASER;TANJUNG HARAPAN;SELENGOT;RT 004;-2.1582;116.509336
6401022004000500;64010220040005;64;1;022;004;0005;0;KALIMANTAN TIMUR;PASER;TANJUNG HARAPAN;SELENGOT;RT 005;-2.17394;116.447974
6401022005000100;64010220050001;64;1;022;005;0001;0;KALIMANTAN TIMUR;PASER;TANJUNG HARAPAN;LORI;RT 001;-2.08046;116.400525
6401022005000201;64010220050002;64;1;022;005;0002;1;KALIMANTAN TIMUR;PASER;TANJUNG HARAPAN;LORI;RT 002;-2.07858;116.399976
6401022005000202;64010220050002;64;1;022;005;0002;2;KALIMANTAN TIMUR;PASER;TANJUNG HARAPAN;LORI;RT 002;-2.06563;116.393407
6401022005000300;64010220050003;64;1;022;005;0003;0;KALIMANTAN TIMUR;PASER;TANJUNG HARAPAN;LORI;RT 003;-2.08303;116.377564
6401022005000400;64010220050004;64;1;022;005;0004;0;KALIMANTAN TIMUR;PASER;TANJUNG HARAPAN;LORI;RT 004;-2.07984;116.352897
6401022005000501;64010220050005;64;1;022;005;0005;1;KALIMANTAN TIMUR;PASER;TANJUNG HARAPAN;LORI;RT 005;-2.07191;116.401608
6401022005000502;64010220050005;64;1;022;005;0005;2;KALIMANTAN TIMUR;PASER;TANJUNG HARAPAN;LORI;RT 005;-2.06388;116.420592
6401022006000100;64010220060001;64;1;022;006;0001;0;KALIMANTAN TIMUR;PASER;TANJUNG HARAPAN;RANDOM;RT 001;-2.33309;116.543689
6401022006000200;64010220060002;64;1;022;006;0002;0;KALIMANTAN TIMUR;PASER;TANJUNG HARAPAN;RANDOM;RT 002;-2.35959;116.541762
6401022006000300;64010220060003;64;1;022;006;0003;0;KALIMANTAN TIMUR;PASER;TANJUNG HARAPAN;RANDOM;RT 003;-2.37781;116.525972
6401022006000400;64010220060004;64;1;022;006;0004;0;KALIMANTAN TIMUR;PASER;TANJUNG HARAPAN;RANDOM;RT 004;-2.35776;116.505121
6401022007000100;64010220070001;64;1;022;007;0001;0;KALIMANTAN TIMUR;PASER;TANJUNG HARAPAN;SENIPAH;RT 001;-2.37084;116.565326
6401022007000200;64010220070002;64;1;022;007;0002;0;KALIMANTAN TIMUR;PASER;TANJUNG HARAPAN;SENIPAH;RT 002;-2.403;116.547079
6401022007000300;64010220070003;64;1;022;007;0003;0;KALIMANTAN TIMUR;PASER;TANJUNG HARAPAN;SENIPAH;RT 003;-2.38211;116.546116
6401030001000100;64010300010001;64;1;030;001;0001;0;KALIMANTAN TIMUR;PASER;PASIR BELENGKONG;LEMPESU;RT 001;-1.9515;116.033081
6401030001000200;64010300010002;64;1;030;001;0002;0;KALIMANTAN TIMUR;PASER;PASIR BELENGKONG;LEMPESU;RT 002;-1.99425;116.058337
6401030001000300;64010300010003;64;1;030;001;0003;0;KALIMANTAN TIMUR;PASER;PASIR BELENGKONG;LEMPESU;RT 003;-1.92755;116.052031
6401030001000400;64010300010004;64;1;030;001;0004;0;KALIMANTAN TIMUR;PASER;PASIR BELENGKONG;LEMPESU;RT 004;-1.92658;116.069071
6401030002000100;64010300020001;64;1;030;002;0001;0;KALIMANTAN TIMUR;PASER;PASIR BELENGKONG;BEKOSO;RT 001;-1.9401;116.109468
6401030002000200;64010300020002;64;1;030;002;0002;0;KALIMANTAN TIMUR;PASER;PASIR BELENGKONG;BEKOSO;RT 002;-1.97646;116.098812
6401030002000300;64010300020003;64;1;030;002;0003;0;KALIMANTAN TIMUR;PASER;PASIR BELENGKONG;BEKOSO;RT 003;-1.94531;116.103376
6401030002000400;64010300020004;64;1;030;002;0004;0;KALIMANTAN TIMUR;PASER;PASIR BELENGKONG;BEKOSO;RT 004;-1.92653;116.096317
6401030002000500;64010300020005;64;1;030;002;0005;0;KALIMANTAN TIMUR;PASER;PASIR BELENGKONG;BEKOSO;RT 05;-1.91279;116.098993
6401030002000600;64010300020006;64;1;030;002;0006;0;KALIMANTAN TIMUR;PASER;PASIR BELENGKONG;BEKOSO;RT 006;-1.91494;116.080089
6401030002000700;64010300020007;64;1;030;002;0007;0;KALIMANTAN TIMUR;PASER;PASIR BELENGKONG;BEKOSO;RT 007;-1.93591;116.103043
6401030003000100;64010300030001;64;1;030;003;0001;0;KALIMANTAN TIMUR;PASER;PASIR BELENGKONG;DAMIT;RT 001;-1.98234;116.140739
6401030003000200;64010300030002;64;1;030;003;0002;0;KALIMANTAN TIMUR;PASER;PASIR BELENGKONG;DAMIT;RT 002;-1.9478;116.136529
6401030003000300;64010300030003;64;1;030;003;0003;0;KALIMANTAN TIMUR;PASER;PASIR BELENGKONG;DAMIT;RT 003;-1.94823;116.14952
6401030003000401;64010300030004;64;1;030;003;0004;1;KALIMANTAN TIMUR;PASER;PASIR BELENGKONG;DAMIT;RT 004;-1.93227;116.166013
6401030003000402;64010300030004;64;1;030;003;0004;2;KALIMANTAN TIMUR;PASER;PASIR BELENGKONG;DAMIT;RT 004;-1.93524;116.162056
6401030003000500;64010300030005;64;1;030;003;0005;0;KALIMANTAN TIMUR;PASER;PASIR BELENGKONG;DAMIT;RT 005;-1.94191;116.167768
6401030003000600;64010300030006;64;1;030;003;0006;0;KALIMANTAN TIMUR;PASER;PASIR BELENGKONG;DAMIT;RT 006;-1.95366;116.161769
6401030003000700;64010300030007;64;1;030;003;0007;0;KALIMANTAN TIMUR;PASER;PASIR BELENGKONG;DAMIT;RT 007;-1.94297;116.175166
6401030003000800;64010300030008;64;1;030;003;0008;0;KALIMANTAN TIMUR;PASER;PASIR BELENGKONG;DAMIT;RT 008;-1.94206;116.140377
6401030003000900;64010300030009;64;1;030;003;0009;0;KALIMANTAN TIMUR;PASER;PASIR BELENGKONG;DAMIT;RT 009;-1.92031;116.128092
6401030003001000;64010300030010;64;1;030;003;0010;0;KALIMANTAN TIMUR;PASER;PASIR BELENGKONG;DAMIT;RT 010;-1.92643;116.130287
6401030003001100;64010300030011;64;1;030;003;0011;0;KALIMANTAN TIMUR;PASER;PASIR BELENGKONG;DAMIT;RT 011;-1.92924;116.155695
6401030004000100;64010300040001;64;1;030;004;0001;0;KALIMANTAN TIMUR;PASER;PASIR BELENGKONG;SANGKURIMAN;RT 001;-1.93782;116.187989
6401030004000200;64010300040002;64;1;030;004;0002;0;KALIMANTAN TIMUR;PASER;PASIR BELENGKONG;SANGKURIMAN;RT 002;-1.93266;116.184387
6401030004000300;64010300040003;64;1;030;004;0003;0;KALIMANTAN TIMUR;PASER;PASIR BELENGKONG;SANGKURIMAN;RT 003;-1.92896;116.17892
6401030004000400;64010300040004;64;1;030;004;0004;0;KALIMANTAN TIMUR;PASER;PASIR BELENGKONG;SANGKURIMAN;RT 004;-1.92684;116.183567
6401030004000500;64010300040005;64;1;030;004;0005;0;KALIMANTAN TIMUR;PASER;PASIR BELENGKONG;SANGKURIMAN;RT 005;-1.93928;116.184478
6401030005000100;64010300050001;64;1;030;005;0001;0;KALIMANTAN TIMUR;PASER;PASIR BELENGKONG;SUATANG;RT 001;-2.02788;116.161155
6401030005000200;64010300050002;64;1;030;005;0002;0;KALIMANTAN TIMUR;PASER;PASIR BELENGKONG;SUATANG;RT 002;-2.02293;116.151455
6401030005000300;64010300050003;64;1;030;005;0003;0;KALIMANTAN TIMUR;PASER;PASIR BELENGKONG;SUATANG;RT 003;-2.02623;116.145529
6401030005000400;64010300050004;64;1;030;005;0004;0;KALIMANTAN TIMUR;PASER;PASIR BELENGKONG;SUATANG;RT 004;-2.00298;116.160253
6401030005000500;64010300050005;64;1;030;005;0005;0;KALIMANTAN TIMUR;PASER;PASIR BELENGKONG;SUATANG;RT 005;-2.01702;116.132445
6401030005000600;64010300050006;64;1;030;005;0006;0;KALIMANTAN TIMUR;PASER;PASIR BELENGKONG;SUATANG;RT 006;-2.02739;116.126032
6401030005000700;64010300050007;64;1;030;005;0007;0;KALIMANTAN TIMUR;PASER;PASIR BELENGKONG;SUATANG;RT 007;-2.02456;116.134771
6401030005000800;64010300050008;64;1;030;005;0008;0;KALIMANTAN TIMUR;PASER;PASIR BELENGKONG;SUATANG;RT 008;-2.01895;116.17415
6401030005000900;64010300050009;64;1;030;005;0009;0;KALIMANTAN TIMUR;PASER;PASIR BELENGKONG;SUATANG;RT 009;-2.01091;116.17481
6401030005001000;64010300050010;64;1;030;005;0010;0;KALIMANTAN TIMUR;PASER;PASIR BELENGKONG;SUATANG;RT 010;-2.02264;116.168998
6401030005001100;64010300050011;64;1;030;005;0011;0;KALIMANTAN TIMUR;PASER;PASIR BELENGKONG;SUATANG;RT 011;-2.02207;116.174293
6401030006000100;64010300060001;64;1;030;006;0001;0;KALIMANTAN TIMUR;PASER;PASIR BELENGKONG;KERESIK BURA;RT 001;-1.9897;116.189703
6401030006000200;64010300060002;64;1;030;006;0002;0;KALIMANTAN TIMUR;PASER;PASIR BELENGKONG;KERESIK BURA;RT 005;-1.9763;116.187741
6401030006000600;64010300060006;64;1;030;006;0006;0;KALIMANTAN TIMUR;PASER;PASIR BELENGKONG;KERESIK BURA;RT 007;-1.9868;116.186688
6401030006002300;64010300060023;64;1;030;006;0023;0;KALIMANTAN TIMUR;PASER;PASIR BELENGKONG;KERESIK BURA;RT 003;-1.98002;116.187962
6401030006002400;64010300060024;64;1;030;006;0024;0;KALIMANTAN TIMUR;PASER;PASIR BELENGKONG;KERESIK BURA;RT 022;-1.98145;116.183419
6401030006002500;64010300060025;64;1;030;006;0025;0;KALIMANTAN TIMUR;PASER;PASIR BELENGKONG;KERESIK BURA;RT 010;-1.98615;116.181265
6401030006002600;64010300060026;64;1;030;006;0026;0;KALIMANTAN TIMUR;PASER;PASIR BELENGKONG;KERESIK BURA;RT 009;-1.98556;116.184422
6401030006002700;64010300060027;64;1;030;006;0027;0;KALIMANTAN TIMUR;PASER;PASIR BELENGKONG;KERESIK BURA;RT 014;-1.99184;116.183344
6401030006002800;64010300060028;64;1;030;006;0028;0;KALIMANTAN TIMUR;PASER;PASIR BELENGKONG;KERESIK BURA;RT 012;-1.9932;116.18659
6401030006002900;64010300060029;64;1;030;006;0029;0;KALIMANTAN TIMUR;PASER;PASIR BELENGKONG;KERESIK BURA;RT 016;-1.99541;116.189847
6401030006003000;64010300060030;64;1;030;006;0030;0;KALIMANTAN TIMUR;PASER;PASIR BELENGKONG;KERESIK BURA;RT 018;-1.9996;116.192823
6401030006003100;64010300060031;64;1;030;006;0031;0;KALIMANTAN TIMUR;PASER;PASIR BELENGKONG;KERESIK BURA;RT 020;-2.00031;116.189226
6401030006003200;64010300060032;64;1;030;006;0032;0;KALIMANTAN TIMUR;PASER;PASIR BELENGKONG;KERESIK BURA;RT 002;-1.98388;116.18869
6401030006003300;64010300060033;64;1;030;006;0033;0;KALIMANTAN TIMUR;PASER;PASIR BELENGKONG;KERESIK BURA;RT 004;-1.97779;116.190329
6401030006003400;64010300060034;64;1;030;006;0034;0;KALIMANTAN TIMUR;PASER;PASIR BELENGKONG;KERESIK BURA;RT 006;-1.9799;116.185844
6401030006003500;64010300060035;64;1;030;006;0035;0;KALIMANTAN TIMUR;PASER;PASIR BELENGKONG;KERESIK BURA;RT 008;-1.98511;116.186003
6401030006003600;64010300060036;64;1;030;006;0036;0;KALIMANTAN TIMUR;PASER;PASIR BELENGKONG;KERESIK BURA;RT 011;-1.98917;116.182123
6401030006003700;64010300060037;64;1;030;006;0037;0;KALIMANTAN TIMUR;PASER;PASIR BELENGKONG;KERESIK BURA;RT 021;-1.98325;116.18182
6401030006003800;64010300060038;64;1;030;006;0038;0;KALIMANTAN TIMUR;PASER;PASIR BELENGKONG;KERESIK BURA;RT 023;-1.97818;116.18169
6401030006003900;64010300060039;64;1;030;006;0039;0;KALIMANTAN TIMUR;PASER;PASIR BELENGKONG;KERESIK BURA;RT 013;-1.99443;116.184012
6401030006004000;64010300060040;64;1;030;006;0040;0;KALIMANTAN TIMUR;PASER;PASIR BELENGKONG;KERESIK BURA;RT 015;-1.99217;116.180255
6401030006004100;64010300060041;64;1;030;006;0041;0;KALIMANTAN TIMUR;PASER;PASIR BELENGKONG;KERESIK BURA;RT 017;-1.99661;116.192474
6401030006004200;64010300060042;64;1;030;006;0042;0;KALIMANTAN TIMUR;PASER;PASIR BELENGKONG;KERESIK BURA;RT 019;-2.00186;116.191976
6401030006100100;64010300061001;64;1;030;006;1001;0;KALIMANTAN TIMUR;PASER;PASIR BELENGKONG;KERESIK BURA;KEBUN SAWIT;-1.98336;116.177584
6401030006100200;64010300061002;64;1;030;006;1002;0;KALIMANTAN TIMUR;PASER;PASIR BELENGKONG;KERESIK BURA;SAWAH;-1.97216;116.187682
6401030006100300;64010300061003;64;1;030;006;1003;0;KALIMANTAN TIMUR;PASER;PASIR BELENGKONG;KERESIK BURA;SAWAH;-1.98834;116.197248
6401030006100400;64010300061004;64;1;030;006;1004;0;KALIMANTAN TIMUR;PASER;PASIR BELENGKONG;KERESIK BURA;KEBUN SAWIT;-2.01108;116.189617
6401030007000100;64010300070001;64;1;030;007;0001;0;KALIMANTAN TIMUR;PASER;PASIR BELENGKONG;PASIR BELENGKONG;RT 001;-1.94255;116.234805
6401030007000200;64010300070002;64;1;030;007;0002;0;KALIMANTAN TIMUR;PASER;PASIR BELENGKONG;PASIR BELENGKONG;RT 002;-1.94697;116.237964
6401030007000300;64010300070003;64;1;030;007;0003;0;KALIMANTAN TIMUR;PASER;PASIR BELENGKONG;PASIR BELENGKONG;RT 003;-1.94869;116.228786
6401030007000400;64010300070004;64;1;030;007;0004;0;KALIMANTAN TIMUR;PASER;PASIR BELENGKONG;PASIR BELENGKONG;RT 004;-1.94057;116.221315
6401030007000500;64010300070005;64;1;030;007;0005;0;KALIMANTAN TIMUR;PASER;PASIR BELENGKONG;PASIR BELENGKONG;RT 005;-1.94762;116.21321
6401030007000600;64010300070006;64;1;030;007;0006;0;KALIMANTAN TIMUR;PASER;PASIR BELENGKONG;PASIR BELENGKONG;RT 006;-1.94899;116.21073
6401030007000700;64010300070007;64;1;030;007;0007;0;KALIMANTAN TIMUR;PASER;PASIR BELENGKONG;PASIR BELENGKONG;RT 007;-1.95323;116.209444
6401030007000800;64010300070008;64;1;030;007;0008;0;KALIMANTAN TIMUR;PASER;PASIR BELENGKONG;PASIR BELENGKONG;RT 008;-1.95838;116.216668
6401030007000900;64010300070009;64;1;030;007;0009;0;KALIMANTAN TIMUR;PASER;PASIR BELENGKONG;PASIR BELENGKONG;RT 009;-1.97383;116.210927
6401030007001000;64010300070010;64;1;030;007;0010;0;KALIMANTAN TIMUR;PASER;PASIR BELENGKONG;PASIR BELENGKONG;RT 010;-1.99021;116.230622
6401030007001100;64010300070011;64;1;030;007;0011;0;KALIMANTAN TIMUR;PASER;PASIR BELENGKONG;PASIR BELENGKONG;RT 011;-2.00193;116.214347
6401030007001200;64010300070012;64;1;030;007;0012;0;KALIMANTAN TIMUR;PASER;PASIR BELENGKONG;PASIR BELENGKONG;RT 012;-1.95298;116.229096
6401030008000100;64010300080001;64;1;030;008;0001;0;KALIMANTAN TIMUR;PASER;PASIR BELENGKONG;SENIUNG JAYA;RT 001;-2.02383;116.216133
6401030008000200;64010300080002;64;1;030;008;0002;0;KALIMANTAN TIMUR;PASER;PASIR BELENGKONG;SENIUNG JAYA;RT 002;-2.02639;116.21937
6401030008000300;64010300080003;64;1;030;008;0003;0;KALIMANTAN TIMUR;PASER;PASIR BELENGKONG;SENIUNG JAYA;RT 003;-2.02652;116.221447
6401030008000400;64010300080004;64;1;030;008;0004;0;KALIMANTAN TIMUR;PASER;PASIR BELENGKONG;SENIUNG JAYA;RT 004;-2.02426;116.226946
6401030008000500;64010300080005;64;1;030;008;0005;0;KALIMANTAN TIMUR;PASER;PASIR BELENGKONG;SENIUNG JAYA;RT 005;-2.02776;116.229081
6401030008000600;64010300080006;64;1;030;008;0006;0;KALIMANTAN TIMUR;PASER;PASIR BELENGKONG;SENIUNG JAYA;RT 006;-2.02297;116.240669
6401030008000700;64010300080007;64;1;030;008;0007;0;KALIMANTAN TIMUR;PASER;PASIR BELENGKONG;SENIUNG JAYA;RT 007;-2.02655;116.224113
6401030008000800;64010300080008;64;1;030;008;0008;0;KALIMANTAN TIMUR;PASER;PASIR BELENGKONG;SENIUNG JAYA;RT 008;-2.0231;116.225566
6401030008100100;64010300081001;64;1;030;008;1001;0;KALIMANTAN TIMUR;PASER;PASIR BELENGKONG;SENIUNG JAYA;PERKEBUNAN SAWIT;-2.02006;116.209211
6401030008100200;64010300081002;64;1;030;008;1002;0;KALIMANTAN TIMUR;PASER;PASIR BELENGKONG;SENIUNG JAYA;PERKEBUNAN SAWIT;-2.04994;116.236685
6401030009000100;64010300090001;64;1;030;009;0001;0;KALIMANTAN TIMUR;PASER;PASIR BELENGKONG;SULILIRAN BARU;RT 001;-1.97517;116.25383
6401030009000200;64010300090002;64;1;030;009;0002;0;KALIMANTAN TIMUR;PASER;PASIR BELENGKONG;SULILIRAN BARU;RT 002;-1.98059;116.252995
6401030009000300;64010300090003;64;1;030;009;0003;0;KALIMANTAN TIMUR;PASER;PASIR BELENGKONG;SULILIRAN BARU;RT 003;-1.98112;116.257525
6401030009000400;64010300090004;64;1;030;009;0004;0;KALIMANTAN TIMUR;PASER;PASIR BELENGKONG;SULILIRAN BARU;RT 004;-1.98085;116.259035
6401030009000500;64010300090005;64;1;030;009;0005;0;KALIMANTAN TIMUR;PASER;PASIR BELENGKONG;SULILIRAN BARU;RT 005;-1.97734;116.26138
6401030009000600;64010300090006;64;1;030;009;0006;0;KALIMANTAN TIMUR;PASER;PASIR BELENGKONG;SULILIRAN BARU;RT 006;-1.98413;116.258711
6401030009000700;64010300090007;64;1;030;009;0007;0;KALIMANTAN TIMUR;PASER;PASIR BELENGKONG;SULILIRAN BARU;RT 007;-1.98407;116.263729
6401030009000800;64010300090008;64;1;030;009;0008;0;KALIMANTAN TIMUR;PASER;PASIR BELENGKONG;SULILIRAN BARU;RT 008;-1.98907;116.257806
6401030009000900;64010300090009;64;1;030;009;0009;0;KALIMANTAN TIMUR;PASER;PASIR BELENGKONG;SULILIRAN BARU;RT 009;-1.99571;116.257845
6401030009001000;64010300090010;64;1;030;009;0010;0;KALIMANTAN TIMUR;PASER;PASIR BELENGKONG;SULILIRAN BARU;RT 010;-1.98859;116.253846
6401030009001100;64010300090011;64;1;030;009;0011;0;KALIMANTAN TIMUR;PASER;PASIR BELENGKONG;SULILIRAN BARU;RT 011;-1.99313;116.25652
6401030009001200;64010300090012;64;1;030;009;0012;0;KALIMANTAN TIMUR;PASER;PASIR BELENGKONG;SULILIRAN BARU;RT 012;-1.99306;116.255558
6401030009001300;64010300090013;64;1;030;009;0013;0;KALIMANTAN TIMUR;PASER;PASIR BELENGKONG;SULILIRAN BARU;RT 013;-1.99335;116.254474
6401030009001400;64010300090014;64;1;030;009;0014;0;KALIMANTAN TIMUR;PASER;PASIR BELENGKONG;SULILIRAN BARU;RT 014;-1.99314;116.253423
6401030009001500;64010300090015;64;1;030;009;0015;0;KALIMANTAN TIMUR;PASER;PASIR BELENGKONG;SULILIRAN BARU;RT 015;-1.99378;116.252461
6401030009001600;64010300090016;64;1;030;009;0016;0;KALIMANTAN TIMUR;PASER;PASIR BELENGKONG;SULILIRAN BARU;RT 016;-1.99282;116.251287
6401030009001700;64010300090017;64;1;030;009;0017;0;KALIMANTAN TIMUR;PASER;PASIR BELENGKONG;SULILIRAN BARU;RT 017;-1.99388;116.249757
6401030009001800;64010300090018;64;1;030;009;0018;0;KALIMANTAN TIMUR;PASER;PASIR BELENGKONG;SULILIRAN BARU;RT 018;-1.99946;116.242215
6401030009001900;64010300090019;64;1;030;009;0019;0;KALIMANTAN TIMUR;PASER;PASIR BELENGKONG;SULILIRAN BARU;RT 019;-1.99101;116.24514
6401030009002000;64010300090020;64;1;030;009;0020;0;KALIMANTAN TIMUR;PASER;PASIR BELENGKONG;SULILIRAN BARU;RT 020;-1.98342;116.242475
6401030009002100;64010300090021;64;1;030;009;0021;0;KALIMANTAN TIMUR;PASER;PASIR BELENGKONG;SULILIRAN BARU;RT 021;-2.00375;116.251002
6401030009002200;64010300090022;64;1;030;009;0022;0;KALIMANTAN TIMUR;PASER;PASIR BELENGKONG;SULILIRAN BARU;RT 022;-1.98502;116.252938
6401030009002300;64010300090023;64;1;030;009;0023;0;KALIMANTAN TIMUR;PASER;PASIR BELENGKONG;SULILIRAN BARU;RT 023;-2.02599;116.264369
6401030009100100;64010300091001;64;1;030;009;1001;0;KALIMANTAN TIMUR;PASER;PASIR BELENGKONG;SULILIRAN BARU;KEBUN PLASMA;-2.00209;116.26769
6401030009100200;64010300091002;64;1;030;009;1002;0;KALIMANTAN TIMUR;PASER;PASIR BELENGKONG;SULILIRAN BARU;KEBUN;-1.97384;116.272159
6401030010000100;64010300100001;64;1;030;010;0001;0;KALIMANTAN TIMUR;PASER;PASIR BELENGKONG;SULILIRAN;RT 001;-1.94631;116.250376
6401030010000200;64010300100002;64;1;030;010;0002;0;KALIMANTAN TIMUR;PASER;PASIR BELENGKONG;SULILIRAN;RT 002;-1.93042;116.277249
6401030010000300;64010300100003;64;1;030;010;0003;0;KALIMANTAN TIMUR;PASER;PASIR BELENGKONG;SULILIRAN;RT 003;-1.92612;116.254484
6401030010000400;64010300100004;64;1;030;010;0004;0;KALIMANTAN TIMUR;PASER;PASIR BELENGKONG;SULILIRAN;RT 004;-1.95946;116.253873
6401030010000500;64010300100005;64;1;030;010;0005;0;KALIMANTAN TIMUR;PASER;PASIR BELENGKONG;SULILIRAN;RT 005;-1.94499;116.247473
6401030010000600;64010300100006;64;1;030;010;0006;0;KALIMANTAN TIMUR;PASER;PASIR BELENGKONG;SULILIRAN;RT 006;-1.9448;116.250535
6401030010000700;64010300100007;64;1;030;010;0007;0;KALIMANTAN TIMUR;PASER;PASIR BELENGKONG;SULILIRAN;RT 007;-1.93918;116.248083
6401030010000800;64010300100008;64;1;030;010;0008;0;KALIMANTAN TIMUR;PASER;PASIR BELENGKONG;SULILIRAN;RT 008;-1.93741;116.25102
6401030010000900;64010300100009;64;1;030;010;0009;0;KALIMANTAN TIMUR;PASER;PASIR BELENGKONG;SULILIRAN;RT 009;-1.92405;116.285698
6401030010001000;64010300100010;64;1;030;010;0010;0;KALIMANTAN TIMUR;PASER;PASIR BELENGKONG;SULILIRAN;RT 010;-1.92789;116.28991
6401030010001100;64010300100011;64;1;030;010;0011;0;KALIMANTAN TIMUR;PASER;PASIR BELENGKONG;SULILIRAN;RT 011;-1.92186;116.288663
6401030010001200;64010300100012;64;1;030;010;0012;0;KALIMANTAN TIMUR;PASER;PASIR BELENGKONG;SULILIRAN;RT 012;-1.9255;116.2924
6401030010100100;64010300101001;64;1;030;010;1001;0;KALIMANTAN TIMUR;PASER;PASIR BELENGKONG;SULILIRAN;KEBUN;-1.94422;116.291334
6401030011000100;64010300110001;64;1;030;011;0001;0;KALIMANTAN TIMUR;PASER;PASIR BELENGKONG;LABURAN BARU;RT 001;-1.96561;116.306591
6401030011000300;64010300110003;64;1;030;011;0003;0;KALIMANTAN TIMUR;PASER;PASIR BELENGKONG;LABURAN BARU;RT 003;-1.96302;116.301553
6401030011001700;64010300110017;64;1;030;011;0017;0;KALIMANTAN TIMUR;PASER;PASIR BELENGKONG;LABURAN BARU;RT 002;-1.97224;116.304882
6401030011001800;64010300110018;64;1;030;011;0018;0;KALIMANTAN TIMUR;PASER;PASIR BELENGKONG;LABURAN BARU;RT 004;-1.96358;116.312527
6401030011001900;64010300110019;64;1;030;011;0019;0;KALIMANTAN TIMUR;PASER;PASIR BELENGKONG;LABURAN BARU;RT 005;-1.95619;116.312701
6401030011002000;64010300110020;64;1;030;011;0020;0;KALIMANTAN TIMUR;PASER;PASIR BELENGKONG;LABURAN BARU;RT 006;-1.96963;116.31159
6401030011002100;64010300110021;64;1;030;011;0021;0;KALIMANTAN TIMUR;PASER;PASIR BELENGKONG;LABURAN BARU;RT 007;-1.97562;116.314345
6401030011002200;64010300110022;64;1;030;011;0022;0;KALIMANTAN TIMUR;PASER;PASIR BELENGKONG;LABURAN BARU;RT 008;-1.97499;116.309228
6401030011002300;64010300110023;64;1;030;011;0023;0;KALIMANTAN TIMUR;PASER;PASIR BELENGKONG;LABURAN BARU;RT 009;-1.97396;116.298106
6401030011100100;64010300111001;64;1;030;011;1001;0;KALIMANTAN TIMUR;PASER;PASIR BELENGKONG;LABURAN BARU;KEBUN SAWIT;-1.98057;116.300301
6401030012000100;64010300120001;64;1;030;012;0001;0;KALIMANTAN TIMUR;PASER;PASIR BELENGKONG;LABURAN;RT 001;-2.01441;116.352086
6401030012000200;64010300120002;64;1;030;012;0002;0;KALIMANTAN TIMUR;PASER;PASIR BELENGKONG;LABURAN;RT 002;-1.98283;116.375265
6401030012000300;64010300120003;64;1;030;012;0003;0;KALIMANTAN TIMUR;PASER;PASIR BELENGKONG;LABURAN;RT 003;-1.945;116.325081
6401030012000400;64010300120004;64;1;030;012;0004;0;KALIMANTAN TIMUR;PASER;PASIR BELENGKONG;LABURAN;RT 004;-1.93999;116.37134
6401030012000500;64010300120005;64;1;030;012;0005;0;KALIMANTAN TIMUR;PASER;PASIR BELENGKONG;LABURAN;RT 005;-1.8962;116.361102
6401030012000600;64010300120006;64;1;030;012;0006;0;KALIMANTAN TIMUR;PASER;PASIR BELENGKONG;LABURAN;RT 006;-2.04423;116.383453
6401030012000700;64010300120007;64;1;030;012;0007;0;KALIMANTAN TIMUR;PASER;PASIR BELENGKONG;LABURAN;RT 007;-2.02306;116.305368
6401030012000800;64010300120008;64;1;030;012;0008;0;KALIMANTAN TIMUR;PASER;PASIR BELENGKONG;LABURAN;RT 008;-2.03936;116.362481
6401030012000900;64010300120009;64;1;030;012;0009;0;KALIMANTAN TIMUR;PASER;PASIR BELENGKONG;LABURAN;RT 009;-2.02673;116.383575
6401030012001000;64010300120010;64;1;030;012;0010;0;KALIMANTAN TIMUR;PASER;PASIR BELENGKONG;LABURAN;RT 010;-2.03014;116.431673
6401030012001100;64010300120011;64;1;030;012;0011;0;KALIMANTAN TIMUR;PASER;PASIR BELENGKONG;LABURAN;RT 011;-2.00831;116.378377
6401030012001200;64010300120012;64;1;030;012;0012;0;KALIMANTAN TIMUR;PASER;PASIR BELENGKONG;LABURAN;RT 012;-2.05549;116.364514
6401030012001300;64010300120013;64;1;030;012;0013;0;KALIMANTAN TIMUR;PASER;PASIR BELENGKONG;LABURAN;RT 013;-2.03881;116.40327
6401030012001400;64010300120014;64;1;030;012;0014;0;KALIMANTAN TIMUR;PASER;PASIR BELENGKONG;LABURAN;RT 014;-2.00396;116.418417
6401030012001500;64010300120015;64;1;030;012;0015;0;KALIMANTAN TIMUR;PASER;PASIR BELENGKONG;LABURAN;RT 015;-2.03141;116.340121
6401030013000100;64010300130001;64;1;030;013;0001;0;KALIMANTAN TIMUR;PASER;PASIR BELENGKONG;OLONG PINANG;RT 001;-1.96935;116.11847
6401030013000200;64010300130002;64;1;030;013;0002;0;KALIMANTAN TIMUR;PASER;PASIR BELENGKONG;OLONG PINANG;RT 002;-1.97918;116.125904
6401030013000300;64010300130003;64;1;030;013;0003;0;KALIMANTAN TIMUR;PASER;PASIR BELENGKONG;OLONG PINANG;RT 003;-1.93433;116.123051
6401030013000400;64010300130004;64;1;030;013;0004;0;KALIMANTAN TIMUR;PASER;PASIR BELENGKONG;OLONG PINANG;RT 004;-1.92277;116.119912
6401030013000500;64010300130005;64;1;030;013;0005;0;KALIMANTAN TIMUR;PASER;PASIR BELENGKONG;OLONG PINANG;RT 005;-1.92705;116.126293
6401030014000100;64010300140001;64;1;030;014;0001;0;KALIMANTAN TIMUR;PASER;PASIR BELENGKONG;SUNGE BATU;RT 001;-1.92309;116.450463
6401030014000200;64010300140002;64;1;030;014;0002;0;KALIMANTAN TIMUR;PASER;PASIR BELENGKONG;SUNGE BATU;RT 002;-1.94941;116.443638
6401030014000300;64010300140003;64;1;030;014;0003;0;KALIMANTAN TIMUR;PASER;PASIR BELENGKONG;SUNGE BATU;RT 003;-1.93731;116.419234
6401030015000100;64010300150001;64;1;030;015;0001;0;KALIMANTAN TIMUR;PASER;PASIR BELENGKONG;SUATANG KETEBAN;RT 001;-1.9616;116.196024
6401030015000200;64010300150002;64;1;030;015;0002;0;KALIMANTAN TIMUR;PASER;PASIR BELENGKONG;SUATANG KETEBAN;RT 002;-1.95578;116.190938
6401030015000300;64010300150003;64;1;030;015;0003;0;KALIMANTAN TIMUR;PASER;PASIR BELENGKONG;SUATANG KETEBAN;RT 003;-1.94579;116.199274
6401030015000400;64010300150004;64;1;030;015;0004;0;KALIMANTAN TIMUR;PASER;PASIR BELENGKONG;SUATANG KETEBAN;RT 004;-1.96769;116.175941
6401040001000100;64010400010001;64;1;040;001;0001;0;KALIMANTAN TIMUR;PASER;TANAH GROGOT;JANJU;RT 001;-1.85691;116.169927
6401040001000200;64010400010002;64;1;040;001;0002;0;KALIMANTAN TIMUR;PASER;TANAH GROGOT;JANJU;RT 002;-1.85145;116.156482
6401040001000300;64010400010003;64;1;040;001;0003;0;KALIMANTAN TIMUR;PASER;TANAH GROGOT;JANJU;RT 003;-1.8359;116.155127
6401040001000400;64010400010004;64;1;040;001;0004;0;KALIMANTAN TIMUR;PASER;TANAH GROGOT;JANJU;RT 004;-1.86487;116.135081
6401040001000500;64010400010005;64;1;040;001;0005;0;KALIMANTAN TIMUR;PASER;TANAH GROGOT;JANJU;RT 005;-1.83142;116.140237
6401040001000600;64010400010006;64;1;040;001;0006;0;KALIMANTAN TIMUR;PASER;TANAH GROGOT;JANJU;RT 006;-1.85492;116.163649
6401040001000700;64010400010007;64;1;040;001;0007;0;KALIMANTAN TIMUR;PASER;TANAH GROGOT;JANJU;RT 007;-1.84738;116.164327
6401040001000801;64010400010008;64;1;040;001;0008;1;KALIMANTAN TIMUR;PASER;TANAH GROGOT;JANJU;RT 008;-1.86088;116.17239
6401040001000802;64010400010008;64;1;040;001;0008;2;KALIMANTAN TIMUR;PASER;TANAH GROGOT;JANJU;RT 008;-1.82472;116.182628
6401040001000803;64010400010008;64;1;040;001;0008;3;KALIMANTAN TIMUR;PASER;TANAH GROGOT;JANJU;RT 008;-1.86143;116.174223
6401040002000100;64010400020001;64;1;040;002;0001;0;KALIMANTAN TIMUR;PASER;TANAH GROGOT;SEMPULANG;RT 001;-1.85799;116.160418
6401040002000200;64010400020002;64;1;040;002;0002;0;KALIMANTAN TIMUR;PASER;TANAH GROGOT;SEMPULANG;RT 002;-1.85521;116.153979
6401040002000300;64010400020003;64;1;040;002;0003;0;KALIMANTAN TIMUR;PASER;TANAH GROGOT;SEMPULANG;RT 003;-1.86373;116.147365
6401040002000400;64010400020004;64;1;040;002;0004;0;KALIMANTAN TIMUR;PASER;TANAH GROGOT;SEMPULANG;RT 004;-1.85594;116.150343
6401040002000500;64010400020005;64;1;040;002;0005;0;KALIMANTAN TIMUR;PASER;TANAH GROGOT;SEMPULANG;RT 005;-1.85403;116.148735
6401040002000600;64010400020006;64;1;040;002;0006;0;KALIMANTAN TIMUR;PASER;TANAH GROGOT;SEMPULANG;RT 006;-1.85929;116.153205
6401040002000700;64010400020007;64;1;040;002;0007;0;KALIMANTAN TIMUR;PASER;TANAH GROGOT;SEMPULANG;RT 007;-1.86863;116.159188
6401040002000800;64010400020008;64;1;040;002;0008;0;KALIMANTAN TIMUR;PASER;TANAH GROGOT;SEMPULANG;RT 008;-1.86276;116.152897
6401040002000900;64010400020009;64;1;040;002;0009;0;KALIMANTAN TIMUR;PASER;TANAH GROGOT;SEMPULANG;RT 009;-1.86711;116.151958
6401040002001000;64010400020010;64;1;040;002;0010;0;KALIMANTAN TIMUR;PASER;TANAH GROGOT;SEMPULANG;RT 010;-1.87253;116.151827
6401040002001100;64010400020011;64;1;040;002;0011;0;KALIMANTAN TIMUR;PASER;TANAH GROGOT;SEMPULANG;RT 011;-1.86516;116.152538
6401040003000100;64010400030001;64;1;040;003;0001;0;KALIMANTAN TIMUR;PASER;TANAH GROGOT;TEPIAN BATANG;RT 001;-1.91361;116.178045
6401040003000201;64010400030002;64;1;040;003;0002;1;KALIMANTAN TIMUR;PASER;TANAH GROGOT;TEPIAN BATANG;RT 002;-1.90361;116.186163
6401040003000202;64010400030002;64;1;040;003;0002;2;KALIMANTAN TIMUR;PASER;TANAH GROGOT;TEPIAN BATANG;RT 002;-1.90292;116.184694
6401040003000300;64010400030003;64;1;040;003;0003;0;KALIMANTAN TIMUR;PASER;TANAH GROGOT;TEPIAN BATANG;RT 003;-1.89739;116.18447
6401040003000401;64010400030004;64;1;040;003;0004;1;KALIMANTAN TIMUR;PASER;TANAH GROGOT;TEPIAN BATANG;RT 004;-1.88952;116.177419
6401040003000402;64010400030004;64;1;040;003;0004;2;KALIMANTAN TIMUR;PASER;TANAH GROGOT;TEPIAN BATANG;RT 004;-1.88695;116.1845
6401040003000501;64010400030005;64;1;040;003;0005;1;KALIMANTAN TIMUR;PASER;TANAH GROGOT;TEPIAN BATANG;RT 005;-1.87998;116.174431
6401040003000502;64010400030005;64;1;040;003;0005;2;KALIMANTAN TIMUR;PASER;TANAH GROGOT;TEPIAN BATANG;RT 005;-1.87899;116.178698
6401040003000503;64010400030005;64;1;040;003;0005;3;KALIMANTAN TIMUR;PASER;TANAH GROGOT;TEPIAN BATANG;RT 005;-1.87905;116.17655
6401040003000601;64010400030006;64;1;040;003;0006;1;KALIMANTAN TIMUR;PASER;TANAH GROGOT;TEPIAN BATANG;RT 006;-1.88713;116.166361
6401040003000602;64010400030006;64;1;040;003;0006;2;KALIMANTAN TIMUR;PASER;TANAH GROGOT;TEPIAN BATANG;RT 006;-1.88068;116.166707
6401040003000603;64010400030006;64;1;040;003;0006;3;KALIMANTAN TIMUR;PASER;TANAH GROGOT;TEPIAN BATANG;RT 006;-1.8868;116.173347
6401040003000604;64010400030006;64;1;040;003;0006;4;KALIMANTAN TIMUR;PASER;TANAH GROGOT;TEPIAN BATANG;RT 006;-1.88797;116.172169
6401040003000700;64010400030007;64;1;040;003;0007;0;KALIMANTAN TIMUR;PASER;TANAH GROGOT;TEPIAN BATANG;RT 007;-1.89265;116.151439
6401040003000800;64010400030008;64;1;040;003;0008;0;KALIMANTAN TIMUR;PASER;TANAH GROGOT;TEPIAN BATANG;RT 008;-1.92059;116.162715
6401040003000901;64010400030009;64;1;040;003;0009;1;KALIMANTAN TIMUR;PASER;TANAH GROGOT;TEPIAN BATANG;RT 009;-1.89489;116.180273
6401040003000902;64010400030009;64;1;040;003;0009;2;KALIMANTAN TIMUR;PASER;TANAH GROGOT;TEPIAN BATANG;RT 009;-1.89351;116.183376
6401040003001001;64010400030010;64;1;040;003;0010;1;KALIMANTAN TIMUR;PASER;TANAH GROGOT;TEPIAN BATANG;RT 010;-1.87524;116.185791
6401040003001002;64010400030010;64;1;040;003;0010;2;KALIMANTAN TIMUR;PASER;TANAH GROGOT;TEPIAN BATANG;RT 010;-1.88077;116.186468
6401040003001100;64010400030011;64;1;040;003;0011;0;KALIMANTAN TIMUR;PASER;TANAH GROGOT;TEPIAN BATANG;RT 011;-1.90316;116.160342
6401040003001200;64010400030012;64;1;040;003;0012;0;KALIMANTAN TIMUR;PASER;TANAH GROGOT;TEPIAN BATANG;RT 012;-1.8686;116.174606
6401040004000101;64010400040001;64;1;040;004;0001;1;KALIMANTAN TIMUR;PASER;TANAH GROGOT;TANAH GROGOT;RT 001 RW 001;-1.92182;116.201222
6401040004000102;64010400040001;64;1;040;004;0001;2;KALIMANTAN TIMUR;PASER;TANAH GROGOT;TANAH GROGOT;RT 001 RW 001;-1.9207;116.200059
6401040004000201;64010400040002;64;1;040;004;0002;1;KALIMANTAN TIMUR;PASER;TANAH GROGOT;TANAH GROGOT;RT 002 RW 001;-1.92095;116.198901
6401040004000202;64010400040002;64;1;040;004;0002;2;KALIMANTAN TIMUR;PASER;TANAH GROGOT;TANAH GROGOT;RT 002 RW 001;-1.91683;116.198178
6401040004000300;64010400040003;64;1;040;004;0003;0;KALIMANTAN TIMUR;PASER;TANAH GROGOT;TANAH GROGOT;RT 003 RW 001;-1.91829;116.199577
6401040004000401;64010400040004;64;1;040;004;0004;1;KALIMANTAN TIMUR;PASER;TANAH GROGOT;TANAH GROGOT;RT 004 RW 001;-1.91111;116.200027
6401040004000402;64010400040004;64;1;040;004;0004;2;KALIMANTAN TIMUR;PASER;TANAH GROGOT;TANAH GROGOT;RT 004 RW 001;-1.90705;116.202394
6401040004000500;64010400040005;64;1;040;004;0005;0;KALIMANTAN TIMUR;PASER;TANAH GROGOT;TANAH GROGOT;RT 007 RW 001;-1.91538;116.199092
6401040004000600;64010400040006;64;1;040;004;0006;0;KALIMANTAN TIMUR;PASER;TANAH GROGOT;TANAH GROGOT;RT 001 RW 002;-1.91744;116.196977
6401040004000700;64010400040007;64;1;040;004;0007;0;KALIMANTAN TIMUR;PASER;TANAH GROGOT;TANAH GROGOT;RT 002 RW 002;-1.91708;116.195563
6401040004000800;64010400040008;64;1;040;004;0008;0;KALIMANTAN TIMUR;PASER;TANAH GROGOT;TANAH GROGOT;RT 004 RW 002;-1.91883;116.196349
6401040004000900;64010400040009;64;1;040;004;0009;0;KALIMANTAN TIMUR;PASER;TANAH GROGOT;TANAH GROGOT;RT 005 RW 002;-1.91515;116.194355
6401040004001000;64010400040010;64;1;040;004;0010;0;KALIMANTAN TIMUR;PASER;TANAH GROGOT;TANAH GROGOT;RT 006 RW 002;-1.91513;116.19626
6401040004001100;64010400040011;64;1;040;004;0011;0;KALIMANTAN TIMUR;PASER;TANAH GROGOT;TANAH GROGOT;RT 008 RW 002;-1.91501;116.195257
6401040004001200;64010400040012;64;1;040;004;0012;0;KALIMANTAN TIMUR;PASER;TANAH GROGOT;TANAH GROGOT;RT 009 RW 002;-1.91515;116.197381
6401040004001301;64010400040013;64;1;040;004;0013;1;KALIMANTAN TIMUR;PASER;TANAH GROGOT;TANAH GROGOT;RT 013 RW 002;-1.92301;116.197835
6401040004001302;64010400040013;64;1;040;004;0013;2;KALIMANTAN TIMUR;PASER;TANAH GROGOT;TANAH GROGOT;RT 013 RW 002;-1.92049;116.196832
6401040004001400;64010400040014;64;1;040;004;0014;0;KALIMANTAN TIMUR;PASER;TANAH GROGOT;TANAH GROGOT;RT 015 RW 002;-1.91508;116.193417
6401040004001500;64010400040015;64;1;040;004;0015;0;KALIMANTAN TIMUR;PASER;TANAH GROGOT;TANAH GROGOT;RT 001 RW 003;-1.91242;116.194233
6401040004001600;64010400040016;64;1;040;004;0016;0;KALIMANTAN TIMUR;PASER;TANAH GROGOT;TANAH GROGOT;RT 002 RW 003;-1.91045;116.191186
6401040004001700;64010400040017;64;1;040;004;0017;0;KALIMANTAN TIMUR;PASER;TANAH GROGOT;TANAH GROGOT;RT 003 RW 003;-1.90683;116.188644
6401040004001800;64010400040018;64;1;040;004;0018;0;KALIMANTAN TIMUR;PASER;TANAH GROGOT;TANAH GROGOT;RT 004 RW 003;-1.90849;116.193101
6401040004001901;64010400040019;64;1;040;004;0019;1;KALIMANTAN TIMUR;PASER;TANAH GROGOT;TANAH GROGOT;RT 005 RW 003;-1.91122;116.196126
6401040004001902;64010400040019;64;1;040;004;0019;2;KALIMANTAN TIMUR;PASER;TANAH GROGOT;TANAH GROGOT;RT 005 RW 003;-1.91246;116.197682
6401040004001903;64010400040019;64;1;040;004;0019;3;KALIMANTAN TIMUR;PASER;TANAH GROGOT;TANAH GROGOT;RT 005 RW 003;-1.91342;116.197802
6401040004001904;64010400040019;64;1;040;004;0019;4;KALIMANTAN TIMUR;PASER;TANAH GROGOT;TANAH GROGOT;RT 005 RW 003;-1.91307;116.197973
6401040004001905;64010400040019;64;1;040;004;0019;5;KALIMANTAN TIMUR;PASER;TANAH GROGOT;TANAH GROGOT;RT 005 RW 003;-1.91271;116.198145
6401040004001906;64010400040019;64;1;040;004;0019;6;KALIMANTAN TIMUR;PASER;TANAH GROGOT;TANAH GROGOT;RT 005 RW 003;-1.91238;116.198314
6401040004001907;64010400040019;64;1;040;004;0019;7;KALIMANTAN TIMUR;PASER;TANAH GROGOT;TANAH GROGOT;RT 005 RW 003;-1.9121;116.198465
6401040004002000;64010400040020;64;1;040;004;0020;0;KALIMANTAN TIMUR;PASER;TANAH GROGOT;TANAH GROGOT;RT 006 RW 003;-1.91208;116.192794
6401040004002101;64010400040021;64;1;040;004;0021;1;KALIMANTAN TIMUR;PASER;TANAH GROGOT;TANAH GROGOT;RT 007 RW 003;-1.90916;116.188706
6401040004002102;64010400040021;64;1;040;004;0021;2;KALIMANTAN TIMUR;PASER;TANAH GROGOT;TANAH GROGOT;RT 007 RW 003;-1.91052;116.18852
6401040004002200;64010400040022;64;1;040;004;0022;0;KALIMANTAN TIMUR;PASER;TANAH GROGOT;TANAH GROGOT;RT 009 RW 003;-1.90536;116.190099
6401040004002300;64010400040023;64;1;040;004;0023;0;KALIMANTAN TIMUR;PASER;TANAH GROGOT;TANAH GROGOT;RT 010 RW 003;-1.91316;116.195833
6401040004002400;64010400040024;64;1;040;004;0024;0;KALIMANTAN TIMUR;PASER;TANAH GROGOT;TANAH GROGOT;RT 001 RW 004;-1.90404;116.194549
6401040004002500;64010400040025;64;1;040;004;0025;0;KALIMANTAN TIMUR;PASER;TANAH GROGOT;TANAH GROGOT;RT 002 RW 004;-1.90819;116.194991
6401040004002601;64010400040026;64;1;040;004;0026;1;KALIMANTAN TIMUR;PASER;TANAH GROGOT;TANAH GROGOT;RT 003 RW 004;-1.90171;116.189459
6401040004002602;64010400040026;64;1;040;004;0026;2;KALIMANTAN TIMUR;PASER;TANAH GROGOT;TANAH GROGOT;RT 003 RW 004;-1.8983;116.189861
6401040004002700;64010400040027;64;1;040;004;0027;0;KALIMANTAN TIMUR;PASER;TANAH GROGOT;TANAH GROGOT;RT 004 RW 004;-1.90073;116.186873
6401040004002801;64010400040028;64;1;040;004;0028;1;KALIMANTAN TIMUR;PASER;TANAH GROGOT;TANAH GROGOT;RT 005 RW 004;-1.90186;116.196795
6401040004002802;64010400040028;64;1;040;004;0028;2;KALIMANTAN TIMUR;PASER;TANAH GROGOT;TANAH GROGOT;RT 005 RW 004;-1.90099;116.1955
6401040004002803;64010400040028;64;1;040;004;0028;3;KALIMANTAN TIMUR;PASER;TANAH GROGOT;TANAH GROGOT;RT 005 RW 004;-1.89947;116.197365
6401040004002804;64010400040028;64;1;040;004;0028;4;KALIMANTAN TIMUR;PASER;TANAH GROGOT;TANAH GROGOT;RT 005 RW 004;-1.89954;116.195452
6401040004002805;64010400040028;64;1;040;004;0028;5;KALIMANTAN TIMUR;PASER;TANAH GROGOT;TANAH GROGOT;RT 005 RW 004;-1.898;116.19518
6401040004002900;64010400040029;64;1;040;004;0029;0;KALIMANTAN TIMUR;PASER;TANAH GROGOT;TANAH GROGOT;RT 006 RW 004;-1.90257;116.193782
6401040004003000;64010400040030;64;1;040;004;0030;0;KALIMANTAN TIMUR;PASER;TANAH GROGOT;TANAH GROGOT;RT 007 RW 004;-1.90348;116.197044
6401040004003100;64010400040031;64;1;040;004;0031;0;KALIMANTAN TIMUR;PASER;TANAH GROGOT;TANAH GROGOT;RT 010 RW 004;-1.90608;116.195803
6401040004003201;64010400040032;64;1;040;004;0032;1;KALIMANTAN TIMUR;PASER;TANAH GROGOT;TANAH GROGOT;RT 011 RW 004;-1.90231;116.191342
6401040004003202;64010400040032;64;1;040;004;0032;2;KALIMANTAN TIMUR;PASER;TANAH GROGOT;TANAH GROGOT;RT 011 RW 004;-1.90042;116.193123
6401040004003300;64010400040033;64;1;040;004;0033;0;KALIMANTAN TIMUR;PASER;TANAH GROGOT;TANAH GROGOT;RT 012 RW 004;-1.90673;116.193399
6401040004003400;64010400040034;64;1;040;004;0034;0;KALIMANTAN TIMUR;PASER;TANAH GROGOT;TANAH GROGOT;RT 013 RW 004;-1.9044;116.191298
6401040004003501;64010400040035;64;1;040;004;0035;1;KALIMANTAN TIMUR;PASER;TANAH GROGOT;TANAH GROGOT;RT 017 RW 004;-1.8938;116.190345
6401040004003502;64010400040035;64;1;040;004;0035;2;KALIMANTAN TIMUR;PASER;TANAH GROGOT;TANAH GROGOT;RT 017 RW 004;-1.88667;116.190685
6401040004003503;64010400040035;64;1;040;004;0035;3;KALIMANTAN TIMUR;PASER;TANAH GROGOT;TANAH GROGOT;RT 017 RW 004;-1.87742;116.192637
6401040004003600;64010400040036;64;1;040;004;0036;0;KALIMANTAN TIMUR;PASER;TANAH GROGOT;TANAH GROGOT;RT 001 RW 005;-1.91499;116.187511
6401040004003700;64010400040037;64;1;040;004;0037;0;KALIMANTAN TIMUR;PASER;TANAH GROGOT;TANAH GROGOT;RT 003 RW 005;-1.91821;116.191961
6401040004003801;64010400040038;64;1;040;004;0038;1;KALIMANTAN TIMUR;PASER;TANAH GROGOT;TANAH GROGOT;RT 004 RW 005;-1.91588;116.190193
6401040004003802;64010400040038;64;1;040;004;0038;2;KALIMANTAN TIMUR;PASER;TANAH GROGOT;TANAH GROGOT;RT 004 RW 005;-1.91453;116.190261
6401040004003901;64010400040039;64;1;040;004;0039;1;KALIMANTAN TIMUR;PASER;TANAH GROGOT;TANAH GROGOT;RT 007 RW 005;-1.91446;116.191951
6401040004003902;64010400040039;64;1;040;004;0039;2;KALIMANTAN TIMUR;PASER;TANAH GROGOT;TANAH GROGOT;RT 007 RW 005;-1.9157;116.192195
6401040004004001;64010400040040;64;1;040;004;0040;1;KALIMANTAN TIMUR;PASER;TANAH GROGOT;TANAH GROGOT;RT 010 RW 005;-1.91233;116.187339
6401040004004002;64010400040040;64;1;040;004;0040;2;KALIMANTAN TIMUR;PASER;TANAH GROGOT;TANAH GROGOT;RT 010 RW 005;-1.91257;116.188724
6401040004004100;64010400040041;64;1;040;004;0041;0;KALIMANTAN TIMUR;PASER;TANAH GROGOT;TANAH GROGOT;RT 011 RW 005;-1.91954;116.194281
6401040004004201;64010400040042;64;1;040;004;0042;1;KALIMANTAN TIMUR;PASER;TANAH GROGOT;TANAH GROGOT;RT 012 RW 005;-1.91719;116.19379
6401040004004202;64010400040042;64;1;040;004;0042;2;KALIMANTAN TIMUR;PASER;TANAH GROGOT;TANAH GROGOT;RT 012 RW 005;-1.91844;116.193746
6401040004004300;64010400040043;64;1;040;004;0043;0;KALIMANTAN TIMUR;PASER;TANAH GROGOT;TANAH GROGOT;RT 014 RW 005;-1.91747;116.187697
6401040004004400;64010400040044;64;1;040;004;0044;0;KALIMANTAN TIMUR;PASER;TANAH GROGOT;TANAH GROGOT;RT 001 RW 006;-1.9102;116.198781
6401040004004500;64010400040045;64;1;040;004;0045;0;KALIMANTAN TIMUR;PASER;TANAH GROGOT;TANAH GROGOT;RT 002 RW 006;-1.90469;116.199542
6401040004004600;64010400040046;64;1;040;004;0046;0;KALIMANTAN TIMUR;PASER;TANAH GROGOT;TANAH GROGOT;RT 006 RW 006;-1.90864;116.198126
6401040004004700;64010400040047;64;1;040;004;0047;0;KALIMANTAN TIMUR;PASER;TANAH GROGOT;TANAH GROGOT;RT 007 RW 006;-1.90653;116.199517
6401040004004800;64010400040048;64;1;040;004;0048;0;KALIMANTAN TIMUR;PASER;TANAH GROGOT;TANAH GROGOT;RT 008 RW 006;-1.91092;116.197908
6401040004004900;64010400040049;64;1;040;004;0049;0;KALIMANTAN TIMUR;PASER;TANAH GROGOT;TANAH GROGOT;RT 009 RW 006;-1.90932;116.19646
6401040004005000;64010400040050;64;1;040;004;0050;0;KALIMANTAN TIMUR;PASER;TANAH GROGOT;TANAH GROGOT;RT 014 RW 006;-1.90355;116.198665
6401040004005100;64010400040051;64;1;040;004;0051;0;KALIMANTAN TIMUR;PASER;TANAH GROGOT;TANAH GROGOT;RT 015 RW 006;-1.90753;116.198644
6401040004005200;64010400040052;64;1;040;004;0052;0;KALIMANTAN TIMUR;PASER;TANAH GROGOT;TANAH GROGOT;RT 016 RW 006;-1.90448;116.200946
6401040004005300;64010400040053;64;1;040;004;0053;0;KALIMANTAN TIMUR;PASER;TANAH GROGOT;TANAH GROGOT;RT 002 RW 005;-1.92223;116.1923
6401040004005400;64010400040054;64;1;040;004;0054;0;KALIMANTAN TIMUR;PASER;TANAH GROGOT;TANAH GROGOT;RT 013 RW 005;-1.92174;116.194605
6401040004005500;64010400040055;64;1;040;004;0055;0;KALIMANTAN TIMUR;PASER;TANAH GROGOT;TANAH GROGOT;RT 005 RW 005;-1.91928;116.187159
6401040004005600;64010400040056;64;1;040;004;0056;0;KALIMANTAN TIMUR;PASER;TANAH GROGOT;TANAH GROGOT;RT 006 RW 005;-1.92147;116.187864
6401040005000101;64010400050001;64;1;040;005;0001;1;KALIMANTAN TIMUR;PASER;TANAH GROGOT;TANAH PERIUK;RT 001;-1.92501;116.200578
6401040005000102;64010400050001;64;1;040;005;0001;2;KALIMANTAN TIMUR;PASER;TANAH GROGOT;TANAH PERIUK;RT 001;-1.92972;116.19756
6401040005000200;64010400050002;64;1;040;005;0002;0;KALIMANTAN TIMUR;PASER;TANAH GROGOT;TANAH PERIUK;RT 002;-1.92604;116.208881
6401040005000300;64010400050003;64;1;040;005;0003;0;KALIMANTAN TIMUR;PASER;TANAH GROGOT;TANAH PERIUK;RT 003;-1.93673;116.201596
6401040005000400;64010400050004;64;1;040;005;0004;0;KALIMANTAN TIMUR;PASER;TANAH GROGOT;TANAH PERIUK;RT 004;-1.93421;116.211442
6401040005000500;64010400050005;64;1;040;005;0005;0;KALIMANTAN TIMUR;PASER;TANAH GROGOT;TANAH PERIUK;RT 005;-1.94367;116.208897
6401040005000600;64010400050006;64;1;040;005;0006;0;KALIMANTAN TIMUR;PASER;TANAH GROGOT;TANAH PERIUK;RT 006;-1.92627;116.190081
6401040005000701;64010400050007;64;1;040;005;0007;1;KALIMANTAN TIMUR;PASER;TANAH GROGOT;TANAH PERIUK;RT 007;-1.92433;116.188406
6401040005000702;64010400050007;64;1;040;005;0007;2;KALIMANTAN TIMUR;PASER;TANAH GROGOT;TANAH PERIUK;RT 007;-1.92685;116.187804
6401040005000800;64010400050008;64;1;040;005;0008;0;KALIMANTAN TIMUR;PASER;TANAH GROGOT;TANAH PERIUK;RT 008;-1.92395;116.184978
6401040005000900;64010400050009;64;1;040;005;0009;0;KALIMANTAN TIMUR;PASER;TANAH GROGOT;TANAH PERIUK;RT 009;-1.92885;116.192842
6401040005001000;64010400050010;64;1;040;005;0010;0;KALIMANTAN TIMUR;PASER;TANAH GROGOT;TANAH PERIUK;RT 010;-1.92876;116.203078
6401040006000100;64010400060001;64;1;040;006;0001;0;KALIMANTAN TIMUR;PASER;TANAH GROGOT;PEPARA;RT 001;-1.92595;116.227282
6401040006000200;64010400060002;64;1;040;006;0002;0;KALIMANTAN TIMUR;PASER;TANAH GROGOT;PEPARA;RT 002;-1.92839;116.233112
6401040006000300;64010400060003;64;1;040;006;0003;0;KALIMANTAN TIMUR;PASER;TANAH GROGOT;PEPARA;RT 003;-1.9367;116.232959
6401040006000400;64010400060004;64;1;040;006;0004;0;KALIMANTAN TIMUR;PASER;TANAH GROGOT;PEPARA;RT 004;-1.93639;116.235565
6401040006000500;64010400060005;64;1;040;006;0005;0;KALIMANTAN TIMUR;PASER;TANAH GROGOT;PEPARA;RT 005;-1.92616;116.244135
6401040007000100;64010400070001;64;1;040;007;0001;0;KALIMANTAN TIMUR;PASER;TANAH GROGOT;SUNGAI TUAK;RT 001;-1.91085;116.221886
6401040007000200;64010400070002;64;1;040;007;0002;0;KALIMANTAN TIMUR;PASER;TANAH GROGOT;SUNGAI TUAK;RT 002;-1.911;116.216902
6401040007000300;64010400070003;64;1;040;007;0003;0;KALIMANTAN TIMUR;PASER;TANAH GROGOT;SUNGAI TUAK;RT 003;-1.91071;116.212553
6401040007000400;64010400070004;64;1;040;007;0004;0;KALIMANTAN TIMUR;PASER;TANAH GROGOT;SUNGAI TUAK;RT 004;-1.91076;116.208538
6401040007000500;64010400070005;64;1;040;007;0005;0;KALIMANTAN TIMUR;PASER;TANAH GROGOT;SUNGAI TUAK;RT 005;-1.91219;116.206159
6401040007000600;64010400070006;64;1;040;007;0006;0;KALIMANTAN TIMUR;PASER;TANAH GROGOT;SUNGAI TUAK;RT 006;-1.9112;116.202717
6401040007000700;64010400070007;64;1;040;007;0007;0;KALIMANTAN TIMUR;PASER;TANAH GROGOT;SUNGAI TUAK;RT 007;-1.91422;116.203188
6401040007000800;64010400070008;64;1;040;007;0008;0;KALIMANTAN TIMUR;PASER;TANAH GROGOT;SUNGAI TUAK;RT 008;-1.91725;116.203635
6401040007000900;64010400070009;64;1;040;007;0009;0;KALIMANTAN TIMUR;PASER;TANAH GROGOT;SUNGAI TUAK;RT 009;-1.92055;116.206105
6401040007001000;64010400070010;64;1;040;007;0010;0;KALIMANTAN TIMUR;PASER;TANAH GROGOT;SUNGAI TUAK;RT 010;-1.92079;116.212171
6401040007001100;64010400070011;64;1;040;007;0011;0;KALIMANTAN TIMUR;PASER;TANAH GROGOT;SUNGAI TUAK;RT 011;-1.92263;116.216273
6401040007001200;64010400070012;64;1;040;007;0012;0;KALIMANTAN TIMUR;PASER;TANAH GROGOT;SUNGAI TUAK;RT 012;-1.92456;116.22154
6401040008000100;64010400080001;64;1;040;008;0001;0;KALIMANTAN TIMUR;PASER;TANAH GROGOT;RANTAU PANJANG;RT 001;-1.90746;116.246819
6401040008000200;64010400080002;64;1;040;008;0002;0;KALIMANTAN TIMUR;PASER;TANAH GROGOT;RANTAU PANJANG;RT 002;-1.90724;116.254655
6401040008000300;64010400080003;64;1;040;008;0003;0;KALIMANTAN TIMUR;PASER;TANAH GROGOT;RANTAU PANJANG;RT 003;-1.90373;116.25871
6401040008000400;64010400080004;64;1;040;008;0004;0;KALIMANTAN TIMUR;PASER;TANAH GROGOT;RANTAU PANJANG;RT 004;-1.86168;116.284739
6401040008000500;64010400080005;64;1;040;008;0005;0;KALIMANTAN TIMUR;PASER;TANAH GROGOT;RANTAU PANJANG;RT 005;-1.89674;116.250104
6401040008000600;64010400080006;64;1;040;008;0006;0;KALIMANTAN TIMUR;PASER;TANAH GROGOT;RANTAU PANJANG;RT 006;-1.89209;116.250672
6401040008000700;64010400080007;64;1;040;008;0007;0;KALIMANTAN TIMUR;PASER;TANAH GROGOT;RANTAU PANJANG;RT 007;-1.88651;116.249647
6401040009000101;64010400090001;64;1;040;009;0001;1;KALIMANTAN TIMUR;PASER;TANAH GROGOT;JONE;RT 001;-1.88218;116.206753
6401040009000102;64010400090001;64;1;040;009;0001;2;KALIMANTAN TIMUR;PASER;TANAH GROGOT;JONE;RT 001;-1.88607;116.201725
6401040009000103;64010400090001;64;1;040;009;0001;3;KALIMANTAN TIMUR;PASER;TANAH GROGOT;JONE;RT 001;-1.89252;116.202121
6401040009000104;64010400090001;64;1;040;009;0001;4;KALIMANTAN TIMUR;PASER;TANAH GROGOT;JONE;RT 001;-1.8906;116.20995
6401040009000105;64010400090001;64;1;040;009;0001;5;KALIMANTAN TIMUR;PASER;TANAH GROGOT;JONE;RT 001;-1.88695;116.206434
6401040009000106;64010400090001;64;1;040;009;0001;6;KALIMANTAN TIMUR;PASER;TANAH GROGOT;JONE;RT 001;-1.8887;116.220855
6401040009000201;64010400090002;64;1;040;009;0002;1;KALIMANTAN TIMUR;PASER;TANAH GROGOT;JONE;RT 002;-1.89666;116.199164
6401040009000202;64010400090002;64;1;040;009;0002;2;KALIMANTAN TIMUR;PASER;TANAH GROGOT;JONE;RT 002;-1.89569;116.201357
6401040009000301;64010400090003;64;1;040;009;0003;1;KALIMANTAN TIMUR;PASER;TANAH GROGOT;JONE;RT 003;-1.89786;116.201887
6401040009000302;64010400090003;64;1;040;009;0003;2;KALIMANTAN TIMUR;PASER;TANAH GROGOT;JONE;RT 003;-1.89651;116.203491
6401040009000401;64010400090004;64;1;040;009;0004;1;KALIMANTAN TIMUR;PASER;TANAH GROGOT;JONE;RT 004;-1.90044;116.202163
6401040009000402;64010400090004;64;1;040;009;0004;2;KALIMANTAN TIMUR;PASER;TANAH GROGOT;JONE;RT 004;-1.89985;116.203187
6401040009000403;64010400090004;64;1;040;009;0004;3;KALIMANTAN TIMUR;PASER;TANAH GROGOT;JONE;RT 004;-1.89875;116.203827
6401040009000500;64010400090005;64;1;040;009;0005;0;KALIMANTAN TIMUR;PASER;TANAH GROGOT;JONE;RT 005;-1.8771;116.232505
6401040009000601;64010400090006;64;1;040;009;0006;1;KALIMANTAN TIMUR;PASER;TANAH GROGOT;JONE;RT 006;-1.89731;116.230252
6401040009000602;64010400090006;64;1;040;009;0006;2;KALIMANTAN TIMUR;PASER;TANAH GROGOT;JONE;RT 006;-1.90863;116.234431
6401040009000603;64010400090006;64;1;040;009;0006;3;KALIMANTAN TIMUR;PASER;TANAH GROGOT;JONE;RT 006;-1.89715;116.238521
6401040009000701;64010400090007;64;1;040;009;0007;1;KALIMANTAN TIMUR;PASER;TANAH GROGOT;JONE;RT 007;-1.88202;116.223205
6401040009000702;64010400090007;64;1;040;009;0007;2;KALIMANTAN TIMUR;PASER;TANAH GROGOT;JONE;RT 007;-1.87834;116.214889
6401040009000703;64010400090007;64;1;040;009;0007;3;KALIMANTAN TIMUR;PASER;TANAH GROGOT;JONE;RT 007;-1.87624;116.214372
6401040009000704;64010400090007;64;1;040;009;0007;4;KALIMANTAN TIMUR;PASER;TANAH GROGOT;JONE;RT 007;-1.87574;116.212754
6401040009000705;64010400090007;64;1;040;009;0007;5;KALIMANTAN TIMUR;PASER;TANAH GROGOT;JONE;RT 007;-1.87915;116.212012
6401040009000706;64010400090007;64;1;040;009;0007;6;KALIMANTAN TIMUR;PASER;TANAH GROGOT;JONE;RT 007;-1.86462;116.204361
6401040009000800;64010400090008;64;1;040;009;0008;0;KALIMANTAN TIMUR;PASER;TANAH GROGOT;JONE;RT 008;-1.84453;116.210849
6401040009000900;64010400090009;64;1;040;009;0009;0;KALIMANTAN TIMUR;PASER;TANAH GROGOT;JONE;RT 009;-1.8979;116.20379
6401040009001001;64010400090010;64;1;040;009;0010;1;KALIMANTAN TIMUR;PASER;TANAH GROGOT;JONE;RT 010;-1.90152;116.200814
6401040009001002;64010400090010;64;1;040;009;0010;2;KALIMANTAN TIMUR;PASER;TANAH GROGOT;JONE;RT 010;-1.89984;116.200377
6401040009001100;64010400090011;64;1;040;009;0011;0;KALIMANTAN TIMUR;PASER;TANAH GROGOT;JONE;RT 011;-1.89403;116.218652
6401040009001200;64010400090012;64;1;040;009;0012;0;KALIMANTAN TIMUR;PASER;TANAH GROGOT;JONE;RT 012;-1.89214;116.206914
6401040009001300;64010400090013;64;1;040;009;0013;0;KALIMANTAN TIMUR;PASER;TANAH GROGOT;JONE;RT 013;-1.85236;116.222954
6401040009001401;64010400090014;64;1;040;009;0014;1;KALIMANTAN TIMUR;PASER;TANAH GROGOT;JONE;RT 014;-1.88289;116.209012
6401040009001402;64010400090014;64;1;040;009;0014;2;KALIMANTAN TIMUR;PASER;TANAH GROGOT;JONE;RT 014;-1.88313;116.20975
6401040009001403;64010400090014;64;1;040;009;0014;3;KALIMANTAN TIMUR;PASER;TANAH GROGOT;JONE;RT 014;-1.88259;116.209917
6401040009001404;64010400090014;64;1;040;009;0014;4;KALIMANTAN TIMUR;PASER;TANAH GROGOT;JONE;RT 014;-1.88181;116.21005
6401040009001501;64010400090015;64;1;040;009;0015;1;KALIMANTAN TIMUR;PASER;TANAH GROGOT;JONE;RT 015;-1.87691;116.205362
6401040009001502;64010400090015;64;1;040;009;0015;2;KALIMANTAN TIMUR;PASER;TANAH GROGOT;JONE;RT 015;-1.87404;116.206913
6401040009001503;64010400090015;64;1;040;009;0015;3;KALIMANTAN TIMUR;PASER;TANAH GROGOT;JONE;RT 015;-1.87115;116.205722
6401040009001504;64010400090015;64;1;040;009;0015;4;KALIMANTAN TIMUR;PASER;TANAH GROGOT;JONE;RT 015;-1.86923;116.19694
6401040009001505;64010400090015;64;1;040;009;0015;5;KALIMANTAN TIMUR;PASER;TANAH GROGOT;JONE;RT 015;-1.86235;116.190439
6401040009001506;64010400090015;64;1;040;009;0015;6;KALIMANTAN TIMUR;PASER;TANAH GROGOT;JONE;RT 015;-1.86407;116.188604
6401040009001507;64010400090015;64;1;040;009;0015;7;KALIMANTAN TIMUR;PASER;TANAH GROGOT;JONE;RT 015;-1.86642;116.189193
6401040009001508;64010400090015;64;1;040;009;0015;8;KALIMANTAN TIMUR;PASER;TANAH GROGOT;JONE;RT 015;-1.86993;116.189739
6401040009001601;64010400090016;64;1;040;009;0016;1;KALIMANTAN TIMUR;PASER;TANAH GROGOT;JONE;RT 016;-1.88293;116.213631
6401040009001602;64010400090016;64;1;040;009;0016;2;KALIMANTAN TIMUR;PASER;TANAH GROGOT;JONE;RT 016;-1.88305;116.212263
6401040009001603;64010400090016;64;1;040;009;0016;3;KALIMANTAN TIMUR;PASER;TANAH GROGOT;JONE;RT 016;-1.8855;116.211539
6401040009001604;64010400090016;64;1;040;009;0016;4;KALIMANTAN TIMUR;PASER;TANAH GROGOT;JONE;RT 016;-1.88516;116.213124
6401040010000100;64010400100001;64;1;040;010;0001;0;KALIMANTAN TIMUR;PASER;TANAH GROGOT;PADANG PENGRAPAT;RT 001;-1.84125;116.235755
6401040010000200;64010400100002;64;1;040;010;0002;0;KALIMANTAN TIMUR;PASER;TANAH GROGOT;PADANG PENGRAPAT;RT 002;-1.84409;116.237625
6401040010000300;64010400100003;64;1;040;010;0003;0;KALIMANTAN TIMUR;PASER;TANAH GROGOT;PADANG PENGRAPAT;RT 003;-1.83958;116.236863
6401040010000400;64010400100004;64;1;040;010;0004;0;KALIMANTAN TIMUR;PASER;TANAH GROGOT;PADANG PENGRAPAT;RT 004;-1.84347;116.240457
6401040010000500;64010400100005;64;1;040;010;0005;0;KALIMANTAN TIMUR;PASER;TANAH GROGOT;PADANG PENGRAPAT;RT 005;-1.83913;116.237955
6401040010000600;64010400100006;64;1;040;010;0006;0;KALIMANTAN TIMUR;PASER;TANAH GROGOT;PADANG PENGRAPAT;RT 006;-1.84216;116.241317
6401040010000700;64010400100007;64;1;040;010;0007;0;KALIMANTAN TIMUR;PASER;TANAH GROGOT;PADANG PENGRAPAT;RT 007;-1.83543;116.236387
6401040010000800;64010400100008;64;1;040;010;0008;0;KALIMANTAN TIMUR;PASER;TANAH GROGOT;PADANG PENGRAPAT;RT 008;-1.83381;116.238802
6401040010000900;64010400100009;64;1;040;010;0009;0;KALIMANTAN TIMUR;PASER;TANAH GROGOT;PADANG PENGRAPAT;RT 009;-1.83632;116.242169
6401040010001000;64010400100010;64;1;040;010;0010;0;KALIMANTAN TIMUR;PASER;TANAH GROGOT;PADANG PENGRAPAT;RT 010;-1.84153;116.260286
6401040010001100;64010400100011;64;1;040;010;0011;0;KALIMANTAN TIMUR;PASER;TANAH GROGOT;PADANG PENGRAPAT;RT 011;-1.84521;116.233625
6401040010001200;64010400100012;64;1;040;010;0012;0;KALIMANTAN TIMUR;PASER;TANAH GROGOT;PADANG PENGRAPAT;RT 012;-1.84743;116.235359
6401040010001300;64010400100013;64;1;040;010;0013;0;KALIMANTAN TIMUR;PASER;TANAH GROGOT;PADANG PENGRAPAT;RT 013;-1.84692;116.241635
6401040010001400;64010400100014;64;1;040;010;0014;0;KALIMANTAN TIMUR;PASER;TANAH GROGOT;PADANG PENGRAPAT;RT 014;-1.84996;116.237316
6401040010001500;64010400100015;64;1;040;010;0015;0;KALIMANTAN TIMUR;PASER;TANAH GROGOT;PADANG PENGRAPAT;RT 015;-1.85745;116.239225
6401040010001600;64010400100016;64;1;040;010;0016;0;KALIMANTAN TIMUR;PASER;TANAH GROGOT;PADANG PENGRAPAT;RT 016;-1.85711;116.257059
6401040010001700;64010400100017;64;1;040;010;0017;0;KALIMANTAN TIMUR;PASER;TANAH GROGOT;PADANG PENGRAPAT;RT 017;-1.84907;116.229492
6401040010001800;64010400100018;64;1;040;010;0018;0;KALIMANTAN TIMUR;PASER;TANAH GROGOT;PADANG PENGRAPAT;RT 018;-1.84717;116.230726
6401040010001900;64010400100019;64;1;040;010;0019;0;KALIMANTAN TIMUR;PASER;TANAH GROGOT;PADANG PENGRAPAT;RT 019;-1.85089;116.233794
6401040010002000;64010400100020;64;1;040;010;0020;0;KALIMANTAN TIMUR;PASER;TANAH GROGOT;PADANG PENGRAPAT;RT 020;-1.85289;116.232156
6401040010002100;64010400100021;64;1;040;010;0021;0;KALIMANTAN TIMUR;PASER;TANAH GROGOT;PADANG PENGRAPAT;RT 021;-1.85921;116.233033
6401040010002200;64010400100022;64;1;040;010;0022;0;KALIMANTAN TIMUR;PASER;TANAH GROGOT;PADANG PENGRAPAT;RT 022;-1.84121;116.231004
6401040010002300;64010400100023;64;1;040;010;0023;0;KALIMANTAN TIMUR;PASER;TANAH GROGOT;PADANG PENGRAPAT;RT 023;-1.87322;116.243973
6401040011000101;64010400110001;64;1;040;011;0001;1;KALIMANTAN TIMUR;PASER;TANAH GROGOT;MUARA PASIR;RT 001;-1.87469;116.39484
6401040011000102;64010400110001;64;1;040;011;0001;2;KALIMANTAN TIMUR;PASER;TANAH GROGOT;MUARA PASIR;RT 001;-1.8756;116.396535
6401040011000103;64010400110001;64;1;040;011;0001;3;KALIMANTAN TIMUR;PASER;TANAH GROGOT;MUARA PASIR;RT 001;-1.8725;116.395971
6401040011000201;64010400110002;64;1;040;011;0002;1;KALIMANTAN TIMUR;PASER;TANAH GROGOT;MUARA PASIR;RT 002;-1.87512;116.398185
6401040011000202;64010400110002;64;1;040;011;0002;2;KALIMANTAN TIMUR;PASER;TANAH GROGOT;MUARA PASIR;RT 002;-1.87612;116.398664
6401040011000301;64010400110003;64;1;040;011;0003;1;KALIMANTAN TIMUR;PASER;TANAH GROGOT;MUARA PASIR;RT 003;-1.87425;116.399284
6401040011000302;64010400110003;64;1;040;011;0003;2;KALIMANTAN TIMUR;PASER;TANAH GROGOT;MUARA PASIR;RT 003;-1.87629;116.399796
6401040011000400;64010400110004;64;1;040;011;0004;0;KALIMANTAN TIMUR;PASER;TANAH GROGOT;MUARA PASIR;RT 004;-1.81239;116.435624
6401040011000500;64010400110005;64;1;040;011;0005;0;KALIMANTAN TIMUR;PASER;TANAH GROGOT;MUARA PASIR;RT 005;-1.84267;116.411036
6401040011000601;64010400110006;64;1;040;011;0006;1;KALIMANTAN TIMUR;PASER;TANAH GROGOT;MUARA PASIR;RT 006;-1.87435;116.400703
6401040011000602;64010400110006;64;1;040;011;0006;2;KALIMANTAN TIMUR;PASER;TANAH GROGOT;MUARA PASIR;RT 006;-1.87592;116.401812
6401040011000700;64010400110007;64;1;040;011;0007;0;KALIMANTAN TIMUR;PASER;TANAH GROGOT;MUARA PASIR;RT 007;-1.88268;116.404094
6401040011000800;64010400110008;64;1;040;011;0008;0;KALIMANTAN TIMUR;PASER;TANAH GROGOT;MUARA PASIR;RT 008;-1.85436;116.357712
6401040011000900;64010400110009;64;1;040;011;0009;0;KALIMANTAN TIMUR;PASER;TANAH GROGOT;MUARA PASIR;RT 009;-1.87517;116.397522
6401040012000100;64010400120001;64;1;040;012;0001;0;KALIMANTAN TIMUR;PASER;TANAH GROGOT;PREPAT;RT 001;-1.97681;116.443354
6401040012000200;64010400120002;64;1;040;012;0002;0;KALIMANTAN TIMUR;PASER;TANAH GROGOT;PREPAT;RT 002;-1.98888;116.433778
6401040013000100;64010400130001;64;1;040;013;0001;0;KALIMANTAN TIMUR;PASER;TANAH GROGOT;PULAU RANTAU;RT 001;-1.91479;116.236636
6401040013000200;64010400130002;64;1;040;013;0002;0;KALIMANTAN TIMUR;PASER;TANAH GROGOT;PULAU RANTAU;RT 002;-1.91245;116.264612
6401040013000300;64010400130003;64;1;040;013;0003;0;KALIMANTAN TIMUR;PASER;TANAH GROGOT;PULAU RANTAU;RT 003;-1.89943;116.27174
6401040013000400;64010400130004;64;1;040;013;0004;0;KALIMANTAN TIMUR;PASER;TANAH GROGOT;PULAU RANTAU;RT 004;-1.87802;116.307215
6401040013000500;64010400130005;64;1;040;013;0005;0;KALIMANTAN TIMUR;PASER;TANAH GROGOT;PULAU RANTAU;RT 005;-1.92111;116.262023
6401040013000600;64010400130006;64;1;040;013;0006;0;KALIMANTAN TIMUR;PASER;TANAH GROGOT;PULAU RANTAU;RT 006;-1.92174;116.272105
6401040013000700;64010400130007;64;1;040;013;0007;0;KALIMANTAN TIMUR;PASER;TANAH GROGOT;PULAU RANTAU;RT 007;-1.90172;116.313092
6401040014000100;64010400140001;64;1;040;014;0001;0;KALIMANTAN TIMUR;PASER;TANAH GROGOT;SUNGAI LANGIR;RT 001;-2.02105;116.453823
6401040014000200;64010400140002;64;1;040;014;0002;0;KALIMANTAN TIMUR;PASER;TANAH GROGOT;SUNGAI LANGIR;RT 002;-2.04842;116.44989
6401040015000101;64010400150001;64;1;040;015;0001;1;KALIMANTAN TIMUR;PASER;TANAH GROGOT;TAPIS;RT 001;-1.89585;116.195762
6401040015000102;64010400150001;64;1;040;015;0001;2;KALIMANTAN TIMUR;PASER;TANAH GROGOT;TAPIS;RT 001;-1.89214;116.195801
6401040015000201;64010400150002;64;1;040;015;0002;1;KALIMANTAN TIMUR;PASER;TANAH GROGOT;TAPIS;RT 002;-1.88259;116.196982
6401040015000202;64010400150002;64;1;040;015;0002;2;KALIMANTAN TIMUR;PASER;TANAH GROGOT;TAPIS;RT 002;-1.88781;116.194708
6401040015000300;64010400150003;64;1;040;015;0003;0;KALIMANTAN TIMUR;PASER;TANAH GROGOT;TAPIS;RT 003;-1.87658;116.19712
6401040015000401;64010400150004;64;1;040;015;0004;1;KALIMANTAN TIMUR;PASER;TANAH GROGOT;TAPIS;RT 004;-1.87654;116.199578
6401040015000402;64010400150004;64;1;040;015;0004;2;KALIMANTAN TIMUR;PASER;TANAH GROGOT;TAPIS;RT 004;-1.87848;116.198911
6401040015000501;64010400150005;64;1;040;015;0005;1;KALIMANTAN TIMUR;PASER;TANAH GROGOT;TAPIS;RT 005;-1.87557;116.201611
6401040015000502;64010400150005;64;1;040;015;0005;2;KALIMANTAN TIMUR;PASER;TANAH GROGOT;TAPIS;RT 005;-1.8762;116.202715
6401040015000503;64010400150005;64;1;040;015;0005;3;KALIMANTAN TIMUR;PASER;TANAH GROGOT;TAPIS;RT 005;-1.87918;116.201577
6401040015000601;64010400150006;64;1;040;015;0006;1;KALIMANTAN TIMUR;PASER;TANAH GROGOT;TAPIS;RT 006;-1.87426;116.201601
6401040015000602;64010400150006;64;1;040;015;0006;2;KALIMANTAN TIMUR;PASER;TANAH GROGOT;TAPIS;RT 006;-1.87357;116.203176
6401040015000700;64010400150007;64;1;040;015;0007;0;KALIMANTAN TIMUR;PASER;TANAH GROGOT;TAPIS;RT 007;-1.87505;116.196937
6401040015000801;64010400150008;64;1;040;015;0008;1;KALIMANTAN TIMUR;PASER;TANAH GROGOT;TAPIS;RT 008;-1.87317;116.195472
6401040015000802;64010400150008;64;1;040;015;0008;2;KALIMANTAN TIMUR;PASER;TANAH GROGOT;TAPIS;RT 008;-1.87286;116.199193
6401040015000900;64010400150009;64;1;040;015;0009;0;KALIMANTAN TIMUR;PASER;TANAH GROGOT;TAPIS;RT 009;-1.87957;116.197115
6401040016000101;64010400160001;64;1;040;016;0001;1;KALIMANTAN TIMUR;PASER;TANAH GROGOT;SENAKEN;RT 001;-1.9056;116.204143
6401040016000102;64010400160001;64;1;040;016;0001;2;KALIMANTAN TIMUR;PASER;TANAH GROGOT;SENAKEN;RT 001;-1.90588;116.205529
6401040016000200;64010400160002;64;1;040;016;0002;0;KALIMANTAN TIMUR;PASER;TANAH GROGOT;SENAKEN;RT 002;-1.90225;116.202447
6401040016000301;64010400160003;64;1;040;016;0003;1;KALIMANTAN TIMUR;PASER;TANAH GROGOT;SENAKEN;RT 003;-1.90529;116.209105
6401040016000302;64010400160003;64;1;040;016;0003;2;KALIMANTAN TIMUR;PASER;TANAH GROGOT;SENAKEN;RT 003;-1.90477;116.206999
6401040016000303;64010400160003;64;1;040;016;0003;3;KALIMANTAN TIMUR;PASER;TANAH GROGOT;SENAKEN;RT 003;-1.90356;116.206719
6401040016000304;64010400160003;64;1;040;016;0003;4;KALIMANTAN TIMUR;PASER;TANAH GROGOT;SENAKEN;RT 003;-1.90411;116.207287
6401040016000305;64010400160003;64;1;040;016;0003;5;KALIMANTAN TIMUR;PASER;TANAH GROGOT;SENAKEN;RT 003;-1.90477;116.207933
6401040016000306;64010400160003;64;1;040;016;0003;6;KALIMANTAN TIMUR;PASER;TANAH GROGOT;SENAKEN;RT 003;-1.90465;116.208408
6401040016000307;64010400160003;64;1;040;016;0003;7;KALIMANTAN TIMUR;PASER;TANAH GROGOT;SENAKEN;RT 003;-1.904;116.20801
6401040016000308;64010400160003;64;1;040;016;0003;8;KALIMANTAN TIMUR;PASER;TANAH GROGOT;SENAKEN;RT 003;-1.90346;116.207891
6401040016000309;64010400160003;64;1;040;016;0003;9;KALIMANTAN TIMUR;PASER;TANAH GROGOT;SENAKEN;RT 003;-1.90324;116.207596
6401040016000310;64010400160003;64;1;040;016;0003;10;KALIMANTAN TIMUR;PASER;TANAH GROGOT;SENAKEN;RT 003;-1.90313;116.20807
6401040016000311;64010400160003;64;1;040;016;0003;11;KALIMANTAN TIMUR;PASER;TANAH GROGOT;SENAKEN;RT 003;-1.90296;116.207537
6401040016000312;64010400160003;64;1;040;016;0003;12;KALIMANTAN TIMUR;PASER;TANAH GROGOT;SENAKEN;RT 003;-1.90285;116.208006
6401040016000313;64010400160003;64;1;040;016;0003;13;KALIMANTAN TIMUR;PASER;TANAH GROGOT;SENAKEN;RT 003;-1.90308;116.208114
6401040016000314;64010400160003;64;1;040;016;0003;14;KALIMANTAN TIMUR;PASER;TANAH GROGOT;SENAKEN;RT 003;-1.90354;116.21006
6401040016000400;64010400160004;64;1;040;016;0004;0;KALIMANTAN TIMUR;PASER;TANAH GROGOT;SENAKEN;RT 004;-1.90267;116.204881
6401040016000501;64010400160005;64;1;040;016;0005;1;KALIMANTAN TIMUR;PASER;TANAH GROGOT;SENAKEN;RT 005;-1.9026;116.214658
6401040016000502;64010400160005;64;1;040;016;0005;2;KALIMANTAN TIMUR;PASER;TANAH GROGOT;SENAKEN;RT 005;-1.90416;116.220504
6401040016000600;64010400160006;64;1;040;016;0006;0;KALIMANTAN TIMUR;PASER;TANAH GROGOT;SENAKEN;RT 006;-1.90146;116.206929
6401040016000700;64010400160007;64;1;040;016;0007;0;KALIMANTAN TIMUR;PASER;TANAH GROGOT;SENAKEN;RT 007;-1.9007;116.211024
6401040016000800;64010400160008;64;1;040;016;0008;0;KALIMANTAN TIMUR;PASER;TANAH GROGOT;SENAKEN;RT 008;-1.90095;116.208742
6401040016000900;64010400160009;64;1;040;016;0009;0;KALIMANTAN TIMUR;PASER;TANAH GROGOT;SENAKEN;RT 009;-1.90049;116.204483
6401040016001000;64010400160010;64;1;040;016;0010;0;KALIMANTAN TIMUR;PASER;TANAH GROGOT;SENAKEN;RT 010;-1.89875;116.206633
6401040016001100;64010400160011;64;1;040;016;0011;0;KALIMANTAN TIMUR;PASER;TANAH GROGOT;SENAKEN;RT 011;-1.89636;116.208463
6401040016001200;64010400160012;64;1;040;016;0012;0;KALIMANTAN TIMUR;PASER;TANAH GROGOT;SENAKEN;RT 012;-1.89498;116.211771
6401040016001301;64010400160013;64;1;040;016;0013;1;KALIMANTAN TIMUR;PASER;TANAH GROGOT;SENAKEN;RT 013;-1.89729;116.213079
6401040016001302;64010400160013;64;1;040;016;0013;2;KALIMANTAN TIMUR;PASER;TANAH GROGOT;SENAKEN;RT 013;-1.89907;116.212306
6401040016001400;64010400160014;64;1;040;016;0014;0;KALIMANTAN TIMUR;PASER;TANAH GROGOT;SENAKEN;RT 014;-1.90396;116.204077
6401040016001500;64010400160015;64;1;040;016;0015;0;KALIMANTAN TIMUR;PASER;TANAH GROGOT;SENAKEN;RT 015;-1.89905;116.219989
6401050001000100;64010500010001;64;1;050;001;0001;0;KALIMANTAN TIMUR;PASER;KUARO;LOLO;RT 001;-1.89839;116.092605
6401050001000200;64010500010002;64;1;050;001;0002;0;KALIMANTAN TIMUR;PASER;KUARO;LOLO;RT 002;-1.89939;116.094599
6401050001000300;64010500010003;64;1;050;001;0003;0;KALIMANTAN TIMUR;PASER;KUARO;LOLO;RT 003;-1.88863;116.093426
6401050001000400;64010500010004;64;1;050;001;0004;0;KALIMANTAN TIMUR;PASER;KUARO;LOLO;RT 004;-1.88561;116.086741
6401050001000500;64010500010005;64;1;050;001;0005;0;KALIMANTAN TIMUR;PASER;KUARO;LOLO;RT 005;-1.87366;116.08283
6401050001000600;64010500010006;64;1;050;001;0006;0;KALIMANTAN TIMUR;PASER;KUARO;LOLO;RT 006;-1.88106;116.067219
6401050001100100;64010500011001;64;1;050;001;1001;0;KALIMANTAN TIMUR;PASER;KUARO;LOLO;PERKEBUNAN SAWIT;-1.89511;116.036374
6401050002000100;64010500020001;64;1;050;002;0001;0;KALIMANTAN TIMUR;PASER;KUARO;KUARO;RT 001;-1.82244;116.096618
6401050002000200;64010500020002;64;1;050;002;0002;0;KALIMANTAN TIMUR;PASER;KUARO;KUARO;RT 002;-1.8194;116.091971
6401050002000300;64010500020003;64;1;050;002;0003;0;KALIMANTAN TIMUR;PASER;KUARO;KUARO;RT 003;-1.8212;116.085605
6401050002000401;64010500020004;64;1;050;002;0004;1;KALIMANTAN TIMUR;PASER;KUARO;KUARO;RT 004;-1.81789;116.084831
6401050002000402;64010500020004;64;1;050;002;0004;2;KALIMANTAN TIMUR;PASER;KUARO;KUARO;RT 004;-1.81888;116.086282
6401050002000500;64010500020005;64;1;050;002;0005;0;KALIMANTAN TIMUR;PASER;KUARO;KUARO;RT 005;-1.81876;116.081752
6401050002000600;64010500020006;64;1;050;002;0006;0;KALIMANTAN TIMUR;PASER;KUARO;KUARO;RT 006;-1.81403;116.084829
6401050002000700;64010500020007;64;1;050;002;0007;0;KALIMANTAN TIMUR;PASER;KUARO;KUARO;RT 007;-1.8128;116.08033
6401050002000800;64010500020008;64;1;050;002;0008;0;KALIMANTAN TIMUR;PASER;KUARO;KUARO;RT 008;-1.80453;116.084903
6401050002000900;64010500020009;64;1;050;002;0009;0;KALIMANTAN TIMUR;PASER;KUARO;KUARO;RT 009;-1.83981;116.085437
6401050002001000;64010500020010;64;1;050;002;0010;0;KALIMANTAN TIMUR;PASER;KUARO;KUARO;RT 010;-1.82798;116.085983
6401050002001100;64010500020011;64;1;050;002;0011;0;KALIMANTAN TIMUR;PASER;KUARO;KUARO;RT 011;-1.82365;116.087121
6401050002001200;64010500020012;64;1;050;002;0012;0;KALIMANTAN TIMUR;PASER;KUARO;KUARO;RT 012;-1.83835;116.07923
6401050002001300;64010500020013;64;1;050;002;0013;0;KALIMANTAN TIMUR;PASER;KUARO;KUARO;RT 013;-1.82635;116.082162
6401050002001400;64010500020014;64;1;050;002;0014;0;KALIMANTAN TIMUR;PASER;KUARO;KUARO;RT 014;-1.83797;116.06788
6401050002001501;64010500020015;64;1;050;002;0015;1;KALIMANTAN TIMUR;PASER;KUARO;KUARO;RT 015;-1.85016;116.055361
6401050002001502;64010500020015;64;1;050;002;0015;2;KALIMANTAN TIMUR;PASER;KUARO;KUARO;RT 015;-1.83727;116.027041
6401050002001601;64010500020016;64;1;050;002;0016;1;KALIMANTAN TIMUR;PASER;KUARO;KUARO;RT 016;-1.83414;116.026354
6401050002001602;64010500020016;64;1;050;002;0016;2;KALIMANTAN TIMUR;PASER;KUARO;KUARO;RT 016;-1.84538;116.052777
6401050002001700;64010500020017;64;1;050;002;0017;0;KALIMANTAN TIMUR;PASER;KUARO;KUARO;RT 017;-1.82503;116.075309
6401050002001800;64010500020018;64;1;050;002;0018;0;KALIMANTAN TIMUR;PASER;KUARO;KUARO;RT 018;-1.82704;116.076605
6401050002001900;64010500020019;64;1;050;002;0019;0;KALIMANTAN TIMUR;PASER;KUARO;KUARO;RT 019;-1.80878;116.084589
6401050002002000;64010500020020;64;1;050;002;0020;0;KALIMANTAN TIMUR;PASER;KUARO;KUARO;RT 020;-1.85958;116.081425
6401050002100100;64010500021001;64;1;050;002;1001;0;KALIMANTAN TIMUR;PASER;KUARO;KUARO;PERKEBUNAN SAWIT;-1.85986;116.036731
6401050002100200;64010500021002;64;1;050;002;1002;0;KALIMANTAN TIMUR;PASER;KUARO;KUARO;PERKEBUNAN SAWIT;-1.81577;116.047054
6401050002100300;64010500021003;64;1;050;002;1003;0;KALIMANTAN TIMUR;PASER;KUARO;KUARO;PERKEBUNAN SAWIT;-1.81176;116.093422
6401050002200400;64010500022004;64;1;050;002;2004;0;KALIMANTAN TIMUR;PASER;KUARO;KUARO;HUTAN MANGROVE;-1.82018;116.104516
6401050002200500;64010500022005;64;1;050;002;2005;0;KALIMANTAN TIMUR;PASER;KUARO;KUARO;HUTAN;-1.84077;116.052098
6401050003000101;64010500030001;64;1;050;003;0001;1;KALIMANTAN TIMUR;PASER;KUARO;PONDONG BARU;RT 001;-1.80498;116.251885
6401050003000102;64010500030001;64;1;050;003;0001;2;KALIMANTAN TIMUR;PASER;KUARO;PONDONG BARU;RT 001;-1.82073;116.283431
6401050003000201;64010500030002;64;1;050;003;0002;1;KALIMANTAN TIMUR;PASER;KUARO;PONDONG BARU;RT 002;-1.82332;116.25253
6401050003000202;64010500030002;64;1;050;003;0002;2;KALIMANTAN TIMUR;PASER;KUARO;PONDONG BARU;RT 002;-1.80923;116.247998
6401050003000301;64010500030003;64;1;050;003;0003;1;KALIMANTAN TIMUR;PASER;KUARO;PONDONG BARU;RT 003;-1.81249;116.247849
6401050003000302;64010500030003;64;1;050;003;0003;2;KALIMANTAN TIMUR;PASER;KUARO;PONDONG BARU;RT 003;-1.82182;116.245589
6401050003000400;64010500030004;64;1;050;003;0004;0;KALIMANTAN TIMUR;PASER;KUARO;PONDONG BARU;RT 004;-1.80406;116.248196
6401050003000500;64010500030005;64;1;050;003;0005;0;KALIMANTAN TIMUR;PASER;KUARO;PONDONG BARU;RT 005;-1.80384;116.242589
6401050003000600;64010500030006;64;1;050;003;0006;0;KALIMANTAN TIMUR;PASER;KUARO;PONDONG BARU;RT 006;-1.80652;116.215426
6401050003000700;64010500030007;64;1;050;003;0007;0;KALIMANTAN TIMUR;PASER;KUARO;PONDONG BARU;RT 007;-1.8113;116.334891
6401050004000100;64010500040001;64;1;050;004;0001;0;KALIMANTAN TIMUR;PASER;KUARO;RANGAN;RT 001;-1.80343;116.092776
6401050004000200;64010500040002;64;1;050;004;0002;0;KALIMANTAN TIMUR;PASER;KUARO;RANGAN;RT 002;-1.7954;116.098817
6401050004000300;64010500040003;64;1;050;004;0003;0;KALIMANTAN TIMUR;PASER;KUARO;RANGAN;RT 003;-1.78915;116.099724
6401050004000400;64010500040004;64;1;050;004;0004;0;KALIMANTAN TIMUR;PASER;KUARO;RANGAN;RT 004;-1.78206;116.105036
6401050004000500;64010500040005;64;1;050;004;0005;0;KALIMANTAN TIMUR;PASER;KUARO;RANGAN;RT 005;-1.79886;116.122792
6401050004000600;64010500040006;64;1;050;004;0006;0;KALIMANTAN TIMUR;PASER;KUARO;RANGAN;RT 006;-1.79715;116.122243
6401050004000700;64010500040007;64;1;050;004;0007;0;KALIMANTAN TIMUR;PASER;KUARO;RANGAN;RT 007;-1.79523;116.122883
6401050004000800;64010500040008;64;1;050;004;0008;0;KALIMANTAN TIMUR;PASER;KUARO;RANGAN;RT 008;-1.7953;116.118676
6401050004000900;64010500040009;64;1;050;004;0009;0;KALIMANTAN TIMUR;PASER;KUARO;RANGAN;RT 009;-1.79335;116.121266
6401050004001000;64010500040010;64;1;050;004;0010;0;KALIMANTAN TIMUR;PASER;KUARO;RANGAN;RT 010;-1.79107;116.121014
6401050004001100;64010500040011;64;1;050;004;0011;0;KALIMANTAN TIMUR;PASER;KUARO;RANGAN;RT 011;-1.77127;116.114821
6401050004001200;64010500040012;64;1;050;004;0012;0;KALIMANTAN TIMUR;PASER;KUARO;RANGAN;RT 012;-1.76895;116.063014
6401050004001300;64010500040013;64;1;050;004;0013;0;KALIMANTAN TIMUR;PASER;KUARO;RANGAN;RT 013;-1.79708;116.127577
6401050004100100;64010500041001;64;1;050;004;1001;0;KALIMANTAN TIMUR;PASER;KUARO;RANGAN;PERKEBUNAN SAWIT;-1.7774;116.101915
6401050004200200;64010500042002;64;1;050;004;2002;0;KALIMANTAN TIMUR;PASER;KUARO;RANGAN;HUTAN BAKAU;-1.79607;116.134763
6401050005000100;64010500050001;64;1;050;005;0001;0;KALIMANTAN TIMUR;PASER;KUARO;MODANG;RT 001;-1.71313;116.120264
6401050005000200;64010500050002;64;1;050;005;0002;0;KALIMANTAN TIMUR;PASER;KUARO;MODANG;RT 002;-1.72752;116.117861
6401050005000300;64010500050003;64;1;050;005;0003;0;KALIMANTAN TIMUR;PASER;KUARO;MODANG;RT 003;-1.74873;116.115844
6401050005000400;64010500050004;64;1;050;005;0004;0;KALIMANTAN TIMUR;PASER;KUARO;MODANG;RT 004;-1.76218;116.131666
6401050005000500;64010500050005;64;1;050;005;0005;0;KALIMANTAN TIMUR;PASER;KUARO;MODANG;RT 005;-1.76494;116.129473
6401050005000600;64010500050006;64;1;050;005;0006;0;KALIMANTAN TIMUR;PASER;KUARO;MODANG;RT 006;-1.76802;116.131591
6401050005000700;64010500050007;64;1;050;005;0007;0;KALIMANTAN TIMUR;PASER;KUARO;MODANG;RT 007;-1.71168;116.140908
6401050005100100;64010500051001;64;1;050;005;1001;0;KALIMANTAN TIMUR;PASER;KUARO;MODANG;PERKEBUNAN SAWIT / BAKAU;-1.75626;116.157691
6401050005200200;64010500052002;64;1;050;005;2002;0;KALIMANTAN TIMUR;PASER;KUARO;MODANG;HUTAN;-1.70591;116.077508
6401050006000100;64010500060001;64;1;050;006;0001;0;KALIMANTAN TIMUR;PASER;KUARO;PASIR MAYANG;RT 001;-1.77439;116.213698
6401050006000200;64010500060002;64;1;050;006;0002;0;KALIMANTAN TIMUR;PASER;KUARO;PASIR MAYANG;RT 002;-1.77797;116.217587
6401050006000300;64010500060003;64;1;050;006;0003;0;KALIMANTAN TIMUR;PASER;KUARO;PASIR MAYANG;RT 003;-1.77806;116.218598
6401050006000400;64010500060004;64;1;050;006;0004;0;KALIMANTAN TIMUR;PASER;KUARO;PASIR MAYANG;RT 004;-1.77774;116.21926
6401050006000500;64010500060005;64;1;050;006;0005;0;KALIMANTAN TIMUR;PASER;KUARO;PASIR MAYANG;RT 005;-1.7784;116.220348
6401050006000600;64010500060006;64;1;050;006;0006;0;KALIMANTAN TIMUR;PASER;KUARO;PASIR MAYANG;RT 006;-1.75363;116.202785
6401050006000700;64010500060007;64;1;050;006;0007;0;KALIMANTAN TIMUR;PASER;KUARO;PASIR MAYANG;RT 007;-1.74885;116.250172
6401050006000800;64010500060008;64;1;050;006;0008;0;KALIMANTAN TIMUR;PASER;KUARO;PASIR MAYANG;RT 008;-1.73009;116.189867
6401050006000900;64010500060009;64;1;050;006;0009;0;KALIMANTAN TIMUR;PASER;KUARO;PASIR MAYANG;RT 009;-1.77571;116.217272
6401050006001000;64010500060010;64;1;050;006;0010;0;KALIMANTAN TIMUR;PASER;KUARO;PASIR MAYANG;RT 010;-1.77655;116.219796
6401050006001100;64010500060011;64;1;050;006;0011;0;KALIMANTAN TIMUR;PASER;KUARO;PASIR MAYANG;RT 011;-1.77721;116.23693
6401050006100100;64010500061001;64;1;050;006;1001;0;KALIMANTAN TIMUR;PASER;KUARO;PASIR MAYANG;KEBUN SAWIT;-1.72073;116.191788
6401050007000100;64010500070001;64;1;050;007;0001;0;KALIMANTAN TIMUR;PASER;KUARO;SANDELEY;RT 001;-1.68075;116.17087
6401050007000200;64010500070002;64;1;050;007;0002;0;KALIMANTAN TIMUR;PASER;KUARO;SANDELEY;RT 002;-1.69141;116.16523
6401050007000300;64010500070003;64;1;050;007;0003;0;KALIMANTAN TIMUR;PASER;KUARO;SANDELEY;RT 003;-1.69445;116.139823
6401050007000400;64010500070004;64;1;050;007;0004;0;KALIMANTAN TIMUR;PASER;KUARO;SANDELEY;RT 004;-1.70248;116.121766
6401050007000500;64010500070005;64;1;050;007;0005;0;KALIMANTAN TIMUR;PASER;KUARO;SANDELEY;RT 005;-1.67543;116.131152
6401050007000600;64010500070006;64;1;050;007;0006;0;KALIMANTAN TIMUR;PASER;KUARO;SANDELEY;RT 006;-1.71423;116.159647
6401050007000700;64010500070007;64;1;050;007;0007;0;KALIMANTAN TIMUR;PASER;KUARO;SANDELEY;RT 007;-1.71651;116.158847
6401050007000800;64010500070008;64;1;050;007;0008;0;KALIMANTAN TIMUR;PASER;KUARO;SANDELEY;RT 008;-1.71522;116.161135
6401050007000900;64010500070009;64;1;050;007;0009;0;KALIMANTAN TIMUR;PASER;KUARO;SANDELEY;RT 009;-1.6803;116.125466
6401050007001000;64010500070010;64;1;050;007;0010;0;KALIMANTAN TIMUR;PASER;KUARO;SANDELEY;RT 010;-1.68352;116.122246
6401050007001100;64010500070011;64;1;050;007;0011;0;KALIMANTAN TIMUR;PASER;KUARO;SANDELEY;RT 011;-1.68792;116.111201
6401050007001200;64010500070012;64;1;050;007;0012;0;KALIMANTAN TIMUR;PASER;KUARO;SANDELEY;RT 012;-1.68925;116.111618
6401050007001300;64010500070013;64;1;050;007;0013;0;KALIMANTAN TIMUR;PASER;KUARO;SANDELEY;RT 013;-1.68919;116.109378
6401050007100100;64010500071001;64;1;050;007;1001;0;KALIMANTAN TIMUR;PASER;KUARO;SANDELEY;PERKEBUNAN SAWIT;-1.68634;116.105997
6401050007100200;64010500071002;64;1;050;007;1002;0;KALIMANTAN TIMUR;PASER;KUARO;SANDELEY;PERKEBUNAN SAWIT;-1.70951;116.160561
6401050008000100;64010500080001;64;1;050;008;0001;0;KALIMANTAN TIMUR;PASER;KUARO;KERTA BUMI;RT 001;-1.74709;116.072075
6401050008000200;64010500080002;64;1;050;008;0002;0;KALIMANTAN TIMUR;PASER;KUARO;KERTA BUMI;RT 002;-1.745;116.071893
6401050008000300;64010500080003;64;1;050;008;0003;0;KALIMANTAN TIMUR;PASER;KUARO;KERTA BUMI;RT 003;-1.74296;116.073141
6401050008000400;64010500080004;64;1;050;008;0004;0;KALIMANTAN TIMUR;PASER;KUARO;KERTA BUMI;RT 004;-1.74133;116.073215
6401050008000500;64010500080005;64;1;050;008;0005;0;KALIMANTAN TIMUR;PASER;KUARO;KERTA BUMI;RT 005;-1.73966;116.073018
6401050008000600;64010500080006;64;1;050;008;0006;0;KALIMANTAN TIMUR;PASER;KUARO;KERTA BUMI;RT 006;-1.73793;116.07238
6401050008000700;64010500080007;64;1;050;008;0007;0;KALIMANTAN TIMUR;PASER;KUARO;KERTA BUMI;RT 007;-1.73839;116.077236
6401050008000800;64010500080008;64;1;050;008;0008;0;KALIMANTAN TIMUR;PASER;KUARO;KERTA BUMI;RT 008;-1.73588;116.074155
6401050008000900;64010500080009;64;1;050;008;0009;0;KALIMANTAN TIMUR;PASER;KUARO;KERTA BUMI;RT 009;-1.73632;116.078392
6401050008001000;64010500080010;64;1;050;008;0010;0;KALIMANTAN TIMUR;PASER;KUARO;KERTA BUMI;RT 010;-1.73398;116.074508
6401050008001100;64010500080011;64;1;050;008;0011;0;KALIMANTAN TIMUR;PASER;KUARO;KERTA BUMI;RT 011;-1.73455;116.078535
6401050008001200;64010500080012;64;1;050;008;0012;0;KALIMANTAN TIMUR;PASER;KUARO;KERTA BUMI;RT 012;-1.73306;116.079016
6401050008001300;64010500080013;64;1;050;008;0013;0;KALIMANTAN TIMUR;PASER;KUARO;KERTA BUMI;RT 013;-1.73634;116.081354
6401050008100100;64010500081001;64;1;050;008;1001;0;KALIMANTAN TIMUR;PASER;KUARO;KERTA BUMI;PERKEBUNAN KELAPA SAWIT;-1.74169;116.078896
6401050009000100;64010500090001;64;1;050;009;0001;0;KALIMANTAN TIMUR;PASER;KUARO;PADANG JAYA;RT 001;-1.80489;116.067287
6401050009000200;64010500090002;64;1;050;009;0002;0;KALIMANTAN TIMUR;PASER;KUARO;PADANG JAYA;RT 002;-1.80138;116.054705
6401050009000300;64010500090003;64;1;050;009;0003;0;KALIMANTAN TIMUR;PASER;KUARO;PADANG JAYA;RT 003;-1.79578;116.060716
6401050009000400;64010500090004;64;1;050;009;0004;0;KALIMANTAN TIMUR;PASER;KUARO;PADANG JAYA;RT 004;-1.79563;116.053653
6401050009000500;64010500090005;64;1;050;009;0005;0;KALIMANTAN TIMUR;PASER;KUARO;PADANG JAYA;RT 005;-1.79364;116.057764
6401050009000600;64010500090006;64;1;050;009;0006;0;KALIMANTAN TIMUR;PASER;KUARO;PADANG JAYA;RT 006;-1.7919;116.05363
6401050009000700;64010500090007;64;1;050;009;0007;0;KALIMANTAN TIMUR;PASER;KUARO;PADANG JAYA;RT 007;-1.79315;116.061082
6401050009000800;64010500090008;64;1;050;009;0008;0;KALIMANTAN TIMUR;PASER;KUARO;PADANG JAYA;RT 008;-1.79157;116.060145
6401050009000900;64010500090009;64;1;050;009;0009;0;KALIMANTAN TIMUR;PASER;KUARO;PADANG JAYA;RT 009;-1.79036;116.060451
6401050009001000;64010500090010;64;1;050;009;0010;0;KALIMANTAN TIMUR;PASER;KUARO;PADANG JAYA;RT 010;-1.78986;116.054529
6401050009001100;64010500090011;64;1;050;009;0011;0;KALIMANTAN TIMUR;PASER;KUARO;PADANG JAYA;RT 011;-1.78739;116.060682
6401050009001200;64010500090012;64;1;050;009;0012;0;KALIMANTAN TIMUR;PASER;KUARO;PADANG JAYA;RT 012;-1.78683;116.055524
6401050009100100;64010500091001;64;1;050;009;1001;0;KALIMANTAN TIMUR;PASER;KUARO;PADANG JAYA;PERKEBUNAN SAWIT;-1.79495;116.075822
6401050009100200;64010500091002;64;1;050;009;1002;0;KALIMANTAN TIMUR;PASER;KUARO;PADANG JAYA;SAWAH;-1.81155;116.066173
6401050009100300;64010500091003;64;1;050;009;1003;0;KALIMANTAN TIMUR;PASER;KUARO;PADANG JAYA;PERKEBUNAN SAWIT;-1.80825;116.055642
6401050010000100;64010500100001;64;1;050;010;0001;0;KALIMANTAN TIMUR;PASER;KUARO;HARAPAN BARU;RT 001;-1.76971;116.416938
6401050010000200;64010500100002;64;1;050;010;0002;0;KALIMANTAN TIMUR;PASER;KUARO;HARAPAN BARU;RT 002;-1.7718;116.419334
6401050010000300;64010500100003;64;1;050;010;0003;0;KALIMANTAN TIMUR;PASER;KUARO;HARAPAN BARU;RT 003;-1.7695;116.420132
6401050010000400;64010500100004;64;1;050;010;0004;0;KALIMANTAN TIMUR;PASER;KUARO;HARAPAN BARU;RT 004;-1.79488;116.399816
6401050011000100;64010500110001;64;1;050;011;0001;0;KALIMANTAN TIMUR;PASER;KUARO;KENDAROM;RT 001 DUSUN 1;-1.77765;116.103956
6401050011000200;64010500110002;64;1;050;011;0002;0;KALIMANTAN TIMUR;PASER;KUARO;KENDAROM;RT 002 DUSUN 1;-1.77854;116.101287
6401050011000300;64010500110003;64;1;050;011;0003;0;KALIMANTAN TIMUR;PASER;KUARO;KENDAROM;RT 003 DUSUN 1;-1.77834;116.09782
6401050011000400;64010500110004;64;1;050;011;0004;0;KALIMANTAN TIMUR;PASER;KUARO;KENDAROM;RT 004 DUSUN 1;-1.77505;116.101163
6401050011000500;64010500110005;64;1;050;011;0005;0;KALIMANTAN TIMUR;PASER;KUARO;KENDAROM;RT 005 DUSUN 1;-1.77137;116.10069
6401050011000600;64010500110006;64;1;050;011;0006;0;KALIMANTAN TIMUR;PASER;KUARO;KENDAROM;RT 006 DUSUN 1;-1.77546;116.097929
6401050011000700;64010500110007;64;1;050;011;0007;0;KALIMANTAN TIMUR;PASER;KUARO;KENDAROM;RT 007 DUSUN 2;-1.77228;116.098491
6401050011000800;64010500110008;64;1;050;011;0008;0;KALIMANTAN TIMUR;PASER;KUARO;KENDAROM;RT 008 DUSUN 2;-1.76976;116.100408
6401050011000900;64010500110009;64;1;050;011;0009;0;KALIMANTAN TIMUR;PASER;KUARO;KENDAROM;RT 009 DUSUN 2;-1.7716;116.096725
6401050011001000;64010500110010;64;1;050;011;0010;0;KALIMANTAN TIMUR;PASER;KUARO;KENDAROM;RT 010 DUSUN 2;-1.76835;116.099314
6401050011001100;64010500110011;64;1;050;011;0011;0;KALIMANTAN TIMUR;PASER;KUARO;KENDAROM;RT 011 DUSUN 2;-1.76643;116.09956
6401050011100100;64010500111001;64;1;050;011;1001;0;KALIMANTAN TIMUR;PASER;KUARO;KENDAROM;PERKEBUNAN SAWIT;-1.77051;116.084669
6401050012000100;64010500120001;64;1;050;012;0001;0;KALIMANTAN TIMUR;PASER;KUARO;KLEMPANG SARI;RT 001;-1.83109;116.091488
6401050012000200;64010500120002;64;1;050;012;0002;0;KALIMANTAN TIMUR;PASER;KUARO;KLEMPANG SARI;RT 002;-1.83732;116.099254
6401050012000300;64010500120003;64;1;050;012;0003;0;KALIMANTAN TIMUR;PASER;KUARO;KLEMPANG SARI;RT 003;-1.83708;116.096242
6401050012000400;64010500120004;64;1;050;012;0004;0;KALIMANTAN TIMUR;PASER;KUARO;KLEMPANG SARI;RT 004;-1.83756;116.093641
6401050012000500;64010500120005;64;1;050;012;0005;0;KALIMANTAN TIMUR;PASER;KUARO;KLEMPANG SARI;RT 005;-1.83501;116.099433
6401050012000600;64010500120006;64;1;050;012;0006;0;KALIMANTAN TIMUR;PASER;KUARO;KLEMPANG SARI;RT 006;-1.83378;116.097133
6401050012000700;64010500120007;64;1;050;012;0007;0;KALIMANTAN TIMUR;PASER;KUARO;KLEMPANG SARI;RT 007;-1.83139;116.097827
6401050012100100;64010500121001;64;1;050;012;1001;0;KALIMANTAN TIMUR;PASER;KUARO;KLEMPANG SARI;PERKEBUNAN SAWIT;-1.83967;116.109977
6401050013000100;64010500130001;64;1;050;013;0001;0;KALIMANTAN TIMUR;PASER;KUARO;KELUANG PASER JAYA;RT 001;-1.86313;116.122319
6401050013000200;64010500130002;64;1;050;013;0002;0;KALIMANTAN TIMUR;PASER;KUARO;KELUANG PASER JAYA;RT 002;-1.86525;116.120913
6401050013000300;64010500130003;64;1;050;013;0003;0;KALIMANTAN TIMUR;PASER;KUARO;KELUANG PASER JAYA;RT 003;-1.86487;116.12385
6401050013000400;64010500130004;64;1;050;013;0004;0;KALIMANTAN TIMUR;PASER;KUARO;KELUANG PASER JAYA;RT 004;-1.86686;116.123052
6401050013000500;64010500130005;64;1;050;013;0005;0;KALIMANTAN TIMUR;PASER;KUARO;KELUANG PASER JAYA;RT 005;-1.86654;116.11792
6401050013000600;64010500130006;64;1;050;013;0006;0;KALIMANTAN TIMUR;PASER;KUARO;KELUANG PASER JAYA;RT 006;-1.86853;116.122844
6401050013000700;64010500130007;64;1;050;013;0007;0;KALIMANTAN TIMUR;PASER;KUARO;KELUANG PASER JAYA;RT 007;-1.87039;116.122728
6401050013000800;64010500130008;64;1;050;013;0008;0;KALIMANTAN TIMUR;PASER;KUARO;KELUANG PASER JAYA;RT 008;-1.87076;116.117733
6401050013000900;64010500130009;64;1;050;013;0009;0;KALIMANTAN TIMUR;PASER;KUARO;KELUANG PASER JAYA;RT 009;-1.87255;116.12244
6401050013001000;64010500130010;64;1;050;013;0010;0;KALIMANTAN TIMUR;PASER;KUARO;KELUANG PASER JAYA;RT 010;-1.87433;116.117864
6401050013001100;64010500130011;64;1;050;013;0011;0;KALIMANTAN TIMUR;PASER;KUARO;KELUANG PASER JAYA;RT 011;-1.89439;116.127619
6401050013001200;64010500130012;64;1;050;013;0012;0;KALIMANTAN TIMUR;PASER;KUARO;KELUANG PASER JAYA;RT 012;-1.88689;116.106898
6401050013100100;64010500131001;64;1;050;013;1001;0;KALIMANTAN TIMUR;PASER;KUARO;KELUANG PASER JAYA;PERKEBUNAN SAWIT;-1.86778;116.108351
6401060001000100;64010600010001;64;1;060;001;0001;0;KALIMANTAN TIMUR;PASER;LONG IKIS;SAMUNTAI;RT 001;-1.66411;116.153984
6401060001000200;64010600010002;64;1;060;001;0002;0;KALIMANTAN TIMUR;PASER;LONG IKIS;SAMUNTAI;RT 002;-1.65715;116.152363
6401060001000300;64010600010003;64;1;060;001;0003;0;KALIMANTAN TIMUR;PASER;LONG IKIS;SAMUNTAI;RT 003;-1.67037;116.14871
6401060001000400;64010600010004;64;1;060;001;0004;0;KALIMANTAN TIMUR;PASER;LONG IKIS;SAMUNTAI;RT 004;-1.67144;116.152749
6401060001000500;64010600010005;64;1;060;001;0005;0;KALIMANTAN TIMUR;PASER;LONG IKIS;SAMUNTAI;RT 005;-1.66834;116.147435
6401060001000600;64010600010006;64;1;060;001;0006;0;KALIMANTAN TIMUR;PASER;LONG IKIS;SAMUNTAI;RT 006;-1.64845;116.15716
6401060001000700;64010600010007;64;1;060;001;0007;0;KALIMANTAN TIMUR;PASER;LONG IKIS;SAMUNTAI;RT 007;-1.63427;116.148566
6401060001000800;64010600010008;64;1;060;001;0008;0;KALIMANTAN TIMUR;PASER;LONG IKIS;SAMUNTAI;RT 008;-1.6235;116.132771
6401060001000900;64010600010009;64;1;060;001;0009;0;KALIMANTAN TIMUR;PASER;LONG IKIS;SAMUNTAI;RT 009;-1.66661;116.143306
6401060001001000;64010600010010;64;1;060;001;0010;0;KALIMANTAN TIMUR;PASER;LONG IKIS;SAMUNTAI;RT 010;-1.67205;116.12419
6401060001001100;64010600010011;64;1;060;001;0011;0;KALIMANTAN TIMUR;PASER;LONG IKIS;SAMUNTAI;RT 011;-1.6602;116.124214
6401060001001200;64010600010012;64;1;060;001;0012;0;KALIMANTAN TIMUR;PASER;LONG IKIS;SAMUNTAI;RT 012;-1.66443;116.135462
6401060001001300;64010600010013;64;1;060;001;0013;0;KALIMANTAN TIMUR;PASER;LONG IKIS;SAMUNTAI;RT 013;-1.65601;116.122483
6401060001001400;64010600010014;64;1;060;001;0014;0;KALIMANTAN TIMUR;PASER;LONG IKIS;SAMUNTAI;RT 014;-1.65112;116.107342
6401060001001500;64010600010015;64;1;060;001;0015;0;KALIMANTAN TIMUR;PASER;LONG IKIS;SAMUNTAI;RT 015;-1.62989;116.100612
6401060001001700;64010600010017;64;1;060;001;0017;0;KALIMANTAN TIMUR;PASER;LONG IKIS;SAMUNTAI;RT 017;-1.67079;116.133082
6401060001100200;64010600011002;64;1;060;001;1002;0;KALIMANTAN TIMUR;PASER;LONG IKIS;SAMUNTAI;KEBUN SAWIT (HGU PTPN XIII);-1.67019;116.10811
6401060001100300;64010600011003;64;1;060;001;1003;0;KALIMANTAN TIMUR;PASER;LONG IKIS;SAMUNTAI;KEBUN SAWIT (KKPA KARU);-1.66823;116.163447
6401060001100400;64010600011004;64;1;060;001;1004;0;KALIMANTAN TIMUR;PASER;LONG IKIS;SAMUNTAI;KEBUN SAWIT (PIRKLOK;-1.66614;116.178607
6401060001100500;64010600011005;64;1;060;001;1005;0;KALIMANTAN TIMUR;PASER;LONG IKIS;SAMUNTAI;KEBUN SAWIT (PIRLOK / KKPA);-1.64509;116.138192
6401060001100600;64010600011006;64;1;060;001;1006;0;KALIMANTAN TIMUR;PASER;LONG IKIS;SAMUNTAI;KEBUN SAWIT (HGU PTP.N XIII);-1.63311;116.133721
6401060001100700;64010600011007;64;1;060;001;1007;0;KALIMANTAN TIMUR;PASER;LONG IKIS;SAMUNTAI;KEBUN SAWIT (HGU PTP.N XIII);-1.63864;116.120477
6401060001200100;64010600012001;64;1;060;001;2001;0;KALIMANTAN TIMUR;PASER;LONG IKIS;SAMUNTAI;HUTAN;-1.66111;116.062338
6401060001200800;64010600012008;64;1;060;001;2008;0;KALIMANTAN TIMUR;PASER;LONG IKIS;SAMUNTAI;HUTAN (AIR TERJUN DOYAM GERIGU);-1.62504;116.058441
6401060002000100;64010600020001;64;1;060;002;0001;0;KALIMANTAN TIMUR;PASER;LONG IKIS;LOMBOK;RT 001;-1.60824;116.16149
6401060002000200;64010600020002;64;1;060;002;0002;0;KALIMANTAN TIMUR;PASER;LONG IKIS;LOMBOK;RT 002;-1.62425;116.164479
6401060002000300;64010600020003;64;1;060;002;0003;0;KALIMANTAN TIMUR;PASER;LONG IKIS;LOMBOK;RT 003;-1.60876;116.158831
6401060002000400;64010600020004;64;1;060;002;0004;0;KALIMANTAN TIMUR;PASER;LONG IKIS;LOMBOK;RT 004;-1.6324;116.162169
6401060002000500;64010600020005;64;1;060;002;0005;0;KALIMANTAN TIMUR;PASER;LONG IKIS;LOMBOK;RT 005;-1.61264;116.153151
6401060002000600;64010600020006;64;1;060;002;0006;0;KALIMANTAN TIMUR;PASER;LONG IKIS;LOMBOK;RT 006;-1.63045;116.157054
6401060002000700;64010600020007;64;1;060;002;0007;0;KALIMANTAN TIMUR;PASER;LONG IKIS;LOMBOK;RT 007;-1.60896;116.12739
6401060002000800;64010600020008;64;1;060;002;0008;0;KALIMANTAN TIMUR;PASER;LONG IKIS;LOMBOK;RT 008;-1.61251;116.166743
6401060002000900;64010600020009;64;1;060;002;0009;0;KALIMANTAN TIMUR;PASER;LONG IKIS;LOMBOK;RT 009;-1.62243;116.151585
6401060002100200;64010600021002;64;1;060;002;1002;0;KALIMANTAN TIMUR;PASER;LONG IKIS;LOMBOK;SAWIT PTPN;-1.57386;116.115596
6401060002100300;64010600021003;64;1;060;002;1003;0;KALIMANTAN TIMUR;PASER;LONG IKIS;LOMBOK;KEBUN KELAPA SAWIT;-1.59377;116.083966
6401060002200100;64010600022001;64;1;060;002;2001;0;KALIMANTAN TIMUR;PASER;LONG IKIS;LOMBOK;HUTAN;-1.56666;116.082776
6401060003000100;64010600030001;64;1;060;003;0001;0;KALIMANTAN TIMUR;PASER;LONG IKIS;SAWIT JAYA;RT 001;-1.5935;116.157759
6401060003000200;64010600030002;64;1;060;003;0002;0;KALIMANTAN TIMUR;PASER;LONG IKIS;SAWIT JAYA;RT 002;-1.59354;116.152975
6401060003000300;64010600030003;64;1;060;003;0003;0;KALIMANTAN TIMUR;PASER;LONG IKIS;SAWIT JAYA;RT 003;-1.59127;116.158536
6401060003000400;64010600030004;64;1;060;003;0004;0;KALIMANTAN TIMUR;PASER;LONG IKIS;SAWIT JAYA;RT 004;-1.59146;116.152833
6401060003000500;64010600030005;64;1;060;003;0005;0;KALIMANTAN TIMUR;PASER;LONG IKIS;SAWIT JAYA;RT 005;-1.5893;116.158295
6401060003000600;64010600030006;64;1;060;003;0006;0;KALIMANTAN TIMUR;PASER;LONG IKIS;SAWIT JAYA;RT 006;-1.58925;116.152665
6401060003000700;64010600030007;64;1;060;003;0007;0;KALIMANTAN TIMUR;PASER;LONG IKIS;SAWIT JAYA;RT 007;-1.58723;116.15587
6401060003000800;64010600030008;64;1;060;003;0008;0;KALIMANTAN TIMUR;PASER;LONG IKIS;SAWIT JAYA;RT 008;-1.58554;116.153262
6401060003000900;64010600030009;64;1;060;003;0009;0;KALIMANTAN TIMUR;PASER;LONG IKIS;SAWIT JAYA;RT 009;-1.58451;116.157544
6401060003001000;64010600030010;64;1;060;003;0010;0;KALIMANTAN TIMUR;PASER;LONG IKIS;SAWIT JAYA;RT 010;-1.58361;116.153047
6401060003001100;64010600030011;64;1;060;003;0011;0;KALIMANTAN TIMUR;PASER;LONG IKIS;SAWIT JAYA;RT 011;-1.58183;116.154343
6401060003001200;64010600030012;64;1;060;003;0012;0;KALIMANTAN TIMUR;PASER;LONG IKIS;SAWIT JAYA;RT 012;-1.57869;116.155236
6401060003100100;64010600031001;64;1;060;003;1001;0;KALIMANTAN TIMUR;PASER;LONG IKIS;SAWIT JAYA;PERKEBUNAN KELAPA SAWIT;-1.59357;116.132534
6401060003100200;64010600031002;64;1;060;003;1002;0;KALIMANTAN TIMUR;PASER;LONG IKIS;SAWIT JAYA;PERKEBUNAN KELAPA SAWIT;-1.6036;116.14946
6401060003100300;64010600031003;64;1;060;003;1003;0;KALIMANTAN TIMUR;PASER;LONG IKIS;SAWIT JAYA;PERKEBUNAN KELAPA SAWIT;-1.59709;116.14768
6401060003100400;64010600031004;64;1;060;003;1004;0;KALIMANTAN TIMUR;PASER;LONG IKIS;SAWIT JAYA;PERKEBUNAN KELAPA SAWIT;-1.58119;116.14429
6401060004000101;64010600040001;64;1;060;004;0001;1;KALIMANTAN TIMUR;PASER;LONG IKIS;PAIT;RT 001;-1.60054;116.173873
6401060004000102;64010600040001;64;1;060;004;0001;2;KALIMANTAN TIMUR;PASER;LONG IKIS;PAIT;RT 001;-1.60171;116.173997
6401060004000201;64010600040002;64;1;060;004;0002;1;KALIMANTAN TIMUR;PASER;LONG IKIS;PAIT;RT 002;-1.60047;116.169118
6401060004000202;64010600040002;64;1;060;004;0002;2;KALIMANTAN TIMUR;PASER;LONG IKIS;PAIT;RT 002;-1.59698;116.169153
6401060004000300;64010600040003;64;1;060;004;0003;0;KALIMANTAN TIMUR;PASER;LONG IKIS;PAIT;RT 003;-1.6026;116.168549
6401060004000401;64010600040004;64;1;060;004;0004;1;KALIMANTAN TIMUR;PASER;LONG IKIS;PAIT;RT 004;-1.60088;116.164934
6401060004000402;64010600040004;64;1;060;004;0004;2;KALIMANTAN TIMUR;PASER;LONG IKIS;PAIT;RT 004;-1.60055;116.166313
6401060004000500;64010600040005;64;1;060;004;0005;0;KALIMANTAN TIMUR;PASER;LONG IKIS;PAIT;RT 005;-1.6103;116.170741
6401060004000600;64010600040006;64;1;060;004;0006;0;KALIMANTAN TIMUR;PASER;LONG IKIS;PAIT;RT 006;-1.6054;116.16655
6401060004000700;64010600040007;64;1;060;004;0007;0;KALIMANTAN TIMUR;PASER;LONG IKIS;PAIT;RT 007;-1.60708;116.16403
6401060004000801;64010600040008;64;1;060;004;0008;1;KALIMANTAN TIMUR;PASER;LONG IKIS;PAIT;RT 008;-1.59653;116.163778
6401060004000802;64010600040008;64;1;060;004;0008;2;KALIMANTAN TIMUR;PASER;LONG IKIS;PAIT;RT 008;-1.59697;116.164211
6401060004000803;64010600040008;64;1;060;004;0008;3;KALIMANTAN TIMUR;PASER;LONG IKIS;PAIT;RT 008;-1.59022;116.162963
6401060004000804;64010600040008;64;1;060;004;0008;4;KALIMANTAN TIMUR;PASER;LONG IKIS;PAIT;RT 008;-1.57883;116.167539
6401060004000900;64010600040009;64;1;060;004;0009;0;KALIMANTAN TIMUR;PASER;LONG IKIS;PAIT;RT 009;-1.60379;116.164064
6401060004001000;64010600040010;64;1;060;004;0010;0;KALIMANTAN TIMUR;PASER;LONG IKIS;PAIT;RT 010;-1.59767;116.17321
6401060004001200;64010600040012;64;1;060;004;0012;0;KALIMANTAN TIMUR;PASER;LONG IKIS;PAIT;RT 011;-1.606;116.171643
6401060004001300;64010600040013;64;1;060;004;0013;0;KALIMANTAN TIMUR;PASER;LONG IKIS;PAIT;RT 012;-1.60553;116.168642
6401060004100100;64010600041001;64;1;060;004;1001;0;KALIMANTAN TIMUR;PASER;LONG IKIS;PAIT;KEBUN KELAPA SAWIT;-1.61108;116.168216
6401060004100200;64010600041002;64;1;060;004;1002;0;KALIMANTAN TIMUR;PASER;LONG IKIS;PAIT;KEBUN KELAPA SAWIT;-1.60594;116.175378
6401060004100300;64010600041003;64;1;060;004;1003;0;KALIMANTAN TIMUR;PASER;LONG IKIS;PAIT;KEBUN KELAPA SAWIT;-1.60188;116.161098
6401060004100400;64010600041004;64;1;060;004;1004;0;KALIMANTAN TIMUR;PASER;LONG IKIS;PAIT;KEBUN KELAPA SAWIT;-1.57972;116.170983
6401060005000100;64010600050001;64;1;060;005;0001;0;KALIMANTAN TIMUR;PASER;LONG IKIS;TAJUR;RT 001;-1.64086;116.183503
6401060005000200;64010600050002;64;1;060;005;0002;0;KALIMANTAN TIMUR;PASER;LONG IKIS;TAJUR;RT 002;-1.61989;116.198047
6401060005002500;64010600050025;64;1;060;005;0025;0;KALIMANTAN TIMUR;PASER;LONG IKIS;TAJUR;RT 003;-1.62368;116.198996
6401060005002600;64010600050026;64;1;060;005;0026;0;KALIMANTAN TIMUR;PASER;LONG IKIS;TAJUR;RT 004;-1.62704;116.198643
6401060005002700;64010600050027;64;1;060;005;0027;0;KALIMANTAN TIMUR;PASER;LONG IKIS;TAJUR;RT 005;-1.63133;116.19386
6401060005002800;64010600050028;64;1;060;005;0028;0;KALIMANTAN TIMUR;PASER;LONG IKIS;TAJUR;RT 006;-1.63088;116.197566
6401060005002900;64010600050029;64;1;060;005;0029;0;KALIMANTAN TIMUR;PASER;LONG IKIS;TAJUR;RT 007;-1.63065;116.201132
6401060005003000;64010600050030;64;1;060;005;0030;0;KALIMANTAN TIMUR;PASER;LONG IKIS;TAJUR;RT 008;-1.63372;116.202
6401060005003100;64010600050031;64;1;060;005;0031;0;KALIMANTAN TIMUR;PASER;LONG IKIS;TAJUR;RT 009;-1.6354;116.194782
6401060005003200;64010600050032;64;1;060;005;0032;0;KALIMANTAN TIMUR;PASER;LONG IKIS;TAJUR;RT 010;-1.63579;116.201678
6401060005003300;64010600050033;64;1;060;005;0033;0;KALIMANTAN TIMUR;PASER;LONG IKIS;TAJUR;RT 011;-1.65337;116.209616
6401060006000100;64010600060001;64;1;060;006;0001;0;KALIMANTAN TIMUR;PASER;LONG IKIS;MUARA ADANG;RT 001;-1.66934;116.308101
6401060006000200;64010600060002;64;1;060;006;0002;0;KALIMANTAN TIMUR;PASER;LONG IKIS;MUARA ADANG;RT 002;-1.65419;116.32306
6401060006000300;64010600060003;64;1;060;006;0003;0;KALIMANTAN TIMUR;PASER;LONG IKIS;MUARA ADANG;RT 003;-1.66978;116.308785
6401060006000400;64010600060004;64;1;060;006;0004;0;KALIMANTAN TIMUR;PASER;LONG IKIS;MUARA ADANG;RT 004;-1.6701;116.309485
6401060006000500;64010600060005;64;1;060;006;0005;0;KALIMANTAN TIMUR;PASER;LONG IKIS;MUARA ADANG;RT 005;-1.7052;116.280542
6401060006000600;64010600060006;64;1;060;006;0006;0;KALIMANTAN TIMUR;PASER;LONG IKIS;MUARA ADANG;RT 006;-1.67114;116.310408
6401060006000700;64010600060007;64;1;060;006;0007;0;KALIMANTAN TIMUR;PASER;LONG IKIS;MUARA ADANG;RT 007;-1.6735;116.358028
6401060006000800;64010600060008;64;1;060;006;0008;0;KALIMANTAN TIMUR;PASER;LONG IKIS;MUARA ADANG;RT 008;-1.6623;116.304558
6401060007000100;64010600070001;64;1;060;007;0001;0;KALIMANTAN TIMUR;PASER;LONG IKIS;TELUK WARU;RT 001;-1.65597;116.295502
6401060007000200;64010600070002;64;1;060;007;0002;0;KALIMANTAN TIMUR;PASER;LONG IKIS;TELUK WARU;RT 002;-1.65742;116.291483
6401060007000300;64010600070003;64;1;060;007;0003;0;KALIMANTAN TIMUR;PASER;LONG IKIS;TELUK WARU;RT 003;-1.65058;116.296005
6401060007000400;64010600070004;64;1;060;007;0004;0;KALIMANTAN TIMUR;PASER;LONG IKIS;TELUK WARU;RT 004;-1.63744;116.31036
6401060007000500;64010600070005;64;1;060;007;0005;0;KALIMANTAN TIMUR;PASER;LONG IKIS;TELUK WARU;RT 005;-1.64197;116.29405
6401060007000600;64010600070006;64;1;060;007;0006;0;KALIMANTAN TIMUR;PASER;LONG IKIS;TELUK WARU;RT 006;-1.63454;116.290308
6401060007000700;64010600070007;64;1;060;007;0007;0;KALIMANTAN TIMUR;PASER;LONG IKIS;TELUK WARU;RT 007;-1.64999;116.288791
6401060007000800;64010600070008;64;1;060;007;0008;0;KALIMANTAN TIMUR;PASER;LONG IKIS;TELUK WARU;RT 008;-1.65581;116.27572
6401060007200100;64010600072001;64;1;060;007;2001;0;KALIMANTAN TIMUR;PASER;LONG IKIS;TELUK WARU;HUTAN BAKAU;-1.6758;116.247836
6401060007200200;64010600072002;64;1;060;007;2002;0;KALIMANTAN TIMUR;PASER;LONG IKIS;TELUK WARU;HUTAN GELAM;-1.62067;116.303958
6401060008000100;64010600080001;64;1;060;008;0001;0;KALIMANTAN TIMUR;PASER;LONG IKIS;BUKIT SELOKA;RT 001;-1.61515;116.258999
6401060008000200;64010600080002;64;1;060;008;0002;0;KALIMANTAN TIMUR;PASER;LONG IKIS;BUKIT SELOKA;RT 002;-1.61767;116.258641
6401060008000300;64010600080003;64;1;060;008;0003;0;KALIMANTAN TIMUR;PASER;LONG IKIS;BUKIT SELOKA;RT 003;-1.61631;116.261281
6401060008000400;64010600080004;64;1;060;008;0004;0;KALIMANTAN TIMUR;PASER;LONG IKIS;BUKIT SELOKA;RT 004;-1.62033;116.261114
6401060008000500;64010600080005;64;1;060;008;0005;0;KALIMANTAN TIMUR;PASER;LONG IKIS;BUKIT SELOKA;RT 005;-1.61599;116.263232
6401060008000600;64010600080006;64;1;060;008;0006;0;KALIMANTAN TIMUR;PASER;LONG IKIS;BUKIT SELOKA;RT 006;-1.61896;116.263211
6401060008000700;64010600080007;64;1;060;008;0007;0;KALIMANTAN TIMUR;PASER;LONG IKIS;BUKIT SELOKA;RT 007;-1.61625;116.26504
6401060008000800;64010600080008;64;1;060;008;0008;0;KALIMANTAN TIMUR;PASER;LONG IKIS;BUKIT SELOKA;RT 008;-1.61943;116.264881
6401060008000900;64010600080009;64;1;060;008;0009;0;KALIMANTAN TIMUR;PASER;LONG IKIS;BUKIT SELOKA;RT 009;-1.61614;116.267354
6401060008001000;64010600080010;64;1;060;008;0010;0;KALIMANTAN TIMUR;PASER;LONG IKIS;BUKIT SELOKA;RT 010;-1.61893;116.267579
6401060008100100;64010600081001;64;1;060;008;1001;0;KALIMANTAN TIMUR;PASER;LONG IKIS;BUKIT SELOKA;PERKEBUNAN KELAPA SAWIT;-1.62612;116.277851
6401060008100200;64010600081002;64;1;060;008;1002;0;KALIMANTAN TIMUR;PASER;LONG IKIS;BUKIT SELOKA;PERKEBUNAN KELAPA SAWIT;-1.63168;116.260697
6401060009000100;64010600090001;64;1;060;009;0001;0;KALIMANTAN TIMUR;PASER;LONG IKIS;KRAYAN MAKMUR;RT 001;-1.61525;116.239047
6401060009000200;64010600090002;64;1;060;009;0002;0;KALIMANTAN TIMUR;PASER;LONG IKIS;KRAYAN MAKMUR;RT 002;-1.61923;116.239364
6401060009000300;64010600090003;64;1;060;009;0003;0;KALIMANTAN TIMUR;PASER;LONG IKIS;KRAYAN MAKMUR;RT 003;-1.61677;116.241254
6401060009000400;64010600090004;64;1;060;009;0004;0;KALIMANTAN TIMUR;PASER;LONG IKIS;KRAYAN MAKMUR;RT 004;-1.61933;116.242993
6401060009000500;64010600090005;64;1;060;009;0005;0;KALIMANTAN TIMUR;PASER;LONG IKIS;KRAYAN MAKMUR;RT 005;-1.6156;116.243233
6401060009000600;64010600090006;64;1;060;009;0006;0;KALIMANTAN TIMUR;PASER;LONG IKIS;KRAYAN MAKMUR;RT 006;-1.61586;116.244825
6401060009000700;64010600090007;64;1;060;009;0007;0;KALIMANTAN TIMUR;PASER;LONG IKIS;KRAYAN MAKMUR;RT 007;-1.61982;116.244617
6401060009000800;64010600090008;64;1;060;009;0008;0;KALIMANTAN TIMUR;PASER;LONG IKIS;KRAYAN MAKMUR;RT 008;-1.61606;116.247045
6401060009000900;64010600090009;64;1;060;009;0009;0;KALIMANTAN TIMUR;PASER;LONG IKIS;KRAYAN MAKMUR;RT 009;-1.61672;116.237027
6401060009001000;64010600090010;64;1;060;009;0010;0;KALIMANTAN TIMUR;PASER;LONG IKIS;KRAYAN MAKMUR;RT 010;-1.61984;116.246547
6401060009100100;64010600091001;64;1;060;009;1001;0;KALIMANTAN TIMUR;PASER;LONG IKIS;KRAYAN MAKMUR;PERKEBUNAN KELAPA SAWIT;-1.6147;116.219672
6401060009100200;64010600091002;64;1;060;009;1002;0;KALIMANTAN TIMUR;PASER;LONG IKIS;KRAYAN MAKMUR;PERKEBUNAN KELAPA SAWIT;-1.6061;116.246279
6401060009100300;64010600091003;64;1;060;009;1003;0;KALIMANTAN TIMUR;PASER;LONG IKIS;KRAYAN MAKMUR;PERKEBUNAN KELAPA SAWIT;-1.62578;116.242558
6401060009100400;64010600091004;64;1;060;009;1004;0;KALIMANTAN TIMUR;PASER;LONG IKIS;KRAYAN MAKMUR;PERKEBUNAN KELAPA SAWIT;-1.62197;116.251182
6401060009100500;64010600091005;64;1;060;009;1005;0;KALIMANTAN TIMUR;PASER;LONG IKIS;KRAYAN MAKMUR;PERKEBUNAN KELAPA SAWIT;-1.64391;116.242984
6401060010000100;64010600100001;64;1;060;010;0001;0;KALIMANTAN TIMUR;PASER;LONG IKIS;KRAYAN SENTOSA;RT 001;-1.60296;116.259061
6401060010000200;64010600100002;64;1;060;010;0002;0;KALIMANTAN TIMUR;PASER;LONG IKIS;KRAYAN SENTOSA;RT 002;-1.60308;116.261889
6401060010000300;64010600100003;64;1;060;010;0003;0;KALIMANTAN TIMUR;PASER;LONG IKIS;KRAYAN SENTOSA;RT 003;-1.60121;116.261625
6401060010000400;64010600100004;64;1;060;010;0004;0;KALIMANTAN TIMUR;PASER;LONG IKIS;KRAYAN SENTOSA;RT 004;-1.60267;116.264172
6401060010000500;64010600100005;64;1;060;010;0005;0;KALIMANTAN TIMUR;PASER;LONG IKIS;KRAYAN SENTOSA;RT 005;-1.60238;116.266451
6401060010000600;64010600100006;64;1;060;010;0006;0;KALIMANTAN TIMUR;PASER;LONG IKIS;KRAYAN SENTOSA;RT 006;-1.60007;116.265223
6401060010000700;64010600100007;64;1;060;010;0007;0;KALIMANTAN TIMUR;PASER;LONG IKIS;KRAYAN SENTOSA;RT 007;-1.59782;116.2661
6401060010000800;64010600100008;64;1;060;010;0008;0;KALIMANTAN TIMUR;PASER;LONG IKIS;KRAYAN SENTOSA;RT 008;-1.59592;116.266257
6401060010000900;64010600100009;64;1;060;010;0009;0;KALIMANTAN TIMUR;PASER;LONG IKIS;KRAYAN SENTOSA;RT 009;-1.59568;116.264828
6401060010001000;64010600100010;64;1;060;010;0010;0;KALIMANTAN TIMUR;PASER;LONG IKIS;KRAYAN SENTOSA;RT 010;-1.59305;116.264697
6401060010001100;64010600100011;64;1;060;010;0011;0;KALIMANTAN TIMUR;PASER;LONG IKIS;KRAYAN SENTOSA;RT 011;-1.59494;116.268498
6401060010001200;64010600100012;64;1;060;010;0012;0;KALIMANTAN TIMUR;PASER;LONG IKIS;KRAYAN SENTOSA;RT 012;-1.59842;116.267935
6401060010100100;64010600101001;64;1;060;010;1001;0;KALIMANTAN TIMUR;PASER;LONG IKIS;KRAYAN SENTOSA;KEBUN KELAPA SAWIT;-1.60963;116.264189
6401060010100200;64010600101002;64;1;060;010;1002;0;KALIMANTAN TIMUR;PASER;LONG IKIS;KRAYAN SENTOSA;KEBUN KELAPA SAWIT;-1.59485;116.275102
6401060010100300;64010600101003;64;1;060;010;1003;0;KALIMANTAN TIMUR;PASER;LONG IKIS;KRAYAN SENTOSA;KEBUN KELAPA SAWIT;-1.59389;116.258671
6401060010100400;64010600101004;64;1;060;010;1004;0;KALIMANTAN TIMUR;PASER;LONG IKIS;KRAYAN SENTOSA;KEBUN KELAPA SAWIT;-1.60084;116.25778
6401060011000100;64010600110001;64;1;060;011;0001;0;KALIMANTAN TIMUR;PASER;LONG IKIS;KRAYAN JAYA;RT 001;-1.57912;116.249879
6401060011000200;64010600110002;64;1;060;011;0002;0;KALIMANTAN TIMUR;PASER;LONG IKIS;KRAYAN JAYA;RT 002;-1.58095;116.252682
6401060011000300;64010600110003;64;1;060;011;0003;0;KALIMANTAN TIMUR;PASER;LONG IKIS;KRAYAN JAYA;RT 003;-1.58192;116.25472
6401060011000400;64010600110004;64;1;060;011;0004;0;KALIMANTAN TIMUR;PASER;LONG IKIS;KRAYAN JAYA;RT 004;-1.58049;116.255962
6401060011000500;64010600110005;64;1;060;011;0005;0;KALIMANTAN TIMUR;PASER;LONG IKIS;KRAYAN JAYA;RT 005;-1.5809;116.258523
6401060011000600;64010600110006;64;1;060;011;0006;0;KALIMANTAN TIMUR;PASER;LONG IKIS;KRAYAN JAYA;RT 006;-1.58017;116.260745
6401060011000700;64010600110007;64;1;060;011;0007;0;KALIMANTAN TIMUR;PASER;LONG IKIS;KRAYAN JAYA;RT 007;-1.57937;116.263382
6401060011000800;64010600110008;64;1;060;011;0008;0;KALIMANTAN TIMUR;PASER;LONG IKIS;KRAYAN JAYA;RT 008;-1.57663;116.264753
6401060011001200;64010600110012;64;1;060;011;0012;0;KALIMANTAN TIMUR;PASER;LONG IKIS;KRAYAN JAYA;RT 009;-1.57394;116.262899
6401060011100100;64010600111001;64;1;060;011;1001;0;KALIMANTAN TIMUR;PASER;LONG IKIS;KRAYAN JAYA;PERKEBUNAN KELAPA SAWIT;-1.57332;116.24532
6401060011100200;64010600111002;64;1;060;011;1002;0;KALIMANTAN TIMUR;PASER;LONG IKIS;KRAYAN JAYA;PERKEBUNAN KELAPA SAWIT;-1.57814;116.269191
6401060011100300;64010600111003;64;1;060;011;1003;0;KALIMANTAN TIMUR;PASER;LONG IKIS;KRAYAN JAYA;PERKEBUNAN KELAPA SAWIT;-1.58899;116.247295
6401060012000100;64010600120001;64;1;060;012;0001;0;KALIMANTAN TIMUR;PASER;LONG IKIS;JEMPARING;RT 001;-1.56132;116.251697
6401060012000200;64010600120002;64;1;060;012;0002;0;KALIMANTAN TIMUR;PASER;LONG IKIS;JEMPARING;RT 002;-1.56487;116.261207
6401060012000300;64010600120003;64;1;060;012;0003;0;KALIMANTAN TIMUR;PASER;LONG IKIS;JEMPARING;RT 003;-1.54384;116.265148
6401060012000400;64010600120004;64;1;060;012;0004;0;KALIMANTAN TIMUR;PASER;LONG IKIS;JEMPARING;RT 004;-1.55357;116.268141
6401060012000500;64010600120005;64;1;060;012;0005;0;KALIMANTAN TIMUR;PASER;LONG IKIS;JEMPARING;RT 005;-1.5484;116.274262
6401060012000600;64010600120006;64;1;060;012;0006;0;KALIMANTAN TIMUR;PASER;LONG IKIS;JEMPARING;RT 006;-1.56519;116.283194
6401060012000700;64010600120007;64;1;060;012;0007;0;KALIMANTAN TIMUR;PASER;LONG IKIS;JEMPARING;RT 007;-1.59656;116.301505
6401060012000800;64010600120008;64;1;060;012;0008;0;KALIMANTAN TIMUR;PASER;LONG IKIS;JEMPARING;RT 008;-1.5498;116.259275
6401060012000900;64010600120009;64;1;060;012;0009;0;KALIMANTAN TIMUR;PASER;LONG IKIS;JEMPARING;RT 009;-1.56853;116.27418
6401060012001000;64010600120010;64;1;060;012;0010;0;KALIMANTAN TIMUR;PASER;LONG IKIS;JEMPARING;RT 010;-1.55929;116.281263
6401060013000100;64010600130001;64;1;060;013;0001;0;KALIMANTAN TIMUR;PASER;LONG IKIS;KAYUNGO;RT 001;-1.5707;116.209769
6401060013000200;64010600130002;64;1;060;013;0002;0;KALIMANTAN TIMUR;PASER;LONG IKIS;KAYUNGO;RT 002;-1.56736;116.216726
6401060013000300;64010600130003;64;1;060;013;0003;0;KALIMANTAN TIMUR;PASER;LONG IKIS;KAYUNGO;RT 003;-1.56616;116.222906
6401060013000400;64010600130004;64;1;060;013;0004;0;KALIMANTAN TIMUR;PASER;LONG IKIS;KAYUNGO;RT 004;-1.56252;116.228114
6401060013000500;64010600130005;64;1;060;013;0005;0;KALIMANTAN TIMUR;PASER;LONG IKIS;KAYUNGO;RT 005;-1.56116;116.234427
6401060013000600;64010600130006;64;1;060;013;0006;0;KALIMANTAN TIMUR;PASER;LONG IKIS;KAYUNGO;RT 006;-1.56073;116.242325
6401060014000100;64010600140001;64;1;060;014;0001;0;KALIMANTAN TIMUR;PASER;LONG IKIS;KRAYAN BAHAGIA;RT 001;-1.58636;116.207279
6401060014000200;64010600140002;64;1;060;014;0002;0;KALIMANTAN TIMUR;PASER;LONG IKIS;KRAYAN BAHAGIA;RT 002;-1.58328;116.205538
6401060014000300;64010600140003;64;1;060;014;0003;0;KALIMANTAN TIMUR;PASER;LONG IKIS;KRAYAN BAHAGIA;RT 003;-1.58382;116.208432
6401060014000400;64010600140004;64;1;060;014;0004;0;KALIMANTAN TIMUR;PASER;LONG IKIS;KRAYAN BAHAGIA;RT 004;-1.58832;116.206466
6401060014000500;64010600140005;64;1;060;014;0005;0;KALIMANTAN TIMUR;PASER;LONG IKIS;KRAYAN BAHAGIA;RT 005;-1.59029;116.205181
6401060014000600;64010600140006;64;1;060;014;0006;0;KALIMANTAN TIMUR;PASER;LONG IKIS;KRAYAN BAHAGIA;RT 006;-1.59078;116.216899
6401060014000700;64010600140007;64;1;060;014;0007;0;KALIMANTAN TIMUR;PASER;LONG IKIS;KRAYAN BAHAGIA;RT 007;-1.58979;116.212197
6401060014000800;64010600140008;64;1;060;014;0008;0;KALIMANTAN TIMUR;PASER;LONG IKIS;KRAYAN BAHAGIA;RT 008;-1.58778;116.213972
6401060014000900;64010600140009;64;1;060;014;0009;0;KALIMANTAN TIMUR;PASER;LONG IKIS;KRAYAN BAHAGIA;RT 009;-1.58539;116.212558
6401060014001000;64010600140010;64;1;060;014;0010;0;KALIMANTAN TIMUR;PASER;LONG IKIS;KRAYAN BAHAGIA;RT 010;-1.58621;116.217813
6401060014100100;64010600141001;64;1;060;014;1001;0;KALIMANTAN TIMUR;PASER;LONG IKIS;KRAYAN BAHAGIA;KEBUN KELAPA SAWIT;-1.58865;116.223271
6401060015000100;64010600150001;64;1;060;015;0001;0;KALIMANTAN TIMUR;PASER;LONG IKIS;LONG IKIS;RT 001;-1.57978;116.206647
6401060015000200;64010600150002;64;1;060;015;0002;0;KALIMANTAN TIMUR;PASER;LONG IKIS;LONG IKIS;RT 002;-1.58566;116.193572
6401060015000300;64010600150003;64;1;060;015;0003;0;KALIMANTAN TIMUR;PASER;LONG IKIS;LONG IKIS;RT 003;-1.58571;116.201637
6401060015000400;64010600150004;64;1;060;015;0004;0;KALIMANTAN TIMUR;PASER;LONG IKIS;LONG IKIS;RT 004;-1.59129;116.193885
6401060015000500;64010600150005;64;1;060;015;0005;0;KALIMANTAN TIMUR;PASER;LONG IKIS;LONG IKIS;RT 005;-1.59656;116.192338
6401060015000600;64010600150006;64;1;060;015;0006;0;KALIMANTAN TIMUR;PASER;LONG IKIS;LONG IKIS;RT 006;-1.57723;116.194951
6401060016000100;64010600160001;64;1;060;016;0001;0;KALIMANTAN TIMUR;PASER;LONG IKIS;OLUNG;RT 001;-1.56337;116.19448
6401060016000200;64010600160002;64;1;060;016;0002;0;KALIMANTAN TIMUR;PASER;LONG IKIS;OLUNG;RT 002;-1.56482;116.192615
6401060016000300;64010600160003;64;1;060;016;0003;0;KALIMANTAN TIMUR;PASER;LONG IKIS;OLUNG;RT 003;-1.56634;116.194943
6401060016000400;64010600160004;64;1;060;016;0004;0;KALIMANTAN TIMUR;PASER;LONG IKIS;OLUNG;RT 004;-1.56753;116.19327
6401060016000500;64010600160005;64;1;060;016;0005;0;KALIMANTAN TIMUR;PASER;LONG IKIS;OLUNG;RT 005;-1.56665;116.190714
6401060016000600;64010600160006;64;1;060;016;0006;0;KALIMANTAN TIMUR;PASER;LONG IKIS;OLUNG;RT 006;-1.56874;116.189028
6401060016000700;64010600160007;64;1;060;016;0007;0;KALIMANTAN TIMUR;PASER;LONG IKIS;OLUNG;RT 007;-1.56975;116.1914
6401060016000800;64010600160008;64;1;060;016;0008;0;KALIMANTAN TIMUR;PASER;LONG IKIS;OLUNG;RT 008;-1.566;116.19695
6401060016000900;64010600160009;64;1;060;016;0009;0;KALIMANTAN TIMUR;PASER;LONG IKIS;OLUNG;RT 009/010;-1.566;116.198824
6401060016001000;64010600160010;64;1;060;016;0010;0;KALIMANTAN TIMUR;PASER;LONG IKIS;OLUNG;RT 011;-1.56886;116.197545
6401060016001100;64010600160011;64;1;060;016;0011;0;KALIMANTAN TIMUR;PASER;LONG IKIS;OLUNG;RT 012;-1.56312;116.198101
6401060016001200;64010600160012;64;1;060;016;0012;0;KALIMANTAN TIMUR;PASER;LONG IKIS;OLUNG;RT 013;-1.56556;116.200498
6401060016001300;64010600160013;64;1;060;016;0013;0;KALIMANTAN TIMUR;PASER;LONG IKIS;OLUNG;RT 014;-1.56307;116.201427
6401060016001400;64010600160014;64;1;060;016;0014;0;KALIMANTAN TIMUR;PASER;LONG IKIS;OLUNG;RT 016;-1.57067;116.200338
6401060016001500;64010600160015;64;1;060;016;0015;0;KALIMANTAN TIMUR;PASER;LONG IKIS;OLUNG;RT 015;-1.56449;116.203342
6401060016100100;64010600161001;64;1;060;016;1001;0;KALIMANTAN TIMUR;PASER;LONG IKIS;OLUNG;KEBUN KELAPA SAWIT;-1.56847;116.178861
6401060016100200;64010600161002;64;1;060;016;1002;0;KALIMANTAN TIMUR;PASER;LONG IKIS;OLUNG;KEBUN KELAPA SAWIT;-1.55614;116.182745
6401060016100300;64010600161003;64;1;060;016;1003;0;KALIMANTAN TIMUR;PASER;LONG IKIS;OLUNG;KEBUN KELAPA SAWIT;-1.56978;116.187973
6401060016100400;64010600161004;64;1;060;016;1004;0;KALIMANTAN TIMUR;PASER;LONG IKIS;OLUNG;KEBUN KELAPA SAWIT;-1.5536;116.199344
6401060016100500;64010600161005;64;1;060;016;1005;0;KALIMANTAN TIMUR;PASER;LONG IKIS;OLUNG;KEBUN KELAPA SAWIT;-1.56333;116.209143
6401060016100600;64010600161006;64;1;060;016;1006;0;KALIMANTAN TIMUR;PASER;LONG IKIS;OLUNG;KEBUN KELAPA SAWIT;-1.56903;116.203536
6401060016100700;64010600161007;64;1;060;016;1007;0;KALIMANTAN TIMUR;PASER;LONG IKIS;OLUNG;KEBUN KELAPA SAWIT;-1.5599;116.216376
6401060017000100;64010600170001;64;1;060;017;0001;0;KALIMANTAN TIMUR;PASER;LONG IKIS;KAYUNGO SARI;RT 001;-1.5368;116.195458
6401060017000200;64010600170002;64;1;060;017;0002;0;KALIMANTAN TIMUR;PASER;LONG IKIS;KAYUNGO SARI;RT 002;-1.53489;116.194804
6401060017000300;64010600170003;64;1;060;017;0003;0;KALIMANTAN TIMUR;PASER;LONG IKIS;KAYUNGO SARI;RT 003;-1.53732;116.198525
6401060017000400;64010600170004;64;1;060;017;0004;0;KALIMANTAN TIMUR;PASER;LONG IKIS;KAYUNGO SARI;RT 004;-1.53381;116.195936
6401060017000500;64010600170005;64;1;060;017;0005;0;KALIMANTAN TIMUR;PASER;LONG IKIS;KAYUNGO SARI;RT 005;-1.53551;116.199333
6401060017000600;64010600170006;64;1;060;017;0006;0;KALIMANTAN TIMUR;PASER;LONG IKIS;KAYUNGO SARI;RT 006;-1.53269;116.197056
6401060017000700;64010600170007;64;1;060;017;0007;0;KALIMANTAN TIMUR;PASER;LONG IKIS;KAYUNGO SARI;RT 007;-1.53379;116.201605
6401060017000800;64010600170008;64;1;060;017;0008;0;KALIMANTAN TIMUR;PASER;LONG IKIS;KAYUNGO SARI;RT 008;-1.53185;116.199263
6401060017000900;64010600170009;64;1;060;017;0009;0;KALIMANTAN TIMUR;PASER;LONG IKIS;KAYUNGO SARI;RT 009;-1.53029;116.197815
6401060017001000;64010600170010;64;1;060;017;0010;0;KALIMANTAN TIMUR;PASER;LONG IKIS;KAYUNGO SARI;RT 010;-1.5313;116.20242
6401060017001100;64010600170011;64;1;060;017;0011;0;KALIMANTAN TIMUR;PASER;LONG IKIS;KAYUNGO SARI;RT 011;-1.52815;116.197722
6401060017001200;64010600170012;64;1;060;017;0012;0;KALIMANTAN TIMUR;PASER;LONG IKIS;KAYUNGO SARI;RT 012;-1.52905;116.200937
6401060017100100;64010600171001;64;1;060;017;1001;0;KALIMANTAN TIMUR;PASER;LONG IKIS;KAYUNGO SARI;KEBUN KELAPA SAWIT;-1.53737;116.182971
6401060017100200;64010600171002;64;1;060;017;1002;0;KALIMANTAN TIMUR;PASER;LONG IKIS;KAYUNGO SARI;KEBUN KELAPA SAWIT;-1.54109;116.196122
6401060017100300;64010600171003;64;1;060;017;1003;0;KALIMANTAN TIMUR;PASER;LONG IKIS;KAYUNGO SARI;KEBUN KELAPA SAWIT;-1.52192;116.185179
6401060017100400;64010600171004;64;1;060;017;1004;0;KALIMANTAN TIMUR;PASER;LONG IKIS;KAYUNGO SARI;KEBUN KELAPA SAWIT;-1.52464;116.204903
6401060017100500;64010600171005;64;1;060;017;1005;0;KALIMANTAN TIMUR;PASER;LONG IKIS;KAYUNGO SARI;KEBUN KELAPA SAWIT;-1.54041;116.208809
6401060018000100;64010600180001;64;1;060;018;0001;0;KALIMANTAN TIMUR;PASER;LONG IKIS;KERTA BHAKTI;RT 001 DUSUN SUMBER MAWAR;-1.54044;116.161469
6401060018000200;64010600180002;64;1;060;018;0002;0;KALIMANTAN TIMUR;PASER;LONG IKIS;KERTA BHAKTI;RT 002 DUSUN SUMBER MAWAR;-1.54385;116.159527
6401060018000300;64010600180003;64;1;060;018;0003;0;KALIMANTAN TIMUR;PASER;LONG IKIS;KERTA BHAKTI;RT 003 DUSUN SUMBER MAWAR;-1.5434;116.162719
6401060018000400;64010600180004;64;1;060;018;0004;0;KALIMANTAN TIMUR;PASER;LONG IKIS;KERTA BHAKTI;RT 004 DUSUN SUMBER MAWAR;-1.53987;116.163149
6401060018000500;64010600180005;64;1;060;018;0005;0;KALIMANTAN TIMUR;PASER;LONG IKIS;KERTA BHAKTI;RT 005 DUSUN SUMBER MAWAR;-1.53961;116.16467
6401060018000600;64010600180006;64;1;060;018;0006;0;KALIMANTAN TIMUR;PASER;LONG IKIS;KERTA BHAKTI;RT 006 DUSUN SUMBER MAWAR;-1.54355;116.164552
6401060018000700;64010600180007;64;1;060;018;0007;0;KALIMANTAN TIMUR;PASER;LONG IKIS;KERTA BHAKTI;RT 008 DUSUN SUMBER MAWAR;-1.54111;116.159944
6401060018000800;64010600180008;64;1;060;018;0008;0;KALIMANTAN TIMUR;PASER;LONG IKIS;KERTA BHAKTI;RT 007 DUSUN SUMBER REZEKI;-1.54604;116.159729
6401060018000900;64010600180009;64;1;060;018;0009;0;KALIMANTAN TIMUR;PASER;LONG IKIS;KERTA BHAKTI;RT 009 DUSUN SUMBER REZEKI;-1.54592;116.155945
6401060018001000;64010600180010;64;1;060;018;0010;0;KALIMANTAN TIMUR;PASER;LONG IKIS;KERTA BHAKTI;RT 010 DUSUN SUMBER REZEKI;-1.54366;116.155935
6401060018001100;64010600180011;64;1;060;018;0011;0;KALIMANTAN TIMUR;PASER;LONG IKIS;KERTA BHAKTI;RT 011 DUSUN SUMBER REZEKI;-1.54284;116.152215
6401060018001200;64010600180012;64;1;060;018;0012;0;KALIMANTAN TIMUR;PASER;LONG IKIS;KERTA BHAKTI;RT 012 DUSUN SUMBER REZEKI;-1.54136;116.154165
6401060018001300;64010600180013;64;1;060;018;0013;0;KALIMANTAN TIMUR;PASER;LONG IKIS;KERTA BHAKTI;RT 013 DUSUN SUMBER REZEKI;-1.54365;116.153795
6401060018001400;64010600180014;64;1;060;018;0014;0;KALIMANTAN TIMUR;PASER;LONG IKIS;KERTA BHAKTI;RT 014 DUSUN SUMBER REZEKI;-1.54198;116.157491
6401060018100100;64010600181001;64;1;060;018;1001;0;KALIMANTAN TIMUR;PASER;LONG IKIS;KERTA BHAKTI;KEBUN KELAPA SAWIT;-1.56101;116.152636
6401060018100200;64010600181002;64;1;060;018;1002;0;KALIMANTAN TIMUR;PASER;LONG IKIS;KERTA BHAKTI;KEBUN KELAPA SAWIT;-1.55147;116.157834
6401060018100300;64010600181003;64;1;060;018;1003;0;KALIMANTAN TIMUR;PASER;LONG IKIS;KERTA BHAKTI;KEBUN KELAPA SAWIT;-1.54663;116.164544
6401060019000100;64010600190001;64;1;060;019;0001;0;KALIMANTAN TIMUR;PASER;LONG IKIS;SEKUROU JAYA;RT 001;-1.56136;116.146503
6401060019000200;64010600190002;64;1;060;019;0002;0;KALIMANTAN TIMUR;PASER;LONG IKIS;SEKUROU JAYA;RT 002;-1.55941;116.144094
6401060019000300;64010600190003;64;1;060;019;0003;0;KALIMANTAN TIMUR;PASER;LONG IKIS;SEKUROU JAYA;RT 003;-1.55921;116.141715
6401060019000400;64010600190004;64;1;060;019;0004;0;KALIMANTAN TIMUR;PASER;LONG IKIS;SEKUROU JAYA;RT 004;-1.56103;116.142612
6401060019000500;64010600190005;64;1;060;019;0005;0;KALIMANTAN TIMUR;PASER;LONG IKIS;SEKUROU JAYA;RT 005;-1.56324;116.142907
6401060019000600;64010600190006;64;1;060;019;0006;0;KALIMANTAN TIMUR;PASER;LONG IKIS;SEKUROU JAYA;RT 006;-1.56278;116.140255
6401060019000700;64010600190007;64;1;060;019;0007;0;KALIMANTAN TIMUR;PASER;LONG IKIS;SEKUROU JAYA;RT 007;-1.56165;116.138429
6401060019000800;64010600190008;64;1;060;019;0008;0;KALIMANTAN TIMUR;PASER;LONG IKIS;SEKUROU JAYA;RT 008;-1.56187;116.135513
6401060019100100;64010600191001;64;1;060;019;1001;0;KALIMANTAN TIMUR;PASER;LONG IKIS;SEKUROU JAYA;KEBUN KELAPA SAWIT;-1.55686;116.130336
6401060019100200;64010600191002;64;1;060;019;1002;0;KALIMANTAN TIMUR;PASER;LONG IKIS;SEKUROU JAYA;KEBUN KELAPA SAWIT;-1.56464;116.13755
6401060019100300;64010600191003;64;1;060;019;1003;0;KALIMANTAN TIMUR;PASER;LONG IKIS;SEKUROU JAYA;KEBUN KELAPA SAWIT;-1.57;116.138604
6401060019100400;64010600191004;64;1;060;019;1004;0;KALIMANTAN TIMUR;PASER;LONG IKIS;SEKUROU JAYA;KEBUN KELAPA SAWIT;-1.56492;116.143359
6401060019100500;64010600191005;64;1;060;019;1005;0;KALIMANTAN TIMUR;PASER;LONG IKIS;SEKUROU JAYA;KEBUN KELAPA SAWIT;-1.57223;116.154475
6401060019100600;64010600191006;64;1;060;019;1006;0;KALIMANTAN TIMUR;PASER;LONG IKIS;SEKUROU JAYA;KEBUN KELAPA SAWIT;-1.55372;116.1419
6401060019100700;64010600191007;64;1;060;019;1007;0;KALIMANTAN TIMUR;PASER;LONG IKIS;SEKUROU JAYA;KEBUN KELAPA SAWIT;-1.55317;116.132625
6401060019100800;64010600191008;64;1;060;019;1008;0;KALIMANTAN TIMUR;PASER;LONG IKIS;SEKUROU JAYA;KEBUN KELAPA SAWIT;-1.56665;116.148177
6401060019100900;64010600191009;64;1;060;019;1009;0;KALIMANTAN TIMUR;PASER;LONG IKIS;SEKUROU JAYA;KEBUN KELAPA SAWIT;-1.55572;116.148356
6401060019101000;64010600191010;64;1;060;019;1010;0;KALIMANTAN TIMUR;PASER;LONG IKIS;SEKUROU JAYA;KEBUN KELAPA SAWIT;-1.55397;116.150395
6401060020000100;64010600200001;64;1;060;020;0001;0;KALIMANTAN TIMUR;PASER;LONG IKIS;LONG GELANG;RT 001;-1.5407;116.138592
6401060020000200;64010600200002;64;1;060;020;0002;0;KALIMANTAN TIMUR;PASER;LONG IKIS;LONG GELANG;RT 002;-1.52708;116.147173
6401060020000300;64010600200003;64;1;060;020;0003;0;KALIMANTAN TIMUR;PASER;LONG IKIS;LONG GELANG;RT 003;-1.51626;116.155379
6401060020200100;64010600202001;64;1;060;020;2001;0;KALIMANTAN TIMUR;PASER;LONG IKIS;LONG GELANG;HUTAN;-1.52457;116.100435
6401060021000100;64010600210001;64;1;060;021;0001;0;KALIMANTAN TIMUR;PASER;LONG IKIS;TIWEI;RT 001;-1.49933;116.168906
6401060021000200;64010600210002;64;1;060;021;0002;0;KALIMANTAN TIMUR;PASER;LONG IKIS;TIWEI;RT 002;-1.48178;116.170742
6401060021000300;64010600210003;64;1;060;021;0003;0;KALIMANTAN TIMUR;PASER;LONG IKIS;TIWEI;RT 003;-1.48487;116.137899
6401060021000400;64010600210004;64;1;060;021;0004;0;KALIMANTAN TIMUR;PASER;LONG IKIS;TIWEI;RT 004;-1.48659;116.133129
6401060021000500;64010600210005;64;1;060;021;0005;0;KALIMANTAN TIMUR;PASER;LONG IKIS;TIWEI;RT 005;-1.46758;116.156799
6401060021200100;64010600212001;64;1;060;021;2001;0;KALIMANTAN TIMUR;PASER;LONG IKIS;TIWEI;HUTAN;-1.46246;116.117706
6401060022000100;64010600220001;64;1;060;022;0001;0;KALIMANTAN TIMUR;PASER;LONG IKIS;BELIMBING;RT 001;-1.4017;116.178255
6401060022000200;64010600220002;64;1;060;022;0002;0;KALIMANTAN TIMUR;PASER;LONG IKIS;BELIMBING;RT 002;-1.43427;116.163693
6401060022000300;64010600220003;64;1;060;022;0003;0;KALIMANTAN TIMUR;PASER;LONG IKIS;BELIMBING;RT 003;-1.42116;116.173664
6401060022000400;64010600220004;64;1;060;022;0004;0;KALIMANTAN TIMUR;PASER;LONG IKIS;BELIMBING;RT 004;-1.42365;116.180596
6401060022100100;64010600221001;64;1;060;022;1001;0;KALIMANTAN TIMUR;PASER;LONG IKIS;BELIMBING;KEBUN SAWIT;-1.4301;116.135976
6401060022100200;64010600221002;64;1;060;022;1002;0;KALIMANTAN TIMUR;PASER;LONG IKIS;BELIMBING;KEBUN SAWIT;-1.43879;116.192617
6401060023000100;64010600230001;64;1;060;023;0001;0;KALIMANTAN TIMUR;PASER;LONG IKIS;ADANG JAYA;RT 001;-1.64559;116.343981
6401060023000200;64010600230002;64;1;060;023;0002;0;KALIMANTAN TIMUR;PASER;LONG IKIS;ADANG JAYA;RT 002;-1.6407;116.347389
6401060023000300;64010600230003;64;1;060;023;0003;0;KALIMANTAN TIMUR;PASER;LONG IKIS;ADANG JAYA;RT 003;-1.64046;116.339868
6401060023000400;64010600230004;64;1;060;023;0004;0;KALIMANTAN TIMUR;PASER;LONG IKIS;ADANG JAYA;RT 004;-1.63847;116.340028
6401060023000500;64010600230005;64;1;060;023;0005;0;KALIMANTAN TIMUR;PASER;LONG IKIS;ADANG JAYA;RT 005;-1.63657;116.339949
6401060023000600;64010600230006;64;1;060;023;0006;0;KALIMANTAN TIMUR;PASER;LONG IKIS;ADANG JAYA;RT 006;-1.63463;116.340173
6401060023000700;64010600230007;64;1;060;023;0007;0;KALIMANTAN TIMUR;PASER;LONG IKIS;ADANG JAYA;RT 007;-1.63082;116.347702
6401060023000800;64010600230008;64;1;060;023;0008;0;KALIMANTAN TIMUR;PASER;LONG IKIS;ADANG JAYA;RT 008;-1.64483;116.325557
6401060023000900;64010600230009;64;1;060;023;0009;0;KALIMANTAN TIMUR;PASER;LONG IKIS;ADANG JAYA;RT 009;-1.64215;116.325885
6401060023001000;64010600230010;64;1;060;023;0010;0;KALIMANTAN TIMUR;PASER;LONG IKIS;ADANG JAYA;RT 010;-1.64014;116.326469
6401060023001100;64010600230011;64;1;060;023;0011;0;KALIMANTAN TIMUR;PASER;LONG IKIS;ADANG JAYA;RT 011;-1.63593;116.328065
6401060023200100;64010600232001;64;1;060;023;2001;0;KALIMANTAN TIMUR;PASER;LONG IKIS;ADANG JAYA;HUTAN;-1.61309;116.338027
6401060024000100;64010600240001;64;1;060;024;0001;0;KALIMANTAN TIMUR;PASER;LONG IKIS;TAJER MULYA;RT 001;-1.55335;116.24395
6401060024000200;64010600240002;64;1;060;024;0002;0;KALIMANTAN TIMUR;PASER;LONG IKIS;TAJER MULYA;RT 002;-1.55372;116.246156
6401060024000300;64010600240003;64;1;060;024;0003;0;KALIMANTAN TIMUR;PASER;LONG IKIS;TAJER MULYA;RT 003;-1.55384;116.250483
6401060024000400;64010600240004;64;1;060;024;0004;0;KALIMANTAN TIMUR;PASER;LONG IKIS;TAJER MULYA;RT 004;-1.55162;116.249546
6401060024000500;64010600240005;64;1;060;024;0005;0;KALIMANTAN TIMUR;PASER;LONG IKIS;TAJER MULYA;RT 005;-1.5491;116.245794
6401060024000600;64010600240006;64;1;060;024;0006;0;KALIMANTAN TIMUR;PASER;LONG IKIS;TAJER MULYA;RT 006;-1.55032;116.252775
6401060024000700;64010600240007;64;1;060;024;0007;0;KALIMANTAN TIMUR;PASER;LONG IKIS;TAJER MULYA;RT 007;-1.54837;116.248463
6401060024000800;64010600240008;64;1;060;024;0008;0;KALIMANTAN TIMUR;PASER;LONG IKIS;TAJER MULYA;RT 008;-1.54697;116.253411
6401060024000900;64010600240009;64;1;060;024;0009;0;KALIMANTAN TIMUR;PASER;LONG IKIS;TAJER MULYA;RT 009;-1.54689;116.249087
6401060024001000;64010600240010;64;1;060;024;0010;0;KALIMANTAN TIMUR;PASER;LONG IKIS;TAJER MULYA;RT 010;-1.54459;116.252925
6401060024001100;64010600240011;64;1;060;024;0011;0;KALIMANTAN TIMUR;PASER;LONG IKIS;TAJER MULYA;RT 011;-1.54397;116.250281
6401060024001200;64010600240012;64;1;060;024;0012;0;KALIMANTAN TIMUR;PASER;LONG IKIS;TAJER MULYA;RT 012;-1.54387;116.247422
6401060024001300;64010600240013;64;1;060;024;0013;0;KALIMANTAN TIMUR;PASER;LONG IKIS;TAJER MULYA;RT 013;-1.54496;116.244773
6401060024001400;64010600240014;64;1;060;024;0014;0;KALIMANTAN TIMUR;PASER;LONG IKIS;TAJER MULYA;RT 014;-1.54678;116.246243
6401060024001500;64010600240015;64;1;060;024;0015;0;KALIMANTAN TIMUR;PASER;LONG IKIS;TAJER MULYA;RT 015;-1.54604;116.242955
6401060024001600;64010600240016;64;1;060;024;0016;0;KALIMANTAN TIMUR;PASER;LONG IKIS;TAJER MULYA;RT 016;-1.54248;116.243644
6401060024001700;64010600240017;64;1;060;024;0017;0;KALIMANTAN TIMUR;PASER;LONG IKIS;TAJER MULYA;RT 017;-1.54887;116.242448
6401060024001800;64010600240018;64;1;060;024;0018;0;KALIMANTAN TIMUR;PASER;LONG IKIS;TAJER MULYA;RT 018;-1.54945;116.246155
6401060024100100;64010600241001;64;1;060;024;1001;0;KALIMANTAN TIMUR;PASER;LONG IKIS;TAJER MULYA;KEBUN KELAPA SAWIT;-1.54903;116.22623
6401060024100200;64010600241002;64;1;060;024;1002;0;KALIMANTAN TIMUR;PASER;LONG IKIS;TAJER MULYA;KEBUN KELAPA SAWIT;-1.53608;116.223228
6401060024100300;64010600241003;64;1;060;024;1003;0;KALIMANTAN TIMUR;PASER;LONG IKIS;TAJER MULYA;KEBUN KELAPA SAWIT;-1.53907;116.249069
6401060024100400;64010600241004;64;1;060;024;1004;0;KALIMANTAN TIMUR;PASER;LONG IKIS;TAJER MULYA;KEBUN KELAPA SAWIT;-1.53768;116.235783
6401060025000100;64010600250001;64;1;060;025;0001;0;KALIMANTAN TIMUR;PASER;LONG IKIS;BREWE;RT 001;-1.57008;116.128713
6401060025000200;64010600250002;64;1;060;025;0002;0;KALIMANTAN TIMUR;PASER;LONG IKIS;BREWE;RT 002;-1.56326;116.12215
6401060025000300;64010600250003;64;1;060;025;0003;0;KALIMANTAN TIMUR;PASER;LONG IKIS;BREWE;RT 003;-1.56282;116.123415
6401060025100100;64010600251001;64;1;060;025;1001;0;KALIMANTAN TIMUR;PASER;LONG IKIS;BREWE;KEBUN SAWIT;-1.56359;116.122449
6401060026000100;64010600260001;64;1;060;026;0001;0;KALIMANTAN TIMUR;PASER;LONG IKIS;ATANG PAIT;RT 001;-1.59569;116.187686
6401060026000200;64010600260002;64;1;060;026;0002;0;KALIMANTAN TIMUR;PASER;LONG IKIS;ATANG PAIT;RT 002;-1.60153;116.186906
6401060026000300;64010600260003;64;1;060;026;0003;0;KALIMANTAN TIMUR;PASER;LONG IKIS;ATANG PAIT;RT 003;-1.60852;116.18853
6401060026000400;64010600260004;64;1;060;026;0004;0;KALIMANTAN TIMUR;PASER;LONG IKIS;ATANG PAIT;RT 004;-1.59678;116.183986
6401060026000500;64010600260005;64;1;060;026;0005;0;KALIMANTAN TIMUR;PASER;LONG IKIS;ATANG PAIT;RT 005;-1.6033;116.180098
6401060026000600;64010600260006;64;1;060;026;0006;0;KALIMANTAN TIMUR;PASER;LONG IKIS;ATANG PAIT;RT 006;-1.59612;116.179112
6401060026000700;64010600260007;64;1;060;026;0007;0;KALIMANTAN TIMUR;PASER;LONG IKIS;ATANG PAIT;RT 007;-1.60204;116.183555
6401070001000100;64010700010001;64;1;070;001;0001;0;KALIMANTAN TIMUR;PASER;MUARA KOMAM;MUARA LANGON;RT 001;-1.66262;115.76382
6401070001000200;64010700010002;64;1;070;001;0002;0;KALIMANTAN TIMUR;PASER;MUARA KOMAM;MUARA LANGON;RT 002;-1.65449;115.752758
6401070001000300;64010700010003;64;1;070;001;0003;0;KALIMANTAN TIMUR;PASER;MUARA KOMAM;MUARA LANGON;RT 003;-1.6715;115.744223
6401070001000400;64010700010004;64;1;070;001;0004;0;KALIMANTAN TIMUR;PASER;MUARA KOMAM;MUARA LANGON;RT 004;-1.65718;115.743661
6401070001000500;64010700010005;64;1;070;001;0005;0;KALIMANTAN TIMUR;PASER;MUARA KOMAM;MUARA LANGON;RT 005;-1.66841;115.738279
6401070001000600;64010700010006;64;1;070;001;0006;0;KALIMANTAN TIMUR;PASER;MUARA KOMAM;MUARA LANGON;RT 006;-1.67712;115.731223
6401070001000700;64010700010007;64;1;070;001;0007;0;KALIMANTAN TIMUR;PASER;MUARA KOMAM;MUARA LANGON;RT 007;-1.67712;115.715128
6401070001000800;64010700010008;64;1;070;001;0008;0;KALIMANTAN TIMUR;PASER;MUARA KOMAM;MUARA LANGON;RT 008;-1.68676;115.707055
6401070001000900;64010700010009;64;1;070;001;0009;0;KALIMANTAN TIMUR;PASER;MUARA KOMAM;MUARA LANGON;RT 009;-1.70001;115.707603
6401070001001000;64010700010010;64;1;070;001;0010;0;KALIMANTAN TIMUR;PASER;MUARA KOMAM;MUARA LANGON;RT 010;-1.72653;115.701083
6401070001001100;64010700010011;64;1;070;001;0011;0;KALIMANTAN TIMUR;PASER;MUARA KOMAM;MUARA LANGON;RT 011;-1.67337;115.747639
6401070001001200;64010700010012;64;1;070;001;0012;0;KALIMANTAN TIMUR;PASER;MUARA KOMAM;MUARA LANGON;RT 012;-1.67378;115.754215
6401070001001300;64010700010013;64;1;070;001;0013;0;KALIMANTAN TIMUR;PASER;MUARA KOMAM;MUARA LANGON;RT 013;-1.70482;115.69967
6401070002000100;64010700020001;64;1;070;002;0001;0;KALIMANTAN TIMUR;PASER;MUARA KOMAM;MUARA KOMAM;RT 001;-1.68934;115.81577
6401070002000200;64010700020002;64;1;070;002;0002;0;KALIMANTAN TIMUR;PASER;MUARA KOMAM;MUARA KOMAM;RT 002;-1.68726;115.822826
6401070002000300;64010700020003;64;1;070;002;0003;0;KALIMANTAN TIMUR;PASER;MUARA KOMAM;MUARA KOMAM;RT 003;-1.68494;115.81471
6401070002000400;64010700020004;64;1;070;002;0004;0;KALIMANTAN TIMUR;PASER;MUARA KOMAM;MUARA KOMAM;RT 004;-1.68209;115.815409
6401070002000500;64010700020005;64;1;070;002;0005;0;KALIMANTAN TIMUR;PASER;MUARA KOMAM;MUARA KOMAM;RT 005;-1.67884;115.815319
6401070002000600;64010700020006;64;1;070;002;0006;0;KALIMANTAN TIMUR;PASER;MUARA KOMAM;MUARA KOMAM;RT 006;-1.72074;115.798474
6401070002000700;64010700020007;64;1;070;002;0007;0;KALIMANTAN TIMUR;PASER;MUARA KOMAM;MUARA KOMAM;RT 007;-1.71162;115.792448
6401070002000800;64010700020008;64;1;070;002;0008;0;KALIMANTAN TIMUR;PASER;MUARA KOMAM;MUARA KOMAM;RT 008;-1.75156;115.742947
6401070002000900;64010700020009;64;1;070;002;0009;0;KALIMANTAN TIMUR;PASER;MUARA KOMAM;MUARA KOMAM;RT 009;-1.68322;115.829142
6401070002001000;64010700020010;64;1;070;002;0010;0;KALIMANTAN TIMUR;PASER;MUARA KOMAM;MUARA KOMAM;RT 010;-1.67986;115.822306
6401070002001100;64010700020011;64;1;070;002;0011;0;KALIMANTAN TIMUR;PASER;MUARA KOMAM;MUARA KOMAM;RT 011;-1.67824;115.818138
6401070002001200;64010700020012;64;1;070;002;0012;0;KALIMANTAN TIMUR;PASER;MUARA KOMAM;MUARA KOMAM;RT 012;-1.67483;115.816953
6401070002001300;64010700020013;64;1;070;002;0013;0;KALIMANTAN TIMUR;PASER;MUARA KOMAM;MUARA KOMAM;RT 013;-1.66997;115.804273
6401070002001400;64010700020014;64;1;070;002;0014;0;KALIMANTAN TIMUR;PASER;MUARA KOMAM;MUARA KOMAM;RT 014;-1.65765;115.80757
6401070002001500;64010700020015;64;1;070;002;0015;0;KALIMANTAN TIMUR;PASER;MUARA KOMAM;MUARA KOMAM;RT 015;-1.72387;115.792566
6401070003000100;64010700030001;64;1;070;003;0001;0;KALIMANTAN TIMUR;PASER;MUARA KOMAM;BATU BUTOK;RT 001;-1.69723;115.837767
6401070003000200;64010700030002;64;1;070;003;0002;0;KALIMANTAN TIMUR;PASER;MUARA KOMAM;BATU BUTOK;RT 002;-1.70079;115.843367
6401070003000300;64010700030003;64;1;070;003;0003;0;KALIMANTAN TIMUR;PASER;MUARA KOMAM;BATU BUTOK;RT 003;-1.69703;115.819315
6401070003000400;64010700030004;64;1;070;003;0004;0;KALIMANTAN TIMUR;PASER;MUARA KOMAM;BATU BUTOK;RT 004;-1.69911;115.821828
6401070003000500;64010700030005;64;1;070;003;0005;0;KALIMANTAN TIMUR;PASER;MUARA KOMAM;BATU BUTOK;RT 005;-1.71819;115.841164
6401070003000600;64010700030006;64;1;070;003;0006;0;KALIMANTAN TIMUR;PASER;MUARA KOMAM;BATU BUTOK;RT 006;-1.69087;115.82753
6401070003000700;64010700030007;64;1;070;003;0007;0;KALIMANTAN TIMUR;PASER;MUARA KOMAM;BATU BUTOK;RT 007;-1.69962;115.812789
6401070004000100;64010700040001;64;1;070;004;0001;0;KALIMANTAN TIMUR;PASER;MUARA KOMAM;UKO;RT 001;-1.67554;115.821068
6401070004000200;64010700040002;64;1;070;004;0002;0;KALIMANTAN TIMUR;PASER;MUARA KOMAM;UKO;RT 002;-1.66504;115.864351
6401070005000100;64010700050001;64;1;070;005;0001;0;KALIMANTAN TIMUR;PASER;MUARA KOMAM;MUARA KUARO;RT 001;-1.62049;115.822375
6401070005000200;64010700050002;64;1;070;005;0002;0;KALIMANTAN TIMUR;PASER;MUARA KOMAM;MUARA KUARO;RT 002;-1.61807;115.814111
6401070005000300;64010700050003;64;1;070;005;0003;0;KALIMANTAN TIMUR;PASER;MUARA KOMAM;MUARA KUARO;RT 003;-1.62283;115.807816
6401070005000400;64010700050004;64;1;070;005;0004;0;KALIMANTAN TIMUR;PASER;MUARA KOMAM;MUARA KUARO;RT 004;-1.63059;115.805717
6401070005000500;64010700050005;64;1;070;005;0005;0;KALIMANTAN TIMUR;PASER;MUARA KOMAM;MUARA KUARO;RT 005;-1.6425;115.802105
6401070005200100;64010700052001;64;1;070;005;2001;0;KALIMANTAN TIMUR;PASER;MUARA KOMAM;MUARA KUARO;HUTAN SEMAK BELUKAR;-1.6246;115.86083
6401070005200200;64010700052002;64;1;070;005;2002;0;KALIMANTAN TIMUR;PASER;MUARA KOMAM;MUARA KUARO;HUTAN SEMAK BELUKAR;-1.61949;115.807712
6401070005200300;64010700052003;64;1;070;005;2003;0;KALIMANTAN TIMUR;PASER;MUARA KOMAM;MUARA KUARO;HUTAN SEMAK BELUKAR;-1.64206;115.796163
6401070006000100;64010700060001;64;1;070;006;0001;0;KALIMANTAN TIMUR;PASER;MUARA KOMAM;PRAYON;RT 001;-1.61145;115.832001
6401070006000200;64010700060002;64;1;070;006;0002;0;KALIMANTAN TIMUR;PASER;MUARA KOMAM;PRAYON;RT 002;-1.61748;115.830439
6401070006200100;64010700062001;64;1;070;006;2001;0;KALIMANTAN TIMUR;PASER;MUARA KOMAM;PRAYON;HUTAN;-1.57594;115.869351
6401070006200200;64010700062002;64;1;070;006;2002;0;KALIMANTAN TIMUR;PASER;MUARA KOMAM;PRAYON;HUTAN;-1.59742;115.807444
6401070007000100;64010700070001;64;1;070;007;0001;0;KALIMANTAN TIMUR;PASER;MUARA KOMAM;BINANGON;RT 001;-1.60561;115.759644
6401070007000200;64010700070002;64;1;070;007;0002;0;KALIMANTAN TIMUR;PASER;MUARA KOMAM;BINANGON;RT 002;-1.62221;115.775797
6401070007000300;64010700070003;64;1;070;007;0003;0;KALIMANTAN TIMUR;PASER;MUARA KOMAM;BINANGON;RT 003;-1.6342;115.761257
6401070008000100;64010700080001;64;1;070;008;0001;0;KALIMANTAN TIMUR;PASER;MUARA KOMAM;LUSAN;RT 001;-1.52705;115.75983
6401070008000200;64010700080002;64;1;070;008;0002;0;KALIMANTAN TIMUR;PASER;MUARA KOMAM;LUSAN;RT 002;-1.54366;115.733523
6401070008000300;64010700080003;64;1;070;008;0003;0;KALIMANTAN TIMUR;PASER;MUARA KOMAM;LUSAN;RT 003;-1.58368;115.718709
6401070008200100;64010700082001;64;1;070;008;2001;0;KALIMANTAN TIMUR;PASER;MUARA KOMAM;LUSAN;HUTAN, SEMAK BELUKAR;-1.57043;115.755785
6401070008200200;64010700082002;64;1;070;008;2002;0;KALIMANTAN TIMUR;PASER;MUARA KOMAM;LUSAN;HUTAN, SEMAK BELUKAR;-1.52497;115.689467
6401070008200300;64010700082003;64;1;070;008;2003;0;KALIMANTAN TIMUR;PASER;MUARA KOMAM;LUSAN;HUTAN, SEMAK BELUKAR;-1.39742;115.758452
6401070009000100;64010700090001;64;1;070;009;0001;0;KALIMANTAN TIMUR;PASER;MUARA KOMAM;MUARA PAYANG;RT 001;-1.51278;115.808411
6401070009000200;64010700090002;64;1;070;009;0002;0;KALIMANTAN TIMUR;PASER;MUARA KOMAM;MUARA PAYANG;RT 002;-1.50443;115.847948
6401070009000300;64010700090003;64;1;070;009;0003;0;KALIMANTAN TIMUR;PASER;MUARA KOMAM;MUARA PAYANG;RT 003;-1.55907;115.822975
6401070010000100;64010700100001;64;1;070;010;0001;0;KALIMANTAN TIMUR;PASER;MUARA KOMAM;LONG SAYO;RT 001;-1.53667;115.860125
6401070010000200;64010700100002;64;1;070;010;0002;0;KALIMANTAN TIMUR;PASER;MUARA KOMAM;LONG SAYO;RT 002;-1.46832;115.966197
6401070011000100;64010700110001;64;1;070;011;0001;0;KALIMANTAN TIMUR;PASER;MUARA KOMAM;SWAN SLUTUNG;RT 001;-1.40333;115.874758
6401070011000200;64010700110002;64;1;070;011;0002;0;KALIMANTAN TIMUR;PASER;MUARA KOMAM;SWAN SLUTUNG;RT 002;-1.40402;115.884498
6401070011000300;64010700110003;64;1;070;011;0003;0;KALIMANTAN TIMUR;PASER;MUARA KOMAM;SWAN SLUTUNG;RT 003;-1.40237;115.875482
6401070011000400;64010700110004;64;1;070;011;0004;0;KALIMANTAN TIMUR;PASER;MUARA KOMAM;SWAN SLUTUNG;RT 004;-1.402;115.874651
6401070011000500;64010700110005;64;1;070;011;0005;0;KALIMANTAN TIMUR;PASER;MUARA KOMAM;SWAN SLUTUNG;RT 005;-1.40166;115.874618
6401070011000600;64010700110006;64;1;070;011;0006;0;KALIMANTAN TIMUR;PASER;MUARA KOMAM;SWAN SLUTUNG;RT 006;-1.40129;115.874584
6401070011000700;64010700110007;64;1;070;011;0007;0;KALIMANTAN TIMUR;PASER;MUARA KOMAM;SWAN SLUTUNG;RT 007;-1.40049;115.875608
6401070011000800;64010700110008;64;1;070;011;0008;0;KALIMANTAN TIMUR;PASER;MUARA KOMAM;SWAN SLUTUNG;RT 008;-1.43963;115.956548
6401070011200100;64010700112001;64;1;070;011;2001;0;KALIMANTAN TIMUR;PASER;MUARA KOMAM;SWAN SLUTUNG;HUTAN, SEMAK BELUKAR;-1.45575;115.838302
6401070011200200;64010700112002;64;1;070;011;2002;0;KALIMANTAN TIMUR;PASER;MUARA KOMAM;SWAN SLUTUNG;HUTAN, SEMAK BELUKAR;-1.42298;115.83261
6401070011200300;64010700112003;64;1;070;011;2003;0;KALIMANTAN TIMUR;PASER;MUARA KOMAM;SWAN SLUTUNG;HUTAN, SEMAK BELUKAR;-1.36423;115.842881
6401070011200400;64010700112004;64;1;070;011;2004;0;KALIMANTAN TIMUR;PASER;MUARA KOMAM;SWAN SLUTUNG;HUTAN, SEMAK BELUKAR;-1.40801;115.966145
6401070011200500;64010700112005;64;1;070;011;2005;0;KALIMANTAN TIMUR;PASER;MUARA KOMAM;SWAN SLUTUNG;HUTAN, SEMAK BELUKAR;-1.3304;115.979034
6401070011200600;64010700112006;64;1;070;011;2006;0;KALIMANTAN TIMUR;PASER;MUARA KOMAM;SWAN SLUTUNG;HUTAN, SEMAK BELUKAR;-1.30741;115.901464
6401070011200700;64010700112007;64;1;070;011;2007;0;KALIMANTAN TIMUR;PASER;MUARA KOMAM;SWAN SLUTUNG;HUTAN, SEMAK BELUKAR;-1.24605;115.84705
6401070012000100;64010700120001;64;1;070;012;0001;0;KALIMANTAN TIMUR;PASER;MUARA KOMAM;SEKUAN MAKMUR;RT 001;-1.65038;115.696174
6401070012000200;64010700120002;64;1;070;012;0002;0;KALIMANTAN TIMUR;PASER;MUARA KOMAM;SEKUAN MAKMUR;RT 002;-1.64424;115.695081
6401070012000300;64010700120003;64;1;070;012;0003;0;KALIMANTAN TIMUR;PASER;MUARA KOMAM;SEKUAN MAKMUR;RT 003;-1.63887;115.692321
6401070012000400;64010700120004;64;1;070;012;0004;0;KALIMANTAN TIMUR;PASER;MUARA KOMAM;SEKUAN MAKMUR;RT 004;-1.63989;115.730484
6401070012000500;64010700120005;64;1;070;012;0005;0;KALIMANTAN TIMUR;PASER;MUARA KOMAM;SEKUAN MAKMUR;RT 005;-1.63275;115.69586
6401070012000600;64010700120006;64;1;070;012;0006;0;KALIMANTAN TIMUR;PASER;MUARA KOMAM;SEKUAN MAKMUR;RT 006;-1.61493;115.677446
6401070013000100;64010700130001;64;1;070;013;0001;0;KALIMANTAN TIMUR;PASER;MUARA KOMAM;SELERONG;RT 001;-1.71259;115.756317
6401070013000200;64010700130002;64;1;070;013;0002;0;KALIMANTAN TIMUR;PASER;MUARA KOMAM;SELERONG;RT 002;-1.68842;115.770871
6401070013000300;64010700130003;64;1;070;013;0003;0;KALIMANTAN TIMUR;PASER;MUARA KOMAM;SELERONG;RT 003;-1.68367;115.767791
6401070013000400;64010700130004;64;1;070;013;0004;0;KALIMANTAN TIMUR;PASER;MUARA KOMAM;SELERONG;RT 004;-1.66244;115.781704
6401070013000500;64010700130005;64;1;070;013;0005;0;KALIMANTAN TIMUR;PASER;MUARA KOMAM;SELERONG;RT 005;-1.68994;115.757306
6401070013000600;64010700130006;64;1;070;013;0006;0;KALIMANTAN TIMUR;PASER;MUARA KOMAM;SELERONG;RT 006;-1.6481;115.778776
6401080001000100;64010800010001;64;1;080;001;0001;0;KALIMANTAN TIMUR;PASER;LONG KALI;MUARA TELAKE;RT 001;-1.61354;116.494014
6401080001000200;64010800010002;64;1;080;001;0002;0;KALIMANTAN TIMUR;PASER;LONG KALI;MUARA TELAKE;RT 002;-1.62658;116.510909
6401080001000300;64010800010003;64;1;080;001;0003;0;KALIMANTAN TIMUR;PASER;LONG KALI;MUARA TELAKE;RT 003;-1.62471;116.512337
6401080001000400;64010800010004;64;1;080;001;0004;0;KALIMANTAN TIMUR;PASER;LONG KALI;MUARA TELAKE;RT 004;-1.60247;116.508581
6401080001000500;64010800010005;64;1;080;001;0005;0;KALIMANTAN TIMUR;PASER;LONG KALI;MUARA TELAKE;RT 005;-1.62403;116.515838
6401080001000600;64010800010006;64;1;080;001;0006;0;KALIMANTAN TIMUR;PASER;LONG KALI;MUARA TELAKE;RT 006;-1.62279;116.51729
6401080001000700;64010800010007;64;1;080;001;0007;0;KALIMANTAN TIMUR;PASER;LONG KALI;MUARA TELAKE;RT 007;-1.62066;116.519374
6401080001000800;64010800010008;64;1;080;001;0008;0;KALIMANTAN TIMUR;PASER;LONG KALI;MUARA TELAKE;RT 008;-1.60554;116.538699
6401080002000100;64010800020001;64;1;080;002;0001;0;KALIMANTAN TIMUR;PASER;LONG KALI;SEBAKUNG;RT 001 DUSUN 1;-1.55866;116.315484
6401080002000200;64010800020002;64;1;080;002;0002;0;KALIMANTAN TIMUR;PASER;LONG KALI;SEBAKUNG;RT 002 DUSUN 1;-1.57175;116.319266
6401080002000300;64010800020003;64;1;080;002;0003;0;KALIMANTAN TIMUR;PASER;LONG KALI;SEBAKUNG;RT 003 DUSUN 1;-1.58353;116.384554
6401080002000400;64010800020004;64;1;080;002;0004;0;KALIMANTAN TIMUR;PASER;LONG KALI;SEBAKUNG;RT 004 DUSUN 1;-1.60548;116.372205
6401080002000500;64010800020005;64;1;080;002;0005;0;KALIMANTAN TIMUR;PASER;LONG KALI;SEBAKUNG;RT 005 DUSUN 2;-1.61174;116.415347
6401080002000600;64010800020006;64;1;080;002;0006;0;KALIMANTAN TIMUR;PASER;LONG KALI;SEBAKUNG;RT 006 DUSUN 2;-1.64073;116.405235
6401080002000700;64010800020007;64;1;080;002;0007;0;KALIMANTAN TIMUR;PASER;LONG KALI;SEBAKUNG;RT 007 DUSUN 1;-1.58329;116.332504
6401080002000800;64010800020008;64;1;080;002;0008;0;KALIMANTAN TIMUR;PASER;LONG KALI;SEBAKUNG;RT 008 DUSUN 1;-1.55132;116.354415
6401080002000900;64010800020009;64;1;080;002;0009;0;KALIMANTAN TIMUR;PASER;LONG KALI;SEBAKUNG;RT 009 DUSUN 1;-1.59857;116.355684
6401080002001000;64010800020010;64;1;080;002;0010;0;KALIMANTAN TIMUR;PASER;LONG KALI;SEBAKUNG;RT 010 DUSUN 1;-1.56966;116.359098
6401080003000100;64010800030001;64;1;080;003;0001;0;KALIMANTAN TIMUR;PASER;LONG KALI;SEBAKUNG TAKA;RT 001;-1.58093;116.433961
6401080003000200;64010800030002;64;1;080;003;0002;0;KALIMANTAN TIMUR;PASER;LONG KALI;SEBAKUNG TAKA;RT 002;-1.5828;116.433792
6401080003000300;64010800030003;64;1;080;003;0003;0;KALIMANTAN TIMUR;PASER;LONG KALI;SEBAKUNG TAKA;RT 003;-1.58466;116.433983
6401080003000400;64010800030004;64;1;080;003;0004;0;KALIMANTAN TIMUR;PASER;LONG KALI;SEBAKUNG TAKA;RT 004;-1.58658;116.433899
6401080003000500;64010800030005;64;1;080;003;0005;0;KALIMANTAN TIMUR;PASER;LONG KALI;SEBAKUNG TAKA;RT 005;-1.59104;116.435566
6401080003000600;64010800030006;64;1;080;003;0006;0;KALIMANTAN TIMUR;PASER;LONG KALI;SEBAKUNG TAKA;RT 006;-1.59247;116.430479
6401080003000700;64010800030007;64;1;080;003;0007;0;KALIMANTAN TIMUR;PASER;LONG KALI;SEBAKUNG TAKA;RT 007;-1.59234;116.425562
6401080003000800;64010800030008;64;1;080;003;0008;0;KALIMANTAN TIMUR;PASER;LONG KALI;SEBAKUNG TAKA;RT 008;-1.58778;116.425452
6401080003000900;64010800030009;64;1;080;003;0009;0;KALIMANTAN TIMUR;PASER;LONG KALI;SEBAKUNG TAKA;RT 009;-1.58505;116.425189
6401080003001000;64010800030010;64;1;080;003;0010;0;KALIMANTAN TIMUR;PASER;LONG KALI;SEBAKUNG TAKA;RT 010;-1.5817;116.425279
6401080003001100;64010800030011;64;1;080;003;0011;0;KALIMANTAN TIMUR;PASER;LONG KALI;SEBAKUNG TAKA;RT 011;-1.58209;116.421086
6401080003001200;64010800030012;64;1;080;003;0012;0;KALIMANTAN TIMUR;PASER;LONG KALI;SEBAKUNG TAKA;RT 012;-1.58698;116.421256
6401080003001300;64010800030013;64;1;080;003;0013;0;KALIMANTAN TIMUR;PASER;LONG KALI;SEBAKUNG TAKA;RT 013;-1.59231;116.420028
6401080003001400;64010800030014;64;1;080;003;0014;0;KALIMANTAN TIMUR;PASER;LONG KALI;SEBAKUNG TAKA;RT 014;-1.58891;116.415488
6401080003001500;64010800030015;64;1;080;003;0015;0;KALIMANTAN TIMUR;PASER;LONG KALI;SEBAKUNG TAKA;RT 015;-1.58202;116.417599
6401080003001600;64010800030016;64;1;080;003;0016;0;KALIMANTAN TIMUR;PASER;LONG KALI;SEBAKUNG TAKA;RT 016;-1.58664;116.408879
6401080004000100;64010800040001;64;1;080;004;0001;0;KALIMANTAN TIMUR;PASER;LONG KALI;SEBAKUNG MAKMUR;RT 001;-1.5623;116.392683
6401080004000200;64010800040002;64;1;080;004;0002;0;KALIMANTAN TIMUR;PASER;LONG KALI;SEBAKUNG MAKMUR;RT 002;-1.56233;116.390713
6401080004000300;64010800040003;64;1;080;004;0003;0;KALIMANTAN TIMUR;PASER;LONG KALI;SEBAKUNG MAKMUR;RT 003;-1.56217;116.388765
6401080004000400;64010800040004;64;1;080;004;0004;0;KALIMANTAN TIMUR;PASER;LONG KALI;SEBAKUNG MAKMUR;RT 004;-1.56222;116.386183
6401080004000500;64010800040005;64;1;080;004;0005;0;KALIMANTAN TIMUR;PASER;LONG KALI;SEBAKUNG MAKMUR;RT 005;-1.56223;116.381516
6401080004100100;64010800041001;64;1;080;004;1001;0;KALIMANTAN TIMUR;PASER;LONG KALI;SEBAKUNG MAKMUR;SAWAH;-1.57356;116.391332
6401080004100200;64010800041002;64;1;080;004;1002;0;KALIMANTAN TIMUR;PASER;LONG KALI;SEBAKUNG MAKMUR;SAWAH;-1.56273;116.399179
6401080005000100;64010800050001;64;1;080;005;0001;0;KALIMANTAN TIMUR;PASER;LONG KALI;MUARA ADANG II;RT 001;-1.63677;116.361454
6401080005000200;64010800050002;64;1;080;005;0002;0;KALIMANTAN TIMUR;PASER;LONG KALI;MUARA ADANG II;RT 002;-1.63731;116.36721
6401080005000300;64010800050003;64;1;080;005;0003;0;KALIMANTAN TIMUR;PASER;LONG KALI;MUARA ADANG II;RT 003;-1.63232;116.356419
6401080005000400;64010800050004;64;1;080;005;0004;0;KALIMANTAN TIMUR;PASER;LONG KALI;MUARA ADANG II;RT 004;-1.64409;116.356311
6401080005100100;64010800051001;64;1;080;005;1001;0;KALIMANTAN TIMUR;PASER;LONG KALI;MUARA ADANG II;PERKEBUNAN SAWIT;-1.64045;116.377585
6401080006000100;64010800060001;64;1;080;006;0001;0;KALIMANTAN TIMUR;PASER;LONG KALI;LONG KALI;RT 001;-1.5208;116.320584
6401080006000201;64010800060002;64;1;080;006;0002;1;KALIMANTAN TIMUR;PASER;LONG KALI;LONG KALI;RT 002;-1.52024;116.323092
6401080006000202;64010800060002;64;1;080;006;0002;2;KALIMANTAN TIMUR;PASER;LONG KALI;LONG KALI;RT 002;-1.52079;116.322624
6401080006000203;64010800060002;64;1;080;006;0002;3;KALIMANTAN TIMUR;PASER;LONG KALI;LONG KALI;RT 002;-1.52248;116.323312
6401080006000300;64010800060003;64;1;080;006;0003;0;KALIMANTAN TIMUR;PASER;LONG KALI;LONG KALI;RT 003;-1.51189;116.350693
6401080006000400;64010800060004;64;1;080;006;0004;0;KALIMANTAN TIMUR;PASER;LONG KALI;LONG KALI;RT 004;-1.52173;116.304093
6401080006000500;64010800060005;64;1;080;006;0005;0;KALIMANTAN TIMUR;PASER;LONG KALI;LONG KALI;RT 005;-1.4867;116.315058
6401080006000600;64010800060006;64;1;080;006;0006;0;KALIMANTAN TIMUR;PASER;LONG KALI;LONG KALI;RT 006;-1.54142;116.324068
6401080006000701;64010800060007;64;1;080;006;0007;1;KALIMANTAN TIMUR;PASER;LONG KALI;LONG KALI;RT 007;-1.51799;116.320701
6401080006000702;64010800060007;64;1;080;006;0007;2;KALIMANTAN TIMUR;PASER;LONG KALI;LONG KALI;RT 007;-1.51711;116.320085
6401080006000800;64010800060008;64;1;080;006;0008;0;KALIMANTAN TIMUR;PASER;LONG KALI;LONG KALI;RT 008;-1.50989;116.319141
6401080006000900;64010800060009;64;1;080;006;0009;0;KALIMANTAN TIMUR;PASER;LONG KALI;LONG KALI;RT 009;-1.50142;116.302752
6401080006001000;64010800060010;64;1;080;006;0010;0;KALIMANTAN TIMUR;PASER;LONG KALI;LONG KALI;RT 010;-1.53162;116.348563
6401080006001100;64010800060011;64;1;080;006;0011;0;KALIMANTAN TIMUR;PASER;LONG KALI;LONG KALI;RT 011;-1.52775;116.320847
6401080006001201;64010800060012;64;1;080;006;0012;1;KALIMANTAN TIMUR;PASER;LONG KALI;LONG KALI;RT 013;-1.5205;116.326769
6401080006001202;64010800060012;64;1;080;006;0012;2;KALIMANTAN TIMUR;PASER;LONG KALI;LONG KALI;RT 013;-1.51536;116.333754
6401080006001301;64010800060013;64;1;080;006;0013;1;KALIMANTAN TIMUR;PASER;LONG KALI;LONG KALI;RT 014;-1.50549;116.329552
6401080006001302;64010800060013;64;1;080;006;0013;2;KALIMANTAN TIMUR;PASER;LONG KALI;LONG KALI;RT 014;-1.49517;116.347746
6401080006001400;64010800060014;64;1;080;006;0014;0;KALIMANTAN TIMUR;PASER;LONG KALI;LONG KALI;RT 016;-1.51851;116.316413
6401080007000100;64010800070001;64;1;080;007;0001;0;KALIMANTAN TIMUR;PASER;LONG KALI;BENTE/TUALAN;RT 001;-1.44642;116.368966
6401080007000200;64010800070002;64;1;080;007;0002;0;KALIMANTAN TIMUR;PASER;LONG KALI;BENTE/TUALAN;RT 002;-1.46838;116.336207
6401080007000300;64010800070003;64;1;080;007;0003;0;KALIMANTAN TIMUR;PASER;LONG KALI;BENTE/TUALAN;RT 003;-1.45546;116.339005
6401080007000400;64010800070004;64;1;080;007;0004;0;KALIMANTAN TIMUR;PASER;LONG KALI;BENTE/TUALAN;RT 004;-1.45141;116.354371
6401080007000500;64010800070005;64;1;080;007;0005;0;KALIMANTAN TIMUR;PASER;LONG KALI;BENTE/TUALAN;RT 005;-1.42785;116.352859
6401080007000600;64010800070006;64;1;080;007;0006;0;KALIMANTAN TIMUR;PASER;LONG KALI;BENTE/TUALAN;RT 006;-1.46762;116.351665
6401080007000701;64010800070007;64;1;080;007;0007;1;KALIMANTAN TIMUR;PASER;LONG KALI;BENTE/TUALAN;RT 007;-1.44061;116.389621
6401080007000702;64010800070007;64;1;080;007;0007;2;KALIMANTAN TIMUR;PASER;LONG KALI;BENTE/TUALAN;RT 007;-1.41294;116.391574
6401080007000703;64010800070007;64;1;080;007;0007;3;KALIMANTAN TIMUR;PASER;LONG KALI;BENTE/TUALAN;RT 007;-1.38492;116.39425
6401080007000800;64010800070008;64;1;080;007;0008;0;KALIMANTAN TIMUR;PASER;LONG KALI;BENTE/TUALAN;RT 008;-1.35826;116.380189
6401080007200100;64010800072001;64;1;080;007;2001;0;KALIMANTAN TIMUR;PASER;LONG KALI;BENTE/TUALAN;HUTAN;-1.48216;116.344798
6401080008000100;64010800080001;64;1;080;008;0001;0;KALIMANTAN TIMUR;PASER;LONG KALI;MENDIK;RT 1 DUSUN ATANG BEDA;-1.44587;116.304002
6401080008000200;64010800080002;64;1;080;008;0002;0;KALIMANTAN TIMUR;PASER;LONG KALI;MENDIK;RT 2 DUSUN ATANG BEDA;-1.44906;116.305092
6401080008000300;64010800080003;64;1;080;008;0003;0;KALIMANTAN TIMUR;PASER;LONG KALI;MENDIK;RT 3 DUSUN ATANG BEDA;-1.45151;116.307914
6401080008000400;64010800080004;64;1;080;008;0004;0;KALIMANTAN TIMUR;PASER;LONG KALI;MENDIK;RT 4 DUSUN ATANG BEDA;-1.45267;116.31051
6401080008000500;64010800080005;64;1;080;008;0005;0;KALIMANTAN TIMUR;PASER;LONG KALI;MENDIK;RT 5 DUSUN ATANG BEDA;-1.45361;116.312631
6401080008000600;64010800080006;64;1;080;008;0006;0;KALIMANTAN TIMUR;PASER;LONG KALI;MENDIK;RT 6 DUSUN SEKENDUY;-1.45516;116.314653
6401080008000700;64010800080007;64;1;080;008;0007;0;KALIMANTAN TIMUR;PASER;LONG KALI;MENDIK;RT 7 DUSUN SEKENDUY;-1.45665;116.316894
6401080008000800;64010800080008;64;1;080;008;0008;0;KALIMANTAN TIMUR;PASER;LONG KALI;MENDIK;RT 8 DUSUN SEKENDUY;-1.45569;116.320724
6401080008000900;64010800080009;64;1;080;008;0009;0;KALIMANTAN TIMUR;PASER;LONG KALI;MENDIK;RT 9 DUSUN SEKENDUY;-1.46018;116.317635
6401080008001000;64010800080010;64;1;080;008;0010;0;KALIMANTAN TIMUR;PASER;LONG KALI;MENDIK;RT 10 DUSUN SEKENDUY;-1.46485;116.319058
6401080008001100;64010800080011;64;1;080;008;0011;0;KALIMANTAN TIMUR;PASER;LONG KALI;MENDIK;RT 11 DUSUN SEKENDUY;-1.46101;116.323905
6401080008001200;64010800080012;64;1;080;008;0012;0;KALIMANTAN TIMUR;PASER;LONG KALI;MENDIK;RT 12 DUSUN SEKENDUY;-1.46535;116.32417
6401080008001300;64010800080013;64;1;080;008;0013;0;KALIMANTAN TIMUR;PASER;LONG KALI;MENDIK;RT 13 DUSUN ATANG BEDA;-1.45351;116.326455
6401080008001400;64010800080014;64;1;080;008;0014;0;KALIMANTAN TIMUR;PASER;LONG KALI;MENDIK;RT 14 DUSUN ATANG BEDA;-1.44875;116.315574
6401080008001500;64010800080015;64;1;080;008;0015;0;KALIMANTAN TIMUR;PASER;LONG KALI;MENDIK;RT 15 DUSUN SEPETEY;-1.44705;116.311059
6401080008001600;64010800080016;64;1;080;008;0016;0;KALIMANTAN TIMUR;PASER;LONG KALI;MENDIK;RT 16 DUSUN SEPETEY;-1.44366;116.303477
6401080008001700;64010800080017;64;1;080;008;0017;0;KALIMANTAN TIMUR;PASER;LONG KALI;MENDIK;RT 17 DUSUN SEPETEY;-1.44079;116.301543
6401080008001800;64010800080018;64;1;080;008;0018;0;KALIMANTAN TIMUR;PASER;LONG KALI;MENDIK;RT 18 DUSUN SEPETEY;-1.42926;116.314577
6401080008001900;64010800080019;64;1;080;008;0019;0;KALIMANTAN TIMUR;PASER;LONG KALI;MENDIK;RT 19 DUSUN SEPETEY;-1.43548;116.318214
6401080008002000;64010800080020;64;1;080;008;0020;0;KALIMANTAN TIMUR;PASER;LONG KALI;MENDIK;RT 20 DUSUN SEPETEY;-1.42123;116.335013
6401080008002100;64010800080021;64;1;080;008;0021;0;KALIMANTAN TIMUR;PASER;LONG KALI;MENDIK;RT 21 DUSUN SEPETEY;-1.3619;116.346263
6401080008100100;64010800081001;64;1;080;008;1001;0;KALIMANTAN TIMUR;PASER;LONG KALI;MENDIK;KEBUN SAWIT / KARET;-1.474;116.323071
6401080008200500;64010800082005;64;1;080;008;2005;0;KALIMANTAN TIMUR;PASER;LONG KALI;MENDIK;HUTAN;-1.44794;116.300218
6401080009000100;64010800090001;64;1;080;009;0001;0;KALIMANTAN TIMUR;PASER;LONG KALI;MENDIK MAKMUR;RT 001;-1.45837;116.279752
6401080009000200;64010800090002;64;1;080;009;0002;0;KALIMANTAN TIMUR;PASER;LONG KALI;MENDIK MAKMUR;RT 002;-1.45865;116.283226
6401080009000300;64010800090003;64;1;080;009;0003;0;KALIMANTAN TIMUR;PASER;LONG KALI;MENDIK MAKMUR;RT 003;-1.45657;116.283989
6401080009000400;64010800090004;64;1;080;009;0004;0;KALIMANTAN TIMUR;PASER;LONG KALI;MENDIK MAKMUR;RT 004;-1.456;116.280699
6401080009000500;64010800090005;64;1;080;009;0005;0;KALIMANTAN TIMUR;PASER;LONG KALI;MENDIK MAKMUR;RT 005;-1.45931;116.277033
6401080009000600;64010800090006;64;1;080;009;0006;0;KALIMANTAN TIMUR;PASER;LONG KALI;MENDIK MAKMUR;RT 006;-1.45455;116.277293
6401080009000700;64010800090007;64;1;080;009;0007;0;KALIMANTAN TIMUR;PASER;LONG KALI;MENDIK MAKMUR;RT 007;-1.45782;116.27554
6401080009000800;64010800090008;64;1;080;009;0008;0;KALIMANTAN TIMUR;PASER;LONG KALI;MENDIK MAKMUR;RT 008;-1.45456;116.283796
6401080009100100;64010800091001;64;1;080;009;1001;0;KALIMANTAN TIMUR;PASER;LONG KALI;MENDIK MAKMUR;KEBUN KARET;-1.45076;116.277697
6401080009100200;64010800091002;64;1;080;009;1002;0;KALIMANTAN TIMUR;PASER;LONG KALI;MENDIK MAKMUR;KEBUN KARET;-1.47005;116.287378
6401080010000100;64010800100001;64;1;080;010;0001;0;KALIMANTAN TIMUR;PASER;LONG KALI;MENDIK BHAKTI;RT 001;-1.449;116.245125
6401080010000200;64010800100002;64;1;080;010;0002;0;KALIMANTAN TIMUR;PASER;LONG KALI;MENDIK BHAKTI;RT 002;-1.45277;116.244015
6401080010000300;64010800100003;64;1;080;010;0003;0;KALIMANTAN TIMUR;PASER;LONG KALI;MENDIK BHAKTI;RT 003;-1.4507;116.24228
6401080010000400;64010800100004;64;1;080;010;0004;0;KALIMANTAN TIMUR;PASER;LONG KALI;MENDIK BHAKTI;RT 004;-1.44577;116.242611
6401080010000500;64010800100005;64;1;080;010;0005;0;KALIMANTAN TIMUR;PASER;LONG KALI;MENDIK BHAKTI;RT 005;-1.4849;116.215821
6401080010000600;64010800100006;64;1;080;010;0006;0;KALIMANTAN TIMUR;PASER;LONG KALI;MENDIK BHAKTI;RT 006;-1.47273;116.217596
6401080010100100;64010800101001;64;1;080;010;1001;0;KALIMANTAN TIMUR;PASER;LONG KALI;MENDIK BHAKTI;KARET;-1.44111;116.228574
6401080010100200;64010800101002;64;1;080;010;1002;0;KALIMANTAN TIMUR;PASER;LONG KALI;MENDIK BHAKTI;SAWIT;-1.46375;116.224818
6401080010100300;64010800101003;64;1;080;010;1003;0;KALIMANTAN TIMUR;PASER;LONG KALI;MENDIK BHAKTI;SAWIT;-1.49666;116.225568
6401080011000100;64010800110001;64;1;080;011;0001;0;KALIMANTAN TIMUR;PASER;LONG KALI;MENDIK KARYA;RT 001;-1.43511;116.268708
6401080011000200;64010800110002;64;1;080;011;0002;0;KALIMANTAN TIMUR;PASER;LONG KALI;MENDIK KARYA;RT 002;-1.42678;116.26947
6401080011000300;64010800110003;64;1;080;011;0003;0;KALIMANTAN TIMUR;PASER;LONG KALI;MENDIK KARYA;RT 003;-1.42563;116.272627
6401080011000400;64010800110004;64;1;080;011;0004;0;KALIMANTAN TIMUR;PASER;LONG KALI;MENDIK KARYA;RT 004;-1.4267;116.273481
6401080011000500;64010800110005;64;1;080;011;0005;0;KALIMANTAN TIMUR;PASER;LONG KALI;MENDIK KARYA;RT 005;-1.4281;116.262762
6401080011000600;64010800110006;64;1;080;011;0006;0;KALIMANTAN TIMUR;PASER;LONG KALI;MENDIK KARYA;RT 006;-1.42696;116.259913
6401080011100100;64010800111001;64;1;080;011;1001;0;KALIMANTAN TIMUR;PASER;LONG KALI;MENDIK KARYA;KEBUN KARET;-1.44005;116.259782
6401080011100200;64010800111002;64;1;080;011;1002;0;KALIMANTAN TIMUR;PASER;LONG KALI;MENDIK KARYA;KEBUN KARET;-1.43131;116.280524
6401080011200300;64010800112003;64;1;080;011;2003;0;KALIMANTAN TIMUR;PASER;LONG KALI;MENDIK KARYA;KEBUN JATI;-1.42248;116.27984
6401080012000100;64010800120001;64;1;080;012;0001;0;KALIMANTAN TIMUR;PASER;LONG KALI;MUNGGU;RT 001;-1.41415;116.273317
6401080012000200;64010800120002;64;1;080;012;0002;0;KALIMANTAN TIMUR;PASER;LONG KALI;MUNGGU;RT 002;-1.40478;116.304038
6401080012000300;64010800120003;64;1;080;012;0003;0;KALIMANTAN TIMUR;PASER;LONG KALI;MUNGGU;RT 003;-1.41807;116.256766
6401080012000400;64010800120004;64;1;080;012;0004;0;KALIMANTAN TIMUR;PASER;LONG KALI;MUNGGU;RT 004;-1.4169;116.240019
6401080012100100;64010800121001;64;1;080;012;1001;0;KALIMANTAN TIMUR;PASER;LONG KALI;MUNGGU;KEBUN SAWIT;-1.4203;116.237861
6401080012100200;64010800121002;64;1;080;012;1002;0;KALIMANTAN TIMUR;PASER;LONG KALI;MUNGGU;KEBUN SAWIT;-1.39837;116.297346
6401080012200300;64010800122003;64;1;080;012;2003;0;KALIMANTAN TIMUR;PASER;LONG KALI;MUNGGU;HUTAN;-1.399;116.318713
6401080013000100;64010800130001;64;1;080;013;0001;0;KALIMANTAN TIMUR;PASER;LONG KALI;MUARA PIAS;RT 001;-1.38596;116.277873
6401080013000200;64010800130002;64;1;080;013;0002;0;KALIMANTAN TIMUR;PASER;LONG KALI;MUARA PIAS;RT 002;-1.39173;116.265286
6401080013000300;64010800130003;64;1;080;013;0003;0;KALIMANTAN TIMUR;PASER;LONG KALI;MUARA PIAS;RT 003;-1.40367;116.264937
6401080013000400;64010800130004;64;1;080;013;0004;0;KALIMANTAN TIMUR;PASER;LONG KALI;MUARA PIAS;RT 004;-1.38427;116.266785
6401080013100100;64010800131001;64;1;080;013;1001;0;KALIMANTAN TIMUR;PASER;LONG KALI;MUARA PIAS;KEBUN SAWIT;-1.39422;116.239619
6401080013200200;64010800132002;64;1;080;013;2002;0;KALIMANTAN TIMUR;PASER;LONG KALI;MUARA PIAS;HUTAN;-1.37988;116.280151
6401080013200300;64010800132003;64;1;080;013;2003;0;KALIMANTAN TIMUR;PASER;LONG KALI;MUARA PIAS;HUTAN;-1.37082;116.228859
6401080014000100;64010800140001;64;1;080;014;0001;0;KALIMANTAN TIMUR;PASER;LONG KALI;MUARA TOYU;RT 001;-1.35329;116.280103
6401080014000200;64010800140002;64;1;080;014;0002;0;KALIMANTAN TIMUR;PASER;LONG KALI;MUARA TOYU;RT 002;-1.328;116.267779
6401080014000300;64010800140003;64;1;080;014;0003;0;KALIMANTAN TIMUR;PASER;LONG KALI;MUARA TOYU;RT 003;-1.34761;116.263795
6401080014000400;64010800140004;64;1;080;014;0004;0;KALIMANTAN TIMUR;PASER;LONG KALI;MUARA TOYU;RT 004;-1.33611;116.276873
6401080014000500;64010800140005;64;1;080;014;0005;0;KALIMANTAN TIMUR;PASER;LONG KALI;MUARA TOYU;RT 005;-1.33413;116.274506
6401080014100100;64010800141001;64;1;080;014;1001;0;KALIMANTAN TIMUR;PASER;LONG KALI;MUARA TOYU;KEBUN SAWIT;-1.30106;116.348774
6401080014200200;64010800142002;64;1;080;014;2002;0;KALIMANTAN TIMUR;PASER;LONG KALI;MUARA TOYU;HUTAN;-1.138;116.314229
6401080015000100;64010800150001;64;1;080;015;0001;0;KALIMANTAN TIMUR;PASER;LONG KALI;PERKUWIN;RT 001;-1.33671;116.154527
6401080015000200;64010800150002;64;1;080;015;0002;0;KALIMANTAN TIMUR;PASER;LONG KALI;PERKUWIN;RT 002;-1.32315;116.151408
6401080015200100;64010800152001;64;1;080;015;2001;0;KALIMANTAN TIMUR;PASER;LONG KALI;PERKUWIN;HUTAN;-1.29976;116.194539
6401080015200200;64010800152002;64;1;080;015;2002;0;KALIMANTAN TIMUR;PASER;LONG KALI;PERKUWIN;HUTAN;-1.32493;116.128865
6401080016000100;64010800160001;64;1;080;016;0001;0;KALIMANTAN TIMUR;PASER;LONG KALI;PINANG JATUS;RT 001;-1.37378;116.147925
6401080016000200;64010800160002;64;1;080;016;0002;0;KALIMANTAN TIMUR;PASER;LONG KALI;PINANG JATUS;RT 002;-1.3827;116.145975
6401080016200100;64010800162001;64;1;080;016;2001;0;KALIMANTAN TIMUR;PASER;LONG KALI;PINANG JATUS;HUTAN;-1.37526;116.168732
6401080016200200;64010800162002;64;1;080;016;2002;0;KALIMANTAN TIMUR;PASER;LONG KALI;PINANG JATUS;HUTAN;-1.37732;116.11976
6401080017000100;64010800170001;64;1;080;017;0001;0;KALIMANTAN TIMUR;PASER;LONG KALI;MUARA LAMBAKAN;RT 001;-1.28989;116.120755
6401080017000200;64010800170002;64;1;080;017;0002;0;KALIMANTAN TIMUR;PASER;LONG KALI;MUARA LAMBAKAN;RT 002;-1.28742;116.120528
6401080017000300;64010800170003;64;1;080;017;0003;0;KALIMANTAN TIMUR;PASER;LONG KALI;MUARA LAMBAKAN;RT 003;-1.29315;116.116565
6401080017200100;64010800172001;64;1;080;017;2001;0;KALIMANTAN TIMUR;PASER;LONG KALI;MUARA LAMBAKAN;HUTAN;-1.2884;116.058464
6401080017200200;64010800172002;64;1;080;017;2002;0;KALIMANTAN TIMUR;PASER;LONG KALI;MUARA LAMBAKAN;HUTAN;-1.17365;116.09603
6401080018000100;64010800180001;64;1;080;018;0001;0;KALIMANTAN TIMUR;PASER;LONG KALI;KEPALA TELAKE;RT 001;-1.23628;115.962623
6401080018000200;64010800180002;64;1;080;018;0002;0;KALIMANTAN TIMUR;PASER;LONG KALI;KEPALA TELAKE;RT 002;-1.24343;115.962926
6401080018200100;64010800182001;64;1;080;018;2001;0;KALIMANTAN TIMUR;PASER;LONG KALI;KEPALA TELAKE;HUTAN;-1.16833;115.940384
6401080019000100;64010800190001;64;1;080;019;0001;0;KALIMANTAN TIMUR;PASER;LONG KALI;MARUAT;RT 001;-1.58614;116.502921
6401080019000200;64010800190002;64;1;080;019;0002;0;KALIMANTAN TIMUR;PASER;LONG KALI;MARUAT;RT 002;-1.57821;116.500518
6401080019000300;64010800190003;64;1;080;019;0003;0;KALIMANTAN TIMUR;PASER;LONG KALI;MARUAT;RT 003;-1.57233;116.500228
6401080019000400;64010800190004;64;1;080;019;0004;0;KALIMANTAN TIMUR;PASER;LONG KALI;MARUAT;RT 004;-1.58797;116.53014
6401080019000500;64010800190005;64;1;080;019;0005;0;KALIMANTAN TIMUR;PASER;LONG KALI;MARUAT;RT 005;-1.57497;116.538651
6401080020000100;64010800200001;64;1;080;020;0001;0;KALIMANTAN TIMUR;PASER;LONG KALI;PETIKU;RT 001;-1.5926;116.449115
6401080020000200;64010800200002;64;1;080;020;0002;0;KALIMANTAN TIMUR;PASER;LONG KALI;PETIKU;RT 002;-1.59519;116.466872
6401080020000300;64010800200003;64;1;080;020;0003;0;KALIMANTAN TIMUR;PASER;LONG KALI;PETIKU;RT 003;-1.60805;116.465834
6401080020000400;64010800200004;64;1;080;020;0004;0;KALIMANTAN TIMUR;PASER;LONG KALI;PETIKU;RT 004;-1.62927;116.441996
6401080020000500;64010800200005;64;1;080;020;0005;0;KALIMANTAN TIMUR;PASER;LONG KALI;PETIKU;RT 005;-1.63281;116.454891
6401080020000600;64010800200006;64;1;080;020;0006;0;KALIMANTAN TIMUR;PASER;LONG KALI;PETIKU;RT 006;-1.63312;116.461746
6401080020000700;64010800200007;64;1;080;020;0007;0;KALIMANTAN TIMUR;PASER;LONG KALI;PETIKU;RT 007;-1.63005;116.467083
6401080020000800;64010800200008;64;1;080;020;0008;0;KALIMANTAN TIMUR;PASER;LONG KALI;PETIKU;RT 008;-1.63254;116.482204
6401080021000100;64010800210001;64;1;080;021;0001;0;KALIMANTAN TIMUR;PASER;LONG KALI;MAKMUR JAYA;JL. TIDORE RT 001;-1.45426;116.273057
6401080021000200;64010800210002;64;1;080;021;0002;0;KALIMANTAN TIMUR;PASER;LONG KALI;MAKMUR JAYA;JL. IRIAN JAYA RT 002;-1.45749;116.272737
6401080021000300;64010800210003;64;1;080;021;0003;0;KALIMANTAN TIMUR;PASER;LONG KALI;MAKMUR JAYA;JL. SINGOSARI RT 003;-1.45593;116.269873
6401080021000400;64010800210004;64;1;080;021;0004;0;KALIMANTAN TIMUR;PASER;LONG KALI;MAKMUR JAYA;JL. BLAMBANGAN RT 004;-1.45945;116.272418
6401080021000500;64010800210005;64;1;080;021;0005;0;KALIMANTAN TIMUR;PASER;LONG KALI;MAKMUR JAYA;JL. MAJAPAHIT RT 005;-1.46216;116.273043
6401080021000600;64010800210006;64;1;080;021;0006;0;KALIMANTAN TIMUR;PASER;LONG KALI;MAKMUR JAYA;JL. MATARAM RT 006;-1.46568;116.271974
6401080021000700;64010800210007;64;1;080;021;0007;0;KALIMANTAN TIMUR;PASER;LONG KALI;MAKMUR JAYA;JL. BANTEN RT 007;-1.46886;116.272541
6401080021000800;64010800210008;64;1;080;021;0008;0;KALIMANTAN TIMUR;PASER;LONG KALI;MAKMUR JAYA;JL. DEMAK RT 008;-1.47556;116.272751
6401080021000900;64010800210009;64;1;080;021;0009;0;KALIMANTAN TIMUR;PASER;LONG KALI;MAKMUR JAYA;JL. INTI KARET RT 009;-1.48917;116.276156
6401080021001000;64010800210010;64;1;080;021;0010;0;KALIMANTAN TIMUR;PASER;LONG KALI;MAKMUR JAYA;JL. BANEN RT 010;-1.47184;116.2565
6401080021001100;64010800210011;64;1;080;021;0011;0;KALIMANTAN TIMUR;PASER;LONG KALI;MAKMUR JAYA;JL. AFDELING RT 011;-1.49011;116.247014
6401080021001200;64010800210012;64;1;080;021;0012;0;KALIMANTAN TIMUR;PASER;LONG KALI;MAKMUR JAYA;JL. SRIWIJAYA RT 012;-1.46145;116.269974
6401080021001300;64010800210013;64;1;080;021;0013;0;KALIMANTAN TIMUR;PASER;LONG KALI;MAKMUR JAYA;JL. PEJAJARAN RT 013;-1.47547;116.275223
6401080021100100;64010800211001;64;1;080;021;1001;0;KALIMANTAN TIMUR;PASER;LONG KALI;MAKMUR JAYA;PERKEBUNAN KELAPA SAWIT;-1.51328;116.248984
6401080021100200;64010800211002;64;1;080;021;1002;0;KALIMANTAN TIMUR;PASER;LONG KALI;MAKMUR JAYA;PERKEBUNAN KELAPA SAWIT;-1.48877;116.263727
6401080021100300;64010800211003;64;1;080;021;1003;0;KALIMANTAN TIMUR;PASER;LONG KALI;MAKMUR JAYA;PERKEBUNAN KELAPA SAWIT;-1.47038;116.252817
6401080021100400;64010800211004;64;1;080;021;1004;0;KALIMANTAN TIMUR;PASER;LONG KALI;MAKMUR JAYA;PERKEBUNAN KELAPA SAWIT;-1.47041;116.262358
6401080021100500;64010800211005;64;1;080;021;1005;0;KALIMANTAN TIMUR;PASER;LONG KALI;MAKMUR JAYA;PERKEBUNAN KELAPA SAWIT;-1.45952;116.265498
6401080021100600;64010800211006;64;1;080;021;1006;0;KALIMANTAN TIMUR;PASER;LONG KALI;MAKMUR JAYA;PERKEBUNAN KELAPA SAWIT;-1.48132;116.282703
6401080022000100;64010800220001;64;1;080;022;0001;0;KALIMANTAN TIMUR;PASER;LONG KALI;PUTANG;RT 001;-1.52433;116.29304
6401080022000200;64010800220002;64;1;080;022;0002;0;KALIMANTAN TIMUR;PASER;LONG KALI;PUTANG;RT 002;-1.53961;116.302527
6401080022000300;64010800220003;64;1;080;022;0003;0;KALIMANTAN TIMUR;PASER;LONG KALI;PUTANG;RT 003;-1.5261;116.287588
6401080022000400;64010800220004;64;1;080;022;0004;0;KALIMANTAN TIMUR;PASER;LONG KALI;PUTANG;RT 004;-1.54489;116.285322
6401080022000500;64010800220005;64;1;080;022;0005;0;KALIMANTAN TIMUR;PASER;LONG KALI;PUTANG;RT 005;-1.51508;116.269112
6401080023000100;64010800230001;64;1;080;023;0001;0;KALIMANTAN TIMUR;PASER;LONG KALI;GUNUNG PUTAR;RT 001;-1.49435;116.358637
6401080023000200;64010800230002;64;1;080;023;0002;0;KALIMANTAN TIMUR;PASER;LONG KALI;GUNUNG PUTAR;RT 002;-1.49696;116.364856
6401080023000300;64010800230003;64;1;080;023;0003;0;KALIMANTAN TIMUR;PASER;LONG KALI;GUNUNG PUTAR;RT 003;-1.49545;116.369971
6401080023000400;64010800230004;64;1;080;023;0004;0;KALIMANTAN TIMUR;PASER;LONG KALI;GUNUNG PUTAR;RT 004;-1.50337;116.372537
6401080023000500;64010800230005;64;1;080;023;0005;0;KALIMANTAN TIMUR;PASER;LONG KALI;GUNUNG PUTAR;RT 005;-1.47916;116.369156
