Unnamed: 0;idsbr;nama_usaha;alamat_usaha;kode_wilayah;kdprov;kdkab;kdkec;kddesa;nmprov;nmkab;nmkec;nmdesa;perusahaan_id;skor_kalo;kegiatan_usaha;rank_nama;rank_alamat;history_ref_profiling_id;skala_usaha;sumber_data;lat;long;latlong_status;gcid;gcs_result;allow_cancel;allow_edit;allow_flagging;latitude_gc;longitude_gc;latlong_status_gc;gc_username;nama_usaha_gc;alamat_usaha_gc;lat_2;long_2;cleaned_nama_usaha;sim_score;is_duplicate;gc_flag_duplikat;match_with;alamat_cek;cleaned_alamat;id_duplikat;kbli2d;nama_usaha_with_alamat_and_kbli;hasilgc;flag_shadow;is_perorangan;is_kurung;status_perusahaan;alamat_cleaned;RT;RW;is_in_perumahan;is_in_pasar;flag_notes;id_rtrw;latitude;longitude
12932;26724861;AKIR PURWANTI;Jl. RM. Noto Sunardi RT.006 RW.005;6401040004;64;1;40;4;KALIMANTAN TIMUR;PASER;TANAH GROGOT;TANAH GROGOT;eyJpdiI6IkdXVGlQLzBVKzBZd0dBSUZUUEwyMkE9PSIsInZhbHVlIjoiQisvYjM3Z3JoWlRic3N6cDhUZlMrdz09IiwibWFjIjoiMmU1YTVmMDVkYzkwMTYxZDc0ZDllMjQzODE0ZTliOGFhOGVkMzkwMjk2ZGY5NTE0YmFlMWJmZjNhNGJmMjQ4NCIsInRhZyI6IiJ9;;"[Kegiatan Usaha: Kedai Minuman, Kategori: , KBLI: 56304]; [Kegiatan Usaha: -, Kategori: -, KBLI: 563...";;;24/11/2025;;OSS - Perorangan;;;invalid;;;FALSE;FALSE;TRUE;;;invalid;;;;;;akir purwanti;1;0;4;AKIR PURWANTI;Jl. RM. Noto Sunardi RT.006 RW.005;jl rm noto sunardi rt 006 rw 005;597;56;akir purwanti jl rm noto sunardi rt 006 rw 005 kbli56;1;1;1;0;Aktif;Jl RM Noto Sunardi RT006 RW005;6;5;;;TARIK 02 FEB - 12.00 WITA;6401040004_6_5;-1.92147;116.187864
0;233717;KOPKAR DHARMA DINDA MAHARANI;Batu Sopang, Batu Sopang;6401;64;1;;;KALIMANTAN TIMUR;PASER;;;eyJpdiI6InZrbkFTN3l5Z3diZmNvQVZoUEhCUXc9PSIsInZhbHVlIjoiMnBrV2swSE5LWnRha2FSZ2xoNGlaUT09IiwibWFjIjoiMDlkNzk1OWVhZGQ3NWZkNDlkOTEzYjYxNzVhNzZlOTI3MmY1NDFjNmRmZjJmZGNhMmE4NjI1ZWYzM2U2MTBmYyIsInRhZyI6IiJ9;;;;;26/10/2025;UB;;;;invalid;;;FALSE;FALSE;TRUE;;;invalid;;;;;;kopkar dharma dinda maharani;0;0;0;;;batu sopang batu sopang;;0;kopkar dharma dinda maharani batu sopang batu sopang kbli00;99;0;1;0;Tidak Ditemukan;Batu Sopang Batu Sopang;0;0;;;TARIK 02 FEB - 12.00 WITA;6401_0_0;;
1;233720;KOP. DAYA BERSAMA;Muara Toyo, Long Ikis;6401;64;1;;;KALIMANTAN TIMUR;PASER;;;eyJpdiI6IkZyZFF6eXNPRlBLa28zSTU4S1FTeFE9PSIsInZhbHVlIjoidzFScGZoNkRic3FHa1RtZjVhVnpFdz09IiwibWFjIjoiZjdiNzc1ZTlmM2M1ZTRhN2ZmNWQ4YzdhOTQ2NDE5MTU1ODNlZGY4ZDE2NzcwYjk0Zjk2NDBiODIyYzVmMGE1OCIsInRhZyI6IiJ9;;;;;26/10/2025;UB;;;;invalid;;;FALSE;FALSE;TRUE;;;invalid;;;;;;daya bersama;0;0;0;;;muara toyo long ikis;;0;daya bersama muara toyo long ikis kbli00;99;0;1;0;Tidak Ditemukan;Muara Toyo Long Ikis;0;0;;;TARIK 02 FEB - 12.00 WITA;6401_0_0;;
2;233725;KOP. HARAPAN MAKMUR;Muara Adang II, Long Ikis;6401;64;1;;;KALIMANTAN TIMUR;PASER;;;eyJpdiI6IjBBeWpUS3duc0R6VDd4RnhvSjNtOFE9PSIsInZhbHVlIjoiVTMyci9PTjEvNVFLZHpGOHZoUXhNQT09IiwibWFjIjoiZDE1MzVlMDE3OWFiMzdiMWU4YjhkZjA5ZmQ3MGEyZGIzN2VlOWFlOWMyMzAyOWYyY2QwZTkxMGY5N2NjNDVmYyIsInRhZyI6IiJ9;;;;;26/10/2025;UB;;;;invalid;;;FALSE;FALSE;TRUE;;;invalid;;;;;;harapan makmur;0;0;0;;;muara adang ii long ikis;;0;harapan makmur muara adang ii long ikis kbli00;99;0;1;0;Tidak Ditemukan;Muara Adang II Long Ikis;0;0;;;TARIK 02 FEB - 12.00 WITA;6401_0_0;;
3;233728;KOP KARYA DHARMA NUSANTARA;UPT Muara Adang I, Long Ikis;6401;64;1;;;KALIMANTAN TIMUR;PASER;;;eyJpdiI6IlZtYmdMKzhNYSsyUEJheHloWXhNK3c9PSIsInZhbHVlIjoiYXlMSGZDa2U5V3J1dDZGMVB0VlVwZz09IiwibWFjIjoiMmQ0ODljNTk4ZTIwMTk4OTQ0ODNkNjcxNDlhMGZmMTJiMjI2MGM0OWZhMzU2OTA3ZDFjYjYzOWQ4MDZiMjI5MyIsInRhZyI6IiJ9;;;;;26/10/2025;UB;;;;invalid;;;FALSE;FALSE;TRUE;;;invalid;;;;;;karya dharma nusantara;0;0;0;;;upt muara adang i long ikis;;0;karya dharma nusantara upt muara adang i long ikis kbli00;99;0;1;0;Tidak Ditemukan;UPT Muara Adang I Long Ikis;0;0;;;TARIK 02 FEB - 12.00 WITA;6401_0_0;;
4;233754;KUD PELITA HARAPAN;Long Kali, Long kali;6401;64;1;;;KALIMANTAN TIMUR;PASER;;;eyJpdiI6Im9XUFJuTFZNU09pYnhXeEQ3blRHY0E9PSIsInZhbHVlIjoiMS9uRVZ5Y2xKd2pwTnUyWEdEcHRhdz09IiwibWFjIjoiNDc1MTczMDM4OTlhZWFmODk1OTcyODExNDMxZDVkMWMwNGYxZjczNTkyNTYxYmRmYTIyNTZiMmU2MzVjYWU3ZCIsInRhZyI6IiJ9;;;;;26/10/2025;UB;;;;invalid;;;FALSE;FALSE;TRUE;;;invalid;;;;;;kud pelita harapan;0;0;0;;;long kali long kali;;0;kud pelita harapan long kali long kali kbli00;99;0;1;0;Tidak Ditemukan;Long Kali Long kali;0;0;;;TARIK 02 FEB - 12.00 WITA;6401_0_0;;
5;233755;KOPPAS KARYA NYATA;Gunung Steleng, Muara Komam;6401;64;1;;;KALIMANTAN TIMUR;PASER;;;eyJpdiI6InBEM2pRMkpJWDNKV3M0TGVLRU00a3c9PSIsInZhbHVlIjoiWlZYQUM3dHgyZXRQaS9BcFpTTWxuQT09IiwibWFjIjoiZTc1MTE2ZDQxNDE3YzU3NjNhYmFmMDU5ODYwZDRmZmU0YmIwZmVmYzk4OWU2ZmY1MjdiMTdiZjJiYmM2Y2ZkNCIsInRhZyI6IiJ9;;;;;26/10/2025;UB;;;;invalid;;;FALSE;FALSE;TRUE;;;invalid;;;;;;koppas karya nyata;0;0;0;;;gunung steleng muara komam;;0;koppas karya nyata gunung steleng muara komam kbli00;99;0;1;0;Tidak Ditemukan;Gunung Steleng Muara Komam;0;0;;;TARIK 02 FEB - 12.00 WITA;6401_0_0;;
6;233758;KOP. PUTRA PANJI MAKMUR;Uko, Muara Komam;6401;64;1;;;KALIMANTAN TIMUR;PASER;;;eyJpdiI6ImFvMmZaWjdVSVJsZzZYQTJacEhlV2c9PSIsInZhbHVlIjoicDgyaUpLSkgzZU9qNVBCaE5aNTlodz09IiwibWFjIjoiYTc2Mzc1YzE1ZDI5YTQ4ZDIyYWEyYmVkYWIyYjIwN2IwNTU4MmRlNTc4ZGQ1MGMwNDk0NTU5NGY0MjI0NzllNCIsInRhZyI6IiJ9;;[Kegiatan Usaha: -, Kategori: K, KBLI: 64141];;;26/10/2025;UB;;;;invalid;;;FALSE;FALSE;TRUE;;;invalid;;;;;;putra panji makmur;0;0;0;;;uko muara komam;;64;putra panji makmur uko muara komam kbli64;99;0;1;0;Tidak Ditemukan;Uko Muara Komam;0;0;;;TARIK 02 FEB - 12.00 WITA;6401_0_0;;
7;233744;KOP. KARYA SWADAYA;Muara Toyu, Long Kali;6401;64;1;;;KALIMANTAN TIMUR;PASER;;;eyJpdiI6IjFIQ3p2WFVDNkxYYjRWdWszNFFPOXc9PSIsInZhbHVlIjoiMnMvandDaGJMbFNkdjNGZFhCTFNsZz09IiwibWFjIjoiNjI5NTFkZTU1ZjEyNDczMjMxMDBmYTM1YzNmNTI0NDJhYWE3MGJmODRkMTZmYzM3ZDRmODIyNGYxZmU1YjM0NCIsInRhZyI6IiJ9;;;;;26/10/2025;UB;;;;invalid;;;FALSE;FALSE;TRUE;;;invalid;;;;;;karya swadaya;0;0;0;;;muara toyu long kali;;0;karya swadaya muara toyu long kali kbli00;99;0;1;0;Tidak Ditemukan;Muara Toyu Long Kali;0;0;;;TARIK 02 FEB - 12.00 WITA;6401_0_0;;
8;233750;KOP. SETIA KAWAN;Benta Suaian, Long Kali;6401;64;1;;;KALIMANTAN TIMUR;PASER;;;eyJpdiI6ImVRemtzaDBDbG1YWkcxTzFWa09kdmc9PSIsInZhbHVlIjoiRG1nSWU2bnIvSWgyVXJ1T1NVMWlqZz09IiwibWFjIjoiOWE3ZWJmZGZiMDRhNjgzZTlhZjk3YTBhODc4NGMyNzFjNGFjZjVmYzUxZDM5YmIyMThlMWMyOWIzMWMyMjMwOSIsInRhZyI6IiJ9;;;;;26/10/2025;UB;;;;invalid;;;FALSE;FALSE;TRUE;;;invalid;;;;;;setia kawan;0;0;0;;;benta suaian long kali;;0;setia kawan benta suaian long kali kbli00;99;0;1;0;Tidak Ditemukan;Benta Suaian Long Kali;0;0;;;TARIK 02 FEB - 12.00 WITA;6401_0_0;;
9;233749;KOP. SUKARAJA;Sukaraja, Long Kali;6401080006;64;1;80;6;KALIMANTAN TIMUR;PASER;LONG KALI;LONG KALI;eyJpdiI6IkRHa01rM3grSWdvNGdFNm5GUkg3eFE9PSIsInZhbHVlIjoiWitKRWY3VU1nc2ZDTHkvU01zNXk4UT09IiwibWFjIjoiZDdiYjM4YjI4N2ZiMzAzNzE1ZDZjODFlMGJlM2Q1ZmNlYjIzZTA3ZTg3NmMwNDNlNzNhYjQyYjFhZGNiYTdhNyIsInRhZyI6IiJ9;;;;;15/12/2025;UB;;;;invalid;;;FALSE;FALSE;TRUE;;;invalid;;;;;;sukaraja;0;0;0;;;sukaraja long kali;;0;sukaraja sukaraja long kali kbli00;99;0;1;0;Tidak Ditemukan;Sukaraja Long Kali;0;0;;;TARIK 02 FEB - 12.00 WITA;6401080006_0_0;;
10;233778;KOP. METTO BELUM;Jone, Tanah Grogot;6401040009;64;1;40;9;KALIMANTAN TIMUR;PASER;TANAH GROGOT;JONE;eyJpdiI6InkxV0lSMVhPdWR4bmtIcVkwWWhBTXc9PSIsInZhbHVlIjoieWFtN0ptVExKS2FIUk1pTzNha1YrZz09IiwibWFjIjoiZjk5YTA0OWI1OWQ5ZDAxYWJhYjQxZTUzMmE0OTJjZTQzZGEyYTQ2ZjE3MWUxNjcyNzFlMmU2ZmY5NzA2MjE0OCIsInRhZyI6IiJ9;;;;;15/12/2025;UB;;;;invalid;;;FALSE;FALSE;TRUE;;;invalid;;;;;;metto belum;0;0;0;;;jone tanah grogot;;0;metto belum jone tanah grogot kbli00;99;0;1;0;Tidak Ditemukan;Jone Tanah Grogot;0;0;;;TARIK 02 FEB - 12.00 WITA;6401040009_0_0;;
11;233784;KOPKAR TELKOM;Tanah Grogot, Tanah Grogot;6401040004;64;1;40;4;KALIMANTAN TIMUR;PASER;TANAH GROGOT;TANAH GROGOT;eyJpdiI6Im16VkxvNXVjNStjSHk2Z1Y0amI3Q1E9PSIsInZhbHVlIjoiRHVjMEJTU0JzdnUrd1NOZ09uaXFOZz09IiwibWFjIjoiZTkzNGM0OWQwMTdhMTEwMzRkMmQwNDlmYTg5ZjExMmRlNzU3NDJiNGUwYjI3MjE1N2RhZTBkZDAxYjMyZmI5MSIsInRhZyI6IiJ9;;;;;15/12/2025;UB;;;;invalid;;;FALSE;FALSE;TRUE;;;invalid;;;;;;kopkar telkom;0;0;0;;;tanah grogot tanah grogot;;0;kopkar telkom tanah grogot tanah grogot kbli00;99;0;1;0;Tidak Ditemukan;Tanah Grogot Tanah Grogot;0;0;;;TARIK 02 FEB - 12.00 WITA;6401040004_0_0;;
12;233788;KOPONTREN AL-IKHLAS;Jone, Tanah Grogot;6401;64;1;;;KALIMANTAN TIMUR;PASER;;;eyJpdiI6Im81WUV3dUJ4THE5SFVkMnNuZ1o0RFE9PSIsInZhbHVlIjoiVW9YSGR3QTAzaW9nWmV5bW83T29tZz09IiwibWFjIjoiMzEyN2FhNDg4NjE4Nzg5NjMzY2JlOTkwNzg0OTBhYjBkMmUwN2MxMzk5OTZlY2Y3NTEzNGJiMDM2ODg4Y2E1ZSIsInRhZyI6IiJ9;;;;;29/11/2025;UB;;;;invalid;;;FALSE;FALSE;TRUE;;;invalid;;;;;;kopontren al ikhlas;0;0;0;;;jone tanah grogot;;0;kopontren al ikhlas jone tanah grogot kbli00;99;0;1;0;Tidak Ditemukan;Jone Tanah Grogot;0;0;;;TARIK 02 FEB - 12.00 WITA;6401_0_0;;
13;233785;KOP. PEMUDA PASER;Tanah Grogot, Tanah Grogot;6401040004;64;1;40;4;KALIMANTAN TIMUR;PASER;TANAH GROGOT;TANAH GROGOT;eyJpdiI6InIybkFqTUZWUnR3UmFCdWFQUnd3dGc9PSIsInZhbHVlIjoiTG1kbFFpOFpOM0t5YlQ1eU9aRVdRdz09IiwibWFjIjoiM2ZjNWQ4MTA0NjUzM2VkZWJjNTVkMjJjZGRlNDVlYTQ4Y2ZmNjE2YjhjYzdjYjU4N2RiYjY4NzhkYzUzMTMyMCIsInRhZyI6IiJ9;;;;;15/12/2025;UB;;;;invalid;;;FALSE;FALSE;TRUE;;;invalid;;;;;;pemuda paser;0;0;0;;;tanah grogot tanah grogot;;0;pemuda paser tanah grogot tanah grogot kbli00;99;0;1;0;Tidak Ditemukan;Tanah Grogot Tanah Grogot;0;0;;;TARIK 02 FEB - 12.00 WITA;6401040004_0_0;;
14;233794;KPN HIDUP BARU;Tanah Grogot, Tanah Grogot;6401040004;64;1;40;4;KALIMANTAN TIMUR;PASER;TANAH GROGOT;TANAH GROGOT;eyJpdiI6IkVPbFhLZ0NSLzUyWFRiTkY3b3dsN0E9PSIsInZhbHVlIjoiYlRKQWswNkhjblRDVU9TRVRYZiszUT09IiwibWFjIjoiMTUwZTJhNDg2ODRiODg0ZjFjNjU0ODY5NzhlYjM3ZTMwODY5ODQ3YjRjMzU4ZDdjYjU2MTlkZDM0MDViNjE1MiIsInRhZyI6IiJ9;;;;;15/12/2025;UB;;;;invalid;;;FALSE;FALSE;TRUE;;;invalid;;;;;;kpn hidup baru;0;0;0;;;tanah grogot tanah grogot;;0;kpn hidup baru tanah grogot tanah grogot kbli00;99;0;1;0;Tidak Ditemukan;Tanah Grogot Tanah Grogot;0;0;;;TARIK 02 FEB - 12.00 WITA;6401040004_0_0;;
15;233787;KOPONTREN MESJID SYUHADA;JL PANGERAN MENTERI (SMP MUHAMMADIYAH TANAH GROGOT);6401040004;64;1;40;4;KALIMANTAN TIMUR;PASER;TANAH GROGOT;TANAH GROGOT;eyJpdiI6IkV1S1d4UkdjeVZ0Q0RnZ3pRMTFwdWc9PSIsInZhbHVlIjoiNUp1VUJuVGhmU1NzZGwwRnpFOUFRQT09IiwibWFjIjoiZTUwOGRhZmJlNWMyNWNmZjlkNDQ2OTFmNTE3ZWY0ODRhMGM2MDQ1NDJlMThmYTQ4NmRmNTE4ZDkzMTgwMzc3OCIsInRhZyI6IiJ9;;;;;26/10/2025;UB;;;;invalid;;;FALSE;FALSE;TRUE;;;invalid;;;;;;kopontren mesjid syuhada;0;0;0;;;jl pangeran menteri smp muhammadiyah tanah grogot;;0;kopontren mesjid syuhada jl pangeran menteri smp muhammadiyah tanah grogot kbli00;99;0;1;0;Tidak Ditemukan;JL PANGERAN MENTERI SMP MUHAMMADIYAH TANAH GROGOT;0;0;;;TARIK 02 FEB - 12.00 WITA;6401040004_0_0;;
18;233791;KOP. RINDA UTAMA;Jone, Tanah Grogot;6401040009;64;1;40;9;KALIMANTAN TIMUR;PASER;TANAH GROGOT;JONE;eyJpdiI6IlV4eUgyOFJLdS9hTmNRajY5ekJkSHc9PSIsInZhbHVlIjoiNjMzV0s2T3RzbThUTnU3S09uMkZmQT09IiwibWFjIjoiNTVlNGU0NDI2OTdkYTMwNWVkYjMwYmVmZWY3YTNjYmJjMjEwYjA4NTVhZGZhMDlmMjhhNjliYmZkMzdiOWE4ZSIsInRhZyI6IiJ9;;;;;15/12/2025;UB;;;;invalid;;;FALSE;FALSE;TRUE;;;invalid;;;;;;rinda utama;0;0;0;;;jone tanah grogot;;0;rinda utama jone tanah grogot kbli00;99;0;1;0;Tidak Ditemukan;Jone Tanah Grogot;0;0;;;TARIK 02 FEB - 12.00 WITA;6401040009_0_0;;
19;233800;KPN BUMI SIRANA;Ds. Tanah Grogot, Kec. Tanah Grogot;6401040004;64;1;40;4;KALIMANTAN TIMUR;PASER;TANAH GROGOT;TANAH GROGOT;eyJpdiI6IkhRMWpLNTAwL0JIdzBBU3NYYnJLSEE9PSIsInZhbHVlIjoid3BZcDBCV1AyQkpYdWhrZ3ZQT0dOUT09IiwibWFjIjoiZTdhODNjOTZiM2ZiYTAyMTJhMjRmYzg5Zjg2NDg4ZGYwOWNkZTcwYjkzNGEzNjU2ODVlMmFlY2FmZmQ2NTUxYyIsInRhZyI6IiJ9;;;;;15/12/2025;UB;;;;invalid;;;FALSE;FALSE;TRUE;;;invalid;;;;;;kpn bumi sirana;0;0;0;;;ds tanah grogot kec tanah grogot;;0;kpn bumi sirana ds tanah grogot kec tanah grogot kbli00;99;0;1;0;Tidak Ditemukan;Ds Tanah Grogot Kec Tanah Grogot;0;0;;;TARIK 02 FEB - 12.00 WITA;6401040004_0_0;;
21;233751;KSU PASAR BAYU RUKO;Long Kali, Long kali;6401080006;64;1;80;6;KALIMANTAN TIMUR;PASER;LONG KALI;LONG KALI;eyJpdiI6IjQ3Y1p3T1ZoNWxnM3pRelNjNTJwRWc9PSIsInZhbHVlIjoiMEVjb3N6KzliQ29TM00ydmMvYnB5QT09IiwibWFjIjoiMGE5OGVjOTVkYjZmNmJkNGJiN2NhN2EzNTkyYmNmZmE4YzY1NjI1MzFlODFjNzE5MmM5NjJkZGNkMTNjYTNhMyIsInRhZyI6IiJ9;;;;;15/12/2025;UB;;;;invalid;;;FALSE;FALSE;TRUE;;;invalid;;;;;;ksu pasar bayu;0;0;0;;;long kali long kali;;0;ksu pasar bayu long kali long kali kbli00;99;0;1;0;Tidak Ditemukan;Long Kali Long kali;0;0;;;TARIK 02 FEB - 12.00 WITA;6401080006_0_0;;
22;233786;KOP. PRAMUKA TUNAS KELAPA;Tanah Grogot, Tanah Grogot;6401;64;1;;;KALIMANTAN TIMUR;PASER;;;eyJpdiI6Ikp0WkZZNThIV1BMYklOVDZHQ25iTWc9PSIsInZhbHVlIjoiOXl6c01mK0Y4bDh3VENFbDFvOTBIUT09IiwibWFjIjoiZWU3ZGM4NTgzYTc3YWEwYmQ1ODJmMTRmOTBmN2VmYzE1NDkyOTA5MmU4YWNlMmI1NjlmMTYxZDlhNGVlYjc5YiIsInRhZyI6IiJ9;;;;;26/10/2025;UB;;;;invalid;;;FALSE;FALSE;TRUE;;;invalid;;;;;;pramuka tunas kelapa;0;0;0;;;tanah grogot tanah grogot;;0;pramuka tunas kelapa tanah grogot tanah grogot kbli00;99;0;1;0;Tidak Ditemukan;Tanah Grogot Tanah Grogot;0;0;;;TARIK 02 FEB - 12.00 WITA;6401_0_0;;
23;233796;KPN TRANSMIGRASI;Ds. Tanah Grogot, Kec. Tanah Grogot;6401040004;64;1;40;4;KALIMANTAN TIMUR;PASER;TANAH GROGOT;TANAH GROGOT;eyJpdiI6IjFrb0VhK3RKNG9yUzlYV28xcHJTRUE9PSIsInZhbHVlIjoiVVJxNGl5cjJEWXJsd0JjWHdPeUloQT09IiwibWFjIjoiYTc3ZWUzYjYzNzdlODUzZmYxNzkzZjM2NTVkODExZTUyZDU5ZDA5MzkxNjUxYzBkMWFlZDIwOWRiYjE0NGUzYSIsInRhZyI6IiJ9;;;;;15/12/2025;UB;;;;invalid;;;FALSE;FALSE;TRUE;;;invalid;;;;;;kpn transmigrasi;0;0;0;;;ds tanah grogot kec tanah grogot;;0;kpn transmigrasi ds tanah grogot kec tanah grogot kbli00;99;0;1;0;Tidak Ditemukan;Ds Tanah Grogot Kec Tanah Grogot;0;0;;;TARIK 02 FEB - 12.00 WITA;6401040004_0_0;;
24;233790;KOPPEPABRI SADAR;Tanah Grogot, Tanah Grogot;6401040004;64;1;40;4;KALIMANTAN TIMUR;PASER;TANAH GROGOT;TANAH GROGOT;eyJpdiI6Im5CdllNWUpJKzUva1lwOFh6QnRldlE9PSIsInZhbHVlIjoiM0V6QlM2dnUxRFIrcmQ4bTFCMk1LZz09IiwibWFjIjoiYTZjYzIzZmE2ZDhkNjhlNDk3MWVlOTQ2NzkwNTY1ZDAxOGMxNzViNTE2ODIxMzMzZTk3NzZkNGVhNTA5NjgwNSIsInRhZyI6IiJ9;;;;;15/12/2025;UB;;;;invalid;;;FALSE;FALSE;TRUE;;;invalid;;;;;;koppepabri sadar;0;0;0;;;tanah grogot tanah grogot;;0;koppepabri sadar tanah grogot tanah grogot kbli00;99;0;1;0;Tidak Ditemukan;Tanah Grogot Tanah Grogot;0;0;;;TARIK 02 FEB - 12.00 WITA;6401040004_0_0;;
27;233812;KPN ADYATAKA;Ds. Tanah Grogot, Kec. Tanah Grogot;6401040004;64;1;40;4;KALIMANTAN TIMUR;PASER;TANAH GROGOT;TANAH GROGOT;eyJpdiI6IlNuK2pvRTBjWWltZDlxWFU0Ti9NQnc9PSIsInZhbHVlIjoiMUtGazI4ZlF4bVBVZXllWi9VOWJnUT09IiwibWFjIjoiNGFmNzhmMzkyMzdjOTE3MGFlYjdmYjMxOTA0YzliMGNlNDIwZDk2NDU0YmY4MjRlMmFmODRhMjkxNjFhYTlmOCIsInRhZyI6IiJ9;;;;;15/12/2025;UB;;;;invalid;;;FALSE;FALSE;TRUE;;;invalid;;;;;;kpn adyataka;0;0;0;;;ds tanah grogot kec tanah grogot;;0;kpn adyataka ds tanah grogot kec tanah grogot kbli00;99;0;1;0;Tidak Ditemukan;Ds Tanah Grogot Kec Tanah Grogot;0;0;;;TARIK 02 FEB - 12.00 WITA;6401040004_0_0;;
28;233819;KSU KELMAWS ASI IKHSAN MANDIRI;Ds. Tanah Grogot, Kec. Tanah Grogot;6401040004;64;1;40;4;KALIMANTAN TIMUR;PASER;TANAH GROGOT;TANAH GROGOT;eyJpdiI6IklYVzM4ejRDV1d6cUZZL0Q0TE9KL3c9PSIsInZhbHVlIjoid0hWVGFiZENrc2dZbU5rZ0VjZTR0QT09IiwibWFjIjoiMzljOWRlNWQwOTI3ZDBhMTgxMDRhNzk5ZjlhMWJlMDdlMTAzZTJkNTcyYTJlNWYzZmNjMzczNTIxMmUyZjFlOCIsInRhZyI6IiJ9;;;;;15/12/2025;UB;;;;invalid;;;FALSE;FALSE;TRUE;;;invalid;;;;;;ksu kelmaws asi ikhsan mandiri;0;0;0;;;ds tanah grogot kec tanah grogot;;0;ksu kelmaws asi ikhsan mandiri ds tanah grogot kec tanah grogot kbli00;99;0;1;0;Tidak Ditemukan;Ds Tanah Grogot Kec Tanah Grogot;0;0;;;TARIK 02 FEB - 12.00 WITA;6401040004_0_0;;
29;233820;KSU KELMAS TUNAS REJEKI GTR;Ds. Tepian Batang, Kec. Tanah Grogot;6401040004;64;1;40;4;KALIMANTAN TIMUR;PASER;TANAH GROGOT;TANAH GROGOT;eyJpdiI6IldQbEdkK1dORlU4aVV4eEhubE9FWUE9PSIsInZhbHVlIjoiaGNMTzFKNVZkODVNOG0veC95ZlpPQT09IiwibWFjIjoiZThhY2ExZjdmMDAxODg1MThiMmM4MDViZjc5MGJkYmYxYTFmODQ0NWZhNmZkNmRjZjcyZDk5NjNmNjAzMDdlMiIsInRhZyI6IiJ9;;;;;15/12/2025;UB;;;;invalid;;;FALSE;FALSE;TRUE;;;invalid;;;;;;ksu kelmas tunas rejeki gtr;0;0;0;;;ds tepian batang kec tanah grogot;;0;ksu kelmas tunas rejeki gtr ds tepian batang kec tanah grogot kbli00;99;0;1;0;Tidak Ditemukan;Ds Tepian Batang Kec Tanah Grogot;0;0;;;TARIK 02 FEB - 12.00 WITA;6401040004_0_0;;
31;233817;KPN BHAKTI KENCANA;Ds. Tanah Grogot, Kec. Tanah Grogot;6401040004;64;1;40;4;KALIMANTAN TIMUR;PASER;TANAH GROGOT;TANAH GROGOT;eyJpdiI6ImhJS0ppSGRJRHdGVDdpV3pOOVM1NVE9PSIsInZhbHVlIjoiUFdVUkcvSURZTURsV3RWdzlTc2p5UT09IiwibWFjIjoiNGM2ZWQ0YWM5MjEzZGYzZjBmOWI4YmE2YTA3ZWNmMGY5NjQ0NzBhNzY3NDI5NmI5ZjU2Zjk5MzIxNWY1ZWMyOCIsInRhZyI6IiJ9;;;;;15/12/2025;UB;;;;invalid;;;FALSE;FALSE;TRUE;;;invalid;;;;;;kpn bhakti kencana;0;0;0;;;ds tanah grogot kec tanah grogot;;0;kpn bhakti kencana ds tanah grogot kec tanah grogot kbli00;99;0;1;0;Tidak Ditemukan;Ds Tanah Grogot Kec Tanah Grogot;0;0;;;TARIK 02 FEB - 12.00 WITA;6401040004_0_0;;
32;233818;KPN BINA KARYA;Ds. Tanah Grogot, Kec. Tanah Grogot;6401040004;64;1;40;4;KALIMANTAN TIMUR;PASER;TANAH GROGOT;TANAH GROGOT;eyJpdiI6Ino4ZEdjcW9UWjZPRmYvWE9RMHZCaUE9PSIsInZhbHVlIjoiN08yRktQYWVXRWk0a2t5WkVmYy9adz09IiwibWFjIjoiODk5NDg1YzRjZjg5YWFhMWRmM2UyMjU2MmYwMzNhMjkyYjE2ZGJkMDM2ZTQxMWNhNTVhMDIwMTBjNzNmNzZiYSIsInRhZyI6IiJ9;;;;;15/12/2025;UB;;;;invalid;;;FALSE;FALSE;TRUE;;;invalid;;;;;;kpn bina karya;0;0;0;;;ds tanah grogot kec tanah grogot;;0;kpn bina karya ds tanah grogot kec tanah grogot kbli00;99;0;1;0;Tidak Ditemukan;Ds Tanah Grogot Kec Tanah Grogot;0;0;;;TARIK 02 FEB - 12.00 WITA;6401040004_0_0;;
33;233821;KSU AGRIP KOM. UNGGAS TRUBUS M;Ds. Tanah Grogot, Kec. Tanah Grogot;6401040004;64;1;40;4;KALIMANTAN TIMUR;PASER;TANAH GROGOT;TANAH GROGOT;eyJpdiI6IjZWbUd6ank1V3lmT1FZUkhyL3AveGc9PSIsInZhbHVlIjoiRWhqV3VSRXk0TnpDTm03ekQzaUF2UT09IiwibWFjIjoiNGFhNWE1NmQ4MzJlMzBlNTQxMGU4ZDJkOGUwMmRmYzhhZTM4YzAyNzhmOWY0ZmVjZDFlNjA4Mjg4ZjMyMWFiYyIsInRhZyI6IiJ9;;;;;15/12/2025;UB;;;;invalid;;;FALSE;FALSE;TRUE;;;invalid;;;;;;ksu agrip kom unggas trubus m;0;0;0;;;ds tanah grogot kec tanah grogot;;0;ksu agrip kom unggas trubus m ds tanah grogot kec tanah grogot kbli00;99;0;1;0;Tidak Ditemukan;Ds Tanah Grogot Kec Tanah Grogot;0;0;;;TARIK 02 FEB - 12.00 WITA;6401040004_0_0;;
34;233824;KSU SEHAT MANDIRI;Ds. Tanah Grogot, Kec. Tanah Grogot;6401040004;64;1;40;4;KALIMANTAN TIMUR;PASER;TANAH GROGOT;TANAH GROGOT;eyJpdiI6Ik1uYUlQZHNENGt5emRJbjYxbmEzbEE9PSIsInZhbHVlIjoiQ0JQQWw0VXNUY1N1dmlDNmZGNVBCdz09IiwibWFjIjoiYjE5NWI3ODdlNDdjNmQ5MmQxNTUyZWNiY2M2ZjJkZTU0YjM0MjcxNDAzMDQ2MjE5NDBiN2Q4OGE0MDM1YzJmNSIsInRhZyI6IiJ9;;;;;15/12/2025;UB;;;;invalid;;;FALSE;FALSE;TRUE;;;invalid;;;;;;ksu sehat mandiri;0;0;0;;;ds tanah grogot kec tanah grogot;;0;ksu sehat mandiri ds tanah grogot kec tanah grogot kbli00;99;0;1;0;Tidak Ditemukan;Ds Tanah Grogot Kec Tanah Grogot;0;0;;;TARIK 02 FEB - 12.00 WITA;6401040004_0_0;;
35;233828;KSU WAHANA MUDA;Ds. Tanah Grogot, Kec. Tanah Grogot;6401040004;64;1;40;4;KALIMANTAN TIMUR;PASER;TANAH GROGOT;TANAH GROGOT;eyJpdiI6Ikd0UXJaK3JwR1Fhb2swQTgvR0tNWXc9PSIsInZhbHVlIjoiTUl5a1p3WjM0N090alZoOTdoVjl2UT09IiwibWFjIjoiNWQ0ZDU2Mzg3YTI5OWQ2YjFjZmQxMDczMDFhNmFmMmNlY2Q5YmYxMGJiYTg0NTkwZWE5ZjNhNTUwNjU4NTQ1NCIsInRhZyI6IiJ9;;;;;15/12/2025;UB;;;;invalid;;;FALSE;FALSE;TRUE;;;invalid;;;;;;ksu wahana muda;0;0;0;;;ds tanah grogot kec tanah grogot;;0;ksu wahana muda ds tanah grogot kec tanah grogot kbli00;99;0;1;0;Tidak Ditemukan;Ds Tanah Grogot Kec Tanah Grogot;0;0;;;TARIK 02 FEB - 12.00 WITA;6401040004_0_0;;
37;233836;KOPKAR KIJANG;Kel. Batu Sopang, Kec. Tanjung Aru;6401010011;64;1;10;11;KALIMANTAN TIMUR;PASER;BATU SOPANG;BATU KAJANG;eyJpdiI6IjU1eDV4Z2FwY2twN2FDZ0w1TTlPVVE9PSIsInZhbHVlIjoiS1J3dG9mcXFqQ0E3eHFNbW95ZytVZz09IiwibWFjIjoiMWQwZmUwMjNlMDY0OGY0NWQ2ODlhMGRhNDFhOGUzNmFkNjRjOTNjYjAzNThjYWY3ZTExYTA3NzgwM2RiMjIxOSIsInRhZyI6IiJ9;;;;;15/12/2025;UB;;;;invalid;;;FALSE;FALSE;TRUE;;;invalid;;;;;;kopkar kijang;0;0;0;;;kel batu sopang kec tanjung aru;;0;kopkar kijang kel batu sopang kec tanjung aru kbli00;99;0;1;0;Tidak Ditemukan;Kel Batu Sopang Kec Tanjung Aru;0;0;;;TARIK 02 FEB - 12.00 WITA;6401010011_0_0;;
46;64410001;PERUMDAM TIRTA KANDILO;JL DI PANJAITAN no. 67 rt 05;6401040003;64;1;40;3;KALIMANTAN TIMUR;PASER;TANAH GROGOT;TEPIAN BATANG;eyJpdiI6IkhNSWFWN0J5c1RhRXdaNmdUV1FvWGc9PSIsInZhbHVlIjoidXNkRW51bDJDS3JHSW1mQjVycDFoUT09IiwibWFjIjoiNTUxYjllNjAxN2ZiNjUzZjM2MjIyNTFjOWUzOTIyNWIzNWI3MGFmZjAzNGQwYWQ2MDIyMmFhMDA3YWU0MjY1YyIsInRhZyI6IiJ9;;[Kegiatan Usaha: -, Kategori: E, KBLI: 36001];;;07/01/2025;UMKM;;;;invalid;;;FALSE;FALSE;TRUE;;;invalid;;;;;;perumdam tirta kandilo;0;0;0;;;jl di panjaitan no 67 rt 05;;36;perumdam tirta kandilo jl di panjaitan no 67 rt 05 kbli36;1;0;1;0;Aktif;JL DI PANJAITAN no 67 rt 05;5;0;;;TARIK 02 FEB - 12.00 WITA;6401040003_5_0;-1.87998;116.174431
51;94411506;PT Multi Prima Universal, Kantor Cabang Batu Kajang;Kideco Mine;6401010011;64;1;10;11;KALIMANTAN TIMUR;PASER;BATU SOPANG;BATU KAJANG;eyJpdiI6InZLaXUxMFJWNE1aWXRGMHpVV3RoUWc9PSIsInZhbHVlIjoiaGxwSXNPczYrU0VHVUd5enoyWExhQT09IiwibWFjIjoiNDMxZGVlZDNjODRhNmZlODhkZmU2OGVjODRjODU1NmJkMDI3ZmNiZWM5YmUwNTZjZTQ3MGFmMDk4MTg1OWNkNCIsInRhZyI6IiJ9;;[Kegiatan Usaha: Jasa penambangan (Mining services), Kategori: B, KBLI: 09900];;;24/11/2025;UB;;;;invalid;;;FALSE;FALSE;TRUE;;;invalid;;;;;;multi prima universal kantor batu kajang;0;0;0;;;kideco mine;;9;multi prima universal kantor batu kajang kideco mine kbli09;99;0;0;0;Tidak Ditemukan;Kideco Mine;0;0;;;TARIK 02 FEB - 12.00 WITA;6401010011_0_0;;
53;94639996;PT Mitrabahtera Segara Sejati Tbk, Site Tanah Grogrot;Jl. Pangeran Menteri No. 149 Rt 0304 Tanah Grogot, Paser Kaltim;6401040004;64;1;40;4;KALIMANTAN TIMUR;PASER;TANAH GROGOT;TANAH GROGOT;eyJpdiI6IjI5eE1wejBlTWMrREJHaUFzYjRlS2c9PSIsInZhbHVlIjoiUncvV3RMajJ2TXZsWk56NWJUN1hVZz09IiwibWFjIjoiNmU2YTI0NGNkNGYwYzIwZjM0NjkzNDgxODZhMTViZGJlMGZiMGZjYTRjZGNkNDc2ZWZjNDIyOWYxOWEyMWVkZCIsInRhZyI6IiJ9;;[Kegiatan Usaha: Jasa Logistik dan Transportasi, Kategori: H, KBLI: -];;;15/12/2025;UB;;;;invalid;;;FALSE;FALSE;TRUE;;;invalid;;;;;;mitrabahtera segara sejati site tanah grogrot;0;0;0;;;jl pangeran menteri no 149 rt 0304 tanah grogot paser kaltim;;0;mitrabahtera segara sejati site tanah grogrot jl pangeran menteri no 149 rt 0304 tanah grogot paser kaltim kbli00;99;0;0;0;Tidak Ditemukan;Jl Pangeran Menteri No 149 Rt 0304 Tanah Grogot Paser Kaltim;3;4;;;TARIK 02 FEB - 12.00 WITA;6401040004_3_4;-1.90171;116.189459
55;94651468;PT. Superintending Company of Indonesia (Persero), Service Unit Tanah Grogot;TMCT Site Project, PT Kideco Jaya Agung, Jl. Senaken samping Gg.Teratai No. 1;6401040016;64;1;40;16;KALIMANTAN TIMUR;PASER;TANAH GROGOT;SENAKEN;eyJpdiI6IlNvdXZhRzN4OGE1OWFuVUxGeTU2Mnc9PSIsInZhbHVlIjoiMzJuNVpSNmpzdGxzaG43QnV1MHdxQT09IiwibWFjIjoiNmU3OWIxMjY3NTRmNjcyMjk5Nzk5OTVhY2M5YzQyNzE5N2EyYWFkZDM5NjgwZDUwNzE5MTcwODMxOTlmNWY5NCIsInRhZyI6IiJ9;;[Kegiatan Usaha: Jasa Inspeksi dan Audit : 1. Inspeksi produk batubara 2. Inspeksi produk konsumen 3...;;;15/12/2025;UB;;;;invalid;;;FALSE;FALSE;TRUE;;;invalid;;;;;;superintending company of indonesia persero service unit tanah grogot;0;0;0;;;tmct site project pt kideco jaya agung jl senaken samping gg teratai no 1;;0;superintending company of indonesia persero service unit tanah grogot tmct site project pt kideco jaya agung jl senaken samping gg teratai no 1 kbli00;99;0;0;0;Tidak Ditemukan;TMCT Site Project PT Kideco Jaya Agung Jl Senaken samping GgTeratai No 1;0;0;;;TARIK 02 FEB - 12.00 WITA;6401040016_0_0;;
56;94639527;PT Smart Multi Finance, Tanah Grogot;Jl. Pangeran Mentri Samping Gang 49;6401040004;64;1;40;4;KALIMANTAN TIMUR;PASER;TANAH GROGOT;TANAH GROGOT;eyJpdiI6IlRlWDJVUzBueEkycHpJcGhKTisxekE9PSIsInZhbHVlIjoiMCtzWmp3aklFeE4xVU9id2pwcG1udz09IiwibWFjIjoiZjU0MmRiY2I4ZmU5ZjYyZWM2YTNjMWNiMjY3ZDU4MmM0MTcxYTRiMzA3MThlOTU4N2ExODZjN2NmZDE0NTVkZCIsInRhZyI6IiJ9;;[Kegiatan Usaha: DANA TUNAI PEMBIAYAAN KENDARAAN, Kategori: K, KBLI: 64911];;;24/12/2025;UMKM;;;;invalid;;;FALSE;FALSE;TRUE;;;invalid;;;;;;smart multi finance tanah grogot;0;0;0;;;jl pangeran mentri samping gang 49;;64;smart multi finance tanah grogot jl pangeran mentri samping gang 49 kbli64;99;0;0;0;Tidak Ditemukan;Jl Pangeran Mentri Samping Gang 49;0;0;;;TARIK 02 FEB - 12.00 WITA;6401040004_0_0;;
63;97336939;NASYA MANDIRI ELEKTRIK, PT;JL RM NOTO SUNARDI;6401040004;64;1;40;4;KALIMANTAN TIMUR;PASER;TANAH GROGOT;TANAH GROGOT;eyJpdiI6IlBSY2ZTZ1FJQ2c2MlBJdEs0YlBxT3c9PSIsInZhbHVlIjoiWmVTUFk0NVd5WlNIMU9lWGtVVWpSUT09IiwibWFjIjoiNTU4MmM5NTYzMWJiYjhkZTQwNmY4NjIyMjBhNjQ2ZTE2NzRiMDg5OGJmNzIwOWI5ODlhODNmMzk4YmNjZDIxZiIsInRhZyI6IiJ9;;[Kegiatan Usaha: LISTRIK, Kategori: F, KBLI: 43211];;;26/10/2025;UMKM;;;;invalid;;;FALSE;FALSE;TRUE;;;invalid;;;;;;nasya mandiri elektrik;0;0;0;;;jl rm noto sunardi;;43;nasya mandiri elektrik jl rm noto sunardi kbli43;99;0;0;0;Tidak Ditemukan;JL RM NOTO SUNARDI;0;0;;;TARIK 02 FEB - 12.00 WITA;6401040004_0_0;;
70;97334098;ISI PT;JALAN NEGARA;6401010011;64;1;10;11;KALIMANTAN TIMUR;PASER;BATU SOPANG;BATU KAJANG;eyJpdiI6IkdkdVU5dE9nalltOGNWVlBJc0ttY1E9PSIsInZhbHVlIjoiQWFTTTB6bVppSVdjZFNBSUdwa1FkZz09IiwibWFjIjoiY2NjNGEzNDg5MDJhMmE4MTZlOGE4ZDlmZDc4YjU0Y2U0NmRjZGIyYzM5OTk5OGRkNDBkNDFhM2FlZmQ1NWJjYSIsInRhZyI6IiJ9;;[Kegiatan Usaha: -, Kategori: G, KBLI: 46599];;;24/11/2025;UMKM;;;;invalid;;;FALSE;FALSE;TRUE;;;invalid;;;;;;isi;0;0;0;;;jalan negara;;46;isi jalan negara kbli46;3;0;0;0;Tutup;JALAN NEGARA;0;0;;;TARIK 02 FEB - 12.00 WITA;6401010011_0_0;;
83;97335625;FANY SALON;KANDILO PLAZA;6401040004;64;1;40;4;KALIMANTAN TIMUR;PASER;TANAH GROGOT;TANAH GROGOT;eyJpdiI6InVPYzY5WThPVjRGU2pqM0NQQUtrSFE9PSIsInZhbHVlIjoiMWJzWnh5OGZXaWNjTzdtei8zRTV3dz09IiwibWFjIjoiYTE0MzI0NWQ5MTA3YWIwMzk0NDFmMDhhMWY5MjI2NjNkMTc1NzFiYzkzN2EyNjhlYWY3YjA2OGQ4ZGJkYmIyYiIsInRhZyI6IiJ9;;[Kegiatan Usaha: -, Kategori: S, KBLI: 96111];;;15/12/2025;UMKM;;;;invalid;;;FALSE;FALSE;TRUE;;;invalid;;;;;;fany salon;0;0;0;;;kandilo plaza;;96;fany salon kandilo plaza kbli96;99;0;1;0;Tidak Ditemukan;KANDILO PLAZA;0;0;;;TARIK 02 FEB - 12.00 WITA;6401040004_0_0;;
109;97335188;KOPERASI BINA ISLAM;JL AGUS SALIM;6401040004;64;1;40;4;KALIMANTAN TIMUR;PASER;TANAH GROGOT;TANAH GROGOT;eyJpdiI6Im85UUo0Vy9Eb25QcEZKWDZpSW1JSnc9PSIsInZhbHVlIjoiL0ozSUpNN3IyWEtBb25oSDUyMXRqdz09IiwibWFjIjoiYmVjNTk4MmUxZTkxNWM1MWQwYTU3OWU2OTU4YzdlOWYwNTZkNThiMzE3YjU2MTdiYTcyM2U4NWVhYmViMzhkNiIsInRhZyI6IiJ9;;;;;06/01/2025;UMKM;;;;invalid;;;FALSE;FALSE;TRUE;;;invalid;;;;;;bina islam;0;0;0;;;jl agus salim;;0;bina islam jl agus salim kbli00;3;0;1;0;Tutup Sementara;JL AGUS SALIM;0;0;;;TARIK 02 FEB - 12.00 WITA;6401040004_0_0;;
119;97338441;BERKAH SOLEHA, CV;JLTANJUNG RAYA;6401010011;64;1;10;11;KALIMANTAN TIMUR;PASER;BATU SOPANG;BATU KAJANG;eyJpdiI6IkdqV2RWcHUwWFZ5ZVRwS2V4SGw5MVE9PSIsInZhbHVlIjoiYjFQVFpTZC90L3dFajJRVmo5a2hTdz09IiwibWFjIjoiZDA4OTFkM2IzZDIyNjQ0MDY3MjUzZGM0Y2JhOWEzYTg2ZGE3OWM0NGEwNjdmODJmMmZjZDM0M2ZlMmYyNmQ2YSIsInRhZyI6IiJ9;;[Kegiatan Usaha: -, Kategori: F, KBLI: 41019];;;24/11/2025;UMKM;;;;invalid;;;FALSE;FALSE;TRUE;;;invalid;;;;;;berkah soleha;0;0;0;;;jltanjung raya;;41;berkah soleha jltanjung raya kbli41;99;0;1;0;Tidak Ditemukan;JLTANJUNG RAYA;0;0;;;TARIK 02 FEB - 12.00 WITA;6401010011_0_0;;
120;97336369;MUTIARA FINANCE PT;JL MODANG;6401040004;64;1;40;4;KALIMANTAN TIMUR;PASER;TANAH GROGOT;TANAH GROGOT;eyJpdiI6Ik1TbzlvSW9scUI0cGQ1TTN5UkRDTkE9PSIsInZhbHVlIjoiMjFpU1hNSFpQNGZpMHFQUE5CZGpQZz09IiwibWFjIjoiZTUwYThjYzRmYTdkNDE0YjA4MDdjNmMyYjQwMTNlODU3YTMxMjIzYzU2OTQ2ZDA0ZWJmZDgyODE2ZjQxYjA4MCIsInRhZyI6IiJ9;;[Kegiatan Usaha: -, Kategori: K, KBLI: 64911];;;15/12/2025;UMKM;;;;invalid;;;FALSE;FALSE;TRUE;;;invalid;;;;;;mutiara finance;0;0;0;;;jl modang;;64;mutiara finance jl modang kbli64;99;0;0;0;Tidak Ditemukan;JL MODANG;0;0;;;TARIK 02 FEB - 12.00 WITA;6401040004_0_0;;
123;97334658;BORNEO SURYA ABADI COAL MINNING PT;JALAN MODANG;6401040004;64;1;40;4;KALIMANTAN TIMUR;PASER;TANAH GROGOT;TANAH GROGOT;eyJpdiI6ImdOeHRiUWJ3eFQySHN5NkZ6K2RsN0E9PSIsInZhbHVlIjoiK09OaUphTzJLZXNTV3BEOU9ERzlHZz09IiwibWFjIjoiN2ZkOTU5Yjk5MzliNTMxYjcyMTYxM2VlMzYxMjQyNjdiNDJjMDMxZjMxZDBlY2FkMGRjZDY2NTk4ZTQwZGIwYSIsInRhZyI6IiJ9;;[Kegiatan Usaha: KONTRAKTOR PERTAMBANGAN, Kategori: B, KBLI: 05100];;;15/12/2025;UB;;;;invalid;;;FALSE;FALSE;TRUE;;;invalid;;;;;;borneo surya abadi coal minning;0;0;0;;;jalan modang;;5;borneo surya abadi coal minning jalan modang kbli05;3;0;0;0;Tutup;JALAN MODANG;0;0;;;TARIK 02 FEB - 12.00 WITA;6401040004_0_0;;
129;97334744;PT BONEHEMITALS;JL. KH AGUS SALIM NO 23;6401040004;64;1;40;4;KALIMANTAN TIMUR;PASER;TANAH GROGOT;TANAH GROGOT;eyJpdiI6IjMxTjBDV2gwbjA1dHBKaEErN09yUWc9PSIsInZhbHVlIjoiTTJFUVo2L01IbkVKTEdMa1ErOW42dz09IiwibWFjIjoiOWU1NmZkZGFiZmJiOTU0MmFlMDk2ZDBkNmQ3M2MyNTU4NTBjNDM3YTRmYmQ1ZGQxZmE0ZTIyOGQ2YjkyNmQ1NiIsInRhZyI6IiJ9;;[Kegiatan Usaha: BAHAN KIMIA, Kategori: G, KBLI: 47993];;;15/12/2025;UMKM;;;;invalid;;;FALSE;FALSE;TRUE;;;invalid;;;;;;bonehemitals;0;0;0;;;jl kh agus salim no 23;;47;bonehemitals jl kh agus salim no 23 kbli47;3;0;0;0;Tutup;JL KH AGUS SALIM NO 23;0;0;;;TARIK 02 FEB - 12.00 WITA;6401040004_0_0;;
132;97335080;MARANNU, CV;JL RM NOTO SUNARDI;6401040004;64;1;40;4;KALIMANTAN TIMUR;PASER;TANAH GROGOT;TANAH GROGOT;eyJpdiI6ImphK3cvcmxJZlYrc2FpbWFrbWF0OXc9PSIsInZhbHVlIjoiTnhhM1VxWGpuZ3F2R2dISDlReE53QT09IiwibWFjIjoiZTZjMDk3MmM1ZjU3NDdkNTY2MjIxMmQyMWJlZTM5MDRmMjMxZDRmY2UxNDBkYTUxMTBhMWY0Y2RkZjMxZTVkMSIsInRhZyI6IiJ9;;[Kegiatan Usaha: PEMBUATAN JALAN DAN JEMBATAN, Kategori: F, KBLI: 42102];;;15/12/2025;UMKM;;;;invalid;;;FALSE;FALSE;TRUE;;;invalid;;;;;;marannu;0;0;0;;;jl rm noto sunardi;;42;marannu jl rm noto sunardi kbli42;99;0;1;0;Tidak Ditemukan;JL RM NOTO SUNARDI;0;0;;;TARIK 02 FEB - 12.00 WITA;6401040004_0_0;;
136;97334570;NUGRAHA KARYA UTAMA, PT;JL JENDRAL SUDIRMAN NO 20-21;6401040004;64;1;40;4;KALIMANTAN TIMUR;PASER;TANAH GROGOT;TANAH GROGOT;eyJpdiI6Ilp2TEJZWjROVXJ5MWl4bFpQbXVsQlE9PSIsInZhbHVlIjoiVGE3SlNhc0ViZE5STk0wL0hoczdaUT09IiwibWFjIjoiOWYyOWJhOTFmMjI1OTQ0M2Y4ZDM4ODI4NmE1MmMzNWU3ODNkNjFmYjJhZjEzN2Y0MDRjOGNhNWJkMzA3NjMwMCIsInRhZyI6IiJ9;;[Kegiatan Usaha: KONSTRUKSI GEDUNG, Kategori: F, KBLI: 41012];;;15/12/2025;UMKM;;;;invalid;;;FALSE;FALSE;TRUE;;;invalid;;;;;;nugraha karya utama;0;0;0;;;jl jendral sudirman no 20 21;;41;nugraha karya utama jl jendral sudirman no 20 21 kbli41;99;0;0;0;Tidak Ditemukan;JL JENDRAL SUDIRMAN NO 2021;0;0;;;TARIK 02 FEB - 12.00 WITA;6401040004_0_0;;
137;97334533;TOKO DONI ROMANTIKA;KANDILO PLAZA;6401040004;64;1;40;4;KALIMANTAN TIMUR;PASER;TANAH GROGOT;TANAH GROGOT;eyJpdiI6IlE2VGh2YzAzWWlkeWlCV2tMMzdaNVE9PSIsInZhbHVlIjoic25aTkZHYlEyRlNFalBzMWtBbXF3UT09IiwibWFjIjoiMmI1NTYwMjFlYmQ1YTY2ZWQzMTY3ZDg1ZmEwNjNmMjUxM2QzYzg4NjgwNDhjNzk0NjVlYWZhZTZlN2RiN2ZmOSIsInRhZyI6IiJ9;;[Kegiatan Usaha: -, Kategori: G, KBLI: 47420];;;26/10/2025;UMKM;;;;invalid;;;FALSE;FALSE;TRUE;;;invalid;;;;;;doni romantika;0;0;0;;;kandilo plaza;;47;doni romantika kandilo plaza kbli47;3;0;1;0;Tutup;KANDILO PLAZA;0;0;;;TARIK 02 FEB - 12.00 WITA;6401040004_0_0;;
143;97334634;TOKO OPTIK MAMA SUKA;KANDILO PLAZA;6401040004;64;1;40;4;KALIMANTAN TIMUR;PASER;TANAH GROGOT;TANAH GROGOT;eyJpdiI6Ik1Fd2t6VUNxaGZPdVRWbjkzRVBYMmc9PSIsInZhbHVlIjoiUTBKVi8ycDNJRzBRQVdaeThpekZQUT09IiwibWFjIjoiOGQ1MzBkYTFjZmJjMjQzZjI5NjE2NTViYWVkOWNlM2UxNWExMzYxNjBlZjQ4MTdmZGI0Zjg4NDM5ZWRlMzJkZiIsInRhZyI6IiJ9;;[Kegiatan Usaha: -, Kategori: G, KBLI: 47732];;;31/01/2025;UMKM;;;;invalid;;;FALSE;FALSE;TRUE;;;invalid;;;;;;optik mama suka;0;0;0;;;kandilo plaza;;47;optik mama suka kandilo plaza kbli47;99;0;0;0;Tidak Ditemukan;KANDILO PLAZA;0;0;;;TARIK 02 FEB - 12.00 WITA;6401040004_0_0;;
147;97336803;HOTEL NOR ASRI;JL LAMBUNG MANGKURAT NO 03;6401040004;64;1;40;4;KALIMANTAN TIMUR;PASER;TANAH GROGOT;TANAH GROGOT;eyJpdiI6ImdFVS9EM29sT1E0VDhkNGJpK2NLdWc9PSIsInZhbHVlIjoiTmZiTlJCTmRuc1AwRUVJTUNEbXZkUT09IiwibWFjIjoiMDg1MTQ0Yzk0Y2Q3ZTNkMGE0MGJmYmE0NzBiYzg0MWY5Y2E5MzkyNGYwNTBmMGQzMTlhNjdhODA0ZjNkMGQzMyIsInRhZyI6IiJ9;;[Kegiatan Usaha: -, Kategori: I, KBLI: 55120];;;14/05/2025;UMKM;;;;invalid;;;FALSE;FALSE;TRUE;;;invalid;;;;;;hotel nor asri;0;0;0;;;jl lambung mangkurat no 03;;55;hotel nor asri jl lambung mangkurat no 03 kbli55;3;0;1;0;Tutup;JL LAMBUNG MANGKURAT NO 03;0;0;;;TARIK 02 FEB - 12.00 WITA;6401040004_0_0;;
153;97341909;BANK DANAMON, PT;DESA PAIT;6401060004;64;1;60;4;KALIMANTAN TIMUR;PASER;LONG IKIS;PAIT;eyJpdiI6IkxTeGs2M0ZHSmlGcTBoU3FtanNHL3c9PSIsInZhbHVlIjoiY2pDaVE3aVV2L1IyRWZaVXFtY1U2QT09IiwibWFjIjoiYjI0YWViMzE5NTNlMWQyZmZkNzg3ZDFmM2JmNjUxYTVmM2U3MWVmMTRkZTg1MzUxYWFlOTA2N2U0OTcyMTA0MCIsInRhZyI6IiJ9;;[Kegiatan Usaha: -, Kategori: K, KBLI: 64121];;;26/10/2025;UMKM;;;;invalid;;;FALSE;FALSE;TRUE;;;invalid;;;;;;bank danamon;0;0;0;;;desa pait;;64;bank danamon desa pait kbli64;3;0;0;0;Tutup;DESA PAIT;0;0;;;TARIK 02 FEB - 12.00 WITA;6401060004_0_0;;
154;97341846;RERMODALAN NASIONAL MADANI PT;JL PROVINSI KM 85;6401060004;64;1;60;4;KALIMANTAN TIMUR;PASER;LONG IKIS;PAIT;eyJpdiI6IlBHeWY2ZUEwWGxoWTZ0bWJWZzhGQlE9PSIsInZhbHVlIjoiMzNOeWVrM0RYUktld3orb2kvQ3o5dz09IiwibWFjIjoiNjk2OGJiYWVkNzUzMWQxYmUxYWIzOTgxYjc5NjYwNGRlYTFiMzE2MzE0YzM2ZjFhMjYxM2EwZjRhNDBkYzQ5YiIsInRhZyI6IiJ9;;[Kegiatan Usaha: -, Kategori: K, KBLI: 64941];;;01/11/2025;UMKM;;;;invalid;;;FALSE;FALSE;TRUE;;;invalid;;;;;;rermodalan nasional madani;0;0;0;;;jl provinsi km 85;;64;rermodalan nasional madani jl provinsi km 85 kbli64;99;0;0;0;Tidak Ditemukan;JL PROVINSI KM 85;0;0;;;TARIK 02 FEB - 12.00 WITA;6401060004_0_0;;
156;97336809;AFI KARAOKE;JLN NOTO SUNARDI;6401040004;64;1;40;4;KALIMANTAN TIMUR;PASER;TANAH GROGOT;TANAH GROGOT;eyJpdiI6IjFEQU9tdThkNTRFVjlOTUhWRE1WOVE9PSIsInZhbHVlIjoic3B3dUdSZHBoa2cyb1Q0aGtLeE5BQT09IiwibWFjIjoiYWUxODQwYjI0ZDk5M2JlMDdiYzZjYzc0ZGY5NGQ1YTNhOTU5NjNhNmNiNGNkZmQzYzcxNjhkNzJlOGY4ZTUxNiIsInRhZyI6IiJ9;;[Kegiatan Usaha: -, Kategori: R, KBLI: 93292];;;31/01/2025;UMKM;;;;invalid;;;FALSE;FALSE;TRUE;;;invalid;;;;;;afi karaoke;0;0;0;;;jln noto sunardi;;93;afi karaoke jln noto sunardi kbli93;3;0;1;0;Tutup;JLN NOTO SUNARDI;0;0;;;TARIK 02 FEB - 12.00 WITA;6401040004_0_0;;
157;97341843;COLUMBOS PT (OUTLET);JL PROVINSI KM 85;6401060004;64;1;60;4;KALIMANTAN TIMUR;PASER;LONG IKIS;PAIT;eyJpdiI6ImdMaTVGb2cvVkZLR3BiSWlrVXdBa0E9PSIsInZhbHVlIjoiNW9Ga3RUSDcrWEg5YlRhUmFFSW9Idz09IiwibWFjIjoiYWM1ZDViZjU1YjdlZjExMDgyNGJjNDUxMWI3MzdjZDA4ODcxZjU5ZTYxZDc4Y2UxNjM2YTBkMzc5Yjk4ZTA3OSIsInRhZyI6IiJ9;;[Kegiatan Usaha: -, Kategori: G, KBLI: 47591];;;21/12/2025;UMKM;;;;invalid;;;FALSE;FALSE;TRUE;;;invalid;;;;;;columbos outlet;0;0;0;;;jl provinsi km 85;;47;columbos outlet jl provinsi km 85 kbli47;99;0;0;0;Tidak Ditemukan;JL PROVINSI KM 85;0;0;;;TARIK 02 FEB - 12.00 WITA;6401060004_0_0;;
159;97341860;KLINIK ZAHRA MEDIKA;Jl. PERkuin km. 1,5 sawit jaya, rt. 03, long ikis, Paser;6401060004;64;1;60;4;KALIMANTAN TIMUR;PASER;LONG IKIS;PAIT;eyJpdiI6IkdVa3VqY3pMMHVaTURtQTdINWJJVVE9PSIsInZhbHVlIjoiWGZIS1llMVVFdHllaDFzWXZyb2F3Zz09IiwibWFjIjoiMzFiNDEyNTZhMjJiOTRiMWFmMzc3ODdjNWJhZjcwN2NiNWU3Yzc2N2Q0MGQ1NWY5NzRiNjY2NzY1OWE5ZGJiOSIsInRhZyI6IiJ9;;[Kegiatan Usaha: KLINIK SWASTA, Kategori: Q, KBLI: 86104];;;26/10/2025;UMKM;;;;invalid;;;FALSE;FALSE;TRUE;;;invalid;;;;-1.6038905;116.1680653;klinik zahra medika;0;0;0;;;jl perkuin km 1 5 sawit jaya rt 03 long ikis paser;;86;klinik zahra medika jl perkuin km 1 5 sawit jaya rt 03 long ikis paser kbli86;1;0;1;0;Aktif;Jl PERkuin km 15 sawit jaya rt 03 long ikis Paser;3;0;;;TARIK 02 FEB - 12.00 WITA;6401060004_3_0;-1.6026;116.168549
171;97341179;TOKO SEMBAKO <SALEH>;JL. AHMAD YANI RT 014 RW 006;6401040004;64;1;40;4;KALIMANTAN TIMUR;PASER;TANAH GROGOT;TANAH GROGOT;eyJpdiI6IktOYXpUeHRwQ1VCR1d6Y0hnRWptaWc9PSIsInZhbHVlIjoibWw5YVdxd0l0S25rVmJOODg2WjZzUT09IiwibWFjIjoiYTNjMTZhYTAyMmQxN2JjZDE1NDRlNzBjZGNjMjc4ZjQ1YTdjZDM3NGI1Y2JkYmIzYTVmZmI3NmZlZmZkMWRhOSIsInRhZyI6IiJ9;;[Kegiatan Usaha: MENJUAL SEMBAKO DIRUMAH, Kategori: G, KBLI: 47112];;;26/10/2025;UMKM;;;;invalid;;;FALSE;FALSE;TRUE;;;invalid;;;;;;sembako saleh;0;0;0;;;jl ahmad yani rt 014 rw 006;;47;sembako saleh jl ahmad yani rt 014 rw 006 kbli47;1;0;1;1;Aktif;JL AHMAD YANI RT 014 RW 006;14;6;;;TARIK 02 FEB - 12.00 WITA;6401040004_14_6;-1.90355;116.198665
176;97340686;KOPERASI LKMS ARTHA KARYA TAKA;BATU KAJANG;6401010011;64;1;10;11;KALIMANTAN TIMUR;PASER;BATU SOPANG;BATU KAJANG;eyJpdiI6IkdRcWlXWEM5N0VwcDRZQ2FWWjMwU3c9PSIsInZhbHVlIjoiRENSQnUzRDRHT0hidG5ZKzJWRG1UUT09IiwibWFjIjoiOGQ0MTRiN2JiYzM0YzU4YzdmZWY2MzBjZmJjMmZkOWI5NjMxMDc0MmVjYWFjZDAwNTljZDRkNjliMWNjYjMyNSIsInRhZyI6IiJ9;;[Kegiatan Usaha: USAHA SIMPAN PINJAM, Kategori: K, KBLI: 64145];;;24/11/2025;UMKM;;;;invalid;;;FALSE;FALSE;TRUE;;;invalid;;;;;;lkms artha karya taka;0;0;0;;;batu kajang;;64;lkms artha karya taka batu kajang kbli64;3;0;1;0;Tutup Sementara;BATU KAJANG;0;0;;;TARIK 02 FEB - 12.00 WITA;6401010011_0_0;;
178;97341964;KOPERASI REJEKI MANDIRI JAYA;JALAN TAJUR;6401060004;64;1;60;4;KALIMANTAN TIMUR;PASER;LONG IKIS;PAIT;eyJpdiI6Ii9MVjNDTTJNQUdZdDBoYTdZL09ja0E9PSIsInZhbHVlIjoic1hQSklrOXRsWTczQ1VCNnlxV3RoUT09IiwibWFjIjoiZDFiNTA1OTFjNGVjNTIyMmQzMjRmNTc4OTMyZGU2NzBlZWVlODBkMTBhYzA1OGJhYmYwMzE1NmI1MThjNDNlMSIsInRhZyI6IiJ9;;[Kegiatan Usaha: -, Kategori: K, KBLI: 64141];;;01/11/2025;UMKM;;;;invalid;;;FALSE;FALSE;TRUE;;;invalid;;;;;;rejeki mandiri jaya;0;0;0;;;jalan tajur;;64;rejeki mandiri jaya jalan tajur kbli64;99;0;1;0;Tidak Ditemukan;JALAN TAJUR;0;0;;;TARIK 02 FEB - 12.00 WITA;6401060004_0_0;;
179;97341176;PT. PENASCOP MARITIM INDO;JALAN AHMAD YANI;6401040004;64;1;40;4;KALIMANTAN TIMUR;PASER;TANAH GROGOT;TANAH GROGOT;eyJpdiI6IkdvLzZXRGEyUVpVcW5RT3JscFJreVE9PSIsInZhbHVlIjoiSGpEVldJNzlBSHdBOWNiUlcyMW85Zz09IiwibWFjIjoiMTJhZmE5NDg5OGU5MWUzMDg0YjIyZDM3MWMzYzc3ZjJkNzBmOWIwZGVhODQ2NTVhZDQ2NGIwNzRhMjA4MTE2MSIsInRhZyI6IiJ9;;[Kegiatan Usaha: JASA KEAGENAN KAPAL, Kategori: H, KBLI: 52293];;;07/02/2025;UMKM;;;;invalid;;;FALSE;FALSE;TRUE;;;invalid;;;;;;penascop maritim indo;0;0;0;;;jalan ahmad yani;;52;penascop maritim indo jalan ahmad yani kbli52;3;0;0;0;Tutup;JALAN AHMAD YANI;0;0;;;TARIK 02 FEB - 12.00 WITA;6401040004_0_0;;
180;97341177;PT. PULAU SEROJA JAYA;JALAN AHMAD YANI;6401040004;64;1;40;4;KALIMANTAN TIMUR;PASER;TANAH GROGOT;TANAH GROGOT;eyJpdiI6InBzbG5UQU5FVmlGdXd2Nmx6ZFVqV2c9PSIsInZhbHVlIjoiclVFSkN1VFlGR2lLMFRRa1FxTC9EQT09IiwibWFjIjoiOGJhYTEzODUwOGZmZmYwYmRjZDZmZDNiYzA2MTBiOTg0YWJlMzMxMTkxYTAxZjg5N2E3ODRkNGZhOTU1NTNhNyIsInRhZyI6IiJ9;;[Kegiatan Usaha: TRANSPORTASI PERKAPALAN, Kategori: H, KBLI: 50133];;;24/12/2025;UMKM;;;;invalid;;;FALSE;FALSE;TRUE;;;invalid;;;;;;pulau seroja jaya;0;0;0;;;jalan ahmad yani;;50;pulau seroja jaya jalan ahmad yani kbli50;99;0;0;0;Tidak Ditemukan;JALAN AHMAD YANI;0;0;;;TARIK 02 FEB - 12.00 WITA;6401040004_0_0;;
181;97341178;PT. KERTA GAYA PUSAKA;JALAN AHMAD YANI;6401040004;64;1;40;4;KALIMANTAN TIMUR;PASER;TANAH GROGOT;TANAH GROGOT;eyJpdiI6IkdXQzEwdGx5bWJOZFVKQlRBZW9DY2c9PSIsInZhbHVlIjoidDRUd1RnRDNPZHhPZDd2L1gvZlNkQT09IiwibWFjIjoiODhjMzRlY2RiMWJiMzExOWZjN2NiMjZkMWQ0ZjM3NDY0ZDc1OTcyMDY0YzViOTdlZDE4MzMzZjA3ZTZlM2YyYyIsInRhZyI6IiJ9;;[Kegiatan Usaha: -, Kategori: H, KBLI: 53201];;;15/12/2025;UMKM;;;;invalid;;;FALSE;FALSE;TRUE;;;invalid;;;;;;kerta gaya pusaka;0;0;0;;;jalan ahmad yani;;53;kerta gaya pusaka jalan ahmad yani kbli53;99;0;0;0;Tidak Ditemukan;JALAN AHMAD YANI;0;0;;;TARIK 02 FEB - 12.00 WITA;6401040004_0_0;;
182;97341227;PT. JIWASRAYA;JALAN KAPTEN PIERE TENDEAN;6401040004;64;1;40;4;KALIMANTAN TIMUR;PASER;TANAH GROGOT;TANAH GROGOT;eyJpdiI6IlpQaHBtRVJMUzNDZkh3RDRxTm9uYnc9PSIsInZhbHVlIjoic2hYaHE5Y0ZTWlFjVHliUHBCYld0QT09IiwibWFjIjoiNzcxOGU1Yjg2NmYyYjUxYTIxOWI0N2FiMjU5MzNhMzgyNDRjODM0MTkzZTk0MjM4ZDg0ODViODU1MWY1NzRiNyIsInRhZyI6IiJ9;;[Kegiatan Usaha: -, Kategori: K, KBLI: 65111];;;23/05/2025;UMKM;;;;invalid;;;FALSE;FALSE;TRUE;;;invalid;;;;;;jiwasraya;0;0;0;;;jalan kapten piere tendean;;65;jiwasraya jalan kapten piere tendean kbli65;3;0;0;0;Tutup;JALAN KAPTEN PIERE TENDEAN;0;0;;;TARIK 02 FEB - 12.00 WITA;6401040004_0_0;;
188;97341214;HASGO INDONESIA, PT;JALAN PIERE TENDEAN;6401040004;64;1;40;4;KALIMANTAN TIMUR;PASER;TANAH GROGOT;TANAH GROGOT;eyJpdiI6IjdnTWtTbm5aSU9jbjZOMkxnbGh1UkE9PSIsInZhbHVlIjoiR0lZSFhScjNrVHQ0UHNXN1hITFN6QT09IiwibWFjIjoiMTcwM2E0MGNmZmE5YjU2YmE5NTcwNjYyY2Q0ODQ0OTQwMDA4NzBkYWNjZWYwMWRhMmFkMDNjM2NlNjYxOTc0NiIsInRhZyI6IiJ9;;[Kegiatan Usaha: PENYEWAAN ALAT KONTRAKTOR, Kategori: N, KBLI: 77393];;;24/12/2025;UMKM;;;;invalid;;;FALSE;FALSE;TRUE;;;invalid;;;;;;hasgo indonesia;0;0;0;;;jalan piere tendean;;77;hasgo indonesia jalan piere tendean kbli77;99;0;0;0;Tidak Ditemukan;JALAN PIERE TENDEAN;0;0;;;TARIK 02 FEB - 12.00 WITA;6401040004_0_0;;
194;97341175;PT.HARBERS MANDIRI TRAVEL;JALAN AHMAD YANI;6401040004;64;1;40;4;KALIMANTAN TIMUR;PASER;TANAH GROGOT;TANAH GROGOT;eyJpdiI6IlhYSCtnVkxnWm9qR0swQlhvd2FQc2c9PSIsInZhbHVlIjoiejlNMkhtbFoxdkZTTXJHNlF3RUZTQT09IiwibWFjIjoiZTkwZWZjNTRiNjMzOTRlZmQyMjI2MTc3ZTBiMDg4MTA5ZDY1ZDE0NWQwZjkxMzhmMTVkYjM3NDdiNDQyYjBhYiIsInRhZyI6IiJ9;;[Kegiatan Usaha: PENJUALAN TIKET PESAWAT, Kategori: N, KBLI: 79112];;;15/12/2025;UMKM;;;;invalid;;;FALSE;FALSE;TRUE;;;invalid;;;;;;harbers mandiri travel;0;0;0;;;jalan ahmad yani;;79;harbers mandiri travel jalan ahmad yani kbli79;3;0;0;0;Tutup;JALAN AHMAD YANI;0;0;;;TARIK 02 FEB - 12.00 WITA;6401040004_0_0;;
212;97341319;KANTOR PERUMNAS CABANG KALTIM;JALAN AHMAD YANI NO 108;6401040004;64;1;40;4;KALIMANTAN TIMUR;PASER;TANAH GROGOT;TANAH GROGOT;eyJpdiI6Inl2SjlzdXFVaTIveEZGcUxEa0dZZWc9PSIsInZhbHVlIjoiNUJ3QzBsN3RzT09RaVFTTzM4L1hWUT09IiwibWFjIjoiMmUwM2Y5NWEyY2QwOWIxNzlhZDNkMzA5ZDA0ZTNkZTM0YzlkYmVlZmY0ZjQ2NGQ2NGQ3OGJlMjI3OWYwYjQ1MSIsInRhZyI6IiJ9;;[Kegiatan Usaha: PENGEMBANGAN/DEVELOVER, Kategori: L, KBLI: 68111];;;21/05/2025;UMKM;;;;invalid;;;FALSE;FALSE;TRUE;;;invalid;;;;;;kantor perumnas kaltim;0;0;0;;;jalan ahmad yani no 108;;68;kantor perumnas kaltim jalan ahmad yani no 108 kbli68;99;0;1;0;Tidak Ditemukan;JALAN AHMAD YANI NO 108;0;0;;;TARIK 02 FEB - 12.00 WITA;6401040004_0_0;;
213;97341320;PT IOL INDONESIA;JALAN RAYA RUPIAH;6401040004;64;1;40;4;KALIMANTAN TIMUR;PASER;TANAH GROGOT;TANAH GROGOT;eyJpdiI6IngxNTJuRTRQcmVKVFlqNnd2aVRsOVE9PSIsInZhbHVlIjoiMEJUSCtWMDdWeG8yeTB2bHE0d0RRdz09IiwibWFjIjoiYWQ3YzA3N2M2NGYyMzNhMDQwM2RkYmY0NjljOTBjMzU2OTBkYTE3MTJmMWI3YWNjNmU3NTlhODQ3MjMwN2I4YyIsInRhZyI6IiJ9;;[Kegiatan Usaha: JASA ANALISIS BATU BARA, Kategori: M, KBLI: 71202];;;31/01/2025;UMKM;;;;invalid;;;FALSE;FALSE;TRUE;;;invalid;;;;;;iol indonesia;0;0;0;;;jalan raya rupiah;;71;iol indonesia jalan raya rupiah kbli71;3;0;0;0;Tutup;JALAN RAYA RUPIAH;0;0;;;TARIK 02 FEB - 12.00 WITA;6401040004_0_0;;
225;97341255;RM PECEL MADIUN (HASANUDIN);JALAN RA KARTINI;6401040004;64;1;40;4;KALIMANTAN TIMUR;PASER;TANAH GROGOT;TANAH GROGOT;eyJpdiI6InU3MEU2UnFoZTBQNU00bGo1bmxCZ1E9PSIsInZhbHVlIjoiZ09UNGlSOUNrWVRKNHE0SHRCanpKdz09IiwibWFjIjoiYWZlZDQ0OGE5NzExOGY4ZmZhZDM1MTcxY2FiODY3MjU4YjE4NmEzZWExNDdhN2E2NzdkZjJkNWY4NmM2YjdhZCIsInRhZyI6IiJ9;;[Kegiatan Usaha: -, Kategori: I, KBLI: 56102];;;05/02/2025;UMKM;;;;invalid;;;FALSE;FALSE;TRUE;;;invalid;;;;;;rm pecel madiun hasanudin;0;0;0;;;jalan ra kartini;;56;rm pecel madiun hasanudin jalan ra kartini kbli56;3;0;1;0;Tutup;JALAN RA KARTINI;0;0;;;TARIK 02 FEB - 12.00 WITA;6401040004_0_0;;
227;97341264;TOKO PANCA MULYA;JL RA KARTINI;6401040004;64;1;40;4;KALIMANTAN TIMUR;PASER;TANAH GROGOT;TANAH GROGOT;eyJpdiI6InJDaS9ySUcxSlNXaXZaZWxnaGFvOXc9PSIsInZhbHVlIjoid2xsTXV6S0JuQkpIc2tjKzhXeGdqZz09IiwibWFjIjoiNjFiMTJhNjdmNDJmZmRiM2ZkNjQxNjM0MDA4YTQwZTk4OWFkYWIzOWUyNjQ2ZjIyMTg0MDRjZTY4ODk3N2FkOSIsInRhZyI6IiJ9;;"[Kegiatan Usaha: -, Kategori: G, KBLI: 47791]; [Kegiatan Usaha: Dagang/Perdagangan - Mesin dompeng d...";;;31/01/2025;UMKM;;-1.9107419;116.1972447;valid;;;FALSE;FALSE;TRUE;;;invalid;;;;;;panca mulya;0;0;0;;;jl ra kartini;;47;panca mulya jl ra kartini kbli47;3;0;1;0;Tutup;JL RA KARTINI;0;0;;;TARIK 02 FEB - 12.00 WITA;6401040004_0_0;;
246;97341493;PEDAGANG BERAS <SAMSUL>;KOMPLEK PASAR PENAMPUNGAN SENAKEN;6401040016;64;1;40;16;KALIMANTAN TIMUR;PASER;TANAH GROGOT;SENAKEN;eyJpdiI6Ik9TRVcxNFZ0dnhnWG5QMm83NEl1Mmc9PSIsInZhbHVlIjoiblhTaGVHdXBnRHQ4VkhjcE1Kc08xQT09IiwibWFjIjoiMDk1MGE0MjQ0OTFkMDM0YzUzNzA1OTQ0ZTM2NjdjYjQ4Yzg5ZjNlM2IyN2MzMjBjOTFhOThmZTNkZGI2ZTM2ZiIsInRhZyI6IiJ9;;[Kegiatan Usaha: PEDAGANG BERAS (SAMSUL), Kategori: G, KBLI: 46311];;;15/12/2025;UMKM;;;;invalid;;;FALSE;FALSE;TRUE;;;invalid;;;;;;pedagang beras samsul;0;0;0;;;komplek pasar penampungan senaken;;46;pedagang beras samsul komplek pasar penampungan senaken kbli46;3;0;1;1;Tutup;KOMPLEK PASAR PENAMPUNGAN SENAKEN;0;0;;1;TARIK 02 FEB - 12.00 WITA;6401040016_0_0;;
247;97341474;PEDAGANG SAYURAN <SLAMET>;PASAR INDUK SENAKEN;6401040016;64;1;40;16;KALIMANTAN TIMUR;PASER;TANAH GROGOT;SENAKEN;eyJpdiI6InlPcFV0eEdabS9oZG8wdG5KNUttdHc9PSIsInZhbHVlIjoiQTN6aERLYjdBQ3hNOENINEs0R3BQUT09IiwibWFjIjoiOTllMzk3ZDU3NTRiZTMxOTdjOTJmNjlkMTVkYWIwN2Y1NzAyZTQwZGJkYmNiMjA2ZjllYWU1NjZlNzRkYmFiMiIsInRhZyI6IiJ9;;[Kegiatan Usaha: PEDAGANG SAYURAN, Kategori: G, KBLI: 46313];;;15/12/2025;UMKM;;;;invalid;;;FALSE;FALSE;TRUE;;;invalid;;;;;;pedagang sayuran slamet;0;0;0;;;pasar induk senaken;;46;pedagang sayuran slamet pasar induk senaken kbli46;3;0;1;1;Tutup;PASAR INDUK SENAKEN;0;0;;1;TARIK 02 FEB - 12.00 WITA;6401040016_0_0;;
263;97341531;PUTRA MURU PERKASA, PT;JL. JEND A YANI;6401050002;64;1;50;2;KALIMANTAN TIMUR;PASER;KUARO;KUARO;eyJpdiI6IlpjZk4wQTl1OXhvNFpWYnAwTXpKQ3c9PSIsInZhbHVlIjoiZTVoSzFNN3ZhYjcwdjYrd3RXM0NWUT09IiwibWFjIjoiYmFkNzc2YjhlNDczNWZlYmNlODdmMTY0MzkzMThiMWQ5N2FjNWEyMzkwODVjMDZlYTgyMmFhMzg5NDVlOWQ0ZCIsInRhZyI6IiJ9;;[Kegiatan Usaha: KONSTRUKSI GEDUNG, Kategori: F, KBLI: 41011];;;02/05/2025;UMKM;;-1.901265;116.201248;valid;;;FALSE;FALSE;TRUE;;;invalid;;;;;;putra muru perkasa;0;0;0;;;jl jend a yani;;41;putra muru perkasa jl jend a yani kbli41;3;0;0;0;Tutup;JL JEND A YANI;0;0;;;TARIK 02 FEB - 12.00 WITA;6401050002_0_0;;
264;97341532;RIE PUTRA BINTANG, PT;JL. LET.JEND. SUPRAPTO;6401050002;64;1;50;2;KALIMANTAN TIMUR;PASER;KUARO;KUARO;eyJpdiI6Ik83UWg5aWEwYURpUnJJSjNNd1VabUE9PSIsInZhbHVlIjoiQXU5b05RZVpyTE81QXBQSXBFbHUvQT09IiwibWFjIjoiNjAwOGY1MjlkYmJmZDU2OTVlMjk2OTcyZTFmN2M4ODE2Njk2ZThhMWNiMDc3NTAzYzdmYmNkMmQ3NGVhOTQ3NyIsInRhZyI6IiJ9;;[Kegiatan Usaha: KONTRUKSI, Kategori: F, KBLI: 41019];;;26/10/2025;UMKM;;;;invalid;;;FALSE;FALSE;TRUE;;;invalid;;;;;;rie putra bintang;0;0;0;;;jl let jend suprapto;;41;rie putra bintang jl let jend suprapto kbli41;3;0;0;0;Tutup;JL LETJEND SUPRAPTO;0;0;;;TARIK 02 FEB - 12.00 WITA;6401050002_0_0;;
267;97341534;ANUGRAH BORNEO, CV <DISTRIBUTORR COCA-COLA>;JL JENDRAL SUDIRMAN RT 12 NO 12;6401050002;64;1;50;2;KALIMANTAN TIMUR;PASER;KUARO;KUARO;eyJpdiI6IkYwZXFrT0ZXazNyVFdib2MxeHpWWXc9PSIsInZhbHVlIjoicEJINndYMFlKSUZjN1BYYXdvdjlkdz09IiwibWFjIjoiZDJhYjQxZTU3NDcxZTllNmY2NTQxZmQ1YzhiNTgwNzk0OGQ4Y2Y5ZGM0OWU5ZGZlMmZhOWMyYThlYzk5YzM0ZSIsInRhZyI6IiJ9;;[Kegiatan Usaha: -, Kategori: G, KBLI: 46334];;;31/01/2025;UMKM;;;;invalid;;;FALSE;FALSE;TRUE;;;invalid;;;;-1.8452107;116.0836471;anugrah borneo distributorr coca cola;0;0;0;;;jl jendral sudirman rt 12 no 12;;46;anugrah borneo distributorr coca cola jl jendral sudirman rt 12 no 12 kbli46;1;0;1;1;Aktif;JL JENDRAL SUDIRMAN RT 12 NO 12;12;0;;;TARIK 02 FEB - 12.00 WITA;6401050002_12_0;-1.83835;116.07923
271;97341654;WARUNG SEMBAKO DAN GAS ELPIJI;JL AHMAD YANI;6401050002;64;1;50;2;KALIMANTAN TIMUR;PASER;KUARO;KUARO;eyJpdiI6Ik83bkZ1MlpSSGxYZStvbWVFSitCZ0E9PSIsInZhbHVlIjoidFAzT2M3YitLcmVYSkE1bUtUV1dsQT09IiwibWFjIjoiNmY2ZjhkNWJmY2RlMzllZWUzNjk3YjBkYzdjNTllNjY4ODQxYzk0Y2NiOTIyYTVjMGZmZWFkYWYwNzM5NmNhNCIsInRhZyI6IiJ9;;[Kegiatan Usaha: -, Kategori: G, KBLI: 47112];;;26/10/2025;UMKM;;;;invalid;;;FALSE;FALSE;TRUE;;;invalid;;;;;;sembako dan gas elpiji;0;0;0;;;jl ahmad yani;;47;sembako dan gas elpiji jl ahmad yani kbli47;99;0;1;0;Tidak Ditemukan;JL AHMAD YANI;0;0;;;TARIK 02 FEB - 12.00 WITA;6401050002_0_0;;
272;97341655;MENJUAL PRODUK KOSMETIK BIOSPRAY;JL YOS SUDARSO;6401050002;64;1;50;2;KALIMANTAN TIMUR;PASER;KUARO;KUARO;eyJpdiI6InFDS1E4c2RlcFZ3S3QrNmp1MjQzeGc9PSIsInZhbHVlIjoiM3RXeWdOd1JKb2lFRzU2RWdNR0FIQT09IiwibWFjIjoiNDcyNTJiY2QxMzk5MzNlNDhjZGQzZDI1NzA0YmU3YjZmMWZlNGRjYTAzZjk2MDk4MmU0ZGM3ZTgyZWYzMWY3MCIsInRhZyI6IiJ9;;[Kegiatan Usaha: -, Kategori: G, KBLI: 47724];;;26/10/2025;UMKM;;;;invalid;;;FALSE;FALSE;TRUE;;;invalid;;;;;;menjual produk kosmetik biospray;0;0;0;;;jl yos sudarso;;47;menjual produk kosmetik biospray jl yos sudarso kbli47;99;0;1;0;Tidak Ditemukan;JL YOS SUDARSO;0;0;;;TARIK 02 FEB - 12.00 WITA;6401050002_0_0;;
279;97341728;PRAKTEK BIDAN;JL JEND A. YANI;6401050002;64;1;50;2;KALIMANTAN TIMUR;PASER;KUARO;KUARO;eyJpdiI6Ik40SDlUTkNMUE44KzFDRWs2VVovM1E9PSIsInZhbHVlIjoiaTVNc055VWpSUW0wV1BEYzk0UTNTZz09IiwibWFjIjoiOTVkYWZkNWQxNDdhNTEyYmU4NjY1NzA3N2QxNDFiNTg0ZjFlMmEzMjUyNmE0YWZiMGFlMmFmYzMxNTk3MTA0ZSIsInRhZyI6IiJ9;;[Kegiatan Usaha: -, Kategori: Q, KBLI: 86901];;;26/10/2025;UMKM;;;;invalid;;;FALSE;FALSE;TRUE;;;invalid;;;;;;praktek bidan;0;0;0;;;jl jend a yani;;86;praktek bidan jl jend a yani kbli86;99;0;1;0;Tidak Ditemukan;JL JEND A YANI;0;0;;;TARIK 02 FEB - 12.00 WITA;6401050002_0_0;;
280;97341662;TOKO SINAR BARU;PASAR KUARO;6401050002;64;1;50;2;KALIMANTAN TIMUR;PASER;KUARO;KUARO;eyJpdiI6Ik1uQnJ1UGh0RVRMdDZuVEdRaUpUWXc9PSIsInZhbHVlIjoiOHFGTUtKenBpVlhWS0EvK0FQekFwZz09IiwibWFjIjoiZjY1ZjgzOTQ0MWNhN2UzZDc2ZTRiNGRlYjE2MDg4MDE5MDQ0MzgxMTliMTE0MDk5OGI5OGZlODEzNjNjZjgyNiIsInRhZyI6IiJ9;;[Kegiatan Usaha: -, Kategori: G, KBLI: 47112];;;26/10/2025;UMKM;;;;invalid;;;FALSE;FALSE;TRUE;;;invalid;;;;;;sinar baru;0;0;0;;;pasar kuaro;;47;sinar baru pasar kuaro kbli47;99;0;1;0;Tidak Ditemukan;PASAR KUARO;0;0;;1;TARIK 02 FEB - 12.00 WITA;6401050002_0_0;;
283;97341651;NYAMTAMA CV;JALAN JENDERAL SUDIRMAN;6401050002;64;1;50;2;KALIMANTAN TIMUR;PASER;KUARO;KUARO;eyJpdiI6Ikc1VUw2U2xZMnRERXQ3QTZ6cVR6VVE9PSIsInZhbHVlIjoiWFR6bzFjOTdtend4SUYrR08vOUE4UT09IiwibWFjIjoiYzljYzM4NmUzMzc2Y2JiNWMyMDBlNTU4NDI4ZWIyOTkxNmFkZDJiNWE5YzUxM2RhYzlhNDk3YjkyYTVkNzFlYSIsInRhZyI6IiJ9;;[Kegiatan Usaha: -, Kategori: S, KBLI: 95220];;;26/10/2025;UMKM;;;;invalid;;;FALSE;FALSE;TRUE;;;invalid;;;;;;nyamtama;0;0;0;;;jalan jenderal sudirman;;95;nyamtama jalan jenderal sudirman kbli95;99;0;1;0;Tidak Ditemukan;JALAN JENDERAL SUDIRMAN;0;0;;;TARIK 02 FEB - 12.00 WITA;6401050002_0_0;;
287;97341663;PENGOLAHAN DAN JUAL BATA (M NUR);JL YOS SUDARSO SIMPANG PASAR KUARO;6401050002;64;1;50;2;KALIMANTAN TIMUR;PASER;KUARO;KUARO;eyJpdiI6IkJwMmlXUWQvM2t5Nm5rdSsyM2UrYUE9PSIsInZhbHVlIjoiZmJRL1lqTXlnR0F0QnB1bzUxQk5XZz09IiwibWFjIjoiNTgyZWZjMWQ2NDA3Yjk2NTdkNzAxYmQ4MjRmYmJlODM1ZGE1NjliNWEwN2Q4MjNmODVmMzMyMTdhZjQ0MTA0ZiIsInRhZyI6IiJ9;;[Kegiatan Usaha: -, Kategori: C, KBLI: 23921];;;26/10/2025;UMKM;;;;invalid;;;FALSE;FALSE;TRUE;;;invalid;;;;;;pengolahan dan jual bata m nur;0;0;0;;;jl yos sudarso simpang pasar kuaro;;23;pengolahan dan jual bata m nur jl yos sudarso simpang pasar kuaro kbli23;99;0;1;0;Tidak Ditemukan;JL YOS SUDARSO SIMPANG PASAR KUARO;0;0;;1;TARIK 02 FEB - 12.00 WITA;6401050002_0_0;;
289;97341736;WARNET <HAIRANI>;JL JEND A YANI;6401050002;64;1;50;2;KALIMANTAN TIMUR;PASER;KUARO;KUARO;eyJpdiI6IlhIZTZtS2JkMkJpNEEwUFBDcjZ1N0E9PSIsInZhbHVlIjoiUXVXUkw0R25kenozZHBnb3BDWDJjZz09IiwibWFjIjoiNjQ0NzFlNGNlZWE2NjI5ZTA3ZDMwNzA3OTkxNWYyN2M2ZDU4NDNhZTJiNmYwNjQyNTljMTExMzZkOTZmMDJkYSIsInRhZyI6IiJ9;;[Kegiatan Usaha: MELAYANI WARNET, PENGETIKAN DAN PRINT, Kategori: J, KBLI: 61994];;;26/10/2025;UMKM;;;;invalid;;;FALSE;FALSE;TRUE;;;invalid;;;;;;warnet hairani;0;0;0;;;jl jend a yani;;61;warnet hairani jl jend a yani kbli61;99;0;1;1;Tidak Ditemukan;JL JEND A YANI;0;0;;;TARIK 02 FEB - 12.00 WITA;6401050002_0_0;;
290;97341766;KOPRASI KSP RUKUN;JALAN R.SUPHAPTO;6401050002;64;1;50;2;KALIMANTAN TIMUR;PASER;KUARO;KUARO;eyJpdiI6InRKZnd2MjZBZFByWURTUUcrNW9oVmc9PSIsInZhbHVlIjoiQmxySERqQWEwR1hBQkVvV1hLaEVWUT09IiwibWFjIjoiZDJhNjM5NzFmODJjNjgwZGJhM2QxZjg1N2VjZmIxMmViOGRkMDcyMWJkNDc4MGQ4NmE2Mzk4NmVmODY0NzA1MSIsInRhZyI6IiJ9;;[Kegiatan Usaha: -, Kategori: K, KBLI: 64141];;;26/10/2025;UMKM;;;;invalid;;;FALSE;FALSE;TRUE;;;invalid;;;;;;koprasi ksp rukun;0;0;0;;;jalan r suphapto;;64;koprasi ksp rukun jalan r suphapto kbli64;99;0;1;0;Tidak Ditemukan;JALAN RSUPHAPTO;0;0;;;TARIK 02 FEB - 12.00 WITA;6401050002_0_0;;
292;97341633;PRAKTEK DOKTER UMUM;JL JEND A. YANI;6401050002;64;1;50;2;KALIMANTAN TIMUR;PASER;KUARO;KUARO;eyJpdiI6ImJ5ODYzcVFKY1BxS3VnMGlhcnhxVGc9PSIsInZhbHVlIjoiNEc2V0cyT2U2ZUdLa0J4Z2VoOUl2Zz09IiwibWFjIjoiNDk1MjAxZTU4ODc3NmQyYTE1MGRjNGZjYTJhMzA4MjAyYWI2OTdhMDQyNTVhMzI1ZmRiNjNjNDU5N2RiYzkzNSIsInRhZyI6IiJ9;;[Kegiatan Usaha: -, Kategori: Q, KBLI: 86201];;;26/10/2025;UMKM;;;;invalid;;;FALSE;FALSE;TRUE;;;invalid;;;;;;praktek dokter umum;0;0;0;;;jl jend a yani;;86;praktek dokter umum jl jend a yani kbli86;99;0;1;0;Tidak Ditemukan;JL JEND A YANI;0;0;;;TARIK 02 FEB - 12.00 WITA;6401050002_0_0;;
294;97341660;PANgKALAN ELPIJI (MISNAH);DALAM TERMINAL KUARO;6401050002;64;1;50;2;KALIMANTAN TIMUR;PASER;KUARO;KUARO;eyJpdiI6IncvVGtnNnRtS3FQOHhwS2FUZktMeWc9PSIsInZhbHVlIjoiK2RNeGtOdEpUZmZka2hFYmZjaDZTQT09IiwibWFjIjoiYmIxMDlkMjBhOWI2MGEzZDc5OGRlZDhmMzdmYzYyNTg0YWVjYmY3OTFkZTlhNjcxNDAwNjFhMzZhMWYzY2Y4OCIsInRhZyI6IiJ9;;[Kegiatan Usaha: -, Kategori: G, KBLI: 47772];;;26/10/2025;UMKM;;;;invalid;;;FALSE;FALSE;TRUE;;;invalid;;;;;;pangkalan elpiji misnah;0;0;0;;;dalam terminal kuaro;;47;pangkalan elpiji misnah dalam terminal kuaro kbli47;99;0;1;0;Tidak Ditemukan;DALAM TERMINAL KUARO;0;0;;;TARIK 02 FEB - 12.00 WITA;6401050002_0_0;;
298;97341767;PT PASIR SELET BAROKAH;JALAN R.SUPRAPTO;6401050002;64;1;50;2;KALIMANTAN TIMUR;PASER;KUARO;KUARO;eyJpdiI6IlloMXVGT2NCSGJLckpnZCs4QnVRNlE9PSIsInZhbHVlIjoiOFpMeG5scks2SjFsekw4K2NMUnpoUT09IiwibWFjIjoiNDJiYjc4YWZkZmFhMWY0MTAxYjQ4Mjg1MjAyYTg1ZWI0MjQwZTQ5ZGM4MGUwMjdjNmYxZjU4NmU3MWVhM2M1NyIsInRhZyI6IiJ9;;[Kegiatan Usaha: PERTAMBANGAN PASIR, Kategori: B, KBLI: 08104];;;26/10/2025;UMKM;;;;invalid;;;FALSE;FALSE;TRUE;;;invalid;;;;;;pasir selet barokah;0;0;0;;;jalan r suprapto;;8;pasir selet barokah jalan r suprapto kbli08;99;0;0;0;Tidak Ditemukan;JALAN RSUPRAPTO;0;0;;;TARIK 02 FEB - 12.00 WITA;6401050002_0_0;;
300;97341734;DEPO AIR ISI ULANG <AMIRUDDIN>;JL JEND A YANI;6401050002;64;1;50;2;KALIMANTAN TIMUR;PASER;KUARO;KUARO;eyJpdiI6ImZnOHNOQ2twdzN3SkhuaGplTTlzelE9PSIsInZhbHVlIjoidGZPQXVxVy9RditqNkhkcHJmVURXZz09IiwibWFjIjoiMjg4N2ZjOWI3YWRkNDljOWRiYWViNDFjMWQ1ODg4NTBkMzk1NDU1MjYwNDZjM2NhMmI2MmJiNDg0ZTQzNmY1NyIsInRhZyI6IiJ9;;[Kegiatan Usaha: DEPO AIR ISI ULANG, Kategori: C, KBLI: 11051];;;26/10/2025;UMKM;;;;invalid;;;FALSE;FALSE;TRUE;;;invalid;;;;;;depo air isi ulang amiruddin;0;0;0;;;jl jend a yani;;11;depo air isi ulang amiruddin jl jend a yani kbli11;99;0;1;1;Tidak Ditemukan;JL JEND A YANI;0;0;;;TARIK 02 FEB - 12.00 WITA;6401050002_0_0;;
301;97341764;KOPRASI KRIDA UTAMA;JALAN R.SUPRAPTO;6401050002;64;1;50;2;KALIMANTAN TIMUR;PASER;KUARO;KUARO;eyJpdiI6IjZyczdiK2dpVnBVNG5jbktxdDYvMnc9PSIsInZhbHVlIjoiNmllTEtkUHdVTTA0VDc1RjFGNUQ5UT09IiwibWFjIjoiMzQyNTY3YmRiOTIzODQwZmZiYjRlNWRhNTlkYjQ3NjgxYzg5ODIxNTFjYzAxZDAwODg2NTcyOWRmY2FlMWMyOSIsInRhZyI6IiJ9;;[Kegiatan Usaha: PINJAMAN UANG, Kategori: K, KBLI: 64141];;;26/10/2025;UMKM;;;;invalid;;;FALSE;FALSE;TRUE;;;invalid;;;;;;koprasi krida utama;0;0;0;;;jalan r suprapto;;64;koprasi krida utama jalan r suprapto kbli64;3;0;1;0;Tutup;JALAN RSUPRAPTO;0;0;;;TARIK 02 FEB - 12.00 WITA;6401050002_0_0;;
303;97341771;BANK RAKYAT INDONESIA (PERSERO) Tbk, PT KCP UNIT KUARO;Jl. A.Yani Rt. 2I;6401050002;64;1;50;2;KALIMANTAN TIMUR;PASER;KUARO;KUARO;eyJpdiI6ImRJRzhRZ3IwajM0Q1hpOXZ5NUduQ3c9PSIsInZhbHVlIjoidFlXakZDWk5SVStzdzVxOEljWFpUdz09IiwibWFjIjoiOWViNDkxYWI2MGM5NTY0ZTM2OTBlZjBmMDhlMTc3NWU0ZjgwOGEzNmQ0NTBlOTYzNjY0ZjBlYWM5OWM3ZjE5NSIsInRhZyI6IiJ9;;[Kegiatan Usaha: -, Kategori: K, KBLI: 64121];;;16/05/2025;UMKM;;;;invalid;;;FALSE;FALSE;TRUE;;;invalid;;;;-1.821128333;116.087395;bank rakyat indonesia persero kcp unit kuaro;0;0;0;;;jl a yani rt 2i;;64;bank rakyat indonesia persero kcp unit kuaro jl a yani rt 2i kbli64;1;0;0;0;Aktif;Jl AYani Rt 2I;2;0;;;TARIK 02 FEB - 12.00 WITA;6401050002_2_0;-1.8194;116.091971
306;97341779;PREMIUM. PT;DESA PAIT;6401060004;64;1;60;4;KALIMANTAN TIMUR;PASER;LONG IKIS;PAIT;eyJpdiI6ImFlSmZHbEV1Q0YyWC9VUjBhTENKZkE9PSIsInZhbHVlIjoiYUMwZE55U2U0WFR0anpKRVVxMGxEUT09IiwibWFjIjoiMjRiMDViYmZhMWE4MWYxNDRkN2YwNWUzZWUwODhjZWFlNTNmYjk5NmVmMGY5N2IxN2M2NDQwNDI0YmIzOTEyMyIsInRhZyI6IiJ9;;[Kegiatan Usaha: MENJUAL FURNITURE, Kategori: G, KBLI: 46491];;;26/10/2025;UMKM;;;;invalid;;;FALSE;FALSE;TRUE;;;invalid;;;;;;premium;0;0;0;;;desa pait;;46;premium desa pait kbli46;3;0;0;0;Tutup;DESA PAIT;0;0;;;TARIK 02 FEB - 12.00 WITA;6401060004_0_0;;
308;97341833;TERAS BRI;JL PROVISNSI KM 85;6401060004;64;1;60;4;KALIMANTAN TIMUR;PASER;LONG IKIS;PAIT;eyJpdiI6Im5SS2Z0bHl2VSszUzhINTNFMnAvdlE9PSIsInZhbHVlIjoiQ0IydFVQRCtBUWEwSHVQL1orNXdqZz09IiwibWFjIjoiZWU3OWUwMGQwNjJjMTczZTZkMzE3NDM5MjUzN2ExZTExODFmNzMyYjc2ZjRiNDQ1NGVkNGMwZjE3NjJjMjJmMCIsInRhZyI6IiJ9;;[Kegiatan Usaha: -, Kategori: K, KBLI: 64121];;;26/10/2025;UMKM;;;;invalid;;;FALSE;FALSE;TRUE;;;invalid;;;;;;teras bri;0;0;0;;;jl provisnsi km 85;;64;teras bri jl provisnsi km 85 kbli64;3;0;1;0;Tutup;JL PROVISNSI KM 85;0;0;;;TARIK 02 FEB - 12.00 WITA;6401060004_0_0;;
309;97340867;PT ALLEGIANCE PRIMAPARTS INDONESIA;BATU KAJANG;6401010011;64;1;10;11;KALIMANTAN TIMUR;PASER;BATU SOPANG;BATU KAJANG;eyJpdiI6IlV2YUNkYjQydUdicmdFSmplaHJVL3c9PSIsInZhbHVlIjoiTkRsMDhJdkxqSzJRZlYyMW16Tit3QT09IiwibWFjIjoiZGYzOTMyZjFkZTZhNTNlMTY2M2Q5MDQ4MGUxN2FkNmY4NzQ5NzU1NTc1NzMwMmIxZjI4MGNmNGJjNTU0MmE2ZiIsInRhZyI6IiJ9;;[Kegiatan Usaha: -, Kategori: G, KBLI: 46594];;;24/11/2025;UMKM;;;;invalid;;;FALSE;FALSE;TRUE;;;invalid;;;;;;allegiance primaparts indonesia;0;0;0;;;batu kajang;;46;allegiance primaparts indonesia batu kajang kbli46;3;0;0;0;Tutup;BATU KAJANG;0;0;;;TARIK 02 FEB - 12.00 WITA;6401010011_0_0;;
312;97340994;AUTO 2000;TEPIAN BATANG;6401040003;64;1;40;3;KALIMANTAN TIMUR;PASER;TANAH GROGOT;TEPIAN BATANG;eyJpdiI6InRMMUhZdjArRjZ6YXF4R2hJSmNnTGc9PSIsInZhbHVlIjoiWnJGdDVlLytuY0I2ZmdUc2l1S1MxQT09IiwibWFjIjoiNzliNmJmMWE2NmIwNDg0N2Q5NmVlNTFiOGRhODE3YWRiOTU2M2UzMDBhOTUzOTdmYzljZmNiMDdmN2FhMGY5YSIsInRhZyI6IiJ9;;[Kegiatan Usaha: -, Kategori: G, KBLI: 45103];;;24/12/2025;UMKM;;;;invalid;;;FALSE;FALSE;TRUE;;;invalid;;;;;;auto 2000;0;0;0;;;tepian batang;;45;auto 2000 tepian batang kbli45;99;0;1;0;Tidak Ditemukan;TEPIAN BATANG;0;0;;;TARIK 02 FEB - 12.00 WITA;6401040003_0_0;;
315;97341080;PANDU SIWI SENTOSO, PT;BATU KAJANG;6401010011;64;1;10;11;KALIMANTAN TIMUR;PASER;BATU SOPANG;BATU KAJANG;eyJpdiI6Ink3VC9MdUdTVU02RTJKYVZnWnJmaXc9PSIsInZhbHVlIjoiek5aaGdzUTV6ZjkwZm9zVFBMaW9Qdz09IiwibWFjIjoiMTlkNmJiZDI0MjIyNWVlNDMxNDYxZWY5NmFiOTY0NzQwY2YxZmMyMDQ1MTBlOTFlNzU1OTg0OGZkYmVmYjZiMyIsInRhZyI6IiJ9;;[Kegiatan Usaha: -, Kategori: H, KBLI: 53201];;;24/11/2025;UMKM;;;;invalid;;;FALSE;FALSE;TRUE;;;invalid;;;;;;pandu siwi sentoso;0;0;0;;;batu kajang;;53;pandu siwi sentoso batu kajang kbli53;99;0;0;0;Tidak Ditemukan;BATU KAJANG;0;0;;;TARIK 02 FEB - 12.00 WITA;6401010011_0_0;;
318;97341097;HAJI AMBO SULO, PT SPBU 6476203;JL JENDERAL SUDIRMAN RT 04 / RW 03;6401040004;64;1;40;4;KALIMANTAN TIMUR;PASER;TANAH GROGOT;TANAH GROGOT;eyJpdiI6Im42SWREb2JrSzlkUkQvMTA4clFpeXc9PSIsInZhbHVlIjoieVdscHhSbDh2K0FLL1dhYm50aGZhdz09IiwibWFjIjoiMThkMTBmZDQwODViMDg1NzY1NWZhODk4ZmEyMjQyMTAxZjcwNzdiNzlmMjRhYmIxMGY1NGM2NWU5NDQ0MDg2MiIsInRhZyI6IiJ9;;[Kegiatan Usaha: Menjual bahan bakar minyak, Kategori: G, KBLI: 47301];;;31/01/2025;UMKM;;;;invalid;;;FALSE;FALSE;TRUE;;;invalid;;;;;;haji ambo sulo spbu 6476203;0;0;0;;;jl jenderal sudirman rt 04 rw 03;;47;haji ambo sulo spbu 6476203 jl jenderal sudirman rt 04 rw 03 kbli47;1;0;0;0;Aktif;JL JENDERAL SUDIRMAN RT 04 RW 03;4;3;;;TARIK 02 FEB - 12.00 WITA;6401040004_4_3;-1.90849;116.193101
319;97341081;MFC (MARDIONO);JL AHMAD DAHLAN;6401040004;64;1;40;4;KALIMANTAN TIMUR;PASER;TANAH GROGOT;TANAH GROGOT;eyJpdiI6IjJhVzlCN2VXNk9ZamJqWVBkTXErbVE9PSIsInZhbHVlIjoiSmM5NTk3V090UWhYVU0zek9zZzFjUT09IiwibWFjIjoiNzk3M2MzMDIzZmNlN2YxMjE3ZjdkZGQ3ZDJlMTZiYTc0MzFhNmU2MjlmYzIzZGRhMTYxNmE1ODQ2ZGNmZDUyMCIsInRhZyI6IiJ9;;[Kegiatan Usaha: -, Kategori: I, KBLI: 56102];;;05/02/2025;UMKM;;;;invalid;;;FALSE;FALSE;TRUE;;;invalid;;;;;;mfc mardiono;0;0;0;;;jl ahmad dahlan;;56;mfc mardiono jl ahmad dahlan kbli56;3;0;1;0;Tutup;JL AHMAD DAHLAN;0;0;;;TARIK 02 FEB - 12.00 WITA;6401040004_0_0;;
325;97341113;TOKO KELONTONGAN ROHANA;JALAN RA KARTINI;6401040004;64;1;40;4;KALIMANTAN TIMUR;PASER;TANAH GROGOT;TANAH GROGOT;eyJpdiI6Im5HdERlbVJ6Rm9OU1NoTTA0RlZneHc9PSIsInZhbHVlIjoiMnBnaXo1SlJ1QVB0cXpScnBjRCtEQT09IiwibWFjIjoiNDYyNmZlZDEwZjVlNzM1ZTI4ODBlMzY2ZWEwNGM5ZWFkOGI1ODUxOTE1ZDZiODg0MjYzMGJhNzQ5MjA5Mzk2MyIsInRhZyI6IiJ9;;[Kegiatan Usaha: MENJUAL KELONTONGAN, Kategori: G, KBLI: 47112];;;15/12/2025;UMKM;;;;invalid;;;FALSE;FALSE;TRUE;;;invalid;;;;;;kelontongan rohana;0;0;0;;;jalan ra kartini;;47;kelontongan rohana jalan ra kartini kbli47;99;0;1;0;Tidak Ditemukan;JALAN RA KARTINI;0;0;;;TARIK 02 FEB - 12.00 WITA;6401040004_0_0;;
330;97341166;MEBEL(WISNU);Jl. Senaken RT. 10;6401040016;64;1;40;16;KALIMANTAN TIMUR;PASER;TANAH GROGOT;SENAKEN;eyJpdiI6IjZtR2RucnlYQWZmem15VUR5SzczVWc9PSIsInZhbHVlIjoiS1g2dWpSTW9BdFJWZWJzQjF2UTJBdz09IiwibWFjIjoiZmI2MDI3NDAyODliYjhiMWE4ZjRlMTQ2ZDZlMjgzMmM1MTAzMzkyODY4NThhNGRlNzViYjRmY2UwZGRhMmYwMCIsInRhZyI6IiJ9;;[Kegiatan Usaha: -, Kategori: C, KBLI: 31001];;;10/02/2025;UMKM;;;;invalid;;;FALSE;FALSE;TRUE;;;invalid;;;;;;mebel wisnu;0;0;0;;;jl senaken rt 10;;31;mebel wisnu jl senaken rt 10 kbli31;1;0;1;0;Aktif;Jl Senaken RT 10;10;0;;;TARIK 02 FEB - 12.00 WITA;6401040016_10_0;-1.89875;116.206633
338;97341098;CV ASKRINDO;JALAN RA KARTINI;6401040004;64;1;40;4;KALIMANTAN TIMUR;PASER;TANAH GROGOT;TANAH GROGOT;eyJpdiI6Ik5aWjZlQlZsdkNUTFVNTHpDb0V2NFE9PSIsInZhbHVlIjoiZ3h4aWlpRFNRdFJDbzFSWXJHVDZtQT09IiwibWFjIjoiNTVkM2JlY2QxOGUyYWU3M2Y2ZDVjYTk2ZjMxMzhkN2RjMDNiNzIxNWE1MTRmYzNmNjY5NWUyYzliYTFlOTZkNiIsInRhZyI6IiJ9;;[Kegiatan Usaha: -, Kategori: K, KBLI: 65121];;;31/01/2025;UMKM;;;;invalid;;;FALSE;FALSE;TRUE;;;invalid;;;;;;askrindo;0;0;0;;;jalan ra kartini;;65;askrindo jalan ra kartini kbli65;3;0;1;0;Tutup;JALAN RA KARTINI;0;0;;;TARIK 02 FEB - 12.00 WITA;6401040004_0_0;;
339;97341100;KOPERASI PENGAYOMAN;JL JENDERAL SUDIRMAN NO 19;6401040004;64;1;40;4;KALIMANTAN TIMUR;PASER;TANAH GROGOT;TANAH GROGOT;eyJpdiI6Inp0MU5aOXVNRTNRcUszYXdEcloyRGc9PSIsInZhbHVlIjoiUGFNSGFGRmVNcGEvZTJmQmdxd2hRUT09IiwibWFjIjoiODg5MDI3OGE3NDMwM2U3NTc5OWExZDU4ODk2ZTA5Zjc3N2JhN2VlMTg4ODc1YmFhOTc2NjdjZDcyYjgwNWI1NCIsInRhZyI6IiJ9;;[Kegiatan Usaha: -, Kategori: K, KBLI: 64141];;;07/01/2025;UMKM;;;;invalid;;;FALSE;FALSE;TRUE;;;invalid;;;;;;pengayoman;0;0;0;;;jl jenderal sudirman no 19;;64;pengayoman jl jenderal sudirman no 19 kbli64;3;0;1;0;Tutup Sementara;JL JENDERAL SUDIRMAN NO 19;0;0;;;TARIK 02 FEB - 12.00 WITA;6401040004_0_0;;
340;97341109;CV BERLIAN ABADI;JALAN RA KARTINI;6401040004;64;1;40;4;KALIMANTAN TIMUR;PASER;TANAH GROGOT;TANAH GROGOT;eyJpdiI6ImZEUUFYQjUwNVdLZHMyb0g0Z0hUVGc9PSIsInZhbHVlIjoiUVpoeDB1cEJsZGVhNmNPbGxNQWlUdz09IiwibWFjIjoiNjEzNzlhNWQ5MDNlNjk2MWYwNTM2Yzc5OWEzYjUyZTkzN2UzNmViNTU0Y2Y5YmU4NDczOTQ0Y2Y4ZDQzYzFkMSIsInRhZyI6IiJ9;;[Kegiatan Usaha: MENJUAL TIKET PESAWAT DOMESTIK, Kategori: H, KBLI: 49422];;;15/12/2025;UMKM;;;;invalid;;;FALSE;FALSE;TRUE;;;invalid;;;;;;berlian abadi;0;0;0;;;jalan ra kartini;;49;berlian abadi jalan ra kartini kbli49;99;0;1;0;Tidak Ditemukan;JALAN RA KARTINI;0;0;;;TARIK 02 FEB - 12.00 WITA;6401040004_0_0;;
343;97341126;SELULER MULTI ABADI PT;JLN. RA. KARTINI;6401040004;64;1;40;4;KALIMANTAN TIMUR;PASER;TANAH GROGOT;TANAH GROGOT;eyJpdiI6InVodVBSbGkzTXpCeThDSjNiSEhkN0E9PSIsInZhbHVlIjoiUVp2VHRsNHFHMnZSbjVlQWdJczIvUT09IiwibWFjIjoiMjkwNmViZDRhZTc3MTgzMDVlZmU4NzYxN2QzMTkwMjk3MjJjZmU3YzM1ZDdjNjIwZWMxNDlhOTcxYjkyMjkzOSIsInRhZyI6IiJ9;;[Kegiatan Usaha: MENJUAL KARTU, Kategori: J, KBLI: 61992];;;31/01/2025;UMKM;;;;invalid;;;FALSE;FALSE;TRUE;;;invalid;;;;;;seluler multi abadi;0;0;0;;;jln ra kartini;;61;seluler multi abadi jln ra kartini kbli61;3;0;0;0;Tutup;JLN RA KARTINI;0;0;;;TARIK 02 FEB - 12.00 WITA;6401040004_0_0;;
348;97341164;SURYA INDAH PERKASA, CV;JALAN YOS SUDARSO, RT 02;6401040016;64;1;40;16;KALIMANTAN TIMUR;PASER;TANAH GROGOT;SENAKEN;eyJpdiI6Ikc4UmM1NFRCR0FHOSt4QmpFR1dJeHc9PSIsInZhbHVlIjoiM3kzaFh5ZEZVOFlVTEtQcTJuc3B4dz09IiwibWFjIjoiOGFkOGIzNzA3NjBkYWM4NTFjMWU2Mzc0NjM1MzIyMTAxZjlmY2I2ZTM0MGJmMmI3M2JlOTBlMTNiOTQwOGU4YiIsInRhZyI6IiJ9;;[Kegiatan Usaha: JUAL BELI UDANG SEGAR, Kategori: G, KBLI: 46206];;;30/01/2025;UMKM;;;;invalid;;;FALSE;FALSE;TRUE;;;invalid;;;;;;surya indah perkasa;0;0;0;;;jalan yos sudarso rt 02;;46;surya indah perkasa jalan yos sudarso rt 02 kbli46;1;0;1;0;Aktif;JALAN YOS SUDARSO RT 02;2;0;;;TARIK 02 FEB - 12.00 WITA;6401040016_2_0;-1.90225;116.202447
353;97333931;WAHANA LESTARI, PT;JALAN MODANG;6401040004;64;1;40;4;KALIMANTAN TIMUR;PASER;TANAH GROGOT;TANAH GROGOT;eyJpdiI6IjN5UzhMMkk0dWlhRWFYSmVtdDNIZGc9PSIsInZhbHVlIjoiSEdXRmJ6b3hBbngvcENUb3NGTUJYQT09IiwibWFjIjoiZmNkNTRkM2Y2MTFlOWRhMmQ4MmEzZDQwYTNlN2JmNzg0NjJhZmEwNTJiNzI3ODY4NWE5ZmU0ZGYwYTA4NDZmZCIsInRhZyI6IiJ9;;[Kegiatan Usaha: -, Kategori: G, KBLI: 45101];;;15/12/2025;UMKM;;;;invalid;;;FALSE;FALSE;TRUE;;;invalid;;;;;;wahana lestari;0;0;0;;;jalan modang;;45;wahana lestari jalan modang kbli45;99;0;0;0;Tidak Ditemukan;JALAN MODANG;0;0;;;TARIK 02 FEB - 12.00 WITA;6401040004_0_0;;
374;97337298;DELTA KONSTRUKSI PERTAMA, CV;Jl. Gajah Mada No. 32;6401040004;64;1;40;4;KALIMANTAN TIMUR;PASER;TANAH GROGOT;TANAH GROGOT;eyJpdiI6IlQ1Y0VNalgvVEJQa2tSdk5EdUxYYUE9PSIsInZhbHVlIjoiNEVzTkxSZnJSTG44UkhxOWdoVWh4Zz09IiwibWFjIjoiZDBjMzcxNGYxNWZiZjRmNWFmYmE0MDAxZjcxMGU2YTAwZmFlYTQ1MzAzN2Q1MTlhMWFkMGViMTg1ZjY4MGUxMSIsInRhZyI6IiJ9;;"[Kegiatan Usaha: KONSTRUKSI, Kategori: F, KBLI: 41011]; [Kegiatan Usaha: Konstruksi Jaringan Irigasi...";;;24/11/2025;UMKM;;;;invalid;;;FALSE;FALSE;TRUE;;;invalid;;;;;;delta konstruksi pertama;0;0;0;;;jl gajah mada no 32;;41;delta konstruksi pertama jl gajah mada no 32 kbli41;99;0;1;0;Tidak Ditemukan;Jl Gajah Mada No 32;0;0;;;TARIK 02 FEB - 12.00 WITA;6401040004_0_0;;
375;97337285;KARYA KONSTRUKSI PRATAMA, CV;JL PADAT KARYA;6401040004;64;1;40;4;KALIMANTAN TIMUR;PASER;TANAH GROGOT;TANAH GROGOT;eyJpdiI6IjA5WEg0MU5tV2I4Smo1TkJodUxFcGc9PSIsInZhbHVlIjoiNTdmelRKUGYrQTdTWUMySGE3YXZvQT09IiwibWFjIjoiNGQyOWZlYWJhOWUzM2I3YjNmNjE2M2I4YWFiYTZhMTI1MDIyYTc3MTAzYjQ5Yjc4MmZkMjBkMjE4YjFiM2YwNCIsInRhZyI6IiJ9;;[Kegiatan Usaha: -, Kategori: F, KBLI: 41020];;;15/12/2025;UMKM;;;;invalid;;;FALSE;FALSE;TRUE;;;invalid;;;;;;karya konstruksi pratama;0;0;0;;;jl padat karya;;41;karya konstruksi pratama jl padat karya kbli41;99;0;1;0;Tidak Ditemukan;JL PADAT KARYA;0;0;;;TARIK 02 FEB - 12.00 WITA;6401040004_0_0;;
377;97341326;BANK BRI SYARIAH <NUR AHMAD>;JALAN ANDEN OKO NO 63;6401040004;64;1;40;4;KALIMANTAN TIMUR;PASER;TANAH GROGOT;TANAH GROGOT;eyJpdiI6Ii9JTWU5NU5xTjJMQXdxUnpxMnBXZXc9PSIsInZhbHVlIjoiZVNWZGtER0lEWU84RzV2cWwxMGVOQT09IiwibWFjIjoiZjllNTczOGNlN2E0MGRkMjQ0NzNlMmRiZTViODk1MTk0ZWVmNjRhYTZhMTQ0NWU1ZjYyNTA5YTBiNTZiZTUyZCIsInRhZyI6IiJ9;;[Kegiatan Usaha: PERBANKAN, Kategori: K, KBLI: 64122];;;16/05/2025;UMKM;;;;invalid;;;FALSE;FALSE;TRUE;;;invalid;;;;;;bank bri syariah nur ahmad;0;0;0;;;jalan anden oko no 63;;64;bank bri syariah nur ahmad jalan anden oko no 63 kbli64;3;0;1;1;Tutup;JALAN ANDEN OKO NO 63;0;0;;;TARIK 02 FEB - 12.00 WITA;6401040004_0_0;;
379;97341331;INDO MOBILE FINANCE;JL PANGERAN MENTRI;6401040004;64;1;40;4;KALIMANTAN TIMUR;PASER;TANAH GROGOT;TANAH GROGOT;eyJpdiI6IllCdmNVcXQyN2tmZFZYWGJzUHQyMkE9PSIsInZhbHVlIjoic20yTG12YkVDWGlsNi81blpYcGtJZz09IiwibWFjIjoiM2VlM2ExYjYxMTdhMzBmOTQzMzY5MDc5OWRjNGJiYTc1NGI4OTg2Y2Y1ZDY0YTM2ZGJlOGMwODZiZGEwZmIzZCIsInRhZyI6IiJ9;;[Kegiatan Usaha: DANA TUNA PEMBIAYAAN KENDARAAN RODA DUA, Kategori: K, KBLI: 64911];;;24/12/2025;UMKM;;;;invalid;;;FALSE;FALSE;TRUE;;;invalid;;;;;;indo mobile finance;0;0;0;;;jl pangeran mentri;;64;indo mobile finance jl pangeran mentri kbli64;99;0;1;0;Tidak Ditemukan;JL PANGERAN MENTRI;0;0;;;TARIK 02 FEB - 12.00 WITA;6401040004_0_0;;
388;97341330;PT. SINDY HUTAMA KARYA;JL PANGERAN MENTRI;6401040004;64;1;40;4;KALIMANTAN TIMUR;PASER;TANAH GROGOT;TANAH GROGOT;eyJpdiI6ImlsK2p3ZVBaMTFMRjE1YnV4RXoxRmc9PSIsInZhbHVlIjoiVDV2c3RuZjRMb1BVcUlrQ3UwdktDQT09IiwibWFjIjoiZGE0MzYwMjdmNDIxNGRiODNlNWQ1YWUxMTg2ZWM4NDRkZjU1Y2I0YTJmYzRjNGRhODczYjRiYTA1NjNiNGFlOCIsInRhZyI6IiJ9;;[Kegiatan Usaha: PEMASARAN RUMAH, Kategori: L, KBLI: 68111];;;15/12/2025;UMKM;;;;invalid;;;FALSE;FALSE;TRUE;;;invalid;;;;;;sindy hutama karya;0;0;0;;;jl pangeran mentri;;68;sindy hutama karya jl pangeran mentri kbli68;99;0;0;0;Tidak Ditemukan;JL PANGERAN MENTRI;0;0;;;TARIK 02 FEB - 12.00 WITA;6401040004_0_0;;
392;97341342;PT JASA BAHARJA PUTRA;JALAN P MENTRI;6401040004;64;1;40;4;KALIMANTAN TIMUR;PASER;TANAH GROGOT;TANAH GROGOT;eyJpdiI6IlpLSDM3Umt4aUViUkZHcEJaTWFjOUE9PSIsInZhbHVlIjoiaTlmNCtnRHY3ZzRtWHhhcmlNVVo3QT09IiwibWFjIjoiYzk5ZTFhNmNlYWQxOTI4ZjY1MzJhNzZlZTlmOGNhMzFkODA1NzcwZjFiZDYwYzczZDRiYTQ3MjZkMjY1YmJkNCIsInRhZyI6IiJ9;;"[Kegiatan Usaha: ASURANSI PROYEK, Kategori: K, KBLI: 65111]; [Kegiatan Usaha: ASURANSI, Kategori: K,...";;;21/05/2025;UMKM;;;;invalid;;;FALSE;FALSE;TRUE;;;invalid;;;;;;jasa baharja putra;0;0;0;;;jalan p mentri;;65;jasa baharja putra jalan p mentri kbli65;3;0;0;0;Tutup;JALAN P MENTRI;0;0;;;TARIK 02 FEB - 12.00 WITA;6401040004_0_0;;
393;97341365;KANTOR CABANG MNC SKY VISION;JALAN PIERETENDEAN;6401040004;64;1;40;4;KALIMANTAN TIMUR;PASER;TANAH GROGOT;TANAH GROGOT;eyJpdiI6Ik5tc1VMRXYrOHpScmREcy9WRXVkUmc9PSIsInZhbHVlIjoicEhTWkwrbndHSkk1TU81ZUZ5NkFLdz09IiwibWFjIjoiN2VkYzdkOWY4NWIwMmY4MWEyYThmZjc2MjhmMWZjMWE3YzMyNjNlYjdkOTllZThkNTM3NDBlYTZhZmZkZmRjYSIsInRhZyI6IiJ9;;[Kegiatan Usaha: -, Kategori: J, KBLI: 60202];;;21/05/2025;UMKM;;;;invalid;;;FALSE;FALSE;TRUE;;;invalid;;;;;;kantor mnc sky vision;0;0;0;;;jalan pieretendean;;60;kantor mnc sky vision jalan pieretendean kbli60;99;0;1;0;Tidak Ditemukan;JALAN PIERETENDEAN;0;0;;;TARIK 02 FEB - 12.00 WITA;6401040004_0_0;;
394;97341381;PANCARA SAMUDERA TRANSPORT PT;JALAN PANGERAN MENTRI;6401040004;64;1;40;4;KALIMANTAN TIMUR;PASER;TANAH GROGOT;TANAH GROGOT;eyJpdiI6Ik04VHVVcGRrTjRBNE9PczdJM2dtYXc9PSIsInZhbHVlIjoiVTRoWjFSanZjSmFjZnozSEp3bXVqUT09IiwibWFjIjoiZWQ2ODczZmEyODFkYjlhN2FlNmQ4NDgxYWI3N2U5YTI2YTIzMWY1ZmZmODFiYTc2MmYxNjEyYTViYzllMDhiNCIsInRhZyI6IiJ9;;[Kegiatan Usaha: PELAYARAN ANGKUTAN BATU BARA, Kategori: H, KBLI: 50133];;;31/01/2025;UMKM;;;;invalid;;;FALSE;FALSE;TRUE;;;invalid;;;;;;pancara samudera transport;0;0;0;;;jalan pangeran mentri;;50;pancara samudera transport jalan pangeran mentri kbli50;3;0;0;0;Tutup;JALAN PANGERAN MENTRI;0;0;;;TARIK 02 FEB - 12.00 WITA;6401040004_0_0;;
397;97341398;SDN 011 TANAH GROGOT;Jl. R. Soeprapto, RT. 04 RW. 01;6401040004;64;1;40;4;KALIMANTAN TIMUR;PASER;TANAH GROGOT;TANAH GROGOT;eyJpdiI6InY1NDlSV2E5b3hSVU9DU1pqbVpRR3c9PSIsInZhbHVlIjoiNnlSNzJmWTBvMXlLdXdRVE9kcU5Pdz09IiwibWFjIjoiZGU1YWYxODEyMzFlNDE1MWRmNTQ3NjQ1YmYxY2Q0Yzc4YTE5ZTY0MTdmNTE1NzVkN2U5YzEzYmJlOTM3YmRkMyIsInRhZyI6IiJ9;;[Kegiatan Usaha: -, Kategori: P, KBLI: 85111];;;27/06/2025;UMKM;;;;invalid;;;FALSE;FALSE;TRUE;;;invalid;;;;;;sdn 011 tanah grogot;0;0;0;;;jl r soeprapto rt 04 rw 01;;85;sdn 011 tanah grogot jl r soeprapto rt 04 rw 01 kbli85;1;0;1;0;Aktif;Jl R Soeprapto RT 04 RW 01;4;1;;;TARIK 02 FEB - 12.00 WITA;6401040004_4_1;-1.91111;116.200027
402;97341391;HAIKAL JAYA ELEKTRONIK;JL. R SUPRAPTO;6401040004;64;1;40;4;KALIMANTAN TIMUR;PASER;TANAH GROGOT;TANAH GROGOT;eyJpdiI6ImxUbXR4aXkvSGxYczlBV3lOT0VqRlE9PSIsInZhbHVlIjoidHY4YittL3F6akVvVVBOakxqYTFvZz09IiwibWFjIjoiYmFkYjQxMDE1OTYzMDgwZmQ2NDJiMWU1ZjMzYmJhOWY2MzFlOWZkNzYxOGNlMWRhYTE1MGY3OWE2ZmZlOGI3MyIsInRhZyI6IiJ9;;[Kegiatan Usaha: PERDAGANGAN ALAT ELEKTRONIK, Kategori: G, KBLI: 46491];;;05/02/2025;UMKM;;;;invalid;;;FALSE;FALSE;TRUE;;;invalid;;;;;;haikal jaya elektronik;0;0;0;;;jl r suprapto;;46;haikal jaya elektronik jl r suprapto kbli46;3;0;1;0;Tutup;JL R SUPRAPTO;0;0;;;TARIK 02 FEB - 12.00 WITA;6401040004_0_0;;
409;97341345;PT KANDILO COAL INDONESIA;JALAN P MENTRI;6401040004;64;1;40;4;KALIMANTAN TIMUR;PASER;TANAH GROGOT;TANAH GROGOT;eyJpdiI6ImNpYWl6aFY4RUs2UEV4S0hVcGNwbHc9PSIsInZhbHVlIjoiK3FNUDFWTDVpZ1VEalZKYlYvU0wwQT09IiwibWFjIjoiNWZmYWE2NjU5ZDJkNGE0OGM2NzVjNzBjODEzNjk3NTIyZjRhY2QzODRlMGI3ODA4YTYyNDZkOGJhNmY0ZWY4MCIsInRhZyI6IiJ9;;[Kegiatan Usaha: -, Kategori: B, KBLI: 05100];;;15/12/2025;UB;;;;invalid;;;FALSE;FALSE;TRUE;;;invalid;;;;;;kandilo coal indonesia;0;0;0;;;jalan p mentri;;5;kandilo coal indonesia jalan p mentri kbli05;99;0;0;0;Tidak Ditemukan;JALAN P MENTRI;0;0;;;TARIK 02 FEB - 12.00 WITA;6401040004_0_0;;
412;97341387;PT SINAR BUANA KONSTRUKSI;JALAN PANGERAN MENTRI;6401040004;64;1;40;4;KALIMANTAN TIMUR;PASER;TANAH GROGOT;TANAH GROGOT;eyJpdiI6IjIyckRhdmViYXQzR3piVHpwNW9PRXc9PSIsInZhbHVlIjoiOUU4NVkrSVJSa3N5MTRHUWU4SzhzZz09IiwibWFjIjoiMGRlNzVjYWYxOWZjNGZlYmMyMmQzZDk4MjNlZDI1MzA2M2I1NDZmMDg1YTc4NjA4YmNiNzc5MTViZDZjODgxYiIsInRhZyI6IiJ9;;[Kegiatan Usaha: KONSTRUKSI, Kategori: F, KBLI: 41011];;;15/12/2025;UMKM;;;;invalid;;;FALSE;FALSE;TRUE;;;invalid;;;;;;sinar buana konstruksi;0;0;0;;;jalan pangeran mentri;;41;sinar buana konstruksi jalan pangeran mentri kbli41;99;0;0;0;Tidak Ditemukan;JALAN PANGERAN MENTRI;0;0;;;TARIK 02 FEB - 12.00 WITA;6401040004_0_0;;
413;97341388;TOKO ACC;Jl.RA Kartini nomer 1 RT 008 RW 006;6401040004;64;1;40;4;KALIMANTAN TIMUR;PASER;TANAH GROGOT;TANAH GROGOT;eyJpdiI6ImUvMGxQU01GQnF6SGZtWnNHdXE2ZXc9PSIsInZhbHVlIjoiS3k2U0JsYkJ3bEJJUHVPSlZjcnZEdz09IiwibWFjIjoiYjA2NDcyNzhlMjcwN2NlNGU2NTMyOWI2MjI1MWJmOGI1YTEwYzAzODc5MTQ5MTk2YTk3ZmEyNmQ4NjE5ZDE1ZiIsInRhZyI6IiJ9;;[Kegiatan Usaha: Menjual alat2 elektronik,kulkas,tv,AC, Kategori: G, KBLI: 47592];;;31/01/2025;UMKM;;;;invalid;;;FALSE;FALSE;TRUE;;;invalid;;;;;;acc;0;0;0;;;jl ra kartini nomer 1 rt 008 rw 006;;47;acc jl ra kartini nomer 1 rt 008 rw 006 kbli47;1;0;1;0;Aktif;JlRA Kartini nomer 1 RT 008 RW 006;8;6;;;TARIK 02 FEB - 12.00 WITA;6401040004_8_6;-1.91092;116.197908
417;97341401;CV RABBANI;JL R SUPRAPYO;6401040004;64;1;40;4;KALIMANTAN TIMUR;PASER;TANAH GROGOT;TANAH GROGOT;eyJpdiI6IkpaempzUm1rLzdGazZNQlZ4V2VmVHc9PSIsInZhbHVlIjoiR0h0MnVGNmp5cmZSQ0dxMjVCQWY0dz09IiwibWFjIjoiNDAzZjk0NmIwNjdhYWEwNWUxODJiMjJkNTU4OWNjMmYzOTRjNzY4ODNlODM3MDQxN2E4ODgyZWNlZTE3MWM1NSIsInRhZyI6IiJ9;;[Kegiatan Usaha: -, Kategori: G, KBLI: 47713];;;31/01/2025;UMKM;;;;invalid;;;FALSE;FALSE;TRUE;;;invalid;;;;;;rabbani;0;0;0;;;jl r suprapyo;;47;rabbani jl r suprapyo kbli47;3;0;1;0;Tutup;JL R SUPRAPYO;0;0;;;TARIK 02 FEB - 12.00 WITA;6401040004_0_0;;
419;97342150;SAMATAKA, CV;LONG KALI;6401080006;64;1;80;6;KALIMANTAN TIMUR;PASER;LONG KALI;LONG KALI;eyJpdiI6IlJ6VFRaTWF0RjRDQ1hLMDVrMWhsT2c9PSIsInZhbHVlIjoiVHVPL0loYWJDakhxcks3ajVIc3Q2UT09IiwibWFjIjoiOWFjZDM5NzE4Nzg5ZjdhNzYzNDM5OTZjNjI3MWVjYzFmMzllZTkwMGQ5N2E1NGUzNDc4ZDYzMjNjZmYwNGYxZCIsInRhZyI6IiJ9;;[Kegiatan Usaha: -, Kategori: F, KBLI: 42918];;;15/12/2025;UMKM;;;;invalid;;;FALSE;FALSE;TRUE;;;invalid;;;;;;samataka;0;0;0;;;long kali;;42;samataka long kali kbli42;99;0;1;0;Tidak Ditemukan;LONG KALI;0;0;;;TARIK 02 FEB - 12.00 WITA;6401080006_0_0;;
423;97342138;MADRASAH IBTIDAIYAH AL-IKHLAS;JL. MESJID NURUL HIKMAH RT.02;6401080006;64;1;80;6;KALIMANTAN TIMUR;PASER;LONG KALI;LONG KALI;eyJpdiI6IkZJcGpTWDZXWVZpaExieEY1dGFQY2c9PSIsInZhbHVlIjoiSDY1M0hWczJ4YjhrNm1Ud0s4Q3hFZz09IiwibWFjIjoiNWZhYjE1Yjg1ZTkxODI5YmE3OTE3MTY2NmQwMDk5MjczZDlhZjUzMDdhNmY5NTkxMDM4MzVmNDRkZWNjODVmMyIsInRhZyI6IiJ9;;[Kegiatan Usaha: -, Kategori: P, KBLI: 85121];;;14/12/2025;UMKM;;;;invalid;;;FALSE;FALSE;TRUE;;;invalid;;;;-1.519340253;116.3217884;madrasah ibtidaiyah al ikhlas;0;0;0;;;jl mesjid nurul hikmah rt 02;;85;madrasah ibtidaiyah al ikhlas jl mesjid nurul hikmah rt 02 kbli85;1;0;1;0;Aktif;JL MESJID NURUL HIKMAH RT02;2;0;;;TARIK 02 FEB - 12.00 WITA;6401080006_2_0;-1.52024;116.323092
424;97342147;SAHABAT SAWIT SEJAHTERA, PT;DESA MENDIK RT.16, KEC. LONG KALI;6401080006;64;1;80;6;KALIMANTAN TIMUR;PASER;LONG KALI;LONG KALI;eyJpdiI6ImVKVnVjem54a2tSanpSTklaUmlQU2c9PSIsInZhbHVlIjoiY2piWnRrdGxNRXZ5a0hvSDV1bkV6dz09IiwibWFjIjoiYWY2N2JjZmI2YjkwYzNhN2Y4MDUxMDUwY2Y2ZWZkMWJkZTg4M2QxODVmZGUyMzBlZjQ3ZTM0NjNlNzE1NTZjNSIsInRhZyI6IiJ9;;[Kegiatan Usaha: PENGOLAHAN KELAPA SAWIT, Kategori: C, KBLI: 10431];;;15/12/2025;UMKM;;;;invalid;;;FALSE;FALSE;TRUE;;;invalid;;;;-1.521498001;116.3187968;sahabat sawit sejahtera;0;0;0;;;desa mendik rt 16 kec long kali;;10;sahabat sawit sejahtera desa mendik rt 16 kec long kali kbli10;3;0;0;0;Tutup;DESA MENDIK RT16 KEC LONG KALI;16;0;;;TARIK 02 FEB - 12.00 WITA;6401080006_16_0;-1.51851;116.316413
427;97342228;HOPERASI SUMBER HARAPAN;DESA PAIT;6401060004;64;1;60;4;KALIMANTAN TIMUR;PASER;LONG IKIS;PAIT;eyJpdiI6Ind6NVJ3V0UzVGRLUzBtZFc1OVVXbUE9PSIsInZhbHVlIjoiWWVpa2Y5Z1hpazQ3dzU0eVFPd3NyZz09IiwibWFjIjoiZTU4ZTQwNTQ2ZTk1ODg1MTcyNTRkNDQyZGM2Yjk3MWYzMWUyZWQzMDE0MjgxNWJlNzA3YTZkZGQyY2U4Y2JlMiIsInRhZyI6IiJ9;;[Kegiatan Usaha: -, Kategori: K, KBLI: 64141];;;01/11/2025;UMKM;;;;invalid;;;FALSE;FALSE;TRUE;;;invalid;;;;;;hoperasi sumber harapan;0;0;0;;;desa pait;;64;hoperasi sumber harapan desa pait kbli64;99;0;1;0;Tidak Ditemukan;DESA PAIT;0;0;;;TARIK 02 FEB - 12.00 WITA;6401060004_0_0;;
429;97342137;BPD Kaltim Kaltara, PT KCP LONG KALI;JL. RAYA LONGKALI RT.2 NO.69;6401080006;64;1;80;6;KALIMANTAN TIMUR;PASER;LONG KALI;LONG KALI;eyJpdiI6ImhudXJGcEtiZEtuMjNIdm1KQ3JVK3c9PSIsInZhbHVlIjoielkyVGd5NW5ueHJiVlQvTzZOWEp1UT09IiwibWFjIjoiMGI2NWQ5ZWMyNWZhZTVjMTE4YmYxNTEwM2M1YmNmYWUzYzY4NGJmNDBkMWJmYmE0ZTQxYzVlOTY5OTQ4NWQ5MyIsInRhZyI6IiJ9;;[Kegiatan Usaha: -, Kategori: K, KBLI: 64121];;;16/05/2025;UMKM;;;;invalid;;;FALSE;FALSE;TRUE;;;invalid;;;;-1.51949208;116.3218743;bpd kaltim kaltara kcp long kali;0;0;0;;;jl raya longkali rt 2 no 69;;64;bpd kaltim kaltara kcp long kali jl raya longkali rt 2 no 69 kbli64;1;0;0;0;Aktif;JL RAYA LONGKALI RT2 NO69;2;0;;;TARIK 02 FEB - 12.00 WITA;6401080006_2_0;-1.52024;116.323092
432;97342271;LIBRA PUTRA PRATAMA ,PT;Jl. Lambung Mangkurat RT. 001 RW. 005 Kec. Tanah Grogot;6401040004;64;1;40;4;KALIMANTAN TIMUR;PASER;TANAH GROGOT;TANAH GROGOT;eyJpdiI6ImVVUHQ5ZEhTejRsWlJDVUZrNVIrb0E9PSIsInZhbHVlIjoiM0QwU0g5NXZGSjRzTGdxRDlrV004UT09IiwibWFjIjoiMDIxNTg3ZjgyZDNhMThjODA4ZWYxOTkzM2FmOTVlOTY2N2Y3YzAxMTRjNWU4M2JlMDI2ZjJkZWZjMWIxYzA4MCIsInRhZyI6IiJ9;;[Kegiatan Usaha: Jasa Pelaksana Untuk Konstruksi Jalan Raya (kecuali Jalan layang), jalan, rel keret...;;;15/12/2025;UMKM;;;;invalid;;;FALSE;FALSE;TRUE;;;invalid;;;;;;libra putra pratama;0;0;0;;;jl lambung mangkurat rt 001 rw 005 kec tanah grogot;;0;libra putra pratama jl lambung mangkurat rt 001 rw 005 kec tanah grogot kbli00;99;0;0;0;Tidak Ditemukan;Jl Lambung Mangkurat RT 001 RW 005 Kec Tanah Grogot;1;5;;;TARIK 02 FEB - 12.00 WITA;6401040004_1_5;-1.91499;116.187511
442;97333834;PERMODALAN NASIONAL MADANI PT;JL NEGARA;6401010011;64;1;10;11;KALIMANTAN TIMUR;PASER;BATU SOPANG;BATU KAJANG;eyJpdiI6InpIbm1TcGkrSjJNNy92UXRrNzJnYnc9PSIsInZhbHVlIjoiK1NLMzhMa0psV2I0MlUwM0s4N0w5dz09IiwibWFjIjoiMzBkMmEwZTcxMWRkYjZmYzBlMzhhNWQ3YTJiNWRlNTQ1MjY1NDE5YzExZDBmN2FhYjJhOGNjODY5OWZiZDY1YyIsInRhZyI6IiJ9;;[Kegiatan Usaha: PENYALURAN DANA USAHA MIKRO, Kategori: K, KBLI: 64151];;;24/11/2025;UMKM;;;;invalid;;;FALSE;FALSE;TRUE;;;invalid;;;;;;permodalan nasional madani;0;0;0;;;jl negara;;64;permodalan nasional madani jl negara kbli64;3;0;0;0;Tutup;JL NEGARA;0;0;;;TARIK 02 FEB - 12.00 WITA;6401010011_0_0;;
445;97333851;DEALER SUZUKI <HADRI>;JALAN MODANG;6401040004;64;1;40;4;KALIMANTAN TIMUR;PASER;TANAH GROGOT;TANAH GROGOT;eyJpdiI6IkkxQ3Y5bFpKWHR3bm5YZzNJeEs5ZUE9PSIsInZhbHVlIjoiYW4wS0FkRHoyZklCM0tJcllVclRXUT09IiwibWFjIjoiZmI0ZjAwNjlkMjMwZjdmMDYwMjc4OGQ5ZjAxNmI4Yjk4MTJjMDRhOTFlMjg1MmFhZDk0N2U5Y2M2YWU2MWE3OCIsInRhZyI6IiJ9;;[Kegiatan Usaha: PENJUALAN SEPEDA MOTOR DAN SERVICE SUKU CADANG, Kategori: G, KBLI: 45401];;;31/01/2025;UMKM;;;;invalid;;;FALSE;FALSE;TRUE;;;invalid;;;;;;dealer suzuki hadri;0;0;0;;;jalan modang;;45;dealer suzuki hadri jalan modang kbli45;3;0;1;1;Tutup;JALAN MODANG;0;0;;;TARIK 02 FEB - 12.00 WITA;6401040004_0_0;;
446;97333853;ONANS, PT;JL MODANG NO 31;6401040004;64;1;40;4;KALIMANTAN TIMUR;PASER;TANAH GROGOT;TANAH GROGOT;eyJpdiI6InpVdVhEUExwZU45bmJCU2ordUthekE9PSIsInZhbHVlIjoicUtabGVsSXVrRjRzMDFHR25Mb3l4Zz09IiwibWFjIjoiNTMyZjI2ZjQ2YzgxNWFkMzBlODI2ZDU2ZGFjNmMzNjA4NTc3YWRhNmQwYTg0ZTE1NzM2ZGVmNzEzM2Y1OGRhYSIsInRhZyI6IiJ9;;[Kegiatan Usaha: KONSTRUKSI GEDUNG, Kategori: F, KBLI: 41011];;;15/12/2025;UMKM;;;;invalid;;;FALSE;FALSE;TRUE;;;invalid;;;;;;onans;0;0;0;;;jl modang no 31;;41;onans jl modang no 31 kbli41;99;0;0;0;Tidak Ditemukan;JL MODANG NO 31;0;0;;;TARIK 02 FEB - 12.00 WITA;6401040004_0_0;;
473;97333619;PT. PASER MEDIA;JL SINGA MAULANA GG CEMPK;6401040004;64;1;40;4;KALIMANTAN TIMUR;PASER;TANAH GROGOT;TANAH GROGOT;eyJpdiI6Ijk3bGh1UTZtbWtSV21BcUN1QlNMWGc9PSIsInZhbHVlIjoiaXRWU011cm1WK2xDbDhxcWZJRFVKQT09IiwibWFjIjoiMGQ1MGM3Njk1YjVmZDQ0Y2NlYWE3NzgwOTM1MTQzNGMzOWExMGY5MzQwNmY1MDVjYzIxYjc0YTk3ODc1NDRiNiIsInRhZyI6IiJ9;;"[Kegiatan Usaha: TV KABEL, Kategori: J, KBLI: 61100]; [Kegiatan Usaha: JASA TV KABEL, Kategori: J, K...";;;15/04/2025;UMKM;;;;invalid;;;FALSE;FALSE;TRUE;;;invalid;;;;;;paser media;0;0;0;;;jl singa maulana gg cempk;;61;paser media jl singa maulana gg cempk kbli61;3;0;0;0;Tutup;JL SINGA MAULANA GG CEMPK;0;0;;;TARIK 02 FEB - 12.00 WITA;6401040004_0_0;;
495;97340549;BENUO PASER, CV;BATU KAJANG;6401010011;64;1;10;11;KALIMANTAN TIMUR;PASER;BATU SOPANG;BATU KAJANG;eyJpdiI6Inp0WG9ySCtjMjdzSDZtMmFDUmRzWGc9PSIsInZhbHVlIjoiVUUraDhvV082TEdQOHc4UXcvRndBdz09IiwibWFjIjoiNTFkYTExYTQ3OTY3MTVlMTNmMTJkMjIwMjI2Yjc5NWU5ZTY2MzJiN2U3ZDVkNWE2NzhiNmZmNzRlYmJhMzRkYSIsInRhZyI6IiJ9;;[Kegiatan Usaha: BENUO PASER CV, Kategori: F, KBLI: 42918];;;24/11/2025;UMKM;;;;invalid;;;FALSE;FALSE;TRUE;;;invalid;;;;;;benuo paser;0;0;0;;;batu kajang;;42;benuo paser batu kajang kbli42;99;0;1;0;Tidak Ditemukan;BATU KAJANG;0;0;;;TARIK 02 FEB - 12.00 WITA;6401010011_0_0;;
637;97338012;FAJAR LESTARI PT;DESA TEPIAN BATANG;6401040003;64;1;40;3;KALIMANTAN TIMUR;PASER;TANAH GROGOT;TEPIAN BATANG;eyJpdiI6IjlQVXQrSHVDQUxhZDRUYVcxTUtOeGc9PSIsInZhbHVlIjoiekthWEZWaTBWbHovTlZEdXpxYXRiQT09IiwibWFjIjoiYmJkODMzZGZlYzk0ZDAxYWYzOGFmYWVkYjc3NDYwMTkwNWI1MDJhZDNlYThmMjY1YjRhYjFkOWU3NzAzNDdlMCIsInRhZyI6IiJ9;;[Kegiatan Usaha: -, Kategori: H, KBLI: 52101];;;15/12/2025;UMKM;;;;invalid;;;FALSE;FALSE;TRUE;;;invalid;;;;;;fajar lestari;0;0;0;;;desa tepian batang;;52;fajar lestari desa tepian batang kbli52;99;0;0;0;Tidak Ditemukan;DESA TEPIAN BATANG;0;0;;;TARIK 02 FEB - 12.00 WITA;6401040003_0_0;;
640;97338042;USAHA SEDERHANA BERSAMA, PT;JL. PADAT KARYA NO.4;6401040004;64;1;40;4;KALIMANTAN TIMUR;PASER;TANAH GROGOT;TANAH GROGOT;eyJpdiI6IkZTOUFTdjFEdXdtRm1mMmNmYnN5TVE9PSIsInZhbHVlIjoiaENaZUZCdmZ6YVRWMlpVTDBreHJrQT09IiwibWFjIjoiZjkxYzhlNmNjMWIwNDMwODA4ZDFmODA4NThkOGQwMDljZTAwYzNhZjhhODYxMmEzNjgzOTU3ZTU1YzBkODAyMCIsInRhZyI6IiJ9;;[Kegiatan Usaha: KONSTRUKSI SIPIL, Kategori: F, KBLI: 42101];;;15/12/2025;UB;;;;invalid;;;FALSE;FALSE;TRUE;;;invalid;;;;;;usaha sederhana bersama;0;0;0;;;jl padat karya no 4;;42;usaha sederhana bersama jl padat karya no 4 kbli42;99;0;0;0;Tidak Ditemukan;JL PADAT KARYA NO4;0;0;;;TARIK 02 FEB - 12.00 WITA;6401040004_0_0;;
651;97335300;TOKO MITRA KITA;KANDILO PLAZA;6401040004;64;1;40;4;KALIMANTAN TIMUR;PASER;TANAH GROGOT;TANAH GROGOT;eyJpdiI6Im9IVVFYY3o3eVhGbERjYjZ5RVhBMkE9PSIsInZhbHVlIjoieVFybWVWbTRRUys0bytFaEh0ZTRmZz09IiwibWFjIjoiN2M3ZTgzOWRiYTFkMDc2MThmZTJkYjZjOTY4OWM4N2FkNGNhNTU4MWQ2ZTBhZjQ0MWVmNjFlNzdjOTY4MjYxZiIsInRhZyI6IiJ9;;[Kegiatan Usaha: -, Kategori: G, KBLI: 47712];;;15/12/2025;UMKM;;;;invalid;;;FALSE;FALSE;TRUE;;;invalid;;;;;;mitra kita;0;0;0;;;kandilo plaza;;47;mitra kita kandilo plaza kbli47;99;0;1;0;Tidak Ditemukan;KANDILO PLAZA;0;0;;;TARIK 02 FEB - 12.00 WITA;6401040004_0_0;;
669;97334355;LOSMEN ILHAM;JL. Pasar Pagi 22 RT 005/03;6401040004;64;1;40;4;KALIMANTAN TIMUR;PASER;TANAH GROGOT;TANAH GROGOT;eyJpdiI6InYxTXRuaktRNit0NDRKWGFLY1AwZXc9PSIsInZhbHVlIjoieVpWYnc5MHBRYkFzSXlhVkNlNGdKUT09IiwibWFjIjoiNWMyMWRmM2QyNDI0YTcwZGYxZGVmZWRkMzJjMTVjZjg2YzU5MGUwYzY1ZTMyYzc0NmQyNDVhNWE2NjBhNjZlNCIsInRhZyI6IiJ9;;[Kegiatan Usaha: -, Kategori: I, KBLI: 55120];;;22/01/2025;UMKM;;;;invalid;;;FALSE;FALSE;TRUE;;;invalid;;;;;;losmen ilham;0;0;0;;;jl pasar pagi 22 rt 005 03;;55;losmen ilham jl pasar pagi 22 rt 005 03 kbli55;1;0;1;0;Aktif;JL Pasar Pagi 22 RT 00503;5;3;;1;TARIK 02 FEB - 12.00 WITA;6401040004_5_3;-1.91122;116.196126
679;97338585;CV DAYANA ABADI;DESA TEPIAN BATANG;6401040003;64;1;40;3;KALIMANTAN TIMUR;PASER;TANAH GROGOT;TEPIAN BATANG;eyJpdiI6Im1ad0U0WTJkNWduUXIxNUVxRklBeVE9PSIsInZhbHVlIjoiSExyd3Fwd1VCUnZNZXRReGJoSzRDUT09IiwibWFjIjoiMjE4NzU3MjBjYTVkNWI0MTQzMjBjYThhNmExNWJiM2Q3ODE1NTkxMzI1YWYyNjNkZjAxZGMwN2I3MTE3ODRiYiIsInRhZyI6IiJ9;;[Kegiatan Usaha: MENJUAL SPARE PART ALAT BERAT, Kategori: G, KBLI: 46593];;;15/12/2025;UMKM;;;;invalid;;;FALSE;FALSE;TRUE;;;invalid;;;;;;dayana abadi;0;0;0;;;desa tepian batang;;46;dayana abadi desa tepian batang kbli46;3;0;1;0;Tutup;DESA TEPIAN BATANG;0;0;;;TARIK 02 FEB - 12.00 WITA;6401040003_0_0;;
681;97338616;PT RAHMAD SAMITRA BERSATU;Jl. Kusuma Bangsa KM. 4 RT. 005;6401040003;64;1;40;3;KALIMANTAN TIMUR;PASER;TANAH GROGOT;TEPIAN BATANG;eyJpdiI6IjdML3VDVENPcStqOXVhcjZQbmVRSkE9PSIsInZhbHVlIjoiOHhqRXlWTnhZcHV3ZDVSQzFkMjdDdz09IiwibWFjIjoiM2NhNDliZDFlZGVmYjAxYzUwMzU3MmQyMzkwZTc0OTQxNDVmNmU2MWE2NTJhZTY0MDM1ZmYxYzQ2ZjlkZWZiYSIsInRhZyI6IiJ9;;"[Kegiatan Usaha: -, Kategori: N, KBLI: 78300]; [Kegiatan Usaha: Aktivitas Penyewaan dan Sewa Guna Us...";;;24/11/2025;UMKM;;;;invalid;;;FALSE;FALSE;TRUE;;;invalid;;;;;;rahmad samitra bersatu;0;0;0;;;jl kusuma bangsa km 4 rt 005;;78;rahmad samitra bersatu jl kusuma bangsa km 4 rt 005 kbli78;1;0;0;0;Aktif;Jl Kusuma Bangsa KM 4 RT 005;5;0;;;TARIK 02 FEB - 12.00 WITA;6401040003_5_0;-1.87998;116.174431
684;97337549;KOPERASI KARYAWAN SUMBER MAKMUR;AREA MESS PT BUMA;6401010011;64;1;10;11;KALIMANTAN TIMUR;PASER;BATU SOPANG;BATU KAJANG;eyJpdiI6ImRwS0lycFdUNmRESlF4YkVRRXAycGc9PSIsInZhbHVlIjoia0M4Wmp2VFUvVDV5MVdDM3BIeFIxdz09IiwibWFjIjoiODBmMTQwZjE5MDdkNDk3Yzg2NDYwZDM4NzMyZDU3NDE1NzIzN2ZmMzg4MjMyOWM2NThmN2Y1ZGRkZjVjZDliNCIsInRhZyI6IiJ9;;[Kegiatan Usaha: -, Kategori: G, KBLI: 47112];;;24/11/2025;UMKM;;;;invalid;;;FALSE;FALSE;TRUE;;;invalid;;;;;;karyawan sumber makmur;0;0;0;;;area mess pt buma;;47;karyawan sumber makmur area mess pt buma kbli47;3;0;1;0;Tutup Sementara;AREA MESS PT BUMA;0;0;;;TARIK 02 FEB - 12.00 WITA;6401010011_0_0;;
696;97337618;KANTIN CAKRAWALA BARU;AREA MESS BIMI BATU PUTIH;6401010011;64;1;10;11;KALIMANTAN TIMUR;PASER;BATU SOPANG;BATU KAJANG;eyJpdiI6IkJhUXpVUitBMmdLWkg2Rk5MZGdENVE9PSIsInZhbHVlIjoiVjFnY2tMQVlOUGoxNXFqby8xYk8xQT09IiwibWFjIjoiZWUzMTQ0ZDc0MjE1MWViNTY4MWRiMmJmYjU3NjViZGU3OTdhYmYwZGZmN2JhYThlMTk4ZjkyYWE5NzI0NzViZiIsInRhZyI6IiJ9;;[Kegiatan Usaha: KANTIN MESS KARYAWAN, Kategori: I, KBLI: 56210];;;24/11/2025;UMKM;;;;invalid;;;FALSE;FALSE;TRUE;;;invalid;;;;;;kantin cakrawala baru;0;0;0;;;area mess bimi batu putih;;56;kantin cakrawala baru area mess bimi batu putih kbli56;3;0;1;0;Tutup;AREA MESS BIMI BATU PUTIH;0;0;;;TARIK 02 FEB - 12.00 WITA;6401010011_0_0;;
713;97333395;PERUMDA PRIMA JAYA TAKA;JL NOTO SUNARDI NO 10 rt 14 rw 05;6401040004;64;1;40;4;KALIMANTAN TIMUR;PASER;TANAH GROGOT;TANAH GROGOT;eyJpdiI6Ijg2dDJGWVVCS0pqdVdYcUROdHlzVUE9PSIsInZhbHVlIjoiMFk3VnpLNkV6bW5Xb3pwTXY5WDNaZz09IiwibWFjIjoiMDE4N2IwZGY1NGU5NGRhMGZiNzJkYWI5M2QwZGRkNzE5ZWZkNThhYTEzZWFjYTEzNTQwZjdkYjljMGRhZmZmOCIsInRhZyI6IiJ9;;[Kegiatan Usaha: PERDAGANGAN BESAR PUPUK KIMIA, Kategori: G, KBLI: 46652];;;07/01/2025;UMKM;;;;invalid;;;FALSE;FALSE;TRUE;;;invalid;;;;;;perumda prima jaya taka;0;0;0;;;jl noto sunardi no 10 rt 14 rw 05;;46;perumda prima jaya taka jl noto sunardi no 10 rt 14 rw 05 kbli46;1;0;1;0;Aktif;JL NOTO SUNARDI NO 10 rt 14 rw 05;14;5;;;TARIK 02 FEB - 12.00 WITA;6401040004_14_5;-1.91747;116.187697
723;97333532;BANK MANDIRI;JL GAJAH MADA;6401040004;64;1;40;4;KALIMANTAN TIMUR;PASER;TANAH GROGOT;TANAH GROGOT;eyJpdiI6InczVW1scmlteCt4bGZEa1NlcHRTNmc9PSIsInZhbHVlIjoiajh3dWR3MURncExVajhsZ1VNQTIvdz09IiwibWFjIjoiNzI5MTlkODAzZmNjOWI0ZWM3YTI3NzVkMzc4Yjc2OTdiNjU2NTNlZTllNzY5MjAwYzlkNWM4MjFmMTExMDg0ZSIsInRhZyI6IiJ9;;"[Kegiatan Usaha: JASA KEUANGAN, Kategori: K, KBLI: 64121]; [Kegiatan Usaha: Melakukan usaha perbanka...";;;16/05/2025;UMKM;;;;invalid;;;FALSE;FALSE;TRUE;;;invalid;;;;;;bank mandiri;0;0;0;;;jl gajah mada;;64;bank mandiri jl gajah mada kbli64;3;0;1;0;Tutup;JL GAJAH MADA;0;0;;;TARIK 02 FEB - 12.00 WITA;6401040004_0_0;;
739;97336476;ALFAMIDI;JALAN RM NOTO SUNARDI;6401040004;64;1;40;4;KALIMANTAN TIMUR;PASER;TANAH GROGOT;TANAH GROGOT;eyJpdiI6IjVsc0w4OVBLQ1dwV2dQN2pmbGhqVGc9PSIsInZhbHVlIjoiNm9ZMlNwdWpYb2MvZ2FVNTZaMzA3dz09IiwibWFjIjoiZjllNWViOTU4YzE0ZDE5YzRmNmI4MGE5ODdiMzdmZTQyMWU2ZDllZjFlMjM4MzU1OTBhZTkyNDM0ZmM4NzVkNCIsInRhZyI6IiJ9;;[Kegiatan Usaha: MENJUAL BERBAGAI AMACAM MAKANAN DAN MINUM, Kategori: G, KBLI: 47111];;;31/01/2025;UMKM;;;;invalid;;;FALSE;FALSE;TRUE;;;invalid;;;;;;alfamidi;0;0;0;;;jalan rm noto sunardi;;47;alfamidi jalan rm noto sunardi kbli47;3;0;1;0;Tutup;JALAN RM NOTO SUNARDI;0;0;;;TARIK 02 FEB - 12.00 WITA;6401040004_0_0;;
750;97333655;TOKO AB <SAYUTI>;JALAN NEGARA;6401010011;64;1;10;11;KALIMANTAN TIMUR;PASER;BATU SOPANG;BATU KAJANG;eyJpdiI6ImVLMnFjL2pESDV2UmVNeXFGMWRTWHc9PSIsInZhbHVlIjoic04wQTVscElhWCt3S3ZiOGZwL3FMQT09IiwibWFjIjoiMzEzMWU0YzBjNmEwODRjMzYxNzQ5NThiYjk0NGZkNDhkNTg3MzE2ZDFlYjZiODAwYzM5MWJkYzRmOGNmNzFkOSIsInRhZyI6IiJ9;;[Kegiatan Usaha: MENJUAL ECERAN SEMBAKO, Kategori: G, KBLI: 47112];;;24/11/2025;UMKM;;;;invalid;;;FALSE;FALSE;TRUE;;;invalid;;;;;;ab sayuti;0;0;0;;;jalan negara;;47;ab sayuti jalan negara kbli47;99;0;1;1;Tidak Ditemukan;JALAN NEGARA;0;0;;;TARIK 02 FEB - 12.00 WITA;6401010011_0_0;;
755;97336601;PRIMAGAMA;JALAN MODANG;6401040004;64;1;40;4;KALIMANTAN TIMUR;PASER;TANAH GROGOT;TANAH GROGOT;eyJpdiI6InNsbzZhSnR3YlVkT2t5eHU0bHhwY0E9PSIsInZhbHVlIjoiZTEyNVArVFo4dE5UK2MvSjlBVlFoQT09IiwibWFjIjoiMGM1NTNhZGQyNTNlOTVlMGMxYzA0ZmY0YjJiZjJiZWFjNDc3OWMzYTg1YTU5YTE0MDIwODNmMzUyZjJmNjE2YiIsInRhZyI6IiJ9;;[Kegiatan Usaha: -, Kategori: P, KBLI: 85495];;;15/12/2025;UMKM;;;;invalid;;;FALSE;FALSE;TRUE;;;invalid;;;;;;primagama;0;0;0;;;jalan modang;;85;primagama jalan modang kbli85;3;0;1;0;Tutup;JALAN MODANG;0;0;;;TARIK 02 FEB - 12.00 WITA;6401040004_0_0;;
760;97336542;KARUNIA PUTRA KANDILO ,PT;Jl. RM. Noto Sunardi RT. 014 RW. 005 Kel. Tepian Batang Kec.Tanah Grogot;6401040004;64;1;40;4;KALIMANTAN TIMUR;PASER;TANAH GROGOT;TANAH GROGOT;eyJpdiI6IkZFN1ZRM0wvR0hKU1ZDSlIxUUdFRVE9PSIsInZhbHVlIjoiMnFyTHlkOFY4SDVnbTJpbHBPbnhPZz09IiwibWFjIjoiZjE2MDEwNGU0ZTg0ZjY1NWZiMDMyNTNhMzM1NTQyZGJjYjI3NTlhNDZlNDcwMmJiZGY1YzNmMTgwNDBlNzJmOCIsInRhZyI6IiJ9;;[Kegiatan Usaha: Pekerjaan Tanah, Galian dan Timbunan, Kategori: F, KBLI: 43120];;;15/12/2025;UMKM;;;;invalid;;;FALSE;FALSE;TRUE;;;invalid;;;;;;karunia putra kandilo;0;0;0;;;jl rm noto sunardi rt 014 rw 005 kel tepian batang kec tanah grogot;;43;karunia putra kandilo jl rm noto sunardi rt 014 rw 005 kel tepian batang kec tanah grogot kbli43;99;0;0;0;Tidak Ditemukan;Jl RM Noto Sunardi RT 014 RW 005 Kel Tepian Batang KecTanah Grogot;14;5;;;TARIK 02 FEB - 12.00 WITA;6401040004_14_5;-1.91747;116.187697
770;97334422;LIES SALON;KANDILO PLAZA;6401040004;64;1;40;4;KALIMANTAN TIMUR;PASER;TANAH GROGOT;TANAH GROGOT;eyJpdiI6Im1BbnpPL0hqQWFCVTE3SHVIMFlEU2c9PSIsInZhbHVlIjoiRDBRWlpxdTJxRks1cFRtL3FDUWRJdz09IiwibWFjIjoiZDI5ZDhmNjExODQ1Yzc3ZGU2ZTY1NTU4MzY5MjhiMDdmNWE0ZWVlYmE1ZWZjOWRmYzMxMTEwZTVlMzgzYmU0ZiIsInRhZyI6IiJ9;;[Kegiatan Usaha: -, Kategori: S, KBLI: 96112];;;15/12/2025;UMKM;;;;invalid;;;FALSE;FALSE;TRUE;;;invalid;;;;;;lies salon;0;0;0;;;kandilo plaza;;96;lies salon kandilo plaza kbli96;3;0;1;0;Tutup;KANDILO PLAZA;0;0;;;TARIK 02 FEB - 12.00 WITA;6401040004_0_0;;
772;97334452;SALON DENUS;KANDILU PLAZA;6401040004;64;1;40;4;KALIMANTAN TIMUR;PASER;TANAH GROGOT;TANAH GROGOT;eyJpdiI6IkRqV2JDT0VMWFZqVUViZUUwUDg1Ymc9PSIsInZhbHVlIjoiM2Y1c1hjVVJwdGhXRFZqZUZxMUJOZz09IiwibWFjIjoiYzBhMGQ5YWVhZTBhY2VhMjVhMTA2ZTZlZjJjODcxM2ZjYjU0ZDU0MmMxNGZjZDgzMzY5Y2ZhNDY4NTNjODEyMSIsInRhZyI6IiJ9;;[Kegiatan Usaha: -, Kategori: S, KBLI: 96112];;;15/12/2025;UMKM;;;;invalid;;;FALSE;FALSE;TRUE;;;invalid;;;;;;salon denus;0;0;0;;;kandilu plaza;;96;salon denus kandilu plaza kbli96;99;0;1;0;Tidak Ditemukan;KANDILU PLAZA;0;0;;;TARIK 02 FEB - 12.00 WITA;6401040004_0_0;;
798;97377912;AHASS TUNAS JAYA;JALAN UNTUNG SUROPATI NO. 03;6401040009;64;1;40;9;KALIMANTAN TIMUR;PASER;TANAH GROGOT;JONE;eyJpdiI6Im9wMHppazFVYUZ2Q3JGa3dvbXBCVUE9PSIsInZhbHVlIjoiN1FoNVhGeWxRMmhLakd1MDlYSDRFUT09IiwibWFjIjoiOWVmOTQwNWNmYWY1YmRkN2Y2MDU0OGQ4YWJlNzM2NTkxOGRlM2RkOGNlNzkyMGQxZGQxM2I2ZmViMzNiZDJlMSIsInRhZyI6IiJ9;;[Kegiatan Usaha: PERAWATAN SEPEDA MOTOR, Kategori: G, KBLI: 47761];;;15/12/2025;UMKM;;;;invalid;;;FALSE;FALSE;TRUE;;;invalid;;;;;;ahass tunas jaya;0;0;0;;;jalan untung suropati no 03;;47;ahass tunas jaya jalan untung suropati no 03 kbli47;3;0;1;0;Tutup;JALAN UNTUNG SUROPATI NO 03;0;0;;;TARIK 02 FEB - 12.00 WITA;6401040009_0_0;;
799;97377921;KARTA, CV;JL KEDONDONG PERUM BTN;6401040009;64;1;40;9;KALIMANTAN TIMUR;PASER;TANAH GROGOT;JONE;eyJpdiI6Im8vcXVHTnFBQWNCeUE1eVpWV0ErOWc9PSIsInZhbHVlIjoicVM2dW8ybFc3YXFvMTVmQzk5Q3FRdz09IiwibWFjIjoiNWI3MGQ5MDY5ZjNkZGRjNWEzZjdhNTlmNmU2NzZmNmExMGQyM2I0YjUyNDAxNmU0MDY4ZDdmNTExZDQ5MTZjNiIsInRhZyI6IiJ9;;[Kegiatan Usaha: -, Kategori: F, KBLI: 41019];;;15/12/2025;UMKM;;;;invalid;;;FALSE;FALSE;TRUE;;;invalid;;;;;;karta;0;0;0;;;jl kedondong perum btn;;41;karta jl kedondong perum btn kbli41;99;0;1;0;Tidak Ditemukan;JL KEDONDONG PERUM BTN;0;0;1;;TARIK 02 FEB - 12.00 WITA;6401040009_0_0;;
805;97377918;DINAR TV KABEL <DINAR>;KOMPLEK BTN JONE JL KEDONDONG BLOKI;6401040009;64;1;40;9;KALIMANTAN TIMUR;PASER;TANAH GROGOT;JONE;eyJpdiI6IlhYc1V4QmZMSVhUQVNwVWRVdDhPVHc9PSIsInZhbHVlIjoiREhsODZvM1IwaGJjb2c4ZGorOHZ2dz09IiwibWFjIjoiYmYxY2VjNzI4MGJmMDRhYzYxZDJhNGQyM2YwYTU1MDkwNGIyM2ZmNzZlNGFhOTU3NjQ3OGIzZjIzNWI0ZTFmNiIsInRhZyI6IiJ9;;[Kegiatan Usaha: JASA SIARAN TV KABEL, Kategori: J, KBLI: 61100];;;15/12/2025;UMKM;;;;invalid;;;FALSE;FALSE;TRUE;;;invalid;;;;;;dinar tv kabel dinar;0;0;0;;;komplek btn jone jl kedondong bloki;;61;dinar tv kabel dinar komplek btn jone jl kedondong bloki kbli61;3;0;1;1;Tutup;KOMPLEK BTN JONE JL KEDONDONG BLOKI;0;0;;;TARIK 02 FEB - 12.00 WITA;6401040009_0_0;;
813;97712317;TOKO H.USUF;PASAR INDUK SENAKEN;6401040016;64;1;40;16;KALIMANTAN TIMUR;PASER;TANAH GROGOT;SENAKEN;eyJpdiI6IlhNSmQ5K1RsVXlGNUF5TnJ0Umd3M0E9PSIsInZhbHVlIjoidDdQQ0x2L1U4aEplbUk5djVsWG9BQT09IiwibWFjIjoiN2IxNDI2ZmE2MzdhMWJkNDZhNDU0MmJlZjAwZTJhYjRjMGU2OTRmZWQ3NjRiNTZlYWFlZDAwNmNmY2EwOGQ0NCIsInRhZyI6IiJ9;;[Kegiatan Usaha: -, Kategori: G, KBLI: 47112];;;15/12/2025;UB;;;;invalid;;;FALSE;FALSE;TRUE;;;invalid;;;;;;h usuf;0;0;0;;;pasar induk senaken;;47;h usuf pasar induk senaken kbli47;3;0;1;0;Tutup;PASAR INDUK SENAKEN;0;0;;1;TARIK 02 FEB - 12.00 WITA;6401040016_0_0;;
816;97712356;IMRON SERVIS;JALAN DI PANJAITAN GG PEMILU;6401040004;64;1;40;4;KALIMANTAN TIMUR;PASER;TANAH GROGOT;TANAH GROGOT;eyJpdiI6IktwdnpFRldmMDRjK1JlODJqcDRsdlE9PSIsInZhbHVlIjoiR3F1dTVsODN1OFNsazl0ak0wVlRxQT09IiwibWFjIjoiMjM0MzU3MGNkZDUwZWUwZTJjYjQxOTU1ZjBkYTI5YjRhNDQ5NTEwNGVkY2ZiMWI4ZDVhZjI4NmU5ZmFiYWVkMyIsInRhZyI6IiJ9;;[Kegiatan Usaha: -, Kategori: G, KBLI: 47420];;;15/12/2025;UB;;;;invalid;;;FALSE;FALSE;TRUE;;;invalid;;;;;;imron servis;0;0;0;;;jalan di panjaitan gg pemilu;;47;imron servis jalan di panjaitan gg pemilu kbli47;99;0;1;0;Tidak Ditemukan;JALAN DI PANJAITAN GG PEMILU;0;0;;;TARIK 02 FEB - 12.00 WITA;6401040004_0_0;;
819;97712499;PEDAGANG BERAS DAN TELUR <AMIR>;PASAR INDUK SENAKEN;6401040016;64;1;40;16;KALIMANTAN TIMUR;PASER;TANAH GROGOT;SENAKEN;eyJpdiI6InYxNTlINkIyTnFqSVZmTGd5bjBRZmc9PSIsInZhbHVlIjoiREZKRkpqakNRaTN6SVNNRDhZT2tZdz09IiwibWFjIjoiOGNkYTIwODIwMGM1MWMwNzNhMTE0ODM5OTFkOWQ0ZTNlZjBiMDk1MjI5NWU5NTlhNjYwYzkyNjg4NDE2OTA5MCIsInRhZyI6IiJ9;;[Kegiatan Usaha: -, Kategori: G, KBLI: 46311];;;15/12/2025;UB;;;;invalid;;;FALSE;FALSE;TRUE;;;invalid;;;;;;pedagang beras dan telur amir;0;0;0;;;pasar induk senaken;;46;pedagang beras dan telur amir pasar induk senaken kbli46;3;0;1;1;Tutup;PASAR INDUK SENAKEN;0;0;;1;TARIK 02 FEB - 12.00 WITA;6401040016_0_0;;
828;97335737;NANDA DWI ATIKA;KANDIL O PLAZA;6401040004;64;1;40;4;KALIMANTAN TIMUR;PASER;TANAH GROGOT;TANAH GROGOT;eyJpdiI6Im9sODNRL2Y0RG1FWU9rUFErMEJsL0E9PSIsInZhbHVlIjoiNER6VWpSNmRBKy9laVJpMnowQUFEdz09IiwibWFjIjoiMGIyZGRiOTY3MTM3NTE2ZDFmMzU4ZjQwOWQwNTEyNzIwZmJhOTkwNzBhODk5NGY0MWQ3YWM2M2QzY2QzM2QwOSIsInRhZyI6IiJ9;;[Kegiatan Usaha: -, Kategori: G, KBLI: 47711];;;26/10/2025;UMKM;;;;invalid;;;FALSE;FALSE;TRUE;;;invalid;;;;;;nanda dwi atika;0;0;0;;;kandil o plaza;;47;nanda dwi atika kandil o plaza kbli47;3;0;1;0;Tutup;KANDIL O PLAZA;0;0;;;TARIK 02 FEB - 12.00 WITA;6401040004_0_0;;
835;97712280;TOKO TELUR <GAFUR>;SIMPANG PAIT RT 12;6401060004;64;1;60;4;KALIMANTAN TIMUR;PASER;LONG IKIS;PAIT;eyJpdiI6IkVJeFFTTXZ5RUU4WStaV2JhMGM5S2c9PSIsInZhbHVlIjoiM1JwTTNuelUyektEbVpxN01xSHBnUT09IiwibWFjIjoiMDcxZGJlNmVlYTA3NTNjMWNiMzgwM2EwOGQwNjBkOGJkZmEzYWU2MGUzYWI5YzI4ODk1ZWUyNGRjYTE1NDU5OCIsInRhZyI6IiJ9;;"[Kegiatan Usaha: -, Kategori: G, KBLI: 46325]; [Kegiatan Usaha: PENJUALAN SEMBAKO DAN TELIR, Kategor...";;;15/05/2025;UB;;;;invalid;;;FALSE;FALSE;TRUE;;;invalid;;;;-1.60329;116.1702983;telur gafur;0;0;0;;;simpang pait rt 12;;46;telur gafur simpang pait rt 12 kbli46;1;0;1;1;Aktif;SIMPANG PAIT RT 12;12;0;;;TARIK 02 FEB - 12.00 WITA;6401060004_12_0;-1.60553;116.168642
841;97334734;TOKO LISA UTAMA (MARBAKI);JALAN KIHAJAR DEWANTARA GANG COKRO 2;6401040004;64;1;40;4;KALIMANTAN TIMUR;PASER;TANAH GROGOT;TANAH GROGOT;eyJpdiI6ImZDVElhb3cxSys4cm5QWGZpTW0vREE9PSIsInZhbHVlIjoiZjVOZjBFc3Q2MXMxYTRobGR5bEorQT09IiwibWFjIjoiZGJjYTM4NDRlOGFmY2UwMmUxYzAyNTEzYjMwMTYxMGZkZjVkYmIwMWFiMDdjMzZkNGJjOTI1OTQ5ODQ4M2YzMSIsInRhZyI6IiJ9;;[Kegiatan Usaha: -, Kategori: C, KBLI: 25993];;;05/06/2025;UMKM;;;;invalid;;;FALSE;FALSE;TRUE;;;invalid;;;;;;lisa utama marbaki;0;0;0;;;jalan kihajar dewantara gang cokro 2;;25;lisa utama marbaki jalan kihajar dewantara gang cokro 2 kbli25;3;0;1;0;Tutup;JALAN KIHAJAR DEWANTARA GANG COKRO 2;0;0;;;TARIK 02 FEB - 12.00 WITA;6401040004_0_0;;
894;97709656;LOUNET <ABDULLAH>;P SINGA MAULANA;6401040004;64;1;40;4;KALIMANTAN TIMUR;PASER;TANAH GROGOT;TANAH GROGOT;eyJpdiI6InUrRzdxS1EzWWVGYy91NGpkQkJERWc9PSIsInZhbHVlIjoiLzg5KzBJQThyMzkrZG53bkgxQWphQT09IiwibWFjIjoiMWVmYTJjNTk1ZGQwZjE3NjZlMGVhNmNiMDEyZjg5NmVjYWU4Y2IxODkwZDMzNzczNjI2Zjg5ZTQ3NzdiMGI0NCIsInRhZyI6IiJ9;;[Kegiatan Usaha: -, Kategori: J, KBLI: 61921];;;15/12/2025;UB;;;;invalid;;;FALSE;FALSE;TRUE;;;invalid;;;;;;lounet abdullah;0;0;0;;;p singa maulana;;61;lounet abdullah p singa maulana kbli61;3;0;1;1;Tutup;P SINGA MAULANA;0;0;;;TARIK 02 FEB - 12.00 WITA;6401040004_0_0;;
896;97712155;WINA BARU RESTAURANT;JLN JENDRAL SUDIRMAN;6401040004;64;1;40;4;KALIMANTAN TIMUR;PASER;TANAH GROGOT;TANAH GROGOT;eyJpdiI6InZmQ0tlTWd3Rk9ZQzU5dXo0V3BDK3c9PSIsInZhbHVlIjoiRlJyQm9URkxqK0JJTVBXTGhseC9uZz09IiwibWFjIjoiNWMzOTMwZTk2NjFjNTk4ODYzNzkzODYxZjMzNzFkNGFmODg0NDMyNzVjMmI4NmVlYmU3NmMzNjU5YWJlM2MzOCIsInRhZyI6IiJ9;;[Kegiatan Usaha: -, Kategori: I, KBLI: 56210];;;05/02/2025;UB;;;;invalid;;;FALSE;FALSE;TRUE;;;invalid;;;;;;wina baru restaurant;0;0;0;;;jln jendral sudirman;;56;wina baru restaurant jln jendral sudirman kbli56;3;0;1;0;Tutup;JLN JENDRAL SUDIRMAN;0;0;;;TARIK 02 FEB - 12.00 WITA;6401040004_0_0;;
909;97333575;WISMA PKK;JALAN J SUDIRMAN;6401040004;64;1;40;4;KALIMANTAN TIMUR;PASER;TANAH GROGOT;TANAH GROGOT;eyJpdiI6InVZbTBTeGpqQWZ2RDI3WXhncmNwYlE9PSIsInZhbHVlIjoibHY4cm9tcS81NmxndVNwdUxBOFZ5dz09IiwibWFjIjoiNjRhYTM5YTg2MWI2MDdiN2I1YTg4ZWU1YjE0Y2Q1NjExZjMwMjMxNTFmZDQ4MDE4NTE1NmU5MjRiZTI5N2EwNCIsInRhZyI6IiJ9;;[Kegiatan Usaha: -, Kategori: I, KBLI: 55900];;;22/01/2025;UMKM;;;;invalid;;;FALSE;FALSE;TRUE;;;invalid;;;;;;wisma pkk;0;0;0;;;jalan j sudirman;;55;wisma pkk jalan j sudirman kbli55;3;0;1;0;Tutup;JALAN J SUDIRMAN;0;0;;;TARIK 02 FEB - 12.00 WITA;6401040004_0_0;;
961;97334451;SALON KHALIFAH;KANDILO PLAZA;6401040004;64;1;40;4;KALIMANTAN TIMUR;PASER;TANAH GROGOT;TANAH GROGOT;eyJpdiI6IlZiQkdHVzhxTWM3SmhqTVpuU0U3YlE9PSIsInZhbHVlIjoiclloWWNlOXZxdTNSVzF4T095ZGFMZz09IiwibWFjIjoiMzc4NmY2MDM2OGZiMmFlZjVmNDg3NTk0ZWNiNDVhZDMxOGJiM2U5NGE1MTEzMmNjOWQ2NGNlYTFlMGJhMjY0YiIsInRhZyI6IiJ9;;[Kegiatan Usaha: -, Kategori: S, KBLI: 96112];;;15/12/2025;UMKM;;;;invalid;;;FALSE;FALSE;TRUE;;;invalid;;;;;;salon khalifah;0;0;0;;;kandilo plaza;;96;salon khalifah kandilo plaza kbli96;3;0;1;0;Tutup;KANDILO PLAZA;0;0;;;TARIK 02 FEB - 12.00 WITA;6401040004_0_0;;
983;97341638;KRISNA JAYA,PO;JALAN JEND SUDIRMAN;6401050002;64;1;50;2;KALIMANTAN TIMUR;PASER;KUARO;KUARO;eyJpdiI6IlF4RFhQVG9vTHhNcjBjZUViN1o3QlE9PSIsInZhbHVlIjoielAvZjlReFBLMlJKWWZvR0ZMbUNsZz09IiwibWFjIjoiMjcxNWRmY2IzYjA3YTFhM2ViN2QyOTkzM2NjNjRkZWNhZWEzMTVkMmRjODdhZjE3NDI1N2YyZGE1YWY4M2Y0ZiIsInRhZyI6IiJ9;;[Kegiatan Usaha: -, Kategori: G, KBLI: 46202];;;26/10/2025;UMKM;;;;invalid;;;FALSE;FALSE;TRUE;;;invalid;;;;;;krisna jaya po;0;0;0;;;jalan jend sudirman;;46;krisna jaya po jalan jend sudirman kbli46;99;0;1;0;Tidak Ditemukan;JALAN JEND SUDIRMAN;0;0;;;TARIK 02 FEB - 12.00 WITA;6401050002_0_0;;
984;97341636;TIKO LEMARI (KAMARUDIN.);JALAN JEND SUDIRMAN;6401050002;64;1;50;2;KALIMANTAN TIMUR;PASER;KUARO;KUARO;eyJpdiI6ImRlNWc1NmxuVlc5M283RisxNjc0UUE9PSIsInZhbHVlIjoiR29yc2VYblRHVHNpdmhEMktxZFBVZz09IiwibWFjIjoiMzM0ZmU1MjdkYjJmZDMyYWJlM2NiNGU2ZDYxZjAwOGIwMzJjZDgyZDUwMzM0MTc2MjNkYmZhZjMyZTBhYjkzNiIsInRhZyI6IiJ9;;[Kegiatan Usaha: -, Kategori: G, KBLI: 47591];;;26/10/2025;UMKM;;;;invalid;;;FALSE;FALSE;TRUE;;;invalid;;;;;;tiko lemari kamarudin;0;0;0;;;jalan jend sudirman;;47;tiko lemari kamarudin jalan jend sudirman kbli47;99;0;1;0;Tidak Ditemukan;JALAN JEND SUDIRMAN;0;0;;;TARIK 02 FEB - 12.00 WITA;6401050002_0_0;;
986;97342124;SD NEGERI 002 LONG KALI;Jl.negara Rt 13;6401080006;64;1;80;6;KALIMANTAN TIMUR;PASER;LONG KALI;LONG KALI;eyJpdiI6InNNcUxUQWdlaHRHRkFocUFjSnFjVFE9PSIsInZhbHVlIjoic0FxL1hGV3cxU090N3hmQUcwUFlDdz09IiwibWFjIjoiOTA1YzQ3ZmQ2MjY1ZWRmYzlmMGFhY2I3MGM5MTVhMDFhMzdhN2QxYWFiMjRlN2FmNDM4YTIxNjU0ZGYyY2JkNiIsInRhZyI6IiJ9;;[Kegiatan Usaha: -, Kategori: P, KBLI: 85111];;;14/12/2025;UMKM;;;;invalid;;;FALSE;FALSE;TRUE;;;invalid;;;;-1.520988561;116.3247633;sd negeri 002 long kali;0;0;0;;;jl negara rt 13;;85;sd negeri 002 long kali jl negara rt 13 kbli85;1;0;1;0;Aktif;Jlnegara Rt 13;13;0;;;TARIK 02 FEB - 12.00 WITA;6401080006_13_0;-1.5205;116.326769
990;97341619;TBS JAYA LESTARI;JALAN AHMAD YANI;6401050002;64;1;50;2;KALIMANTAN TIMUR;PASER;KUARO;KUARO;eyJpdiI6ImpTWEY4OUsvQklzUjNmRlpadXBWaHc9PSIsInZhbHVlIjoidjJSYUxZVmNKaEpDL0tVREt4TFpmQT09IiwibWFjIjoiZWQzNDBiYjdkOTZhOWJkYjVkODg5NDM1NjhiZWQ0ZjYwNzRiMTZlZWMyOGE3YjFkMTcwMzhiMDVmNzdjMDI5NiIsInRhZyI6IiJ9;;[Kegiatan Usaha: -, Kategori: G, KBLI: 46202];;;26/10/2025;UMKM;;;;invalid;;;FALSE;FALSE;TRUE;;;invalid;;;;;;tbs jaya lestari;0;0;0;;;jalan ahmad yani;;46;tbs jaya lestari jalan ahmad yani kbli46;99;0;1;0;Tidak Ditemukan;JALAN AHMAD YANI;0;0;;;TARIK 02 FEB - 12.00 WITA;6401050002_0_0;;
992;97341641;PRODUKSI KERUPUK PODO MORO;JALAN JEND SUDIRMAN;6401050002;64;1;50;2;KALIMANTAN TIMUR;PASER;KUARO;KUARO;eyJpdiI6Ik1yTnNOaHduRThHaVA5YVR3UXFaVlE9PSIsInZhbHVlIjoibVNJNFZxVjVtbHdNbkpYbG9RR24wUT09IiwibWFjIjoiZTNmYmRjMzFhZWNkNDgwNDRhZGU2YzkxODUxMjAxYWJjZjJiYzgyNTFiMzMxZTYxZTQ1MTRmYWNlNDlhOTQzNiIsInRhZyI6IiJ9;;[Kegiatan Usaha: -, Kategori: C, KBLI: 10794];;;26/10/2025;UMKM;;;;invalid;;;FALSE;FALSE;TRUE;;;invalid;;;;;;produksi kerupuk podo moro;0;0;0;;;jalan jend sudirman;;10;produksi kerupuk podo moro jalan jend sudirman kbli10;99;0;1;0;Tidak Ditemukan;JALAN JEND SUDIRMAN;0;0;;;TARIK 02 FEB - 12.00 WITA;6401050002_0_0;;
993;97341642;PRODUKSI BATU BATA (AZI);JALAN JEND SUDIRMAN;6401050002;64;1;50;2;KALIMANTAN TIMUR;PASER;KUARO;KUARO;eyJpdiI6IkZsMDNhNlBSY0puTEhvdUJadlhTUWc9PSIsInZhbHVlIjoiVlNFMEthQXF6TW1uaEprQ2FVZENnQT09IiwibWFjIjoiZGUzNDgwMzMzNGEzN2U4M2U4M2Q2YmQ0Y2M4ZjE0MjhlNjhhYzhiYjc3MjZmOTVhZjFiNWY4NzI2ZjdiZTU3YiIsInRhZyI6IiJ9;;[Kegiatan Usaha: -, Kategori: C, KBLI: 23921];;;26/10/2025;UMKM;;;;invalid;;;FALSE;FALSE;TRUE;;;invalid;;;;;;produksi batu bata azi;0;0;0;;;jalan jend sudirman;;23;produksi batu bata azi jalan jend sudirman kbli23;99;0;1;0;Tidak Ditemukan;JALAN JEND SUDIRMAN;0;0;;;TARIK 02 FEB - 12.00 WITA;6401050002_0_0;;
994;97341644;MEBEL AMANDA (AZIZ);JALAN JEND SUDIRMAN;6401050002;64;1;50;2;KALIMANTAN TIMUR;PASER;KUARO;KUARO;eyJpdiI6IlR5NGpKaFp0M0loU1gvRTZycU0zRWc9PSIsInZhbHVlIjoicUVpTkxZVWdLQnJicStLVDdvc04rZz09IiwibWFjIjoiNjVkOTQ0MzI0MjM5OTEwMWFmNGQ1YmVjYjg0NTlkMTQyYmU2YWVhYmZiMjkwMTRjN2FkZmZmN2JjMmJkNGQ1ZiIsInRhZyI6IiJ9;;[Kegiatan Usaha: -, Kategori: C, KBLI: 16221];;;26/10/2025;UMKM;;;;invalid;;;FALSE;FALSE;TRUE;;;invalid;;;;;;mebel amanda aziz;0;0;0;;;jalan jend sudirman;;16;mebel amanda aziz jalan jend sudirman kbli16;99;0;1;0;Tidak Ditemukan;JALAN JEND SUDIRMAN;0;0;;;TARIK 02 FEB - 12.00 WITA;6401050002_0_0;;
995;97341645;PENGEPUL ES CREAM (ENDANG);JALAN JEND SUDIRMAN;6401050002;64;1;50;2;KALIMANTAN TIMUR;PASER;KUARO;KUARO;eyJpdiI6IkdVNVhyaDArRGtMUy9USnM5YnNDWUE9PSIsInZhbHVlIjoidW9tYzhlME13VkMyQ01xcGFJR3o4QT09IiwibWFjIjoiZDg3NTI0NzBkMmZiZWY0MTAzNmM5YWQ4ZWRlMjY2YmU0MjhlNTkxYzlkY2NjZWVkY2VhYzJmYWEzZmFiOTUwYSIsInRhZyI6IiJ9;;[Kegiatan Usaha: -, Kategori: G, KBLI: 47222];;;26/10/2025;UMKM;;;;invalid;;;FALSE;FALSE;TRUE;;;invalid;;;;;;pengepul es cream endang;0;0;0;;;jalan jend sudirman;;47;pengepul es cream endang jalan jend sudirman kbli47;99;0;1;0;Tidak Ditemukan;JALAN JEND SUDIRMAN;0;0;;;TARIK 02 FEB - 12.00 WITA;6401050002_0_0;;
996;97341646;WARUNG SEMBAKO(ZAKARIA);JALAN JEND SUDIRMAN;6401050002;64;1;50;2;KALIMANTAN TIMUR;PASER;KUARO;KUARO;eyJpdiI6Ikh1OTYvNUx5UWZGVHBleURqMHh2aUE9PSIsInZhbHVlIjoiam15ZUYyOEhkMVlZeG5GbTFSN2NmQT09IiwibWFjIjoiN2RlYjYzMjFjYTEwZjgxNTU1OThhNTliNGNiYTM2YWJlNGEzNjU2MjIzNDlhMmFkODM4MmNlYzVlNzA0NDczMyIsInRhZyI6IiJ9;;[Kegiatan Usaha: -, Kategori: G, KBLI: 47112];;;26/10/2025;UMKM;;;;invalid;;;FALSE;FALSE;TRUE;;;invalid;;;;;;sembako zakaria;0;0;0;;;jalan jend sudirman;;47;sembako zakaria jalan jend sudirman kbli47;99;0;1;0;Tidak Ditemukan;JALAN JEND SUDIRMAN;0;0;;;TARIK 02 FEB - 12.00 WITA;6401050002_0_0;;
997;97341647;JUAL PAKAIAN KELILING (AMIRUDIN);JALAN JEND SUDIRMAN;6401050002;64;1;50;2;KALIMANTAN TIMUR;PASER;KUARO;KUARO;eyJpdiI6IjJENXpmVGt0SHlSa0JRclhlNXNpMWc9PSIsInZhbHVlIjoiVkdGR21USTVleCtOV2p2aHN3VjVwdz09IiwibWFjIjoiZTU5MjBiODQzMjFkZjljMjMyMmE4MDE3ODhiN2YzMDY3NGI0ZTdkYmVjOGVlNmE3ZDdiNTQ0NjljN2NjZGQ4MiIsInRhZyI6IiJ9;;[Kegiatan Usaha: -, Kategori: G, KBLI: 47994];;;26/10/2025;UMKM;;;;invalid;;;FALSE;FALSE;TRUE;;;invalid;;;;;;jual pakaian keliling amirudin;0;0;0;;;jalan jend sudirman;;47;jual pakaian keliling amirudin jalan jend sudirman kbli47;99;0;1;0;Tidak Ditemukan;JALAN JEND SUDIRMAN;0;0;;;TARIK 02 FEB - 12.00 WITA;6401050002_0_0;;
998;97341650;WARUNG KOSONG (SION);JALAN JEND SUDIRMAN;6401050002;64;1;50;2;KALIMANTAN TIMUR;PASER;KUARO;KUARO;eyJpdiI6Ijh5Y05UZ21hdjEyQzlhQ2F1Wi9RR3c9PSIsInZhbHVlIjoidHlDZXVhNHN1a1laeHl1ZFA2RzIyUT09IiwibWFjIjoiMDk4NzEzNTNiYTU0MzEwZTg2OWMxN2EyZmMyOTVhMjRjZTcyZjBjNjg3NGU5OGY1NWFhNmQxNzk2MTdjNjdiZiIsInRhZyI6IiJ9;;[Kegiatan Usaha: -, Kategori: G, KBLI: 47112];;;26/10/2025;UMKM;;;;invalid;;;FALSE;FALSE;TRUE;;;invalid;;;;;;kosong sion;0;0;0;;;jalan jend sudirman;;47;kosong sion jalan jend sudirman kbli47;99;0;1;0;Tidak Ditemukan;JALAN JEND SUDIRMAN;0;0;;;TARIK 02 FEB - 12.00 WITA;6401050002_0_0;;
999;97341659;LAUNDRY (ITALIANA RAMADHAN);BELAKANG TERMINAL KUARO;6401050002;64;1;50;2;KALIMANTAN TIMUR;PASER;KUARO;KUARO;eyJpdiI6IkFSOFNkbjN2YW9ZMU9EREprTHI1QUE9PSIsInZhbHVlIjoiN2dzMDVOd0QzcG40KzRDanBMQTF4UT09IiwibWFjIjoiM2I4ZWQ1NGNjYjNmZTlhYjdhMjk0OWI0ZjVlOTE3MWQ3NGUwMTVjNTU3ZmY4OGRlZDFjYjA0YjdlNWNhMGZiYiIsInRhZyI6IiJ9;;[Kegiatan Usaha: -, Kategori: S, KBLI: 96200];;;26/10/2025;UMKM;;;;invalid;;;FALSE;FALSE;TRUE;;;invalid;;;;;;laundry italiana ramadhan;0;0;0;;;belakang terminal kuaro;;96;laundry italiana ramadhan belakang terminal kuaro kbli96;99;0;1;0;Tidak Ditemukan;BELAKANG TERMINAL KUARO;0;0;;;TARIK 02 FEB - 12.00 WITA;6401050002_0_0;;
1002;97341643;PEMBUAT BATU NISAN SUMBER REZKI;JALAN JEND SUDIRMAN;6401050002;64;1;50;2;KALIMANTAN TIMUR;PASER;KUARO;KUARO;eyJpdiI6IlNYR2J4QUNmYzBrbmRDY1R6bHJtUEE9PSIsInZhbHVlIjoibUJ6WFFnZjRmVU40Q09WTEJCVUFqQT09IiwibWFjIjoiYjg3YTAxM2ZkM2EyNjNhODVhYjJmMjEyZTRkMTllYzE4NTUxMDQ5YWRlYjdkNjNlODdjZTVlM2ZhMWZjN2ZiYSIsInRhZyI6IiJ9;;[Kegiatan Usaha: -, Kategori: G, KBLI: 47594];;;26/10/2025;UMKM;;;;invalid;;;FALSE;FALSE;TRUE;;;invalid;;;;;;pembuat batu nisan sumber rezki;0;0;0;;;jalan jend sudirman;;47;pembuat batu nisan sumber rezki jalan jend sudirman kbli47;99;0;1;0;Tidak Ditemukan;JALAN JEND SUDIRMAN;0;0;;;TARIK 02 FEB - 12.00 WITA;6401050002_0_0;;
1107;97341889;PEDAGANG PAKAIAN anak (DAYAT);Desa Pait RT 009/000;6401060004;64;1;60;4;KALIMANTAN TIMUR;PASER;LONG IKIS;PAIT;eyJpdiI6IlFDd25xek9jSlpEd29aVnlXUHEzSHc9PSIsInZhbHVlIjoiQVBTVnJCcVVFKytwSEVqMjZBYkhPQT09IiwibWFjIjoiMWNiOTg3N2JkZjI4ZDBiNGYwMDk5NDA3NjcwZGZmMzgwZDBkMDkxNTU2ZmVkOGE2Nzc5Njc3MjkyYWM2OTk0MCIsInRhZyI6IiJ9;;[Kegiatan Usaha: menjual baju anak, Kategori: G, KBLI: 47711];;;26/10/2025;UMKM;;;;invalid;;;FALSE;FALSE;TRUE;;;invalid;;;;-1.60499394;116.1649441;pedagang pakaian anak dayat;0;0;0;;;desa pait rt 009 000;;47;pedagang pakaian anak dayat desa pait rt 009 000 kbli47;1;0;1;0;Aktif;Desa Pait RT 009000;9;0;;;TARIK 02 FEB - 12.00 WITA;6401060004_9_0;-1.60379;116.164064
1119;97341902;TK TUNAS BANGSA;Jl. Pasar Minggu Lama RT. 02;6401060004;64;1;60;4;KALIMANTAN TIMUR;PASER;LONG IKIS;PAIT;eyJpdiI6IkRTRlh3RkU0RzNuR1Vja2t5R2ZmaXc9PSIsInZhbHVlIjoieHZrVWpmVU92K2ZPZ2pSTzZUQUwzZz09IiwibWFjIjoiMzIxNmI0YmJiNmZiY2VkYmFmZmYzZDBmMTU1OWJiOGYzNDAyMTRhOWNjNjllNzE2Yzk0ZGQxMDUxNTYwOGYxOSIsInRhZyI6IiJ9;;[Kegiatan Usaha: -, Kategori: P, KBLI: 85132];;;26/10/2025;UMKM;;;;invalid;;;FALSE;FALSE;TRUE;;;invalid;;;;-1.601313333;116.1690717;tk tunas bangsa;0;0;0;;;jl pasar minggu lama rt 02;;85;tk tunas bangsa jl pasar minggu lama rt 02 kbli85;1;0;1;0;Aktif;Jl Pasar Minggu Lama RT 02;2;0;;1;TARIK 02 FEB - 12.00 WITA;6401060004_2_0;-1.60047;116.169118
1154;97341965;TOKO ASWIN (ZAINAL ARIPIN);JALAN NEGARA;6401060004;64;1;60;4;KALIMANTAN TIMUR;PASER;LONG IKIS;PAIT;eyJpdiI6Imc2ZkNPVFc2UUFHK1V6N0liMmpYY1E9PSIsInZhbHVlIjoiOVR4SXhFemN5WENKaHNZZjlCdVBodz09IiwibWFjIjoiOTczMjNkYjk0NzY4NjI5ODg2MmE0YjNjNTdhYTgwMzI4YzkxYjNiYmE3ZTc0MGMyOGQ4YzliY2M2MDM4ZDcyNSIsInRhZyI6IiJ9;;[Kegiatan Usaha: -, Kategori: G, KBLI: 47112];;;26/10/2025;UMKM;;;;invalid;;;FALSE;FALSE;TRUE;;;invalid;;;;;;aswin zainal aripin;0;0;0;;;jalan negara;;47;aswin zainal aripin jalan negara kbli47;3;0;1;0;Tutup;JALAN NEGARA;0;0;;;TARIK 02 FEB - 12.00 WITA;6401060004_0_0;;
1177;97341972;TOKO BANGUNAN (SITI SARIPAH);DESA PAIT;6401060004;64;1;60;4;KALIMANTAN TIMUR;PASER;LONG IKIS;PAIT;eyJpdiI6Iko4eVhIYkgvWmxuYjkzeDFVNCtBNUE9PSIsInZhbHVlIjoibWo3WjRsaFZhWGk5MU9xRGhaYzh6dz09IiwibWFjIjoiOGQzZTc2MjE0NGY3YzU0NzBhNmVkNWMyNTdhMTg3MGMyNGQ3YTQwNzA2NjhhZDA5ZmI3ZGE0MWIzNDE0ZmM2OCIsInRhZyI6IiJ9;;[Kegiatan Usaha: -, Kategori: G, KBLI: 47528];;;01/11/2025;UMKM;;;;invalid;;;FALSE;FALSE;TRUE;;;invalid;;;;;;bangunan siti saripah;0;0;0;;;desa pait;;47;bangunan siti saripah desa pait kbli47;99;0;1;0;Tidak Ditemukan;DESA PAIT;0;0;;;TARIK 02 FEB - 12.00 WITA;6401060004_0_0;;
1335;97342095;penjual kue keliling <SUJARWO>;desa Pait rt.011;6401060004;64;1;60;4;KALIMANTAN TIMUR;PASER;LONG IKIS;PAIT;eyJpdiI6InpwanBLS21rMVJVMkorMyt3WWVtUFE9PSIsInZhbHVlIjoiT01iOWpMV3NacCtxMHByZzhqdkVQUT09IiwibWFjIjoiMDM3YTM3NTU5N2ZmYzM1MDkwNDhlN2QxMTU2MmZiM2ZkMmYzNTAyNjVkOGU4MGUwN2M1MWFkMTI1NDA0MzEwZSIsInRhZyI6IiJ9;;[Kegiatan Usaha: PEDAGANG KUE keliling, Kategori: I, KBLI: 56104];;;26/10/2025;UMKM;;;;invalid;;;FALSE;FALSE;TRUE;;;invalid;;;;-1.578803537;116.1660835;penjual kue keliling sujarwo;0;0;0;;;desa pait rt 011;;56;penjual kue keliling sujarwo desa pait rt 011 kbli56;1;0;1;1;Aktif;desa Pait rt011;11;0;;;TARIK 02 FEB - 12.00 WITA;6401060004_11_0;-1.606;116.171643
1423;97767605;AGRO BINTANG DHARMA NUSANTARA, PT;Kabupaten Paser;6401040004;64;1;40;4;KALIMANTAN TIMUR;PASER;TANAH GROGOT;TANAH GROGOT;eyJpdiI6InFsSjdYSEg3WGhBWWxVL0NyUGdBOHc9PSIsInZhbHVlIjoiTTZiN2dVbE5RMHN6b1JUTExyQ0VRUT09IiwibWFjIjoiOTRhYTNiNTY0NzA1ZTA3NWIzOTJlZDA4NzVkNzNlZTM0ZWJiNzg2MmY3YjFjMTdiYTE2M2JiODczZWUyZjQ4MCIsInRhZyI6IiJ9;;;;;15/12/2025;UMKM;;;;invalid;;;FALSE;FALSE;TRUE;;;invalid;;;;;;agro bintang dharma nusantara;0;0;0;;;kabupaten paser;;0;agro bintang dharma nusantara  kbli00;99;0;0;0;Tidak Ditemukan;;0;0;;;TARIK 02 FEB - 12.00 WITA;6401040004_0_0;;
1424;97767606;AGRO INTI MANDIRI, PT;Kabupaten Paser;6401040004;64;1;40;4;KALIMANTAN TIMUR;PASER;TANAH GROGOT;TANAH GROGOT;eyJpdiI6IjhxQ1BydE96eWo3ZEJBUS9QWjQvY0E9PSIsInZhbHVlIjoiM1FaVS9Pb2RiTElEdnIvR3lhdFNoZz09IiwibWFjIjoiNWU0YTNkMjRkMzA2MWY1ZDRmY2NkZjJjNzJlNDJhZDBhYjNhMzE0MjM0Njg0NGM1ZjkyZjZhNzEyZWY4MDY2ZiIsInRhZyI6IiJ9;;;;;15/12/2025;UMKM;;;;invalid;;;FALSE;FALSE;TRUE;;;invalid;;;;;;agro inti mandiri;0;0;0;;;kabupaten paser;;0;agro inti mandiri  kbli00;99;0;0;0;Tidak Ditemukan;;0;0;;;TARIK 02 FEB - 12.00 WITA;6401040004_0_0;;
1426;97767612;HANI AMALIA SEJAHTERA, PT;Kabupaten Paser;6401040004;64;1;40;4;KALIMANTAN TIMUR;PASER;TANAH GROGOT;TANAH GROGOT;eyJpdiI6Imtub0J3UXZZdFdQTDJtQ0dPRlZxT2c9PSIsInZhbHVlIjoibSt0YkE4cDdETCtiZUVCYUw5S0JFQT09IiwibWFjIjoiNGQ0NzJiOGJjYjYzMDQwNDlkYWFjY2ZjNTgwYzQyYmQ5YjllNmMyYTY1OGE1MTdkYjYyZWUyNTBkODAxNTg1ZiIsInRhZyI6IiJ9;;;;;15/12/2025;UMKM;;;;invalid;;;FALSE;FALSE;TRUE;;;invalid;;;;;;hani amalia sejahtera;0;0;0;;;kabupaten paser;;0;hani amalia sejahtera  kbli00;99;0;0;0;Tidak Ditemukan;;0;0;;;TARIK 02 FEB - 12.00 WITA;6401040004_0_0;;
1427;97767613;INDO KENCANA AGRI, PT;Kabupaten Paser;6401040004;64;1;40;4;KALIMANTAN TIMUR;PASER;TANAH GROGOT;TANAH GROGOT;eyJpdiI6InhQOGNYbktQOVg2WmdQNTFtSXFsUkE9PSIsInZhbHVlIjoiQ3dLMEdoUncwWE1URGl3eERhdTVEdz09IiwibWFjIjoiNDk3NDEzNzhjY2U4ZDk2ZjkyYzgwZDdlYmRlMzU2MzM5MjQzNDM0NmRjYjM4MzQ4OTY1ZDBmYzQwZmI3MzA2MCIsInRhZyI6IiJ9;;;;;15/12/2025;UMKM;;;;invalid;;;FALSE;FALSE;TRUE;;;invalid;;;;;;indo kencana agri;0;0;0;;;kabupaten paser;;0;indo kencana agri  kbli00;99;0;0;0;Tidak Ditemukan;;0;0;;;TARIK 02 FEB - 12.00 WITA;6401040004_0_0;;
1428;97767614;INDOKARYA GEMA SAKTI, PT;Kabupaten Paser;6401040004;64;1;40;4;KALIMANTAN TIMUR;PASER;TANAH GROGOT;TANAH GROGOT;eyJpdiI6IkVKeUZEMFAwUktEUUkzTGp1Wk0zQ2c9PSIsInZhbHVlIjoicGoyV044RU4vWk01dHhDaHNob21idz09IiwibWFjIjoiMGRhMTAwMjRlMzEwZTA3MzEwMzhkODU2ZjU2MWY0ZjQyMzAwMDY5MjZkN2FlNzk2OGJhYTk0MGQzZjJlZDdiOSIsInRhZyI6IiJ9;;;;;15/12/2025;UMKM;;;;invalid;;;FALSE;FALSE;TRUE;;;invalid;;;;;;indokarya gema sakti;0;0;0;;;kabupaten paser;;0;indokarya gema sakti  kbli00;99;0;0;0;Tidak Ditemukan;;0;0;;;TARIK 02 FEB - 12.00 WITA;6401040004_0_0;;
1429;97767615;INDOMAS PASER, PT;Kabupaten Paser;6401040004;64;1;40;4;KALIMANTAN TIMUR;PASER;TANAH GROGOT;TANAH GROGOT;eyJpdiI6IlNqdVUrSkpmS040NUhEdmk3MXF5ekE9PSIsInZhbHVlIjoiR3JZQ3Y1bnM3QVZETGVoNWJFazNvQT09IiwibWFjIjoiYzQ2NzU0NTE0MjllMWM2YjMyMDYwNGNjMzI1NmMyMTY0NWE0NjRjMGVkYTU0ZTU1OWJmZjhjYjc0NjZiMDFmMiIsInRhZyI6IiJ9;;;;;15/12/2025;UMKM;;;;invalid;;;FALSE;FALSE;TRUE;;;invalid;;;;;;indomas paser;0;0;0;;;kabupaten paser;;0;indomas paser  kbli00;99;0;0;0;Tidak Ditemukan;;0;0;;;TARIK 02 FEB - 12.00 WITA;6401040004_0_0;;
1430;97767616;KALSA ABADI, PT;Kabupaten Paser;6401040004;64;1;40;4;KALIMANTAN TIMUR;PASER;TANAH GROGOT;TANAH GROGOT;eyJpdiI6IlVrSkRBU0JsT1ZTWDVwa1hidjZCRWc9PSIsInZhbHVlIjoic3A2Q3NRMlZYZEF0eC93V25XUHhUQT09IiwibWFjIjoiZmEwYWVkMjBlMmUyZjNiNGI3NjkzNjZjMzM4ZWE5ZDEyMzEyYzQzYTVjZWJlNzRlZTU2MDBjZjJmNDZhNWQ5NiIsInRhZyI6IiJ9;;;;;15/12/2025;UMKM;;;;invalid;;;FALSE;FALSE;TRUE;;;invalid;;;;;;kalsa abadi;0;0;0;;;kabupaten paser;;0;kalsa abadi  kbli00;99;0;0;0;Tidak Ditemukan;;0;0;;;TARIK 02 FEB - 12.00 WITA;6401040004_0_0;;
1431;97767617;LANGGENG MUARA MAKMUR, PT;Kabupaten Paser;6401040004;64;1;40;4;KALIMANTAN TIMUR;PASER;TANAH GROGOT;TANAH GROGOT;eyJpdiI6IlkyY3czUmZncVdFOXNLQUxtSGIwelE9PSIsInZhbHVlIjoia2p3cVY4SlFLMTNLajNaeXo4OHNWZz09IiwibWFjIjoiYjE1ZWI0ZDk5OGQ2M2U5Zjk1MzA2NWY1ODg5NDMzNDRhY2UyYTZhMmQyMjg2NTg5YmZkN2UyMzk3YTNjMTc2ZCIsInRhZyI6IiJ9;;;;;15/12/2025;UMKM;;;;invalid;;;FALSE;FALSE;TRUE;;;invalid;;;;;;langgeng muara makmur;0;0;0;;;kabupaten paser;;0;langgeng muara makmur  kbli00;99;0;0;0;Tidak Ditemukan;;0;0;;;TARIK 02 FEB - 12.00 WITA;6401040004_0_0;;
1432;97767608;BAYAN AGROMAS, PT;Kabupaten Paser;6401040004;64;1;40;4;KALIMANTAN TIMUR;PASER;TANAH GROGOT;TANAH GROGOT;eyJpdiI6IjVQSzRzM2I2bUNNTEJqVGhXVk1GaUE9PSIsInZhbHVlIjoiOFp4dytvaU9lWmZMMFlwSWpTamErdz09IiwibWFjIjoiMjRmYWI5YjI2OGFkM2QzODdjNTVhMzcyNDhlMzg1NjljMTY2NmY0Nzc2NjUwY2MwNGYyY2IwYTkyNDg0NTM4YSIsInRhZyI6IiJ9;;;;;15/12/2025;UMKM;;;;invalid;;;FALSE;FALSE;TRUE;;;invalid;;;;;;bayan agromas;0;0;0;;;kabupaten paser;;0;bayan agromas  kbli00;99;0;0;0;Tidak Ditemukan;;0;0;;;TARIK 02 FEB - 12.00 WITA;6401040004_0_0;;
1433;97767609;BUMI AGRI KHATULISTIWA, PT;Kabupaten Paser;6401040004;64;1;40;4;KALIMANTAN TIMUR;PASER;TANAH GROGOT;TANAH GROGOT;eyJpdiI6Im1KUG43TWhrQ3JKK1pQb1kyd2pGaUE9PSIsInZhbHVlIjoiNzU4MkF1MmRGbVZPK3R4dGp6L0tuUT09IiwibWFjIjoiMmUyOGEzMjQ3NGVjM2YyYThlZmJiNTM2OTExMWVmY2RmMmUxZDgzMTBhNzAxNzdiOGUxODRjYTFmNWRlZGQzZSIsInRhZyI6IiJ9;;;;;15/12/2025;UMKM;;;;invalid;;;FALSE;FALSE;TRUE;;;invalid;;;;;;bumi agri khatulistiwa;0;0;0;;;kabupaten paser;;0;bumi agri khatulistiwa  kbli00;99;0;0;0;Tidak Ditemukan;;0;0;;;TARIK 02 FEB - 12.00 WITA;6401040004_0_0;;
1434;97767619;MULTI JAYANTARA ABADI, PT;Kabupaten Paser;6401040004;64;1;40;4;KALIMANTAN TIMUR;PASER;TANAH GROGOT;TANAH GROGOT;eyJpdiI6InZISVRac1VUMEt0b2VTQk9ua2Vra2c9PSIsInZhbHVlIjoiaEpBQ2VSRkFFSHozc0ozT0lDZ05RQT09IiwibWFjIjoiYjQwZDM5ODhjMjNlMzM4NDU0NGQ4ZTRmZjk5YTVkZDcxY2NlM2VmNGIyMzMxYmUyM2Y1YTJjMzE4MDM4MGMxYiIsInRhZyI6IiJ9;;;;;15/12/2025;UMKM;;;;invalid;;;FALSE;FALSE;TRUE;;;invalid;;;;;;multi jayantara abadi;0;0;0;;;kabupaten paser;;0;multi jayantara abadi  kbli00;99;0;0;0;Tidak Ditemukan;;0;0;;;TARIK 02 FEB - 12.00 WITA;6401040004_0_0;;
1435;97767620;PANDU AGRO UTAMA, PT;Kabupaten Paser;6401040004;64;1;40;4;KALIMANTAN TIMUR;PASER;TANAH GROGOT;TANAH GROGOT;eyJpdiI6IlMrQVIySGhWaGlzRWxqZk4rUk1aZWc9PSIsInZhbHVlIjoiZHlRZndkL1RrbkNJQnZ0L0dwTWVYUT09IiwibWFjIjoiMmQyNzA0ZDNmMDgzODY5NTljOWU3NTBhOTI5YjEzMmMwZmViZGUzOWU2ZjhiZWEzZmRiZDhhOTk0ZWY3NDUwOSIsInRhZyI6IiJ9;;;;;15/12/2025;UMKM;;;;invalid;;;FALSE;FALSE;TRUE;;;invalid;;;;;;pandu agro utama;0;0;0;;;kabupaten paser;;0;pandu agro utama  kbli00;99;0;0;0;Tidak Ditemukan;;0;0;;;TARIK 02 FEB - 12.00 WITA;6401040004_0_0;;
1436;97767624;PTPN XIII (MENDIK), PT;Kabupaten Paser;6401040004;64;1;40;4;KALIMANTAN TIMUR;PASER;TANAH GROGOT;TANAH GROGOT;eyJpdiI6ImtsN09WQUYzSVJMVFYzWm5KUHpadGc9PSIsInZhbHVlIjoiTmlYRlYzbEtvOU9LelVlWHVxNVQ2QT09IiwibWFjIjoiZjFmZDcwNWZjYjVhYmRhYjY5YzdkYjM0YmZiMzk4MDRjYjZjZGQwNjI0MGY4ZDVhODEzYzcyNmVhMTQ0NTEzMyIsInRhZyI6IiJ9;;;;;15/12/2025;UMKM;;;;invalid;;;FALSE;FALSE;TRUE;;;invalid;;;;;;ptpn xiii mendik;0;0;0;;;kabupaten paser;;0;ptpn xiii mendik  kbli00;99;0;0;0;Tidak Ditemukan;;0;0;;;TARIK 02 FEB - 12.00 WITA;6401040004_0_0;;
1437;97767626;SAHABAT SAWIT SEJAHTERA, PT;Kabupaten Paser;6401040004;64;1;40;4;KALIMANTAN TIMUR;PASER;TANAH GROGOT;TANAH GROGOT;eyJpdiI6ImdFMG1oN2gzeitOMUFGdXNMWGdiamc9PSIsInZhbHVlIjoiMzVrUDQ4TWpWWEcvS1dkbndFNTFOUT09IiwibWFjIjoiYTBhNzVjYjZkMjg5MDExYjEzNWJhY2FmMGUwOGRkOWI0YWM5YjRlODVjODNjOGE0MWI1MzAzMzhlYjY4MTQxYyIsInRhZyI6IiJ9;;;;;15/12/2025;UMKM;;;;invalid;;;FALSE;FALSE;TRUE;;;invalid;;;;;;sahabat sawit sejahtera;0;0;0;;;kabupaten paser;;0;sahabat sawit sejahtera  kbli00;99;0;0;0;Tidak Ditemukan;;0;0;;;TARIK 02 FEB - 12.00 WITA;6401040004_0_0;;
1439;97767629;SINAR FAJAR DUA RIBU LESTARI, PT;Kabupaten Paser;6401040004;64;1;40;4;KALIMANTAN TIMUR;PASER;TANAH GROGOT;TANAH GROGOT;eyJpdiI6Imh4dnZ1Skc4QllvYkZFejdMLyszN1E9PSIsInZhbHVlIjoiOEphbk8rKzVpS2QrS244cmR3UGx6dz09IiwibWFjIjoiMDgxOWI5ZWE0ZWNkNWM2ODUwYmIyZDkyNGJlNDYxZWE5M2UzNmMzZDkwZTI0NjhhMzkwYzRjZTU2ZjEwYTllYSIsInRhZyI6IiJ9;;;;;15/12/2025;UMKM;;;;invalid;;;FALSE;FALSE;TRUE;;;invalid;;;;;;sinar fajar dua ribu lestari;0;0;0;;;kabupaten paser;;0;sinar fajar dua ribu lestari  kbli00;99;0;0;0;Tidak Ditemukan;;0;0;;;TARIK 02 FEB - 12.00 WITA;6401040004_0_0;;
1440;97767630;SUKSES SEJAHTERA BENUA, PT;Kabupaten Paser;6401040004;64;1;40;4;KALIMANTAN TIMUR;PASER;TANAH GROGOT;TANAH GROGOT;eyJpdiI6InlvMStxS2w3eExJWlNNb0NQcEV3dlE9PSIsInZhbHVlIjoiRmlQVFprSUdBQW04KzdNanhuM2dJZz09IiwibWFjIjoiZTMzYTIyNjg0ZGY1NGFhYTQ0NzBmODA0ZWI5NDQ3NGI0MjY1MjQyMWM5MDk1ODhhODMyOTJmNmIyNTY1MTk0MyIsInRhZyI6IiJ9;;;;;15/12/2025;UMKM;;;;invalid;;;FALSE;FALSE;TRUE;;;invalid;;;;;;sukses sejahtera benua;0;0;0;;;kabupaten paser;;0;sukses sejahtera benua  kbli00;99;0;0;0;Tidak Ditemukan;;0;0;;;TARIK 02 FEB - 12.00 WITA;6401040004_0_0;;
1448;97767632;SURYA HIJAU MAKMUR, PT;Kabupaten Paser;6401040004;64;1;40;4;KALIMANTAN TIMUR;PASER;TANAH GROGOT;TANAH GROGOT;eyJpdiI6ImlLZjJ4UUFQZEJBSVRUOVZ5eDlmSHc9PSIsInZhbHVlIjoiRlpCZEZmM29Hci9RZWdSNWFBS0RoZz09IiwibWFjIjoiZDlhMzMyOTUyMTFkNzE2ZmE3YmM0NjYyNjUwOTY2ZGYzY2Y0ZTU1MGFkNjdjZjJlODRhNmY2NmU4NjEzNTQ0MiIsInRhZyI6IiJ9;;;;;15/12/2025;UMKM;;;;invalid;;;FALSE;FALSE;TRUE;;;invalid;;;;;;surya hijau makmur;0;0;0;;;kabupaten paser;;0;surya hijau makmur  kbli00;99;0;0;0;Tidak Ditemukan;;0;0;;;TARIK 02 FEB - 12.00 WITA;6401040004_0_0;;
1449;97767633;TRIMADU MURNI ASRI, PT;Kabupaten Paser;6401040004;64;1;40;4;KALIMANTAN TIMUR;PASER;TANAH GROGOT;TANAH GROGOT;eyJpdiI6ImRCbHdGN0VRemx4dnBjOEV5N1JDSXc9PSIsInZhbHVlIjoiRERHWmsyd1FESjdGaHBqWWtGb3Nodz09IiwibWFjIjoiZDM3OTk3MGUwMTJkYmY1MWQ4YzJjY2M5Y2U3ODBlNGM1MDkyMTY1ODAxZDVkMjhiZDBkNWNiNDllMjFiNWZmMiIsInRhZyI6IiJ9;;;;;15/12/2025;UMKM;;;;invalid;;;FALSE;FALSE;TRUE;;;invalid;;;;;;trimadu murni asri;0;0;0;;;kabupaten paser;;0;trimadu murni asri  kbli00;99;0;0;0;Tidak Ditemukan;;0;0;;;TARIK 02 FEB - 12.00 WITA;6401040004_0_0;;
1452;2478177;PERUSAHAAN BONGKAR MUAT BUDI INTI REJEKI, pt;Jalan untung suropati Gg. Cimpedak Blok L2 No. 11 RT. 09;6401040009;64;1;40;9;KALIMANTAN TIMUR;PASER;TANAH GROGOT;JONE;eyJpdiI6ImNZdzJONTFmNlNkWHhBK25kWlhXL0E9PSIsInZhbHVlIjoiYTc2dHlORUVmY3B6MXVXOUhEZ0hMZz09IiwibWFjIjoiYjU2Zjc4NDI5OTEyYzZjNzMzNzg5MWVhMzUxODViZGMzZjVkOWQ4N2E5NmNhMTk5YmViNTNjYThmZDcwMzM3OCIsInRhZyI6IiJ9;;[Kegiatan Usaha: -, Kategori: H, KBLI: 52240];;;26/10/2025;UMKM;Dir Pajak;;;invalid;;;FALSE;FALSE;TRUE;;;invalid;;;;;;perusahaan bongkar muat budi inti rejeki;0;0;0;;;jalan untung suropati gg cimpedak blok l2 no 11 rt 09;;52;perusahaan bongkar muat budi inti rejeki jalan untung suropati gg cimpedak blok l2 no 11 rt 09 kbli52;99;0;0;0;Tidak Ditemukan;Jalan untung suropati Gg Cimpedak Blok L2 No 11 RT 09;9;0;;;TARIK 02 FEB - 12.00 WITA;6401040009_9_0;-1.8979;116.20379
1461;2491483;MINANG UTAMA RADEASA;JALAN SENTIK;6401040004;64;1;40;4;KALIMANTAN TIMUR;PASER;TANAH GROGOT;TANAH GROGOT;eyJpdiI6ImNNZ25sa1A3RU5UbFpFZ3pGSmN4aGc9PSIsInZhbHVlIjoieHdYeUpFM3VicE83QzhkSlU0MFMxQT09IiwibWFjIjoiYjMwYWJjZmUyMTMyMDJlMGIwZTM3NTQxZWRmMmI4ZjlkMjViMDVjOTQxZjE4NDhlMzZjMjQ2NWRmOTMzZGNmYSIsInRhZyI6IiJ9;;[Kegiatan Usaha: -, Kategori: H, KBLI: 49432];;;15/12/2025;UMKM;Dir Pajak;;;invalid;;;FALSE;FALSE;TRUE;;;invalid;;;;;;minang utama radeasa;0;0;0;;;jalan sentik;;49;minang utama radeasa jalan sentik kbli49;99;0;1;0;Tidak Ditemukan;JALAN SENTIK;0;0;;;TARIK 02 FEB - 12.00 WITA;6401040004_0_0;;
1474;2535815;KOPERASI KARYAWAN KARYA TAKA 29;DESA MENDIK;6401080006;64;1;80;6;KALIMANTAN TIMUR;PASER;LONG KALI;LONG KALI;eyJpdiI6InNITFFUc3BnazBKeEdkUTJkZCtYNFE9PSIsInZhbHVlIjoiakVzTEhXVWhIUEhwWnVoeTdObjY1UT09IiwibWFjIjoiYjZkN2FmYzFiYmZkNDJhM2I4OGQ4MmYzODVkMDQxMzg1MzMxZGEyNTAyYmM2NmQ4MGNlZTRlZjkwNjdkYTQ3ZSIsInRhZyI6IiJ9;;;;;21/01/2025;UMKM;Dir Pajak;;;invalid;;;FALSE;FALSE;TRUE;;;invalid;;;;;;karyawan karya taka 29;0;0;0;;;desa mendik;;0;karyawan karya taka 29 desa mendik kbli00;3;0;1;0;Tutup Sementara;DESA MENDIK;0;0;;;TARIK 02 FEB - 12.00 WITA;6401080006_0_0;;
1485;2554381;PENGURUS PUSAT KEGIATAN GUGUS (PKG) AWA BEGAWI TAKA;JL JEND SUDIRMAN NO. 02 RT. 004 RW. 003;6401040004;64;1;40;4;KALIMANTAN TIMUR;PASER;TANAH GROGOT;TANAH GROGOT;eyJpdiI6IkZCaG0rRG9wT2FZeFkxUUhjV0lBN3c9PSIsInZhbHVlIjoibUU4WkZUU2RwVndkZFVscjF3UlBVdz09IiwibWFjIjoiNzk3M2ZlYWY1ZTA4ZjUwNWM0ZDhlZTk4MTJmNzEwNDEzNWU1ZjZlN2ExZTQ1NjExZjljMDViNzhlZTFkYmNjMSIsInRhZyI6IiJ9;;[Kegiatan Usaha: -, Kategori: P, KBLI: 85210];;;15/12/2025;UMKM;Dir Pajak;;;invalid;;;FALSE;FALSE;TRUE;;;invalid;;;;;;pengurus pusat kegiatan gugus pkg awa begawi taka;0;0;0;;;jl jend sudirman no 02 rt 004 rw 003;;85;pengurus pusat kegiatan gugus pkg awa begawi taka jl jend sudirman no 02 rt 004 rw 003 kbli85;1;0;1;0;Aktif;JL JEND SUDIRMAN NO 02 RT 004 RW 003;4;3;;;TARIK 02 FEB - 12.00 WITA;6401040004_4_3;-1.90849;116.193101
1488;2559619;DAYA GANDAGUNA DINAMIKA;JL KAPT. PIERE TENDEAN NO.01 RT.005 RW.004;6401040004;64;1;40;4;KALIMANTAN TIMUR;PASER;TANAH GROGOT;TANAH GROGOT;eyJpdiI6InNQM2FVbEVkQmw3MXFTVmpHS3dYc1E9PSIsInZhbHVlIjoiY2FrSFF3Y2ZyWWhkUlBjTUJkZ3orQT09IiwibWFjIjoiZWJkOThhNmU4MDVmNDZjMmE2NjkxOTZmZDJhMGJhNDE3ZmEwMzJhMzY0MTNkNzRiZTc4MWEyZmFjYzM3YzA4NiIsInRhZyI6IiJ9;;[Kegiatan Usaha: -, Kategori: F, KBLI: 42918];;;15/12/2025;UMKM;Dir Pajak;;;invalid;;;FALSE;FALSE;TRUE;;;invalid;;;;;;daya gandaguna dinamika;0;0;0;;;jl kapt piere tendean no 01 rt 005 rw 004;;42;daya gandaguna dinamika jl kapt piere tendean no 01 rt 005 rw 004 kbli42;1;0;1;0;Aktif;JL KAPT PIERE TENDEAN NO01 RT005 RW004;5;4;;;TARIK 02 FEB - 12.00 WITA;6401040004_5_4;-1.90186;116.196795
1489;2561077;BANK MEGA SYARIAH;JL MODANG NO 12 RT.06 RW.03, TANAH GROGOT;6401040004;64;1;40;4;KALIMANTAN TIMUR;PASER;TANAH GROGOT;TANAH GROGOT;eyJpdiI6InZGNjJvdDYyZU1IRjdLaWxpZzdaVUE9PSIsInZhbHVlIjoiRGMyS3FsRnJwTGJjTEpuZ3hEcGhBZz09IiwibWFjIjoiOWRlM2QwMGQxOTA4ODViZDQyOGUxYzkxNDk4OWJkNGUxYjAzYzdmNmM5YWRkZDFlNjY2MTljMTNiNTBkMDFhNiIsInRhZyI6IiJ9;;[Kegiatan Usaha: -, Kategori: K, KBLI: 64121];;;16/05/2025;UMKM;Dir Pajak;;;invalid;;;FALSE;FALSE;TRUE;;;invalid;;;;;;bank mega syariah;0;0;0;;;jl modang no 12 rt 06 rw 03 tanah grogot;;64;bank mega syariah jl modang no 12 rt 06 rw 03 tanah grogot kbli64;3;0;1;0;Tutup;JL MODANG NO 12 RT06 RW03 TANAH GROGOT;6;3;;;TARIK 02 FEB - 12.00 WITA;6401040004_6_3;-1.91208;116.192794
1490;2562272;DONDAP;JL. KAPT. P. TENDEAN NO.56 RT.05 RW.04, TANAH GROGOT;6401040004;64;1;40;4;KALIMANTAN TIMUR;PASER;TANAH GROGOT;TANAH GROGOT;eyJpdiI6ImJjVHYwTXZYczl0MmdJaXdFOWZSSWc9PSIsInZhbHVlIjoid3NSR05WdkRSNWN1ZWRmUXFTQ0dsQT09IiwibWFjIjoiNmQzMDY2NGYwNDU1ZWUyNmI1NDlhOTIzNGJmNzg0ZDI5NDJhYmU1NzczODljMTNjNTJjY2UzMmEyYTlkOWI0YyIsInRhZyI6IiJ9;;[Kegiatan Usaha: -, Kategori: G, KBLI: 46100];;;15/12/2025;UMKM;Dir Pajak;;;invalid;;;FALSE;FALSE;TRUE;;;invalid;;;;;;dondap;0;0;0;;;jl kapt p tendean no 56 rt 05 rw 04 tanah grogot;;46;dondap jl kapt p tendean no 56 rt 05 rw 04 tanah grogot kbli46;1;0;1;0;Aktif;JL KAPT P TENDEAN NO56 RT05 RW04 TANAH GROGOT;5;4;;;TARIK 02 FEB - 12.00 WITA;6401040004_5_4;-1.90186;116.196795
1492;2562758;SUMBER AULIA;Jl. Negara RT. 009;6401040003;64;1;40;3;KALIMANTAN TIMUR;PASER;TANAH GROGOT;TEPIAN BATANG;eyJpdiI6IjNGTTF6ZmI2THg1eDlJSG5aeFltWXc9PSIsInZhbHVlIjoiY0NocjFsVXBLY1FzSFA2bmswNWdLZz09IiwibWFjIjoiMTY0YWQ4YWY5MDk1NzM4ZjQ5MTFhZTQ3MTAzNjliYzdiMmRhOWFhMDhhMTljZmU4MjNkNzc0ZTQ3NjQxOTFkZiIsInRhZyI6IiJ9;;"[Kegiatan Usaha: -, Kategori: G, KBLI: 47524]; [Kegiatan Usaha: Konstruksi Jaringan Irigasi dan Drai...";;;24/11/2025;UMKM;Dir Pajak;;;invalid;;;FALSE;FALSE;TRUE;;;invalid;;;;;;sumber aulia;0;0;0;;;jl negara rt 009;;47;sumber aulia jl negara rt 009 kbli47;1;0;1;0;Aktif;Jl Negara RT 009;9;0;;;TARIK 02 FEB - 12.00 WITA;6401040003_9_0;-1.89489;116.180273
1493;2564766;SETIA BHAKTI;JL.KAPT.PIERE TENDEAN NO NO.33 RT.05 RW.04, TANAH GROGOT;6401040004;64;1;40;4;KALIMANTAN TIMUR;PASER;TANAH GROGOT;TANAH GROGOT;eyJpdiI6Ik1EM1p5VUVzbFlWZnZ0OExpQUs1Zmc9PSIsInZhbHVlIjoieWRPWjZSaUowclM4alBmWUV3ekRMdz09IiwibWFjIjoiNzcyNDJlZjEzYmMyYzdkYTUzMmUzYjIxOTE1YWU1M2U5NmY1NjNhM2E4Yzc3NGZiYTcyNDYwOWY3M2M0NDFmMiIsInRhZyI6IiJ9;;[Kegiatan Usaha: -, Kategori: F, KBLI: 42918];;;15/12/2025;UMKM;Dir Pajak;;;invalid;;;FALSE;FALSE;TRUE;;;invalid;;;;;;setia bhakti;0;0;0;;;jl kapt piere tendean no no 33 rt 05 rw 04 tanah grogot;;42;setia bhakti jl kapt piere tendean no no 33 rt 05 rw 04 tanah grogot kbli42;1;0;1;0;Aktif;JLKAPTPIERE TENDEAN NO NO33 RT05 RW04 TANAH GROGOT;5;4;;;TARIK 02 FEB - 12.00 WITA;6401040004_5_4;-1.90186;116.196795
1498;2518839;SMART MULTI FINANCE;Jl. Modang No. 41 C, RT. 06 RW. 03;6401040004;64;1;40;4;KALIMANTAN TIMUR;PASER;TANAH GROGOT;TANAH GROGOT;eyJpdiI6ImVtZS94WlpsUUc4VWR0TGpiY3NMNXc9PSIsInZhbHVlIjoibWg0THVZSnVlYjM2dmUxdVhLbWVKdz09IiwibWFjIjoiMjk0MDJmMjhjNzY3MmUwYTIzM2E3YjMzNGY3ODE0OTRhOWMxNzcyN2FmMDZjZDZkMWFmYWI4ZGMzNTk4NmMwNCIsInRhZyI6IiJ9;;"[Kegiatan Usaha: Perusahaan Pembiayaan Konvensional, Kategori: , KBLI: 64911]; [Kegiatan Usaha: -, K...";;;24/11/2025;UMKM;Dir Pajak;;;invalid;;;FALSE;FALSE;TRUE;;;invalid;;;;;;smart multi finance;0;0;0;;;jl modang no 41 c rt 06 rw 03;;64;smart multi finance jl modang no 41 c rt 06 rw 03 kbli64;1;0;1;0;Aktif;Jl Modang No 41 C RT 06 RW 03;6;3;;;TARIK 02 FEB - 12.00 WITA;6401040004_6_3;-1.91208;116.192794
1499;2520071;TRI TUNGGAL JAYA MAKMUR, cv;Jl. D.I. Panjaitan Perum Korpri Tapis Rt. 007;6401040009;64;1;40;9;KALIMANTAN TIMUR;PASER;TANAH GROGOT;JONE;eyJpdiI6Imc3WHM4cnhBOEFvZzJST0d5TGZZbVE9PSIsInZhbHVlIjoiUWV0aGY2RHc0cUE5Uk5oNERTV0svZz09IiwibWFjIjoiNGZlODI5NmYxOWRkNmI5YzJmOTZkNWQzZmIwMDMyZGVlMmQ5ZGY0M2UwZDViYmY1NTI3ZjFkMmFlOTEyNzNmMyIsInRhZyI6IiJ9;;[Kegiatan Usaha: -, Kategori: C, KBLI: 11052];;;26/10/2025;UMKM;Dir Pajak;;;invalid;;;FALSE;FALSE;TRUE;;;invalid;;;;;;tri tunggal jaya makmur;0;0;0;;;jl d i panjaitan perum korpri tapis rt 007;;11;tri tunggal jaya makmur jl d i panjaitan perum korpri tapis rt 007 kbli11;1;0;1;0;Aktif;Jl DI Panjaitan Perum Korpri Tapis Rt 007;7;0;1;;TARIK 02 FEB - 12.00 WITA;6401040009_7_0;-1.88202;116.223205
1500;2520839;AMARTA SADDHA ASRI;JL SULTAN ABDURRAHMAN RT. 015 RW. 006;6401040004;64;1;40;4;KALIMANTAN TIMUR;PASER;TANAH GROGOT;TANAH GROGOT;eyJpdiI6Ijl3eGJTL2F4c3V3WGN5NHpNSEIrRXc9PSIsInZhbHVlIjoibjNaVU1aTWkvVm9uaCtHQ3VMY2w4dz09IiwibWFjIjoiZDVlZWYyY2NmOGM4YzA1YjgxN2I0NzcyNzgwZTkwODYxZTZkMWUwYWUxMDZjZWEwNTBkZGEzMjE3ODVlODZkMCIsInRhZyI6IiJ9;;[Kegiatan Usaha: -, Kategori: G, KBLI: 46100];;;15/12/2025;UMKM;Dir Pajak;;;invalid;;;FALSE;FALSE;TRUE;;;invalid;;;;;;amarta saddha asri;0;0;0;;;jl sultan abdurrahman rt 015 rw 006;;46;amarta saddha asri jl sultan abdurrahman rt 015 rw 006 kbli46;1;0;1;0;Aktif;JL SULTAN ABDURRAHMAN RT 015 RW 006;15;6;;;TARIK 02 FEB - 12.00 WITA;6401040004_15_6;-1.90753;116.198644
1506;2583429;PRADANA NUSANTARA;Jl. Jenderal Ahmad Yani Rt. 010 Rw. 004 Kelurahan: Tanah Grogot Kecamatan: Tanah Grogot Kab/Kota: Kab. Paser Provinsi: Kalimantan Timur;6401040004;64;1;40;4;KALIMANTAN TIMUR;PASER;TANAH GROGOT;TANAH GROGOT;eyJpdiI6IlZZNjFvaVI1NklIeHRqVnBURFNBNGc9PSIsInZhbHVlIjoieWlqVEFnbnZ6aFBYL0FaRkRpa0NXdz09IiwibWFjIjoiYmVhZGUyZDA0Y2ExZTAwNTBiYTE0MzJkYjU3NGQzMjUxYTdhM2NlOGEyZmNiMTc3ODlkN2UxNTNjNzY3YmY4NiIsInRhZyI6IiJ9;;[Kegiatan Usaha: -, Kategori: G, KBLI: 46100];;;07/01/2025;UMKM;Dir Pajak;;;invalid;;;FALSE;FALSE;TRUE;;;invalid;;;;;;pradana nusantara;0;0;0;;;jl jenderal ahmad yani rt 010 rw 004 kelurahan tanah grogot kecamatan tanah grogot kab kota kab paser provinsi kalimantan timur;;46;pradana nusantara jl jenderal ahmad yani rt 010 rw 004 kelurahan tanah grogot kecamatan tanah grogot kab kota kab paser provinsi  kbli46;1;0;1;0;Aktif;Jl Jenderal Ahmad Yani Rt 010 Rw 004 Kelurahan Tanah Grogot Kecamatan Tanah Grogot KabKota Kab Paser Provinsi ;10;4;;;TARIK 02 FEB - 12.00 WITA;6401040004_10_4;-1.90608;116.195803
1510;2589513;KB HANDAYANI;Jl. Yos Sudarso RT. 02 Kel. Kuaro;6401050002;64;1;50;2;KALIMANTAN TIMUR;PASER;KUARO;KUARO;eyJpdiI6InFXaGk0Vlk0MjRURFRkWXI0aGJJOXc9PSIsInZhbHVlIjoiUnUwaE9zcTRyeXNza0MrZGRQc09GUT09IiwibWFjIjoiZmQyMTA2Y2UyODhjZjNhM2JhMTlkZDUwMDJkYmU0MjQ4Yjc3MGFjOWI4N2E2YjA1YjcxYjNkYjZjMTkwYTM2ZSIsInRhZyI6IiJ9;;[Kegiatan Usaha: -, Kategori: P, KBLI: 85133];;;08/07/2025;UMKM;Dir Pajak;;;invalid;;;FALSE;FALSE;TRUE;;;invalid;;;;-1.820523333;116.0865733;kb handayani;0;0;0;;;jl yos sudarso rt 02 kel kuaro;;85;kb handayani jl yos sudarso rt 02 kel kuaro kbli85;1;0;1;0;Aktif;Jl Yos Sudarso RT 02 Kel Kuaro;2;0;;;TARIK 02 FEB - 12.00 WITA;6401050002_2_0;-1.8194;116.091971
1530;2618276;BERPAS JAYA;JL KUSUMA BANGSA KM.I GG SERATAI NO 44 RT 02, TEPIAN BATANG;6401040003;64;1;40;3;KALIMANTAN TIMUR;PASER;TANAH GROGOT;TEPIAN BATANG;eyJpdiI6ImtadmwreEpTYnZHN2Ftenl0aDVSUFE9PSIsInZhbHVlIjoiaXZmellxL1d4VkFuRm5lN2t0bzllQT09IiwibWFjIjoiNGEyOWQ3N2M2OTViOWY5ZDkzNjE2M2UwZWQ1Yzc5MDdmN2YxNzJkZGU2M2M4YzJlNGE0YmU3MDNiNWQ1MzhhOSIsInRhZyI6IiJ9;;[Kegiatan Usaha: -, Kategori: F, KBLI: 43211];;;15/12/2025;UMKM;Dir Pajak;;;invalid;;;FALSE;FALSE;TRUE;;;invalid;;;;;;berpas jaya;0;0;0;;;jl kusuma bangsa km i gg seratai no 44 rt 02 tepian batang;;43;berpas jaya jl kusuma bangsa km i gg seratai no 44 rt 02 tepian batang kbli43;1;0;1;0;Aktif;JL KUSUMA BANGSA KMI GG SERATAI NO 44 RT 02 TEPIAN BATANG;2;0;;;TARIK 02 FEB - 12.00 WITA;6401040003_2_0;-1.90361;116.186163
1534;2622433;LONG KALI BATUAH;Jl. Negara, RT. 001;6401080006;64;1;80;6;KALIMANTAN TIMUR;PASER;LONG KALI;LONG KALI;eyJpdiI6IlJTMkgzQ09PY1hWWWRsQWY5MThLNEE9PSIsInZhbHVlIjoielFwdk1jUks0aFJPNEtyQjBhcFJzZz09IiwibWFjIjoiOTM5ZWIxZGQ2ZmEyYWQ0MDZkMDA1MTNlMzZjZTgyMmVkZjkwMmRkZmZhZjI1MGNkYjEzMzFjN2IwZDkzNzEzZCIsInRhZyI6IiJ9;;"[Kegiatan Usaha: -, Kategori: G, KBLI: 47111]; [Kegiatan Usaha: Konstruksi Gedung Perbelanjaan, Kate...";;;24/11/2025;UMKM;Dir Pajak;;;invalid;;;FALSE;FALSE;TRUE;;;invalid;;;;-1.520174127;116.3194174;long kali batuah;0;0;0;;;jl negara rt 001;;47;long kali batuah jl negara rt 001 kbli47;1;0;1;0;Aktif;Jl Negara RT 001;1;0;;;TARIK 02 FEB - 12.00 WITA;6401080006_1_0;-1.5208;116.320584
1535;2623676;KLINIK UTAMA ''SAYANG IBU'';JL. JEND SUDIRMAN;6401040004;64;1;40;4;KALIMANTAN TIMUR;PASER;TANAH GROGOT;TANAH GROGOT;eyJpdiI6ImNjRHlDVDYrRXJJT25oYVRQZE9iOUE9PSIsInZhbHVlIjoiK1VVZGtyREsrdG9KMlpmM0tya3ozUT09IiwibWFjIjoiYzQ3OWE5OTUzMjE0OTc3NWRhMWNlY2QwYjEwOTI1NGU4MWU0Y2RiYTVlZDcxMTc5NjM4ZThlOTViNmQwZDQyMSIsInRhZyI6IiJ9;;[Kegiatan Usaha: -, Kategori: Q, KBLI: 86901];;;10/02/2025;UMKM;Dir Pajak;;;invalid;;;FALSE;FALSE;TRUE;;;invalid;;;;;;klinik utama sayang ibu;0;0;0;;;jl jend sudirman;;86;klinik utama sayang ibu jl jend sudirman kbli86;3;0;1;0;Tutup;JL JEND SUDIRMAN;0;0;;;TARIK 02 FEB - 12.00 WITA;6401040004_0_0;;
1539;2628975;MTS AL IHSAN;JL. SENAKEN RT. 04;6401040016;64;1;40;16;KALIMANTAN TIMUR;PASER;TANAH GROGOT;SENAKEN;eyJpdiI6Im9NTWhFbDQ2N1N0dGxtVUVES1ZlbEE9PSIsInZhbHVlIjoiT0RJWDU5ekJ6OGVTT3M2YU9lbFVCdz09IiwibWFjIjoiMTU3MWQ4OGYzMTQwMmUzNWUwZTgyOTE3ZTk5MjlhMDVkYjg0MzQ4OGRlZTAwODVmNDU1MWJkZDVjY2E0ZWRkOSIsInRhZyI6IiJ9;;[Kegiatan Usaha: -, Kategori: P, KBLI: 85122];;;27/06/2025;UMKM;Dir Pajak;;;invalid;;;FALSE;FALSE;TRUE;;;invalid;;;;;;mts al ihsan;0;0;0;;;jl senaken rt 04;;85;mts al ihsan jl senaken rt 04 kbli85;1;0;1;0;Aktif;JL SENAKEN RT 04;4;0;;;TARIK 02 FEB - 12.00 WITA;6401040016_4_0;-1.90267;116.204881
1544;2639822;HIDAYAT JAYA UTAMA;JL. MODANG RT.005 RW.002, TANAH GROGOT;6401040004;64;1;40;4;KALIMANTAN TIMUR;PASER;TANAH GROGOT;TANAH GROGOT;eyJpdiI6IjV4cFF6UFBhbXY1Nnd2RGRTb2VtVFE9PSIsInZhbHVlIjoiV2FNL3RPUXZnZTdmRnFVY0NaYmNKUT09IiwibWFjIjoiMDhhM2MyNzg4NDk3NGE1YzE1OGZlNzFjNjI4NjI5MzMzYjE1OGMwOWRkZmVkZGZmODAxOThiOGRiODQzYTkwMyIsInRhZyI6IiJ9;;[Kegiatan Usaha: -, Kategori: G, KBLI: 46100];;;15/12/2025;UMKM;Dir Pajak;;;invalid;;;FALSE;FALSE;TRUE;;;invalid;;;;;;hidayat jaya utama;0;0;0;;;jl modang rt 005 rw 002 tanah grogot;;46;hidayat jaya utama jl modang rt 005 rw 002 tanah grogot kbli46;1;0;1;0;Aktif;JL MODANG RT005 RW002 TANAH GROGOT;5;2;;;TARIK 02 FEB - 12.00 WITA;6401040004_5_2;-1.91515;116.194355
1558;2472904;SUMBER JAYA;Jl. RA. KARTINI Rt. 013 Rw. 004;6401040004;64;1;40;4;KALIMANTAN TIMUR;PASER;TANAH GROGOT;TANAH GROGOT;eyJpdiI6IklybXBsU2ZVaSsvSk9sdEk4UWVuZ2c9PSIsInZhbHVlIjoiQ2FmbjZ0ODZtWTQ5andoTk56THNtQT09IiwibWFjIjoiM2NhNmM2NzM4Yjc5NmY3Y2ZhOTZjOWE2OTIxZTcwYTA2Nzg1YjVhYmQ5YzhjMDg5YTFhMzY0M2I1MDFiNDU5MiIsInRhZyI6IiJ9;;"[Kegiatan Usaha: -, Kategori: G, KBLI: 47111]; [Kegiatan Usaha: Konstruksi Jaringan Irigasi dan Drai...";;;24/11/2025;UMKM;Dir Pajak;;;invalid;;;FALSE;FALSE;TRUE;;;invalid;;;;;;sumber jaya;0;0;0;;;jl ra kartini rt 013 rw 004;;47;sumber jaya jl ra kartini rt 013 rw 004 kbli47;1;0;1;0;Aktif;Jl RA KARTINI Rt 013 Rw 004;13;4;;;TARIK 02 FEB - 12.00 WITA;6401040004_13_4;-1.9044;116.191298
1559;2473239;ISEDTA MUCHSYAM PUTRA;JL.JEND.SUDIRMAN NO.9 RT.001/03, TANAH GROGOT;6401040004;64;1;40;4;KALIMANTAN TIMUR;PASER;TANAH GROGOT;TANAH GROGOT;eyJpdiI6IkRDbG9YUWhOeTQ4VS9ZL2hRQ0R2Ymc9PSIsInZhbHVlIjoiUG5oZEQzQURURjQrMC9LYU40NStJUT09IiwibWFjIjoiNjIxMWNhNmYzN2NiMzU3NGJlYjRmNGUwZGMzNTE4NDNhOWI1MDI3ODdiYmQ3OGE2OWY4NTliNDQzZTY2NWZkYiIsInRhZyI6IiJ9;;[Kegiatan Usaha: -, Kategori: F, KBLI: 42918];;;15/12/2025;UMKM;Dir Pajak;;;invalid;;;FALSE;FALSE;TRUE;;;invalid;;;;;;isedta muchsyam putra;0;0;0;;;jl jend sudirman no 9 rt 001 03 tanah grogot;;42;isedta muchsyam putra jl jend sudirman no 9 rt 001 03 tanah grogot kbli42;1;0;1;0;Aktif;JLJENDSUDIRMAN NO9 RT00103 TANAH GROGOT;1;3;;;TARIK 02 FEB - 12.00 WITA;6401040004_1_3;-1.91242;116.194233
1576;2666963;MITRA SEJATI;JL.SENAKEN RT.10, JONE;6401040009;64;1;40;9;KALIMANTAN TIMUR;PASER;TANAH GROGOT;JONE;eyJpdiI6IlIyV1d2aUtEZEZ2YXNrR2xNd1VybFE9PSIsInZhbHVlIjoiM1pnTVM1Wk1nWDBGeGtxNi9yU0gxdz09IiwibWFjIjoiNWEzYTE1NzU2YzUyZWNmNGJjNmE4ODIyNTA4OTFlMjlhNDU1YzA3ZTQzZDIzODJhNzM1MjFmNzk4Y2RhMGM3NiIsInRhZyI6IiJ9;;[Kegiatan Usaha: -, Kategori: G, KBLI: 46100];;;15/12/2025;UMKM;Dir Pajak;;;invalid;;;FALSE;FALSE;TRUE;;;invalid;;;;;;mitra sejati;0;0;0;;;jl senaken rt 10 jone;;46;mitra sejati jl senaken rt 10 jone kbli46;1;0;1;0;Aktif;JLSENAKEN RT10 JONE;10;0;;;TARIK 02 FEB - 12.00 WITA;6401040009_10_0;-1.90152;116.200814
1577;2668680;KKG PENDIDIKAN AGAMA KATOLIK KAB.PASER;KO KORPRI BLOK C2 NO.06 RT.13, JONE;6401040009;64;1;40;9;KALIMANTAN TIMUR;PASER;TANAH GROGOT;JONE;eyJpdiI6Iitpdk13SmdNQ0Y1SWJuTHo0TXpRWVE9PSIsInZhbHVlIjoidWt2cDdUSUJ0S0JLSXJ2R1ZxQnhSQT09IiwibWFjIjoiZTk3YzVjNGRjMzQ3NTI4NTI0ODBmZDdiMjk3MGYyYWI2OTA0MDg2Y2JlZjIyYWRhMzMyZDYzYzZhZmMyYTI1MyIsInRhZyI6IiJ9;;[Kegiatan Usaha: -, Kategori: P, KBLI: 85440];;;15/12/2025;UMKM;Dir Pajak;;;invalid;;;FALSE;FALSE;TRUE;;;invalid;;;;;;kkg pendidikan agama katolik kab paser;0;0;0;;;ko korpri blok c2 no 06 rt 13 jone;;85;kkg pendidikan agama katolik kab paser ko korpri blok c2 no 06 rt 13 jone kbli85;1;0;1;0;Aktif;KO KORPRI BLOK C2 NO06 RT13 JONE;13;0;;;TARIK 02 FEB - 12.00 WITA;6401040009_13_0;-1.85236;116.222954
1581;2687909;SAHABAT KITA;JL.ANDEN OKO, RT- 004, RW- 001;6401040004;64;1;40;4;KALIMANTAN TIMUR;PASER;TANAH GROGOT;TANAH GROGOT;eyJpdiI6InZqcld3amZYWS9od3psajh5M1NucUE9PSIsInZhbHVlIjoiZDBudmU1QXo0Uyt3a01uR1hYM2FKdz09IiwibWFjIjoiZTNkZTIzMGQ0ZTYxMTAwZjQyNGU5ZTQyYTM1YTMyMTg3MTc5ZGUwN2ZiN2MxZWQyODBhNzg5ZWUwMzlkZDQ5NyIsInRhZyI6IiJ9;;"[Kegiatan Usaha: -, Kategori: G, KBLI: 46100]; [Kegiatan Usaha: Perdagangan Eceran Pupuk Dan Pembera...";;;24/11/2025;UMKM;Dir Pajak;;;invalid;;;FALSE;FALSE;TRUE;;;invalid;;;;;;sahabat kita;0;0;0;;;jl anden oko rt 004 rw 001;;46;sahabat kita jl anden oko rt 004 rw 001 kbli46;1;0;1;0;Aktif;JLANDEN OKO RT 004 RW 001;4;1;;;TARIK 02 FEB - 12.00 WITA;6401040004_4_1;-1.91111;116.200027
1583;2692635;ALIF;JL JEND. SUDIRMAN RT. 003 RW. 003;6401040004;64;1;40;4;KALIMANTAN TIMUR;PASER;TANAH GROGOT;TANAH GROGOT;eyJpdiI6IkM4R2tUL1NTdG8rWVBiMVBqOTVxWXc9PSIsInZhbHVlIjoibkJwYm55Smo0TnQyMlM1RXBjMk9Rdz09IiwibWFjIjoiMWNlYTlkOWI1ZjBlNzY5NWIwYzZmMDI0OWM1MDE5MDk4ZGFhZmE0MDg5YjA2MWFkYmM3NTRjMTJlNWU3YmFhZiIsInRhZyI6IiJ9;;[Kegiatan Usaha: -, Kategori: G, KBLI: 46100];;;15/12/2025;UMKM;Dir Pajak;;;invalid;;;FALSE;FALSE;TRUE;;;invalid;;;;;;alif;0;0;0;;;jl jend sudirman rt 003 rw 003;;46;alif jl jend sudirman rt 003 rw 003 kbli46;1;0;1;0;Aktif;JL JEND SUDIRMAN RT 003 RW 003;3;3;;;TARIK 02 FEB - 12.00 WITA;6401040004_3_3;-1.90683;116.188644
1584;2693364;RANTAI INDONESIA SEJATI, PT;DESA BATU KAJANG;6401010011;64;1;10;11;KALIMANTAN TIMUR;PASER;BATU SOPANG;BATU KAJANG;eyJpdiI6ImZhbmwvaXN0WVRVaFNCbkNCSUZET3c9PSIsInZhbHVlIjoiNzNKOFNvTzBZQk5xOGxmdk1sN2lQZz09IiwibWFjIjoiNjkzYjg1NTEwNDUyZjFjOWNkYmYwNzJhYzcxOWQ0YTI0ODU5MjI3ZjEzOTVlOTFmMWVlNWU3MTE2OGY0ZTZjNiIsInRhZyI6IiJ9;;[Kegiatan Usaha: -, Kategori: N, KBLI: 77394];;;24/11/2025;UMKM;Dir Pajak;;;invalid;;;FALSE;FALSE;TRUE;;;invalid;;;;;;rantai indonesia sejati;0;0;0;;;desa batu kajang;;77;rantai indonesia sejati desa batu kajang kbli77;3;0;0;0;Tutup;DESA BATU KAJANG;0;0;;;TARIK 02 FEB - 12.00 WITA;6401010011_0_0;;
1585;2696479;SEMERU JAYA AGUNG;Jalan Negara, RT. 016;6401080006;64;1;80;6;KALIMANTAN TIMUR;PASER;LONG KALI;LONG KALI;eyJpdiI6IjBGYW0ra1dpMElCVFUzUGQ0SmRCemc9PSIsInZhbHVlIjoiaGJ2VWhFT1BLYnFwbnNnV2ZXYUlIZz09IiwibWFjIjoiMjVjM2Q1Y2E4YjJkNTA4OWU4ZTQxYjQxZmU5YWQ0ZmM5YWJlMDIwNzc0ZGVhZThiYzgzNTc1NGI2NmFkZDAyOSIsInRhZyI6IiJ9;;"[Kegiatan Usaha: -, Kategori: G, KBLI: 45301]; [Kegiatan Usaha: Perdagangan Besar Atas Dasar Balas J...";;;24/11/2025;UMKM;Dir Pajak;;;invalid;;;FALSE;FALSE;TRUE;;;invalid;;;;-1.521295231;116.3191056;semeru jaya agung;0;0;0;;;jalan negara rt 016;;45;semeru jaya agung jalan negara rt 016 kbli45;1;0;1;0;Aktif;Jalan Negara RT 016;16;0;;;TARIK 02 FEB - 12.00 WITA;6401080006_16_0;-1.51851;116.316413
1591;2701395;BANGUN CIPTA - RAKA UTAMA KSO;JL. KAPT. PIERE TENDEAN Gg. SEPAKAT RT.006 RW.004;6401040004;64;1;40;4;KALIMANTAN TIMUR;PASER;TANAH GROGOT;TANAH GROGOT;eyJpdiI6Ik02OVlkZkg0Q0tBUjRJWTl5bVlweGc9PSIsInZhbHVlIjoiRnUwRHB5ME9mcXo5SngrUWNQWGlrQT09IiwibWFjIjoiMmFkOGIxNWY4ZTYzZmYxMjgwM2MyY2FjYmNhZWJiNDZhZjcwZWE0ZTM0YmVmOTMwZjliZTA2YWU3YjRiODZhMiIsInRhZyI6IiJ9;;[Kegiatan Usaha: -, Kategori: F, KBLI: 41018];;;15/12/2025;UMKM;Dir Pajak;;;invalid;;;FALSE;FALSE;TRUE;;;invalid;;;;;;bangun cipta raka utama kso;0;0;0;;;jl kapt piere tendean gg sepakat rt 006 rw 004;;41;bangun cipta raka utama kso jl kapt piere tendean gg sepakat rt 006 rw 004 kbli41;1;0;0;0;Aktif;JL KAPT PIERE TENDEAN Gg SEPAKAT RT006 RW004;6;4;;;TARIK 02 FEB - 12.00 WITA;6401040004_6_4;-1.90257;116.193782
1598;2716696;CINTA SAUDARA;JL A WAHAB SYAHRANI NO.02 RT 012 RW 04, TANAH GROGOT;6401040004;64;1;40;4;KALIMANTAN TIMUR;PASER;TANAH GROGOT;TANAH GROGOT;eyJpdiI6ImpkY1hXODNTVm1xY0Q3YWFsOVBnK2c9PSIsInZhbHVlIjoiRTJvTDJnUUFlcElpUENqcnBPbEV3QT09IiwibWFjIjoiNjdhMjQyOTNkOTY3ZmI0Njc4OGNiZjRhMzViYmY4YjBiOGZkNGUzYWYxNGI0NmY0ZGQ1ZTNiYzUzYTJhNThjMyIsInRhZyI6IiJ9;;[Kegiatan Usaha: -, Kategori: F, KBLI: 41016];;;15/12/2025;UMKM;Dir Pajak;;;invalid;;;FALSE;FALSE;TRUE;;;invalid;;;;;;cinta saudara;0;0;0;;;jl a wahab syahrani no 02 rt 012 rw 04 tanah grogot;;41;cinta saudara jl a wahab syahrani no 02 rt 012 rw 04 tanah grogot kbli41;1;0;1;0;Aktif;JL A WAHAB SYAHRANI NO02 RT 012 RW 04 TANAH GROGOT;12;4;;;TARIK 02 FEB - 12.00 WITA;6401040004_12_4;-1.90673;116.193399
1607;2735119;PANCA DAYA MARITIM SUKSES;JL. UNTUNG SUROPATI Gg. AMAS RT.003 JONE;6401040009;64;1;40;9;KALIMANTAN TIMUR;PASER;TANAH GROGOT;JONE;eyJpdiI6IjgxaHB2UG5sWVErbkI5SFlvbXpTdUE9PSIsInZhbHVlIjoib1M2UzZaNWpPcWF3a3h3ZjgyVDZhQT09IiwibWFjIjoiZWE5NTE0YTY3Yzc4MmNjOTJkNTljNmQxZjAyZjE5N2FmZWMxMTI3M2M3ZWQwNmRlYmQ5ZTY4MjU4ZDFlYTUxNSIsInRhZyI6IiJ9;;[Kegiatan Usaha: -, Kategori: H, KBLI: 52221];;;15/12/2025;UMKM;Dir Pajak;;;invalid;;;FALSE;FALSE;TRUE;;;invalid;;;;;;panca daya maritim sukses;0;0;0;;;jl untung suropati gg amas rt 003 jone;;52;panca daya maritim sukses jl untung suropati gg amas rt 003 jone kbli52;1;0;1;0;Aktif;JL UNTUNG SUROPATI Gg AMAS RT003 JONE;3;0;;;TARIK 02 FEB - 12.00 WITA;6401040009_3_0;-1.89786;116.201887
1613;2746957;SINAR JAYA;jalan gajah mada gang dahlia rt 007 rw 003;6401040004;64;1;40;4;KALIMANTAN TIMUR;PASER;TANAH GROGOT;TANAH GROGOT;eyJpdiI6Ik11K1MyMUNEWEpKdUt1R2gxYVR2eVE9PSIsInZhbHVlIjoiRzJZQzlPYzNqSUhhUENha3VsbVRwdz09IiwibWFjIjoiZWQwYmMzYzAwYzBhODUxMjNhZjVlZGI3YzU0M2E4NDNjYjllNTQ3YzMxYWIzNjZjOTllNWUwZDQxMzU4N2QxOSIsInRhZyI6IiJ9;;"[Kegiatan Usaha: -, Kategori: G, KBLI: 46100]; [Kegiatan Usaha: Konstruksi Jaringan Irigasi dan Drai...";;;24/11/2025;UMKM;Dir Pajak;;;invalid;;;FALSE;FALSE;TRUE;;;invalid;;;;;;sinar jaya;0;0;0;;;jalan gajah mada gang dahlia rt 007 rw 003;;46;sinar jaya jalan gajah mada gang dahlia rt 007 rw 003 kbli46;99;0;1;0;Tidak Ditemukan;jalan gajah mada gang dahlia rt 007 rw 003;7;3;;;TARIK 02 FEB - 12.00 WITA;6401040004_7_3;-1.90916;116.188706
1621;2684165;INDEPENDENT PRODUCTION;JL. AHMAD YANI;6401040004;64;1;40;4;KALIMANTAN TIMUR;PASER;TANAH GROGOT;TANAH GROGOT;eyJpdiI6IjNhclhnbVlaL0NXOUdiSEFSUXFycHc9PSIsInZhbHVlIjoibllzaGJPYU1DUFFhZ2QvQnJCdDh0UT09IiwibWFjIjoiNmI2ZTc2ZmNlMDQ2NzczOWRjMjI0Y2MwMmQ0NTU0MTMwOWIwMmIzZWM2MzNkZjg0OGMyNTRkYmNhZGM3MTY4YSIsInRhZyI6IiJ9;;[Kegiatan Usaha: -, Kategori: N, KBLI: 82302];;;15/12/2025;UMKM;Dir Pajak;;;invalid;;;FALSE;FALSE;TRUE;;;invalid;;;;;;independent production;0;0;0;;;jl ahmad yani;;82;independent production jl ahmad yani kbli82;3;0;1;0;Tutup;JL AHMAD YANI;0;0;;;TARIK 02 FEB - 12.00 WITA;6401040004_0_0;;
1628;2763944;INDAH JAYA TAKA;JL NEGARA RT.013, LONG KALI;6401080006;64;1;80;6;KALIMANTAN TIMUR;PASER;LONG KALI;LONG KALI;eyJpdiI6IlM1VDlyeWFWNkNYVG5WeGNxYmsyQmc9PSIsInZhbHVlIjoiZFNTV1hsNnk5bEpDNzhrdW1QUmx0QT09IiwibWFjIjoiOWMyNjM2YTQ4NDAwZjI2MjgwMzEyYTJmN2FmZTgyZjIyZjJhOGYxOTA4N2Y0OTg2NDFhZmRiOWQwOWNjZWQ3YiIsInRhZyI6IiJ9;;[Kegiatan Usaha: -, Kategori: G, KBLI: 47111];;;15/12/2025;UMKM;Dir Pajak;;;invalid;;;FALSE;FALSE;TRUE;;;invalid;;;;-1.521311653;116.3252106;indah jaya taka;0;0;0;;;jl negara rt 013 long kali;;47;indah jaya taka jl negara rt 013 long kali kbli47;1;0;1;0;Aktif;JL NEGARA RT013 LONG KALI;13;0;;;TARIK 02 FEB - 12.00 WITA;6401080006_13_0;-1.5205;116.326769
1644;2782163;MUJAHID AKBAR;JL.UNTUNG SUROPATI NO.11 RT.002, JONE;6401040009;64;1;40;9;KALIMANTAN TIMUR;PASER;TANAH GROGOT;JONE;eyJpdiI6ImJ3VWsySTVGSExpTHlnd2xocmVwSWc9PSIsInZhbHVlIjoiSlp5VXZRVEFvNng3N0xJRzRjSDRrQT09IiwibWFjIjoiZjlkNjYxYjNjNDgyMjQ0YTcyZDEwNDU2OWU4YTBlZTA5NTFkNjQyMDA0OGExYWM1MDllMTY0MDM2YzE4NGYzNCIsInRhZyI6IiJ9;;[Kegiatan Usaha: -, Kategori: F, KBLI: 42918];;;15/12/2025;UMKM;Dir Pajak;;;invalid;;;FALSE;FALSE;TRUE;;;invalid;;;;;;mujahid akbar;0;0;0;;;jl untung suropati no 11 rt 002 jone;;42;mujahid akbar jl untung suropati no 11 rt 002 jone kbli42;1;0;1;0;Aktif;JLUNTUNG SUROPATI NO11 RT002 JONE;2;0;;;TARIK 02 FEB - 12.00 WITA;6401040009_2_0;-1.89666;116.199164
1645;2782955;ARCHITAMA MEGA TEKNIK;JL DURIAN PERUM JONE INDAH BLK.H1 NO 34 RT 12;6401040009;64;1;40;9;KALIMANTAN TIMUR;PASER;TANAH GROGOT;JONE;eyJpdiI6IjZPS2ljYy8rOGFCWjEzZkxoVDU4c0E9PSIsInZhbHVlIjoiQjZBbG5UVGZFaURaVUdFV0ZsMGFmZz09IiwibWFjIjoiNjNmNzg1MDBhNmE4NWNhMzliNDg4M2JmZDhiNTc5ZDNiOTZlYzQ2MjQ2NTA5NmEyNDVhY2FiOTU3YjdjZWJmOCIsInRhZyI6IiJ9;;[Kegiatan Usaha: -, Kategori: M, KBLI: 71101];;;15/12/2025;UMKM;Dir Pajak;;;invalid;;;FALSE;FALSE;TRUE;;;invalid;;;;;;architama mega teknik;0;0;0;;;jl durian perum jone indah blk h1 no 34 rt 12;;71;architama mega teknik jl durian perum jone indah blk h1 no 34 rt 12 kbli71;1;0;1;0;Aktif;JL DURIAN PERUM JONE INDAH BLKH1 NO 34 RT 12;12;0;1;;TARIK 02 FEB - 12.00 WITA;6401040009_12_0;-1.89214;116.206914
1659;2808293;PUSAT KEGIATAN BELAJAR MASYARAKAT AL-HIDAYAH;JL. DESA PEPARA RT.002, JONE;6401040009;64;1;40;9;KALIMANTAN TIMUR;PASER;TANAH GROGOT;JONE;eyJpdiI6ImZzMThVR0NMWFEvZnBiVmI1bnBpWGc9PSIsInZhbHVlIjoiakNpNVhpdkhlMTI0MjhBUHY4Q3phdz09IiwibWFjIjoiNDRkZDMyY2NjYWIzYTRmYmNkZmM2YTM3ZmE3ZTYwZmU3MjE1N2M2NTFkNWRlYjk5YjczMWY0YjkzNDZlZjQ2NSIsInRhZyI6IiJ9;;[Kegiatan Usaha: -, Kategori: P, KBLI: 85440];;;15/12/2025;UMKM;Dir Pajak;;;invalid;;;FALSE;FALSE;TRUE;;;invalid;;;;;;pusat kegiatan belajar masyarakat al hidayah;0;0;0;;;jl desa pepara rt 002 jone;;85;pusat kegiatan belajar masyarakat al hidayah jl desa pepara rt 002 jone kbli85;1;0;1;0;Aktif;JL DESA PEPARA RT002 JONE;2;0;;;TARIK 02 FEB - 12.00 WITA;6401040009_2_0;-1.89666;116.199164
1686;2841562;MADRASAH TSANAWIYAH AL IKHLAS LONG KALI;JL.MASJID NURUL IJTIHAD KM 65 RT 014;6401080006;64;1;80;6;KALIMANTAN TIMUR;PASER;LONG KALI;LONG KALI;eyJpdiI6ImY5Qk5rUjR5V1lJZ2lJbUd1bG92YUE9PSIsInZhbHVlIjoiSHBUV2d1N0w5NDgxcmFobzB5aXkxZz09IiwibWFjIjoiMGQ5MTMzZTUwMTMyZjE1Nzk5NDc3N2U0NTU1MDU1ZmU2YjUzMzkwYmFmZTU1YTZiYmI4Mzk0MjE2NTE1ZWQwMiIsInRhZyI6IiJ9;;[Kegiatan Usaha: -, Kategori: P, KBLI: 85122];;;14/12/2025;UMKM;Dir Pajak;;;invalid;;;FALSE;FALSE;TRUE;;;invalid;;;;-1.520332322;116.3248029;madrasah tsanawiyah al ikhlas long kali;0;0;0;;;jl masjid nurul ijtihad km 65 rt 014;;85;madrasah tsanawiyah al ikhlas long kali jl masjid nurul ijtihad km 65 rt 014 kbli85;1;0;1;0;Aktif;JLMASJID NURUL IJTIHAD KM 65 RT 014;14;0;;;TARIK 02 FEB - 12.00 WITA;6401080006_14_0;-1.50549;116.329552
1692;2848811;RAIHAN ALFARISI;JL SULTAN HASANUDIN RT. 01 RW. 02;6401040004;64;1;40;4;KALIMANTAN TIMUR;PASER;TANAH GROGOT;TANAH GROGOT;eyJpdiI6Ijd3RmRTRnV1bjRXeFJpR2x6TUhuY0E9PSIsInZhbHVlIjoib3dBQkdHYnpYWitNNHp3NGxxa09qUT09IiwibWFjIjoiM2ZhZTNlNWViNGM1OWUzNmEzMjk4NTNlMGQ1YTBlYzI0M2MwMzE3MDU2ODMyNjBiZTc2YzgzNDMzZGY3MmZkMSIsInRhZyI6IiJ9;;[Kegiatan Usaha: -, Kategori: G, KBLI: 47411];;;15/12/2025;UMKM;Dir Pajak;;;invalid;;;FALSE;FALSE;TRUE;;;invalid;;;;;;raihan alfarisi;0;0;0;;;jl sultan hasanudin rt 01 rw 02;;47;raihan alfarisi jl sultan hasanudin rt 01 rw 02 kbli47;1;0;1;0;Aktif;JL SULTAN HASANUDIN RT 01 RW 02;1;2;;;TARIK 02 FEB - 12.00 WITA;6401040004_1_2;-1.91744;116.196977
1701;2868490;MENARA LANGIT PROPERTINDO;Jl. Untung Suropati RT. 15;6401040009;64;1;40;9;KALIMANTAN TIMUR;PASER;TANAH GROGOT;JONE;eyJpdiI6IjFqdEsvVDJ0dURiS0toeklxT1lGZEE9PSIsInZhbHVlIjoiQWdPRy9WRFYrWHZ5bGRKbi9EUDhVdz09IiwibWFjIjoiN2RlMDFlODUzYjVhZGVkMDIzNTk1ZjgxMjJjMjlmNDU0MmU3ZTU0ZjFhYmI4YzAwNzQ0NmVlZGJlODc4YTdmYiIsInRhZyI6IiJ9;;[Kegiatan Usaha: -, Kategori: L, KBLI: 68200];;;08/01/2025;UMKM;Dir Pajak;;;invalid;;;FALSE;FALSE;TRUE;;;invalid;;;;;;menara langit propertindo;0;0;0;;;jl untung suropati rt 15;;68;menara langit propertindo jl untung suropati rt 15 kbli68;1;0;1;0;Aktif;Jl Untung Suropati RT 15;15;0;;;TARIK 02 FEB - 12.00 WITA;6401040009_15_0;-1.87691;116.205362
1711;2880779;VIDAMAS;JL.R.SUPRAPTO RT.15 RW.6, TANAH GROGOT;6401040004;64;1;40;4;KALIMANTAN TIMUR;PASER;TANAH GROGOT;TANAH GROGOT;eyJpdiI6IkkremZkdWFrdTRvMkJFUGp3MFd5UHc9PSIsInZhbHVlIjoibGRHK0puU3UwdmZNcVhEVER1V3JoZz09IiwibWFjIjoiMmZjYTQxOTFkYjhhOWQwMjhlZmY3Njc1M2U4MDhhZjNmYThjYWZmNDMxYjZmMDI4ZWQ3MWE2YjAwNTk4YmIxNiIsInRhZyI6IiJ9;;[Kegiatan Usaha: -, Kategori: G, KBLI: 46100];;;15/12/2025;UMKM;Dir Pajak;;;invalid;;;FALSE;FALSE;TRUE;;;invalid;;;;;;vidamas;0;0;0;;;jl r suprapto rt 15 rw 6 tanah grogot;;46;vidamas jl r suprapto rt 15 rw 6 tanah grogot kbli46;1;0;1;0;Aktif;JLRSUPRAPTO RT15 RW6 TANAH GROGOT;15;6;;;TARIK 02 FEB - 12.00 WITA;6401040004_15_6;-1.90753;116.198644
1717;2898116;RADIO PEMERINTAH KABUPATEN PASER;JL RM NOTO SUNARDI;6401040004;64;1;40;4;KALIMANTAN TIMUR;PASER;TANAH GROGOT;TANAH GROGOT;eyJpdiI6IlBoaWNqcnhPOWt4VHF2L3UzcUI0bWc9PSIsInZhbHVlIjoidWxIMW5tdzJTeEFNQzZ0ZmJHVWxIdz09IiwibWFjIjoiMTI0YjQyNzg2Mzk2MDRjYzVlYWU1ZGQ1NDhhMjZiODFiNTZkYWQ4NzQ0ZDA1NGQ1ZGZlMWI2NTY1M2FiMjhmMCIsInRhZyI6IiJ9;;[Kegiatan Usaha: -, Kategori: J, KBLI: 60101];;;31/10/2024;UMKM;Dir Pajak;;;invalid;;;FALSE;FALSE;TRUE;;;invalid;;;;;;radio pemerintah kabupaten paser;0;0;0;;;jl rm noto sunardi;;60;radio pemerintah  jl rm noto sunardi kbli60;3;0;1;0;Tutup;JL RM NOTO SUNARDI;0;0;;;TARIK 02 FEB - 12.00 WITA;6401040004_0_0;;
1736;2924710;BIMA PUTRA;JL NEGARA RT.007, PAIT;6401060004;64;1;60;4;KALIMANTAN TIMUR;PASER;LONG IKIS;PAIT;eyJpdiI6InYvckU0NW5tUEtvbFg4QUV3c3Y5N2c9PSIsInZhbHVlIjoiUFMwN2g4VlNmVGRRaHJwd0lkcEN1UT09IiwibWFjIjoiZTUyYjM5YWI5ZmZhMmZhZWQxN2MzNDA1ODE1N2M4NmRlMDJmZTg4N2VlYjM0NTk1MDU3YWEzM2ZmMWQzNWIxOCIsInRhZyI6IiJ9;;[Kegiatan Usaha: -, Kategori: G, KBLI: 46100];;;15/12/2025;UMKM;Dir Pajak;;;invalid;;;FALSE;FALSE;TRUE;;;invalid;;;;-1.60658852;116.1657988;bima putra;0;0;0;;;jl negara rt 007 pait;;46;bima putra jl negara rt 007 pait kbli46;1;0;1;0;Aktif;JL NEGARA RT007 PAIT;7;0;;;TARIK 02 FEB - 12.00 WITA;6401060004_7_0;-1.60708;116.16403
1743;2836110;AL - AMIN;JL. KH AHMAD DAHLAN NO NO. 28 RT.06 RW.06, TANAH GROGOT;6401040004;64;1;40;4;KALIMANTAN TIMUR;PASER;TANAH GROGOT;TANAH GROGOT;eyJpdiI6ImY2bjQ0Ym5FMTNCaUN4bzgzNUNZRmc9PSIsInZhbHVlIjoiUENUM3d3YXJsUW9UK1d5ZEVuVGtoZz09IiwibWFjIjoiODgwNGFlNWUyYjkyYjQyMTUwYzFlZDAxZTBkYzFhYzUyYTUwMWJlYTUwNGU1ZTMzYjA1ZGQ0ZDRkNDI2ZTkwNCIsInRhZyI6IiJ9;;[Kegiatan Usaha: -, Kategori: G, KBLI: 46100];;;15/12/2025;UMKM;Dir Pajak;;;invalid;;;FALSE;FALSE;TRUE;;;invalid;;;;;;al amin;0;0;0;;;jl kh ahmad dahlan no no 28 rt 06 rw 06 tanah grogot;;46;al amin jl kh ahmad dahlan no no 28 rt 06 rw 06 tanah grogot kbli46;1;0;1;0;Aktif;JL KH AHMAD DAHLAN NO NO 28 RT06 RW06 TANAH GROGOT;6;6;;;TARIK 02 FEB - 12.00 WITA;6401040004_6_6;-1.90864;116.198126
1746;2885418;ASIA MANDIRI;JL SULTAN HASANUDDIN GG.HIBAH ALI RT.002 RW.01;6401040004;64;1;40;4;KALIMANTAN TIMUR;PASER;TANAH GROGOT;TANAH GROGOT;eyJpdiI6ImJ1Qk45dDRqdzh3RzR3cVozdGVpRkE9PSIsInZhbHVlIjoiMW9Id1NnZWRHNjhWVFlXclRrZkZTQT09IiwibWFjIjoiMmU3ODcyZTk5NWM0ZmFlYjE2N2YwMjllMzc5YmQyNzIzZjU5MWM5YWViZTIyY2I0YWUyNjA0MTUwMzlkODdiOSIsInRhZyI6IiJ9;;[Kegiatan Usaha: -, Kategori: G, KBLI: 46100];;;15/12/2025;UMKM;Dir Pajak;;;invalid;;;FALSE;FALSE;TRUE;;;invalid;;;;;;asia mandiri;0;0;0;;;jl sultan hasanuddin gg hibah ali rt 002 rw 01;;46;asia mandiri jl sultan hasanuddin gg hibah ali rt 002 rw 01 kbli46;1;0;1;0;Aktif;JL SULTAN HASANUDDIN GGHIBAH ALI RT002 RW01;2;1;;;TARIK 02 FEB - 12.00 WITA;6401040004_2_1;-1.92095;116.198901
1747;2885647;POLA ANDHIKA REALTOR;JL Jend Ahmad Yani No 21 RT 014 RW 006;6401040004;64;1;40;4;KALIMANTAN TIMUR;PASER;TANAH GROGOT;TANAH GROGOT;eyJpdiI6Ii9sODc3L1RZTkhuREdwYmFvZGR6R2c9PSIsInZhbHVlIjoiSm4vRFM3eWZyMlhzOGdlNHNZallpZz09IiwibWFjIjoiMGQ0YmU3NTVkZmU3OTFjNjRhNDg0MDc3MjI5ZGU1NDc0YjU0ZTdhZTQzZTQ3MDQ4NDMyMmYyZmIwNjBmNzE1NiIsInRhZyI6IiJ9;;"[Kegiatan Usaha: -, Kategori: F, KBLI: 41019]; [Kegiatan Usaha: Pertambangan Batu Bara, Kategori: , ...";;;24/11/2025;UMKM;Dir Pajak;;;invalid;;;FALSE;FALSE;TRUE;;;invalid;;;;;;pola andhika realtor;0;0;0;;;jl jend ahmad yani no 21 rt 014 rw 006;;41;pola andhika realtor jl jend ahmad yani no 21 rt 014 rw 006 kbli41;1;0;1;0;Aktif;JL Jend Ahmad Yani No 21 RT 014 RW 006;14;6;;;TARIK 02 FEB - 12.00 WITA;6401040004_14_6;-1.90355;116.198665
1762;2948105;GRAMANINEA CORPORATION;JL. HOS COKROAMINOTO NO 00 RT.12 RW.05, TANAH GROGOT;6401040004;64;1;40;4;KALIMANTAN TIMUR;PASER;TANAH GROGOT;TANAH GROGOT;eyJpdiI6Ik5VRzZYbmhZTUxPNk0xeGl0YTN0a2c9PSIsInZhbHVlIjoiSkMwaW51aVZ4ZGZMR0dHRkw2bFlFdz09IiwibWFjIjoiN2NkNGYxNmRkYmY1MWZiNTdhNjBmOGU3ZWI3OGYxNGYxNzg0NzdmODFiNjJlNGUyOWMxYmJiNmJjMzg4YWJkMyIsInRhZyI6IiJ9;;[Kegiatan Usaha: -, Kategori: F, KBLI: 41019];;;15/12/2025;UMKM;Dir Pajak;;;invalid;;;FALSE;FALSE;TRUE;;;invalid;;;;;;gramaninea corporation;0;0;0;;;jl hos cokroaminoto no 00 rt 12 rw 05 tanah grogot;;41;gramaninea corporation jl hos cokroaminoto no 00 rt 12 rw 05 tanah grogot kbli41;1;0;1;0;Aktif;JL HOS COKROAMINOTO NO 00 RT12 RW05 TANAH GROGOT;12;5;;;TARIK 02 FEB - 12.00 WITA;6401040004_12_5;-1.91719;116.19379
1768;2957037;PINUS MERAH ABADI, pt;JL. Untung Suropati KM.03, RT 001;6401040009;64;1;40;9;KALIMANTAN TIMUR;PASER;TANAH GROGOT;JONE;eyJpdiI6ImYrVjFFbmdNaEkvTmZLVTJWUjRNWVE9PSIsInZhbHVlIjoiazQ2R1NmRXVGKzl5elhZZGZTTGF2dz09IiwibWFjIjoiNWI2YjQwNDZlNjc5MGViNTAzNDFhNjdhOGNmYWYzMDYwYmQ4YzAwMzIyODQ1NDkyMDQ0MjVjOGVlMjU3YmI1NiIsInRhZyI6IiJ9;;[Kegiatan Usaha: -, Kategori: G, KBLI: 46100];;;26/10/2025;UMKM;Dir Pajak;;;invalid;;;FALSE;FALSE;TRUE;;;invalid;;;;;;pinus merah abadi;0;0;0;;;jl untung suropati km 03 rt 001;;46;pinus merah abadi jl untung suropati km 03 rt 001 kbli46;1;0;0;0;Aktif;JL Untung Suropati KM03 RT 001;1;0;;;TARIK 02 FEB - 12.00 WITA;6401040009_1_0;-1.88218;116.206753
1770;2962977;SUPER SUKSES MOTOR;RM.NOTO SUNARDI;6401040004;64;1;40;4;KALIMANTAN TIMUR;PASER;TANAH GROGOT;TANAH GROGOT;eyJpdiI6IjBHZmV1WnNWM2JsdWFQREJtOFY2MGc9PSIsInZhbHVlIjoiUkxKckEwSkwrdU1vMFg4aFU2emlGZz09IiwibWFjIjoiNGQ0ZTVkNzU3ZWU3NTk0YjY2YTA4NTQzMzEwYmNjNzYyNGI4ZmFhY2VmODIwYjAwZmRmY2NkMDM1MzE5YTI5YyIsInRhZyI6IiJ9;;[Kegiatan Usaha: -, Kategori: G, KBLI: 45401];;;24/12/2025;UMKM;Dir Pajak;;;invalid;;;FALSE;FALSE;TRUE;;;invalid;;;;;;super sukses motor;0;0;0;;;rm noto sunardi;;45;super sukses motor rm noto sunardi kbli45;99;0;1;0;Tidak Ditemukan;RMNOTO SUNARDI;0;0;;;TARIK 02 FEB - 12.00 WITA;6401040004_0_0;;
1786;2986284;SERBA USAHA;JL JEND.SUDIRMAN RT.010/00, KUARO;6401050002;64;1;50;2;KALIMANTAN TIMUR;PASER;KUARO;KUARO;eyJpdiI6InhRSUpYRmFDWlBZWnBmOE96TEU5cmc9PSIsInZhbHVlIjoiNk1Kb0xWMUNpNC9hOUtGaC9WbGNCZz09IiwibWFjIjoiYmIyNmUyZjQ3YWExYmIzOGMxNzNhN2RlMzZkOGU1M2NkYzBmYmE2MjNjZDEwNWZjMjMzYWRhZDYzYTIxZDA3YSIsInRhZyI6IiJ9;;[Kegiatan Usaha: -, Kategori: G, KBLI: 46100];;;15/12/2025;UMKM;Dir Pajak;;;invalid;;;FALSE;FALSE;TRUE;;;invalid;;;;-1.825743333;116.0830433;serba usaha;0;0;0;;;jl jend sudirman rt 010 00 kuaro;;46;serba usaha jl jend sudirman rt 010 00 kuaro kbli46;1;0;1;0;Aktif;JL JENDSUDIRMAN RT01000 KUARO;10;0;;;TARIK 02 FEB - 12.00 WITA;6401050002_10_0;-1.82798;116.085983
1793;3000653;ASA;JL DI.PANJAITAN GG.PURI TAPIS RT. 017 RW. 004;6401040004;64;1;40;4;KALIMANTAN TIMUR;PASER;TANAH GROGOT;TANAH GROGOT;eyJpdiI6IndMWStTOXZTaERBN2UreUxKVFJyQUE9PSIsInZhbHVlIjoiay9GYzBMM2J5eHV0S1F3TVRWZW1UQT09IiwibWFjIjoiMTg1NzY0N2M3OGEzOThmM2YwMmU0MWQwMDZiNDQ1NDgyOTZhNGU3Y2JiMDUwMDM3YWZmOTI2NTNjMGFhZWFjNiIsInRhZyI6IiJ9;;[Kegiatan Usaha: -, Kategori: N, KBLI: 82302];;;15/12/2025;UMKM;Dir Pajak;;;invalid;;;FALSE;FALSE;TRUE;;;invalid;;;;;;asa;0;0;0;;;jl di panjaitan gg puri tapis rt 017 rw 004;;82;asa jl di panjaitan gg puri tapis rt 017 rw 004 kbli82;1;0;1;0;Aktif;JL DIPANJAITAN GGPURI TAPIS RT 017 RW 004;17;4;;;TARIK 02 FEB - 12.00 WITA;6401040004_17_4;-1.8938;116.190345
1798;3010866;TRI JAYA PASER;JL. ANDI ZEIN ASSEGAF RT. 007;6401040009;64;1;40;9;KALIMANTAN TIMUR;PASER;TANAH GROGOT;JONE;eyJpdiI6Ik1zU1BaUU5iYUFRQUZCZ3RWaDEyanc9PSIsInZhbHVlIjoiL1RWb280R0daeEszcGhLTUx3Z0pBQT09IiwibWFjIjoiOGJmOTllNTdlYmQ2ZjM0NDBlYzcwMjkxNzIyMDJjMGFjNGQ2Y2E1NjI1YzE2NjdjOWE0ZWM3NjU3MzM5N2FmNCIsInRhZyI6IiJ9;;"[Kegiatan Usaha: Real Estat Yang Dimiliki Sendiri Atau Disewa, Kategori: , KBLI: 68111]; [Kegiatan U...";;;24/11/2025;UMKM;Dir Pajak;;;invalid;;;FALSE;FALSE;TRUE;;;invalid;;;;;;tri jaya paser;0;0;0;;;jl andi zein assegaf rt 007;;68;tri jaya paser jl andi zein assegaf rt 007 kbli68;1;0;1;0;Aktif;JL ANDI ZEIN ASSEGAF RT 007;7;0;;;TARIK 02 FEB - 12.00 WITA;6401040009_7_0;-1.88202;116.223205
1799;3011617;MAJU MANDIRI;JL RM NOTO SUNARDI NO NO 34 RT.4 RW.5, TANAH GROGOT;6401040004;64;1;40;4;KALIMANTAN TIMUR;PASER;TANAH GROGOT;TANAH GROGOT;eyJpdiI6InZTc2NqbFdJYTJXR0ZaL1FhOWlxVVE9PSIsInZhbHVlIjoicFZna3N5enRpdFYzazc4ZlNLVUJFZz09IiwibWFjIjoiZjlhYjA0ZjEzMDIzM2NiZTgyY2QyZGRjZjUxMzczY2ZjY2QyMGZmNGI3OGM5OTI0ZjAzNmEzYzAxM2Q2YjQzNyIsInRhZyI6IiJ9;;[Kegiatan Usaha: -, Kategori: S, KBLI: 95240];;;15/12/2025;UMKM;Dir Pajak;;;invalid;;;FALSE;FALSE;TRUE;;;invalid;;;;;;maju mandiri;0;0;0;;;jl rm noto sunardi no no 34 rt 4 rw 5 tanah grogot;;95;maju mandiri jl rm noto sunardi no no 34 rt 4 rw 5 tanah grogot kbli95;1;0;1;0;Aktif;JL RM NOTO SUNARDI NO NO 34 RT4 RW5 TANAH GROGOT;4;5;;;TARIK 02 FEB - 12.00 WITA;6401040004_4_5;-1.91588;116.190193
1800;2982165;ASIA AFRIKA JAYA;JL. SENAKEN RT.10, JONE;6401040009;64;1;40;9;KALIMANTAN TIMUR;PASER;TANAH GROGOT;JONE;eyJpdiI6InB4dnFWUjdOZU1INzBEUksrRVpoUkE9PSIsInZhbHVlIjoiQVVXSEVSZURkaG9jZi9EZVpKOU9NZz09IiwibWFjIjoiMWY4MjZhNzJlMDg2NDU0MTg1YzM1MTY4MWM4NmYxMjk5YmY5N2M0YWQ3MjViNWU3Njc2YWU5NTEyNjhmMmVjNiIsInRhZyI6IiJ9;;[Kegiatan Usaha: -, Kategori: C, KBLI: 14111];;;15/12/2025;UMKM;Dir Pajak;;;invalid;;;FALSE;FALSE;TRUE;;;invalid;;;;;;asia afrika jaya;0;0;0;;;jl senaken rt 10 jone;;14;asia afrika jaya jl senaken rt 10 jone kbli14;1;0;1;0;Aktif;JL SENAKEN RT10 JONE;10;0;;;TARIK 02 FEB - 12.00 WITA;6401040009_10_0;-1.90152;116.200814
1803;2984639;USAHA WINA BARU;Jalan Jendral Sudirman RT. 004 RW. 004;6401040004;64;1;40;4;KALIMANTAN TIMUR;PASER;TANAH GROGOT;TANAH GROGOT;eyJpdiI6IkwyWEJiT0F5Q1IrOFBHNE4xRTNSNUE9PSIsInZhbHVlIjoiUmhxNHY4RTVCWWd6OG44bjRJcWgyUT09IiwibWFjIjoiMzAwNTk0MmM0MzlkZTg3MmEwMzcxOTY3NTUyYjRmM2Y1OTk2MjBjODdkYjRlNGIxZDY0ZjUxMmY0Nzk1N2RjZSIsInRhZyI6IiJ9;;"[Kegiatan Usaha: -, Kategori: G, KBLI: 46100]; [Kegiatan Usaha: Jasa Boga Untuk Suatu Event Tertentu...";;;24/11/2025;UMKM;Dir Pajak;;;invalid;;;FALSE;FALSE;TRUE;;;invalid;;;;;;usaha wina baru;0;0;0;;;jalan jendral sudirman rt 004 rw 004;;46;usaha wina baru jalan jendral sudirman rt 004 rw 004 kbli46;1;0;1;0;Aktif;Jalan Jendral Sudirman RT 004 RW 004;4;4;;;TARIK 02 FEB - 12.00 WITA;6401040004_4_4;-1.90073;116.186873
1804;2984816;PERDIAN;JALAN GAJAH MADA RT 007 RW 003;6401040004;64;1;40;4;KALIMANTAN TIMUR;PASER;TANAH GROGOT;TANAH GROGOT;eyJpdiI6IkN0RWtTS3RzR2I4VkJxYmFSNDhEcmc9PSIsInZhbHVlIjoiYVNnWnhkK0JVVlIxeUg2WVFoek9Odz09IiwibWFjIjoiMGI0MmUzMTlhOTBlODIwOTBjZGE5NjZiOThmMTVhMTU2MjYyMWE0NTk0MTVkODY0NTJiMzhjYzQwMjQyYWMyOSIsInRhZyI6IiJ9;;"[Kegiatan Usaha: Konstruksi Gedung Hunian, Kategori: , KBLI: 41011]; [Kegiatan Usaha: -, Kategori: G...";;;24/11/2025;UMKM;Dir Pajak;;;invalid;;;FALSE;FALSE;TRUE;;;invalid;;;;;;perdian;0;0;0;;;jalan gajah mada rt 007 rw 003;;41;perdian jalan gajah mada rt 007 rw 003 kbli41;1;0;1;0;Aktif;JALAN GAJAH MADA RT 007 RW 003;7;3;;;TARIK 02 FEB - 12.00 WITA;6401040004_7_3;-1.90916;116.188706
1811;3036254;BIJAK INDONESIA KONSULTAN;Jl. Jone - Pondong, Jl. Merawen. Blok Aqila 16-01 RT.01;6401040009;64;1;40;9;KALIMANTAN TIMUR;PASER;TANAH GROGOT;JONE;eyJpdiI6IjNWVk9jSHMyd1FLdGJkYnFoemdBdUE9PSIsInZhbHVlIjoiRGJTbzk3NXloWm5USXZ0SUZWUVRLQT09IiwibWFjIjoiZjAxNThmOWNmMmQwMGYwOTkxNjE2Nzc0ZDVhZWNlZTBlOGQ4YzUwMDliNDMxZTc5YTUzMTA5YjExNDk3NTE3ZiIsInRhZyI6IiJ9;;"[Kegiatan Usaha: -, Kategori: M, KBLI: 71101]; [Kegiatan Usaha: Aktivitas Konsultasi Manajemen Lainn...";;;24/11/2025;UMKM;Dir Pajak;;;invalid;;;FALSE;FALSE;TRUE;;;invalid;;;;;;bijak indonesia konsultan;0;0;0;;;jl jone pondong jl merawen blok aqila 16 01 rt 01;;71;bijak indonesia konsultan jl jone pondong jl merawen blok aqila 16 01 rt 01 kbli71;1;0;1;0;Aktif;Jl Jone Pondong Jl Merawen Blok Aqila 1601 RT01;1;0;;;TARIK 02 FEB - 12.00 WITA;6401040009_1_0;-1.88218;116.206753
1812;3039377;BANGUN ALAM PERKASA;JL RANTAU PANJANG RT 006, JONE;6401040009;64;1;40;9;KALIMANTAN TIMUR;PASER;TANAH GROGOT;JONE;eyJpdiI6IkZNVFFYOE8yNUY0UzhkZ2RNeXBQN3c9PSIsInZhbHVlIjoiM2VtUkh1VmlFSENLQWszNTIrRmo1Zz09IiwibWFjIjoiNDI3MWFkZTM0NDZlNjVjMmU0YjM4ZWUwOGVjNGU2ODI2N2MyNWNkOTkxZjk2YzE0NDc3YzMyZDA0NDgwYmU5NyIsInRhZyI6IiJ9;;[Kegiatan Usaha: -, Kategori: F, KBLI: 43905];;;15/12/2025;UMKM;Dir Pajak;;;invalid;;;FALSE;FALSE;TRUE;;;invalid;;;;;;bangun alam perkasa;0;0;0;;;jl rantau panjang rt 006 jone;;43;bangun alam perkasa jl rantau panjang rt 006 jone kbli43;1;0;1;0;Aktif;JL RANTAU PANJANG RT 006 JONE;6;0;;;TARIK 02 FEB - 12.00 WITA;6401040009_6_0;-1.89731;116.230252
1817;3023918;REPUBLIK KOMPUTER INDONESIA;JL RM.NOTO SUNARDI RT. 007 RW. 005;6401040004;64;1;40;4;KALIMANTAN TIMUR;PASER;TANAH GROGOT;TANAH GROGOT;eyJpdiI6IjhDUHlDRVBLVHZsTGNlMU15M3hKNUE9PSIsInZhbHVlIjoiZVVxczY1WmtWd3FwK2ZlazZPbkdjUT09IiwibWFjIjoiNGNhYWVmMmQ4NWU4MmYzMWU4M2QwODg3MDVhNzIyOWI0ODkwZWVkOWE4NjJmMWVkNWZlMWVhMzE3MTljOWMwZCIsInRhZyI6IiJ9;;[Kegiatan Usaha: -, Kategori: G, KBLI: 46511];;;15/12/2025;UMKM;Dir Pajak;;;invalid;;;FALSE;FALSE;TRUE;;;invalid;;;;;;republik komputer indonesia;0;0;0;;;jl rm noto sunardi rt 007 rw 005;;46;republik komputer indonesia jl rm noto sunardi rt 007 rw 005 kbli46;1;0;1;0;Aktif;JL RMNOTO SUNARDI RT 007 RW 005;7;5;;;TARIK 02 FEB - 12.00 WITA;6401040004_7_5;-1.91446;116.191951
1873;3068513;KOPRINKA MUTIARA PASER JAYA;JALAN KUSUMA BANGSA RT 12;6401040003;64;1;40;3;KALIMANTAN TIMUR;PASER;TANAH GROGOT;TEPIAN BATANG;eyJpdiI6IkhjOWVkZFVsY05zdWdzR052bFpkZ2c9PSIsInZhbHVlIjoiN005ZnB5NFE1RVQ5d2dyTzQzWkRDdz09IiwibWFjIjoiZWEyNTdhOTQ0NDA1MjAyY2QyNGQwMDI0NGFjMmRkZDNiMGFiNjIwMGI5YjE0ZDZkZjJkMDk2NWE0NmE4MTk4YyIsInRhZyI6IiJ9;;;;;07/01/2025;UMKM;Dir Pajak;;;invalid;;;FALSE;FALSE;TRUE;;;invalid;;;;;;koprinka mutiara paser jaya;0;0;0;;;jalan kusuma bangsa rt 12;;0;koprinka mutiara paser jaya jalan kusuma bangsa rt 12 kbli00;1;0;1;0;Aktif;JALAN KUSUMA BANGSA RT 12;12;0;;;TARIK 02 FEB - 12.00 WITA;6401040003_12_0;-1.8686;116.174606
1878;3071952;VITARKA GITA;Jl. Dokter Cipto Mangunkusumo RT 04 RW 04 No 52;6401040004;64;1;40;4;KALIMANTAN TIMUR;PASER;TANAH GROGOT;TANAH GROGOT;eyJpdiI6ImgyOGtYcC9HWk9QdGVVT1VxUlhWY3c9PSIsInZhbHVlIjoiU1YxYTdTaDB5aXQrMHpHOTYvNmdMdz09IiwibWFjIjoiZDk3MjI1MDJhOTUwNDc0MGNiYmIwOWEwMTkzYWJkOTUwNGRlZDdlOTJmMmJjZWMzOTRkZjU4NTRmZWI1Y2Y1NyIsInRhZyI6IiJ9;;"[Kegiatan Usaha: Aktivitas Penunjang pertambangan dan penggalian lainnya, Kategori: , KBLI: 09900]; ...";;;24/11/2025;UMKM;Dir Pajak;;;invalid;;;FALSE;FALSE;TRUE;;;invalid;;;;;;vitarka gita;0;0;0;;;jl dokter cipto mangunkusumo rt 04 rw 04 no 52;;9;vitarka gita jl dokter cipto mangunkusumo rt 04 rw 04 no 52 kbli09;1;0;1;0;Aktif;Jl Dokter Cipto Mangunkusumo RT 04 RW 04 No 52;4;4;;;TARIK 02 FEB - 12.00 WITA;6401040004_4_4;-1.90073;116.186873
1882;3078049;PRIMA JAYA KONSULTAN;JL. JEND. SUDIRMAN NO.14 RT.003 RW.003;6401040004;64;1;40;4;KALIMANTAN TIMUR;PASER;TANAH GROGOT;TANAH GROGOT;eyJpdiI6InNJSVcxcCsxWExyL3ZSdnVWTURWWnc9PSIsInZhbHVlIjoiUXZybTRxdkc3L2t4aTV5b0crS2p4UT09IiwibWFjIjoiNjc5Njg0ODNiZDMzZDAwYzYxOTc5ODdlNzQwOGZhMWJiMWU2YTQzMmYzZGI5YTQ2ZGI2YjUwNjJiOTUzY2ViZSIsInRhZyI6IiJ9;;[Kegiatan Usaha: -, Kategori: M, KBLI: 71101];;;15/12/2025;UMKM;Dir Pajak;;;invalid;;;FALSE;FALSE;TRUE;;;invalid;;;;;;prima jaya konsultan;0;0;0;;;jl jend sudirman no 14 rt 003 rw 003;;71;prima jaya konsultan jl jend sudirman no 14 rt 003 rw 003 kbli71;1;0;1;0;Aktif;JL JEND SUDIRMAN NO14 RT003 RW003;3;3;;;TARIK 02 FEB - 12.00 WITA;6401040004_3_3;-1.90683;116.188644
1900;3102365;ARPAH UTAMA;JL.KH.DEWANTARA RT. 012 RW. 005;6401040004;64;1;40;4;KALIMANTAN TIMUR;PASER;TANAH GROGOT;TANAH GROGOT;eyJpdiI6IllGSXQ4SFhiY1hOZWlCMDNlQWNLMnc9PSIsInZhbHVlIjoiTzE2NDI0cG8xSElQV1U3M1hYQmp6UT09IiwibWFjIjoiZTIwODE2NDdlZmE0NWU2MjViNjZjYWYxZWRkZTY3Y2UwMDA3NDQwYTIwZDAzNjgwZmIxODRlNTk5NDUxNDdlNCIsInRhZyI6IiJ9;;[Kegiatan Usaha: -, Kategori: G, KBLI: 46206];;;15/12/2025;UMKM;Dir Pajak;;;invalid;;;FALSE;FALSE;TRUE;;;invalid;;;;;;arpah utama;0;0;0;;;jl kh dewantara rt 012 rw 005;;46;arpah utama jl kh dewantara rt 012 rw 005 kbli46;1;0;1;0;Aktif;JLKHDEWANTARA RT 012 RW 005;12;5;;;TARIK 02 FEB - 12.00 WITA;6401040004_12_5;-1.91719;116.19379
1904;3107491;TRANS KALTIM ENERGI;KOMPLEK PERUM BTN JONE INDAH;6401040009;64;1;40;9;KALIMANTAN TIMUR;PASER;TANAH GROGOT;JONE;eyJpdiI6InZHOC91Vks5YlBFNFhSaC9yTzUrRlE9PSIsInZhbHVlIjoiU0ZzQVE5dGlEaVdYUy9LOXNvZ0c2Zz09IiwibWFjIjoiNDBmMzk1MWQ4Mzc1MjZmNzFkYTQxYTljNzNkYTUyNmM3YjRmZmNlZDFjYTcxNDUwZWE4Y2Y0OTllNzE5OThjMSIsInRhZyI6IiJ9;;[Kegiatan Usaha: -, Kategori: H, KBLI: 49432];;;14/05/2025;UMKM;Dir Pajak;;;invalid;;;FALSE;FALSE;TRUE;;;invalid;;;;;;trans kaltim energi;0;0;0;;;komplek perum btn jone indah;;49;trans kaltim energi komplek perum btn jone indah kbli49;3;0;1;0;Tutup;KOMPLEK PERUM BTN JONE INDAH;0;0;1;;TARIK 02 FEB - 12.00 WITA;6401040009_0_0;;
1915;3116948;SYBILLA;JL. Kapten Piere Tendean RT.011/RW.04;6401040004;64;1;40;4;KALIMANTAN TIMUR;PASER;TANAH GROGOT;TANAH GROGOT;eyJpdiI6ImxwTHlnYytGVEtjTEsyamVGWUFzbmc9PSIsInZhbHVlIjoiTEZTb1ZRVzMyam1DRmRuREFTNXlQQT09IiwibWFjIjoiZDkxOGZkZTVlOGIwOTQ4NDc3ODgyN2JlODM2ZWFiMmU0MzZlODdmMzQ4YmEyNmMzNjFiZDQwMmZlYTRhNmYzMCIsInRhZyI6IiJ9;;"[Kegiatan Usaha: Perdagangan Besar Alat Tulis Dan Gambar, Kategori: , KBLI: 46421]; [Kegiatan Usaha:...";;;24/11/2025;UMKM;Dir Pajak;;;invalid;;;FALSE;FALSE;TRUE;;;invalid;;;;;;sybilla;0;0;0;;;jl kapten piere tendean rt 011 rw 04;;46;sybilla jl kapten piere tendean rt 011 rw 04 kbli46;99;0;1;0;Tidak Ditemukan;JL Kapten Piere Tendean RT011RW04;11;4;;;TARIK 02 FEB - 12.00 WITA;6401040004_11_4;-1.90231;116.191342
1923;3135433;TUNGGAL PERKASA;JL. NEGARA;6401010011;64;1;10;11;KALIMANTAN TIMUR;PASER;BATU SOPANG;BATU KAJANG;eyJpdiI6Inkrd1g0MTBoM0FFN3ZmaFVyOVdkQkE9PSIsInZhbHVlIjoidGU0RjY4aXhDYzlTbkhXSWlPQWRhUT09IiwibWFjIjoiNWQwMDJmZWJmYTNiOTgzMWM5NDUxNTdiYzJlOTkzNWYzMTllNGQ1ZmMwODYzM2RiZmIxODlkYWQ1OTA0Yzg4ZCIsInRhZyI6IiJ9;;[Kegiatan Usaha: -, Kategori: G, KBLI: 47611];;;24/11/2025;UMKM;Dir Pajak;;;invalid;;;FALSE;FALSE;TRUE;;;invalid;;;;;;tunggal perkasa;0;0;0;;;jl negara;;47;tunggal perkasa jl negara kbli47;3;0;1;0;Tutup;JL NEGARA;0;0;;;TARIK 02 FEB - 12.00 WITA;6401010011_0_0;;
1933;3153616;PUTRA PASER MANDIRI;JL.KUSUMA BANGSA RT.004 RW.004, TANAH GROGOT;6401040004;64;1;40;4;KALIMANTAN TIMUR;PASER;TANAH GROGOT;TANAH GROGOT;eyJpdiI6Imw5WGViUWdndXJtb1NyNnBkQlE0N2c9PSIsInZhbHVlIjoiUnRSK245d1U3ZDAyYXlRYjU2cWpldz09IiwibWFjIjoiNTcyNGY1NjAyNjIzY2MyNzE3YTM3M2RkOGQyMWMwZjhlZmFkOTMzNGQxZGIzMjhmNWY1YTEwZTY2MGIyYjRjNSIsInRhZyI6IiJ9;;[Kegiatan Usaha: -, Kategori: G, KBLI: 46100];;;15/12/2025;UMKM;Dir Pajak;;;invalid;;;FALSE;FALSE;TRUE;;;invalid;;;;;;putra paser mandiri;0;0;0;;;jl kusuma bangsa rt 004 rw 004 tanah grogot;;46;putra paser mandiri jl kusuma bangsa rt 004 rw 004 tanah grogot kbli46;1;0;1;0;Aktif;JLKUSUMA BANGSA RT004 RW004 TANAH GROGOT;4;4;;;TARIK 02 FEB - 12.00 WITA;6401040004_4_4;-1.90073;116.186873
1934;3153651;PASER JAYA;Jl. Padat Karya Gang Pada Elok Rt. 011 Rw.005;6401040004;64;1;40;4;KALIMANTAN TIMUR;PASER;TANAH GROGOT;TANAH GROGOT;eyJpdiI6Im8vOWV2QmhmK3F2SlZlczhPVFRmdkE9PSIsInZhbHVlIjoidXFpbVNhOGsxYmZjM1NWSFN0UVZYdz09IiwibWFjIjoiMjdiOGE3YmY2MGMyZGZjNTllNmY0ZGJjZGYyYzIyM2NjMGQyYTU4YThlODUyYjBmNWNhMmU0YjRiY2M5NmM0MSIsInRhZyI6IiJ9;;[Kegiatan Usaha: -, Kategori: G, KBLI: 46100];;;08/01/2025;UMKM;Dir Pajak;;;invalid;;;FALSE;FALSE;TRUE;;;invalid;;;;;;paser jaya;0;0;0;;;jl padat karya gang pada elok rt 011 rw 005;;46;paser jaya jl padat karya gang pada elok rt 011 rw 005 kbli46;1;0;1;0;Aktif;Jl Padat Karya Gang Pada Elok Rt 011 Rw005;11;5;;;TARIK 02 FEB - 12.00 WITA;6401040004_11_5;-1.91954;116.194281
1938;3157787;INTI CITRA PELANGI;JL. UNTUNG SUROPATI KOM. BTN JONE BLOK.G-4 NO.10 RT.004;6401040009;64;1;40;9;KALIMANTAN TIMUR;PASER;TANAH GROGOT;JONE;eyJpdiI6IkdvWW9PZ2U2RkJVRjY1d2J6d2Mwamc9PSIsInZhbHVlIjoieVQ0U3VqdVlCNk0waThFYXp5eS9wdz09IiwibWFjIjoiZGU1N2Q3MjAwNzMzYzJiY2Y2ODBjMzVhZmVmYTRlYjc3NWZmMGMxZDU0YWE5ODViMTY2MzEyMGRiYmUzNGIzYyIsInRhZyI6IiJ9;;[Kegiatan Usaha: -, Kategori: M, KBLI: 71101];;;15/12/2025;UMKM;Dir Pajak;;;invalid;;;FALSE;FALSE;TRUE;;;invalid;;;;;;inti citra pelangi;0;0;0;;;jl untung suropati kom btn jone blok g 4 no 10 rt 004;;71;inti citra pelangi jl untung suropati kom btn jone blok g 4 no 10 rt 004 kbli71;1;0;1;0;Aktif;JL UNTUNG SUROPATI KOM BTN JONE BLOKG4 NO10 RT004;4;0;;;TARIK 02 FEB - 12.00 WITA;6401040009_4_0;-1.90044;116.202163
1940;3160087;PADAT KARYA;JL PADAT KARYA NO.05 RT. 013 RW. 002;6401040004;64;1;40;4;KALIMANTAN TIMUR;PASER;TANAH GROGOT;TANAH GROGOT;eyJpdiI6ImJNc3FaR0ZnWHB5Z3QxazQvb2I3RXc9PSIsInZhbHVlIjoiV0Z3eDdWaVc5b0doU0RXeGl3ZDAyZz09IiwibWFjIjoiNWZiYzc4YjUyYzg0OGZiNDRiMTliOGNjOTk0NWI0YTgyYjYwM2Y5YTE4MDQ3OTQ2MTZmOTliNDM5M2NkMTJjMCIsInRhZyI6IiJ9;;[Kegiatan Usaha: -, Kategori: G, KBLI: 46100];;;15/12/2025;UMKM;Dir Pajak;;;invalid;;;FALSE;FALSE;TRUE;;;invalid;;;;;;padat karya;0;0;0;;;jl padat karya no 05 rt 013 rw 002;;46;padat karya jl padat karya no 05 rt 013 rw 002 kbli46;1;0;1;0;Aktif;JL PADAT KARYA NO05 RT 013 RW 002;13;2;;;TARIK 02 FEB - 12.00 WITA;6401040004_13_2;-1.92301;116.197835
1949;3180436;GEOCENTRAL DEVELOPMENT CONSULTANT;JL P. MENTERI RT.003 RW.04, TANAH GROGOT;6401040004;64;1;40;4;KALIMANTAN TIMUR;PASER;TANAH GROGOT;TANAH GROGOT;eyJpdiI6IlZ0RVFkMmFSV291cDU2YnRpMWgycGc9PSIsInZhbHVlIjoiZitMNWRYQnhUaXJGNUoxa3VqUDFqdz09IiwibWFjIjoiYWE2M2MwZGE5NmE4NDA5NmRjYTQ0NzRiMDZlZDJhYzMxZjc5ZDE5Zjc5MzRhMTYxMDZjMTQ2NWZkZWZiZmZhYiIsInRhZyI6IiJ9;;[Kegiatan Usaha: -, Kategori: M, KBLI: 71101];;;15/12/2025;UMKM;Dir Pajak;;;invalid;;;FALSE;FALSE;TRUE;;;invalid;;;;;;geocentral development consultant;0;0;0;;;jl p menteri rt 003 rw 04 tanah grogot;;71;geocentral development consultant jl p menteri rt 003 rw 04 tanah grogot kbli71;1;0;1;0;Aktif;JL P MENTERI RT003 RW04 TANAH GROGOT;3;4;;;TARIK 02 FEB - 12.00 WITA;6401040004_3_4;-1.90171;116.189459
1952;3191601;BRAGAS CIPTA CORPORATION;JL. KH. AGUS SALIM NO.14 RT.001 RW.005, TANAH GROGOT;6401040004;64;1;40;4;KALIMANTAN TIMUR;PASER;TANAH GROGOT;TANAH GROGOT;eyJpdiI6IlFmUGxyQXlza3FEbGF0dnBFbVhVNUE9PSIsInZhbHVlIjoiQ1F0NXFFRHo0bHUxblpxb1c1NCt6Zz09IiwibWFjIjoiYWMzZTdmMGIzZjFiOTJjNGE5NDdhOGM5NTQzNmVhOWI2MTM0ZTdiMTFhZmZjN2E1YzRjZmNlMzM0MWM2YTM1MyIsInRhZyI6IiJ9;;[Kegiatan Usaha: -, Kategori: A, KBLI: 01262];;;15/12/2025;UMKM;Dir Pajak;;;invalid;;;FALSE;FALSE;TRUE;;;invalid;;;;;;bragas cipta corporation;0;0;0;;;jl kh agus salim no 14 rt 001 rw 005 tanah grogot;;1;bragas cipta corporation jl kh agus salim no 14 rt 001 rw 005 tanah grogot kbli01;1;0;0;0;Aktif;JL KH AGUS SALIM NO14 RT001 RW005 TANAH GROGOT;1;5;;;TARIK 02 FEB - 12.00 WITA;6401040004_1_5;-1.91499;116.187511
1962;3050405;TUAH BUMI MAJAKARA;PERUMAHAN JONE INDAH BLOK BLOK  F NO 10 RT 004;6401040009;64;1;40;9;KALIMANTAN TIMUR;PASER;TANAH GROGOT;JONE;eyJpdiI6IkRPRHJ6U0JIdWd2alhwVTA0V3NpWEE9PSIsInZhbHVlIjoiWENPZWplZGtiY2VyM3R5emNNSUdIdz09IiwibWFjIjoiMjlmMWM1YzNkNDQwZjFkNmU2OTY1NTU2MDExMzc3ZGY2Njc3OGViZThmZGU5Nzg0NDUxOWUxMTcyYTZkMjRmYyIsInRhZyI6IiJ9;;[Kegiatan Usaha: -, Kategori: F, KBLI: 41019];;;15/12/2025;UMKM;Dir Pajak;;;invalid;;;FALSE;FALSE;TRUE;;;invalid;;;;;;tuah bumi majakara;0;0;0;;;perumahan jone indah blok blok f no 10 rt 004;;41;tuah bumi majakara perumahan jone indah blok blok f no 10 rt 004 kbli41;1;0;1;0;Aktif;PERUMAHAN JONE INDAH BLOK BLOK F NO 10 RT 004;4;0;1;;TARIK 02 FEB - 12.00 WITA;6401040009_4_0;-1.90044;116.202163
1985;3239327;PASER BUEN INDOBARA;JL.RA.KARTINI NO 19 RT.5 RW.3, TANAH GROGOT;6401040004;64;1;40;4;KALIMANTAN TIMUR;PASER;TANAH GROGOT;TANAH GROGOT;eyJpdiI6InkzSndpNnVjeTRFcGgzcnhrZWMzd3c9PSIsInZhbHVlIjoiYU1rdDRrR0pISmpRc3J4ckJxbHFHdz09IiwibWFjIjoiZGY1OGJlNTRkMzU1MDU5MjU3MTMxZmQ1MGI5YTAxN2I2Zjg5MmQyNWNkYWExMTE1ODc1OWM0YTI4ZmYyNzM3NyIsInRhZyI6IiJ9;;[Kegiatan Usaha: -, Kategori: B, KBLI: 05100];;;15/12/2025;UMKM;Dir Pajak;;;invalid;;;FALSE;FALSE;TRUE;;;invalid;;;;;;paser buen indobara;0;0;0;;;jl ra kartini no 19 rt 5 rw 3 tanah grogot;;5;paser buen indobara jl ra kartini no 19 rt 5 rw 3 tanah grogot kbli05;1;0;1;0;Aktif;JLRAKARTINI NO 19 RT5 RW3 TANAH GROGOT;5;3;;;TARIK 02 FEB - 12.00 WITA;6401040004_5_3;-1.91122;116.196126
1990;3246375;KELOMPOK KERJA GUGUS II LONGKALI;JL NEGARA KM 64 RT.013, LONG KALI;6401080006;64;1;80;6;KALIMANTAN TIMUR;PASER;LONG KALI;LONG KALI;eyJpdiI6InladmhKeXY5aTlUTHRzcExvbDN2b2c9PSIsInZhbHVlIjoiM3NYVlF2QVZyc3BmSUFpZDNvcVBiQT09IiwibWFjIjoiNmMzYzJjZjgwYzhhMWFjMmZiZGU1MzRjMjA5OTYwMWNjMTdiMjJlMTJkZjc5NDAyZTFlODBhYmQ1ZTVmNmUwMCIsInRhZyI6IiJ9;;[Kegiatan Usaha: -, Kategori: P, KBLI: 85500];;;31/10/2024;UMKM;Dir Pajak;;;invalid;;;FALSE;FALSE;TRUE;;;invalid;;;;-1.521173568;116.3258811;kelompok kerja gugus ii longkali;0;0;0;;;jl negara km 64 rt 013 long kali;;85;kelompok kerja gugus ii longkali jl negara km 64 rt 013 long kali kbli85;1;0;1;0;Aktif;JL NEGARA KM 64 RT013 LONG KALI;13;0;;;TARIK 02 FEB - 12.00 WITA;6401080006_13_0;-1.5205;116.326769
1992;3257916;MIGUNANI TEAM;JL. KH. AHMAD DAHLAN NO.21 RT.009 RW.006;6401040004;64;1;40;4;KALIMANTAN TIMUR;PASER;TANAH GROGOT;TANAH GROGOT;eyJpdiI6IlppbWVaM0xyQmRLbDNML1haYnVnQXc9PSIsInZhbHVlIjoieUw2aHRsQmRobFh0SitHYzVmNWlSdz09IiwibWFjIjoiZTdmYWYyMDNlYjRlNjc4ZGYzZDI1MThmZWMwMzE4NDc4MDE4MzU3MGRiMWE1ZTkwMTRkNjFiMTI3MmMwMGRjMCIsInRhZyI6IiJ9;;[Kegiatan Usaha: -, Kategori: M, KBLI: 74902];;;15/12/2025;UMKM;Dir Pajak;;;invalid;;;FALSE;FALSE;TRUE;;;invalid;;;;;;migunani team;0;0;0;;;jl kh ahmad dahlan no 21 rt 009 rw 006;;74;migunani team jl kh ahmad dahlan no 21 rt 009 rw 006 kbli74;1;0;1;0;Aktif;JL KH AHMAD DAHLAN NO21 RT009 RW006;9;6;;;TARIK 02 FEB - 12.00 WITA;6401040004_9_6;-1.90932;116.19646
1995;3261680;FAAL ELEKTRIK MANDIRI;Jl. RM. Noto Sunardi RT. 014 RW. 005;6401040004;64;1;40;4;KALIMANTAN TIMUR;PASER;TANAH GROGOT;TANAH GROGOT;eyJpdiI6IktPTzF2SzB5ZlFabzZYVXJZU3EzZHc9PSIsInZhbHVlIjoiNi9oQklscU9qL3UrcDAwWU8wNHJnZz09IiwibWFjIjoiMTA2MDZiM2E5N2VmOTBiMzBhYWMxNjVkYTM1YTNkNTZiY2ZjNzRmZGZjMjU0ZTUwMmI4ZmJhNDliMjIzNDc1MiIsInRhZyI6IiJ9;;"[Kegiatan Usaha: -, Kategori: G, KBLI: 46599]; [Kegiatan Usaha: Pengoperasian Instalasi Pemanfaatan ...";;;24/11/2025;UMKM;Dir Pajak;;;invalid;;;FALSE;FALSE;TRUE;;;invalid;;;;;;faal elektrik mandiri;0;0;0;;;jl rm noto sunardi rt 014 rw 005;;46;faal elektrik mandiri jl rm noto sunardi rt 014 rw 005 kbli46;1;0;1;0;Aktif;Jl RM Noto Sunardi RT 014 RW 005;14;5;;;TARIK 02 FEB - 12.00 WITA;6401040004_14_5;-1.91747;116.187697
1997;3265691;INDOSAMAJAYA UTAMA;JL. P. MENTERI NO No.02 RT.03 RW.04, TANAH GROGOT;6401040004;64;1;40;4;KALIMANTAN TIMUR;PASER;TANAH GROGOT;TANAH GROGOT;eyJpdiI6ImJyYSttN2o1MzVsS3ErSlEwRUx3emc9PSIsInZhbHVlIjoidDBUaXBBdUlTZnlINTFhaENMcW9wQT09IiwibWFjIjoiOGVkMmQxOTc2MjM5ODZmYTc3MGI3ZDNmYjcyYTM1ZjQzNjBlZjYyZjU1NTVlMDVjMzYwNWYxNDUxOWQ2Y2FiNiIsInRhZyI6IiJ9;;[Kegiatan Usaha: -, Kategori: F, KBLI: 42918];;;15/12/2025;UMKM;Dir Pajak;;;invalid;;;FALSE;FALSE;TRUE;;;invalid;;;;;;indosamajaya utama;0;0;0;;;jl p menteri no no 02 rt 03 rw 04 tanah grogot;;42;indosamajaya utama jl p menteri no no 02 rt 03 rw 04 tanah grogot kbli42;1;0;1;0;Aktif;JL P MENTERI NO No02 RT03 RW04 TANAH GROGOT;3;4;;;TARIK 02 FEB - 12.00 WITA;6401040004_3_4;-1.90171;116.189459
1998;3268088;ROYAL BUANA BAHARI;JL. UNTUNG SUROPATI PERUM UNION;6401040009;64;1;40;9;KALIMANTAN TIMUR;PASER;TANAH GROGOT;JONE;eyJpdiI6ImIyU256VHRTY21mTUcxVlViMFhPc3c9PSIsInZhbHVlIjoiTThvZC9OSEM2dW54VmdKMFhwWkgwdz09IiwibWFjIjoiMWY0YTQ4YjhhZjk1MmYyYWM0MmYyMjgzN2Y4ZTc0MWFjOWYzZGIwZmVhZTMyMDI5MTQzYmIwZWU4YWU0YzI1NCIsInRhZyI6IiJ9;;[Kegiatan Usaha: -, Kategori: H, KBLI: 50135];;;05/02/2025;UMKM;Dir Pajak;;;invalid;;;FALSE;FALSE;TRUE;;;invalid;;;;;;royal buana bahari;0;0;0;;;jl untung suropati perum union;;50;royal buana bahari jl untung suropati perum union kbli50;3;0;1;0;Tutup;JL UNTUNG SUROPATI PERUM UNION;0;0;1;;TARIK 02 FEB - 12.00 WITA;6401040009_0_0;;
1999;3271912;LAUT PASER BERSINAR AN NABIH;JL P MENTERI RT.03 RW.04, TANAH GROGOT;6401040004;64;1;40;4;KALIMANTAN TIMUR;PASER;TANAH GROGOT;TANAH GROGOT;eyJpdiI6Im52S3JDN3ZBOVZZQnVaRFF4SGNJMUE9PSIsInZhbHVlIjoiRGVmOWJ3NldZa2VERUhqYXN1MVFGUT09IiwibWFjIjoiNjRjYTIxNmE0MDQ2YjU3NTY4MzJlZTg0MTQwOWRkMWUzNGRkZmM2NGQ5YThiZTk2ZjQzMTE0NTRjNjNiNzE3OSIsInRhZyI6IiJ9;;[Kegiatan Usaha: -, Kategori: B, KBLI: 05100];;;15/12/2025;UMKM;Dir Pajak;;;invalid;;;FALSE;FALSE;TRUE;;;invalid;;;;;;laut paser bersinar an nabih;0;0;0;;;jl p menteri rt 03 rw 04 tanah grogot;;5;laut paser bersinar an nabih jl p menteri rt 03 rw 04 tanah grogot kbli05;1;0;1;0;Aktif;JL P MENTERI RT03 RW04 TANAH GROGOT;3;4;;;TARIK 02 FEB - 12.00 WITA;6401040004_3_4;-1.90171;116.189459
2001;3272722;BERKAT JAYA;JL NIAGA RT. 005 RW. 003;6401040004;64;1;40;4;KALIMANTAN TIMUR;PASER;TANAH GROGOT;TANAH GROGOT;eyJpdiI6ImdBMjk5c01reVBOdHV4a3Zxamp3Nmc9PSIsInZhbHVlIjoiMkJ4MmVGY0RsRG1wY1FLdm04N0tIZz09IiwibWFjIjoiMTBmMDcxYmYyZWQwODNjNTBhMjNjNmI4MzUwNjQzMDZhOTcxNTFmNWVmOGRkZWUwZmY3MmMzNDQ1ZGExZTJkMCIsInRhZyI6IiJ9;;[Kegiatan Usaha: -, Kategori: G, KBLI: 47591];;;15/12/2025;UMKM;Dir Pajak;;;invalid;;;FALSE;FALSE;TRUE;;;invalid;;;;;;berkat jaya;0;0;0;;;jl niaga rt 005 rw 003;;47;berkat jaya jl niaga rt 005 rw 003 kbli47;1;0;1;0;Aktif;JL NIAGA RT 005 RW 003;5;3;;;TARIK 02 FEB - 12.00 WITA;6401040004_5_3;-1.91122;116.196126
2008;3281553;KANDILO INDAH JAYA;JL DI PANJAITAN RT.003, JONE;6401040009;64;1;40;9;KALIMANTAN TIMUR;PASER;TANAH GROGOT;JONE;eyJpdiI6IkpSbERha2VKS1czYWhyWGdGNmJBbUE9PSIsInZhbHVlIjoiaXl1R1pMS2UreWM5WDNUaEtDTmlidz09IiwibWFjIjoiOTU3N2JiNDk5NTI1YWZiYjJhMGZjNGE1Y2Q1ZTA4NjdkODFlNzcxZDA3NGU4MmY3ZWIxZmM3ODEwZDg3MzFiZiIsInRhZyI6IiJ9;;[Kegiatan Usaha: -, Kategori: F, KBLI: 42918];;;15/12/2025;UMKM;Dir Pajak;;;invalid;;;FALSE;FALSE;TRUE;;;invalid;;;;;;kandilo indah jaya;0;0;0;;;jl di panjaitan rt 003 jone;;42;kandilo indah jaya jl di panjaitan rt 003 jone kbli42;1;0;1;0;Aktif;JL DI PANJAITAN RT003 JONE;3;0;;;TARIK 02 FEB - 12.00 WITA;6401040009_3_0;-1.89786;116.201887
2020;3297945;BAHTERA ADHIGUNA;JL JEND A YANI RT 002 RW 006;6401040004;64;1;40;4;KALIMANTAN TIMUR;PASER;TANAH GROGOT;TANAH GROGOT;eyJpdiI6IlpCZVJIanQycFZ3clI0aVNJME5HUmc9PSIsInZhbHVlIjoicEIvemIwdVR1ZnZzZElzcTR6TGRFdz09IiwibWFjIjoiZTEyMjA1N2MwN2ZiNzJlM2RiZjE1MWI5ODQ2YTcyYWJhNjlhN2EyOGI1M2I0ZjllODQwYzRkZjUwODY5N2Y4NyIsInRhZyI6IiJ9;;[Kegiatan Usaha: -, Kategori: H, KBLI: 50135];;;05/06/2025;UMKM;Dir Pajak;;;invalid;;;FALSE;FALSE;TRUE;;;invalid;;;;;;bahtera adhiguna;0;0;0;;;jl jend a yani rt 002 rw 006;;50;bahtera adhiguna jl jend a yani rt 002 rw 006 kbli50;3;0;1;0;Tutup;JL JEND A YANI RT 002 RW 006;2;6;;;TARIK 02 FEB - 12.00 WITA;6401040004_2_6;-1.90469;116.199542
2022;3300476;PERUSAHAAN PELAYARAN SAMUDRA KARANA LINE;JL UNTUNG SUROPATI GG CIMPEDAK;6401040004;64;1;40;4;KALIMANTAN TIMUR;PASER;TANAH GROGOT;TANAH GROGOT;eyJpdiI6IkZkM1IrV2NrOC9qZExYaU5zN0ZyOVE9PSIsInZhbHVlIjoiWTNLMW9CODJrRGZ3bkRvWVUxNHBkdz09IiwibWFjIjoiMzFhMzkxZWY0YWQ2MTIwMzljYTFmM2Q2YTQ0M2Q3NzEyNjUwMjc1MGE4YzI2YjUzMTkwNzExOTkxMWViYzgwNCIsInRhZyI6IiJ9;;[Kegiatan Usaha: -, Kategori: H, KBLI: 52221];;;24/12/2025;UMKM;Dir Pajak;;;invalid;;;FALSE;FALSE;TRUE;;;invalid;;;;;;perusahaan pelayaran samudra karana line;0;0;0;;;jl untung suropati gg cimpedak;;52;perusahaan pelayaran samudra karana line jl untung suropati gg cimpedak kbli52;99;0;1;0;Tidak Ditemukan;JL UNTUNG SUROPATI GG CIMPEDAK;0;0;;;TARIK 02 FEB - 12.00 WITA;6401040004_0_0;;
2024;3304042;ANGKASA SARI;JL.HOS.COKROAMINOTO RT.05 RW.02, TANAH GROGOT;6401040004;64;1;40;4;KALIMANTAN TIMUR;PASER;TANAH GROGOT;TANAH GROGOT;eyJpdiI6ImhHRkxUb2NKZ1ZMU2UrbGhURFBVdVE9PSIsInZhbHVlIjoiQStWd2dyVVBJdmdKVVY1eXVkSWthZz09IiwibWFjIjoiNzI2MDM1OTEzYjliOTAwYjc4ZjBkMWEwMDExMDcyY2M3NzFkYjg3ODExYWVhN2JlMzU4MjZjMTNmNGQ2YjYzMCIsInRhZyI6IiJ9;;[Kegiatan Usaha: -, Kategori: F, KBLI: 42918];;;15/12/2025;UMKM;Dir Pajak;;;invalid;;;FALSE;FALSE;TRUE;;;invalid;;;;;;angkasa sari;0;0;0;;;jl hos cokroaminoto rt 05 rw 02 tanah grogot;;42;angkasa sari jl hos cokroaminoto rt 05 rw 02 tanah grogot kbli42;1;0;1;0;Aktif;JLHOSCOKROAMINOTO RT05 RW02 TANAH GROGOT;5;2;;;TARIK 02 FEB - 12.00 WITA;6401040004_5_2;-1.91515;116.194355
2032;3313465;AG DUA PUTRA CONSULTANT;Jl. DI Panjaitan RT. 010 Perum Citra Lestari;6401040003;64;1;40;3;KALIMANTAN TIMUR;PASER;TANAH GROGOT;TEPIAN BATANG;eyJpdiI6IllRcEw2MjBBTE90YWxRTnE2Z0txVkE9PSIsInZhbHVlIjoiaVRlR2kySVNUcXhSYlp2TmtQSlFtQT09IiwibWFjIjoiZmY2MzI2MGEzNmQyOWI2Mzg1NTBhNWM4NGYzZDcwYzZhMjFmNzhiOGVhMGRmNjJjYmIyMzAzNDIzMjQ5ZDlhNyIsInRhZyI6IiJ9;;"[Kegiatan Usaha: -, Kategori: M, KBLI: 71101]; [Kegiatan Usaha: Aktivitas Keinsinyuran dan Konsultas...";;;24/11/2025;UMKM;Dir Pajak;;;invalid;;;FALSE;FALSE;TRUE;;;invalid;;;;;;ag dua putra consultant;0;0;0;;;jl di panjaitan rt 010 perum citra lestari;;71;ag dua putra consultant jl di panjaitan rt 010 perum citra lestari kbli71;1;0;1;0;Aktif;Jl DI Panjaitan RT 010 Perum Citra Lestari;10;0;1;;TARIK 02 FEB - 12.00 WITA;6401040003_10_0;-1.87524;116.185791
2036;3325864;AFAAZ TRANSPORTASI INDONESIA;JL. UNTUNG SUROPATI;6401040009;64;1;40;9;KALIMANTAN TIMUR;PASER;TANAH GROGOT;JONE;eyJpdiI6IkRDcjNvYitvekNEOVJScWRnaytoY1E9PSIsInZhbHVlIjoibklWVVlGTEZ3MitkdEFxamhEYjVJUT09IiwibWFjIjoiY2U1NjQ4ZmJlN2MyMjQ2YTg3Mjc3YzM5ZWZhMjU4ZTQ4OTc0YTNhMTA5YTBhMWE5YmRkY2NjMGMzYjAxZjllMCIsInRhZyI6IiJ9;;[Kegiatan Usaha: -, Kategori: H, KBLI: 52295];;;14/05/2025;UMKM;Dir Pajak;;;invalid;;;FALSE;FALSE;TRUE;;;invalid;;;;;;afaaz transportasi indonesia;0;0;0;;;jl untung suropati;;52;afaaz transportasi indonesia jl untung suropati kbli52;3;0;1;0;Tutup;JL UNTUNG SUROPATI;0;0;;;TARIK 02 FEB - 12.00 WITA;6401040009_0_0;;
2041;3335627;SIGMA ABADI;JL. KAPT. PIERE TENDEAN NO.33 RT.005 RW.004, TANAH GROGOT;6401040004;64;1;40;4;KALIMANTAN TIMUR;PASER;TANAH GROGOT;TANAH GROGOT;eyJpdiI6IlplUjJ4c25wb0tpVWhNVkt4R3hFbkE9PSIsInZhbHVlIjoiZURsWWRGSkNjYkNQTkREMmgwMFVQQT09IiwibWFjIjoiZWMzZjhhNWYzYzRmMTJkOTAwY2VhYmE2YTViYzNkM2QwNDA3NjQ5MGFmNjk3NDIxOWViMDBmNDQzMTZhODBkYyIsInRhZyI6IiJ9;;[Kegiatan Usaha: -, Kategori: F, KBLI: 42918];;;15/12/2025;UMKM;Dir Pajak;;;invalid;;;FALSE;FALSE;TRUE;;;invalid;;;;;;sigma abadi;0;0;0;;;jl kapt piere tendean no 33 rt 005 rw 004 tanah grogot;;42;sigma abadi jl kapt piere tendean no 33 rt 005 rw 004 tanah grogot kbli42;1;0;1;0;Aktif;JL KAPT PIERE TENDEAN NO33 RT005 RW004 TANAH GROGOT;5;4;;;TARIK 02 FEB - 12.00 WITA;6401040004_5_4;-1.90186;116.196795
2043;3254220;PANCADAYA MANDIRI SUKSES;Jl. Kusuma Bangsa KM.5 RT.005;6401040003;64;1;40;3;KALIMANTAN TIMUR;PASER;TANAH GROGOT;TEPIAN BATANG;eyJpdiI6InhNVUo2blVsWmZUUk9qaWc2b0pIZVE9PSIsInZhbHVlIjoiVXRnT0dZUU0vZGtXdzdKUVFmdUNXZz09IiwibWFjIjoiYzljMjZjOGJlNTY1NzFlYzc0NTYyZmU4ZGEyYTgwZmQ0MmFhYWQwM2I0NTBhZTVlNTA3ZjYxYTUxODFiZmQ5MiIsInRhZyI6IiJ9;;"[Kegiatan Usaha: -, Kategori: H, KBLI: 52240]; [Kegiatan Usaha: JASA BONGKAR MUAT BATU BARA, Kategor...";;;24/11/2025;UMKM;Dir Pajak;;;invalid;;;FALSE;FALSE;TRUE;;;invalid;;;;;;pancadaya mandiri sukses;0;0;0;;;jl kusuma bangsa km 5 rt 005;;52;pancadaya mandiri sukses jl kusuma bangsa km 5 rt 005 kbli52;1;0;1;0;Aktif;Jl Kusuma Bangsa KM5 RT005;5;0;;;TARIK 02 FEB - 12.00 WITA;6401040003_5_0;-1.87998;116.174431
2045;3257018;LENGA PELITA;JL. PANGLIMA SENTIK RT.009 RW.02, TANAH GROGOT;6401040004;64;1;40;4;KALIMANTAN TIMUR;PASER;TANAH GROGOT;TANAH GROGOT;eyJpdiI6Ii9hKzhTVTArSGtFaW5EOWdVQlU3ZWc9PSIsInZhbHVlIjoiV0Z6M0hhY0Q2K2lQWG5WUFUrV25rdz09IiwibWFjIjoiNDMyMjVkMTYwZGM2ZjVjOWY1ODVjN2I2MDQ1ZmIxZGVlNmM2NmI1NTAxYzQ3ODY5YzdhNTg2YjgzNGVmMTVhYyIsInRhZyI6IiJ9;;[Kegiatan Usaha: -, Kategori: H, KBLI: 49431];;;15/12/2025;UMKM;Dir Pajak;;;invalid;;;FALSE;FALSE;TRUE;;;invalid;;;;;;lenga pelita;0;0;0;;;jl panglima sentik rt 009 rw 02 tanah grogot;;49;lenga pelita jl panglima sentik rt 009 rw 02 tanah grogot kbli49;1;0;1;0;Aktif;JL PANGLIMA SENTIK RT009 RW02 TANAH GROGOT;9;2;;;TARIK 02 FEB - 12.00 WITA;6401040004_9_2;-1.91515;116.197381
2050;3351387;BORNEO PASER PETANGIS;JALAN MODANG NOMOR 67 A;6401040004;64;1;40;4;KALIMANTAN TIMUR;PASER;TANAH GROGOT;TANAH GROGOT;eyJpdiI6ImliS1N2Vkt0SEtUcDJrcW9SeW5pRFE9PSIsInZhbHVlIjoiak5VWlI5bGk0NGZUVXJwMEZ5VEJvUT09IiwibWFjIjoiNDBlNjQ2Y2Y4Yzc4N2Y2ZmU2MDMzYzY0ZDg2OGRjNDU4NmE2M2I4N2MzMzUxZDk0Y2MyNDczYWRkYTg1ZDE0NSIsInRhZyI6IiJ9;;[Kegiatan Usaha: -, Kategori: H, KBLI: 52221];;;15/12/2025;UMKM;Dir Pajak;;;invalid;;;FALSE;FALSE;TRUE;;;invalid;;;;;;borneo paser petangis;0;0;0;;;jalan modang nomor 67 a;;52;borneo paser petangis jalan modang nomor 67 a kbli52;99;0;1;0;Tidak Ditemukan;JALAN MODANG NOMOR 67 A;0;0;;;TARIK 02 FEB - 12.00 WITA;6401040004_0_0;;
2051;3366981;SYAIRA;JL RM NOTO SUNARDI NO 40 RT.004 RW.001, TANAH GROGOT;6401040004;64;1;40;4;KALIMANTAN TIMUR;PASER;TANAH GROGOT;TANAH GROGOT;eyJpdiI6InVKZGlLbG55cWVHOTAvdzI0blljM2c9PSIsInZhbHVlIjoiZHNmMEJJVkgrZjdiazRIdDBRRTZMQT09IiwibWFjIjoiZDc5YTgzYzViN2RlZDE4NTk3MzAzNzU5N2U5NjQ5NmMyZTQ1N2VjNzhhNDJiZGQ2NTdiMWY1NjZiNmFiMWY2NSIsInRhZyI6IiJ9;;[Kegiatan Usaha: -, Kategori: I, KBLI: 56210];;;15/12/2025;UMKM;Dir Pajak;;;invalid;;;FALSE;FALSE;TRUE;;;invalid;;;;;;syaira;0;0;0;;;jl rm noto sunardi no 40 rt 004 rw 001 tanah grogot;;56;syaira jl rm noto sunardi no 40 rt 004 rw 001 tanah grogot kbli56;1;0;1;0;Aktif;JL RM NOTO SUNARDI NO 40 RT004 RW001 TANAH GROGOT;4;1;;;TARIK 02 FEB - 12.00 WITA;6401040004_4_1;-1.91111;116.200027
2054;3372278;PARTAI HATI NURANI RAKYAT;JL. URIP SUMOHARJO;6401040004;64;1;40;4;KALIMANTAN TIMUR;PASER;TANAH GROGOT;TANAH GROGOT;eyJpdiI6IkEwYi9WNWlWOW8zSml5NTFoWkx5aXc9PSIsInZhbHVlIjoiQUFCK0VRVktmNE55ZmRIaFNwVXErZz09IiwibWFjIjoiNDE0N2JjYmM4MTBiNTUzOGUzYzE2YTQxZjg2MTFjYWRjYzc3Yzc4NGE0NTI1MWUyNzRlNzUyNTU2Mjc3ZDc5NSIsInRhZyI6IiJ9;;[Kegiatan Usaha: -, Kategori: S, KBLI: 94920];;;15/12/2025;UMKM;Dir Pajak;;;invalid;;;FALSE;FALSE;TRUE;;;invalid;;;;;;partai hati nurani rakyat;0;0;0;;;jl urip sumoharjo;;94;partai hati nurani rakyat jl urip sumoharjo kbli94;99;0;1;0;Tidak Ditemukan;JL URIP SUMOHARJO;0;0;;;TARIK 02 FEB - 12.00 WITA;6401040004_0_0;;
2055;3372809;PBM TERAS MARITIM;JL JEND SUDIRMAN;6401040004;64;1;40;4;KALIMANTAN TIMUR;PASER;TANAH GROGOT;TANAH GROGOT;eyJpdiI6IlE0YlhjL25Ic3RIa3dpT0ZGaWE3cFE9PSIsInZhbHVlIjoiM09XL1BGOTEzVHdLVk4veU9VWGljZz09IiwibWFjIjoiZGY3NDc0NWJhNjNmOTdkNGZmNWM3ZTlkMjQ2NTMwMGViZmFlNmI1M2EwMDQ3Nzk5NjNlZjU4MWNlMTQ2OWJlOSIsInRhZyI6IiJ9;;[Kegiatan Usaha: -, Kategori: H, KBLI: 52240];;;15/12/2025;UMKM;Dir Pajak;;;invalid;;;FALSE;FALSE;TRUE;;;invalid;;;;;;pbm teras maritim;0;0;0;;;jl jend sudirman;;52;pbm teras maritim jl jend sudirman kbli52;99;0;1;0;Tidak Ditemukan;JL JEND SUDIRMAN;0;0;;;TARIK 02 FEB - 12.00 WITA;6401040004_0_0;;
2060;3381687;MEGAPLAN INDORAYA;JL. CEMPEDAK II BLOK.L.2 NO.04 RT.004 JONE;6401040009;64;1;40;9;KALIMANTAN TIMUR;PASER;TANAH GROGOT;JONE;eyJpdiI6IjVMaGppWENRKzBzK3hyZ21kb2FmL3c9PSIsInZhbHVlIjoiSzg1VU1neTZBYTk4OS9HZFpZOFB6Zz09IiwibWFjIjoiMTI1YjQyZTE2NDFhOWQ3MTQyZTkxYjQ1NjEyOGUwYmZhMTk3ZDkyODViNGNmODU0MGU3ODY1NDdhMTdhMmZlMSIsInRhZyI6IiJ9;;[Kegiatan Usaha: -, Kategori: M, KBLI: 71101];;;15/12/2025;UMKM;Dir Pajak;;;invalid;;;FALSE;FALSE;TRUE;;;invalid;;;;;;megaplan indoraya;0;0;0;;;jl cempedak ii blok l 2 no 04 rt 004 jone;;71;megaplan indoraya jl cempedak ii blok l 2 no 04 rt 004 jone kbli71;1;0;1;0;Aktif;JL CEMPEDAK II BLOKL2 NO04 RT004 JONE;4;0;;;TARIK 02 FEB - 12.00 WITA;6401040009_4_0;-1.90044;116.202163
2066;3397377;BUMI NUSANTARA PERKASA;JL AHMAD YANI NO.56 RT. 014 RW. 006;6401040004;64;1;40;4;KALIMANTAN TIMUR;PASER;TANAH GROGOT;TANAH GROGOT;eyJpdiI6ImFYanhiQVo5bzJJcTFQRnY1MVJxUVE9PSIsInZhbHVlIjoiNWwvY3d0Z2JVSDBYS2lCQlFYOWJCZz09IiwibWFjIjoiOGU2M2U5ZjAzNmU4YjVhYTc4OGVhZGQyNmUyYTc3YmMxYjI1NTg3MjEzZDMwYTRkNjA0NDk5ZTczMTM3NjMzYSIsInRhZyI6IiJ9;;[Kegiatan Usaha: -, Kategori: F, KBLI: 42918];;;15/12/2025;UMKM;Dir Pajak;;;invalid;;;FALSE;FALSE;TRUE;;;invalid;;;;;;bumi nusantara perkasa;0;0;0;;;jl ahmad yani no 56 rt 014 rw 006;;42;bumi nusantara perkasa jl ahmad yani no 56 rt 014 rw 006 kbli42;1;0;1;0;Aktif;JL AHMAD YANI NO56 RT 014 RW 006;14;6;;;TARIK 02 FEB - 12.00 WITA;6401040004_14_6;-1.90355;116.198665
2068;3399091;UMO VISUAL;JL. BHAYANGKARA RT.006 RW.02 TANAH GROGOT;6401040004;64;1;40;4;KALIMANTAN TIMUR;PASER;TANAH GROGOT;TANAH GROGOT;eyJpdiI6IkdpcU1vdFRMTjZyZ1U0Y2N5UlBZcHc9PSIsInZhbHVlIjoibEdiTFB2amsxeGc3bWRZM294Ums5QT09IiwibWFjIjoiNGQ0YjdiYzRjMTE2OWYwNjk1MjUyZGVmNWIxYWJjYWVkZjBkN2U5MzhmMTQ3YjVlOTUzZjNlZWU4NTEzMWQ5YyIsInRhZyI6IiJ9;;[Kegiatan Usaha: -, Kategori: M, KBLI: 73100];;;15/12/2025;UMKM;Dir Pajak;;;invalid;;;FALSE;FALSE;TRUE;;;invalid;;;;;;umo visual;0;0;0;;;jl bhayangkara rt 006 rw 02 tanah grogot;;73;umo visual jl bhayangkara rt 006 rw 02 tanah grogot kbli73;1;0;1;0;Aktif;JL BHAYANGKARA RT006 RW02 TANAH GROGOT;6;2;;;TARIK 02 FEB - 12.00 WITA;6401040004_6_2;-1.91513;116.19626
2074;3406914;MEDIA;JL.JEND.SUDIRMAN NO.39 RT.05 RW.03, TANAH GROGOT;6401040004;64;1;40;4;KALIMANTAN TIMUR;PASER;TANAH GROGOT;TANAH GROGOT;eyJpdiI6IncrVGYyeFJCaXppL04wQlRXcHlHd2c9PSIsInZhbHVlIjoiaVpDcnRBNElOdnAzUEdkMkpiNU5hZz09IiwibWFjIjoiM2EyYzdhNjllMDQ4ZGVmYzdhZTA4NWU0N2Y1MDU0NDAwZGY2M2E4ODBhYzhhMjJjYTVkZjBhNDNiZjBiM2JiMyIsInRhZyI6IiJ9;;[Kegiatan Usaha: -, Kategori: J, KBLI: 58190];;;15/12/2025;UMKM;Dir Pajak;;;invalid;;;FALSE;FALSE;TRUE;;;invalid;;;;;;media;0;0;0;;;jl jend sudirman no 39 rt 05 rw 03 tanah grogot;;58;media jl jend sudirman no 39 rt 05 rw 03 tanah grogot kbli58;1;0;1;0;Aktif;JLJENDSUDIRMAN NO39 RT05 RW03 TANAH GROGOT;5;3;;;TARIK 02 FEB - 12.00 WITA;6401040004_5_3;-1.91122;116.196126
2097;3447438;SEMI LUMINTU;DS TAPIS PRUM KORPRI BLOK B9 NO 01 RT 007;6401040009;64;1;40;9;KALIMANTAN TIMUR;PASER;TANAH GROGOT;JONE;eyJpdiI6ImFvcE1uQklnRUxXQldXV2lYemh4VWc9PSIsInZhbHVlIjoiMEtyWUlGSnIwcExrUDFCZGpOL0xmdz09IiwibWFjIjoiNWFlNTNjYzRlOTVkZmM3NGE1YzdmNTFhMzMyMjA3OTVkZTBkZjE2NDM5Y2UxMTNiOWFlNDkxNjk4ZTAyYmI3YSIsInRhZyI6IiJ9;;[Kegiatan Usaha: -, Kategori: F, KBLI: 42918];;;15/12/2025;UMKM;Dir Pajak;;;invalid;;;FALSE;FALSE;TRUE;;;invalid;;;;;;semi lumintu;0;0;0;;;ds tapis prum korpri blok b9 no 01 rt 007;;42;semi lumintu ds tapis prum korpri blok b9 no 01 rt 007 kbli42;1;0;1;0;Aktif;DS TAPIS PRUM KORPRI BLOK B9 NO 01 RT 007;7;0;;;TARIK 02 FEB - 12.00 WITA;6401040009_7_0;-1.88202;116.223205
2098;3447674;MENARA BINTANG PRATAMA;Jln. Cenderawasih RT.05;6401040016;64;1;40;16;KALIMANTAN TIMUR;PASER;TANAH GROGOT;SENAKEN;eyJpdiI6ImwwZVhGanVoR1hEVEhpbmVITlE2RHc9PSIsInZhbHVlIjoiUFZvNUp3eVcwa3BUMCtWMU9PcmI4QT09IiwibWFjIjoiZTMzZGUzZmE2NmNkNmYzODQyODY5NTA2NmIzMzViNDg3ZjdkMDRmMzVhNWMzOTBmZTk1MjRkY2M4ZTRlYTU5MiIsInRhZyI6IiJ9;;"[Kegiatan Usaha: -, Kategori: F, KBLI: 42918]; [Kegiatan Usaha: Konstruksi Bangunan Sipil Jalan, Kat...";;;24/11/2025;UMKM;Dir Pajak;;;invalid;;;FALSE;FALSE;TRUE;;;invalid;;;;;;menara bintang pratama;0;0;0;;;jln cenderawasih rt 05;;42;menara bintang pratama jln cenderawasih rt 05 kbli42;1;0;1;0;Aktif;Jln Cenderawasih RT05;5;0;;;TARIK 02 FEB - 12.00 WITA;6401040016_5_0;-1.9026;116.214658
2099;3448402;DANUM TANA TAKA;JL JENDRAL SUDIRMAN NO NO 14A RT.010 RW.003, TANAH GROGOT;6401040004;64;1;40;4;KALIMANTAN TIMUR;PASER;TANAH GROGOT;TANAH GROGOT;eyJpdiI6IlpjVjBwNjQyUGIrcy9JaGFGOEpkOGc9PSIsInZhbHVlIjoiNDYrZTdIMlhEZ084Qmp1YUp2L1pqdz09IiwibWFjIjoiMDQ4NGQ2MDdiMDcwOTZkMzM3NDI5Mjc4ZjRiMmEwMDMxNzgxMTAwM2VlYWNkMDk1MWQ0OWE3ZjAwMWQ2ZjgxNyIsInRhZyI6IiJ9;;[Kegiatan Usaha: -, Kategori: A, KBLI: 01262];;;15/12/2025;UMKM;Dir Pajak;;;invalid;;;FALSE;FALSE;TRUE;;;invalid;;;;;;danum tana taka;0;0;0;;;jl jendral sudirman no no 14a rt 010 rw 003 tanah grogot;;1;danum tana taka jl jendral sudirman no no 14a rt 010 rw 003 tanah grogot kbli01;1;0;1;0;Aktif;JL JENDRAL SUDIRMAN NO NO 14A RT010 RW003 TANAH GROGOT;10;3;;;TARIK 02 FEB - 12.00 WITA;6401040004_10_3;-1.91316;116.195833
2100;3448656;PC IMM PASER;JL MODANG;6401040004;64;1;40;4;KALIMANTAN TIMUR;PASER;TANAH GROGOT;TANAH GROGOT;eyJpdiI6ImZsYm8wam9BZ0huNnQ4c0tqVUdBSEE9PSIsInZhbHVlIjoiVmZWeG5xaVN6U0JjMVdSUmxyRHVvUT09IiwibWFjIjoiZjQ3OGU1NzIzMWRiZTdiMTNmOWFjODljZTMwNjgyZWZmNWNmODFlNzE4NjNjNzhkMmQ2NTViNGE3YTVmNTcxNiIsInRhZyI6IiJ9;;[Kegiatan Usaha: -, Kategori: P, KBLI: 85321];;;15/12/2025;UMKM;Dir Pajak;;;invalid;;;FALSE;FALSE;TRUE;;;invalid;;;;;;pc imm paser;0;0;0;;;jl modang;;85;pc imm paser jl modang kbli85;99;0;1;0;Tidak Ditemukan;JL MODANG;0;0;;;TARIK 02 FEB - 12.00 WITA;6401040004_0_0;;
2104;3455910;JAYA ABADI;JL.S.I.KHALILUDIN RT.02 RW.04, TANAH GROGOT;6401040004;64;1;40;4;KALIMANTAN TIMUR;PASER;TANAH GROGOT;TANAH GROGOT;eyJpdiI6IkFHUGZhKzlZeXZVaFRPajlMVUdqclE9PSIsInZhbHVlIjoiT21PMWg0NG85WXpmWnRWU2FPNmdkZz09IiwibWFjIjoiYmFlZDcxYjA0MWU5MzEyMzcyMDQ2MmFiY2RiMDczZGFjODE0NDY3NmQyNTUzY2EyNGFjYTQ2YjRjYTRmN2JjMCIsInRhZyI6IiJ9;;[Kegiatan Usaha: -, Kategori: S, KBLI: 95220];;;15/12/2025;UMKM;Dir Pajak;;;invalid;;;FALSE;FALSE;TRUE;;;invalid;;;;;;jaya abadi;0;0;0;;;jl s i khaliludin rt 02 rw 04 tanah grogot;;95;jaya abadi jl s i khaliludin rt 02 rw 04 tanah grogot kbli95;1;0;1;0;Aktif;JLSIKHALILUDIN RT02 RW04 TANAH GROGOT;2;4;;;TARIK 02 FEB - 12.00 WITA;6401040004_2_4;-1.90819;116.194991
2112;3466065;KHARISMA BAYU KENCANA;JL DR CIPTO MANGUNKUSUMO NO NO 117 RT.004 RW.004, TANAH GROGOT;6401040004;64;1;40;4;KALIMANTAN TIMUR;PASER;TANAH GROGOT;TANAH GROGOT;eyJpdiI6Ik44TnVWcWc0RWZxdFo0cmFQZ2JPZ1E9PSIsInZhbHVlIjoiWkx6Q2VaS1RmWVlJLzhoVm41WHpQQT09IiwibWFjIjoiOGUyNDI1ZGJhZTFiNDIyNDlhNjM3MjBmYzVjYWIwNTNhZDNjMzkxOWQ4YzdhMWVhNTM4MTY0MDdmZmY3ZjRjYyIsInRhZyI6IiJ9;;[Kegiatan Usaha: -, Kategori: B, KBLI: 05100];;;15/12/2025;UMKM;Dir Pajak;;;invalid;;;FALSE;FALSE;TRUE;;;invalid;;;;;;kharisma bayu kencana;0;0;0;;;jl dr cipto mangunkusumo no no 117 rt 004 rw 004 tanah grogot;;5;kharisma bayu kencana jl dr cipto mangunkusumo no no 117 rt 004 rw 004 tanah grogot kbli05;1;0;1;0;Aktif;JL DR CIPTO MANGUNKUSUMO NO NO 117 RT004 RW004 TANAH GROGOT;4;4;;;TARIK 02 FEB - 12.00 WITA;6401040004_4_4;-1.90073;116.186873
2114;3352523;ALAM SELATAN;JL PIERE TENDEAN PR BTN BATUAH NO NO 84 RT.04 RW.05, TANAH GROGOT;6401040004;64;1;40;4;KALIMANTAN TIMUR;PASER;TANAH GROGOT;TANAH GROGOT;eyJpdiI6IkdkVU00SmdhRms5eTdGaWswWEplMkE9PSIsInZhbHVlIjoiMEFzS09pMjdJakswRUZVNXFyZjlRZz09IiwibWFjIjoiZDljMGQyNDhiYzhkZWQxNzU2ODk2MjYwZmExNDVhNTM4NTMwYWViNmY2Mzk2MThkYzE3YmEyMDhjNDdhMGY4YyIsInRhZyI6IiJ9;;[Kegiatan Usaha: -, Kategori: G, KBLI: 47111];;;15/12/2025;UMKM;Dir Pajak;;;invalid;;;FALSE;FALSE;TRUE;;;invalid;;;;;;alam selatan;0;0;0;;;jl piere tendean pr btn batuah no no 84 rt 04 rw 05 tanah grogot;;47;alam selatan jl piere tendean pr btn batuah no no 84 rt 04 rw 05 tanah grogot kbli47;1;0;1;0;Aktif;JL PIERE TENDEAN PR BTN BATUAH NO NO 84 RT04 RW05 TANAH GROGOT;4;5;;;TARIK 02 FEB - 12.00 WITA;6401040004_4_5;-1.91588;116.190193
2119;3469726;ATHAYA MANDIRI;JL.D.I.PANJAITAN RT.017 RW.004, TANAH GROGOT;6401040004;64;1;40;4;KALIMANTAN TIMUR;PASER;TANAH GROGOT;TANAH GROGOT;eyJpdiI6IjFzU0hUdkwzUTF4NEpMbVBYQWdkdXc9PSIsInZhbHVlIjoiNFFPWkFUWVNUVElEVEZmdTRuMWQ2dz09IiwibWFjIjoiODE0NDk0N2JiODg4OWIxZmRlZTBiY2RkNzJmZmRlM2U1ZWQwMGZkNDQyNmE5OTM3MzRiYTExZWEwOWNhMzI4MiIsInRhZyI6IiJ9;;[Kegiatan Usaha: -, Kategori: G, KBLI: 46100];;;15/12/2025;UMKM;Dir Pajak;;;invalid;;;FALSE;FALSE;TRUE;;;invalid;;;;;;athaya mandiri;0;0;0;;;jl d i panjaitan rt 017 rw 004 tanah grogot;;46;athaya mandiri jl d i panjaitan rt 017 rw 004 tanah grogot kbli46;1;0;1;0;Aktif;JLDIPANJAITAN RT017 RW004 TANAH GROGOT;17;4;;;TARIK 02 FEB - 12.00 WITA;6401040004_17_4;-1.8938;116.190345
2122;3473409;LESTARI RANTAU JAYA;JL.UNTUNG SUROPATI RT.04 DESA JONE PASER;6401040009;64;1;40;9;KALIMANTAN TIMUR;PASER;TANAH GROGOT;JONE;eyJpdiI6IkNqQ1EwSEd4Q1h4Z2htSDNLUDVXSVE9PSIsInZhbHVlIjoiYmJCV3BnTWkyT2RtaTkzKytZMmZtQT09IiwibWFjIjoiNWI0YjcxMjMyNjE2MzIxNWU0N2IzMjZhMjhlMTk3ZmQ1OTA2Y2RlMGE5YjhlN2QzOTY1MDhkNGEyNzc3OTZhNSIsInRhZyI6IiJ9;;[Kegiatan Usaha: -, Kategori: F, KBLI: 42918];;;15/12/2025;UMKM;Dir Pajak;;;invalid;;;FALSE;FALSE;TRUE;;;invalid;;;;;;lestari rantau jaya;0;0;0;;;jl untung suropati rt 04 desa jone paser;;42;lestari rantau jaya jl untung suropati rt 04 desa jone paser kbli42;1;0;1;0;Aktif;JLUNTUNG SUROPATI RT04 DESA JONE PASER;4;0;;;TARIK 02 FEB - 12.00 WITA;6401040009_4_0;-1.90044;116.202163
2125;3480144;PANCARAN KASIH;JL. KAPTEN PIERE TENDEAN RT.005 RW.004, TANAH GROGOT;6401040004;64;1;40;4;KALIMANTAN TIMUR;PASER;TANAH GROGOT;TANAH GROGOT;eyJpdiI6IjZuYVAzN2N1aWxwdTBZNW9ybjBudEE9PSIsInZhbHVlIjoiV0lrUW9IMlJ4YkxyS3N4WFhDT2lBUT09IiwibWFjIjoiNGE3MGVlOTY2Yzc5NWU5MWU2MjI3YjRmNmVmN2M5YmI1NjE5ZDg4NGZkN2IwZDMwNWVkMjhjMmRlZWU5OWY3YiIsInRhZyI6IiJ9;;[Kegiatan Usaha: -, Kategori: F, KBLI: 42918];;;15/12/2025;UMKM;Dir Pajak;;;invalid;;;FALSE;FALSE;TRUE;;;invalid;;;;;;pancaran kasih;0;0;0;;;jl kapten piere tendean rt 005 rw 004 tanah grogot;;42;pancaran kasih jl kapten piere tendean rt 005 rw 004 tanah grogot kbli42;1;0;1;0;Aktif;JL KAPTEN PIERE TENDEAN RT005 RW004 TANAH GROGOT;5;4;;;TARIK 02 FEB - 12.00 WITA;6401040004_5_4;-1.90186;116.196795
2137;3495325;NOR BARU;JL.GAJAH MADA RT/RW:07/03, TANAH GROGOT;6401040004;64;1;40;4;KALIMANTAN TIMUR;PASER;TANAH GROGOT;TANAH GROGOT;eyJpdiI6Im1QVnlmb2RyMnV6WHN5bDlzbEUzTmc9PSIsInZhbHVlIjoibGVVdEdqcFo4dHQ4UDZtdmZZYnNYdz09IiwibWFjIjoiZTJiNGMyODg1ZDUxYmQxMDc4Mzc1MTgyNDQxZmIxYjA4NDc4ZmIyM2QyMTI0MTkxY2MwYmMxNDU2ZmIxNWZlNCIsInRhZyI6IiJ9;;[Kegiatan Usaha: -, Kategori: F, KBLI: 42918];;;15/12/2025;UMKM;Dir Pajak;;;invalid;;;FALSE;FALSE;TRUE;;;invalid;;;;;;nor baru;0;0;0;;;jl gajah mada rt rw 07 03 tanah grogot;;42;nor baru jl gajah mada rt rw 07 03 tanah grogot kbli42;1;0;1;0;Aktif;JLGAJAH MADA RTRW0703 TANAH GROGOT;7;3;;;TARIK 02 FEB - 12.00 WITA;6401040004_7_3;-1.90916;116.188706
2141;3499712;GISISA ANANDA PERKASA;JL.KAPT.PIERE TENDEAN RT.017 RW.004, TANAH GROGOT;6401040004;64;1;40;4;KALIMANTAN TIMUR;PASER;TANAH GROGOT;TANAH GROGOT;eyJpdiI6IjQvSlkybTIwMlNEQXQ4MXJQSE80VUE9PSIsInZhbHVlIjoieUx4d28yZU5MOXZ4bFNiYW1teHJUZz09IiwibWFjIjoiNjBjNmM1MGZjNTU4NjJmMmE5MjUyMjRjMmYzM2FkOGQ5ZTkxYzJhNjBlNWZjZWEwY2FjNjE0ZTNlZjBmOWIxMyIsInRhZyI6IiJ9;;[Kegiatan Usaha: -, Kategori: F, KBLI: 42918];;;15/12/2025;UMKM;Dir Pajak;;;invalid;;;FALSE;FALSE;TRUE;;;invalid;;;;;;gisisa ananda perkasa;0;0;0;;;jl kapt piere tendean rt 017 rw 004 tanah grogot;;42;gisisa ananda perkasa jl kapt piere tendean rt 017 rw 004 tanah grogot kbli42;1;0;1;0;Aktif;JLKAPTPIERE TENDEAN RT017 RW004 TANAH GROGOT;17;4;;;TARIK 02 FEB - 12.00 WITA;6401040004_17_4;-1.8938;116.190345
2143;3528408;MITRA ENERGI AGUNG, PT;JL LETJEN R SUPRAPTO NO 8 RT 017;6401050002;64;1;50;2;KALIMANTAN TIMUR;PASER;KUARO;KUARO;eyJpdiI6IjBsamtOMmxhWEVYd1RFeStseExNZFE9PSIsInZhbHVlIjoic0VlaHo4QXM0UW5NdHZkQ0RYYzNnZz09IiwibWFjIjoiMzhhOGMxZWQ0NzZmZTY3Nzc1ZjNkMWE3NzY2ZWJhOWU3YTk5YWMzNzFiNGI5OTFjOTQ3MGNjZjc0MWM1YzRmMCIsInRhZyI6IiJ9;;[Kegiatan Usaha: -, Kategori: B, KBLI: 05100];;;26/10/2025;UMKM;Dir Pajak;;;invalid;;;FALSE;FALSE;TRUE;;;invalid;;;;-1.8209386;116.0827297;mitra energi agung;0;0;0;;;jl letjen r suprapto no 8 rt 017;;5;mitra energi agung jl letjen r suprapto no 8 rt 017 kbli05;1;0;0;0;Aktif;JL LETJEN R SUPRAPTO NO 8 RT 017;17;0;;;TARIK 02 FEB - 12.00 WITA;6401050002_17_0;-1.82503;116.075309
2144;3528561;WAHANA PASER TELEVISI;JALAN JEND. SUDIRMAN NOMOR 18;6401040004;64;1;40;4;KALIMANTAN TIMUR;PASER;TANAH GROGOT;TANAH GROGOT;eyJpdiI6Im91T296bHExZC9BaXI2WmMwYmpEbWc9PSIsInZhbHVlIjoiYlg4NTh6bTVZODB1R1Y5MHRnNndkdz09IiwibWFjIjoiZDUzODRhZGZhNDUwZDRiN2Y5MzBhZmE2YWVkNWY2OTM0OTU4ZTQxYTZiYjdlYTI0OWFhZGRlNWYyMDRkMDI5NSIsInRhZyI6IiJ9;;[Kegiatan Usaha: -, Kategori: M, KBLI: 74201];;;15/12/2025;UMKM;Dir Pajak;;;invalid;;;FALSE;FALSE;TRUE;;;invalid;;;;;;wahana paser televisi;0;0;0;;;jalan jend sudirman nomor 18;;74;wahana paser televisi jalan jend sudirman nomor 18 kbli74;3;0;1;0;Tutup;JALAN JEND SUDIRMAN NOMOR 18;0;0;;;TARIK 02 FEB - 12.00 WITA;6401040004_0_0;;
2147;3532872;PENGURUS PUSAT KEGIATAN GUGUS (PKG) I KECAMATAN LONG IKIS;JL NEGARA KM 83 RT. 002 RW. 000;6401060004;64;1;60;4;KALIMANTAN TIMUR;PASER;LONG IKIS;PAIT;eyJpdiI6IldKRENWSHVHWU44ZU5VakpVOFcrU0E9PSIsInZhbHVlIjoiMkdIVGIyeTE0TFJaTkVrRUNKczFKUT09IiwibWFjIjoiYzdjYWMxZmVmYWRhNWE4ODFjYzQ4Mjc2YjJmMDhjMmY4N2NhZmIyYWQxYWE4ZjdhOTNiMTRiNDNjZTZiZWJlYiIsInRhZyI6IiJ9;;[Kegiatan Usaha: -, Kategori: S, KBLI: 94990];;;15/12/2025;UMKM;Dir Pajak;;;invalid;;;FALSE;FALSE;TRUE;;;invalid;;;;-1.599421667;116.1694517;pengurus pusat kegiatan gugus pkg i kecamatan long ikis;0;0;0;;;jl negara km 83 rt 002 rw 000;;94;pengurus pusat kegiatan gugus pkg i kecamatan long ikis jl negara km 83 rt 002 rw 000 kbli94;1;0;1;0;Aktif;JL NEGARA KM 83 RT 002 RW 000;2;0;;;TARIK 02 FEB - 12.00 WITA;6401060004_2_0;-1.60047;116.169118
2148;3532883;AL-FATIHAH RAHMAT RIZQI ALIM;JENDERAL SUDIRMAN NO 26 RT 004 RW 003, TANAH GROGOT;6401040004;64;1;40;4;KALIMANTAN TIMUR;PASER;TANAH GROGOT;TANAH GROGOT;eyJpdiI6Ikk5eldUNzRhUE1KRENMaXdVcFFHMFE9PSIsInZhbHVlIjoiTEUrMEgvVVpiS0lvdy9RL1JnK3pqQT09IiwibWFjIjoiNWNiZjE1MjFlYTA3MzNkZDU1MmY0ZGNiZDZkYWI0MGVkMTM0ZWRkMzY3YmMxOGY4MTA0YTg1ODRlZTE1MDAyNiIsInRhZyI6IiJ9;;[Kegiatan Usaha: -, Kategori: F, KBLI: 41011];;;15/12/2025;UMKM;Dir Pajak;;;invalid;;;FALSE;FALSE;TRUE;;;invalid;;;;;;al fatihah rahmat rizqi alim;0;0;0;;;jenderal sudirman no 26 rt 004 rw 003 tanah grogot;;41;al fatihah rahmat rizqi alim jenderal sudirman no 26 rt 004 rw 003 tanah grogot kbli41;99;0;1;0;Tidak Ditemukan;JENDERAL SUDIRMAN NO 26 RT 004 RW 003 TANAH GROGOT;4;3;;;TARIK 02 FEB - 12.00 WITA;6401040004_4_3;-1.90849;116.193101
2150;3538986;THALITA JAYA MANDIRI, CV;Jln. Baru Rantau Belimbing RT. 016;6401080006;64;1;80;6;KALIMANTAN TIMUR;PASER;LONG KALI;LONG KALI;eyJpdiI6IlRjL2oyRFFscjI4U21Jc215Slp2Vnc9PSIsInZhbHVlIjoiMit6dTR5cmFicFhuYmxNaGNxQnJYZz09IiwibWFjIjoiNWU4Y2RmNjQxYTFjNDFlM2FhYTZlMDYzYTEwMmYyZDYzNGQ4NWI0ZDQyNTQ0OWFkMWYxNWI3ZWRkODcwZmM2MCIsInRhZyI6IiJ9;;[Kegiatan Usaha: -, Kategori: G, KBLI: -];;;01/11/2025;UMKM;Dir Pajak;;;invalid;;;FALSE;FALSE;TRUE;;;invalid;;;;-1.521272775;116.3189295;thalita jaya mandiri;0;0;0;;;jln baru rantau belimbing rt 016;;0;thalita jaya mandiri jln baru rantau belimbing rt 016 kbli00;1;0;1;0;Aktif;Jln Baru Rantau Belimbing RT 016;16;0;;;TARIK 02 FEB - 12.00 WITA;6401080006_16_0;-1.51851;116.316413
2155;3511997;DUTA TEHNIK;JL.PANGERAN MENTERI RT.011 RW.004, TANAH GROGOT;6401040004;64;1;40;4;KALIMANTAN TIMUR;PASER;TANAH GROGOT;TANAH GROGOT;eyJpdiI6InhzelFFYkgwMG8vSDdaMmg1QlgrWmc9PSIsInZhbHVlIjoicFZOeDlyVFFFU0NIelQ3bE1DekpGQT09IiwibWFjIjoiYTYwMDQ5OGQxZDY2YWVhMDg3MWY5MDBhZGFmZmJmOGY0YmViZDkxM2FmYWZiYTJjYjQ4M2YxZjFkMmNkNGQ0YiIsInRhZyI6IiJ9;;[Kegiatan Usaha: -, Kategori: F, KBLI: 42101];;;15/12/2025;UMKM;Dir Pajak;;;invalid;;;FALSE;FALSE;TRUE;;;invalid;;;;;;duta tehnik;0;0;0;;;jl pangeran menteri rt 011 rw 004 tanah grogot;;42;duta tehnik jl pangeran menteri rt 011 rw 004 tanah grogot kbli42;1;0;1;0;Aktif;JLPANGERAN MENTERI RT011 RW004 TANAH GROGOT;11;4;;;TARIK 02 FEB - 12.00 WITA;6401040004_11_4;-1.90231;116.191342
2160;3500646;KOPERASI PERKEBUNAN AKAT BERAYAK;JL.JEND.SUDIRMAN RT. 03 RW.003, TANAH GROGOT;6401040004;64;1;40;4;KALIMANTAN TIMUR;PASER;TANAH GROGOT;TANAH GROGOT;eyJpdiI6ImJWWVFETHFLK29yQkZ0WVQvZ05VWFE9PSIsInZhbHVlIjoieGdqN1RETTNMbGxxQ2NZWmRkUE5pZz09IiwibWFjIjoiYjBjMzFlNDI3NzgzOWNlNjQxYTJiNjBiZGE0OTAwM2E2MjdhOGZkNzQ0OTFiY2FhZTNjY2MyZTNmZWQzNjk5YiIsInRhZyI6IiJ9;;;;;10/01/2025;UMKM;Dir Pajak;;;invalid;;;FALSE;FALSE;TRUE;;;invalid;;;;;;perkebunan akat berayak;0;0;0;;;jl jend sudirman rt 03 rw 003 tanah grogot;;0;perkebunan akat berayak jl jend sudirman rt 03 rw 003 tanah grogot kbli00;3;0;1;0;Tutup Sementara;JLJENDSUDIRMAN RT 03 RW003 TANAH GROGOT;3;3;;;TARIK 02 FEB - 12.00 WITA;6401040004_3_3;-1.90683;116.188644
2161;3504299;TIYA;JL.JEND.AHMAD YANI RT.005/04                      , TANAH GROGOT;6401040004;64;1;40;4;KALIMANTAN TIMUR;PASER;TANAH GROGOT;TANAH GROGOT;eyJpdiI6IjJIQ0RMUG5WYm9IaVJxVUJWM1pMbWc9PSIsInZhbHVlIjoibjFhMUszNlpZU05POHEvdUxjdGpJQT09IiwibWFjIjoiYzhiMmI3YjcxNzI0NDhjNmQ3MDA3ZDhjMTQ4OTQ3MmVkY2U1NGI5NWM0NjJkMzUwYjUzODg2ZWQ4MjhhYWU2OCIsInRhZyI6IiJ9;;[Kegiatan Usaha: -, Kategori: F, KBLI: 42918];;;15/12/2025;UMKM;Dir Pajak;;;invalid;;;FALSE;FALSE;TRUE;;;invalid;;;;;;tiya;0;0;0;;;jl jend ahmad yani rt 005 04 tanah grogot;;42;tiya jl jend ahmad yani rt 005 04 tanah grogot kbli42;1;0;1;0;Aktif;JLJENDAHMAD YANI RT00504 TANAH GROGOT;5;4;;;TARIK 02 FEB - 12.00 WITA;6401040004_5_4;-1.90186;116.196795
2163;3575026;DIFA SUKSES;Jalan Negara RT. 004;6401060004;64;1;60;4;KALIMANTAN TIMUR;PASER;LONG IKIS;PAIT;eyJpdiI6IldBQWlIaGZQOVdRT2VCSHQwQm0rV0E9PSIsInZhbHVlIjoiNXpvUUZScVNVbW5KdkhkVGliWlpsdz09IiwibWFjIjoiMTlhY2ExNzE5ZGJiMjk0NjExYThjMDhjMzFkMDJlYzExMGIzMWNmOGYwNjRjMTdiMDYwY2U2YTBiMDdiMzI1MCIsInRhZyI6IiJ9;;"[Kegiatan Usaha: -, Kategori: G, KBLI: 47724]; [Kegiatan Usaha: Aktivitas Klinik Swasta, Kategori: ,...";;;24/11/2025;UMKM;Dir Pajak;;;invalid;;;FALSE;FALSE;TRUE;;;invalid;;;;-1.60315792;116.1659954;difa sukses;0;0;0;;;jalan negara rt 004;;47;difa sukses jalan negara rt 004 kbli47;1;0;1;0;Aktif;Jalan Negara RT 004;4;0;;;TARIK 02 FEB - 12.00 WITA;6401060004_4_0;-1.60088;116.164934
2171;3595727;KOPERASI KONSUMEN MANGKU BUEN;JL. PANGERAN MENTERI SDN 014 TANAH GROGOT RT 013 RW 04;6401040004;64;1;40;4;KALIMANTAN TIMUR;PASER;TANAH GROGOT;TANAH GROGOT;eyJpdiI6IlVheXJ4WERxWXU2cjJpZVMvZXpyYUE9PSIsInZhbHVlIjoibWpnQVdCT3BvYld2OUFlcDZlbTlqUT09IiwibWFjIjoiYjhmZjg5OTg5OTQ2YzMwMjE0YWJhNTAzYzM0NTczYTVhZWM1NjI3MmIwZGZiY2YyN2NkMDZlNzFkMzFiYjdmYyIsInRhZyI6IiJ9;;[Kegiatan Usaha: -, Kategori: K, KBLI: 64142];;;07/01/2025;UMKM;Dir Pajak;;;invalid;;;FALSE;FALSE;TRUE;;;invalid;;;;;;konsumen mangku buen;0;0;0;;;jl pangeran menteri sdn 014 tanah grogot rt 013 rw 04;;64;konsumen mangku buen jl pangeran menteri sdn 014 tanah grogot rt 013 rw 04 kbli64;1;0;1;0;Aktif;JL PANGERAN MENTERI SDN 014 TANAH GROGOT RT 013 RW 04;13;4;;;TARIK 02 FEB - 12.00 WITA;6401040004_13_4;-1.9044;116.191298
2172;3597369;FAJAR KARYA PRATAMA;JL. GAJAH MADA Gg. CENDANA RT.07 RW.003;6401040004;64;1;40;4;KALIMANTAN TIMUR;PASER;TANAH GROGOT;TANAH GROGOT;eyJpdiI6ImNYbEJrYnVneklMdWFRUERmVlZCM2c9PSIsInZhbHVlIjoiajZ1aVFhanFCYjFnb3BGUlJNUmE1UT09IiwibWFjIjoiYTJjN2Y4ZDBjOGI0MGJlMTMzZmJjMjZiOGFhYjlhZTA0NGNiNjU2NGQ1NmIxMGJjZDVkZjZhZDM0ZWZiYjNmZiIsInRhZyI6IiJ9;;[Kegiatan Usaha: -, Kategori: M, KBLI: 70202];;;15/12/2025;UMKM;Dir Pajak;;;invalid;;;FALSE;FALSE;TRUE;;;invalid;;;;;;fajar karya pratama;0;0;0;;;jl gajah mada gg cendana rt 07 rw 003;;70;fajar karya pratama jl gajah mada gg cendana rt 07 rw 003 kbli70;1;0;1;0;Aktif;JL GAJAH MADA Gg CENDANA RT07 RW003;7;3;;;TARIK 02 FEB - 12.00 WITA;6401040004_7_3;-1.90916;116.188706
2186;3614745;KELOMPOK BERMAIN HARAPAN BUNDA;Desa Mendik Makmur RT. 01 Kec. Long Kali;6401080006;64;1;80;6;KALIMANTAN TIMUR;PASER;LONG KALI;LONG KALI;eyJpdiI6Ik5kRlFlV0tCa1F6RURrUjFNUFRVVUE9PSIsInZhbHVlIjoiTkg4UjNsWTIrUXQ2RjN3TnJmc3R4UT09IiwibWFjIjoiMzFmMjE5MDI3OTc1YmE2ZTZmOTEyMTVkNDZmMzU0MTZmZDlhZGE2NTJmZjNhMGY4Y2YzMTk0MzRjMDdlMDVhNCIsInRhZyI6IiJ9;;[Kegiatan Usaha: -, Kategori: P, KBLI: 85133];;;03/07/2025;UMKM;Dir Pajak;;;invalid;;;FALSE;FALSE;TRUE;;;invalid;;;;-1.519584919;116.3197322;kelompok bermain harapan bunda;0;0;0;;;desa mendik makmur rt 01 kec long kali;;85;kelompok bermain harapan bunda desa mendik makmur rt 01 kec long kali kbli85;1;0;1;0;Aktif;Desa Mendik Makmur RT 01 Kec Long Kali;1;0;;;TARIK 02 FEB - 12.00 WITA;6401080006_1_0;-1.5208;116.320584
2188;3621364;RING LAND;Jl. Sultan Hasanuddin RT.13 RW 002;6401040004;64;1;40;4;KALIMANTAN TIMUR;PASER;TANAH GROGOT;TANAH GROGOT;eyJpdiI6Im51V2daLzRGdXVPN1hLUUFMd1dSUHc9PSIsInZhbHVlIjoibzE3UkgrUHROeUpyU3NPTkpNcnZxUT09IiwibWFjIjoiN2M0ZjFhNzNmMDRkZjg4ODhmOWE4YmQwNmI2ZmU3YzEzMDU3MTdlOGI2ZDBlNzQxODMxNjdmN2ExNjMzYjI3ZiIsInRhZyI6IiJ9;;[Kegiatan Usaha: -, Kategori: F, KBLI: 41018];;;08/01/2025;UMKM;Dir Pajak;;;invalid;;;FALSE;FALSE;TRUE;;;invalid;;;;;;ring land;0;0;0;;;jl sultan hasanuddin rt 13 rw 002;;41;ring land jl sultan hasanuddin rt 13 rw 002 kbli41;1;0;1;0;Aktif;Jl Sultan Hasanuddin RT13 RW 002;13;2;;;TARIK 02 FEB - 12.00 WITA;6401040004_13_2;-1.92301;116.197835
2196;3634981;BUMI PUTRA;JL. KH. AGUS SALIM N0 63 RT.004 RW.002, TANAH GROGOT;6401040004;64;1;40;4;KALIMANTAN TIMUR;PASER;TANAH GROGOT;TANAH GROGOT;eyJpdiI6Ii9ZRjJrUUJLU2piRlJrT1hmaVhiTUE9PSIsInZhbHVlIjoickpFSzZneFo1UXgwRGNUVzc3RjRRdz09IiwibWFjIjoiNjhjNzYwMjE5YmM5MzcyNGJmMjQyYTFlN2E2ZjY3Y2JjMzExOGJiYmMwYmQwNjY3Mjg3NmFmNWY5NWRiNWZlMCIsInRhZyI6IiJ9;;[Kegiatan Usaha: -, Kategori: F, KBLI: 42918];;;15/12/2025;UMKM;Dir Pajak;;;invalid;;;FALSE;FALSE;TRUE;;;invalid;;;;;;bumi putra;0;0;0;;;jl kh agus salim n0 63 rt 004 rw 002 tanah grogot;;42;bumi putra jl kh agus salim n0 63 rt 004 rw 002 tanah grogot kbli42;1;0;1;0;Aktif;JL KH AGUS SALIM N0 63 RT004 RW002 TANAH GROGOT;4;2;;;TARIK 02 FEB - 12.00 WITA;6401040004_4_2;-1.91883;116.196349
2207;3650004;ADIZYA PAMBUDI;JL.AHMAD YANI RT. 015 RW. 06;6401040004;64;1;40;4;KALIMANTAN TIMUR;PASER;TANAH GROGOT;TANAH GROGOT;eyJpdiI6IkIxanBqRDZ3UnZ3TVRmTUpHWXJNQ0E9PSIsInZhbHVlIjoiUjlIL3dGL1NSaGFzSzVrb1paKzhOUT09IiwibWFjIjoiMzg5ZmE0NmVjOTNiNDM0NTFjMmUwZjk4NWIwN2RhOTZhNWY4MjllODQxMWFlMjc4ZTgzMWFkY2Y2OWZmNjc5ZSIsInRhZyI6IiJ9;;[Kegiatan Usaha: -, Kategori: G, KBLI: 46100];;;15/12/2025;UMKM;Dir Pajak;;;invalid;;;FALSE;FALSE;TRUE;;;invalid;;;;;;adizya pambudi;0;0;0;;;jl ahmad yani rt 015 rw 06;;46;adizya pambudi jl ahmad yani rt 015 rw 06 kbli46;1;0;1;0;Aktif;JLAHMAD YANI RT 015 RW 06;15;6;;;TARIK 02 FEB - 12.00 WITA;6401040004_15_6;-1.90753;116.198644
2216;3675797;ksp KARUNIA JAYA BERSAMA;jl kusuma bangsa rt 03;6401040003;64;1;40;3;KALIMANTAN TIMUR;PASER;TANAH GROGOT;TEPIAN BATANG;eyJpdiI6IlAzVkhRWVdxVGVFRDJ4Z0Q2MXp5SkE9PSIsInZhbHVlIjoiYWVQd2VZOGlzVzNud1FtMzJ0YjNpZz09IiwibWFjIjoiZTY2NjRmYjhjN2RjYzcxYjlmNjRkYzVhOTZjMTM0NWQ2MzIwODIzNzRjYmE4YjRkMmRhNjg1NGVhZWFlOWFkYyIsInRhZyI6IiJ9;;[Kegiatan Usaha: -, Kategori: K, KBLI: 64141];;;07/01/2025;UMKM;Dir Pajak;;;invalid;;;FALSE;FALSE;TRUE;;;invalid;;;;;;ksp karunia jaya bersama;0;0;0;;;jl kusuma bangsa rt 03;;64;ksp karunia jaya bersama jl kusuma bangsa rt 03 kbli64;1;0;1;0;Aktif;jl kusuma bangsa rt 03;3;0;;;TARIK 02 FEB - 12.00 WITA;6401040003_3_0;-1.89739;116.18447
2223;3661895;SALJU LANGGENG INDAH;JL. SENAKEN GG. KENANGA RT.11, JONE;6401040009;64;1;40;9;KALIMANTAN TIMUR;PASER;TANAH GROGOT;JONE;eyJpdiI6Ik50NmRFdDVMTGIrUW9udlJlY0s2b1E9PSIsInZhbHVlIjoiR1NTWkhvZ29sSVA1Q0JvdVZlYS9Idz09IiwibWFjIjoiNTcxYmZiMWYzMzZhNDc2YjZhY2RiOWNhMjU2YWYxZDJkZGRmNWI4MGE2MDI1ZTkxN2FmZTU3YmJiMTA2YzFhMSIsInRhZyI6IiJ9;;[Kegiatan Usaha: -, Kategori: H, KBLI: 50111];;;15/12/2025;UMKM;Dir Pajak;;;invalid;;;FALSE;FALSE;TRUE;;;invalid;;;;;;salju langgeng indah;0;0;0;;;jl senaken gg kenanga rt 11 jone;;50;salju langgeng indah jl senaken gg kenanga rt 11 jone kbli50;1;0;1;0;Aktif;JL SENAKEN GG KENANGA RT11 JONE;11;0;;;TARIK 02 FEB - 12.00 WITA;6401040009_11_0;-1.89403;116.218652
2230;3688396;SULTAN BANDAR PASER;JL. KH. AGUS SALIM;6401040004;64;1;40;4;KALIMANTAN TIMUR;PASER;TANAH GROGOT;TANAH GROGOT;eyJpdiI6IjBFUTJXRWN2Q0pXTXdua1NVVTIyd1E9PSIsInZhbHVlIjoiRFdDMzFjMW4wVGYwNHpNSnlpcWRJZz09IiwibWFjIjoiMGE4NmVmZTAyNzFlNGRmNTNhMmM1Zjc1OWQ0ZThhMGVjM2YzMDQ1MzkzNjQyMjQ0MDE2OTNjNmU0NTY1NzcwMCIsInRhZyI6IiJ9;;[Kegiatan Usaha: -, Kategori: H, KBLI: 52224];;;31/10/2024;UMKM;Dir Pajak;;;invalid;;;FALSE;FALSE;TRUE;;;invalid;;;;;;sultan bandar paser;0;0;0;;;jl kh agus salim;;52;sultan bandar paser jl kh agus salim kbli52;99;0;1;0;Tidak Ditemukan;JL KH AGUS SALIM;0;0;;;TARIK 02 FEB - 12.00 WITA;6401040004_0_0;;
2232;3691836;H. SULAIMAN EVA MERUKH DAN KELUARGA;Jl. Dr. Cipto Mangun Kusumo RT. 04 RW. 04;6401040004;64;1;40;4;KALIMANTAN TIMUR;PASER;TANAH GROGOT;TANAH GROGOT;eyJpdiI6Ijh6K2ZDTzNHRUZJTGRmcUFWOWQwRnc9PSIsInZhbHVlIjoiNEZGZG5ZQWZpMkltS3pqaXdhTHllUT09IiwibWFjIjoiMjgwZTExZGMyMzI4MWI4ZWMyMDgwNjFjYThkMmUzNzdiMjVhYmUwMWY3NmZkMDdlZWY5ZWEzYzA3ZWFmYmE3NSIsInRhZyI6IiJ9;;"[Kegiatan Usaha: -, Kategori: -, KBLI: -]; [Kegiatan Usaha: Aktivitas Penyewaan dan Sewa Guna Usaha ...";;;24/11/2025;UMKM;Dir Pajak;;;invalid;;;FALSE;FALSE;TRUE;;;invalid;;;;;;h sulaiman eva merukh dan keluarga;0;0;0;;;jl dr cipto mangun kusumo rt 04 rw 04;;0;h sulaiman eva merukh dan keluarga jl dr cipto mangun kusumo rt 04 rw 04 kbli00;1;0;1;0;Aktif;Jl Dr Cipto Mangun Kusumo RT 04 RW 04;4;4;;;TARIK 02 FEB - 12.00 WITA;6401040004_4_4;-1.90073;116.186873
2260;3724690;IKATAN GURU TAMAN KANAK-KANAK INDONESIA;JL. R.A KARTINI NO.32 RT.013 RW.04;6401040004;64;1;40;4;KALIMANTAN TIMUR;PASER;TANAH GROGOT;TANAH GROGOT;eyJpdiI6IlhYcVM4a1RsSDc2anhsbkYwL3cwRlE9PSIsInZhbHVlIjoiTnQ5OWcxNWU3QTRkS2wybExoR0JQUT09IiwibWFjIjoiOTJlOGE2NTQzMzYxZjJjYzBlMzdmZDE2ZTQ0NDFjYTVkNDlhMmE0ZDZiZDVhMDk0MmIyMjYzYzE3MTIzZjg4NCIsInRhZyI6IiJ9;;[Kegiatan Usaha: -, Kategori: P, KBLI: 85132];;;15/12/2025;UMKM;Dir Pajak;;;invalid;;;FALSE;FALSE;TRUE;;;invalid;;;;;;ikatan guru taman kanak kanak indonesia;0;0;0;;;jl r a kartini no 32 rt 013 rw 04;;85;ikatan guru taman kanak kanak indonesia jl r a kartini no 32 rt 013 rw 04 kbli85;1;0;1;0;Aktif;JL RA KARTINI NO32 RT013 RW04;13;4;;;TARIK 02 FEB - 12.00 WITA;6401040004_13_4;-1.9044;116.191298
2261;3731810;PESONA KARYA AGUNG;Jl. A.W. Syahranie RT/RW 12/04;6401040004;64;1;40;4;KALIMANTAN TIMUR;PASER;TANAH GROGOT;TANAH GROGOT;eyJpdiI6IkVQaERJZ21LZ20wWnFrUHNDSVgyN0E9PSIsInZhbHVlIjoiKzJkZkZ5VE5hU0MzK09FQlV3bjBxQT09IiwibWFjIjoiN2M3NjRkMWIwOWY5ZjE0NmVjZWVjYmU5NjY5ODc0MzRkMTI5MWI2MWYxOTNkYjdmOTk5ZGEwN2E1ZGFjYzcwOCIsInRhZyI6IiJ9;;"[Kegiatan Usaha: -, Kategori: F, KBLI: 42101]; [Kegiatan Usaha: Konstruksi Bangunan Sipil Lainnya Yt...";;;24/11/2025;UMKM;Dir Pajak;;;invalid;;;FALSE;FALSE;TRUE;;;invalid;;;;;;pesona karya agung;0;0;0;;;jl a w syahranie rt rw 12 04;;42;pesona karya agung jl a w syahranie rt rw 12 04 kbli42;1;0;1;0;Aktif;Jl AW Syahranie RTRW 1204;12;4;;;TARIK 02 FEB - 12.00 WITA;6401040004_12_4;-1.90673;116.193399
2276;3756021;AGRAPAMA CIPTAPRASADA PASER;Jl. Senaken Gg. Alam Permai Rt. 008;6401040016;64;1;40;16;KALIMANTAN TIMUR;PASER;TANAH GROGOT;SENAKEN;eyJpdiI6IjZ1cFQwSjVydXZhcTVWbzg5WWZGanc9PSIsInZhbHVlIjoiVFVUZzBRNFoxaG1SZGlieGdpVkxJUT09IiwibWFjIjoiMTM3NThlMTJjNTUwNDhhZDMwZjJkNGQyOTAwZjNkNmVjNWRhMjliNDUwNzNkMWQ3MmRkZGRmNWNjZGUyNTBiZCIsInRhZyI6IiJ9;;"[Kegiatan Usaha: -, Kategori: F, KBLI: 42101]; [Kegiatan Usaha: Konstruksi Gedung Lainnya, Kategori:...";;;24/11/2025;UMKM;Dir Pajak;;;invalid;;;FALSE;FALSE;TRUE;;;invalid;;;;;;agrapama ciptaprasada paser;0;0;0;;;jl senaken gg alam permai rt 008;;42;agrapama ciptaprasada paser jl senaken gg alam permai rt 008 kbli42;1;0;0;0;Aktif;Jl Senaken Gg Alam Permai Rt 008;8;0;;;TARIK 02 FEB - 12.00 WITA;6401040016_8_0;-1.90095;116.208742
2279;3762215;FIRDHA COMPUTAMA;JL.RA.KARTINI NO.93 RT.009 RW.006, TANAH GROGOT;6401040004;64;1;40;4;KALIMANTAN TIMUR;PASER;TANAH GROGOT;TANAH GROGOT;eyJpdiI6InlGb0pmSnlqbmJXR2t0SEJqcWMxb1E9PSIsInZhbHVlIjoiUzdkRW15N2FnN1JPbWlTSHRRalRqdz09IiwibWFjIjoiNzRkYWM3MWVjNTk4MGMxMzdjNzE4NGQ1MzFkYzg2NmU2NDE4ZDI5NGRkYjA4NThjZjFjMTMzMDI2MzY4NzA1NyIsInRhZyI6IiJ9;;[Kegiatan Usaha: -, Kategori: G, KBLI: 47411];;;15/12/2025;UMKM;Dir Pajak;;;invalid;;;FALSE;FALSE;TRUE;;;invalid;;;;;;firdha computama;0;0;0;;;jl ra kartini no 93 rt 009 rw 006 tanah grogot;;47;firdha computama jl ra kartini no 93 rt 009 rw 006 tanah grogot kbli47;1;0;1;0;Aktif;JLRAKARTINI NO93 RT009 RW006 TANAH GROGOT;9;6;;;TARIK 02 FEB - 12.00 WITA;6401040004_9_6;-1.90932;116.19646
2281;3763102;BUNGO NYARO;JL. P. SENTIK NO NO. 03 RT.009 RW.002, TANAH GROGOT;6401040004;64;1;40;4;KALIMANTAN TIMUR;PASER;TANAH GROGOT;TANAH GROGOT;eyJpdiI6Ik9pUDdIMXR1NmVVZ2ZqaHZSb0tGbFE9PSIsInZhbHVlIjoiamZSQWJVaFVGcjlWSXJBSWViaGwydz09IiwibWFjIjoiMmZjZWU3N2VkNjJiOTI3NzVlNDEyYjk2YjIyOGU4ZWI3NzBlMDE2ODM0NmNjY2ZiNGRiZDgxN2U3NTk1NDZhMyIsInRhZyI6IiJ9;;[Kegiatan Usaha: -, Kategori: G, KBLI: 46100];;;21/12/2025;UMKM;Dir Pajak;;;invalid;;;FALSE;FALSE;TRUE;;;invalid;;;;;;bungo nyaro;0;0;0;;;jl p sentik no no 03 rt 009 rw 002 tanah grogot;;46;bungo nyaro jl p sentik no no 03 rt 009 rw 002 tanah grogot kbli46;1;0;1;0;Aktif;JL P SENTIK NO NO 03 RT009 RW002 TANAH GROGOT;9;2;;;TARIK 02 FEB - 12.00 WITA;6401040004_9_2;-1.91515;116.197381
2285;3767561;koperasi PRODUSEN KARYA TAKA BERSAMA;JL. KANDILO BAHARI rt 03 rw 01;6401040004;64;1;40;4;KALIMANTAN TIMUR;PASER;TANAH GROGOT;TANAH GROGOT;eyJpdiI6Ii9HRWZXN2dmdERYZTNreEJneERrSVE9PSIsInZhbHVlIjoiWlJuRGFEdDVGTlNGS3Bib1JFaGVidz09IiwibWFjIjoiY2I0ODNlZDI2MThhYzU3NmFkZWNmZWM5MzJjNzI3MmMxM2IxNTcwMzIwYmViYjk1MzU1YzdmZTg2MWIwOTExZCIsInRhZyI6IiJ9;;[Kegiatan Usaha: -, Kategori: K, KBLI: 64141];;;07/01/2025;UMKM;Dir Pajak;;;invalid;;;FALSE;FALSE;TRUE;;;invalid;;;;;;produsen karya taka bersama;0;0;0;;;jl kandilo bahari rt 03 rw 01;;64;produsen karya taka bersama jl kandilo bahari rt 03 rw 01 kbli64;1;0;1;0;Aktif;JL KANDILO BAHARI rt 03 rw 01;3;1;;;TARIK 02 FEB - 12.00 WITA;6401040004_3_1;-1.91829;116.199577
2298;3820486;ANITA;JL SI KHALILUDDIN NO 54 RT.12 RW.04, TANAH GROGOT;6401040004;64;1;40;4;KALIMANTAN TIMUR;PASER;TANAH GROGOT;TANAH GROGOT;eyJpdiI6ImZ3NXBRUXJoQVFTNkduV1RQUHNJR1E9PSIsInZhbHVlIjoib3AzQ0NZaEtLd0dtYlhkcDQ4cXNJdz09IiwibWFjIjoiMjE0NGRkM2IxZTllOGZiOWY3MDk2OWY2ODU0YTUyNTgyNWVmYTU3Y2QwMTk2Y2Y5MTIyOGI3MTRmNDFiOGY4NCIsInRhZyI6IiJ9;;[Kegiatan Usaha: -, Kategori: G, KBLI: 46100];;;15/12/2025;UMKM;Dir Pajak;;;invalid;;;FALSE;FALSE;TRUE;;;invalid;;;;;;anita;0;0;0;;;jl si khaliluddin no 54 rt 12 rw 04 tanah grogot;;46;anita jl si khaliluddin no 54 rt 12 rw 04 tanah grogot kbli46;1;0;1;0;Aktif;JL SI KHALILUDDIN NO 54 RT12 RW04 TANAH GROGOT;12;4;;;TARIK 02 FEB - 12.00 WITA;6401040004_12_4;-1.90673;116.193399
2308;3845620;ART'STRUCTURE SWARGA SENDAWAR AGROCULTURE;JL KAPT. PIERE TENDEAN RT.005 RW.004;6401040004;64;1;40;4;KALIMANTAN TIMUR;PASER;TANAH GROGOT;TANAH GROGOT;eyJpdiI6InIyNDdUeGFkSDVaaWdZZnFQQ3VjSEE9PSIsInZhbHVlIjoicVB1bm5wREl3MHAxQytKcFBxdC8xdz09IiwibWFjIjoiZTBiNmMzYWRkMmEzOTNlOTM2ODA4MmRhZmVjMjAzZjhmY2M0YmYyYjM2MWE2NGFhNzMwNzIwOTMyODQ4YjI0MiIsInRhZyI6IiJ9;;[Kegiatan Usaha: -, Kategori: F, KBLI: 42918];;;15/12/2025;UMKM;Dir Pajak;;;invalid;;;FALSE;FALSE;TRUE;;;invalid;;;;;;art structure swarga sendawar agroculture;0;0;0;;;jl kapt piere tendean rt 005 rw 004;;42;art structure swarga sendawar agroculture jl kapt piere tendean rt 005 rw 004 kbli42;1;0;1;0;Aktif;JL KAPT PIERE TENDEAN RT005 RW004;5;4;;;TARIK 02 FEB - 12.00 WITA;6401040004_5_4;-1.90186;116.196795
2310;3846870;NUR ALISA;JL. SENAKEN GG. ANGGREK RT.009, JONE;6401040009;64;1;40;9;KALIMANTAN TIMUR;PASER;TANAH GROGOT;JONE;eyJpdiI6InNFM0oybUNDV3VtNll6eG9GVjZicUE9PSIsInZhbHVlIjoiK2Q1SXRJdUFCejFLdzFRY2VBZCtCdz09IiwibWFjIjoiMzE1NGIwZDg1NGUwNDczOTM2YjZjN2U2MDdmYzExOGE0YTgwMzU4ZjMxMTYwNjg2ZWJlNzYxYmIyMWQwMmM3YiIsInRhZyI6IiJ9;;[Kegiatan Usaha: -, Kategori: G, KBLI: 46100];;;15/12/2025;UMKM;Dir Pajak;;;invalid;;;FALSE;FALSE;TRUE;;;invalid;;;;;;nur alisa;0;0;0;;;jl senaken gg anggrek rt 009 jone;;46;nur alisa jl senaken gg anggrek rt 009 jone kbli46;1;0;1;0;Aktif;JL SENAKEN GG ANGGREK RT009 JONE;9;0;;;TARIK 02 FEB - 12.00 WITA;6401040009_9_0;-1.8979;116.20379
2327;3866687;KARYA BERSAMA;JL. SULTAN ABDURRAHMAN RT.07 RW.06, TANAH GROGOT;6401040004;64;1;40;4;KALIMANTAN TIMUR;PASER;TANAH GROGOT;TANAH GROGOT;eyJpdiI6Ii81WGtaWmhGMWY3bHhZNmhGWVNoVWc9PSIsInZhbHVlIjoiYTBSeC9SNGkreW1CcFRybllRTG9ldz09IiwibWFjIjoiZjMyZmVjYzAzNWEyZDlkMzBlMzZmNTkzN2NhMDdhMDMwYTI1MmNlMTMxZjFlYmQwZWE5NjM5ZDMwZTQyODY2MCIsInRhZyI6IiJ9;;[Kegiatan Usaha: -, Kategori: F, KBLI: 42918];;;15/12/2025;UMKM;Dir Pajak;;;invalid;;;FALSE;FALSE;TRUE;;;invalid;;;;;;karya bersama;0;0;0;;;jl sultan abdurrahman rt 07 rw 06 tanah grogot;;42;karya bersama jl sultan abdurrahman rt 07 rw 06 tanah grogot kbli42;1;0;1;0;Aktif;JL SULTAN ABDURRAHMAN RT07 RW06 TANAH GROGOT;7;6;;;TARIK 02 FEB - 12.00 WITA;6401040004_7_6;-1.90653;116.199517
2328;3867443;ASTI INDO BERSAMA;JALAN DI PANJAITAN;6401040003;64;1;40;3;KALIMANTAN TIMUR;PASER;TANAH GROGOT;TEPIAN BATANG;eyJpdiI6IlhRQldjOTRISjZBQ1lON3l6K3lpb0E9PSIsInZhbHVlIjoiWmxFRzV5eUdRRU02cnFsbjM3QmJWZz09IiwibWFjIjoiOTZjMDU4Njk2YjdhOWRiYWYzZWI5YzhlOWE1NzdlNzRhZTU4NDkyZmM2ZWU2ZGUzZDcwOGI4ZDRhYWYzODVhMCIsInRhZyI6IiJ9;;[Kegiatan Usaha: -, Kategori: F, KBLI: 42101];;;15/12/2025;UMKM;Dir Pajak;;;invalid;;;FALSE;FALSE;TRUE;;;invalid;;;;;;asti indo bersama;0;0;0;;;jalan di panjaitan;;42;asti indo bersama jalan di panjaitan kbli42;3;0;1;0;Tutup;JALAN DI PANJAITAN;0;0;;;TARIK 02 FEB - 12.00 WITA;6401040003_0_0;;
2329;3874725;RAHMAT SAMITRA BERSATU;Jl. Kusuma Bangsa KM. 4 RT. 005;6401040003;64;1;40;3;KALIMANTAN TIMUR;PASER;TANAH GROGOT;TEPIAN BATANG;eyJpdiI6IkVFUDk4Qy9uSHBiR1NOUHArYjVYb1E9PSIsInZhbHVlIjoiZHhyeHlCWTFrL0RPa3p1VDVJSGFOdz09IiwibWFjIjoiNWE3ZWYwMTE3MWQwNDI0ODI3ZTIwZjA5MjcxN2I3ZGYzYmFmMDdiNDc1ZTlmYzgxYjE4MjZjMDQyMzkxOTEyYyIsInRhZyI6IiJ9;;"[Kegiatan Usaha: -, Kategori: N, KBLI: 77100]; [Kegiatan Usaha: -, Kategori: -, KBLI: 45201]; [Kegia...";;;24/11/2025;UMKM;Dir Pajak;;;invalid;;;FALSE;FALSE;TRUE;;;invalid;;;;;;rahmat samitra bersatu;0;0;0;;;jl kusuma bangsa km 4 rt 005;;77;rahmat samitra bersatu jl kusuma bangsa km 4 rt 005 kbli77;1;0;1;0;Aktif;Jl Kusuma Bangsa KM 4 RT 005;5;0;;;TARIK 02 FEB - 12.00 WITA;6401040003_5_0;-1.87998;116.174431
2333;3877181;TAMAN KANAK-KANAK TUNAS BANGSA;Jl. Pasar Lama RT. 02 Dusun Simpang Timur;6401060004;64;1;60;4;KALIMANTAN TIMUR;PASER;LONG IKIS;PAIT;eyJpdiI6IjlBOUdVV2NYNWtkRXN3Z2ZqRW9vT1E9PSIsInZhbHVlIjoiaURXQnN5T2JRTjN1SnVEaDNZUlJRZz09IiwibWFjIjoiZDhiOTBlMjkzMTBjNDU1YWVkYzk3NzYxZTBlYTQwYjQ0NzNkMTgyMDkwNzExNzdlNjQxOGQ2YTZkYzcwYjhkZSIsInRhZyI6IiJ9;;[Kegiatan Usaha: -, Kategori: P, KBLI: 85132];;;16/07/2025;UMKM;Dir Pajak;;;invalid;;;FALSE;FALSE;TRUE;;;invalid;;;;-1.599171667;116.169595;taman kanak kanak tunas bangsa;0;0;0;;;jl pasar lama rt 02 dusun simpang timur;;85;taman kanak kanak tunas bangsa jl pasar lama rt 02 dusun simpang timur kbli85;1;0;1;0;Aktif;Jl Pasar Lama RT 02 Dusun Simpang Timur;2;0;;1;TARIK 02 FEB - 12.00 WITA;6401060004_2_0;-1.60047;116.169118
2340;3884157;AZZAHROH;JL RADEN MAS NOTO SOENARDI RT. 006 RW. 003;6401040004;64;1;40;4;KALIMANTAN TIMUR;PASER;TANAH GROGOT;TANAH GROGOT;eyJpdiI6IjZjMjh3YUF3UkM5WWtTS0hLOVA5MHc9PSIsInZhbHVlIjoiQTVlektVbVJKdzVMb0NNOGdvRjZjZz09IiwibWFjIjoiNjk0Y2I0ZTlhMTA1ODQ2MmVjMGJlY2VmMDI5NDlmMTQ2YWRiZDgwODc0MGJkNzAyYTQ2ZTBmMjRhYTYxOTkzZiIsInRhZyI6IiJ9;;[Kegiatan Usaha: -, Kategori: I, KBLI: 56210];;;15/12/2025;UMKM;Dir Pajak;;;invalid;;;FALSE;FALSE;TRUE;;;invalid;;;;;;azzahroh;0;0;0;;;jl raden mas noto soenardi rt 006 rw 003;;56;azzahroh jl raden mas noto soenardi rt 006 rw 003 kbli56;1;0;1;0;Aktif;JL RADEN MAS NOTO SOENARDI RT 006 RW 003;6;3;;;TARIK 02 FEB - 12.00 WITA;6401040004_6_3;-1.91208;116.192794
2351;3894523;MITRA PUTRI;JL.JEND.A.YANI RT/RW:02/04, TANAH GROGOT;6401040004;64;1;40;4;KALIMANTAN TIMUR;PASER;TANAH GROGOT;TANAH GROGOT;eyJpdiI6Ii9SdnIybUlqbGlDaThMa0ZhOFZNc1E9PSIsInZhbHVlIjoiTXNjZGQ1eldNeUJleTNrWGd1YVU5dz09IiwibWFjIjoiNzNkNjk4ZDJhMDgyYmEwZDAzY2E0MzlkNzg5Y2ExNTA1ZjczNjUzNjYzY2Q2NWU5OTI3MzE0ZGZkODFlOWIwMiIsInRhZyI6IiJ9;;[Kegiatan Usaha: -, Kategori: G, KBLI: 46100];;;15/12/2025;UMKM;Dir Pajak;;;invalid;;;FALSE;FALSE;TRUE;;;invalid;;;;;;mitra putri;0;0;0;;;jl jend a yani rt rw 02 04 tanah grogot;;46;mitra putri jl jend a yani rt rw 02 04 tanah grogot kbli46;1;0;1;0;Aktif;JLJENDAYANI RTRW0204 TANAH GROGOT;2;4;;;TARIK 02 FEB - 12.00 WITA;6401040004_2_4;-1.90819;116.194991
2357;3906011;PUTRI NANDA;JL. RM. NOTO SUNARDI NO 57 RT.004 RW.005, TANAH GROGOT;6401040004;64;1;40;4;KALIMANTAN TIMUR;PASER;TANAH GROGOT;TANAH GROGOT;eyJpdiI6InI3MmZYSy9NdmhPM2UwbWUwcUZlY1E9PSIsInZhbHVlIjoiSVVrWWthWDhvZkxDc04xYlFZYnB3UT09IiwibWFjIjoiZTgxNmJjN2MwODY3ODg1ZmZlMTJkZmM1NjIyODQyM2FkNWYyNWFmNDg2NmFmYzM3N2M5YmZmOWMyY2VkN2Y1MyIsInRhZyI6IiJ9;;[Kegiatan Usaha: -, Kategori: F, KBLI: 42918];;;15/12/2025;UMKM;Dir Pajak;;;invalid;;;FALSE;FALSE;TRUE;;;invalid;;;;;;putri nanda;0;0;0;;;jl rm noto sunardi no 57 rt 004 rw 005 tanah grogot;;42;putri nanda jl rm noto sunardi no 57 rt 004 rw 005 tanah grogot kbli42;1;0;1;0;Aktif;JL RM NOTO SUNARDI NO 57 RT004 RW005 TANAH GROGOT;4;5;;;TARIK 02 FEB - 12.00 WITA;6401040004_4_5;-1.91588;116.190193
2358;3908049;AKBAR JAYA MAKMUR;JL KAPT PIERE TENDEAN RT 005 RW 004 TANAH GROGOT;6401040004;64;1;40;4;KALIMANTAN TIMUR;PASER;TANAH GROGOT;TANAH GROGOT;eyJpdiI6IkppYnUrV3FpL2NhZ1M1YmdrbldFVEE9PSIsInZhbHVlIjoiZjh2MTMrNU9HOUJoeDEzajRhNkMrUT09IiwibWFjIjoiOTAzMTQ2MjVlMzNiZTNjYjM5YzExMTFjMWU1NjJkYjA0MGIzZjcxOWFjMzdhMTBjY2ZkZTQ1NzZlMDYwNTc0MCIsInRhZyI6IiJ9;;"[Kegiatan Usaha: -, Kategori: N, KBLI: 77100]; [Kegiatan Usaha: Perdagangan Eceran Bahan Dan Barang ...";;;24/11/2025;UMKM;Dir Pajak;;;invalid;;;FALSE;FALSE;TRUE;;;invalid;;;;;;akbar jaya makmur;0;0;0;;;jl kapt piere tendean rt 005 rw 004 tanah grogot;;77;akbar jaya makmur jl kapt piere tendean rt 005 rw 004 tanah grogot kbli77;1;0;1;0;Aktif;JL KAPT PIERE TENDEAN RT 005 RW 004 TANAH GROGOT;5;4;;;TARIK 02 FEB - 12.00 WITA;6401040004_5_4;-1.90186;116.196795
2359;3908574;AKSYAH BERKAH LESTARI;Jl. Pandu Desa Tepian Batang RT. 010 RW.000;6401040003;64;1;40;3;KALIMANTAN TIMUR;PASER;TANAH GROGOT;TEPIAN BATANG;eyJpdiI6IlpBUGtndm1xN2tvUmhTdml1UDhza0E9PSIsInZhbHVlIjoicVFIQk5peGhTdU5kd0lob0xIeWZxQT09IiwibWFjIjoiMDNlNjBhMGUwMDA4Y2Q0ZGQ4NGRmODRjNGIyYmFmNDExYmQxZGM0ODc5ODU5M2RkODM0ODg4M2RhODBhOTRiYiIsInRhZyI6IiJ9;;"[Kegiatan Usaha: -, Kategori: N, KBLI: 77399]; [Kegiatan Usaha: Perdagangan Besar Semen, Kapur, Pasi...";;;24/11/2025;UMKM;Dir Pajak;;;invalid;;;FALSE;FALSE;TRUE;;;invalid;;;;;;aksyah berkah lestari;0;0;0;;;jl pandu desa tepian batang rt 010 rw 000;;77;aksyah berkah lestari jl pandu desa tepian batang rt 010 rw 000 kbli77;1;0;1;0;Aktif;Jl Pandu Desa Tepian Batang RT 010 RW000;10;0;;;TARIK 02 FEB - 12.00 WITA;6401040003_10_0;-1.87524;116.185791
2363;3917801;PASER PUTIH;JL HOS COKROAMINOTO RT. 007 RW. 006;6401040004;64;1;40;4;KALIMANTAN TIMUR;PASER;TANAH GROGOT;TANAH GROGOT;eyJpdiI6Ink3Q2o1NXRCMHpvRzJjN1pjYnRaa0E9PSIsInZhbHVlIjoiaURXME54cXNFbC8rNjVEOEVyc1Badz09IiwibWFjIjoiOTU1ZDdkMzljNjg4M2ZhMjMwNjMxM2ExM2EzNzAyOGY2NGM0NDU4M2E1MDRjMzQ1MGQ4ZmQwYjkzNDY0ZGRkNCIsInRhZyI6IiJ9;;[Kegiatan Usaha: -, Kategori: F, KBLI: 41012];;;15/12/2025;UMKM;Dir Pajak;;;invalid;;;FALSE;FALSE;TRUE;;;invalid;;;;;;paser putih;0;0;0;;;jl hos cokroaminoto rt 007 rw 006;;41;paser putih jl hos cokroaminoto rt 007 rw 006 kbli41;1;0;1;0;Aktif;JL HOS COKROAMINOTO RT 007 RW 006;7;6;;;TARIK 02 FEB - 12.00 WITA;6401040004_7_6;-1.90653;116.199517
2376;3810551;CAHAYA NUR;JALAN DURIAN BTN JONE INDAH RT 004;6401040009;64;1;40;9;KALIMANTAN TIMUR;PASER;TANAH GROGOT;JONE;eyJpdiI6Ik1XUTcrUS9HcVNwQUxHQ2dRZko2elE9PSIsInZhbHVlIjoieDJsaHNWamZIaHZGQi91RkRodDVDQT09IiwibWFjIjoiMmQ3NDY5MTgwYWVlMmY5NzFlMjQ5YmUwOTU5NGQyNTM0NzYwN2M3ZGFlODZhYzVjZTRiN2Y3YjVmMzdhM2M2ZCIsInRhZyI6IiJ9;;[Kegiatan Usaha: -, Kategori: F, KBLI: 42101];;;26/10/2025;UMKM;Dir Pajak;;;invalid;;;FALSE;FALSE;TRUE;;;invalid;;;;;;cahaya nur;0;0;0;;;jalan durian btn jone indah rt 004;;42;cahaya nur jalan durian btn jone indah rt 004 kbli42;1;0;1;0;Aktif;JALAN DURIAN BTN JONE INDAH RT 004;4;0;;;TARIK 02 FEB - 12.00 WITA;6401040009_4_0;-1.90044;116.202163
2386;3922422;PENDIDIKAN TK ISLAM AL FARIDAH;JL KH AGUS SALIM  NO.28 NO 1 RT.01 RW.02, TANAH GROGOT;6401040004;64;1;40;4;KALIMANTAN TIMUR;PASER;TANAH GROGOT;TANAH GROGOT;eyJpdiI6InBPcWdWQ3B1R3NhQnJYYTBHMi85WkE9PSIsInZhbHVlIjoieFBkUk5rbmdrRklhL0F2V0RvNHV0QT09IiwibWFjIjoiMDM2ODlhYjExZTBkYjM1NjQzNTgzYTA5NTNkZWVhYWJjZjgxZjYwN2FlZjczYmQwNjI3YzFhNDU3MjNkYmE1NyIsInRhZyI6IiJ9;;[Kegiatan Usaha: -, Kategori: P, KBLI: 85132];;;10/11/2025;UMKM;Dir Pajak;;;invalid;;;FALSE;FALSE;TRUE;;;invalid;;;;;;pendidikan tk islam al faridah;0;0;0;;;jl kh agus salim no 28 no 1 rt 01 rw 02 tanah grogot;;85;pendidikan tk islam al faridah jl kh agus salim no 28 no 1 rt 01 rw 02 tanah grogot kbli85;1;0;1;0;Aktif;JL KH AGUS SALIM NO28 NO 1 RT01 RW02 TANAH GROGOT;1;2;;;TARIK 02 FEB - 12.00 WITA;6401040004_1_2;-1.91744;116.196977
2388;3924747;MAKMUR JAYA ABADI;JL KAPTEN PIERE TENDEAN RT. 005 RW. 004;6401040004;64;1;40;4;KALIMANTAN TIMUR;PASER;TANAH GROGOT;TANAH GROGOT;eyJpdiI6ImtnSy80SFVMYjdSYUxQWm5rS0hySmc9PSIsInZhbHVlIjoiVGhwaytxb1JRMmd2b29zczlBZjdOUT09IiwibWFjIjoiNGQxNGE2YmQ2YWRhMTE3NTY4YmNjYTdmNjc5YjJiNTZiOTFiODA5ZjQ2MTc3ZjIwYmYxMjc2YTA0YTczOGZjMiIsInRhZyI6IiJ9;;[Kegiatan Usaha: -, Kategori: I, KBLI: 56210];;;15/12/2025;UMKM;Dir Pajak;;;invalid;;;FALSE;FALSE;TRUE;;;invalid;;;;;;makmur jaya abadi;0;0;0;;;jl kapten piere tendean rt 005 rw 004;;56;makmur jaya abadi jl kapten piere tendean rt 005 rw 004 kbli56;1;0;1;0;Aktif;JL KAPTEN PIERE TENDEAN RT 005 RW 004;5;4;;;TARIK 02 FEB - 12.00 WITA;6401040004_5_4;-1.90186;116.196795
2428;3933726;FIZDTOR WIDYA REKAYASA;JL.KH.AHMAD DAHLAN NO.61 RT.006 RW.006, TANAH GROGOT;6401040004;64;1;40;4;KALIMANTAN TIMUR;PASER;TANAH GROGOT;TANAH GROGOT;eyJpdiI6IlpPOGhUSlZneVRUWVpPaW93N2JpUUE9PSIsInZhbHVlIjoidDI1MGErSXdVb2dNSDV6R29WNmJsQT09IiwibWFjIjoiZWUzMzk0NWJmYjliOWFlNGQ4MTg2MWEyY2JmMmY1MTUwZmM4YmNjNWEwNmRiZGFkODQ5Mjk5NmU5OGQ1YjI2NCIsInRhZyI6IiJ9;;[Kegiatan Usaha: -, Kategori: G, KBLI: 46100];;;15/12/2025;UMKM;Dir Pajak;;;invalid;;;FALSE;FALSE;TRUE;;;invalid;;;;;;fizdtor widya rekayasa;0;0;0;;;jl kh ahmad dahlan no 61 rt 006 rw 006 tanah grogot;;46;fizdtor widya rekayasa jl kh ahmad dahlan no 61 rt 006 rw 006 tanah grogot kbli46;1;0;1;0;Aktif;JLKHAHMAD DAHLAN NO61 RT006 RW006 TANAH GROGOT;6;6;;;TARIK 02 FEB - 12.00 WITA;6401040004_6_6;-1.90864;116.198126
2438;3926447;FAZA PUTRA SEMI;DS TEPIAN BATANG RT. 010;6401040003;64;1;40;3;KALIMANTAN TIMUR;PASER;TANAH GROGOT;TEPIAN BATANG;eyJpdiI6IjlhQmlUYUVqcXA0VTgyalp6YTNSalE9PSIsInZhbHVlIjoiQ2xBK25wejE1WkkyU1pjbUtZV09Ddz09IiwibWFjIjoiNjBhNTYzZWJhN2VhNjQyYTIwOWM1MGM4YjI5ODYyM2M1NDczMTNkMzI0ODg0Y2MwMjhlNjhjODBlYzQ5MTMwZSIsInRhZyI6IiJ9;;[Kegiatan Usaha: -, Kategori: C, KBLI: 25920];;;15/12/2025;UMKM;Dir Pajak;;;invalid;;;FALSE;FALSE;TRUE;;;invalid;;;;;;faza putra semi;0;0;0;;;ds tepian batang rt 010;;25;faza putra semi ds tepian batang rt 010 kbli25;1;0;1;0;Aktif;DS TEPIAN BATANG RT 010;10;0;;;TARIK 02 FEB - 12.00 WITA;6401040003_10_0;-1.87524;116.185791
2439;3927310;DANDHI FEROZA;JL RM NOTO SUNARDI RT.014 RW.005, TANAH GROGOT;6401040004;64;1;40;4;KALIMANTAN TIMUR;PASER;TANAH GROGOT;TANAH GROGOT;eyJpdiI6InRJa0hmUFpidTVPdWZ4THFhNWU5V1E9PSIsInZhbHVlIjoiNlFKSlNYUFBMbHA5U2U1UUVqaE1BQT09IiwibWFjIjoiNjY2YWU2OTE0YTU1ZDY4NGI5OTg4ZTJlMTkzNTZlMzI4NThmMGI5ZTczNDhlMDcwYmJiYTZlYWI0ZTM5YmViYiIsInRhZyI6IiJ9;;[Kegiatan Usaha: -, Kategori: G, KBLI: 46100];;;15/12/2025;UMKM;Dir Pajak;;;invalid;;;FALSE;FALSE;TRUE;;;invalid;;;;;;dandhi feroza;0;0;0;;;jl rm noto sunardi rt 014 rw 005 tanah grogot;;46;dandhi feroza jl rm noto sunardi rt 014 rw 005 tanah grogot kbli46;1;0;1;0;Aktif;JL RM NOTO SUNARDI RT014 RW005 TANAH GROGOT;14;5;;;TARIK 02 FEB - 12.00 WITA;6401040004_14_5;-1.91747;116.187697
2441;3929652;LIKAH MANDIRI;JL. P.MENTERI RT.011 RW.004, TANAH GROGOT;6401040004;64;1;40;4;KALIMANTAN TIMUR;PASER;TANAH GROGOT;TANAH GROGOT;eyJpdiI6ImwyQkNDMm1ZcEprcXEwWktqWllBS1E9PSIsInZhbHVlIjoiN1IvWmJvOVJiYjRXVFpYL3NSZ1FEQT09IiwibWFjIjoiNDVkYTgyOTE5N2YyYzkxODU1ZWU5MzkyNDRhMmE5YTRiZGQ5NjNkY2VlOWJhOTQxMTlkN2UzYjU2YWZhYTNiZCIsInRhZyI6IiJ9;;[Kegiatan Usaha: -, Kategori: I, KBLI: 56210];;;15/12/2025;UMKM;Dir Pajak;;;invalid;;;FALSE;FALSE;TRUE;;;invalid;;;;;;likah mandiri;0;0;0;;;jl p menteri rt 011 rw 004 tanah grogot;;56;likah mandiri jl p menteri rt 011 rw 004 tanah grogot kbli56;1;0;1;0;Aktif;JL PMENTERI RT011 RW004 TANAH GROGOT;11;4;;;TARIK 02 FEB - 12.00 WITA;6401040004_11_4;-1.90231;116.191342
2444;3947458;TK. PELITA HATI;JL. YOS SUDARSO RT.02;6401050002;64;1;50;2;KALIMANTAN TIMUR;PASER;KUARO;KUARO;eyJpdiI6IjY3QTN0ZDVuYUx6S08yMVdFNGF3QVE9PSIsInZhbHVlIjoiZUdhSWVmZkh0eVY2OWtlZDVIQnltdz09IiwibWFjIjoiMGIwODg5NWY5ZjMwZGVjOGUyYjg3OTA5ZmU3OWJlNjg3YWFlNDA4NDZjZTIyZTkwN2QwZTJmMTZmMjM3YzYwMiIsInRhZyI6IiJ9;;[Kegiatan Usaha: -, Kategori: P, KBLI: 85132];;;08/07/2025;UMKM;Dir Pajak;;;invalid;;;FALSE;FALSE;TRUE;;;invalid;;;;-1.820745;116.0870017;tk pelita hati;0;0;0;;;jl yos sudarso rt 02;;85;tk pelita hati jl yos sudarso rt 02 kbli85;1;0;1;0;Aktif;JL YOS SUDARSO RT02;2;0;;;TARIK 02 FEB - 12.00 WITA;6401050002_2_0;-1.8194;116.091971
2449;3950564;CITRA CIPTA CONSULTANT;JL.RA.KARTINI NO.04 RT.002 RW.004, TANAH GROGOT;6401040004;64;1;40;4;KALIMANTAN TIMUR;PASER;TANAH GROGOT;TANAH GROGOT;eyJpdiI6ImlwSDg1QW1zSUxJUlIvUmpQazVSZXc9PSIsInZhbHVlIjoielN5R3JKK2RaZ1Nlei85RURlS3lxUT09IiwibWFjIjoiNjUwN2JlMDJmMjJkYWYxNWYzMTgwZDk4NGI1YmQ1NTExYjMyMzJjNjQ4MDIwZWU1NmQwMzM3NDQxN2NmZDAwYyIsInRhZyI6IiJ9;;[Kegiatan Usaha: -, Kategori: G, KBLI: 46100];;;15/12/2025;UMKM;Dir Pajak;;;invalid;;;FALSE;FALSE;TRUE;;;invalid;;;;;;citra cipta consultant;0;0;0;;;jl ra kartini no 04 rt 002 rw 004 tanah grogot;;46;citra cipta consultant jl ra kartini no 04 rt 002 rw 004 tanah grogot kbli46;1;0;0;0;Aktif;JLRAKARTINI NO04 RT002 RW004 TANAH GROGOT;2;4;;;TARIK 02 FEB - 12.00 WITA;6401040004_2_4;-1.90819;116.194991
2450;3954688;SUMBER BANGUNAN;JL MODANG GG SENTOSA NO 53 RT.07 RW.05, TANAH GROGOT;6401040004;64;1;40;4;KALIMANTAN TIMUR;PASER;TANAH GROGOT;TANAH GROGOT;eyJpdiI6ImcyQXYvWGdlSzJQUkUvdFIvUjhPWXc9PSIsInZhbHVlIjoieTl0RTZIQ1lzY3V2Y0FPOHBiQWhVdz09IiwibWFjIjoiMGQ4ZTQ0NWU3ZjMwYzMxMGUwN2Y5ZDczZjBkYmNiY2NhYTljZDQ2Mjg0OGZhMTU2YjI2NzZlZThjNmI4N2I1YSIsInRhZyI6IiJ9;;[Kegiatan Usaha: -, Kategori: G, KBLI: 46100];;;15/12/2025;UMKM;Dir Pajak;;;invalid;;;FALSE;FALSE;TRUE;;;invalid;;;;;;sumber bangunan;0;0;0;;;jl modang gg sentosa no 53 rt 07 rw 05 tanah grogot;;46;sumber bangunan jl modang gg sentosa no 53 rt 07 rw 05 tanah grogot kbli46;1;0;1;0;Aktif;JL MODANG GG SENTOSA NO 53 RT07 RW05 TANAH GROGOT;7;5;;;TARIK 02 FEB - 12.00 WITA;6401040004_7_5;-1.91446;116.191951
2452;3957603;HARBERS MANDIRI;JL.JEND.AHMAD YANI NO.08 RT.010 RW.004, TANAH GROGOT;6401040004;64;1;40;4;KALIMANTAN TIMUR;PASER;TANAH GROGOT;TANAH GROGOT;eyJpdiI6IjQ1YUlIRjFmMk16SHpwZmxkZWd2bFE9PSIsInZhbHVlIjoiT3BXeC93dTBjelduRi8xSDVBaUhHZz09IiwibWFjIjoiOGFkNDU2ZGE1ZjNmYjQ1ZjgwMDg5ZTVhZTE0MzQ5NmM4MzIyNTBiODExOGMzZjI0MzdlYTU1ZTBjZmE0ZWRkMCIsInRhZyI6IiJ9;;[Kegiatan Usaha: -, Kategori: F, KBLI: 43309];;;15/12/2025;UMKM;Dir Pajak;;;invalid;;;FALSE;FALSE;TRUE;;;invalid;;;;;;harbers mandiri;0;0;0;;;jl jend ahmad yani no 08 rt 010 rw 004 tanah grogot;;43;harbers mandiri jl jend ahmad yani no 08 rt 010 rw 004 tanah grogot kbli43;1;0;1;0;Aktif;JLJENDAHMAD YANI NO08 RT010 RW004 TANAH GROGOT;10;4;;;TARIK 02 FEB - 12.00 WITA;6401040004_10_4;-1.90608;116.195803
2453;3957983;SARANA UTAMA PASER;JALAN JENDERAL SUDIRMAN N0 26;6401040004;64;1;40;4;KALIMANTAN TIMUR;PASER;TANAH GROGOT;TANAH GROGOT;eyJpdiI6IjdWeVJoZXhTUWtGWk1MNStUaFRpTkE9PSIsInZhbHVlIjoiOFMvQzdKU1Y2ODg0a21TeWp2bi9kZz09IiwibWFjIjoiODIxZWQ4ODlmMzA4YThmMmY5YTczMGQ1MDBhYTlmMDNkYTAzYzE2MTk1MmIzMDk2MTczOWJmNTdjMTFmZWQxNiIsInRhZyI6IiJ9;;[Kegiatan Usaha: -, Kategori: H, KBLI: 52293];;;15/12/2025;UMKM;Dir Pajak;;;invalid;;;FALSE;FALSE;TRUE;;;invalid;;;;;;sarana utama paser;0;0;0;;;jalan jenderal sudirman n0 26;;52;sarana utama paser jalan jenderal sudirman n0 26 kbli52;3;0;1;0;Tutup;JALAN JENDERAL SUDIRMAN N0 26;0;0;;;TARIK 02 FEB - 12.00 WITA;6401040004_0_0;;
2458;3979596;SITI AMINAH BERSAUDARA;JL. RANTAU PANJANG RT.002 SENAKEN;6401040009;64;1;40;9;KALIMANTAN TIMUR;PASER;TANAH GROGOT;JONE;eyJpdiI6IkxQeWFRVDRoSC9HY29wRlNUb2o5NGc9PSIsInZhbHVlIjoibkpSclNEdVpEanJ4c2tyWG16QkRUUT09IiwibWFjIjoiMTk0N2U2ZWJlNzM1OTI3ZWVkN2RmYjEzYzc5MDU5ODVlYjEwNDgyN2YyZjQ1M2E4NmNmMDZjZTE4MTA0M2M2ZCIsInRhZyI6IiJ9;;[Kegiatan Usaha: -, Kategori: G, KBLI: 46206];;;15/12/2025;UMKM;Dir Pajak;;;invalid;;;FALSE;FALSE;TRUE;;;invalid;;;;;;siti aminah bersaudara;0;0;0;;;jl rantau panjang rt 002 senaken;;46;siti aminah bersaudara jl rantau panjang rt 002 senaken kbli46;1;0;1;0;Aktif;JL RANTAU PANJANG RT002 SENAKEN;2;0;;;TARIK 02 FEB - 12.00 WITA;6401040009_2_0;-1.89666;116.199164
2460;3981152;WAHANA MULIA;JL.ANDEN OKO RT.04 RW.01, TANAH GROGOT;6401040004;64;1;40;4;KALIMANTAN TIMUR;PASER;TANAH GROGOT;TANAH GROGOT;eyJpdiI6IlZwa3gyUFNRcjMxbHI2djIzSWpiK1E9PSIsInZhbHVlIjoiRXBoMlpyKzJmcXpWVCtSRmI5Vm1CZz09IiwibWFjIjoiNDgwMWJlYTZiMGMwNTYxN2JkMzdkNTlmMGEzYTAwY2UxNTIxYzdlYzY4NzdjYjdlOWJlYWY3YTg5MzRkNzljNiIsInRhZyI6IiJ9;;[Kegiatan Usaha: -, Kategori: G, KBLI: 46100];;;15/12/2025;UMKM;Dir Pajak;;;invalid;;;FALSE;FALSE;TRUE;;;invalid;;;;;;wahana mulia;0;0;0;;;jl anden oko rt 04 rw 01 tanah grogot;;46;wahana mulia jl anden oko rt 04 rw 01 tanah grogot kbli46;1;0;1;0;Aktif;JLANDEN OKO RT04 RW01 TANAH GROGOT;4;1;;;TARIK 02 FEB - 12.00 WITA;6401040004_4_1;-1.91111;116.200027
2461;3991027;MULYASARI;JL. RM. NOTO SUNARDI RT.014 RW.005;6401040004;64;1;40;4;KALIMANTAN TIMUR;PASER;TANAH GROGOT;TANAH GROGOT;eyJpdiI6IjFkWTNBZmhHSDF4ZFNaU3JSTFZnQXc9PSIsInZhbHVlIjoiVk1NSHg5alRXckFjUzVrNjlxa2Q0QT09IiwibWFjIjoiZmQ5Y2RlYjAxYjJmMTNhNDA5MTc2MjU2MjM5YTk4MzBlMjA4ZGRhNzNjMGNlY2FmODA2MzEzZjA3NDZhN2E2MSIsInRhZyI6IiJ9;;[Kegiatan Usaha: -, Kategori: G, KBLI: 46100];;;15/12/2025;UMKM;Dir Pajak;;;invalid;;;FALSE;FALSE;TRUE;;;invalid;;;;;;mulyasari;0;0;0;;;jl rm noto sunardi rt 014 rw 005;;46;mulyasari jl rm noto sunardi rt 014 rw 005 kbli46;1;0;1;0;Aktif;JL RM NOTO SUNARDI RT014 RW005;14;5;;;TARIK 02 FEB - 12.00 WITA;6401040004_14_5;-1.91747;116.187697
2469;4007434;RAUDHATUL ATHFAL NURUL ADZKIYA;JALAN TAMAN JALIN Rt. 06;6401040003;64;1;40;3;KALIMANTAN TIMUR;PASER;TANAH GROGOT;TEPIAN BATANG;eyJpdiI6IllaQjZQcHJCb1NJQ2FJUVE0SXRQeHc9PSIsInZhbHVlIjoiaExpcXN0MkFaa1lTQ3dpdTIwb0V4Zz09IiwibWFjIjoiYWI2YWIzNDE3MzhmYzhlNzM3ZjMwNWEzNjk4MjgxN2Q0ZjA2ZTc5MTE2ZDZkZGNhNWVhYjRiYTgxMTlkNWUxNiIsInRhZyI6IiJ9;;[Kegiatan Usaha: -, Kategori: P, KBLI: 85132];;;03/07/2025;UMKM;Dir Pajak;;;invalid;;;FALSE;FALSE;TRUE;;;invalid;;;;;;raudhatul athfal nurul adzkiya;0;0;0;;;jalan taman jalin rt 06;;85;raudhatul athfal nurul adzkiya jalan taman jalin rt 06 kbli85;1;0;1;0;Aktif;JALAN TAMAN JALIN Rt 06;6;0;;;TARIK 02 FEB - 12.00 WITA;6401040003_6_0;-1.88713;116.166361
2473;4013227;BINA KARYA;SINGA MAULANA;6401040004;64;1;40;4;KALIMANTAN TIMUR;PASER;TANAH GROGOT;TANAH GROGOT;eyJpdiI6ImZoRENLMENnTmt5dFdGdFNoUGhQaUE9PSIsInZhbHVlIjoiendGc1dhdldkeFBZeXFPOVVhWUs2UT09IiwibWFjIjoiYjhiYmZjYjM0Y2ZhZTY4YmMzYWNjMmQ3ZWQ1ZmQ5Y2U0MjJiYmJmNWZkYmJjOWY3YWQ0YTY2YzI5ZmUzMmJkZSIsInRhZyI6IiJ9;;[Kegiatan Usaha: -, Kategori: F, KBLI: 41012];;;31/10/2024;UMKM;Dir Pajak;;;invalid;;;FALSE;FALSE;TRUE;;;invalid;;;;;;bina karya;0;0;0;;;singa maulana;;41;bina karya singa maulana kbli41;99;0;1;0;Tidak Ditemukan;SINGA MAULANA;0;0;;;TARIK 02 FEB - 12.00 WITA;6401040004_0_0;;
2475;4020330;TIGA A CEMERLANG;JL JEND. SUDIRMAN RT.05 RW.03, TANAH GROGOT;6401040004;64;1;40;4;KALIMANTAN TIMUR;PASER;TANAH GROGOT;TANAH GROGOT;eyJpdiI6Im1JK296cDBNRVNnTVNna0hWaTMzV2c9PSIsInZhbHVlIjoiVGx6QmxsWVVlcjMwZWZPVGIydThudz09IiwibWFjIjoiYmQxOTZjNDQxYjhkODNhZmNmYWU4OTM5ZmRhOTZiMGJiYWM0M2Y4MTEwNmQyMDk0NzZmNzc0YTBmOWM4ZTNjNCIsInRhZyI6IiJ9;;[Kegiatan Usaha: -, Kategori: G, KBLI: 46100];;;15/12/2025;UMKM;Dir Pajak;;;invalid;;;FALSE;FALSE;TRUE;;;invalid;;;;;;tiga a cemerlang;0;0;0;;;jl jend sudirman rt 05 rw 03 tanah grogot;;46;tiga a cemerlang jl jend sudirman rt 05 rw 03 tanah grogot kbli46;1;0;1;0;Aktif;JL JEND SUDIRMAN RT05 RW03 TANAH GROGOT;5;3;;;TARIK 02 FEB - 12.00 WITA;6401040004_5_3;-1.91122;116.196126
2480;4022243;TANJUNG;JL NEGARA BATU KAJANG;6401010011;64;1;10;11;KALIMANTAN TIMUR;PASER;BATU SOPANG;BATU KAJANG;eyJpdiI6IjZlWnA5ZTExaTYvMk0wbGhRdTBkbEE9PSIsInZhbHVlIjoiRGhuN3hLa3kxUXlFVEk1ZGxYWUxUdz09IiwibWFjIjoiZjc0M2NmZDRjODUyYWU1MDAxMWIzMTFiNWRjNDkzNDlmOTU5YzMzYzQ1NmY0YTEwNmQ5ZmQ5N2Y2ODZiNzhhMCIsInRhZyI6IiJ9;;[Kegiatan Usaha: -, Kategori: G, KBLI: 46100];;;24/11/2025;UMKM;Dir Pajak;;;invalid;;;FALSE;FALSE;TRUE;;;invalid;;;;;;tanjung;0;0;0;;;jl negara batu kajang;;46;tanjung jl negara batu kajang kbli46;3;0;1;0;Tutup;JL NEGARA BATU KAJANG;0;0;;;TARIK 02 FEB - 12.00 WITA;6401010011_0_0;;
2483;4029184;TUMBUH MAJU JAYA;JL UNTUNG SUROPATI PR BTN JONE INDAH BL. D/14 RT. 012 RW. 000;6401040009;64;1;40;9;KALIMANTAN TIMUR;PASER;TANAH GROGOT;JONE;eyJpdiI6IlFwNU9WbnRMWExBMk1nNm04eHhXN2c9PSIsInZhbHVlIjoiakYwcU41dzlMV20rV1hNL2NJVlJvdz09IiwibWFjIjoiN2NhMzRmZTViYTc0ZDhhNzdkMWJiNGVmMWM3YTZhNjI1MTNiYjRlNGU5MTI2MTI2ODYxYjE2Zjg5OWY3YzViMSIsInRhZyI6IiJ9;;[Kegiatan Usaha: -, Kategori: G, KBLI: 46100];;;15/12/2025;UMKM;Dir Pajak;;;invalid;;;FALSE;FALSE;TRUE;;;invalid;;;;;;tumbuh maju jaya;0;0;0;;;jl untung suropati pr btn jone indah bl d 14 rt 012 rw 000;;46;tumbuh maju jaya jl untung suropati pr btn jone indah bl d 14 rt 012 rw 000 kbli46;1;0;1;0;Aktif;JL UNTUNG SUROPATI PR BTN JONE INDAH BL D14 RT 012 RW 000;12;0;;;TARIK 02 FEB - 12.00 WITA;6401040009_12_0;-1.89214;116.206914
2486;4038931;WIDYA PERKASA;JL.KAPT.PIERE TENDEAN RT.011 RW.04, TANAH GROGOT;6401040004;64;1;40;4;KALIMANTAN TIMUR;PASER;TANAH GROGOT;TANAH GROGOT;eyJpdiI6IjRPc3U4WTVScDVxSTEzeWtSbXVXSmc9PSIsInZhbHVlIjoiUzFmSy82aE5xWnlBZWhRR1hvZXMzdz09IiwibWFjIjoiZmEwNDA2MzRlZGYwOWM5MDZkMWQ0MDExNGU0ZTBmMWU2MWJlZDY1YzAyNWQ0YjkzOGU5ZWFlY2IyZTAwYjVhZiIsInRhZyI6IiJ9;;[Kegiatan Usaha: -, Kategori: G, KBLI: 46100];;;15/12/2025;UMKM;Dir Pajak;;;invalid;;;FALSE;FALSE;TRUE;;;invalid;;;;;;widya perkasa;0;0;0;;;jl kapt piere tendean rt 011 rw 04 tanah grogot;;46;widya perkasa jl kapt piere tendean rt 011 rw 04 tanah grogot kbli46;1;0;1;0;Aktif;JLKAPTPIERE TENDEAN RT011 RW04 TANAH GROGOT;11;4;;;TARIK 02 FEB - 12.00 WITA;6401040004_11_4;-1.90231;116.191342
2495;4060205;TUALAN BERKAH ABADI;JL. TUALAN RT.004 GUNUNG PUTAR;6401080006;64;1;80;6;KALIMANTAN TIMUR;PASER;LONG KALI;LONG KALI;eyJpdiI6ImtDUFFaaVl6bzRSUm1oNjBTR1dJaEE9PSIsInZhbHVlIjoibWxWMEFlbE54cHF1OEd4MVZicVZ3Zz09IiwibWFjIjoiYjNiMDk4N2YzYTkyMWI4NjU2NmZiM2VjYjM1OWMwMmQ1N2MxMTMwOWIyZjQ2Y2RjZDQxNjhmZjRjZGExYTRkYiIsInRhZyI6IiJ9;;[Kegiatan Usaha: -, Kategori: H, KBLI: 49431];;;15/12/2025;UMKM;Dir Pajak;;;invalid;;;FALSE;FALSE;TRUE;;;invalid;;;;-1.523743333;116.30762;tualan berkah abadi;0;0;0;;;jl tualan rt 004 gunung putar;;49;tualan berkah abadi jl tualan rt 004 gunung putar kbli49;1;0;1;0;Aktif;JL TUALAN RT004 GUNUNG PUTAR;4;0;;;TARIK 02 FEB - 12.00 WITA;6401080006_4_0;-1.52173;116.304093
2497;4073742;KOPERASI SERBA USAHA FORUM KOMUNIKASI PRIMA;JL. RM. NOTO SUNARDI NO NO. 18 RT.006 RW.003, TANAH GROGOT;6401040004;64;1;40;4;KALIMANTAN TIMUR;PASER;TANAH GROGOT;TANAH GROGOT;eyJpdiI6IjRySFFlM2xmK1VISzFDbUx4NzBoZFE9PSIsInZhbHVlIjoiM3paYUNPK09VZWpmbHBVdVZ2aGU0QT09IiwibWFjIjoiZTc4NzY1ZTI3YmIwMTc3Mzc2OTM3Nzk5OWQ1M2Y2ZDYwZjg2YTViNWRiZTE4MWM2ZmUyOTcyOTI0ZDJiNjI3NSIsInRhZyI6IiJ9;;;;;10/01/2025;UMKM;Dir Pajak;;;invalid;;;FALSE;FALSE;TRUE;;;invalid;;;;;;serba usaha forum komunikasi prima;0;0;0;;;jl rm noto sunardi no no 18 rt 006 rw 003 tanah grogot;;0;serba usaha forum komunikasi prima jl rm noto sunardi no no 18 rt 006 rw 003 tanah grogot kbli00;3;0;1;0;Tutup Sementara;JL RM NOTO SUNARDI NO NO 18 RT006 RW003 TANAH GROGOT;6;3;;;TARIK 02 FEB - 12.00 WITA;6401040004_6_3;-1.91208;116.192794
2499;4078849;PUTRA RAMADHAN;JL NEGARA KM 49 RT.07, LONG KALI;6401080006;64;1;80;6;KALIMANTAN TIMUR;PASER;LONG KALI;LONG KALI;eyJpdiI6IjNPRHhQOHVWK0lqSXNKNklBc0t6Umc9PSIsInZhbHVlIjoiaHVaaG0vR1lQVUR1WVUrRTNxMVYwQT09IiwibWFjIjoiNTEyYjE4OGQxOTcyZGM3YzZkZmE0M2U5MjIyOWU4NTlkOTJkMTBiOTk3Mjc4OTJkNDViYTVjMDIyMzViYzZhMSIsInRhZyI6IiJ9;;[Kegiatan Usaha: -, Kategori: G, KBLI: 46100];;;15/12/2025;UMKM;Dir Pajak;;;invalid;;;FALSE;FALSE;TRUE;;;invalid;;;;-1.516982527;116.3195871;putra ramadhan;0;0;0;;;jl negara km 49 rt 07 long kali;;46;putra ramadhan jl negara km 49 rt 07 long kali kbli46;1;0;1;0;Aktif;JL NEGARA KM 49 RT07 LONG KALI;7;0;;;TARIK 02 FEB - 12.00 WITA;6401080006_7_0;-1.51799;116.320701
2503;4079645;PANCADAYA MARINE SAFETY;JL. UNTUNG SUROPATI GG. AMAS BLOK.E RT.015;6401040009;64;1;40;9;KALIMANTAN TIMUR;PASER;TANAH GROGOT;JONE;eyJpdiI6IkNIRXNQSG9FS2tJanhOMTcrZ3ZnTWc9PSIsInZhbHVlIjoiNjhCdFFZQUpxS0gxU25HOCtaWFRldz09IiwibWFjIjoiMWZiMGU1ZTYzMTcxZTU5MzI3MGY5Yjc2ZDJlYmQ3NzlkMzJhMDAyMDNmMDU2NGI0MWE4ZjBiMjY2ZjEwMzA2YSIsInRhZyI6IiJ9;;[Kegiatan Usaha: -, Kategori: G, KBLI: 46100];;;15/12/2025;UMKM;Dir Pajak;;;invalid;;;FALSE;FALSE;TRUE;;;invalid;;;;;;pancadaya marine safety;0;0;0;;;jl untung suropati gg amas blok e rt 015;;46;pancadaya marine safety jl untung suropati gg amas blok e rt 015 kbli46;1;0;1;0;Aktif;JL UNTUNG SUROPATI GG AMAS BLOKE RT015;15;0;;;TARIK 02 FEB - 12.00 WITA;6401040009_15_0;-1.87691;116.205362
2505;4082103;TRUBUS BAO RAYA;JL. HOS COKROAMINOTO RT.008 RW.002, TANAH GROGOT;6401040004;64;1;40;4;KALIMANTAN TIMUR;PASER;TANAH GROGOT;TANAH GROGOT;eyJpdiI6IklxMnRnNWxURUtkRzhuQlh0ZGtvbnc9PSIsInZhbHVlIjoiY2szNFNjRnM3QUZvSDg1T3FRNlpOQT09IiwibWFjIjoiNWIzNWJhOTg0NDIyNjE3OTRjMThlZGU4NWMyYjIzMWEzZDJkYjgzZDdlZDdiZjQ0YWFiOGE4M2YwMGE0ZmUwZSIsInRhZyI6IiJ9;;[Kegiatan Usaha: -, Kategori: A, KBLI: 01262];;;15/12/2025;UMKM;Dir Pajak;;;invalid;;;FALSE;FALSE;TRUE;;;invalid;;;;;;trubus bao raya;0;0;0;;;jl hos cokroaminoto rt 008 rw 002 tanah grogot;;1;trubus bao raya jl hos cokroaminoto rt 008 rw 002 tanah grogot kbli01;1;0;1;0;Aktif;JL HOS COKROAMINOTO RT008 RW002 TANAH GROGOT;8;2;;;TARIK 02 FEB - 12.00 WITA;6401040004_8_2;-1.91501;116.195257
2510;4021588;POWER;JL.HOS.COKROAMINOTO NO.16 RT.015 RW.002, TANAH GROGOT;6401040004;64;1;40;4;KALIMANTAN TIMUR;PASER;TANAH GROGOT;TANAH GROGOT;eyJpdiI6IlI2Sk5CQWJYUDJJbnpGTDJWZldsSWc9PSIsInZhbHVlIjoiQ09UTURXZ0lJZ2V0ZGIxNTNrdndqUT09IiwibWFjIjoiZWExOTA0NmUwZWRhZWFjYjk3ZGUwZGQzNjlhNzJmMzRkNWIyNjRkY2E1MDAxZWVkNDk3YmE3NDRkM2RmMGVjMyIsInRhZyI6IiJ9;;[Kegiatan Usaha: -, Kategori: G, KBLI: 46100];;;15/12/2025;UMKM;Dir Pajak;;;invalid;;;FALSE;FALSE;TRUE;;;invalid;;;;;;power;0;0;0;;;jl hos cokroaminoto no 16 rt 015 rw 002 tanah grogot;;46;power jl hos cokroaminoto no 16 rt 015 rw 002 tanah grogot kbli46;1;0;1;0;Aktif;JLHOSCOKROAMINOTO NO16 RT015 RW002 TANAH GROGOT;15;2;;;TARIK 02 FEB - 12.00 WITA;6401040004_15_2;-1.91508;116.193417
2512;4031388;PKBM TELAKE;JL NURUL ITTIHAD RT.14, LONG KALI;6401080006;64;1;80;6;KALIMANTAN TIMUR;PASER;LONG KALI;LONG KALI;eyJpdiI6ImFQMW5yN2QyNkhReEpQU3hJSHlHYkE9PSIsInZhbHVlIjoid1l2UFFMRWd4Tjlyd3IrODQ1Mlordz09IiwibWFjIjoiMzdlMjVmNmU0ODBlOTk3ZGMzMmEyYTRiMDhkYzM1ZDI4NWI5NzAwYjY3YzA0ZmM0Y2IzZGFhNzFiNWNiNmM2YiIsInRhZyI6IiJ9;;[Kegiatan Usaha: -, Kategori: P, KBLI: 85440];;;16/07/2025;UMKM;Dir Pajak;;;invalid;;;FALSE;FALSE;TRUE;;;invalid;;;;-1.520303833;116.3247308;pkbm telake;0;0;0;;;jl nurul ittihad rt 14 long kali;;85;pkbm telake jl nurul ittihad rt 14 long kali kbli85;1;0;1;0;Aktif;JL NURUL ITTIHAD RT14 LONG KALI;14;0;;;TARIK 02 FEB - 12.00 WITA;6401080006_14_0;-1.50549;116.329552
2519;4087208;ERKA DUA CIPTA;JL DR CIPTO MANGUNKUSUMO NO NO 95 RT.04 RW.04, TANAH GROGOT;6401040004;64;1;40;4;KALIMANTAN TIMUR;PASER;TANAH GROGOT;TANAH GROGOT;eyJpdiI6InQ3YUdDMDJodXBSdDlsZ2xGZEFOVWc9PSIsInZhbHVlIjoiN3NHVzUxZDJ1VUZUR3RGY1dDQnZYUT09IiwibWFjIjoiYjEwYTQzMzdjODhkNTNjMWRlMmZkOGFhMTlmNGM1MDJmZjEwZTE3OTQyNDMzZGQxMjI2NmRiNWZkZTE3ZjRlYiIsInRhZyI6IiJ9;;[Kegiatan Usaha: -, Kategori: M, KBLI: 71101];;;15/12/2025;UMKM;Dir Pajak;;;invalid;;;FALSE;FALSE;TRUE;;;invalid;;;;;;erka dua cipta;0;0;0;;;jl dr cipto mangunkusumo no no 95 rt 04 rw 04 tanah grogot;;71;erka dua cipta jl dr cipto mangunkusumo no no 95 rt 04 rw 04 tanah grogot kbli71;1;0;0;0;Aktif;JL DR CIPTO MANGUNKUSUMO NO NO 95 RT04 RW04 TANAH GROGOT;4;4;;;TARIK 02 FEB - 12.00 WITA;6401040004_4_4;-1.90073;116.186873
2525;4093498;JSYAM MANDIRI;Jl. Senaken Gg. Satria Rt. 016;6401040009;64;1;40;9;KALIMANTAN TIMUR;PASER;TANAH GROGOT;JONE;eyJpdiI6ImhEeHpOWVZ6a3hNdHM3V2xocVovOVE9PSIsInZhbHVlIjoid2l6Z3QzdDd5NUk4cG1CenVvaHBQQT09IiwibWFjIjoiMTU0MDM0YmUzNzhiYmRhNDY0ZTAxMjY4NGY0MDkxY2FmZTAzZTVjY2VlZjFlNzYzOGE0NzUyNTk4MzBmNjZlYyIsInRhZyI6IiJ9;;"[Kegiatan Usaha: -, Kategori: F, KBLI: 41015]; [Kegiatan Usaha: Jasa Boga Untuk Suatu Event Tertentu...";;;24/11/2025;UMKM;Dir Pajak;;;invalid;;;FALSE;FALSE;TRUE;;;invalid;;;;;;jsyam mandiri;0;0;0;;;jl senaken gg satria rt 016;;41;jsyam mandiri jl senaken gg satria rt 016 kbli41;1;0;1;0;Aktif;Jl Senaken Gg Satria Rt 016;16;0;;;TARIK 02 FEB - 12.00 WITA;6401040009_16_0;-1.88293;116.213631
2531;4103348;WIDYATAMA;JL.RM NOTO SUNARDI RT.014 RW.005, TANAH GROGOT;6401040004;64;1;40;4;KALIMANTAN TIMUR;PASER;TANAH GROGOT;TANAH GROGOT;eyJpdiI6Ilg2V0hXeGJXYnMySWV2Z29YRUlnTkE9PSIsInZhbHVlIjoiYVpyS0s1bDAyL2FXcVgzQmxQeFdsdz09IiwibWFjIjoiM2M4NzZiMmY4Njg4NDFhOWU2OWI2YWU1MzNlMTY4MmUwNGRiMThjNTc2YTE3NDE0M2EwMDZiMmU3YTUyMzA5ZCIsInRhZyI6IiJ9;;[Kegiatan Usaha: -, Kategori: G, KBLI: 46100];;;15/12/2025;UMKM;Dir Pajak;;;invalid;;;FALSE;FALSE;TRUE;;;invalid;;;;;;widyatama;0;0;0;;;jl rm noto sunardi rt 014 rw 005 tanah grogot;;46;widyatama jl rm noto sunardi rt 014 rw 005 tanah grogot kbli46;1;0;1;0;Aktif;JLRM NOTO SUNARDI RT014 RW005 TANAH GROGOT;14;5;;;TARIK 02 FEB - 12.00 WITA;6401040004_14_5;-1.91747;116.187697
2534;4109849;RANCANG CIPTA ASRI;JL KUSUMA BANGSA RT.005, TEPIAN BATANG;6401040003;64;1;40;3;KALIMANTAN TIMUR;PASER;TANAH GROGOT;TEPIAN BATANG;eyJpdiI6IlU0SjJ0WXhMR0JuZGNPbHllMm00dWc9PSIsInZhbHVlIjoiWDNoV3l0Qk4rKy9TL2xOb0laZEVudz09IiwibWFjIjoiZGY5MzM4NGY1ZTQ1ZDUwMTFiMjNmN2NhNDFmNTZiMjEyNTg4Yjc5ZWJlNGE4OTdiOTNjYmIwMDUxMTEzNDc5MiIsInRhZyI6IiJ9;;[Kegiatan Usaha: -, Kategori: M, KBLI: 71101];;;15/12/2025;UMKM;Dir Pajak;;;invalid;;;FALSE;FALSE;TRUE;;;invalid;;;;;;rancang cipta asri;0;0;0;;;jl kusuma bangsa rt 005 tepian batang;;71;rancang cipta asri jl kusuma bangsa rt 005 tepian batang kbli71;1;0;0;0;Aktif;JL KUSUMA BANGSA RT005 TEPIAN BATANG;5;0;;;TARIK 02 FEB - 12.00 WITA;6401040003_5_0;-1.87998;116.174431
2539;4132785;NUSANTARA;Jl. Jenderal Ahmad Yani Rt. 010 Rw. 004;6401040004;64;1;40;4;KALIMANTAN TIMUR;PASER;TANAH GROGOT;TANAH GROGOT;eyJpdiI6IkhvaDdvS20yUVFDK2ZXOThLb3JoQ1E9PSIsInZhbHVlIjoiRzBXeVdHN2NhOE5tR2FsWXhtWC9PQT09IiwibWFjIjoiZjFlYzg5ZGQyYzdiMzJhYzhmZjZjYzJjMDUyNDNiOTI5YTU1MTZhZmE1MDBkNzcxNjQwZjRlZTY3NWQ5MDExZiIsInRhZyI6IiJ9;;"[Kegiatan Usaha: -, Kategori: G, KBLI: 46100]; [Kegiatan Usaha: Konstruksi Gedung Perkantoran, Kateg...";;;24/11/2025;UMKM;Dir Pajak;;;invalid;;;FALSE;FALSE;TRUE;;;invalid;;;;;;nusantara;0;0;0;;;jl jenderal ahmad yani rt 010 rw 004;;46;nusantara jl jenderal ahmad yani rt 010 rw 004 kbli46;1;0;1;0;Aktif;Jl Jenderal Ahmad Yani Rt 010 Rw 004;10;4;;;TARIK 02 FEB - 12.00 WITA;6401040004_10_4;-1.90608;116.195803
2540;4132806;KALTIM JAYA;JL SULTAN ABDURAHMAN RT.15 RW.06, TANAH GROGOT;6401040004;64;1;40;4;KALIMANTAN TIMUR;PASER;TANAH GROGOT;TANAH GROGOT;eyJpdiI6Ikp4K255WnNxak5xVG5pR09kUDJha2c9PSIsInZhbHVlIjoiUEozNVc3OVdXT1BmUnhjcG9LZy9RQT09IiwibWFjIjoiYWM0NmI3MTM0MTU3NjZmZmQ4YmQyYzNlYmMxYTY4ZDZlMjlkZTJjMTgyMWYwMmNkYTAxNjViMGE2ZWYyMDBhYSIsInRhZyI6IiJ9;;[Kegiatan Usaha: -, Kategori: G, KBLI: 46100];;;15/12/2025;UMKM;Dir Pajak;;;invalid;;;FALSE;FALSE;TRUE;;;invalid;;;;;;kaltim jaya;0;0;0;;;jl sultan abdurahman rt 15 rw 06 tanah grogot;;46;kaltim jaya jl sultan abdurahman rt 15 rw 06 tanah grogot kbli46;1;0;1;0;Aktif;JL SULTAN ABDURAHMAN RT15 RW06 TANAH GROGOT;15;6;;;TARIK 02 FEB - 12.00 WITA;6401040004_15_6;-1.90753;116.198644
2541;4132905;AGE KARYA;JALAN RA KARTINI;6401040004;64;1;40;4;KALIMANTAN TIMUR;PASER;TANAH GROGOT;TANAH GROGOT;eyJpdiI6IjBYbjlWUjNXc3A2ejFPbDhhZjhOeFE9PSIsInZhbHVlIjoiL3g5WnJYbS9UbVU5MVNoelZMT21rQT09IiwibWFjIjoiNTk0OWZlMDY4MmQyYjA3MWYwNWFhOGNiM2ZhNWI4ODAxZDY5N2VjYmMyNTQ3ZTlhMDQ3MGQ3YWQyY2UyNTdkZSIsInRhZyI6IiJ9;;[Kegiatan Usaha: -, Kategori: F, KBLI: 42918];;;15/12/2025;UMKM;Dir Pajak;;;invalid;;;FALSE;FALSE;TRUE;;;invalid;;;;;;age karya;0;0;0;;;jalan ra kartini;;42;age karya jalan ra kartini kbli42;99;0;1;0;Tidak Ditemukan;JALAN RA KARTINI;0;0;;;TARIK 02 FEB - 12.00 WITA;6401040004_0_0;;
2543;4139205;PUTRA GURU PASIR;JL JEND SUDIRMAN RT.01 RW.03, TANAH GROGOT;6401040004;64;1;40;4;KALIMANTAN TIMUR;PASER;TANAH GROGOT;TANAH GROGOT;eyJpdiI6Imd2REN5ZjRpemdKdzRhUERzOGhwekE9PSIsInZhbHVlIjoib1prMXVJelF3cGkvZ05ZTmlhcWovZz09IiwibWFjIjoiZjgyNTQyMzdjMjRmMWZjYTU2ZGZjZGZiNDIxMWExZGY2YzJmZGZjMTQxZmRmMzNmYjdmMWNjYjA0Njg0NTM4NiIsInRhZyI6IiJ9;;[Kegiatan Usaha: -, Kategori: G, KBLI: 46100];;;15/12/2025;UMKM;Dir Pajak;;;invalid;;;FALSE;FALSE;TRUE;;;invalid;;;;;;putra guru pasir;0;0;0;;;jl jend sudirman rt 01 rw 03 tanah grogot;;46;putra guru pasir jl jend sudirman rt 01 rw 03 tanah grogot kbli46;1;0;1;0;Aktif;JL JEND SUDIRMAN RT01 RW03 TANAH GROGOT;1;3;;;TARIK 02 FEB - 12.00 WITA;6401040004_1_3;-1.91242;116.194233
2544;4139235;SERBA USAHA KITA BERSAMA;JL.PERUM KORPRI TAPIS BLOK C6 NO NO.4 RT.13, JONE;6401040009;64;1;40;9;KALIMANTAN TIMUR;PASER;TANAH GROGOT;JONE;eyJpdiI6InhhVFB3djBpdFJZSEVuWUZ6SnpJR0E9PSIsInZhbHVlIjoiUnNkNTJNUEUwRlYxcSttNTdtMWE0UT09IiwibWFjIjoiYzE0M2ZjZTAyZDQwYmVhN2E5Y2M5NjRhOTViODZkOGRkMTRlNWY4YjNmNDczNmY3YzY3YzBkYzc0Y2JhOWNkZSIsInRhZyI6IiJ9;;[Kegiatan Usaha: -, Kategori: G, KBLI: 46100];;;15/12/2025;UMKM;Dir Pajak;;;invalid;;;FALSE;FALSE;TRUE;;;invalid;;;;;;serba usaha kita bersama;0;0;0;;;jl perum korpri tapis blok c6 no no 4 rt 13 jone;;46;serba usaha kita bersama jl perum korpri tapis blok c6 no no 4 rt 13 jone kbli46;1;0;1;0;Aktif;JLPERUM KORPRI TAPIS BLOK C6 NO NO4 RT13 JONE;13;0;1;;TARIK 02 FEB - 12.00 WITA;6401040009_13_0;-1.85236;116.222954
2545;4140025;VIRGO MANDIRI MULTINIAGA;JL ST ABDURAHMAN RT.15 RW.06, TANAH GROGOT;6401040004;64;1;40;4;KALIMANTAN TIMUR;PASER;TANAH GROGOT;TANAH GROGOT;eyJpdiI6IkxOa2UvQnJsOTVXcklCQWpqdjZMT2c9PSIsInZhbHVlIjoiZ2hrdXZMZmJwN1hHOGxOWnZmczNCZz09IiwibWFjIjoiZjkyMDk2NjEzNmY1YWRiMzFiYjhhODkwZjU0MzM5NDg1YjQxMGI4ZDUzMWI4YzFhY2Y2MTYxYjdhM2M3NmQ2NSIsInRhZyI6IiJ9;;[Kegiatan Usaha: -, Kategori: G, KBLI: 46100];;;15/12/2025;UMKM;Dir Pajak;;;invalid;;;FALSE;FALSE;TRUE;;;invalid;;;;;;virgo mandiri multiniaga;0;0;0;;;jl st abdurahman rt 15 rw 06 tanah grogot;;46;virgo mandiri multiniaga jl st abdurahman rt 15 rw 06 tanah grogot kbli46;1;0;1;0;Aktif;JL ST ABDURAHMAN RT15 RW06 TANAH GROGOT;15;6;;;TARIK 02 FEB - 12.00 WITA;6401040004_15_6;-1.90753;116.198644
2546;4140322;KRAMAT JAYA AGUNG;JL. SULTAN HASANUDDIN NO.37 RT.002 RW.001, TANAH GROGOT;6401040004;64;1;40;4;KALIMANTAN TIMUR;PASER;TANAH GROGOT;TANAH GROGOT;eyJpdiI6IlVkVDVYMkViR2xmY1VHcFJHZzhXYXc9PSIsInZhbHVlIjoiVVZXM0o4aHhWVXdWQzg1RmU5YU5kdz09IiwibWFjIjoiNmRkOWQ3NTAxYWNjMTA1NjUyMTNmYTI4ZmQ2MTIwNjU2ZWM1MTI3OWI2MGMyN2ZkNjBhNmU3ZmUyNjdmMmFkNiIsInRhZyI6IiJ9;;[Kegiatan Usaha: -, Kategori: G, KBLI: 46100];;;15/12/2025;UMKM;Dir Pajak;;;invalid;;;FALSE;FALSE;TRUE;;;invalid;;;;;;kramat jaya agung;0;0;0;;;jl sultan hasanuddin no 37 rt 002 rw 001 tanah grogot;;46;kramat jaya agung jl sultan hasanuddin no 37 rt 002 rw 001 tanah grogot kbli46;1;0;1;0;Aktif;JL SULTAN HASANUDDIN NO37 RT002 RW001 TANAH GROGOT;2;1;;;TARIK 02 FEB - 12.00 WITA;6401040004_2_1;-1.92095;116.198901
2549;4148595;HERLINA ABADI;JL. PASAR PAGI RT.05 RW.03, TANAH GROGOT;6401040004;64;1;40;4;KALIMANTAN TIMUR;PASER;TANAH GROGOT;TANAH GROGOT;eyJpdiI6IkJwYXNSZUh1V2N4Z3RoTmlWaEtFQ2c9PSIsInZhbHVlIjoiUmtBMlR3R2RkNVo2WkdIbi80V00zdz09IiwibWFjIjoiZmQ3ZmNjYWNiZmZjMjYwYTNkMTc5MTBlZWM5OWE5YmM5ZmUxNmQ1YzFmMmYxNTBkMGJlZTRiYzQ2MjZmMjQyZCIsInRhZyI6IiJ9;;[Kegiatan Usaha: -, Kategori: G, KBLI: 46100];;;15/12/2025;UMKM;Dir Pajak;;;invalid;;;FALSE;FALSE;TRUE;;;invalid;;;;;;herlina abadi;0;0;0;;;jl pasar pagi rt 05 rw 03 tanah grogot;;46;herlina abadi jl pasar pagi rt 05 rw 03 tanah grogot kbli46;1;0;1;0;Aktif;JL PASAR PAGI RT05 RW03 TANAH GROGOT;5;3;;1;TARIK 02 FEB - 12.00 WITA;6401040004_5_3;-1.91122;116.196126
2564;4199037;RAMA UTAMA;JL.KH. ACHMAD DAHLAN RT.009 RW.004, TANAH GROGOT;6401040004;64;1;40;4;KALIMANTAN TIMUR;PASER;TANAH GROGOT;TANAH GROGOT;eyJpdiI6IjdHWnNuSGppSUFpbE0vdTVHWENzVmc9PSIsInZhbHVlIjoiR2FzOThSOUc5Sk5UT3lybFRYZkFKUT09IiwibWFjIjoiNjk0NWZmM2YxM2MyYjBlZjY3YjQ5N2UzMTc5MTg0MTNkMzQxNjYyNTljOTU4YTc0MDUxNDU4NDMzNTgwNDgwMSIsInRhZyI6IiJ9;;"[Kegiatan Usaha: -, Kategori: F, KBLI: 41012]; [Kegiatan Usaha: Konstruksi Jaringan Irigasi dan Drai...";;;24/12/2025;UMKM;Dir Pajak;;;invalid;;;FALSE;FALSE;TRUE;;;invalid;;;;;;rama utama;0;0;0;;;jl kh achmad dahlan rt 009 rw 004 tanah grogot;;41;rama utama jl kh achmad dahlan rt 009 rw 004 tanah grogot kbli41;99;0;1;0;Tidak Ditemukan;JLKH ACHMAD DAHLAN RT009 RW004 TANAH GROGOT;9;4;;;TARIK 02 FEB - 12.00 WITA;6401040004_9_4;;
2565;4203999;MATA ELANG;JALAN WANA SEBAYA NOMOR 34 RT. 001 RW. 003;6401040004;64;1;40;4;KALIMANTAN TIMUR;PASER;TANAH GROGOT;TANAH GROGOT;eyJpdiI6IkV2Zm5VT2FVdU1GODIvY05lNFh5eUE9PSIsInZhbHVlIjoid2ZOMExhcHc4UDdDUCs1R0tmamZGZz09IiwibWFjIjoiZTUzNmE3Njg0ZjEyMDQ1MTUxODUyOTdlOWIxOTAwNjEwN2JjZTc3MGE4MDBlNDQ1YTAzMWM0ZDQ2NjRiMDczYiIsInRhZyI6IiJ9;;[Kegiatan Usaha: -, Kategori: G, KBLI: 46100];;;15/12/2025;UMKM;Dir Pajak;;;invalid;;;FALSE;FALSE;TRUE;;;invalid;;;;;;mata elang;0;0;0;;;jalan wana sebaya nomor 34 rt 001 rw 003;;46;mata elang jalan wana sebaya nomor 34 rt 001 rw 003 kbli46;1;0;1;0;Aktif;JALAN WANA SEBAYA NOMOR 34 RT 001 RW 003;1;3;;;TARIK 02 FEB - 12.00 WITA;6401040004_1_3;-1.91242;116.194233
2569;4207479;PUTRA TELAKE MANDIRI;JL. RAYA NEGARA KM 64 RT.016, LONG KALI;6401080006;64;1;80;6;KALIMANTAN TIMUR;PASER;LONG KALI;LONG KALI;eyJpdiI6InpHMEJwSThTeThER3lpbFJpcmlOc1E9PSIsInZhbHVlIjoiOEx6SzlPdlZCeWZZL1ZCdnNkaXF4Zz09IiwibWFjIjoiYzljMTRhZTA3Yjg2NTBlNTA5YjVhNDcyNTg4NzhmMzA0OGJlMWM2NzgwNjFiOWIzN2NiN2ZkYThiZWZlMDNmNSIsInRhZyI6IiJ9;;[Kegiatan Usaha: -, Kategori: G, KBLI: 46100];;;15/12/2025;UMKM;Dir Pajak;;;invalid;;;FALSE;FALSE;TRUE;;;invalid;;;;-1.521383377;116.3188149;putra telake mandiri;0;0;0;;;jl raya negara km 64 rt 016 long kali;;46;putra telake mandiri jl raya negara km 64 rt 016 long kali kbli46;1;0;1;0;Aktif;JL RAYA NEGARA KM 64 RT016 LONG KALI;16;0;;;TARIK 02 FEB - 12.00 WITA;6401080006_16_0;-1.51851;116.316413
2574;4218446;MULYATAMA;JL.KAPT.PIERE TENDEAN RT.005/004, TANAH GROGOT;6401040004;64;1;40;4;KALIMANTAN TIMUR;PASER;TANAH GROGOT;TANAH GROGOT;eyJpdiI6IkZkc1VWWS9wSTVtdGN6L2NBa1BsQ1E9PSIsInZhbHVlIjoiNFg3SjRoMzQ1STdibHo2K1M5WnpYZz09IiwibWFjIjoiODRjMTc4MmEyMzJkYmViZmU2NTExNTlkZDczMDZmYWJmMGI3M2E1ZWYzMzQwMDY4YzUxOWRkMGE0ZGI0MTQ0NCIsInRhZyI6IiJ9;;[Kegiatan Usaha: -, Kategori: G, KBLI: 46100];;;15/12/2025;UMKM;Dir Pajak;;;invalid;;;FALSE;FALSE;TRUE;;;invalid;;;;;;mulyatama;0;0;0;;;jl kapt piere tendean rt 005 004 tanah grogot;;46;mulyatama jl kapt piere tendean rt 005 004 tanah grogot kbli46;1;0;1;0;Aktif;JLKAPTPIERE TENDEAN RT005004 TANAH GROGOT;5;4;;;TARIK 02 FEB - 12.00 WITA;6401040004_5_4;-1.90186;116.196795
2585;4247498;SAYNAYA;Jl. R. A. Kartini No. 55 RT. 005 RW. 003;6401040004;64;1;40;4;KALIMANTAN TIMUR;PASER;TANAH GROGOT;TANAH GROGOT;eyJpdiI6Ik1Yb2R0aFAwemhTSlJ1TldnTVd3Q1E9PSIsInZhbHVlIjoibE5qVHRyL0o2cm9DS21uYXJNMVZiQT09IiwibWFjIjoiNGZhYmM3MzMzYWRjNWY2YzBjZTk2YzA2MWVkMjZmOWQ2YTM3YzM1M2YwMTI4ZGJkNWI5ZWFkNjU1NWUyMWI3NiIsInRhZyI6IiJ9;;"[Kegiatan Usaha: Reparasi Mobil, Kategori: , KBLI: 45201]; [Kegiatan Usaha: -, Kategori: G, KBLI: 46...";;;24/11/2025;UMKM;Dir Pajak;;;invalid;;;FALSE;FALSE;TRUE;;;invalid;;;;;;saynaya;0;0;0;;;jl r a kartini no 55 rt 005 rw 003;;45;saynaya jl r a kartini no 55 rt 005 rw 003 kbli45;1;0;1;0;Aktif;Jl R A Kartini No 55 RT 005 RW 003;5;3;;;TARIK 02 FEB - 12.00 WITA;6401040004_5_3;-1.91122;116.196126
2588;4251402;PKBM AR-RAHMAH;JL NEGARA RAYA KM.65 RT. 013 RW. 000;6401080006;64;1;80;6;KALIMANTAN TIMUR;PASER;LONG KALI;LONG KALI;eyJpdiI6Ikt3MzNKSEZieVRDRUdmeFJQSzhEakE9PSIsInZhbHVlIjoiZEtmUndkUXpPR0FyMytKbXVxazNzQT09IiwibWFjIjoiN2Q3Y2Y3ZjI3NDgxNWY1YTE2YjRjZTNhM2FlNTZmZWNhMDBhYjVlMjU3ZmQxMWE0MmQ3NWExZGY1NGU5MTVmYiIsInRhZyI6IiJ9;;[Kegiatan Usaha: -, Kategori: P, KBLI: 85155];;;15/12/2025;UMKM;Dir Pajak;;;invalid;;;FALSE;FALSE;TRUE;;;invalid;;;;-1.521425607;116.3260669;pkbm ar rahmah;0;0;0;;;jl negara raya km 65 rt 013 rw 000;;85;pkbm ar rahmah jl negara raya km 65 rt 013 rw 000 kbli85;1;0;1;0;Aktif;JL NEGARA RAYA KM65 RT 013 RW 000;13;0;;;TARIK 02 FEB - 12.00 WITA;6401080006_13_0;-1.5205;116.326769
2590;4253398;PUTRI GABE;JL.JEND.SUDIRMAN RT.004 RW.003, TANAH GROGOT;6401040004;64;1;40;4;KALIMANTAN TIMUR;PASER;TANAH GROGOT;TANAH GROGOT;eyJpdiI6InhhTHNQalRZWkwzRkhvczFsbkRTcUE9PSIsInZhbHVlIjoiUVBnUzgrVTRES0RzZWl2aVdrWldvQT09IiwibWFjIjoiZWYxM2MwNjAzN2U4NWYzNDA1YjllZDg2MjVjZGRhZWFiMDMxM2IzZWQ0ZTI0YTk4OTUzYzNmNzRhZmJiNmQwYyIsInRhZyI6IiJ9;;[Kegiatan Usaha: -, Kategori: F, KBLI: 41012];;;15/12/2025;UMKM;Dir Pajak;;;invalid;;;FALSE;FALSE;TRUE;;;invalid;;;;;;putri gabe;0;0;0;;;jl jend sudirman rt 004 rw 003 tanah grogot;;41;putri gabe jl jend sudirman rt 004 rw 003 tanah grogot kbli41;1;0;1;0;Aktif;JLJENDSUDIRMAN RT004 RW003 TANAH GROGOT;4;3;;;TARIK 02 FEB - 12.00 WITA;6401040004_4_3;-1.90849;116.193101
2596;4256705;WIBAWA;Jl. Pangeran Mentri Gg. 51 Rt. 011 Rw. 004;6401040004;64;1;40;4;KALIMANTAN TIMUR;PASER;TANAH GROGOT;TANAH GROGOT;eyJpdiI6IjBXSWhTSGxvMG4xWVpzS0JCcDM4NGc9PSIsInZhbHVlIjoiUzVuc2tKVGc5eThZaEx6NDBUZTlIdz09IiwibWFjIjoiNDlkY2YwZmEyMGY3OWZjZmE4ZWI5MDg4YzllZWU0MjQzNTgxZDU4MjA2YzYzODI4ODUzZTFmMTU3NTI3ZTNiMyIsInRhZyI6IiJ9;;"[Kegiatan Usaha: Konstruksi Bangunan Sipil Jalan, Kategori: , KBLI: 42101]; [Kegiatan Usaha: -, Kate...";;;24/11/2025;UMKM;Dir Pajak;;;invalid;;;FALSE;FALSE;TRUE;;;invalid;;;;;;wibawa;0;0;0;;;jl pangeran mentri gg 51 rt 011 rw 004;;42;wibawa jl pangeran mentri gg 51 rt 011 rw 004 kbli42;1;0;1;0;Aktif;Jl Pangeran Mentri Gg 51 Rt 011 Rw 004;11;4;;;TARIK 02 FEB - 12.00 WITA;6401040004_11_4;-1.90231;116.191342
2603;4263030;MAKMUR TAKA PERSADA;JL KH ACHMAD DAHLAN RT.001 RW.04, TANAH GROGOT;6401040004;64;1;40;4;KALIMANTAN TIMUR;PASER;TANAH GROGOT;TANAH GROGOT;eyJpdiI6InMxWm5Kd3hGdVR3R2Vua2ZvaDZ2UlE9PSIsInZhbHVlIjoiQWdNeWdlREN0RTlyaHVxdlhOU1V1dz09IiwibWFjIjoiMmJmNDgxNzI3ZDY4MDYzMWMzOGUzZjA2YzY4MzAyNjQ4ZDc5MzRmZmUyNGRiODIzNTQwMWRlZmEyOTc3YWJmOSIsInRhZyI6IiJ9;;[Kegiatan Usaha: -, Kategori: G, KBLI: 46100];;;15/12/2025;UMKM;Dir Pajak;;;invalid;;;FALSE;FALSE;TRUE;;;invalid;;;;;;makmur taka persada;0;0;0;;;jl kh achmad dahlan rt 001 rw 04 tanah grogot;;46;makmur taka persada jl kh achmad dahlan rt 001 rw 04 tanah grogot kbli46;1;0;1;0;Aktif;JL KH ACHMAD DAHLAN RT001 RW04 TANAH GROGOT;1;4;;;TARIK 02 FEB - 12.00 WITA;6401040004_1_4;-1.90404;116.194549
2616;4189939;PASER JAYA AGUNG;JL KAPT P TENDEAN RT.11 RW.004, TANAH GROGOT;6401040004;64;1;40;4;KALIMANTAN TIMUR;PASER;TANAH GROGOT;TANAH GROGOT;eyJpdiI6ImdkWnFZKy9adzRsaXdZeVJxUVRkS1E9PSIsInZhbHVlIjoiVVJRNU43ZG11Y21hcG02SmN4U0JnUT09IiwibWFjIjoiYTBlM2Y5NjM2ODA3NGU3YTI4NDgzYWY3Mzg3N2VhZWFlOWZlZTc5ZmJhNzQ3OTQzYjQwYzM5M2Y0YTJiNTY3MyIsInRhZyI6IiJ9;;[Kegiatan Usaha: -, Kategori: G, KBLI: 46100];;;15/12/2025;UMKM;Dir Pajak;;;invalid;;;FALSE;FALSE;TRUE;;;invalid;;;;;;paser jaya agung;0;0;0;;;jl kapt p tendean rt 11 rw 004 tanah grogot;;46;paser jaya agung jl kapt p tendean rt 11 rw 004 tanah grogot kbli46;1;0;1;0;Aktif;JL KAPT P TENDEAN RT11 RW004 TANAH GROGOT;11;4;;;TARIK 02 FEB - 12.00 WITA;6401040004_11_4;-1.90231;116.191342
2618;4190579;PASINDO JAYA ABADI;JL.KESUMA BANGSA KM.3 NO 60 RT.4, TEPIAN BATANG;6401040003;64;1;40;3;KALIMANTAN TIMUR;PASER;TANAH GROGOT;TEPIAN BATANG;eyJpdiI6ImdmRk1NRHFwb0RZUElCTnlTODFDUkE9PSIsInZhbHVlIjoiOGc5ZHJvR3FpRmFTUXpEWUovL1I5QT09IiwibWFjIjoiODg5MWQwMjYzMGFmY2I5ZTdkMDk0NWZkZDI3NDk0OGEzYjJmMDVjNTc4OGQ5YWM4MWIyYzdlNTQ1OTBmYmEyZCIsInRhZyI6IiJ9;;[Kegiatan Usaha: -, Kategori: G, KBLI: 46100];;;15/12/2025;UMKM;Dir Pajak;;;invalid;;;FALSE;FALSE;TRUE;;;invalid;;;;;;pasindo jaya abadi;0;0;0;;;jl kesuma bangsa km 3 no 60 rt 4 tepian batang;;46;pasindo jaya abadi jl kesuma bangsa km 3 no 60 rt 4 tepian batang kbli46;1;0;1;0;Aktif;JLKESUMA BANGSA KM3 NO 60 RT4 TEPIAN BATANG;4;0;;;TARIK 02 FEB - 12.00 WITA;6401040003_4_0;-1.88952;116.177419
2632;4274550;GRIYA TEHNIK MANDIRI;JL. DI. PANJAITAN RT 007, JONE;6401040009;64;1;40;9;KALIMANTAN TIMUR;PASER;TANAH GROGOT;JONE;eyJpdiI6IlhnMnU0a1F1RDdJaEZDYkpNL2xyTWc9PSIsInZhbHVlIjoiVmliOTQxZmlaekJ5YzVyY25QaU9JZz09IiwibWFjIjoiMjUyOWNhMjdkNzQ3Y2Q0OWY2YzI5ZTVhYjgxOWQ0N2RiZWFkNThmODZhNmMyZjAwNWRlZThiZWJmOThkNjhkMSIsInRhZyI6IiJ9;;[Kegiatan Usaha: -, Kategori: N, KBLI: 81100];;;15/12/2025;UMKM;Dir Pajak;;;invalid;;;FALSE;FALSE;TRUE;;;invalid;;;;;;griya tehnik mandiri;0;0;0;;;jl di panjaitan rt 007 jone;;81;griya tehnik mandiri jl di panjaitan rt 007 jone kbli81;1;0;1;0;Aktif;JL DI PANJAITAN RT 007 JONE;7;0;;;TARIK 02 FEB - 12.00 WITA;6401040009_7_0;-1.88202;116.223205
2635;4277614;VAHMA JAYA;JL  ANDEN OKO GG CANDRA NO 12 RT.04 RW.01, TANAH GROGOT;6401040004;64;1;40;4;KALIMANTAN TIMUR;PASER;TANAH GROGOT;TANAH GROGOT;eyJpdiI6Ik1DV0RSQ09CRXlCSWpscFdYR1lQR1E9PSIsInZhbHVlIjoiVHVsM3kxc2JIUnBjaWN1TFVXYVlJQT09IiwibWFjIjoiOTE1ZjcwY2Q2ZjRjNDY2Yjk5ZTI3NDYzNzc4OTUxYjE5N2I0NjQ3ZWE2ZWEwY2E1N2MwMTQ4MGZkZWY1NzY5NCIsInRhZyI6IiJ9;;[Kegiatan Usaha: -, Kategori: G, KBLI: 46100];;;15/12/2025;UMKM;Dir Pajak;;;invalid;;;FALSE;FALSE;TRUE;;;invalid;;;;;;vahma jaya;0;0;0;;;jl anden oko gg candra no 12 rt 04 rw 01 tanah grogot;;46;vahma jaya jl anden oko gg candra no 12 rt 04 rw 01 tanah grogot kbli46;1;0;1;0;Aktif;JL ANDEN OKO GG CANDRA NO 12 RT04 RW01 TANAH GROGOT;4;1;;;TARIK 02 FEB - 12.00 WITA;6401040004_4_1;-1.91111;116.200027
2639;4290672;ADIJAYA MANDIRI, cv;Jl. Noto Sunardi Gg. milenium Rt.014 Rw.005;6401040004;64;1;40;4;KALIMANTAN TIMUR;PASER;TANAH GROGOT;TANAH GROGOT;eyJpdiI6ImNrb2VlVFZNWlpCYkJSRW1XQ3pNWHc9PSIsInZhbHVlIjoiMW91TngzZm96dVZRNTdQZzNsZFozZz09IiwibWFjIjoiYjg1MDIyYTAzZmM5MTNmMzYyMjVhNmJmYjJkYjg0N2UwMTViYTc0MTVhOGJlM2JlZDEyZDNjYmYwZjAwYmNhNiIsInRhZyI6IiJ9;;"[Kegiatan Usaha: -, Kategori: F, KBLI: 42101]; [Kegiatan Usaha: -, Kategori: G, KBLI: 47529]";;;01/11/2025;UMKM;Dir Pajak;;;invalid;;;FALSE;FALSE;TRUE;;;invalid;;;;;;adijaya mandiri;0;0;0;;;jl noto sunardi gg milenium rt 014 rw 005;;42;adijaya mandiri jl noto sunardi gg milenium rt 014 rw 005 kbli42;1;0;1;0;Aktif;Jl Noto Sunardi Gg milenium Rt014 Rw005;14;5;;;TARIK 02 FEB - 12.00 WITA;6401040004_14_5;-1.91747;116.187697
2641;4292867;MUTIARA KREASI SOLUSINDO;JL.CIPTO MANGUN KUSUMO RT.003 RW.004, TANAH GROGOT;6401040004;64;1;40;4;KALIMANTAN TIMUR;PASER;TANAH GROGOT;TANAH GROGOT;eyJpdiI6InI4NGpKZkJqcmlwODBNM0JkbWlVYVE9PSIsInZhbHVlIjoiVXdzMG5OdzNWT1FBNWEzdG9ZRUI3dz09IiwibWFjIjoiMzdjNWMxYTI4ZDRjZjZhNTdkMDQ5N2VjN2RhMGU4YTM5ZmVkNjVhNmUzYzcxNzMyNDMxYTFjMWYyZTFhYWM2NSIsInRhZyI6IiJ9;;[Kegiatan Usaha: -, Kategori: G, KBLI: 46100];;;15/12/2025;UMKM;Dir Pajak;;;invalid;;;FALSE;FALSE;TRUE;;;invalid;;;;;;mutiara kreasi solusindo;0;0;0;;;jl cipto mangun kusumo rt 003 rw 004 tanah grogot;;46;mutiara kreasi solusindo jl cipto mangun kusumo rt 003 rw 004 tanah grogot kbli46;1;0;1;0;Aktif;JLCIPTO MANGUN KUSUMO RT003 RW004 TANAH GROGOT;3;4;;;TARIK 02 FEB - 12.00 WITA;6401040004_3_4;-1.90171;116.189459
2644;4294102;DUALAPAN DESIGN CONSULTANT;Jl. DI Panjaitan RT.10;6401040003;64;1;40;3;KALIMANTAN TIMUR;PASER;TANAH GROGOT;TEPIAN BATANG;eyJpdiI6ImRZYVVabmMwSmZsekF6dm1yUTE4WGc9PSIsInZhbHVlIjoiUWFQdFF0TktLV3VDb1FPSFFaVzNyUT09IiwibWFjIjoiMDFlYTIzNzJlNzBhNjRhYTk4NDMyOTg2NjJmYmM3MGVlNDg2ZDgyNTY5Y2ViY2VlOTBlYWNjZDZhNDI2NGVmYiIsInRhZyI6IiJ9;;[Kegiatan Usaha: -, Kategori: M, KBLI: 71102];;;08/01/2025;UMKM;Dir Pajak;;;invalid;;;FALSE;FALSE;TRUE;;;invalid;;;;;;dualapan design consultant;0;0;0;;;jl di panjaitan rt 10;;71;dualapan design consultant jl di panjaitan rt 10 kbli71;1;0;1;0;Aktif;Jl DI Panjaitan RT10;10;0;;;TARIK 02 FEB - 12.00 WITA;6401040003_10_0;-1.87524;116.185791
2645;4299014;RAHMAD ELEKTRONIK;JL.KH.AHMAD DAHLAN RT.001 RW.006, TANAH GROGOT;6401040004;64;1;40;4;KALIMANTAN TIMUR;PASER;TANAH GROGOT;TANAH GROGOT;eyJpdiI6IngzdEV5Q1dSKzhqb21YcmwyMUJ2NlE9PSIsInZhbHVlIjoiNXJaTDBlQTJ2b3VWVTJ1cDR6UnpSQT09IiwibWFjIjoiNWRmZGYxZmEzMTJmMTFkYzU2NGFiODQ1YWY4NDEzMmJjZWNiODcwY2JiMTc5NGJkOWM1MmMwZjQzOTBlNzU0NCIsInRhZyI6IiJ9;;[Kegiatan Usaha: -, Kategori: G, KBLI: 46100];;;15/12/2025;UMKM;Dir Pajak;;;invalid;;;FALSE;FALSE;TRUE;;;invalid;;;;;;rahmad elektronik;0;0;0;;;jl kh ahmad dahlan rt 001 rw 006 tanah grogot;;46;rahmad elektronik jl kh ahmad dahlan rt 001 rw 006 tanah grogot kbli46;1;0;1;0;Aktif;JLKHAHMAD DAHLAN RT001 RW006 TANAH GROGOT;1;6;;;TARIK 02 FEB - 12.00 WITA;6401040004_1_6;-1.9102;116.198781
2653;4316947;FAJAR PRIMANUSA ENGINEERING;Jl. D.I.Panjaitan Gang Jahra RT. 17 RW. 04;6401040004;64;1;40;4;KALIMANTAN TIMUR;PASER;TANAH GROGOT;TANAH GROGOT;eyJpdiI6IlFlTSsvOFpYS3hTdThZMTdQZms0TFE9PSIsInZhbHVlIjoickhDWHpXb3AzYUtJb3ZETms5U3V2QT09IiwibWFjIjoiNDgxZjI5MGM0NDFhMjJmZTQwN2FiMGIzNmMxOTVkYzFhOTAwYTVkZGQxMzJlODdmYjI2NmNiYzE1NmY5NWE4MSIsInRhZyI6IiJ9;;"[Kegiatan Usaha: -, Kategori: F, KBLI: 41012]; [Kegiatan Usaha: Aktivitas Keinsinyuran dan Konsultas...";;;24/11/2025;UMKM;Dir Pajak;;;invalid;;;FALSE;FALSE;TRUE;;;invalid;;;;;;fajar primanusa engineering;0;0;0;;;jl d i panjaitan gang jahra rt 17 rw 04;;41;fajar primanusa engineering jl d i panjaitan gang jahra rt 17 rw 04 kbli41;1;0;1;0;Aktif;Jl DIPanjaitan Gang Jahra RT 17 RW 04;17;4;;;TARIK 02 FEB - 12.00 WITA;6401040004_17_4;-1.8938;116.190345
2654;4320052;SUGIHLAWE SUKSES BERSAMA, pt;JL. UNTUNG SUROPATI RT. 08;6401040009;64;1;40;9;KALIMANTAN TIMUR;PASER;TANAH GROGOT;JONE;eyJpdiI6ImNuUURBVi9FSjlXODRreFY3SFVmL1E9PSIsInZhbHVlIjoiQWxHQXBUNldqc0E1OUlWOVU0UWl1dz09IiwibWFjIjoiZmIyNGNjNDA2OTliYTA0NjA2YjM0MTY1Zjc0MzA2YTUzMDA1ZGVhMDJjMWQ1YTYwYTBmOGI5YWIzNzIwNjhkNiIsInRhZyI6IiJ9;;"[Kegiatan Usaha: -, Kategori: G, KBLI: 46100]; [Kegiatan Usaha: -, Kategori: F, KBLI: -]";;;01/11/2025;UMKM;Dir Pajak;;;invalid;;;FALSE;FALSE;TRUE;;;invalid;;;;;;sugihlawe sukses bersama;0;0;0;;;jl untung suropati rt 08;;46;sugihlawe sukses bersama jl untung suropati rt 08 kbli46;1;0;0;0;Aktif;JL UNTUNG SUROPATI RT 08;8;0;;;TARIK 02 FEB - 12.00 WITA;6401040009_8_0;-1.84453;116.210849
2663;4351804;INDAH BARU;JL. ST. HASANUDDIN RT.001 RW.002, NO.27 TANAH GROGOT;6401040004;64;1;40;4;KALIMANTAN TIMUR;PASER;TANAH GROGOT;TANAH GROGOT;eyJpdiI6InFEaVh5VkRidVh4SGNzbnZ0Zk9wY2c9PSIsInZhbHVlIjoiUWhtb21jL0JVQ1ZxREV4a3psblhpQT09IiwibWFjIjoiZTg0N2NjMWRjY2U5ZTdlYWIzN2ZkOGI2NzRhMDQ2OWRjOGI4Mzg0YWIyMGFlMjBlM2Q0MGZhYTBhN2YxZmI1OCIsInRhZyI6IiJ9;;[Kegiatan Usaha: -, Kategori: F, KBLI: 41012];;;08/01/2025;UMKM;Dir Pajak;;;invalid;;;FALSE;FALSE;TRUE;;;invalid;;;;;;indah baru;0;0;0;;;jl st hasanuddin rt 001 rw 002 no 27 tanah grogot;;41;indah baru jl st hasanuddin rt 001 rw 002 no 27 tanah grogot kbli41;1;0;1;0;Aktif;JL ST HASANUDDIN RT001 RW002 NO27 TANAH GROGOT;1;2;;;TARIK 02 FEB - 12.00 WITA;6401040004_1_2;-1.91744;116.196977
2664;4353484;PELAMPITAN INDAH;JL.R.SUPRAPTO RT.001 RW.006, TANAH GROGOT;6401040004;64;1;40;4;KALIMANTAN TIMUR;PASER;TANAH GROGOT;TANAH GROGOT;eyJpdiI6IjJpbkpOWGwrejBJYlV2L2UwZ3ZTeVE9PSIsInZhbHVlIjoiMk05ejlPTnliZXhlNUViU1lMWWxOQT09IiwibWFjIjoiYTljODY0OTE2NmE3ZjM5N2Y0ODBkMjdhZGFkODEyZTI1NzMwMGUzOGM0ZmQwOWEzYzMxYjA5MzYxNzNkY2Y0NSIsInRhZyI6IiJ9;;[Kegiatan Usaha: -, Kategori: G, KBLI: 46100];;;15/12/2025;UMKM;Dir Pajak;;;invalid;;;FALSE;FALSE;TRUE;;;invalid;;;;;;pelampitan indah;0;0;0;;;jl r suprapto rt 001 rw 006 tanah grogot;;46;pelampitan indah jl r suprapto rt 001 rw 006 tanah grogot kbli46;1;0;1;0;Aktif;JLRSUPRAPTO RT001 RW006 TANAH GROGOT;1;6;;;TARIK 02 FEB - 12.00 WITA;6401040004_1_6;-1.9102;116.198781
2666;4361834;PIONIR GRAHA USAHA;SULTAN IBRAHIM KHALILUDDIN NO 79 RT 013 RW 004, TANAH GROGOT;6401040004;64;1;40;4;KALIMANTAN TIMUR;PASER;TANAH GROGOT;TANAH GROGOT;eyJpdiI6IjQ2Z2svbHZUNkorVW5jT2QzMmMzcVE9PSIsInZhbHVlIjoiOUlSblRaVi9SeklTVnhNOVRtcjlJdz09IiwibWFjIjoiNDM2YWVhNmU3MGEzMzk4MGY0YWIwYjk5YWRhZWM2OTFmNjFhNDg4YWFjMzRjMjYwYTU0ZmYzOTkxZmQyNWRjZCIsInRhZyI6IiJ9;;[Kegiatan Usaha: -, Kategori: N, KBLI: 82190];;;15/12/2025;UMKM;Dir Pajak;;;invalid;;;FALSE;FALSE;TRUE;;;invalid;;;;;;pionir graha usaha;0;0;0;;;sultan ibrahim khaliluddin no 79 rt 013 rw 004 tanah grogot;;82;pionir graha usaha sultan ibrahim khaliluddin no 79 rt 013 rw 004 tanah grogot kbli82;1;0;1;0;Aktif;SULTAN IBRAHIM KHALILUDDIN NO 79 RT 013 RW 004 TANAH GROGOT;13;4;;;TARIK 02 FEB - 12.00 WITA;6401040004_13_4;-1.9044;116.191298
2667;4363328;RIZKY AGUNG MANDIRI;JL DI PANJAITAN NO 03 RT 017 RW 004;6401040004;64;1;40;4;KALIMANTAN TIMUR;PASER;TANAH GROGOT;TANAH GROGOT;eyJpdiI6InZlaTJkeDFydkFVZy9vSmZhdTUvVXc9PSIsInZhbHVlIjoiY1MwQ1ROV0thMFF6akkvdVgzYkhXUT09IiwibWFjIjoiNWZkMTIxNjlmYjM5ZWQ3MmRmYjBjZTU1NzFmNGQwYzBkZmJiNGY4YzBjYWQ5NTc0YWE2YjkwNTgxZjk0MzY0OCIsInRhZyI6IiJ9;;[Kegiatan Usaha: -, Kategori: G, KBLI: 46100];;;15/12/2025;UMKM;Dir Pajak;;;invalid;;;FALSE;FALSE;TRUE;;;invalid;;;;;;rizky agung mandiri;0;0;0;;;jl di panjaitan no 03 rt 017 rw 004;;46;rizky agung mandiri jl di panjaitan no 03 rt 017 rw 004 kbli46;1;0;1;0;Aktif;JL DI PANJAITAN NO 03 RT 017 RW 004;17;4;;;TARIK 02 FEB - 12.00 WITA;6401040004_17_4;-1.8938;116.190345
2669;4364328;LAUT BARA AN NABIH;JL. JEND. SUDIRMAN RT.005 RW.003, TANAH GROGOT;6401040004;64;1;40;4;KALIMANTAN TIMUR;PASER;TANAH GROGOT;TANAH GROGOT;eyJpdiI6IkZqeGM5Y0VhbThkQUFhajMweXJ1V1E9PSIsInZhbHVlIjoiWDdYWGtxOXlXWTdTdEhYc0YzMFVIQT09IiwibWFjIjoiMTA5MWZiZWZiYTE1MGU1ZWVmZGI2MjVmODg0MTcwMDZjZGVhYzFkYzIyYjkyODEyZDNiZGZkYmVmZjQwYmViYSIsInRhZyI6IiJ9;;[Kegiatan Usaha: -, Kategori: F, KBLI: 41012];;;15/12/2025;UMKM;Dir Pajak;;;invalid;;;FALSE;FALSE;TRUE;;;invalid;;;;;;laut bara an nabih;0;0;0;;;jl jend sudirman rt 005 rw 003 tanah grogot;;41;laut bara an nabih jl jend sudirman rt 005 rw 003 tanah grogot kbli41;1;0;1;0;Aktif;JL JEND SUDIRMAN RT005 RW003 TANAH GROGOT;5;3;;;TARIK 02 FEB - 12.00 WITA;6401040004_5_3;-1.91122;116.196126
2672;4366282;MAHAKAM;JL JEND AHMAD YANI GG BARU NO NO 179 RT.006 RW.006, TANAH GROGOT;6401040004;64;1;40;4;KALIMANTAN TIMUR;PASER;TANAH GROGOT;TANAH GROGOT;eyJpdiI6IkErY3NaRzlCL0NOUFlqdVVXK2RSVGc9PSIsInZhbHVlIjoieVhvRnFHUUpZZjFrYVorZTg1ZEVrdz09IiwibWFjIjoiNzFmMTcwZmIzMjI2MGI0NzE4NzA5ZjYxZDFlNDRjYmJiZmRiMjg2MzdkNzdjOTk1NmY1ZjZiYzgwM2IzNDI0NyIsInRhZyI6IiJ9;;[Kegiatan Usaha: -, Kategori: G, KBLI: 46100];;;15/12/2025;UMKM;Dir Pajak;;;invalid;;;FALSE;FALSE;TRUE;;;invalid;;;;;;mahakam;0;0;0;;;jl jend ahmad yani gg baru no no 179 rt 006 rw 006 tanah grogot;;46;mahakam jl jend ahmad yani gg baru no no 179 rt 006 rw 006 tanah grogot kbli46;1;0;1;0;Aktif;JL JEND AHMAD YANI GG BARU NO NO 179 RT006 RW006 TANAH GROGOT;6;6;;;TARIK 02 FEB - 12.00 WITA;6401040004_6_6;-1.90864;116.198126
2679;4376798;ABDI UTAMA INDAH;JL.YOS SUDARSO RT.002/003                         , TANAH GROGOT;6401040004;64;1;40;4;KALIMANTAN TIMUR;PASER;TANAH GROGOT;TANAH GROGOT;eyJpdiI6InpyYlNLZEU5WmZ4TW05YlBVTlp5TFE9PSIsInZhbHVlIjoibEc5Y0kvRllpcUxVSlU1bHY4TDBHUT09IiwibWFjIjoiNzc1OGQxNDcwOGRlNzY0MmZlZThjYWI2MDEzNGU4Y2EwNTYxNjlmNDE5N2Q0ZjkzZTBmNGE3MjdiNDNhMzY3ZiIsInRhZyI6IiJ9;;[Kegiatan Usaha: -, Kategori: F, KBLI: 42918];;;15/12/2025;UMKM;Dir Pajak;;;invalid;;;FALSE;FALSE;TRUE;;;invalid;;;;;;abdi utama indah;0;0;0;;;jl yos sudarso rt 002 003 tanah grogot;;42;abdi utama indah jl yos sudarso rt 002 003 tanah grogot kbli42;1;0;1;0;Aktif;JLYOS SUDARSO RT002003 TANAH GROGOT;2;3;;;TARIK 02 FEB - 12.00 WITA;6401040004_2_3;-1.91045;116.191186
2684;4380439;AGUSTINA KARYA ABADI;Jl. P. Antasari Rt. 009 Rw. 004;6401040004;64;1;40;4;KALIMANTAN TIMUR;PASER;TANAH GROGOT;TANAH GROGOT;eyJpdiI6ImpIclYrQ3RMTUFHZlBZV1FXUW9vT2c9PSIsInZhbHVlIjoiMitTYVNYU0U1cHRkV3hOWlcxbWR2dz09IiwibWFjIjoiN2QxNzA2Mzg2YmQ2YTRkN2Q2MDQwNzY2OWYyYjM0M2MzYTg4M2Q4MzlmMWVhY2ZiMDk3ODAyMWQwZDZmOTVmMyIsInRhZyI6IiJ9;;"[Kegiatan Usaha: Perdagangan Besar Pupuk Dan Produk Agrokimia, Kategori: , KBLI: 46652]; [Kegiatan U...";;;24/11/2025;UMKM;Dir Pajak;;;invalid;;;FALSE;FALSE;TRUE;;;invalid;;;;;;agustina karya abadi;0;0;0;;;jl p antasari rt 009 rw 004;;46;agustina karya abadi jl p antasari rt 009 rw 004 kbli46;3;0;1;0;Tutup;Jl P Antasari Rt 009 Rw 004;9;4;;;TARIK 02 FEB - 12.00 WITA;6401040004_9_4;;
2689;4330203;KOPERASI KAYUH BAIMBAI SEJAHTERA;JL.KH.ACHMAD DAHLAN RT.001 RW.04;6401040004;64;1;40;4;KALIMANTAN TIMUR;PASER;TANAH GROGOT;TANAH GROGOT;eyJpdiI6InhvdDd2amRlL3ZGcXNvWEgyRnpQNHc9PSIsInZhbHVlIjoiL1dMQWNhMFMvRDNQYUx3aUcyRUZwQT09IiwibWFjIjoiNmUwYWE4NzI3YzY5ZGNmOGFhNjFlYmJkMTVhYTgzYWUzMzJjODgxZWNkZjEzYzFkZTVhMDA5NmYyZDNkNjk2YSIsInRhZyI6IiJ9;;;;;10/01/2025;UMKM;Dir Pajak;;;invalid;;;FALSE;FALSE;TRUE;;;invalid;;;;;;kayuh baimbai sejahtera;0;0;0;;;jl kh achmad dahlan rt 001 rw 04;;0;kayuh baimbai sejahtera jl kh achmad dahlan rt 001 rw 04 kbli00;3;0;1;0;Tutup Sementara;JLKHACHMAD DAHLAN RT001 RW04;1;4;;;TARIK 02 FEB - 12.00 WITA;6401040004_1_4;-1.90404;116.194549
2690;4330464;UTAMA ABADI;JL.R.SUPRAPTO RT.001 RW.006, TANAH GROGOT;6401040004;64;1;40;4;KALIMANTAN TIMUR;PASER;TANAH GROGOT;TANAH GROGOT;eyJpdiI6InBma0s5ZjF4dlBmRUlONVpEa0N3OEE9PSIsInZhbHVlIjoiWmlURkVoYjNlUjdzbnd2Vll5Z2ZEZz09IiwibWFjIjoiM2M2YmI0YWE1MjViMjI4MzNhODFiNjI1OWYyNzcxMTE2Mzk0MDdkOThhMGIyZDk5MzM4ZTc5NGVkNjAzZmQzNiIsInRhZyI6IiJ9;;[Kegiatan Usaha: -, Kategori: G, KBLI: 46100];;;15/12/2025;UMKM;Dir Pajak;;;invalid;;;FALSE;FALSE;TRUE;;;invalid;;;;;;utama abadi;0;0;0;;;jl r suprapto rt 001 rw 006 tanah grogot;;46;utama abadi jl r suprapto rt 001 rw 006 tanah grogot kbli46;1;0;1;0;Aktif;JLRSUPRAPTO RT001 RW006 TANAH GROGOT;1;6;;;TARIK 02 FEB - 12.00 WITA;6401040004_1_6;-1.9102;116.198781
2695;4336644;AL FURQON;JL KANDILO BAHARI  NO.03 RT.01 RW.01, TANAH GROGOT;6401040004;64;1;40;4;KALIMANTAN TIMUR;PASER;TANAH GROGOT;TANAH GROGOT;eyJpdiI6IjR5cFpibndKZkN5QmdYUVZ5aCtaVVE9PSIsInZhbHVlIjoiNFJZUHhqMnFjYUtCdXZ0WlF3UkZaZz09IiwibWFjIjoiOTdjMzE4ZTdkZjYwMzAzY2UxZmNkZTNlNjlkNDEyY2YyMTc2ZjA5OTcxMTliYzI2MzQ5NTFjZTI4MDQ4M2U1MSIsInRhZyI6IiJ9;;[Kegiatan Usaha: -, Kategori: P, KBLI: 85111];;;15/12/2025;UMKM;Dir Pajak;;;invalid;;;FALSE;FALSE;TRUE;;;invalid;;;;;;al furqon;0;0;0;;;jl kandilo bahari no 03 rt 01 rw 01 tanah grogot;;85;al furqon jl kandilo bahari no 03 rt 01 rw 01 tanah grogot kbli85;1;0;1;0;Aktif;JL KANDILO BAHARI NO03 RT01 RW01 TANAH GROGOT;1;1;;;TARIK 02 FEB - 12.00 WITA;6401040004_1_1;-1.92182;116.201222
2696;4338057;HARAPAN JAYA;JL.SULTAN ABDURRAHMAN RT.006/04                   , TANAH GROGOT;6401040004;64;1;40;4;KALIMANTAN TIMUR;PASER;TANAH GROGOT;TANAH GROGOT;eyJpdiI6IlUzTThEMEVvd2ZpTFB5Y09ScDEydVE9PSIsInZhbHVlIjoiOUc0TWl0Vks3MkJmRVdvMTBmWHBNdz09IiwibWFjIjoiZGU3MjM0YzQ1OGY2MzEzZGVhZDYxMjU0MTE1NmY4YjYwODc0MDc3ZGYxMDdhNDA1ZTE2OGRjNWExMTNjNWJjYiIsInRhZyI6IiJ9;;[Kegiatan Usaha: -, Kategori: G, KBLI: 46100];;;15/12/2025;UMKM;Dir Pajak;;;invalid;;;FALSE;FALSE;TRUE;;;invalid;;;;;;harapan jaya;0;0;0;;;jl sultan abdurrahman rt 006 04 tanah grogot;;46;harapan jaya jl sultan abdurrahman rt 006 04 tanah grogot kbli46;1;0;1;0;Aktif;JLSULTAN ABDURRAHMAN RT00604 TANAH GROGOT;6;4;;;TARIK 02 FEB - 12.00 WITA;6401040004_6_4;-1.90257;116.193782
2699;4307332;KILIMANJARO;JL BHAYANGKARA NO 37 RT 006 RW 002;6401040004;64;1;40;4;KALIMANTAN TIMUR;PASER;TANAH GROGOT;TANAH GROGOT;eyJpdiI6IkgyeXlxMHg5R3h5QUEyRWIvZmk3SFE9PSIsInZhbHVlIjoiWnFSYWsvbjRZVzFYMy9uSDhBRnNLZz09IiwibWFjIjoiNjZiZWE2YmY1OTRkZGEzMDZiOTc5ZTg3NzI2OGUxM2QwZWI1ZDNkMDc2MmExMmQ2OTE0OWE5OGU5MGI1OWZkZSIsInRhZyI6IiJ9;;[Kegiatan Usaha: -, Kategori: F, KBLI: 41012];;;15/12/2025;UMKM;Dir Pajak;;;invalid;;;FALSE;FALSE;TRUE;;;invalid;;;;;;kilimanjaro;0;0;0;;;jl bhayangkara no 37 rt 006 rw 002;;41;kilimanjaro jl bhayangkara no 37 rt 006 rw 002 kbli41;1;0;1;0;Aktif;JL BHAYANGKARA NO 37 RT 006 RW 002;6;2;;;TARIK 02 FEB - 12.00 WITA;6401040004_6_2;-1.91513;116.19626
2701;4309529;GRORA BANGUN NUSANTARA;JL.R.M NOTO SUNARDI RT.014 RW.05 TANAH GROGOT;6401040004;64;1;40;4;KALIMANTAN TIMUR;PASER;TANAH GROGOT;TANAH GROGOT;eyJpdiI6IklPYWNkNmRHQXpVa3BUSTNGaWFrZlE9PSIsInZhbHVlIjoiTFFtN3hQWGx6RmVJYlFwblNOeUFHUT09IiwibWFjIjoiNGMyNTM3ZjE5ZGI5YzZhNWQ5NGZiNjM2ODc1NjY2MDI5YjI1ZTZjMmE3Y2QwZTk3MjQzN2Q4NWVkNDQ1MmExYiIsInRhZyI6IiJ9;;[Kegiatan Usaha: -, Kategori: G, KBLI: 45302];;;15/12/2025;UMKM;Dir Pajak;;;invalid;;;FALSE;FALSE;TRUE;;;invalid;;;;;;grora bangun nusantara;0;0;0;;;jl r m noto sunardi rt 014 rw 05 tanah grogot;;45;grora bangun nusantara jl r m noto sunardi rt 014 rw 05 tanah grogot kbli45;1;0;1;0;Aktif;JLRM NOTO SUNARDI RT014 RW05 TANAH GROGOT;14;5;;;TARIK 02 FEB - 12.00 WITA;6401040004_14_5;-1.91747;116.187697
2707;4392904;MUJUR RIDHO MANDIRI;JL UNTUNG SUROPATI GG AMAS RT 003, JONE;6401040009;64;1;40;9;KALIMANTAN TIMUR;PASER;TANAH GROGOT;JONE;eyJpdiI6Ims1eEtFbTBzRXlGMTJESkNGNUZpZWc9PSIsInZhbHVlIjoiWWZjM2pCeElkSnNiZElqaDF1VjlkZz09IiwibWFjIjoiYjk2MDUwZTMzZDE1YTYwOTM2OTA4MWIyZTk5YjEyMTQ0YjYxYjQ2NTNjNGMyYmM4YzcxNGI1Y2I5NWYxZjk3YyIsInRhZyI6IiJ9;;[Kegiatan Usaha: -, Kategori: F, KBLI: 41016];;;15/12/2025;UMKM;Dir Pajak;;;invalid;;;FALSE;FALSE;TRUE;;;invalid;;;;;;mujur ridho mandiri;0;0;0;;;jl untung suropati gg amas rt 003 jone;;41;mujur ridho mandiri jl untung suropati gg amas rt 003 jone kbli41;1;0;1;0;Aktif;JL UNTUNG SUROPATI GG AMAS RT 003 JONE;3;0;;;TARIK 02 FEB - 12.00 WITA;6401040009_3_0;-1.89786;116.201887
2720;4445472;MAHLIGAI AL QUR`AN LONGKALI;JL PROVINSI KM 65 RT 04, LONG KALI;6401080006;64;1;80;6;KALIMANTAN TIMUR;PASER;LONG KALI;LONG KALI;eyJpdiI6ImlHVDBUMTFXWktFSWx3RFBKWHd5UkE9PSIsInZhbHVlIjoicWxFbi9jNVo3MFRjTzFYYUxDNmZxUT09IiwibWFjIjoiYTFkOTA3MWVkOTE3ZjIzNzcwYjUxZGUxM2E2NDAxOTAwMjRiMDMzNDZiODMwYjllOTcxZWE0YTkyOWRlNzc1YSIsInRhZyI6IiJ9;;[Kegiatan Usaha: -, Kategori: P, KBLI: 85111];;;15/12/2025;UMKM;Dir Pajak;;;invalid;;;FALSE;FALSE;TRUE;;;invalid;;;;-1.523753333;116.3079067;mahligai al qur an longkali;0;0;0;;;jl provinsi km 65 rt 04 long kali;;85;mahligai al qur an longkali jl provinsi km 65 rt 04 long kali kbli85;1;0;1;0;Aktif;JL PROVINSI KM 65 RT 04 LONG KALI;4;0;;;TARIK 02 FEB - 12.00 WITA;6401080006_4_0;-1.52173;116.304093
2731;4461162;koperasi KONSUMEN TIRTA KANDILO;jl di panjaitan no 67 rt 005;6401040003;64;1;40;3;KALIMANTAN TIMUR;PASER;TANAH GROGOT;TEPIAN BATANG;eyJpdiI6Ikt1RjQ0alJndHpHb3ZLT2JEMHdOaGc9PSIsInZhbHVlIjoiaGV3eTFSVitiZkk2QVhUSkh2Z0l6dz09IiwibWFjIjoiMmI4MDNiZjZlYWRjZGMwNGYzOWUzNmZjMjQ1MjUzNzY1ZWZjZDI2NzZjYjRjYTg0ZTI0OGY1MzFjODgyNjllMSIsInRhZyI6IiJ9;;[Kegiatan Usaha: -, Kategori: K, KBLI: 64141];;;07/01/2025;UMKM;Dir Pajak;;;invalid;;;FALSE;FALSE;TRUE;;;invalid;;;;;;konsumen tirta kandilo;0;0;0;;;jl di panjaitan no 67 rt 005;;64;konsumen tirta kandilo jl di panjaitan no 67 rt 005 kbli64;1;0;1;0;Aktif;jl di panjaitan no 67 rt 005;5;0;;;TARIK 02 FEB - 12.00 WITA;6401040003_5_0;-1.87998;116.174431
2737;4404624;MITRA IDOLA;JL.D.I. PANJAITAN GG.IDOLA RT. 002, TAPIS;6401040009;64;1;40;9;KALIMANTAN TIMUR;PASER;TANAH GROGOT;JONE;eyJpdiI6ImxHdWp2YW82bXR2SklRTi9vMDE2ZEE9PSIsInZhbHVlIjoiZThGUTduN044RVNaUjFQbEppcVNqZz09IiwibWFjIjoiOTUxOWRlOWRjMzhiNWU3OTJhNzcyNTE1MGM1OWI0Y2RlMTY0NzlmNjdmMWJkMTQwNGU2YTIzMGE4ODliNGQzZCIsInRhZyI6IiJ9;;[Kegiatan Usaha: -, Kategori: F, KBLI: 41012];;;15/12/2025;UMKM;Dir Pajak;;;invalid;;;FALSE;FALSE;TRUE;;;invalid;;;;;;mitra idola;0;0;0;;;jl d i panjaitan gg idola rt 002 tapis;;41;mitra idola jl d i panjaitan gg idola rt 002 tapis kbli41;1;0;1;0;Aktif;JLDI PANJAITAN GGIDOLA RT 002 TAPIS;2;0;;;TARIK 02 FEB - 12.00 WITA;6401040009_2_0;-1.89666;116.199164
2738;4405664;NATARIS INDO ESTETIK;Jl. R.M. Noto Sunardi Rt. 007 Rw. 005;6401040004;64;1;40;4;KALIMANTAN TIMUR;PASER;TANAH GROGOT;TANAH GROGOT;eyJpdiI6IjR1WnBKaE8rSWY0NkVCeWdDZFBQa0E9PSIsInZhbHVlIjoibWxva3hvdDRHRXU4NVYxY0U0Rk1VQT09IiwibWFjIjoiYmQwNzRhMzBjOWRlZDRkNjA1NzMzNjQ4NmIxNjQ0YWQ5NjdhZTZiNzhjODk5YzdkMmM0NDk5YWMyM2EwZDZjMiIsInRhZyI6IiJ9;;"[Kegiatan Usaha: -, Kategori: S, KBLI: 96112]; [Kegiatan Usaha: PERAWATAN KECANTIKAN, Kategori: S, K...";;;24/11/2025;UMKM;Dir Pajak;;;invalid;;;FALSE;FALSE;TRUE;;;invalid;;;;;;nataris indo estetik;0;0;0;;;jl r m noto sunardi rt 007 rw 005;;96;nataris indo estetik jl r m noto sunardi rt 007 rw 005 kbli96;1;0;1;0;Aktif;Jl RM Noto Sunardi Rt 007 Rw 005;7;5;;;TARIK 02 FEB - 12.00 WITA;6401040004_7_5;-1.91446;116.191951
2746;4466485;SRIYA ENGINEERING;Jl. D.I Panjaitan Gg. Jahra Rt. 017 Rw. 004;6401040004;64;1;40;4;KALIMANTAN TIMUR;PASER;TANAH GROGOT;TANAH GROGOT;eyJpdiI6IkpKRFA5Ymp4SE5VRGhSY2lpQmprQWc9PSIsInZhbHVlIjoiL2U2cWpIM1RPU1VTVGhWU1BVVVNQQT09IiwibWFjIjoiZTZhZDdkOGYxNjQ4ZmE5NDI4Mzk0NGYxY2RiNGYxMGQ0ZWYyMDkzNzhlNDRiODU4NWVkN2IyNmIxNzBjYjRkOCIsInRhZyI6IiJ9;;[Kegiatan Usaha: -, Kategori: M, KBLI: 74120];;;07/01/2025;UMKM;Dir Pajak;;;invalid;;;FALSE;FALSE;TRUE;;;invalid;;;;;;sriya engineering;0;0;0;;;jl d i panjaitan gg jahra rt 017 rw 004;;74;sriya engineering jl d i panjaitan gg jahra rt 017 rw 004 kbli74;1;0;1;0;Aktif;Jl DI Panjaitan Gg Jahra Rt 017 Rw 004;17;4;;;TARIK 02 FEB - 12.00 WITA;6401040004_17_4;-1.8938;116.190345
2747;4467401;SYAKIRA JAYA GROUP;JL RM NOTO NOTO SUNARDI RT. 004 RW. 005;6401040004;64;1;40;4;KALIMANTAN TIMUR;PASER;TANAH GROGOT;TANAH GROGOT;eyJpdiI6Ikl2dVNRMU5Rdm1WR0xUVXNNcUZsSmc9PSIsInZhbHVlIjoiMjhDMUJ2a0MvZGlodWNXaEhEaUFkQT09IiwibWFjIjoiZGY0ZmY3YzJjZWNlNzI2M2I1YjgyYTAzNDI1NTY1MWQ2NjIyNjgxYjc2MzUzMDU5YzFlNjI5ZmZlMWIxYzc3NyIsInRhZyI6IiJ9;;[Kegiatan Usaha: -, Kategori: G, KBLI: 46100];;;15/12/2025;UMKM;Dir Pajak;;;invalid;;;FALSE;FALSE;TRUE;;;invalid;;;;;;syakira jaya group;0;0;0;;;jl rm noto noto sunardi rt 004 rw 005;;46;syakira jaya group jl rm noto noto sunardi rt 004 rw 005 kbli46;1;0;1;0;Aktif;JL RM NOTO NOTO SUNARDI RT 004 RW 005;4;5;;;TARIK 02 FEB - 12.00 WITA;6401040004_4_5;-1.91588;116.190193
2760;4486623;UTHA JAYA MANDIRI;JL PADAT KARYA GG. PADA ELOK RT.011 RW.005, TANAH GROGOT;6401040004;64;1;40;4;KALIMANTAN TIMUR;PASER;TANAH GROGOT;TANAH GROGOT;eyJpdiI6IlpXNE1uWlRxSUFFbXUrYnBaTVNROWc9PSIsInZhbHVlIjoiTkkwSUNtdUN6bnozY3NBTVNFYWxzZz09IiwibWFjIjoiNWI1NTc1Nzc1ZjA0MWJiZWI2NjEwZGMyZjhkMWRiZmU1NDFhZDk0YzNjMjAxMGM5OGJlZjE4YmU3YjNhNDVjMyIsInRhZyI6IiJ9;;[Kegiatan Usaha: -, Kategori: F, KBLI: 41012];;;15/12/2025;UMKM;Dir Pajak;;;invalid;;;FALSE;FALSE;TRUE;;;invalid;;;;;;utha jaya mandiri;0;0;0;;;jl padat karya gg pada elok rt 011 rw 005 tanah grogot;;41;utha jaya mandiri jl padat karya gg pada elok rt 011 rw 005 tanah grogot kbli41;1;0;1;0;Aktif;JL PADAT KARYA GG PADA ELOK RT011 RW005 TANAH GROGOT;11;5;;;TARIK 02 FEB - 12.00 WITA;6401040004_11_5;-1.91954;116.194281
2769;4496373;KARINDO MEGA SEJAHTERA;JALAN ANDE OKO;6401040004;64;1;40;4;KALIMANTAN TIMUR;PASER;TANAH GROGOT;TANAH GROGOT;eyJpdiI6IjZrQ1RhZVBNbTltVTV2ZVlDWVNUQXc9PSIsInZhbHVlIjoiVjJwRisvRWEzQThZZ2RmaHJJNWhyZz09IiwibWFjIjoiZjU5ODkxYWMyODM4ODFmNTU3MWRmNmI3NjE2ODk5ODdhNWIxYWY0YTFhMDhiY2FhMjAyMWEwNDQ2OWU5OTYzMiIsInRhZyI6IiJ9;;[Kegiatan Usaha: -, Kategori: H, KBLI: 53202];;;15/12/2025;UMKM;Dir Pajak;;;invalid;;;FALSE;FALSE;TRUE;;;invalid;;;;;;karindo mega sejahtera;0;0;0;;;jalan ande oko;;53;karindo mega sejahtera jalan ande oko kbli53;99;0;1;0;Tidak Ditemukan;JALAN ANDE OKO;0;0;;;TARIK 02 FEB - 12.00 WITA;6401040004_0_0;;
2770;4498998;PERISAI;JALAN SENAKEN GG ALAM PERMAI RT 011;6401040016;64;1;40;16;KALIMANTAN TIMUR;PASER;TANAH GROGOT;SENAKEN;eyJpdiI6ImF0QTZ2NTVnKzIzZmI4S2Urampadmc9PSIsInZhbHVlIjoiOFJUNFE4QVRQeUtmOGMvK1drYkszZz09IiwibWFjIjoiN2Q0YzJiNmU4ZGFiODc0M2QyYmRhNzNlOGE0ZmJiNTkzN2RiZWRjYzMwNTI4MzQ3OWRkZGY2N2U4MWQ5OTRkNyIsInRhZyI6IiJ9;;[Kegiatan Usaha: -, Kategori: F, KBLI: 42918];;;15/12/2025;UMKM;Dir Pajak;;;invalid;;;FALSE;FALSE;TRUE;;;invalid;;;;;;perisai;0;0;0;;;jalan senaken gg alam permai rt 011;;42;perisai jalan senaken gg alam permai rt 011 kbli42;1;0;1;0;Aktif;JALAN SENAKEN GG ALAM PERMAI RT 011;11;0;;;TARIK 02 FEB - 12.00 WITA;6401040016_11_0;-1.89636;116.208463
2772;4500832;MITRA BATUAH CONSULTANT;Jl. Kandilo Bahari Rt.01 Rw.01 Kelurahan Tanah Grogot Kecamatan Tanah Grogot Kabupaten Paser;6401040004;64;1;40;4;KALIMANTAN TIMUR;PASER;TANAH GROGOT;TANAH GROGOT;eyJpdiI6Img5OGdsQll0aXMzUkdYMExXTnhzOEE9PSIsInZhbHVlIjoiTm12SmR5OVJHQi84VkFZZUUxdTFlZz09IiwibWFjIjoiNDIwYzI1ZjFmNWRhNmQ0OTNkYTEzODAxZjI0Njc4Y2YyNjk3Mzc5ZDMxYzBhZmI1MTI0YTY3NTI1Y2FmMzZjYiIsInRhZyI6IiJ9;;"[Kegiatan Usaha: -, Kategori: M, KBLI: 71101]; [Kegiatan Usaha: Aktivitas Keinsinyuran dan Konsultas...";;;24/11/2025;UMKM;Dir Pajak;;;invalid;;;FALSE;FALSE;TRUE;;;invalid;;;;;;mitra batuah consultant;0;0;0;;;jl kandilo bahari rt 01 rw 01 kelurahan tanah grogot kecamatan tanah grogot kabupaten paser;;71;mitra batuah consultant jl kandilo bahari rt 01 rw 01 kelurahan tanah grogot kecamatan tanah grogot  kbli71;1;0;1;0;Aktif;Jl Kandilo Bahari Rt01 Rw01 Kelurahan Tanah Grogot Kecamatan Tanah Grogot ;1;1;;;TARIK 02 FEB - 12.00 WITA;6401040004_1_1;-1.92182;116.201222
2788;4532792;WARNA PASER VISION;JL. PANGLIMA SENTIK RT.009 RW.02, TANAH GROGOT;6401040004;64;1;40;4;KALIMANTAN TIMUR;PASER;TANAH GROGOT;TANAH GROGOT;eyJpdiI6IkcwZzNHQ25LTksxZldkYlpTaU0xVVE9PSIsInZhbHVlIjoieXFEUmZhMDZLRnZKZlZMenVjMDVGQT09IiwibWFjIjoiMGNmMDU4ODI0NjI0ZGQ2YWZjMDFkZWVlN2Q3ZDUxNGVkZjdiMzFkNzJkNDdiMDFhMTM2YmQ1ZDlhYzkxMDI4MCIsInRhZyI6IiJ9;;[Kegiatan Usaha: -, Kategori: J, KBLI: 60102];;;15/12/2025;UMKM;Dir Pajak;;;invalid;;;FALSE;FALSE;TRUE;;;invalid;;;;;;warna paser vision;0;0;0;;;jl panglima sentik rt 009 rw 02 tanah grogot;;60;warna paser vision jl panglima sentik rt 009 rw 02 tanah grogot kbli60;1;0;1;0;Aktif;JL PANGLIMA SENTIK RT009 RW02 TANAH GROGOT;9;2;;;TARIK 02 FEB - 12.00 WITA;6401040004_9_2;-1.91515;116.197381
2793;4426248;CAHAYA ABADI;JL. KAPT. P. TENDEAN RT.017 RW.004, TANAH GROGOT;6401040004;64;1;40;4;KALIMANTAN TIMUR;PASER;TANAH GROGOT;TANAH GROGOT;eyJpdiI6IlEva1VabkNsWENMaFFQWkJZbGRST0E9PSIsInZhbHVlIjoid3M2OFplOFRBM2g1ZWZhV1RxNVBIQT09IiwibWFjIjoiZjVmYTdlMjM2ODZlOTU2MmI5Zjg1YjkxYzg1Y2IyYjczOWQyMWI4OTRkMmQ1MzkyMjJhZDMwMzRiYzc1Yzk1ZCIsInRhZyI6IiJ9;;[Kegiatan Usaha: -, Kategori: G, KBLI: 46339];;;15/12/2025;UMKM;Dir Pajak;;;invalid;;;FALSE;FALSE;TRUE;;;invalid;;;;;;cahaya abadi;0;0;0;;;jl kapt p tendean rt 017 rw 004 tanah grogot;;46;cahaya abadi jl kapt p tendean rt 017 rw 004 tanah grogot kbli46;1;0;1;0;Aktif;JL KAPT P TENDEAN RT017 RW004 TANAH GROGOT;17;4;;;TARIK 02 FEB - 12.00 WITA;6401040004_17_4;-1.8938;116.190345
2796;4541752;KOPERASI JAYA LESTARI;JL. JEND.A.YANI RT.19 KUARO;6401050002;64;1;50;2;KALIMANTAN TIMUR;PASER;KUARO;KUARO;eyJpdiI6IkpMZytsYjBNZ2d5cVRuTDJ1MmF6WVE9PSIsInZhbHVlIjoiYUk0azlsMTljTXVWUUlCTUp6alphQT09IiwibWFjIjoiNjMyY2RlOThmZDdjMTQ0NDNmNGZhMzQyNzg4YWRhNTg1NTYyZTM2M2E5NTIwNDA3YzJlOTYxNjQyOGRiOTNjYiIsInRhZyI6IiJ9;;;;;10/01/2025;UMKM;Dir Pajak;;;invalid;;;FALSE;FALSE;TRUE;;;invalid;;;;-1.810496633;116.0847368;jaya lestari;0;0;0;;;jl jend a yani rt 19 kuaro;;0;jaya lestari jl jend a yani rt 19 kuaro kbli00;3;0;1;0;Tutup Sementara;JL JENDAYANI RT19 KUARO;19;0;;;TARIK 02 FEB - 12.00 WITA;6401050002_19_0;-1.80878;116.084589
2800;4545493;BANJAR RAYA MANDIRI;PERUMAHAN JONE INDAH JALAN DURIAN NO. 14;6401040009;64;1;40;9;KALIMANTAN TIMUR;PASER;TANAH GROGOT;JONE;eyJpdiI6IkVnRzBTeE80NWpJcFhuVWxVWDg2TUE9PSIsInZhbHVlIjoiNnZjeUZJdnZpeTJqamxBemVUSlBqdz09IiwibWFjIjoiMTBlZTAyNTNjMDVkMjI2NmIyYzZlOTQwM2MzNjQ0N2Q4ZjNhNzQxYjNlMTgwMjZiMGRlNDgwM2RjNzNhYmZhNCIsInRhZyI6IiJ9;;[Kegiatan Usaha: -, Kategori: H, KBLI: 50222];;;14/05/2025;UMKM;Dir Pajak;;;invalid;;;FALSE;FALSE;TRUE;;;invalid;;;;;;banjar raya mandiri;0;0;0;;;perumahan jone indah jalan durian no 14;;50;banjar raya mandiri perumahan jone indah jalan durian no 14 kbli50;3;0;1;0;Tutup;PERUMAHAN JONE INDAH JALAN DURIAN NO 14;0;0;1;;TARIK 02 FEB - 12.00 WITA;6401040009_0_0;;
2801;4545507;SEKAWAN PASER;JL. ULIN;6401040003;64;1;40;3;KALIMANTAN TIMUR;PASER;TANAH GROGOT;TEPIAN BATANG;eyJpdiI6Im45QnBBYVB2L2M3SXh6bUVSTGlQMWc9PSIsInZhbHVlIjoiVFdTNTM0bmVVZEJkLzZHVnRxNm15UT09IiwibWFjIjoiZGNkMzQ4MDM0OTQ5M2MyNTMxMWRhYmRhYTIzMzliMWIzNzllNWM0NGQxZGFhNDI2NTY3YmVkMmM2M2UwZTIwMSIsInRhZyI6IiJ9;;[Kegiatan Usaha: -, Kategori: H, KBLI: 49432];;;15/12/2025;UMKM;Dir Pajak;;;invalid;;;FALSE;FALSE;TRUE;;;invalid;;;;;;sekawan paser;0;0;0;;;jl ulin;;49;sekawan paser jl ulin kbli49;3;0;1;0;Tutup;JL ULIN;0;0;;;TARIK 02 FEB - 12.00 WITA;6401040003_0_0;;
2803;4560951;ZAIN PUTRA PERDANA;Jln. Ulin RT. 06;6401040003;64;1;40;3;KALIMANTAN TIMUR;PASER;TANAH GROGOT;TEPIAN BATANG;eyJpdiI6IjN6Rm9vVnV4Mzh3V1BabTNXUjRnanc9PSIsInZhbHVlIjoiMkh2b3E3Z2xmL0w1MDl6azQ2QTJFdz09IiwibWFjIjoiYzNiYTBiZTQ5YmFkOGNiMjMyNDRhOTU0ZDlmY2RjZWFjZTBlYzk0MGNmZTk2MTU3NGQ5YTYwYzM5MDI5MWIyNCIsInRhZyI6IiJ9;;"[Kegiatan Usaha: -, Kategori: G, KBLI: 46100]; [Kegiatan Usaha: Konstruksi Gedung Pendidikan, Katego...";;;24/11/2025;UMKM;Dir Pajak;;;invalid;;;FALSE;FALSE;TRUE;;;invalid;;;;;;zain putra perdana;0;0;0;;;jln ulin rt 06;;46;zain putra perdana jln ulin rt 06 kbli46;1;0;1;0;Aktif;Jln Ulin RT 06;6;0;;;TARIK 02 FEB - 12.00 WITA;6401040003_6_0;-1.88713;116.166361
2819;4552187;PASER TEKHNIK;JL KH AGUS SALIM RT.004 RW.002, TANAH GROGOT;6401040004;64;1;40;4;KALIMANTAN TIMUR;PASER;TANAH GROGOT;TANAH GROGOT;eyJpdiI6ImhZNkh0eFRMTTFwb0FyZUJYMks0TGc9PSIsInZhbHVlIjoicEVKVFRjU1dqTFFGVmtwMjF6RVRCZz09IiwibWFjIjoiNTU5OTk1YjY3ODIxNTNiNjA0Yzk4ZjM5YWZmY2RlNjc0NmI4MjQ5ODc1YzJlNjNkMjY3YjQ4YWU2Zjg1NDhmNCIsInRhZyI6IiJ9;;[Kegiatan Usaha: -, Kategori: F, KBLI: 41012];;;15/12/2025;UMKM;Dir Pajak;;;invalid;;;FALSE;FALSE;TRUE;;;invalid;;;;;;paser tekhnik;0;0;0;;;jl kh agus salim rt 004 rw 002 tanah grogot;;41;paser tekhnik jl kh agus salim rt 004 rw 002 tanah grogot kbli41;1;0;1;0;Aktif;JL KH AGUS SALIM RT004 RW002 TANAH GROGOT;4;2;;;TARIK 02 FEB - 12.00 WITA;6401040004_4_2;-1.91883;116.196349
2824;4591948;JINAMIS MOTOR;JL. ANDEN OKO NO NO.60 RT.007 RW.004, TANAH GROGOT;6401040004;64;1;40;4;KALIMANTAN TIMUR;PASER;TANAH GROGOT;TANAH GROGOT;eyJpdiI6InZmdjA3QmxoTWkxdXIxSzRxTWN6Z0E9PSIsInZhbHVlIjoiSy96a0RSNWZ3anVZeTFOdG9Lb0dZZz09IiwibWFjIjoiYzJjOTAwZTVmYmMxYzZiNDUxNmIyMGIwZWQxNTI4YTE4M2RkYTU5NTRhMGE5YjQ1NWI4YTRkMDZhMTFmNTQxMCIsInRhZyI6IiJ9;;[Kegiatan Usaha: -, Kategori: G, KBLI: 45201];;;15/12/2025;UMKM;Dir Pajak;;;invalid;;;FALSE;FALSE;TRUE;;;invalid;;;;;;jinamis motor;0;0;0;;;jl anden oko no no 60 rt 007 rw 004 tanah grogot;;45;jinamis motor jl anden oko no no 60 rt 007 rw 004 tanah grogot kbli45;1;0;1;0;Aktif;JL ANDEN OKO NO NO60 RT007 RW004 TANAH GROGOT;7;4;;;TARIK 02 FEB - 12.00 WITA;6401040004_7_4;-1.90348;116.197044
2825;4592122;SYAFIQ ABADI;JL UNTUNG SUROPATI PR BTN JONE RT.012, JONE;6401040009;64;1;40;9;KALIMANTAN TIMUR;PASER;TANAH GROGOT;JONE;eyJpdiI6IkU1M1RlOFFoOHp6TVJuZ0dWc3M5bHc9PSIsInZhbHVlIjoic0FnNjVON2ExUkRGVVI5SmJETEVJZz09IiwibWFjIjoiNjU1ZWExOGI1MDM1ZjQ0NDU2MzExN2I3YzI5NmU5MjExMGY3YWJmNDQ2ZjAyZjkzYzUzNWYyOTVkZmIzM2MzNiIsInRhZyI6IiJ9;;[Kegiatan Usaha: -, Kategori: I, KBLI: 56102];;;15/12/2025;UMKM;Dir Pajak;;;invalid;;;FALSE;FALSE;TRUE;;;invalid;;;;;;syafiq abadi;0;0;0;;;jl untung suropati pr btn jone rt 012 jone;;56;syafiq abadi jl untung suropati pr btn jone rt 012 jone kbli56;1;0;1;0;Aktif;JL UNTUNG SUROPATI PR BTN JONE RT012 JONE;12;0;;;TARIK 02 FEB - 12.00 WITA;6401040009_12_0;-1.89214;116.206914
2966;5373341;WARUNG SEMBAKO <MASTANIAH>;JL SULTAN HASANUDIN NO. 53 Rt 001 Rw 02;6401040004;64;1;40;4;KALIMANTAN TIMUR;PASER;TANAH GROGOT;TANAH GROGOT;eyJpdiI6InNsZjZCV08xVnc2S1dpZXVYL3M2bFE9PSIsInZhbHVlIjoiRTNkeCtFZ28vYysrTVZpcm5sN2N2Zz09IiwibWFjIjoiYzg3ZjFkMjU4ZWU1YThjN2VhZTE5OTMxMjdjYWMxMDUzZWExOWYxOGFjZDg3MzRmZjRkMDcxODcxMGU0ZTJmMyIsInRhZyI6IiJ9;;[Kegiatan Usaha: MENJUAL BARANG SEMBAKO, Kategori: G, KBLI: 47112];;;26/10/2025;UMKM;;;;invalid;;;FALSE;FALSE;TRUE;;;invalid;;;;;;sembako mastaniah;0;0;0;;;jl sultan hasanudin no 53 rt 001 rw 02;;47;sembako mastaniah jl sultan hasanudin no 53 rt 001 rw 02 kbli47;1;0;1;1;Aktif;JL SULTAN HASANUDIN NO 53 Rt 001 Rw 02;1;2;;;TARIK 02 FEB - 12.00 WITA;6401040004_1_2;-1.91744;116.196977
3024;5373399;WARUNG <JAMALIAH>;JL GAJAH MADA GG TERATAI RT 7 RW 3;6401040004;64;1;40;4;KALIMANTAN TIMUR;PASER;TANAH GROGOT;TANAH GROGOT;eyJpdiI6IjVNYk9GRVd6KzFHNGt6OG9qc1A2aWc9PSIsInZhbHVlIjoiTnVRbVpNN3lTODYrNjgySVRjOXp0Zz09IiwibWFjIjoiYWEyNTZhZGIyNTRhNjZmYTFhYTI0YmNjMjA4NTI2NmFlNGQyYjZmMWNmYTQ5MTliNTBmNGYwNTJiMDNlOTQzYyIsInRhZyI6IiJ9;;[Kegiatan Usaha: WARUNG MAKANAN RINGAN, Kategori: G, KBLI: 47112];;;15/12/2025;UMKM;;;;invalid;;;FALSE;FALSE;TRUE;;;invalid;;;;;;jamaliah;0;0;0;;;jl gajah mada gg teratai rt 7 rw 3;;47;jamaliah jl gajah mada gg teratai rt 7 rw 3 kbli47;1;0;1;1;Aktif;JL GAJAH MADA GG TERATAI RT 7 RW 3;7;3;;;TARIK 02 FEB - 12.00 WITA;6401040004_7_3;-1.90916;116.188706
3158;4902821;DEPO AIR RIZKY JAYA;JALAN JENDRAL SUDIRMAN;6401050002;64;1;50;2;KALIMANTAN TIMUR;PASER;KUARO;KUARO;eyJpdiI6IkdESEJURWJWUHg5K1ZMRnBINGtvMEE9PSIsInZhbHVlIjoiUmRVdzh2c0lYaTVST0dRaU4wcmFnZz09IiwibWFjIjoiMjg0MWI2NTc5NGEzMDQxNmNlMmQ1MzBhNDc5NjQ4ZWU3MjhmNWJjYTg3ZTc4NDc1MDU4YzBlMTNlMGEwOTZkNCIsInRhZyI6IiJ9;;[Kegiatan Usaha: USAHA AIR ISI ULANG, Kategori: C, KBLI: 11052];;;26/10/2025;UMKM;;;;invalid;;;FALSE;FALSE;TRUE;;;invalid;;;;;;depo air rizky jaya;0;0;0;;;jalan jendral sudirman;;11;depo air rizky jaya jalan jendral sudirman kbli11;3;0;1;0;Tutup;JALAN JENDRAL SUDIRMAN;0;0;;;TARIK 02 FEB - 12.00 WITA;6401050002_0_0;;
3190;4955824;PENGUMPUL BARANG BEKAS <JATMIKO>;JL Untung siropati RT.007;6401040009;64;1;40;9;KALIMANTAN TIMUR;PASER;TANAH GROGOT;JONE;eyJpdiI6Im1hV2NKKy9Kb0hQYndVa2FML256L3c9PSIsInZhbHVlIjoibWVPNGNQS3MrMHpOMlV3djlGMUhlUT09IiwibWFjIjoiM2YxN2QxODUyMDc0NjkyZmEwNGU5YjFlYzZhMzM3NThhMmU0YjVmZjVhOGFlYTMwMWNkNTk4ZjQzZmFjZWM5NyIsInRhZyI6IiJ9;;[Kegiatan Usaha: jual beli barang bekas, Kategori: E, KBLI: 38110];;;01/11/2025;UMKM;;;;invalid;;;FALSE;FALSE;TRUE;;;invalid;;;;;;pengumpul barang bekas jatmiko;0;0;0;;;jl untung siropati rt 007;;38;pengumpul barang bekas jatmiko jl untung siropati rt 007 kbli38;1;0;1;1;Aktif;JL Untung siropati RT007;7;0;;;TARIK 02 FEB - 12.00 WITA;6401040009_7_0;-1.88202;116.223205
3350;5378912;KIOS SEMBAKO <UJANG>;PASAR KUARO;6401050002;64;1;50;2;KALIMANTAN TIMUR;PASER;KUARO;KUARO;eyJpdiI6Inc5cnBFYmx5cGo3a1k3YkVxN2Y4SkE9PSIsInZhbHVlIjoiMWVZNnpCVzRVNVRGZitzYjF5UlBZQT09IiwibWFjIjoiMjAyZGEzZDhjNDI3NzU2ZjQ4NGYwMWYxOGE0ZmQxYjMyNDFkZjlkNWZmNTZhNTQ2ZWI4YzRhMmVjNWM3Y2YwNCIsInRhZyI6IiJ9;;[Kegiatan Usaha: MENJUAL SEMBAKO, Kategori: G, KBLI: 47112];;;26/10/2025;UMKM;;;;invalid;;;FALSE;FALSE;TRUE;;;invalid;;;;;;kios sembako ujang;0;0;0;;;pasar kuaro;;47;kios sembako ujang pasar kuaro kbli47;3;0;1;1;Tutup;PASAR KUARO;0;0;;1;TARIK 02 FEB - 12.00 WITA;6401050002_0_0;;
3370;5506457;ANGKUTAN MATERIAL;DESA TEPIAN BATANG;6401040003;64;1;40;3;KALIMANTAN TIMUR;PASER;TANAH GROGOT;TEPIAN BATANG;eyJpdiI6IlZPVWFQWG5KNmJVaXpTUEJYbkFIdUE9PSIsInZhbHVlIjoiSDI2d3JhN3ZicmFhK2FDaFhIRDZHdz09IiwibWFjIjoiZDJmYjkzZDEyOGVjNTlmNjZkZTgyNzAwMDE5NTNiNWEzNGRjODkzZmIxMDQ2ODE0NjkwNGMyMzVkZWFlYzdkNiIsInRhZyI6IiJ9;;[Kegiatan Usaha: JASA ANGKUTAN MATERIAL, Kategori: H, KBLI: 49431];;;15/12/2025;UMKM;;;;invalid;;;FALSE;FALSE;TRUE;;;invalid;;;;;;angkutan material;0;0;0;;;desa tepian batang;;49;angkutan material desa tepian batang kbli49;99;0;1;0;Tidak Ditemukan;DESA TEPIAN BATANG;0;0;;;TARIK 02 FEB - 12.00 WITA;6401040003_0_0;;
3507;5714642;BAKSO <TOSIYAH>;JL R SUPRAPTO RT 6 RW 4;6401040004;64;1;40;4;KALIMANTAN TIMUR;PASER;TANAH GROGOT;TANAH GROGOT;eyJpdiI6IktqNTNUQ2VISGZxaUdhREtka01zQ1E9PSIsInZhbHVlIjoiNXAxTW1lTFE5NmVCZEtEek9wM2FTZz09IiwibWFjIjoiY2U5MTE0Yjc4Yjc0MzhiNjkzYjdjMjliMmE5MGJhZGUwOTYxOGE3YzZiZjllMTQwZTc3NDRmZjhlMjYwOWQ0YiIsInRhZyI6IiJ9;;[Kegiatan Usaha: MENJUAL BAKSO KELILING, Kategori: I, KBLI: 56104];;;15/12/2025;UMKM;;;;invalid;;;FALSE;FALSE;TRUE;;;invalid;;;;;;bakso tosiyah;0;0;0;;;jl r suprapto rt 6 rw 4;;56;bakso tosiyah jl r suprapto rt 6 rw 4 kbli56;1;0;1;1;Aktif;JL R SUPRAPTO RT 6 RW 4;6;4;;;TARIK 02 FEB - 12.00 WITA;6401040004_6_4;-1.90257;116.193782
3512;5714647;WARUNG MAKAN RONGGOLAWE;JALAN KS.TUBUN;6401040004;64;1;40;4;KALIMANTAN TIMUR;PASER;TANAH GROGOT;TANAH GROGOT;eyJpdiI6IlN2U2Mwd0Y0ckZwQTRQaWoxVWpRL3c9PSIsInZhbHVlIjoiMkdZd2FCQlhrWVV0bkVMSStjeXIydz09IiwibWFjIjoiYzk0M2E3ZDU2NWM3MDdjZWM4YzBlN2IzODQ5MWRiN2RkODYyNjdlNWVlYmZlMDcxMDhjMTY4N2QzMTBiN2NmZCIsInRhZyI6IiJ9;;[Kegiatan Usaha: MENYEDIAKAN MAKANAN DAN MINUMAN, Kategori: I, KBLI: 56102];;;05/06/2025;UMKM;;;;invalid;;;FALSE;FALSE;TRUE;;;invalid;;;;;;makan ronggolawe;0;0;0;;;jalan ks tubun;;56;makan ronggolawe jalan ks tubun kbli56;3;0;1;0;Tutup;JALAN KSTUBUN;0;0;;;TARIK 02 FEB - 12.00 WITA;6401040004_0_0;;
3551;5717415;MENJUAL PENTOL LA <SUWADI>;JL KANDILO BAHARI GG REFORMASI 5 RT/RW 001/001;6401040004;64;1;40;4;KALIMANTAN TIMUR;PASER;TANAH GROGOT;TANAH GROGOT;eyJpdiI6IkVmL1BuSklaYUpEUFRUeGMwRFdhZmc9PSIsInZhbHVlIjoibUJ0RUhzQ3RtWkxSbDAxR3dFcml2UT09IiwibWFjIjoiNDkwMzI5ZDMzZWU2NWU3MWVkYzdmNmNmYzMxY2MwMWU1ZmZkYjE3MmQ2YzQ0MmFhNTAzYTViMjBmZTliNjY0NSIsInRhZyI6IiJ9;;[Kegiatan Usaha: MENJUAL PENTOL KELILING, Kategori: I, KBLI: 56104];;;01/11/2025;UMKM;;;;invalid;;;FALSE;FALSE;TRUE;;;invalid;;;;;;menjual pentol la suwadi;0;0;0;;;jl kandilo bahari gg reformasi 5 rt rw 001 001;;56;menjual pentol la suwadi jl kandilo bahari gg reformasi 5 rt rw 001 001 kbli56;1;0;1;1;Aktif;JL KANDILO BAHARI GG REFORMASI 5 RTRW 001001;1;1;;;TARIK 02 FEB - 12.00 WITA;6401040004_1_1;-1.92182;116.201222
3672;5717426;SEWAAN KAMAR<M YASIN>;JALAN AHMAD DAHLAN;6401040004;64;1;40;4;KALIMANTAN TIMUR;PASER;TANAH GROGOT;TANAH GROGOT;eyJpdiI6IlQ4MXRITHpORnZvRGNQUEMxcTlxMHc9PSIsInZhbHVlIjoia3hTY0pETE83OEJHbWNZd0U4N0tOQT09IiwibWFjIjoiZGY3MDVhOTNjMWMxMDRhYWRkMjIwNTc3MjZmODFmNGExMGE0YTEyMzAyMmFhNDdhNDRiNDJmZWJkNTFkMGRjNyIsInRhZyI6IiJ9;;[Kegiatan Usaha: MENYEWAKAN KAMAR, Kategori: I, KBLI: 55900];;;26/06/2025;UMKM;;;;invalid;;;FALSE;FALSE;TRUE;;;invalid;;;;;;sewaan kamar m yasin;0;0;0;;;jalan ahmad dahlan;;55;sewaan kamar m yasin jalan ahmad dahlan kbli55;3;0;1;1;Tutup;JALAN AHMAD DAHLAN;0;0;;;TARIK 02 FEB - 12.00 WITA;6401040004_0_0;;
3674;5717428;WARUNG MAKANAN MINUMAN <BERIN>;JALAN SULTAN IBRAHIM KHALILUDIN GANG BHINEKA;6401040004;64;1;40;4;KALIMANTAN TIMUR;PASER;TANAH GROGOT;TANAH GROGOT;eyJpdiI6IkxvRzZMaWpWYnRTY1h3REdHYkE5Umc9PSIsInZhbHVlIjoiZzBHeHBudktwVkR5U1RYVDRZZGlZUT09IiwibWFjIjoiNTE3MTYzZjIyZDY0NmNlNDU5N2M4OWIwMTQ4OWY4YjFlMjg3MzI1OTA1YWRmY2ZjNzMxYTEwYWM5YmE5NDViZCIsInRhZyI6IiJ9;;[Kegiatan Usaha: JUAL MAKANAN DAN MINUMAN, Kategori: I, KBLI: 56102];;;16/07/2025;UMKM;;;;invalid;;;FALSE;FALSE;TRUE;;;invalid;;;;;;makanan minuman berin;0;0;0;;;jalan sultan ibrahim khaliludin gang bhineka;;56;makanan minuman berin jalan sultan ibrahim khaliludin gang bhineka kbli56;3;0;1;1;Tutup;JALAN SULTAN IBRAHIM KHALILUDIN GANG BHINEKA;0;0;;;TARIK 02 FEB - 12.00 WITA;6401040004_0_0;;
3679;5775617;HABSHY CELL <MUHAMMAD RUDI>;PASAR KUARO;6401050002;64;1;50;2;KALIMANTAN TIMUR;PASER;KUARO;KUARO;eyJpdiI6Im9mTUtIQ0hmRzNaV1NvTE1UZWV5Q3c9PSIsInZhbHVlIjoiT3orV3djSERpQm9UenhkUEh3SEdZZz09IiwibWFjIjoiYjEyYmEwNmUwN2Q0OTU1OGU1YjA0ZTRiNDFmYTQzZmE4NmJkMTFkMThjNmU5Mzg5NzAzM2M3MWZmYjNmMWM5YSIsInRhZyI6IiJ9;;[Kegiatan Usaha: MENJUAL PULSA, Kategori: J, KBLI: 61992];;;26/10/2025;UMKM;;;;invalid;;;FALSE;FALSE;TRUE;;;invalid;;;;;;habshy cell muhammad rudi;0;0;0;;;pasar kuaro;;61;habshy cell muhammad rudi pasar kuaro kbli61;3;0;1;1;Tutup;PASAR KUARO;0;0;;1;TARIK 02 FEB - 12.00 WITA;6401050002_0_0;;
3699;5851026;MULYA TENDA;JALAN AHMAD DAHLAN GANG MULYA;6401040004;64;1;40;4;KALIMANTAN TIMUR;PASER;TANAH GROGOT;TANAH GROGOT;eyJpdiI6ImRTYkNzWFpoRFVaNyt1ZDNjZzJzL3c9PSIsInZhbHVlIjoiL0R6MDJtZ0FtSy9vNmFjOUtCMTgzdz09IiwibWFjIjoiOTliNjIzZTBlZjg2ODRkODI2NjdjNDI4MjA0YWMxNWRhNTY2MDcwMTNkZjdkNzFiZjU0YjY1MDA3ODcwMjEzNSIsInRhZyI6IiJ9;;[Kegiatan Usaha: PENYEWAAN TENDA, Kategori: N, KBLI: 77291];;;05/02/2025;UMKM;;;;invalid;;;FALSE;FALSE;TRUE;;;invalid;;;;;;mulya tenda;0;0;0;;;jalan ahmad dahlan gang mulya;;77;mulya tenda jalan ahmad dahlan gang mulya kbli77;3;0;1;0;Tutup;JALAN AHMAD DAHLAN GANG MULYA;0;0;;;TARIK 02 FEB - 12.00 WITA;6401040004_0_0;;
3734;5889577;FITNES KIDECO <HERU>;BATU KAJANG;6401010011;64;1;10;11;KALIMANTAN TIMUR;PASER;BATU SOPANG;BATU KAJANG;eyJpdiI6IitSaEoyeEMyUWhQK21IUEVFeHNuNXc9PSIsInZhbHVlIjoieWhCbWh5a0lFMkxiUUdPZ0w1elBvZz09IiwibWFjIjoiZWUyMTIwMDE1YmQyZmU5MjcwNzlhYjRiOTdhYWFkNjFkODMzNzgwOTk5OGVmNDllZmQ1NGU5NDdlMmRlN2ZkNSIsInRhZyI6IiJ9;;[Kegiatan Usaha: FITNES KIDECO, Kategori: R, KBLI: 93114];;;24/11/2025;UMKM;;;;invalid;;;FALSE;FALSE;TRUE;;;invalid;;;;;;fitnes kideco heru;0;0;0;;;batu kajang;;93;fitnes kideco heru batu kajang kbli93;3;0;1;1;Tutup;BATU KAJANG;0;0;;;TARIK 02 FEB - 12.00 WITA;6401010011_0_0;;
3738;5889584;RENTAL PS <SHENY>;JALAN RM NOTO SUNARDI GANG NUSANTARA;6401040004;64;1;40;4;KALIMANTAN TIMUR;PASER;TANAH GROGOT;TANAH GROGOT;eyJpdiI6Im00QXF1ZnlHUjZHUUtvMzhTNmdVa1E9PSIsInZhbHVlIjoidXI1WGdXMGtPcVZYK0pZNVdMV3Fadz09IiwibWFjIjoiNmNkN2IxYTg3ZTRmNTY0NTY3ZDAzMzY3NTcyOTg1MzNkZGVjMzkzZGNlNGI1ZTFiNzAzMGE2YWYxMThjNTk2ZiIsInRhZyI6IiJ9;;[Kegiatan Usaha: MERENTALKAN PS, Kategori: R, KBLI: 93293];;;30/06/2025;UMKM;;;;invalid;;;FALSE;FALSE;TRUE;;;invalid;;;;;;rental ps sheny;0;0;0;;;jalan rm noto sunardi gang nusantara;;93;rental ps sheny jalan rm noto sunardi gang nusantara kbli93;3;0;1;1;Tutup;JALAN RM NOTO SUNARDI GANG NUSANTARA;0;0;;;TARIK 02 FEB - 12.00 WITA;6401040004_0_0;;
3761;5955910;TUKANG PIJAT <MEGA>;JL LETJEND SUPRAPTO;6401050002;64;1;50;2;KALIMANTAN TIMUR;PASER;KUARO;KUARO;eyJpdiI6InNTZ1ZEYjFNcFFKUS9rTFdFdlRIakE9PSIsInZhbHVlIjoiYUQvS2toZjBoai9lL0gzZWlFTVIrQT09IiwibWFjIjoiNjI2ZTY3NWVkNzljYTg4NTBmN2MxOWY0NDU0MGQzYjBkNWNkOTJmZDVkNmI4NWQyOGM3NTM5NmNhYjFiZGQzMiIsInRhZyI6IiJ9;;[Kegiatan Usaha: TUKANG PIJAT, Kategori: S, KBLI: 96990];;;26/10/2025;UMKM;;;;invalid;;;FALSE;FALSE;TRUE;;;invalid;;;;;;tukang pijat mega;0;0;0;;;jl letjend suprapto;;96;tukang pijat mega jl letjend suprapto kbli96;3;0;1;1;Tutup;JL LETJEND SUPRAPTO;0;0;;;TARIK 02 FEB - 12.00 WITA;6401050002_0_0;;
3764;5955941;SALON CUKUR <NURDIN>;PASAR KUARO;6401050002;64;1;50;2;KALIMANTAN TIMUR;PASER;KUARO;KUARO;eyJpdiI6IlNnSW5JK0pSQktWMWc1TzU0R0tKMVE9PSIsInZhbHVlIjoiT1hscklwN0NteW5ZZjY5NmJIV2dCdz09IiwibWFjIjoiMDc3MjY1YjFlOGEyNzg3NmZmNTY1NTIwOWZiMTliMDA4NDdjNzZiNTQxNjkwMGQ2ZGQyZDgwMWNjZjg4NTlhOCIsInRhZyI6IiJ9;;[Kegiatan Usaha: ALON CUKUR, Kategori: S, KBLI: 96111];;;26/10/2025;UMKM;;;;invalid;;;FALSE;FALSE;TRUE;;;invalid;;;;;;salon cukur nurdin;0;0;0;;;pasar kuaro;;96;salon cukur nurdin pasar kuaro kbli96;3;0;1;1;Tutup;PASAR KUARO;0;0;;1;TARIK 02 FEB - 12.00 WITA;6401050002_0_0;;
3804;5976518;EPIC MINERAL SEJAHTERA;DESA SENAKEN RT 13 KEC. TANAH GROGOT;6401040016;64;1;40;16;KALIMANTAN TIMUR;PASER;TANAH GROGOT;SENAKEN;eyJpdiI6IlJrL3AwSVlGL2VIT0Z6WVlReENYQ2c9PSIsInZhbHVlIjoia2FMNlNRdWlBaFJQenBMVTVOdFgzdz09IiwibWFjIjoiYjVmZjhmNzk4MzFjNThmYzZjNTU3ZjU1YjZkMTFkYjdjMGZkYTVjZmUyNDAxMzhhMGI5YzA0ZGM3YTA3Nzg4NCIsInRhZyI6IiJ9;;[Kegiatan Usaha: -, Kategori: -, KBLI: -];;;15/12/2025;UMKM;;;;invalid;;;FALSE;FALSE;TRUE;;;invalid;;;;;;epic mineral sejahtera;0;0;0;;;desa senaken rt 13 kec tanah grogot;;0;epic mineral sejahtera desa senaken rt 13 kec tanah grogot kbli00;1;0;1;0;Aktif;DESA SENAKEN RT 13 KEC TANAH GROGOT;13;0;;;TARIK 02 FEB - 12.00 WITA;6401040016_13_0;-1.89729;116.213079
3806;5976680;koperasi KARYA JAYA;JL. JEND SUDIRMAN NO. 15 KUARO, KAB. PASER;6401;64;1;;;KALIMANTAN TIMUR;PASER;;;eyJpdiI6InAvUUJVY2IyWkNndllXV2lLQUNhQkE9PSIsInZhbHVlIjoiVHg4QUZWQUdMZTd1VTE1NGRXWU1Ndz09IiwibWFjIjoiMmZjMDYyMmM2ZWM1NmVhNGI5M2I4MmY1NzY2MWU1OThmMDVlYjQ5MWQxMGY3ODI4ODVkMDRkNTJmMTJkODlhYyIsInRhZyI6IiJ9;;[Kegiatan Usaha: -, Kategori: -, KBLI: -];;;10/01/2025;UMKM;;;;invalid;;;FALSE;FALSE;TRUE;;;invalid;;;;;;karya jaya;0;0;0;;;jl jend sudirman no 15 kuaro kab paser;;0;karya jaya jl jend sudirman no 15 kuaro kab paser kbli00;3;0;1;0;Tutup Sementara;JL JEND SUDIRMAN NO 15 KUARO KAB PASER;0;0;;;TARIK 02 FEB - 12.00 WITA;6401_0_0;;
3810;6054323;BORNEO ELEKTRO;JL JENDERAL AHMAD YANI, RT 16 RW 06, TANAH GROGOT;6401040004;64;1;40;4;KALIMANTAN TIMUR;PASER;TANAH GROGOT;TANAH GROGOT;eyJpdiI6ImpKWjRLQnIrcUlEczB6OG4xOG5ZNUE9PSIsInZhbHVlIjoiOFpKYWhaVEkzMHFsN0U4ZFJmTDBkQT09IiwibWFjIjoiNGM4ZTFhY2RmYjIxYjJiMGNiYmMyMWI3Njg0MjE5YzBlMGZhMjhjM2FiZTRhZTBjZWFkNjZmNGY1MWVlY2Q0YiIsInRhZyI6IiJ9;;[Kegiatan Usaha: Reparasi Komputer/Alat Elektronik/Furnitur, Kategori: -, KBLI: -];;;15/12/2025;UMKM;;;;invalid;;;FALSE;FALSE;TRUE;;;invalid;;;;;;borneo elektro;0;0;0;;;jl jenderal ahmad yani rt 16 rw 06 tanah grogot;;0;borneo elektro jl jenderal ahmad yani rt 16 rw 06 tanah grogot kbli00;99;0;1;0;Tidak Ditemukan;JL JENDERAL AHMAD YANI RT 16 RW 06 TANAH GROGOT;16;6;;;TARIK 02 FEB - 12.00 WITA;6401040004_16_6;-1.90448;116.200946
3813;6058100;WARUNG BAKSO BAMBANG;Desa Batu Kajang, Kecamatan Batu Sopang, Kabupaten Paser;6401010011;64;1;10;11;KALIMANTAN TIMUR;PASER;BATU SOPANG;BATU KAJANG;eyJpdiI6Im9ITDZiR3ZocmVQZTZCUitSY1ZHa3c9PSIsInZhbHVlIjoicUt3UUF3L21UODBXWjZnNHJVajJvUT09IiwibWFjIjoiMzJlNTRhMzBkZDFlMjU1YmVjMTA2MmYzZDcxODc5YTdiMGVhMGY2Zjg5ZWM3YjliZDUyNWU2NjEzYzNkZTM2ZCIsInRhZyI6IiJ9;;[Kegiatan Usaha: -, Kategori: I, KBLI: 55900];;;21/12/2025;UMKM;;-1.8305155;115.9307671;valid;;;FALSE;FALSE;TRUE;;;invalid;;;;;;bakso bambang;0;0;0;;;desa batu kajang kecamatan batu sopang kabupaten paser;;55;bakso bambang desa batu kajang kecamatan batu sopang  kbli55;99;0;1;0;Tidak Ditemukan;Desa Batu Kajang Kecamatan Batu Sopang ;0;0;;;TARIK 02 FEB - 12.00 WITA;6401010011_0_0;;
3821;6075497;INDUSTRI TEMPE DWI;SENAKEN;6401040004;64;1;40;4;KALIMANTAN TIMUR;PASER;TANAH GROGOT;TANAH GROGOT;eyJpdiI6IjhZbm0rZWFOdG8xcy8xd0VQWEcyOEE9PSIsInZhbHVlIjoiOFZ5QjdEUk9kMEZEbUJvQTNNVm5Tdz09IiwibWFjIjoiN2U4ZDc3ZDNkMWFhMjJhMWIzOTI1NDAzNmMwNDlhNDNmOTVmYTZhNDg2ZGZhN2U0NDkxMmY5ZDRmZTk0NGIwYyIsInRhZyI6IiJ9;;[Kegiatan Usaha: INDUSTRI TEMPE, Kategori: C, KBLI: -];;;15/12/2025;UMKM;;;;invalid;;;FALSE;FALSE;TRUE;;;invalid;;;;;;industri tempe dwi;0;0;0;;;senaken;;0;industri tempe dwi senaken kbli00;99;0;1;0;Tidak Ditemukan;SENAKEN;0;0;;;TARIK 02 FEB - 12.00 WITA;6401040004_0_0;;
3822;6077608;JOYMAR EXPRES;RT 22 BATU KAJANG;6401;64;1;;;KALIMANTAN TIMUR;PASER;;;eyJpdiI6IlZLS21jdVU0QXMzSXMrNnhpTlVpdHc9PSIsInZhbHVlIjoiSzd0ekxjKzlGN3RaZG41MW5NNjcyQT09IiwibWFjIjoiMmI5ZmQzMGYwNjEyOTRhYzMxMzljYzgyYjY1OTI3ZWMwMDI0NmMzOWM3OTdmMTRhMWM5ZjEzYWY0NjQyYzQwMSIsInRhZyI6IiJ9;;[Kegiatan Usaha: JASA TRAVEL DAN RENTAL MOBIL, Kategori: H, KBLI: -];;;15/04/2025;UMKM;;;;invalid;;;FALSE;FALSE;TRUE;;;invalid;;;;-1.8221862;115.9199774;joymar expres;0;0;0;;;rt 22 batu kajang;;0;joymar expres rt 22 batu kajang kbli00;3;0;1;0;Tutup;RT 22 BATU KAJANG;22;0;;;TARIK 02 FEB - 12.00 WITA;6401_22_0;;
3827;6085837;TRAVEL JOYMAR;JL. NEGARA RT 022;6401010011;64;1;10;11;KALIMANTAN TIMUR;PASER;BATU SOPANG;BATU KAJANG;eyJpdiI6Ikx3U2lETVYyeWJSS0tMbEFSSlhxSFE9PSIsInZhbHVlIjoiU3A0NzZmNFZzUlY4MmR3K29ScFFLZz09IiwibWFjIjoiMTdmOGZjNTk2NjlkZDVhNDdhYWY1NzU1MGE5ZjEyYzk3YzUwMjA0MWZlMjAyMDZlMGY4NmE4NjYxNTIyZWJlMyIsInRhZyI6IiJ9;;[Kegiatan Usaha: TRAVEL DAN RENTAL MOBIL, Kategori: H, KBLI: 49411];;;24/11/2025;UMKM;;;;invalid;;;FALSE;FALSE;TRUE;;;invalid;;;;-1.822331667;115.9199167;travel joymar;0;0;0;;;jl negara rt 022;;49;travel joymar jl negara rt 022 kbli49;3;0;1;0;Tutup;JL NEGARA RT 022;22;0;;;TARIK 02 FEB - 12.00 WITA;6401010011_22_0;-1.82575;115.918177
3832;6085849;KONTRAKAN ANDI ANISA;JL. COKRO AMINOTO;6401040004;64;1;40;4;KALIMANTAN TIMUR;PASER;TANAH GROGOT;TANAH GROGOT;eyJpdiI6Iko3VEthNTZyZzZ1N1JTN1JKTDdJVEE9PSIsInZhbHVlIjoiRUk3cGhUTnhFR3dBeVZoaUl3bFoyUT09IiwibWFjIjoiM2ZhZjA2YThiYjUwNmE3MjVjYWM4N2M5OGMzNTU4YjViYWIxOGE4YmFhNTY0NDliOTkxNzRkOTZkMGNhNjc3OSIsInRhZyI6IiJ9;;[Kegiatan Usaha: MENGONTRAKKAN RUMAH, Kategori: L, KBLI: 68111];;;26/10/2025;UMKM;;;;invalid;;;FALSE;FALSE;TRUE;;;invalid;;;;;;kontrakan andi anisa;0;0;0;;;jl cokro aminoto;;68;kontrakan andi anisa jl cokro aminoto kbli68;99;0;1;0;Tidak Ditemukan;JL COKRO AMINOTO;0;0;;;TARIK 02 FEB - 12.00 WITA;6401040004_0_0;;
3836;6171394;KUE INDO;RT. 03 DESA JONE;6401040009;64;1;40;9;KALIMANTAN TIMUR;PASER;TANAH GROGOT;JONE;eyJpdiI6Incyd2hDZWtIajVGUng4cnpTY1djU1E9PSIsInZhbHVlIjoieTNOL3pyRU05SHBmbk53dStpQURjZz09IiwibWFjIjoiODVlZjEzOWJlNDM2YTUwZmM0NzViMjkxNzM0ZWYwYzY0NzBmMDkyYzY4NzViZTM1ZTJjOTA4YzE0N2FlNmE0MyIsInRhZyI6IiJ9;;[Kegiatan Usaha: MEMBUAT KUE BASAH DARI TEPUNG, Kategori: C, KBLI: 10792];;;15/12/2025;UMKM;;;;invalid;;;FALSE;FALSE;TRUE;;;invalid;;;;;;kue indo;0;0;0;;;rt 03 desa jone;;10;kue indo rt 03 desa jone kbli10;1;0;1;0;Aktif;RT 03 DESA JONE;3;0;;;TARIK 02 FEB - 12.00 WITA;6401040009_3_0;-1.89786;116.201887
3837;6171395;PENJAHIT WIDIA;RT. 01 DESA JONE;6401040009;64;1;40;9;KALIMANTAN TIMUR;PASER;TANAH GROGOT;JONE;eyJpdiI6IktxUXlIQ1lTNW9ieUhxVk5XZzRNcHc9PSIsInZhbHVlIjoiVTJ5TXpha253eVBQTWs3QjhTNDMxQT09IiwibWFjIjoiMTY4NDMxMTQyZjMyNmFlMzVkMDE1Yzg3ZjgzYTdiNWE1ZjlkYmU4YTMwZGY3ZGZlMTE3MTYxODBmY2E2OWM2NyIsInRhZyI6IiJ9;;[Kegiatan Usaha: MEMBUAT DAN MENJAHIT PAKAIAN PRIA DAN WANITA, Kategori: C, KBLI: 14111];;;15/12/2025;UMKM;;;;invalid;;;FALSE;FALSE;TRUE;;;invalid;;;;;;penjahit widia;0;0;0;;;rt 01 desa jone;;14;penjahit widia rt 01 desa jone kbli14;1;0;1;0;Aktif;RT 01 DESA JONE;1;0;;;TARIK 02 FEB - 12.00 WITA;6401040009_1_0;-1.88218;116.206753
3838;6171397;AIR ISI ULANG (NAEMAH);RT 03 GG. AMAS DESA JONE;6401040009;64;1;40;9;KALIMANTAN TIMUR;PASER;TANAH GROGOT;JONE;eyJpdiI6IjB0djVuSnZ2SzhHc2RBNXBLNlEwckE9PSIsInZhbHVlIjoibXRaTStabm9IeWkvc3diNmNBZDVvdz09IiwibWFjIjoiNTRhYjJkOWUyZDc1NzVkN2Y4MDNkNTc4ZTQwZTZiMjMyZGI0YWQwN2NjYjRjYzFlMzFjODhlODRiZjY3Y2RmYyIsInRhZyI6IiJ9;;[Kegiatan Usaha: AIR ISI ULANG, Kategori: C, KBLI: 11052];;;15/12/2025;UMKM;;;;invalid;;;FALSE;FALSE;TRUE;;;invalid;;;;;;air isi ulang naemah;0;0;0;;;rt 03 gg amas desa jone;;11;air isi ulang naemah rt 03 gg amas desa jone kbli11;1;0;1;0;Aktif;RT 03 GG AMAS DESA JONE;3;0;;;TARIK 02 FEB - 12.00 WITA;6401040009_3_0;-1.89786;116.201887
3840;6171404;PENJAHIT SARJI;GG. MULIA 2 RT 15 RW 6;6401040004;64;1;40;4;KALIMANTAN TIMUR;PASER;TANAH GROGOT;TANAH GROGOT;eyJpdiI6InE0ZWh0MU5WQ3JlU2U0VURLQzRnT2c9PSIsInZhbHVlIjoiWWpUOHNsMlA3dkdnNjVXVzRZYzRidz09IiwibWFjIjoiNTViYzU4MjY4ZjRhMDgxODk0NGVkYzc5ZmQ0ZWZlMmU5Y2IwMDY0MmFlNDU0YzZiNTEzZDcwODg1YjE4NzU4ZiIsInRhZyI6IiJ9;;[Kegiatan Usaha: MENJAHIT PAKAIAN, Kategori: C, KBLI: 14120];;;15/12/2025;UMKM;;;;invalid;;;FALSE;FALSE;TRUE;;;invalid;;;;;;penjahit sarji;0;0;0;;;gg mulia 2 rt 15 rw 6;;14;penjahit sarji gg mulia 2 rt 15 rw 6 kbli14;1;0;1;0;Aktif;GG MULIA 2 RT 15 RW 6;15;6;;;TARIK 02 FEB - 12.00 WITA;6401040004_15_6;-1.90753;116.198644
3841;6171405;DEPO AIR M. NAILA YUDA (JANAH);JL DOLOK RT 15 RW 6;6401040004;64;1;40;4;KALIMANTAN TIMUR;PASER;TANAH GROGOT;TANAH GROGOT;eyJpdiI6ImNORS9VeWxIdDB1VTdGRjhVbFZnYmc9PSIsInZhbHVlIjoiZTIvS3RIeU85TDNRRmJEWnpES0Jydz09IiwibWFjIjoiNzY5MDNkZjNhMDU4MjQ1OTNiMDM5NzlkNTI5OGRmOGI2Yzc0YzUxYzNiYmVkNzIxMGZjOGQ2YTFjMGFjOGQyNyIsInRhZyI6IiJ9;;[Kegiatan Usaha: AIR ISI ULANG, Kategori: C, KBLI: 11052];;;15/12/2025;UMKM;;;;invalid;;;FALSE;FALSE;TRUE;;;invalid;;;;;;depo air m naila yuda janah;0;0;0;;;jl dolok rt 15 rw 6;;11;depo air m naila yuda janah jl dolok rt 15 rw 6 kbli11;1;0;1;0;Aktif;JL DOLOK RT 15 RW 6;15;6;;;TARIK 02 FEB - 12.00 WITA;6401040004_15_6;-1.90753;116.198644
3851;6171446;DAPOR CLARISSA;JL SENAKAN GANG BAMBU RT 9 NO 189;6401040016;64;1;40;16;KALIMANTAN TIMUR;PASER;TANAH GROGOT;SENAKEN;eyJpdiI6IlY4VmdYRGtGSGhuOFlIRmFMSWxUR0E9PSIsInZhbHVlIjoic3hSOWRrb3NqN2lzK0NzM0JKS0ViUT09IiwibWFjIjoiNmE3Y2I1YzA1MjhlMjAxM2U3ZWEzNTQxODIyZmY3NDUwYTEwMDZjNDU1MDYwYTA5NTExYTcwNjUxMTcyYjkyMiIsInRhZyI6IiJ9;;[Kegiatan Usaha: ANEKA KUE BASAH, Kategori: C, KBLI: 10792];;;15/12/2025;UMKM;;;;invalid;;;FALSE;FALSE;TRUE;;;invalid;;;;;;dapor clarissa;0;0;0;;;jl senakan gang bambu rt 9 no 189;;10;dapor clarissa jl senakan gang bambu rt 9 no 189 kbli10;1;0;1;0;Aktif;JL SENAKAN GANG BAMBU RT 9 NO 189;9;0;;;TARIK 02 FEB - 12.00 WITA;6401040016_9_0;-1.90049;116.204483
3855;6171494;SUBAGIO AQUARIUM;JL ISKANDAR MUDA RT. 03;6401040004;64;1;40;4;KALIMANTAN TIMUR;PASER;TANAH GROGOT;TANAH GROGOT;eyJpdiI6InNxN05mRUM5WmQ0REJpT2VIMEFDRmc9PSIsInZhbHVlIjoicCs1RWJLWE40U3d5UTdUaEc0amZQZz09IiwibWFjIjoiZjVjYWUxYTZmM2E5YTRjODE4NWIxNjYzM2Y5ZmZhNzFhNjUwYzI0N2QwZTJiNjgxZjEyZDFhZThjMTdlZGQ0NiIsInRhZyI6IiJ9;;[Kegiatan Usaha: MEMBUAT AKUARIUM, Kategori: C, KBLI: 23121];;;16/05/2025;UMKM;;;;invalid;;;FALSE;FALSE;TRUE;;;invalid;;;;;;subagio aquarium;0;0;0;;;jl iskandar muda rt 03;;23;subagio aquarium jl iskandar muda rt 03 kbli23;3;0;1;0;Tutup;JL ISKANDAR MUDA RT 03;3;0;;;TARIK 02 FEB - 12.00 WITA;6401040004_3_0;;
3865;6171511;LANJUNG SUYAH;RT 001;6401060004;64;1;60;4;KALIMANTAN TIMUR;PASER;LONG IKIS;PAIT;eyJpdiI6IkZFcHZlTkMzcUlCTG93eFVYcWs1ZlE9PSIsInZhbHVlIjoiT2ZEUXFMQmxxeWdXcVQvWVZUUlo0UT09IiwibWFjIjoiZGRkNTM5ZWMzZjU0YzlkNmY0YzNkNjgxOTA2ODQ3MGQ0YjU4OTYxNWZjYjM2YjhkMjUxZTUxMWViZTA4YTIzYSIsInRhZyI6IiJ9;;[Kegiatan Usaha: ANYAMAN DARI ROTAN, Kategori: C, KBLI: 16291];;;29/11/2025;UMKM;;;;invalid;;;FALSE;FALSE;TRUE;;;invalid;;;;-1.60207569;116.1706067;lanjung suyah;0;0;0;;;rt 001;;16;lanjung suyah rt 001 kbli16;1;0;1;0;Aktif;RT 001;1;0;;;TARIK 02 FEB - 12.00 WITA;6401060004_1_0;-1.60054;116.173873
3866;6171512;BAKUL DARI ROTAN ( ENDANG);RT 001;6401060004;64;1;60;4;KALIMANTAN TIMUR;PASER;LONG IKIS;PAIT;eyJpdiI6IjlmSDJqMmt2THJ2ejVURjV1VUhUTWc9PSIsInZhbHVlIjoiV1J3aFFOY3p2SGF0ZmpvM1ptSlJaZz09IiwibWFjIjoiOGUxMzA2OTUzM2I5MTU4N2MzZTY1MTBkMjAyZTY1YmNhYTcxMGE0OTk0Zjk0MWUxOGVlYmJlMjA3N2Y3ODVkOSIsInRhZyI6IiJ9;;[Kegiatan Usaha: ANYAMAN ROTAN, Kategori: C, KBLI: 16291];;;15/12/2025;UMKM;;;;invalid;;;FALSE;FALSE;TRUE;;;invalid;;;;-1.60192555;116.1705398;bakul dari rotan endang;0;0;0;;;rt 001;;16;bakul dari rotan endang rt 001 kbli16;1;0;1;0;Aktif;RT 001;1;0;;;TARIK 02 FEB - 12.00 WITA;6401060004_1_0;-1.60054;116.173873
3868;6171534;MAKASAR TAILOR/ MASITAH;JL. YOS SUDARSO RT. 3 NO. 3;6401040016;64;1;40;16;KALIMANTAN TIMUR;PASER;TANAH GROGOT;SENAKEN;eyJpdiI6ImdFUFlNY29LRUdtNGNTZWtsTWlORXc9PSIsInZhbHVlIjoiMDlDVGd3WWlvT2ZaMFI0UExiQ3ZSUT09IiwibWFjIjoiZDI4MmM2ZDRiYzJkYTAzNTJjMzUzMmFmZWMzYTdhNjllNmJhNTBjZDhkOTA1NDA3ZTdkMDk0ODI1M2FjZGQ4MiIsInRhZyI6IiJ9;;[Kegiatan Usaha: MENJAHIT PAKAIAN WANITA DAN GAUN PESTA, Kategori: C, KBLI: 14120];;;15/12/2025;UMKM;;;;invalid;;;FALSE;FALSE;TRUE;;;invalid;;;;;;makasar tailor masitah;0;0;0;;;jl yos sudarso rt 3 no 3;;14;makasar tailor masitah jl yos sudarso rt 3 no 3 kbli14;1;0;1;0;Aktif;JL YOS SUDARSO RT 3 NO 3;3;0;;;TARIK 02 FEB - 12.00 WITA;6401040016_3_0;-1.90529;116.209105
3874;6095123;TRUBUS BAO RAYA, PT;JL. HOS COKROAMINOTO RT 008/RW 02, DESA  TANAH GROGOT  KEC.  TANAH GROGOT  KAB.  PASER -76211;6401040004;64;1;40;4;KALIMANTAN TIMUR;PASER;TANAH GROGOT;TANAH GROGOT;eyJpdiI6IktFcVFEejFYQVJTaFhvMHgycVRsYnc9PSIsInZhbHVlIjoiTHViUmV5VWVpUCtwNytBWUZxd1Axdz09IiwibWFjIjoiNDk3OGFlMDg5NmY0ZjE3YzI2ZDgzZjMwZjM2OGVmZTY4OThlYTE3ZDA4YWUxZWRlMTA0YjdjOGI4YWJiMmEwMyIsInRhZyI6IiJ9;;[Kegiatan Usaha: -, Kategori: -, KBLI: -];;;15/12/2025;UMKM;;;;invalid;;;FALSE;FALSE;TRUE;;;invalid;;;;;;trubus bao raya;0;0;0;;;jl hos cokroaminoto rt 008 rw 02 desa tanah grogot kec tanah grogot kab paser 76211;;0;trubus bao raya jl hos cokroaminoto rt 008 rw 02 desa tanah grogot kec tanah grogot kab paser 76211 kbli00;1;0;0;0;Aktif;JL HOS COKROAMINOTO RT 008RW 02 DESA TANAH GROGOT KEC TANAH GROGOT KAB PASER 76211;8;2;;;TARIK 02 FEB - 12.00 WITA;6401040004_8_2;-1.91501;116.195257
3876;6095140;SAHABAT SAWIT SEJAHTERA, PT;KELURAHAN LON KALI KECAMATAN LONG KALI KAB PASER;6401080006;64;1;80;6;KALIMANTAN TIMUR;PASER;LONG KALI;LONG KALI;eyJpdiI6IjR6Y1pqYTZkS0FFT3ZWYzdSMTJqQUE9PSIsInZhbHVlIjoiNEd5OVZwb3VFbDVrODhQdjFuUEdiZz09IiwibWFjIjoiODg4YjViNzNkZDEwOWYyZTdhYzY0MTc4NzRhYmU2NWJjN2I2OWFhYTM1NDQxYjdkMWI1OGJjNjFhZTZjM2U5NiIsInRhZyI6IiJ9;;[Kegiatan Usaha: -, Kategori: -, KBLI: -];;;15/12/2025;UMKM;;;;invalid;;;FALSE;FALSE;TRUE;;;invalid;;;;;;sahabat sawit sejahtera;0;0;0;;;kelurahan lon kali kecamatan long kali kab paser;;0;sahabat sawit sejahtera kelurahan lon kali kecamatan long kali kab paser kbli00;3;0;0;0;Tutup Sementara;KELURAHAN LON KALI KECAMATAN LONG KALI KAB PASER;0;0;;;TARIK 02 FEB - 12.00 WITA;6401080006_0_0;;
3879;6096660;PERUMDA PRIMA JAYA TAKA;JL. JEND. SUDIRMAN NO. 3 RT 4 RW 4 TANAH GROGOT;6401040004;64;1;40;4;KALIMANTAN TIMUR;PASER;TANAH GROGOT;TANAH GROGOT;eyJpdiI6IlJMck5EeDVYdUU4cDI0ejkyQnU3L3c9PSIsInZhbHVlIjoiUG1jTjJRWm1sL2hhSjNidGNnejRTQT09IiwibWFjIjoiZWIyZjU1Yjk3ZTBhOWZmNWRjNzFmMTAzMGJhYjc2OGFlMjM0OTc3NWU2NDM1NDA2ZThiM2MwY2QwY2IzNThlOCIsInRhZyI6IiJ9;;[Kegiatan Usaha: DISTRIBUTOR PUPUK SUBSIDI DAN NON SUBSIDI, Kategori: A, KBLI: -];;;15/12/2025;UMKM;;;;invalid;;;FALSE;FALSE;TRUE;;;invalid;;;;;;perumda prima jaya taka;0;0;0;;;jl jend sudirman no 3 rt 4 rw 4 tanah grogot;;0;perumda prima jaya taka jl jend sudirman no 3 rt 4 rw 4 tanah grogot kbli00;99;0;1;0;Tidak Ditemukan;JL JEND SUDIRMAN NO 3 RT 4 RW 4 TANAH GROGOT;4;4;;;TARIK 02 FEB - 12.00 WITA;6401040004_4_4;-1.90073;116.186873
3880;6171365;PANDAI BESI ABDUL RAJAK;RT. 02;6401080006;64;1;80;6;KALIMANTAN TIMUR;PASER;LONG KALI;LONG KALI;eyJpdiI6ImRSSVUwakNpckN5a2Z3a0J2ellQZFE9PSIsInZhbHVlIjoibjFCTEJ6Tzd6Wjk3UHpHNGlaZ3FjQT09IiwibWFjIjoiYjY5ZmU0MGUxM2ZlOGNkMGI4NTIyYTU0MjQ0NWNlNTA4ZDk1ZWM1YjIzODZkYWJjMmFhMjIwYmQ4YmEwZGQwZSIsInRhZyI6IiJ9;;[Kegiatan Usaha: PANDAI BESI PEMBUATAN PARANG/GOLOK, PENYEPUHAN GOLOK, Kategori: C, KBLI: 25933];;;21/02/2025;UMKM;;;;invalid;;;FALSE;FALSE;TRUE;;;invalid;;;;-1.519416667;116.322515;pandai besi abdul rajak;0;0;0;;;rt 02;;25;pandai besi abdul rajak rt 02 kbli25;1;0;1;0;Aktif;RT 02;2;0;;;TARIK 02 FEB - 12.00 WITA;6401080006_2_0;-1.52024;116.323092
3881;6171366;PENJAHIT SITI MARHAWA;RT.  02;6401080006;64;1;80;6;KALIMANTAN TIMUR;PASER;LONG KALI;LONG KALI;eyJpdiI6IlRVRmZPNmFmUUhuMzQzdFk2WkJNWVE9PSIsInZhbHVlIjoiZVpQWE5wWWJhRlVvcEM0OExqR1RJQT09IiwibWFjIjoiNjkxMDk2YWE0Yjc3MDRmYjM1OTYwOTY0YmM5MjM0ZTk5Y2M5NDRlZWQ5NTI1NDQ0NGQ5OTBjYzNiOTgwOGU0OSIsInRhZyI6IiJ9;;[Kegiatan Usaha: PENJAHIT / TAILOR, Kategori: C, KBLI: 14120];;;15/12/2025;UMKM;;;;invalid;;;FALSE;FALSE;TRUE;;;invalid;;;;-1.519491667;116.322605;penjahit siti marhawa;0;0;0;;;rt 02;;14;penjahit siti marhawa rt 02 kbli14;1;0;1;0;Aktif;RT 02;2;0;;;TARIK 02 FEB - 12.00 WITA;6401080006_2_0;-1.52024;116.323092
3882;6171367;PANDAI BESI AMBO DALLE;RT. 02;6401080006;64;1;80;6;KALIMANTAN TIMUR;PASER;LONG KALI;LONG KALI;eyJpdiI6Ik5QZmxWbnRsMTJBUVZveTNXNWNOVGc9PSIsInZhbHVlIjoidklTenNibnFsNFU1cVhxZlRTdlVQUT09IiwibWFjIjoiZTA1ZTIzMTA5ZGMwNDVjOWU1YjE5MGUzZDFlOTA2MGI0ZmI5OTZlMWM2OTZlMTYxY2ExMDhlZmRmZGFiYWY2NSIsInRhZyI6IiJ9;;[Kegiatan Usaha: PANDAI BESI PEMBUATAN PARANG, GOLOK, DODOS, ARIT, TOJOK, Kategori: C, KBLI: 25933];;;21/02/2025;UMKM;;;;invalid;;;FALSE;FALSE;TRUE;;;invalid;;;;-1.519405;116.3227333;pandai besi ambo dalle;0;0;0;;;rt 02;;25;pandai besi ambo dalle rt 02 kbli25;1;0;1;0;Aktif;RT 02;2;0;;;TARIK 02 FEB - 12.00 WITA;6401080006_2_0;-1.52024;116.323092
3884;6171369;"PEMBUAT KUE ""MASPAH""";JL. PASAR SELASA RT. 02;6401080006;64;1;80;6;KALIMANTAN TIMUR;PASER;LONG KALI;LONG KALI;eyJpdiI6IlJFM0Z0eEhMOE9HQ3RJZnVVZEhpUEE9PSIsInZhbHVlIjoiejk1OHF4RkN5aGdqMjNLVmZDbENVdz09IiwibWFjIjoiNTAzZmM3OGRjYzhkODAzMzJhZDA2MTY3ZmFjODYxMDBhMGMzZGM0ZTRiMThmYjJmODNhYjQ4M2YxZmI4OWRmOSIsInRhZyI6IiJ9;;[Kegiatan Usaha: PEMBUATAN KUE, Kategori: C, KBLI: 10710];;;15/12/2025;UMKM;;;;invalid;;;FALSE;FALSE;TRUE;;;invalid;;;;-1.519525261;116.3229015;pembuat kue maspah;0;0;0;;;jl pasar selasa rt 02;;10;pembuat kue maspah jl pasar selasa rt 02 kbli10;1;0;1;0;Aktif;JL PASAR SELASA RT 02;2;0;;1;TARIK 02 FEB - 12.00 WITA;6401080006_2_0;-1.52024;116.323092
3889;6171376;PEMBUAT KUE PAULUS (DARIELLE);JL. KAPTEN TENDEAN RT.05 RW.04 GG. SIMPATI;6401040004;64;1;40;4;KALIMANTAN TIMUR;PASER;TANAH GROGOT;TANAH GROGOT;eyJpdiI6InFwRXFTWFlSekN0YVQ0eldIeVFnL1E9PSIsInZhbHVlIjoiVW5FUzJvV2tyQzYzekNtMy9Ob2ZjUT09IiwibWFjIjoiZTYwODk2ZTFmM2QxZjU5OGY2MTc0NTkyNGE4ZWY5MjYwOGVmZTNiMGMwY2ZkOTcxZTY4ZTM4ZjkxNTYyYTNlZSIsInRhZyI6IiJ9;;[Kegiatan Usaha: ROTI MANIS, Kategori: C, KBLI: 10792];;;15/12/2025;UMKM;;;;invalid;;;FALSE;FALSE;TRUE;;;invalid;;;;;;pembuat kue paulus darielle;0;0;0;;;jl kapten tendean rt 05 rw 04 gg simpati;;10;pembuat kue paulus darielle jl kapten tendean rt 05 rw 04 gg simpati kbli10;1;0;1;0;Aktif;JL KAPTEN TENDEAN RT05 RW04 GG SIMPATI;5;4;;;TARIK 02 FEB - 12.00 WITA;6401040004_5_4;-1.90186;116.196795
3890;6171383;AIR ISI ULANG RIZKY JAYA;JL. JEND. SUDIRMAN RT. 010;6401050002;64;1;50;2;KALIMANTAN TIMUR;PASER;KUARO;KUARO;eyJpdiI6IlJlQVZNekxOQUtQUEc5UWswTnBmRmc9PSIsInZhbHVlIjoiRzUrNGtpTGZYRStJTzNEL2lLYjhWdz09IiwibWFjIjoiYWU0MDJiMjQ5ZGRiMWMzZDgxYzJjZmMyNDEwZTQ4NDM3MTY4NTJlZGNkYTM0NDQxNWViZTUyMDI1NDM4NWE3NiIsInRhZyI6IiJ9;;[Kegiatan Usaha: AIR MINERAL (RO), Kategori: C, KBLI: 11052];;;26/10/2025;UMKM;;;;invalid;;;FALSE;FALSE;TRUE;;;invalid;;;;-1.831088333;116.0823967;air isi ulang rizky jaya;0;0;0;;;jl jend sudirman rt 010;;11;air isi ulang rizky jaya jl jend sudirman rt 010 kbli11;1;0;1;0;Aktif;JL JEND SUDIRMAN RT 010;10;0;;;TARIK 02 FEB - 12.00 WITA;6401050002_10_0;-1.82798;116.085983
3891;6171386;INDUSTRI TAHU;KUARO RT 4;6401050002;64;1;50;2;KALIMANTAN TIMUR;PASER;KUARO;KUARO;eyJpdiI6IjYybS9SYWtVNTlMZjVmbVl2Mm8vOGc9PSIsInZhbHVlIjoicGIzZDZRamZyZG9zeFgzYWM2a0RPdz09IiwibWFjIjoiZTc4Y2EwNmIxOWRkMDI2MTZmNDgxZTY1NTEwOTAxZWU3YmYzOGUwZTAzYTQ0OTBmOWM1MTAyOWYyYTM3OTdmMSIsInRhZyI6IiJ9;;[Kegiatan Usaha: INDUSTRI PENGOLAHAN KAYU, Kategori: C, KBLI: 10392];;;26/10/2025;UMKM;;;;invalid;;;FALSE;FALSE;TRUE;;;invalid;;;;-1.81958227;116.0853574;industri tahu;0;0;0;;;kuaro rt 4;;10;industri tahu kuaro rt 4 kbli10;1;0;1;0;Aktif;KUARO RT 4;4;0;;;TARIK 02 FEB - 12.00 WITA;6401050002_4_0;-1.81789;116.084831
3895;6085851;PT. PESONA KARYA AGUNG;JL. A WAHAB SYAHRANI, RT 02, GUNUNG SMA;6401040004;64;1;40;4;KALIMANTAN TIMUR;PASER;TANAH GROGOT;TANAH GROGOT;eyJpdiI6Iml2RjN4c2VZa1RMQmEzODVEQUduRWc9PSIsInZhbHVlIjoiMHVHaVVOUm9zZlNjMmZxUGtoOTRMQT09IiwibWFjIjoiNDEwNjczNWU4NDMzZTkzMDY2OGFkM2YwNmUyMzBmNTQyYmFhYWE2ZjZiNjQ5MjE5OGNhOWI3OWFiMTExNWNhNCIsInRhZyI6IiJ9;;[Kegiatan Usaha: Pengembangan properti, Kategori: F, KBLI: 43120];;;26/10/2025;UMKM;;;;invalid;;;FALSE;FALSE;TRUE;;;invalid;;;;;;pesona karya agung;0;0;0;;;jl a wahab syahrani rt 02 gunung sma;;43;pesona karya agung jl a wahab syahrani rt 02 gunung sma kbli43;99;0;0;0;Tidak Ditemukan;JL A WAHAB SYAHRANI RT 02 GUNUNG SMA;2;0;;;TARIK 02 FEB - 12.00 WITA;6401040004_2_0;;
3901;6085858;WARUNG 7 SAMBAL;TANAH GROGOT;6401040004;64;1;40;4;KALIMANTAN TIMUR;PASER;TANAH GROGOT;TANAH GROGOT;eyJpdiI6IkJzNmVDQmY4MmpISlJhU0lHQkd6NWc9PSIsInZhbHVlIjoiM0J4V3g5ZG5QY3gyYlo5UFhyRzdNQT09IiwibWFjIjoiMWY2MGZjMGFhMjZmMmYyMzFkNjBjMTFhNThhYzU2YmNjOTZlY2NmZDhmMGY4YWUzZWQ0MDk2MTE2MmIxNjYyMCIsInRhZyI6IiJ9;;[Kegiatan Usaha: WARUNG MAKAN, Kategori: I, KBLI: 56102];;;05/02/2025;UMKM;;;;invalid;;;FALSE;FALSE;TRUE;;;invalid;;;;;;7 sambal;0;0;0;;;tanah grogot;;56;7 sambal tanah grogot kbli56;3;0;1;0;Tutup;TANAH GROGOT;0;0;;;TARIK 02 FEB - 12.00 WITA;6401040004_0_0;;
3903;6085845;CV ARCHIKA;JL. KAPTEN PIERRE TENDEAN, NO 007;6401040004;64;1;40;4;KALIMANTAN TIMUR;PASER;TANAH GROGOT;TANAH GROGOT;eyJpdiI6IjdEWVRGRVZkRCtHMnV2Y0lXcnlCY2c9PSIsInZhbHVlIjoiQXNKT1IyMndscGFLcUIwbkFuUldMdz09IiwibWFjIjoiZjIxMmJjOGI2ODkyZjVlMzQzZmIxYTQ2NDMxMDRjMmEzYzZlMTdlZTYyYjQ0M2I1OGJlNGQ3NzM5YzdmNDA2YyIsInRhZyI6IiJ9;;[Kegiatan Usaha: JASA KONSULTAN KONSTRUKSI BANGUNAN DAN JALAN, Kategori: M, KBLI: 74909];;;26/10/2025;UMKM;;;;invalid;;;FALSE;FALSE;TRUE;;;invalid;;;;;;archika;0;0;0;;;jl kapten pierre tendean no 007;;74;archika jl kapten pierre tendean no 007 kbli74;99;0;1;0;Tidak Ditemukan;JL KAPTEN PIERRE TENDEAN NO 007;0;0;;;TARIK 02 FEB - 12.00 WITA;6401040004_0_0;;
3908;6194902;PEDAGANG DAGING SAPI ACHMAD;SENAKEN;6401040016;64;1;40;16;KALIMANTAN TIMUR;PASER;TANAH GROGOT;SENAKEN;eyJpdiI6IjArYXc2K2ROVVZNeWNha2VDS0Q4RFE9PSIsInZhbHVlIjoicDVBSFNtNGlYT1NPZUI0TFk0MnVjdz09IiwibWFjIjoiYTM5MDRlMzMwYzUzOTkwMWFmZWQwYzBjNWMyZTNiMjU2ZmQ5ZjBkMTE4OWMwMjQ0M2Y2MDU3MDIzMWVmNjFkYiIsInRhZyI6IiJ9;;[Kegiatan Usaha: PEDAGANG DAGING SAPI ECERAN, Kategori: G, KBLI: 47814];;;26/10/2025;UMKM;;;;invalid;;;FALSE;FALSE;TRUE;;;invalid;;;;;;pedagang daging sapi achmad;0;0;0;;;senaken;;47;pedagang daging sapi achmad senaken kbli47;99;0;1;0;Tidak Ditemukan;SENAKEN;0;0;;;TARIK 02 FEB - 12.00 WITA;6401040016_0_0;;
3909;6194903;TOKO PAKAN TERNAK;RT 10;6401040004;64;1;40;4;KALIMANTAN TIMUR;PASER;TANAH GROGOT;TANAH GROGOT;eyJpdiI6IlU1TWlXNFU2Ry9OWWVFYStpUE9DT2c9PSIsInZhbHVlIjoiNVBHSGIzN3ZxS0hqT3JrL00yOFRVQT09IiwibWFjIjoiM2YwY2Q1ZGUyMjJhM2VlOTZjODA5ZWRiODA3ZWEzM2I2NDhkMzNlNjBiYzU4MGIyZGExYjliYmM0MjI4ZmM5OCIsInRhZyI6IiJ9;;[Kegiatan Usaha: PEDAGANG MAKANAN KUCING DAN TERNAK LAINNYA, Kategori: G, KBLI: 47751];;;26/10/2025;UMKM;;;;invalid;;;FALSE;FALSE;TRUE;;;invalid;;;;;;pakan ternak;0;0;0;;;rt 10;;47;pakan ternak rt 10 kbli47;99;0;1;0;Tidak Ditemukan;RT 10;10;0;;;TARIK 02 FEB - 12.00 WITA;6401040004_10_0;;
3918;6395739;APRILIA, CV;JL R SUPRAPTO;6401040004;64;1;40;4;KALIMANTAN TIMUR;PASER;TANAH GROGOT;TANAH GROGOT;eyJpdiI6Im5MeGhxdWFNeENncFJIaVBSN3pjWUE9PSIsInZhbHVlIjoiUys4Rms4cnFyOGU4Qlg0VHVSbDlmdz09IiwibWFjIjoiNGVlNTdlZDI3ZDU2Y2U5MjkwYThkYmQ2NzFmZGMyMWU1YzNiZTdkNTZmYTAzNTQzYTA5MGMyZWE4NTljZTMxZSIsInRhZyI6IiJ9;;[Kegiatan Usaha: -, Kategori: F, KBLI: 42101];;;15/12/2025;UMKM;;;;invalid;;;FALSE;FALSE;TRUE;;;invalid;;;;;;aprilia;0;0;0;;;jl r suprapto;;42;aprilia jl r suprapto kbli42;99;0;1;0;Tidak Ditemukan;JL R SUPRAPTO;0;0;;;TARIK 02 FEB - 12.00 WITA;6401040004_0_0;;
3919;6395740;CAHAYA MULIA, CV;JL PADAT KARYA;6401040004;64;1;40;4;KALIMANTAN TIMUR;PASER;TANAH GROGOT;TANAH GROGOT;eyJpdiI6IlBKMVMvM3FwOHdtdmhaU3lLK2JaaWc9PSIsInZhbHVlIjoid09Kb25DcEtsOFZua0xRV25ZNHUxUT09IiwibWFjIjoiN2ZkM2I0YmI0MzcyOTBlNzcwODY4YjVmY2FjZjYyMTQ0MmRkZTliMzk3ZGVjYTJjMWJlMzJlOTFjM2FjYmJiZiIsInRhZyI6IiJ9;;[Kegiatan Usaha: -, Kategori: F, KBLI: 43211];;;15/12/2025;UMKM;;;;invalid;;;FALSE;FALSE;TRUE;;;invalid;;;;;;cahaya mulia;0;0;0;;;jl padat karya;;43;cahaya mulia jl padat karya kbli43;99;0;1;0;Tidak Ditemukan;JL PADAT KARYA;0;0;;;TARIK 02 FEB - 12.00 WITA;6401040004_0_0;;
3922;6395755;ADICIPTA RAGA MANDIRI, CV;JL JEND SUDIRMAN NO 21;6401040004;64;1;40;4;KALIMANTAN TIMUR;PASER;TANAH GROGOT;TANAH GROGOT;eyJpdiI6Ik1jdW1SY2UybEwzdW8wRE5hSW1EOXc9PSIsInZhbHVlIjoidkNpQk1uSTAxRi9JRjI3VVRIWmFOUT09IiwibWFjIjoiNjA0NmI3NDg4MDk4Y2IxYmFiMjFlMzc0M2M0Yzc4MzU0YzVkNTc2ZmJhNTFhODc3ZTA4OGM5ZTA0YzUxNGZlMCIsInRhZyI6IiJ9;;[Kegiatan Usaha: -, Kategori: F, KBLI: 41000];;;15/12/2025;UMKM;;;;invalid;;;FALSE;FALSE;TRUE;;;invalid;;;;;;adicipta raga mandiri;0;0;0;;;jl jend sudirman no 21;;41;adicipta raga mandiri jl jend sudirman no 21 kbli41;99;0;0;0;Tidak Ditemukan;JL JEND SUDIRMAN NO 21;0;0;;;TARIK 02 FEB - 12.00 WITA;6401040004_0_0;;
3923;6395756;ALAM PERKASA, CV;JL HOS COKROAMINOTO /02 TANAH GROGOT;6401040004;64;1;40;4;KALIMANTAN TIMUR;PASER;TANAH GROGOT;TANAH GROGOT;eyJpdiI6Imd4cVdITEYvdU9VRFlFdFRSN09GRHc9PSIsInZhbHVlIjoiUnkrVUwyeVJWNEJpRmdVeTcrQjEwZz09IiwibWFjIjoiNzA5NGQxNWNiM2Q4MTQ0ZDUwZjRiZDBmNmJlY2ZkODcyYjRjNzYxYWZjMTdkMGZhYzFiNzg2ZWRjYTViZTkzZSIsInRhZyI6IiJ9;;[Kegiatan Usaha: -, Kategori: F, KBLI: 41000];;;15/12/2025;UMKM;;;;invalid;;;FALSE;FALSE;TRUE;;;invalid;;;;;;alam perkasa;0;0;0;;;jl hos cokroaminoto 02 tanah grogot;;41;alam perkasa jl hos cokroaminoto 02 tanah grogot kbli41;99;0;1;0;Tidak Ditemukan;JL HOS COKROAMINOTO 02 TANAH GROGOT;0;0;;;TARIK 02 FEB - 12.00 WITA;6401040004_0_0;;
3925;6395758;ALVIN ANDHIKA, CV;JL JEND. ACHMAD YANI NO 01 TANAH GROGOT;6401040004;64;1;40;4;KALIMANTAN TIMUR;PASER;TANAH GROGOT;TANAH GROGOT;eyJpdiI6IktYZlhxdWRtVDA0Mlpzb0orcHZ5MkE9PSIsInZhbHVlIjoiRE9VSkxia0tuemxuOUxEaG9xS2JiQT09IiwibWFjIjoiMjIyY2Y2NTMwYTUzNzA5MDBmOTJlOTNjNWZhMjY1MjdhZDk1ZTY4MzhhNmIwNDVkODBjM2MyM2NmYjM5ZjRhZSIsInRhZyI6IiJ9;;[Kegiatan Usaha: -, Kategori: F, KBLI: 41000];;;15/12/2025;UMKM;;;;invalid;;;FALSE;FALSE;TRUE;;;invalid;;;;;;alvin andhika;0;0;0;;;jl jend achmad yani no 01 tanah grogot;;41;alvin andhika jl jend achmad yani no 01 tanah grogot kbli41;99;0;1;0;Tidak Ditemukan;JL JEND ACHMAD YANI NO 01 TANAH GROGOT;0;0;;;TARIK 02 FEB - 12.00 WITA;6401040004_0_0;;
3926;6395762;ARCHIKA CONSULTANT, CV;JL KAPTEN PIERRE TENDEAN NO.7 C;6401040004;64;1;40;4;KALIMANTAN TIMUR;PASER;TANAH GROGOT;TANAH GROGOT;eyJpdiI6IlJjam9SWTI3cDRTQWd6UVEveVFLUnc9PSIsInZhbHVlIjoiMENTa2x5YlBIVExjQTlndlcxVVRpQT09IiwibWFjIjoiMmRlNDRjMWJlY2Q1MjE4ZjY0YjMyZTU5MDEwNDg4MjVkOTFhYzZjNTk3ZDFlMzUyMGUwOTAzYjVjOGM4NGYzNCIsInRhZyI6IiJ9;;[Kegiatan Usaha: -, Kategori: F, KBLI: 42];;;15/12/2025;UMKM;;;;invalid;;;FALSE;FALSE;TRUE;;;invalid;;;;;;archika consultant;0;0;0;;;jl kapten pierre tendean no 7 c;;42;archika consultant jl kapten pierre tendean no 7 c kbli42;3;0;1;0;Tutup;JL KAPTEN PIERRE TENDEAN NO7 C;0;0;;;TARIK 02 FEB - 12.00 WITA;6401040004_0_0;;
3927;6395763;ASIA MANDIRI, CV;JL HASANUDIN;6401040004;64;1;40;4;KALIMANTAN TIMUR;PASER;TANAH GROGOT;TANAH GROGOT;eyJpdiI6Imx5T1R1RG9KdUYvNE82ZTh6bWF2bXc9PSIsInZhbHVlIjoianlFOUxwV2NiWXZlS1FCM0wrazA2dz09IiwibWFjIjoiZGY0NWJiYWRlOGQ0Yzg5MGE1OWNhMjgxZDgwNWMwNGVjYTA3ODQ3N2ExMmQ2M2ZjNmQzYzIyNjEyMTVkOTQ0OSIsInRhZyI6IiJ9;;[Kegiatan Usaha: -, Kategori: F, KBLI: 42];;;15/12/2025;UMKM;;;;invalid;;;FALSE;FALSE;TRUE;;;invalid;;;;;;asia mandiri;0;0;0;;;jl hasanudin;;42;asia mandiri jl hasanudin kbli42;99;0;1;0;Tidak Ditemukan;JL HASANUDIN;0;0;;;TARIK 02 FEB - 12.00 WITA;6401040004_0_0;;
3928;6395764;ATHIRA PRATAMA, CV;JL GAJAH MADA NO 138 TANAH GROGOT;6401040004;64;1;40;4;KALIMANTAN TIMUR;PASER;TANAH GROGOT;TANAH GROGOT;eyJpdiI6IkhDbFlpcG9wVGxwYjhTcjdvbDFFM0E9PSIsInZhbHVlIjoibm9MTjVteDVOUCtBbHV2K0hXVVZmUT09IiwibWFjIjoiNWNmYThjMmUyMDQ2YWZmYTA0YjAzNWIwY2RiYTY5YmQ0M2RiMDNjNTBkYTJlYmQ2ZDZkZjQ2NTVmMDcxYTI4ZSIsInRhZyI6IiJ9;;[Kegiatan Usaha: -, Kategori: F, KBLI: 41000];;;15/12/2025;UMKM;;;;invalid;;;FALSE;FALSE;TRUE;;;invalid;;;;;;athira pratama;0;0;0;;;jl gajah mada no 138 tanah grogot;;41;athira pratama jl gajah mada no 138 tanah grogot kbli41;99;0;1;0;Tidak Ditemukan;JL GAJAH MADA NO 138 TANAH GROGOT;0;0;;;TARIK 02 FEB - 12.00 WITA;6401040004_0_0;;
3929;6395765;AULIA, CV;JL S I KHALILUDIN;6401040004;64;1;40;4;KALIMANTAN TIMUR;PASER;TANAH GROGOT;TANAH GROGOT;eyJpdiI6Ikx0TXJ3VGx1QXBjMllVOTVRU1pUaGc9PSIsInZhbHVlIjoiZnNTREl4SzcrY2pubDdqRy9KKzlyZz09IiwibWFjIjoiY2M2ZDZlYjMwYzgzNzNjNjY0OTYzY2M2ZTQ1YTA4ODE0MzJmNDgwN2M4Mzk5MGEwMTk1ZjlhN2RhYTU1ZWRhNyIsInRhZyI6IiJ9;;[Kegiatan Usaha: -, Kategori: F, KBLI: 42];;;15/12/2025;UMKM;;;;invalid;;;FALSE;FALSE;TRUE;;;invalid;;;;;;aulia;0;0;0;;;jl s i khaliludin;;42;aulia jl s i khaliludin kbli42;99;0;1;0;Tidak Ditemukan;JL S I KHALILUDIN;0;0;;;TARIK 02 FEB - 12.00 WITA;6401040004_0_0;;
3930;6395766;BAHANA KONSULTAN, CV;JL JEND. SUDIRMAN NO 23 LT. 2 TANAH GROGOT;6401040004;64;1;40;4;KALIMANTAN TIMUR;PASER;TANAH GROGOT;TANAH GROGOT;eyJpdiI6IktVWllkNHZBUS9iTFdoMmpyTjQyTUE9PSIsInZhbHVlIjoiSG9YdkRPbnFWdURzbU9pMm1pOGVnZz09IiwibWFjIjoiYzc1ZmU2ZTUwMjFjYzExYjQ3ZGIyMTNjZTY5OTMxZTM1NmZlOWZhNDViODNmZjVmYTVlODJlYjVhYzQxODM4OCIsInRhZyI6IiJ9;;[Kegiatan Usaha: -, Kategori: F, KBLI: 41000];;;15/12/2025;UMKM;;;;invalid;;;FALSE;FALSE;TRUE;;;invalid;;;;;;bahana konsultan;0;0;0;;;jl jend sudirman no 23 lt 2 tanah grogot;;41;bahana konsultan jl jend sudirman no 23 lt 2 tanah grogot kbli41;99;0;1;0;Tidak Ditemukan;JL JEND SUDIRMAN NO 23 LT 2 TANAH GROGOT;0;0;;;TARIK 02 FEB - 12.00 WITA;6401040004_0_0;;
3931;6395767;BELITUNG SAKTI, CV;JL K.H. AHMAD DAHLAN NO.22;6401040004;64;1;40;4;KALIMANTAN TIMUR;PASER;TANAH GROGOT;TANAH GROGOT;eyJpdiI6IjJHQmRjUlIyRm9obUJYb0pySjlsMkE9PSIsInZhbHVlIjoibDFyYUhMTFVkUmN5TnFNYlExT2pZZz09IiwibWFjIjoiNDVhNjExNzZiMzE5NGI2YWNlNjdhNjQ1N2ZhNTQ5YThmMzc3YmQ3ZTlhMDJhMjE4ZWVjYTNjNTM2ODkxYTg4MCIsInRhZyI6IiJ9;;[Kegiatan Usaha: -, Kategori: F, KBLI: 41000];;;15/12/2025;UMKM;;;;invalid;;;FALSE;FALSE;TRUE;;;invalid;;;;;;belitung sakti;0;0;0;;;jl k h ahmad dahlan no 22;;41;belitung sakti jl k h ahmad dahlan no 22 kbli41;99;0;1;0;Tidak Ditemukan;JL KH AHMAD DAHLAN NO22;0;0;;;TARIK 02 FEB - 12.00 WITA;6401040004_0_0;;
3932;6395768;BENUA TAKA, CV;JL KANDILO BAHARI NO 40 TANAH GROGOT;6401040004;64;1;40;4;KALIMANTAN TIMUR;PASER;TANAH GROGOT;TANAH GROGOT;eyJpdiI6IkFDRjVVUWpjTkYyY2dpRnNYSURUUXc9PSIsInZhbHVlIjoiQ20zNGVyaEs4RHlDLzQ4djUwL1NHZz09IiwibWFjIjoiOGVlMTlmNjRkMzkxN2NkZWRjYzkyZjRjYzczNDY2MWRmMGI1YWU4MTdlOWNjZjdiODAxY2RiYmEzODk5MGNkYyIsInRhZyI6IiJ9;;[Kegiatan Usaha: -, Kategori: F, KBLI: 41000];;;15/12/2025;UMKM;;;;invalid;;;FALSE;FALSE;TRUE;;;invalid;;;;;;benua taka;0;0;0;;;jl kandilo bahari no 40 tanah grogot;;41;benua taka jl kandilo bahari no 40 tanah grogot kbli41;99;0;1;0;Tidak Ditemukan;JL KANDILO BAHARI NO 40 TANAH GROGOT;0;0;;;TARIK 02 FEB - 12.00 WITA;6401040004_0_0;;
3933;6395769;BHINEKA KARYA, CV;JL KI HAJAR DEWANTARA NO 43;6401040004;64;1;40;4;KALIMANTAN TIMUR;PASER;TANAH GROGOT;TANAH GROGOT;eyJpdiI6InNzTEt4aFRDTWtQUk9sbW5YR2l2blE9PSIsInZhbHVlIjoiMExJTUJ6Mzdlem8yWEpWd2gwMlJadz09IiwibWFjIjoiODVhZjcwNTM2MDY5NjA1NmEyNGZjZDY0ZDQxMTMzY2FhODY0YWEwYjUwOThkM2FlMjhhMWZjYTg0NzliYWE2YSIsInRhZyI6IiJ9;;[Kegiatan Usaha: -, Kategori: F, KBLI: 41000];;;15/12/2025;UMKM;;;;invalid;;;FALSE;FALSE;TRUE;;;invalid;;;;;;bhineka karya;0;0;0;;;jl ki hajar dewantara no 43;;41;bhineka karya jl ki hajar dewantara no 43 kbli41;3;0;1;0;Tutup;JL KI HAJAR DEWANTARA NO 43;0;0;;;TARIK 02 FEB - 12.00 WITA;6401040004_0_0;;
3934;6395770;BINA CIPTA, CV;JL DR. CIPTOMANGUNKUSUMO GG. RAWA SARI NO 95;6401040004;64;1;40;4;KALIMANTAN TIMUR;PASER;TANAH GROGOT;TANAH GROGOT;eyJpdiI6IjNVay9jTEwwK29oZVpjK0MxL2gvemc9PSIsInZhbHVlIjoiWXdTbDgvOXluVmtyY09jWVpNS3dMZz09IiwibWFjIjoiYzc2NzBkYmExMmY5NmYwYzYwODlmNzI5MzJhMDMxZWFiYTVmYWZjODQyMWFhNzlhMmIxNDVjM2U3YWYyMDFjZSIsInRhZyI6IiJ9;;[Kegiatan Usaha: -, Kategori: F, KBLI: 41000];;;15/12/2025;UMKM;;;;invalid;;;FALSE;FALSE;TRUE;;;invalid;;;;;;bina cipta;0;0;0;;;jl dr ciptomangunkusumo gg rawa sari no 95;;41;bina cipta jl dr ciptomangunkusumo gg rawa sari no 95 kbli41;99;0;0;0;Tidak Ditemukan;JL DR CIPTOMANGUNKUSUMO GG RAWA SARI NO 95;0;0;;;TARIK 02 FEB - 12.00 WITA;6401040004_0_0;;
3935;6395771;BUMI KARSA, CV;JL KANDILO BAHARI NO.01 TANAH GROGOT;6401040004;64;1;40;4;KALIMANTAN TIMUR;PASER;TANAH GROGOT;TANAH GROGOT;eyJpdiI6ImZCZnRzT3BUVC9Hd054RjdXOXlvckE9PSIsInZhbHVlIjoiU0d5dzZvbnlreGNzZmYxRzFGdTZIQT09IiwibWFjIjoiNDA5ZjI5MjQ2NzhkNWRiYWUyODJhYTYxZWI3ZjI5YjI0MWU5MzJiYTBmZjk3N2FlZjdlMThhZDlhMDBjYjk3NiIsInRhZyI6IiJ9;;[Kegiatan Usaha: -, Kategori: F, KBLI: 41000];;;15/12/2025;UMKM;;;;invalid;;;FALSE;FALSE;TRUE;;;invalid;;;;;;bumi karsa;0;0;0;;;jl kandilo bahari no 01 tanah grogot;;41;bumi karsa jl kandilo bahari no 01 tanah grogot kbli41;99;0;1;0;Tidak Ditemukan;JL KANDILO BAHARI NO01 TANAH GROGOT;0;0;;;TARIK 02 FEB - 12.00 WITA;6401040004_0_0;;
3936;6395772;BUMI PASIR, CV;JL R.A. KARTINI;6401040004;64;1;40;4;KALIMANTAN TIMUR;PASER;TANAH GROGOT;TANAH GROGOT;eyJpdiI6ImQrb29tbzFXMXFNM2xXQk45S0N4ZEE9PSIsInZhbHVlIjoiSWpJdWVEVTFRbWtkSVBsUnFMWk1TUT09IiwibWFjIjoiZjdmZTQ1NTQ4YzA5OWExNmEwZTI0NjExYWM3NjJmNDhkN2M2NjM1M2FmMDY5M2VhOTFkMGY1MDY4ODkwMzY4OCIsInRhZyI6IiJ9;;[Kegiatan Usaha: -, Kategori: F, KBLI: 42];;;15/12/2025;UMKM;;;;invalid;;;FALSE;FALSE;TRUE;;;invalid;;;;;;bumi pasir;0;0;0;;;jl r a kartini;;42;bumi pasir jl r a kartini kbli42;99;0;1;0;Tidak Ditemukan;JL RA KARTINI;0;0;;;TARIK 02 FEB - 12.00 WITA;6401040004_0_0;;
3937;6395773;BUMI TAKA, CV;JL MODANG NO 53;6401040004;64;1;40;4;KALIMANTAN TIMUR;PASER;TANAH GROGOT;TANAH GROGOT;eyJpdiI6Ild1NVJoWGlucFYzVkFEY3ZNUnVLSlE9PSIsInZhbHVlIjoiL3hHWDVVS0pBZXYzczU4WVF5UnE5QT09IiwibWFjIjoiNzJlMjYxZjRiYmIyMWI2MzAwZGExZDBkNDExYjVlZGVlNzg5NWMwMzI0YWNmMGY5YzI1MGJhZDg0MDVhZmMzNCIsInRhZyI6IiJ9;;[Kegiatan Usaha: -, Kategori: F, KBLI: 41000];;;15/12/2025;UMKM;;;;invalid;;;FALSE;FALSE;TRUE;;;invalid;;;;;;bumi taka;0;0;0;;;jl modang no 53;;41;bumi taka jl modang no 53 kbli41;99;0;1;0;Tidak Ditemukan;JL MODANG NO 53;0;0;;;TARIK 02 FEB - 12.00 WITA;6401040004_0_0;;
3938;6395774;CAKRA, CV;JL HOS. COKROAMINOTO TANAH GROGOT;6401040004;64;1;40;4;KALIMANTAN TIMUR;PASER;TANAH GROGOT;TANAH GROGOT;eyJpdiI6IjcrMUZJRHY0TnFyQTg0ZkN6b0s1THc9PSIsInZhbHVlIjoidXhsZ0FETWU1cytTTDd5MjJDOHFXUT09IiwibWFjIjoiOTM4MjM3MTFkZmNjY2MxNjg1OTRlMWNhNzk2N2M5MTk0NmU3OTM5Yzk2NWE0ZDI4NjBhNDgzZTY0NzUyM2MxNCIsInRhZyI6IiJ9;;[Kegiatan Usaha: -, Kategori: F, KBLI: 42];;;15/12/2025;UMKM;;;;invalid;;;FALSE;FALSE;TRUE;;;invalid;;;;;;cakra;0;0;0;;;jl hos cokroaminoto tanah grogot;;42;cakra jl hos cokroaminoto tanah grogot kbli42;99;0;1;0;Tidak Ditemukan;JL HOS COKROAMINOTO TANAH GROGOT;0;0;;;TARIK 02 FEB - 12.00 WITA;6401040004_0_0;;
3939;6395775;CENDRAWASIH, CV;JL SULTAN HASANUDDIN NO 85 BLOK A GG. MAWAR TANAH GROGO;6401040004;64;1;40;4;KALIMANTAN TIMUR;PASER;TANAH GROGOT;TANAH GROGOT;eyJpdiI6Ijc1TmE2b2NYS0pUZ2E0TWUxVmJBMUE9PSIsInZhbHVlIjoiaEMwSS9kNTFyTXFUSHhtVUdFUE90dz09IiwibWFjIjoiN2NhNzQyYWQzYzliYjBmMTljMGFhZWJkNDM3YzUxM2Q5MzgwNDQzNGZmNjk4MTkwNDNiZDdiZTBkZWRmMDExNyIsInRhZyI6IiJ9;;[Kegiatan Usaha: -, Kategori: F, KBLI: 42];;;15/12/2025;UMKM;;;;invalid;;;FALSE;FALSE;TRUE;;;invalid;;;;;;cendrawasih;0;0;0;;;jl sultan hasanuddin no 85 blok a gg mawar tanah grogo;;42;cendrawasih jl sultan hasanuddin no 85 blok a gg mawar tanah grogo kbli42;99;0;1;0;Tidak Ditemukan;JL SULTAN HASANUDDIN NO 85 BLOK A GG MAWAR TANAH GROGO;0;0;;;TARIK 02 FEB - 12.00 WITA;6401040004_0_0;;
3940;6395776;CERAH, CV;JL AHMAD DAHLAN;6401040004;64;1;40;4;KALIMANTAN TIMUR;PASER;TANAH GROGOT;TANAH GROGOT;eyJpdiI6IlBQaVBLZytTbUo5WkdscWZHTlB2Vmc9PSIsInZhbHVlIjoiWjFIcHdqR0ZJdER4M0hjdG03akJRZz09IiwibWFjIjoiN2ZmMTZjNDI4NjlhMjExYmMwYWRmODRiNzM1OWU3YzVlMjViNjVkOTQxYTIyMDRmNWJiZWNjM2IyZTBjYTFmMiIsInRhZyI6IiJ9;;[Kegiatan Usaha: -, Kategori: F, KBLI: 42];;;15/12/2025;UMKM;;;;invalid;;;FALSE;FALSE;TRUE;;;invalid;;;;;;cerah;0;0;0;;;jl ahmad dahlan;;42;cerah jl ahmad dahlan kbli42;99;0;1;0;Tidak Ditemukan;JL AHMAD DAHLAN;0;0;;;TARIK 02 FEB - 12.00 WITA;6401040004_0_0;;
3946;6395782;CITRA KARYA, CV;JL RA. KARTINI GG. CITRA NO 24 TANAH GROGOT;6401040004;64;1;40;4;KALIMANTAN TIMUR;PASER;TANAH GROGOT;TANAH GROGOT;eyJpdiI6IkZWc2RqZ2FTd3JRSExuWlUvZHNiVFE9PSIsInZhbHVlIjoiQUV4dXB5bkVrQ3ZDdDdYZ3FRc2pXdz09IiwibWFjIjoiZGFhYTYwYjM4YTkwYzQxNGZiMTJhMTgyOWY4NzFiNTVkYjQ3ZjM5YzNjODI1MjljYTQ2MzU3OTlhYWJmNDVkYSIsInRhZyI6IiJ9;;[Kegiatan Usaha: -, Kategori: F, KBLI: 42];;;15/12/2025;UMKM;;;;invalid;;;FALSE;FALSE;TRUE;;;invalid;;;;;;citra karya;0;0;0;;;jl ra kartini gg citra no 24 tanah grogot;;42;citra karya jl ra kartini gg citra no 24 tanah grogot kbli42;99;0;1;0;Tidak Ditemukan;JL RA KARTINI GG CITRA NO 24 TANAH GROGOT;0;0;;;TARIK 02 FEB - 12.00 WITA;6401040004_0_0;;
3950;6395786;DAYA CIPTA, CV;JL MODANG NO 23;6401040004;64;1;40;4;KALIMANTAN TIMUR;PASER;TANAH GROGOT;TANAH GROGOT;eyJpdiI6InJ5bjhTbVRzUk9yUGo5bEFWbUxIQmc9PSIsInZhbHVlIjoiSC9FaFY4ektxaUNGa3ozUDllTDFMQT09IiwibWFjIjoiYWY1YWZkYTlhYmM2ZTllYWU2MjZkY2ZmMWIyNTY2ZTQ5MWZkMWEyMGQ2NWQzOGE0MmNlNDViZWI4OTI1M2VkNyIsInRhZyI6IiJ9;;[Kegiatan Usaha: -, Kategori: F, KBLI: 41000];;;15/12/2025;UMKM;;;;invalid;;;FALSE;FALSE;TRUE;;;invalid;;;;;;daya cipta;0;0;0;;;jl modang no 23;;41;daya cipta jl modang no 23 kbli41;99;0;0;0;Tidak Ditemukan;JL MODANG NO 23;0;0;;;TARIK 02 FEB - 12.00 WITA;6401040004_0_0;;
3951;6395787;DIAN NUR, CV;JL HOS. COKROAMINOTO NO 99;6401040004;64;1;40;4;KALIMANTAN TIMUR;PASER;TANAH GROGOT;TANAH GROGOT;eyJpdiI6ImJBL05SWDc0UE9FRFFlOWlpdHJRN0E9PSIsInZhbHVlIjoidXJnczdrbjRBbzU0NXN3enlPZ0JiZz09IiwibWFjIjoiYjkxZWE3MWYyMDc4MTM3ZDMyM2NlZDFhYTYyYmMyNGY1Zjc0MzY5NzZjYjIxOTY1ZjFhYmFlODk1ODg1MTY5MiIsInRhZyI6IiJ9;;[Kegiatan Usaha: -, Kategori: F, KBLI: 41000];;;15/12/2025;UMKM;;;;invalid;;;FALSE;FALSE;TRUE;;;invalid;;;;;;dian nur;0;0;0;;;jl hos cokroaminoto no 99;;41;dian nur jl hos cokroaminoto no 99 kbli41;3;0;1;0;Tutup;JL HOS COKROAMINOTO NO 99;0;0;;;TARIK 02 FEB - 12.00 WITA;6401040004_0_0;;
3954;6395790;ENGGAL JAYA, CV;JL RM. NOTO SUNARDI NO.24 TANAH GROGOT;6401040004;64;1;40;4;KALIMANTAN TIMUR;PASER;TANAH GROGOT;TANAH GROGOT;eyJpdiI6IjZwVW1oRG9YOEttVGFUQTlsaXl0MFE9PSIsInZhbHVlIjoiRS8yaXlIQzlKclhkT0lOc3E3SEROdz09IiwibWFjIjoiYTIyM2M4OGExYmIxZWVhMWQyMzVmOGRjNjUyOGM0ZjMwNWE5ODI1Y2JlYzRlMDQxNzhiZWZlZTMyODUzODA0MiIsInRhZyI6IiJ9;;[Kegiatan Usaha: -, Kategori: F, KBLI: 42];;;15/12/2025;UMKM;;;;invalid;;;FALSE;FALSE;TRUE;;;invalid;;;;;;enggal jaya;0;0;0;;;jl rm noto sunardi no 24 tanah grogot;;42;enggal jaya jl rm noto sunardi no 24 tanah grogot kbli42;99;0;1;0;Tidak Ditemukan;JL RM NOTO SUNARDI NO24 TANAH GROGOT;0;0;;;TARIK 02 FEB - 12.00 WITA;6401040004_0_0;;
3955;6395797;FIZDTOR WIDYA REKAYASA, CV;JL KH. ACHMAD DAHLAN NO 31 TANAH GROGOT;6401040004;64;1;40;4;KALIMANTAN TIMUR;PASER;TANAH GROGOT;TANAH GROGOT;eyJpdiI6IkFQRVZqdWNVa3lmbEd1aExrMTJxa0E9PSIsInZhbHVlIjoiMHpXdWtiLzRqaUZQc3doaUhHVkNaQT09IiwibWFjIjoiMjE3YTU5MzY0NzQ5MWMzNjQ5OTUwNTQyYTljN2Y1ZDk5YTllZjFmNmYzMjc0NTE4MGQwMjNhNzUwNTA2ZWU0MCIsInRhZyI6IiJ9;;[Kegiatan Usaha: -, Kategori: F, KBLI: 42];;;15/12/2025;UMKM;;;;invalid;;;FALSE;FALSE;TRUE;;;invalid;;;;;;fizdtor widya rekayasa;0;0;0;;;jl kh achmad dahlan no 31 tanah grogot;;42;fizdtor widya rekayasa jl kh achmad dahlan no 31 tanah grogot kbli42;99;0;1;0;Tidak Ditemukan;JL KH ACHMAD DAHLAN NO 31 TANAH GROGOT;0;0;;;TARIK 02 FEB - 12.00 WITA;6401040004_0_0;;
3956;6395798;GAJAH MADA, CV;JL GAJAH MADA NO 99;6401040004;64;1;40;4;KALIMANTAN TIMUR;PASER;TANAH GROGOT;TANAH GROGOT;eyJpdiI6ImlLeUhoc2VmS3ludGZMN2h3MndNMGc9PSIsInZhbHVlIjoiNVFqTjBzYTg4SFdSK0o0V2xsL0txdz09IiwibWFjIjoiMTExMmFkNTAyNDkxYzk4MjUxMzVjM2M2NmIwOTA2Njk3ZTAxMDBiNjM2MzAwNTdmMzJiNzc3YWRlMjQ0N2QxZiIsInRhZyI6IiJ9;;[Kegiatan Usaha: -, Kategori: F, KBLI: 41000];;;15/12/2025;UMKM;;-1.908303;116.190209;valid;;;FALSE;FALSE;TRUE;;;invalid;;;;;;gajah mada;0;0;0;;;jl gajah mada no 99;;41;gajah mada jl gajah mada no 99 kbli41;3;0;1;0;Tutup;JL GAJAH MADA NO 99;0;0;;;TARIK 02 FEB - 12.00 WITA;6401040004_0_0;;
3958;6395800;GIRI KENCANA TEKNIK, CV;JL JEND. SUDIRMAN NO 32;6401040004;64;1;40;4;KALIMANTAN TIMUR;PASER;TANAH GROGOT;TANAH GROGOT;eyJpdiI6InJaeGdIYjBiRHhlMHFTWkREMUo4b3c9PSIsInZhbHVlIjoiek1NZ1E0M2Y4cVdlMkVVUnpTbjVUQT09IiwibWFjIjoiNjAwNTAyMTkwODNkZGQ0NTU1MDYwZDdiZjc5MmFkMDEzZmI2ZWY5YTRhNzc1Njc2NDc1MTcxYTlmMzdiMjY4NyIsInRhZyI6IiJ9;;[Kegiatan Usaha: -, Kategori: F, KBLI: 41000];;;15/12/2025;UMKM;;;;invalid;;;FALSE;FALSE;TRUE;;;invalid;;;;;;giri kencana teknik;0;0;0;;;jl jend sudirman no 32;;41;giri kencana teknik jl jend sudirman no 32 kbli41;99;0;1;0;Tidak Ditemukan;JL JEND SUDIRMAN NO 32;0;0;;;TARIK 02 FEB - 12.00 WITA;6401040004_0_0;;
3959;6395801;GUBAH DAYA CONSULTANT, CV;JL ST. IBRAHIM KHALILUDDIN NO 10;6401040004;64;1;40;4;KALIMANTAN TIMUR;PASER;TANAH GROGOT;TANAH GROGOT;eyJpdiI6ImNHb2pURXJOd3FQVU5aRmZYQWVoTWc9PSIsInZhbHVlIjoibEh5V2l5TTZUb3RMMUFvTFJ5NVliQT09IiwibWFjIjoiZDY2ZjIxY2U4Mzk4OThkMmRjZWE1ZTRmYjgzZmMzZDk3YWMxMDEzYjkzZWM2MzU0NjMwNDAxNGIyNTBhNGU2ZCIsInRhZyI6IiJ9;;[Kegiatan Usaha: -, Kategori: F, KBLI: 41000];;;15/12/2025;UMKM;;;;invalid;;;FALSE;FALSE;TRUE;;;invalid;;;;;;gubah daya consultant;0;0;0;;;jl st ibrahim khaliluddin no 10;;41;gubah daya consultant jl st ibrahim khaliluddin no 10 kbli41;99;0;1;0;Tidak Ditemukan;JL ST IBRAHIM KHALILUDDIN NO 10;0;0;;;TARIK 02 FEB - 12.00 WITA;6401040004_0_0;;
3960;6395802;HIDJRAH, CV;JL COKRO GG. KELUARGA T. PASER;6401040004;64;1;40;4;KALIMANTAN TIMUR;PASER;TANAH GROGOT;TANAH GROGOT;eyJpdiI6InJ3Wm43MEVIVlZDM09yZDFLOFZnOEE9PSIsInZhbHVlIjoiVGFBYzZTVjVhTnVHUkxic1BLS1VSZz09IiwibWFjIjoiZGQwMGJkZjllY2I0YTJiMDY4Yjc0MzZlZDkyODRjNjc3ODk2ZTRiYTA3ODg3YTM5MGFmZDhlZjhiNGNhZjc5YSIsInRhZyI6IiJ9;;[Kegiatan Usaha: -, Kategori: F, KBLI: 42];;;15/12/2025;UMKM;;;;invalid;;;FALSE;FALSE;TRUE;;;invalid;;;;;;hidjrah;0;0;0;;;jl cokro gg keluarga t paser;;42;hidjrah jl cokro gg keluarga t paser kbli42;99;0;1;0;Tidak Ditemukan;JL COKRO GG KELUARGA T PASER;0;0;;;TARIK 02 FEB - 12.00 WITA;6401040004_0_0;;
3962;6395804;INAYAH, CV;JL KP. TENDEAN;6401040004;64;1;40;4;KALIMANTAN TIMUR;PASER;TANAH GROGOT;TANAH GROGOT;eyJpdiI6IlhXRjByeTdSTHd2anRkQjlYYzJmY0E9PSIsInZhbHVlIjoiTzNEVTd2OFB2TXZUbEx4cngydEVKdz09IiwibWFjIjoiMzUxMjhmMzlmOTUyNjhhMGFkODJkMzhjMTM2NDA3MmQ3ZGM0MDJiMDA3ZDZmY2NlOTQxYmJlNjYxYTFmMGIxMyIsInRhZyI6IiJ9;;[Kegiatan Usaha: -, Kategori: F, KBLI: 42];;;15/12/2025;UMKM;;;;invalid;;;FALSE;FALSE;TRUE;;;invalid;;;;;;inayah;0;0;0;;;jl kp tendean;;42;inayah jl kp tendean kbli42;99;0;1;0;Tidak Ditemukan;JL KP TENDEAN;0;0;;;TARIK 02 FEB - 12.00 WITA;6401040004_0_0;;
3963;6395805;INDAH BARU, CV;JL SULTAN HASANUDDIN;6401040004;64;1;40;4;KALIMANTAN TIMUR;PASER;TANAH GROGOT;TANAH GROGOT;eyJpdiI6Ikh4bnNLZVY3UVVFQ1BjakdDeHVWNXc9PSIsInZhbHVlIjoiMDRxSGd6NFh0Q1NrL0dWeTFERWk3Zz09IiwibWFjIjoiOTcyZjJlZjMyN2Y1N2Y3NWQzMjBkZDFmNjZiM2M5NzdiY2YxYjNlM2MxNGQzZDMzMzMyMGQ0ZjI4MDI4MTQxMCIsInRhZyI6IiJ9;;[Kegiatan Usaha: -, Kategori: F, KBLI: 42];;;15/12/2025;UMKM;;;;invalid;;;FALSE;FALSE;TRUE;;;invalid;;;;;;indah baru;0;0;0;;;jl sultan hasanuddin;;42;indah baru jl sultan hasanuddin kbli42;99;0;1;0;Tidak Ditemukan;JL SULTAN HASANUDDIN;0;0;;;TARIK 02 FEB - 12.00 WITA;6401040004_0_0;;
3964;6395806;INDAH PERMATA SARI, CV;JL ANDEN OKO;6401040004;64;1;40;4;KALIMANTAN TIMUR;PASER;TANAH GROGOT;TANAH GROGOT;eyJpdiI6InloR2dQSXRQVjAzcGYycGZNYkdkMnc9PSIsInZhbHVlIjoic041bFpleklNYjRrYlQ4bG9ZZXFkZz09IiwibWFjIjoiOGNmM2ZiMjk2M2Y3ZGEyMDE5YzVhODAyYTQ0ZWE5ODk5YTE2YWQzZTEzNTdlYzUwMmFjMzZiNTM5NTRiZGVmOCIsInRhZyI6IiJ9;;[Kegiatan Usaha: -, Kategori: F, KBLI: 41000];;;15/12/2025;UMKM;;;;invalid;;;FALSE;FALSE;TRUE;;;invalid;;;;;;indah permata sari;0;0;0;;;jl anden oko;;41;indah permata sari jl anden oko kbli41;99;0;1;0;Tidak Ditemukan;JL ANDEN OKO;0;0;;;TARIK 02 FEB - 12.00 WITA;6401040004_0_0;;
3965;6395807;INDO SIMA JAYA UTAMA, CV;P. MENTRI;6401040004;64;1;40;4;KALIMANTAN TIMUR;PASER;TANAH GROGOT;TANAH GROGOT;eyJpdiI6IkRGNldHT0hqVXptcE9oQytDVlppWkE9PSIsInZhbHVlIjoiUWltZnhKMnVtbzZpamlUTUpWN095Zz09IiwibWFjIjoiMDMzNzlhNzZiMjQ1MGU5YWFkY2QxMTYyY2Y1NjQ4ZjIyOWJjNjE4NWFhMGVlZTIzNzg0OTMyNDdiZjA0NmM1NiIsInRhZyI6IiJ9;;[Kegiatan Usaha: -, Kategori: F, KBLI: 43000];;;15/12/2025;UMKM;;;;invalid;;;FALSE;FALSE;TRUE;;;invalid;;;;;;indo sima jaya utama;0;0;0;;;p mentri;;43;indo sima jaya utama p mentri kbli43;99;0;1;0;Tidak Ditemukan;P MENTRI;0;0;;;TARIK 02 FEB - 12.00 WITA;6401040004_0_0;;
3966;6395808;INDRA JULIADY, CV;JL ST. IBRAHIM CHALILUDIN NO 4;6401040004;64;1;40;4;KALIMANTAN TIMUR;PASER;TANAH GROGOT;TANAH GROGOT;eyJpdiI6ImZzazVHS29JYmNLZEw3T2RJU3RJelE9PSIsInZhbHVlIjoiTmI2VGZranNDYm5JQUxiZEFTVm0xQT09IiwibWFjIjoiMTRiMzRjMzU0ZGRjNWIwZTdhYWZlNDQzY2I3M2M4NjE3NThjMjEwNDAyMWY3Yzk1ZmMwNzZjMGNhNjMyMjBlMyIsInRhZyI6IiJ9;;[Kegiatan Usaha: -, Kategori: F, KBLI: 41000];;;15/12/2025;UMKM;;;;invalid;;;FALSE;FALSE;TRUE;;;invalid;;;;;;indra juliady;0;0;0;;;jl st ibrahim chaliludin no 4;;41;indra juliady jl st ibrahim chaliludin no 4 kbli41;99;0;1;0;Tidak Ditemukan;JL ST IBRAHIM CHALILUDIN NO 4;0;0;;;TARIK 02 FEB - 12.00 WITA;6401040004_0_0;;
3967;6395810;ISEDTA MUCHSYAM PUTRA, CV;JL JEND. SUDIRMAN NO.09;6401040004;64;1;40;4;KALIMANTAN TIMUR;PASER;TANAH GROGOT;TANAH GROGOT;eyJpdiI6IkI2MXZQd2hBQ29tcEdhTFQvZ3B3R1E9PSIsInZhbHVlIjoieTU4VXljSWg3LzJNTGhka3dhQU52QT09IiwibWFjIjoiNThkOGRkYjk1ZWE1MDNkMjhlZjNiOThlOTYxNjkyN2Q5OTMxM2ZkOTI2MGRlMTg5YjEyYTYxNmMyNTk4MDVmYiIsInRhZyI6IiJ9;;[Kegiatan Usaha: -, Kategori: F, KBLI: 41000];;;15/12/2025;UMKM;;;;invalid;;;FALSE;FALSE;TRUE;;;invalid;;;;;;isedta muchsyam putra;0;0;0;;;jl jend sudirman no 09;;41;isedta muchsyam putra jl jend sudirman no 09 kbli41;99;0;1;0;Tidak Ditemukan;JL JEND SUDIRMAN NO09;0;0;;;TARIK 02 FEB - 12.00 WITA;6401040004_0_0;;
3970;6395813;KARYA AMANAH, CV;JL KANDILO BAHARI NO 77;6401040004;64;1;40;4;KALIMANTAN TIMUR;PASER;TANAH GROGOT;TANAH GROGOT;eyJpdiI6Ik0xYzBZd1BoV2NadUlvZTBvRDFpZFE9PSIsInZhbHVlIjoic2JxZ2FYOVY4SHZESEpJTzV0VDMrdz09IiwibWFjIjoiZmRmNjk3NTJiMWI0NmUwZjc2YjRjMmMzOTA5ZDZmMjExZjRmNDQ2NTk3M2YxYzZiZDg2NTJhYTVmZGQ5NzQwZiIsInRhZyI6IiJ9;;[Kegiatan Usaha: -, Kategori: F, KBLI: 41000];;;15/12/2025;UMKM;;;;invalid;;;FALSE;FALSE;TRUE;;;invalid;;;;;;karya amanah;0;0;0;;;jl kandilo bahari no 77;;41;karya amanah jl kandilo bahari no 77 kbli41;99;0;1;0;Tidak Ditemukan;JL KANDILO BAHARI NO 77;0;0;;;TARIK 02 FEB - 12.00 WITA;6401040004_0_0;;
3972;6395815;KARYA CIPTA, CV;JL R.M.NOTO SUNARDI TANA PASER;6401040004;64;1;40;4;KALIMANTAN TIMUR;PASER;TANAH GROGOT;TANAH GROGOT;eyJpdiI6ImhaWjE5UDBXRGF6VzdsbFFGNEtXQXc9PSIsInZhbHVlIjoiYmRWUEkrWlRoWDNad1d6TFNvelpDdz09IiwibWFjIjoiMDY0NTVkZjIzNWI1YzJlNzg3OWFkYjkzNjQ1ZTE1ZDZjMGVjZjFjMjU1ZDhlYTdiZjU0Nzg0MGI0OTQ5NmIyMyIsInRhZyI6IiJ9;;[Kegiatan Usaha: -, Kategori: F, KBLI: 41000];;;15/12/2025;UMKM;;;;invalid;;;FALSE;FALSE;TRUE;;;invalid;;;;;;karya cipta;0;0;0;;;jl r m noto sunardi tana paser;;41;karya cipta jl r m noto sunardi tana paser kbli41;99;0;0;0;Tidak Ditemukan;JL RMNOTO SUNARDI TANA PASER;0;0;;;TARIK 02 FEB - 12.00 WITA;6401040004_0_0;;
3973;6395816;KARYA GEMBIRA, CV;JL K.H. ACHMAD DAHLAN NO 8 TANAH GROGOT;6401040004;64;1;40;4;KALIMANTAN TIMUR;PASER;TANAH GROGOT;TANAH GROGOT;eyJpdiI6IkFnWDd2YTVWd0FlVjJ1TlJ4QUJQYXc9PSIsInZhbHVlIjoiTG94YjIzZE0zSll4Um16eEJxRXdTZz09IiwibWFjIjoiNmRiMGQ2YjY4ODA3MmJkZGQ4YzcwMTJjZjI4YWZiNGY5MzdhNjQ0NTY1NTA4Y2ViMDIzZDY0OTk0OTYxYzNkYyIsInRhZyI6IiJ9;;[Kegiatan Usaha: -, Kategori: F, KBLI: 41000];;;15/12/2025;UMKM;;;;invalid;;;FALSE;FALSE;TRUE;;;invalid;;;;;;karya gembira;0;0;0;;;jl k h achmad dahlan no 8 tanah grogot;;41;karya gembira jl k h achmad dahlan no 8 tanah grogot kbli41;99;0;1;0;Tidak Ditemukan;JL KH ACHMAD DAHLAN NO 8 TANAH GROGOT;0;0;;;TARIK 02 FEB - 12.00 WITA;6401040004_0_0;;
3974;6395817;KARYA INDAH BERSAMA, CV;JL KESUMA BANGSA GROGOT;6401040004;64;1;40;4;KALIMANTAN TIMUR;PASER;TANAH GROGOT;TANAH GROGOT;eyJpdiI6IkR6K2ZCZHp1TmxUc01CSmoxb3NiblE9PSIsInZhbHVlIjoiL010cForWWxsK2JVOEFKVHNucThvUT09IiwibWFjIjoiZDRmODJkYmVlMmJlMjlhZGMzZmJiNTgwNGZlODQ0NzAxNjM4N2Q1ZTZjNjkxNjc5OGE4MTkyZTUxODUyODhkYiIsInRhZyI6IiJ9;;[Kegiatan Usaha: -, Kategori: F, KBLI: 42];;;15/12/2025;UMKM;;;;invalid;;;FALSE;FALSE;TRUE;;;invalid;;;;;;karya indah bersama;0;0;0;;;jl kesuma bangsa grogot;;42;karya indah bersama jl kesuma bangsa grogot kbli42;99;0;1;0;Tidak Ditemukan;JL KESUMA BANGSA GROGOT;0;0;;;TARIK 02 FEB - 12.00 WITA;6401040004_0_0;;
3975;6395818;KARYA JAYA, CV;JL MODANG;6401040004;64;1;40;4;KALIMANTAN TIMUR;PASER;TANAH GROGOT;TANAH GROGOT;eyJpdiI6Ijl1V01LTURFR1hZNnQ5cWRIdFhYOEE9PSIsInZhbHVlIjoiRTdPQVU4UXFqZmZRZmJmYlFzbWpLQT09IiwibWFjIjoiYjE3ZDM0YjA0ZmEzYTYzNjczNjU1MTk5NDYwOTBhYzI5NzlmNDJlOGMyYzEwMGQ4MTBlZmNjZTdkNjIzMzg5YyIsInRhZyI6IiJ9;;[Kegiatan Usaha: -, Kategori: F, KBLI: 42];;;15/12/2025;UMKM;;;;invalid;;;FALSE;FALSE;TRUE;;;invalid;;;;;;karya jaya;0;0;0;;;jl modang;;42;karya jaya jl modang kbli42;99;0;1;0;Tidak Ditemukan;JL MODANG;0;0;;;TARIK 02 FEB - 12.00 WITA;6401040004_0_0;;
3978;6395748;ILHAM, CV;JL R. SUPRAPTO;6401040016;64;1;40;16;KALIMANTAN TIMUR;PASER;TANAH GROGOT;SENAKEN;eyJpdiI6InU3Z2YyR09yeFE3dVlnVHkwK2hjeXc9PSIsInZhbHVlIjoiUGJkb1YwekFydEgyd1RIMUI5MUhqdz09IiwibWFjIjoiNDk2NDM5YWIwMjUyMTkzYmZiOWFiNmJlOWEyOWRjZTNiMDQ3MWIwZmYzYWIwMjBiNjQ4MWNjZmY3NWQ0Y2MzYSIsInRhZyI6IiJ9;;[Kegiatan Usaha: -, Kategori: F, KBLI: 43909];;;15/12/2025;UMKM;;;;invalid;;;FALSE;FALSE;TRUE;;;invalid;;;;;;ilham;0;0;0;;;jl r suprapto;;43;ilham jl r suprapto kbli43;99;0;1;0;Tidak Ditemukan;JL R SUPRAPTO;0;0;;;TARIK 02 FEB - 12.00 WITA;6401040016_0_0;;
3979;6395760;ANUGRAH JAYA MANDIRI, CV;JL KESUMA BANGSA TANAH GROGOT;6401040004;64;1;40;4;KALIMANTAN TIMUR;PASER;TANAH GROGOT;TANAH GROGOT;eyJpdiI6IkE3a2prUmYvYnZySlh0UGRiaVk1L1E9PSIsInZhbHVlIjoiNDhlWXBoMThCN2JYTHFUSXlhN2Y5UT09IiwibWFjIjoiODRkZDUxM2M5OTRlZmM5MWM5N2U1YjViOTZhMjE2ZDEwOTNiMmU4ZmJiOTUyMDQwNGRhOTczOTA1YTVkMjU0NSIsInRhZyI6IiJ9;;[Kegiatan Usaha: -, Kategori: F, KBLI: 41000];;;15/12/2025;UMKM;;;;invalid;;;FALSE;FALSE;TRUE;;;invalid;;;;;;anugrah jaya mandiri;0;0;0;;;jl kesuma bangsa tanah grogot;;41;anugrah jaya mandiri jl kesuma bangsa tanah grogot kbli41;99;0;1;0;Tidak Ditemukan;JL KESUMA BANGSA TANAH GROGOT;0;0;;;TARIK 02 FEB - 12.00 WITA;6401040004_0_0;;
3980;6395792;FAJAR PRIMANUSA ENGINEERING, CV;JL HOS COKROAMINOTO NO 23 TANAH GROGOT;6401040004;64;1;40;4;KALIMANTAN TIMUR;PASER;TANAH GROGOT;TANAH GROGOT;eyJpdiI6Ijc0M01WSndlckczMHNKUnR3bk5Tbnc9PSIsInZhbHVlIjoiM0JRVi92Vlg5TjZNdE9GOGZqMDFMdz09IiwibWFjIjoiZjFmNTUwM2Q5ZWFjOTJmM2QwODgyNzRiYzViYzk4MzY1ODYzYmMwMzI1NDQ0NGVhYjU5MzQ1M2VkNzNjNDNjNCIsInRhZyI6IiJ9;;[Kegiatan Usaha: -, Kategori: F, KBLI: 41000];;;15/12/2025;UMKM;;;;invalid;;;FALSE;FALSE;TRUE;;;invalid;;;;;;fajar primanusa engineering;0;0;0;;;jl hos cokroaminoto no 23 tanah grogot;;41;fajar primanusa engineering jl hos cokroaminoto no 23 tanah grogot kbli41;99;0;1;0;Tidak Ditemukan;JL HOS COKROAMINOTO NO 23 TANAH GROGOT;0;0;;;TARIK 02 FEB - 12.00 WITA;6401040004_0_0;;
3981;6395793;FARIZTAMA PUTRA MANDIRI, CV;ST KHALILUDIN;6401040004;64;1;40;4;KALIMANTAN TIMUR;PASER;TANAH GROGOT;TANAH GROGOT;eyJpdiI6IkkxSnI2WStHeE1kcjRtYytMZGY1ZFE9PSIsInZhbHVlIjoiaE5pRmVoaHJxZlNFRFh0R2RGVUhUUT09IiwibWFjIjoiOTliZTBjYmU0NDBkYWVlMGNlNzc4MzdhYTI4ZmYwNWIyODRkNTFiYTQ3ZmJjY2FkZTcxY2JmODk0MDhiYjE1YSIsInRhZyI6IiJ9;;[Kegiatan Usaha: -, Kategori: F, KBLI: 41000];;;15/12/2025;UMKM;;;;invalid;;;FALSE;FALSE;TRUE;;;invalid;;;;;;fariztama putra mandiri;0;0;0;;;st khaliludin;;41;fariztama putra mandiri st khaliludin kbli41;99;0;1;0;Tidak Ditemukan;ST KHALILUDIN;0;0;;;TARIK 02 FEB - 12.00 WITA;6401040004_0_0;;
3986;6395824;LANDI KARYA, CV;JL ANDEN OKO NO 29;6401040004;64;1;40;4;KALIMANTAN TIMUR;PASER;TANAH GROGOT;TANAH GROGOT;eyJpdiI6IlpsUGoxZFVWckgzZEtnT0MzcVJaQkE9PSIsInZhbHVlIjoiWElKeHdKdGU4NXNyMTIwQXl1VTlUQT09IiwibWFjIjoiZTczM2EzN2JjOTZiOThkZTdkOTNiMWE5ODk0MzlmOTdhMDgzMjMxOWU2MzJiNGZkMjc4YTBiMjEwMzRmMTA0YSIsInRhZyI6IiJ9;;[Kegiatan Usaha: -, Kategori: F, KBLI: 41000];;;15/12/2025;UMKM;;;;invalid;;;FALSE;FALSE;TRUE;;;invalid;;;;;;landi karya;0;0;0;;;jl anden oko no 29;;41;landi karya jl anden oko no 29 kbli41;99;0;1;0;Tidak Ditemukan;JL ANDEN OKO NO 29;0;0;;;TARIK 02 FEB - 12.00 WITA;6401040004_0_0;;
3989;6395827;MANDAR JAYA, CV;JL ANDEAN OKO TANAH GROGOT;6401040004;64;1;40;4;KALIMANTAN TIMUR;PASER;TANAH GROGOT;TANAH GROGOT;eyJpdiI6Ii9aMUhGeEc1MXpndTlzSFZvV3pnNFE9PSIsInZhbHVlIjoiaGh2aHJRMWxPQzlVVmU3V09jeHhvUT09IiwibWFjIjoiYjQyZDcwZTkzMDgzMDY5N2ZjNzc1MTIzYTZkNWQ4OGIwZGRlOWZmYTdmYjA1OTcwZDgzM2EzZGMwOTk1YzQ3MSIsInRhZyI6IiJ9;;[Kegiatan Usaha: -, Kategori: F, KBLI: 41000];;;15/12/2025;UMKM;;;;invalid;;;FALSE;FALSE;TRUE;;;invalid;;;;;;mandar jaya;0;0;0;;;jl andean oko tanah grogot;;41;mandar jaya jl andean oko tanah grogot kbli41;99;0;1;0;Tidak Ditemukan;JL ANDEAN OKO TANAH GROGOT;0;0;;;TARIK 02 FEB - 12.00 WITA;6401040004_0_0;;
3990;6395828;MAULANA JAYA, CV;JL GAJAH MADA NO.99;6401040004;64;1;40;4;KALIMANTAN TIMUR;PASER;TANAH GROGOT;TANAH GROGOT;eyJpdiI6IngrOVF6dXZKVHRZbFVzR1Y3TGZZMUE9PSIsInZhbHVlIjoiSUl4NmNLRXF0TVo2RStTYjVia2o2QT09IiwibWFjIjoiYTkwYzJkZWVmMDFiNzNlMzk3NDllN2Q0MWRmYmQxYzE5MTk0YTA5YTdlNDkxNmNhYjcwN2U0MWFlOWYzM2ZiMSIsInRhZyI6IiJ9;;[Kegiatan Usaha: -, Kategori: F, KBLI: 41000];;;15/12/2025;UMKM;;-1.908303;116.190209;valid;;;FALSE;FALSE;TRUE;;;invalid;;;;;;maulana jaya;0;0;0;;;jl gajah mada no 99;;41;maulana jaya jl gajah mada no 99 kbli41;3;0;1;0;Tutup;JL GAJAH MADA NO99;0;0;;;TARIK 02 FEB - 12.00 WITA;6401040004_0_0;;
3991;6395829;MAYA PADA, CV;JL JEND. SUDIRMAN NO 41 TANAH GROGOT;6401040004;64;1;40;4;KALIMANTAN TIMUR;PASER;TANAH GROGOT;TANAH GROGOT;eyJpdiI6IkVJSGFhUHNld0RpWGFScDZrNHlnY2c9PSIsInZhbHVlIjoidFRKdnJ6U2lrQkNabENYaHFMeEFJZz09IiwibWFjIjoiMTczNDcxNmIyOGI3YmZiNmU0YWNjMzI2OGZiMjcwZjdlMTFhOTliMzM2NmRiMmM1MGMyMzM4MzAzZGUyYjI5YiIsInRhZyI6IiJ9;;[Kegiatan Usaha: -, Kategori: F, KBLI: 41000];;;15/12/2025;UMKM;;;;invalid;;;FALSE;FALSE;TRUE;;;invalid;;;;;;maya pada;0;0;0;;;jl jend sudirman no 41 tanah grogot;;41;maya pada jl jend sudirman no 41 tanah grogot kbli41;99;0;1;0;Tidak Ditemukan;JL JEND SUDIRMAN NO 41 TANAH GROGOT;0;0;;;TARIK 02 FEB - 12.00 WITA;6401040004_0_0;;
3993;6395831;MERANTI, CV;JL K.H. AGUS SALIM GG. MERANTI NO 21 TANAH GROGOT;6401040004;64;1;40;4;KALIMANTAN TIMUR;PASER;TANAH GROGOT;TANAH GROGOT;eyJpdiI6ImR2TndVbE9KSUEvL3U4cUVxYitXYUE9PSIsInZhbHVlIjoiMTdXTGNjMlhRMkZmVEhvOWFqOTExQT09IiwibWFjIjoiNmUyNGI4OTgxYjFlNjMyZGIzZmExYTQ3YTg2YWNkOWM1YmE1MTU3NTU3N2QyZWQyNzBhY2IyMzgxNTdjYTA5MyIsInRhZyI6IiJ9;;[Kegiatan Usaha: -, Kategori: F, KBLI: 41000];;;15/12/2025;UMKM;;;;invalid;;;FALSE;FALSE;TRUE;;;invalid;;;;;;meranti;0;0;0;;;jl k h agus salim gg meranti no 21 tanah grogot;;41;meranti jl k h agus salim gg meranti no 21 tanah grogot kbli41;99;0;1;0;Tidak Ditemukan;JL KH AGUS SALIM GG MERANTI NO 21 TANAH GROGOT;0;0;;;TARIK 02 FEB - 12.00 WITA;6401040004_0_0;;
3995;6395837;MODANG, CV;JL MODANG NO.53;6401040004;64;1;40;4;KALIMANTAN TIMUR;PASER;TANAH GROGOT;TANAH GROGOT;eyJpdiI6IkRMOXZ1REltbG51ZFV0SDZ3aUE0TXc9PSIsInZhbHVlIjoiQmZwOGNidkFnakdLYnVJekxjZmJYZz09IiwibWFjIjoiOWUyNDYzNTY0MTM3MDRiOGY5ODQ0NGUzNzEzNmVmMWU2NjRhNzEyMzM4ODk0NTI1ZTg5NmUzODk5MDY1M2JhZiIsInRhZyI6IiJ9;;[Kegiatan Usaha: -, Kategori: F, KBLI: 41000];;;15/12/2025;UMKM;;;;invalid;;;FALSE;FALSE;TRUE;;;invalid;;;;;;modang;0;0;0;;;jl modang no 53;;41;modang jl modang no 53 kbli41;99;0;1;0;Tidak Ditemukan;JL MODANG NO53;0;0;;;TARIK 02 FEB - 12.00 WITA;6401040004_0_0;;
4000;6395842;NUSA INDAH, CV;JL ST. HASANUDDIN TANAH GROGOT;6401040004;64;1;40;4;KALIMANTAN TIMUR;PASER;TANAH GROGOT;TANAH GROGOT;eyJpdiI6IkVpWUJMaU5oYlRaTEZRL3g2Q3ZGWlE9PSIsInZhbHVlIjoibHBjZkhTK3BKajBlVGJlZXZjY09LQT09IiwibWFjIjoiNjJmZTc1NjdiOTIxNzJlMWNhYWEwYzE4Njc5N2I0YTc5MDNjZTUxYzE4N2Q3ZjgxODg3NWY2NzRlMjIzZDA5NyIsInRhZyI6IiJ9;;[Kegiatan Usaha: -, Kategori: F, KBLI: 42];;;15/12/2025;UMKM;;;;invalid;;;FALSE;FALSE;TRUE;;;invalid;;;;;;nusa indah;0;0;0;;;jl st hasanuddin tanah grogot;;42;nusa indah jl st hasanuddin tanah grogot kbli42;99;0;1;0;Tidak Ditemukan;JL ST HASANUDDIN TANAH GROGOT;0;0;;;TARIK 02 FEB - 12.00 WITA;6401040004_0_0;;
4001;6395843;OMEGA PASIRINDO, CV;JL K.H. ACHMAD DAHLAN NO.17;6401040004;64;1;40;4;KALIMANTAN TIMUR;PASER;TANAH GROGOT;TANAH GROGOT;eyJpdiI6IlJxaGhBS1ZlQ1VXcDZraVdRQ2pTUHc9PSIsInZhbHVlIjoiMDdVWUp5b2J6MndJc3h1SzVGQi9CQT09IiwibWFjIjoiMDhhZmUzNTM5MmNmNDczY2IzZDg4NDRjMWJjZjQzOWQxZDQ5NGQ3MWIwZTk2OTExNTFhOGQ2NmYyZmJlNmUxNCIsInRhZyI6IiJ9;;[Kegiatan Usaha: -, Kategori: F, KBLI: 41000];;;15/12/2025;UMKM;;;;invalid;;;FALSE;FALSE;TRUE;;;invalid;;;;;;omega pasirindo;0;0;0;;;jl k h achmad dahlan no 17;;41;omega pasirindo jl k h achmad dahlan no 17 kbli41;99;0;1;0;Tidak Ditemukan;JL KH ACHMAD DAHLAN NO17;0;0;;;TARIK 02 FEB - 12.00 WITA;6401040004_0_0;;
4002;6395844;PANCA BHAKTI, CV;JL GADJAH MADA NO 138 TANAH GROGOT;6401040004;64;1;40;4;KALIMANTAN TIMUR;PASER;TANAH GROGOT;TANAH GROGOT;eyJpdiI6ImRGcWwySHJaVStMREJnNXliRTRQYVE9PSIsInZhbHVlIjoiRnhCZGc0anQzZjhWc2tvOGtwNHdudz09IiwibWFjIjoiZDI4NzMwNGZhYTRlOWE1OTMwMTAzMDZhMThlOGU3MjU2OTcwMTI5ZTgyNjNiNDQxMGQ1YmU2ZGQyNmZkYWQzYiIsInRhZyI6IiJ9;;[Kegiatan Usaha: -, Kategori: F, KBLI: 42];;;15/12/2025;UMKM;;;;invalid;;;FALSE;FALSE;TRUE;;;invalid;;;;;;panca bhakti;0;0;0;;;jl gadjah mada no 138 tanah grogot;;42;panca bhakti jl gadjah mada no 138 tanah grogot kbli42;99;0;1;0;Tidak Ditemukan;JL GADJAH MADA NO 138 TANAH GROGOT;0;0;;;TARIK 02 FEB - 12.00 WITA;6401040004_0_0;;
4003;6395846;PASER JAYA, CV;JL PADAT KARYA;6401040004;64;1;40;4;KALIMANTAN TIMUR;PASER;TANAH GROGOT;TANAH GROGOT;eyJpdiI6IllUdEo2bXdJc3RGZ05GWFJQVS85S3c9PSIsInZhbHVlIjoiUy9pOFZXNDlGRmpWeGtjNXNHbEtSdz09IiwibWFjIjoiMTQyYTYwMzVmNTdhMjM5MDIwYTU3NWM0NjBmNDcxMjE4YmNjNzgxNTBkN2RjN2UzNzgxZTczZmJlMjc5NTMxMCIsInRhZyI6IiJ9;;[Kegiatan Usaha: -, Kategori: F, KBLI: 42];;;15/12/2025;UMKM;;;;invalid;;;FALSE;FALSE;TRUE;;;invalid;;;;;;paser jaya;0;0;0;;;jl padat karya;;42;paser jaya jl padat karya kbli42;99;0;1;0;Tidak Ditemukan;JL PADAT KARYA;0;0;;;TARIK 02 FEB - 12.00 WITA;6401040004_0_0;;
4004;6395847;PERISAI, CV;JL SENAKEN GG ALAM PERMAI;6401040004;64;1;40;4;KALIMANTAN TIMUR;PASER;TANAH GROGOT;TANAH GROGOT;eyJpdiI6InRlRTFtQll0RWpiRVJJdDJ2WHJuL3c9PSIsInZhbHVlIjoia3RjcFdUNzZqQk0rYW15aU5aSXVKUT09IiwibWFjIjoiNTRmMTZhZjE3OTkyZDA1NDEyMzlkYWI4YTYxZTgzNDAzN2I5ZjM4NmJkMzg3Zjk1ODZjMjMyMmFiZDgxNmVhZiIsInRhZyI6IiJ9;;[Kegiatan Usaha: -, Kategori: F, KBLI: 41000];;;15/12/2025;UMKM;;;;invalid;;;FALSE;FALSE;TRUE;;;invalid;;;;;;perisai;0;0;0;;;jl senaken gg alam permai;;41;perisai jl senaken gg alam permai kbli41;99;0;1;0;Tidak Ditemukan;JL SENAKEN GG ALAM PERMAI;0;0;;;TARIK 02 FEB - 12.00 WITA;6401040004_0_0;;
4005;6395848;PERKASA JAYA, CV;JL KI HAJAR DEWANTORO NO 38 TANAH GROGOT;6401040004;64;1;40;4;KALIMANTAN TIMUR;PASER;TANAH GROGOT;TANAH GROGOT;eyJpdiI6Ii9LUko2VXNDY2NabnE1Y0NoWjhlNHc9PSIsInZhbHVlIjoiSGZ6UGtpOHYzRzJoQWlNZ2Zjb2tBdz09IiwibWFjIjoiMTQ0NjI5ZTM0Mzk1ZDhlY2MwNWJkMzYyOWFmZThkZWFjMGZmNTE5OTY0NDFhNjU1MjViMzE1NzZkODZiNzMzMCIsInRhZyI6IiJ9;;[Kegiatan Usaha: -, Kategori: F, KBLI: 41000];;;15/12/2025;UMKM;;;;invalid;;;FALSE;FALSE;TRUE;;;invalid;;;;;;perkasa jaya;0;0;0;;;jl ki hajar dewantoro no 38 tanah grogot;;41;perkasa jaya jl ki hajar dewantoro no 38 tanah grogot kbli41;99;0;1;0;Tidak Ditemukan;JL KI HAJAR DEWANTORO NO 38 TANAH GROGOT;0;0;;;TARIK 02 FEB - 12.00 WITA;6401040004_0_0;;
4006;6395850;PINGGAN BIAS, CV;JL KI HAJAR DEWANTARA;6401040004;64;1;40;4;KALIMANTAN TIMUR;PASER;TANAH GROGOT;TANAH GROGOT;eyJpdiI6ImE1cFUyY05lSy9hTTBOdlNvblRzR1E9PSIsInZhbHVlIjoiMXNoRFliSktpcXNsQnU5dkM2ejFiUT09IiwibWFjIjoiZmEwNThiODg4YzE5OGE0ZWRiOWFiZjIyYjNlMjVmMGRjYWZmMDVmMTAwOWZlMzZkNmI2OGM4ZGVlNDMyYjk3NSIsInRhZyI6IiJ9;;[Kegiatan Usaha: -, Kategori: F, KBLI: 41000];;;15/12/2025;UMKM;;;;invalid;;;FALSE;FALSE;TRUE;;;invalid;;;;;;pinggan bias;0;0;0;;;jl ki hajar dewantara;;41;pinggan bias jl ki hajar dewantara kbli41;99;0;1;0;Tidak Ditemukan;JL KI HAJAR DEWANTARA;0;0;;;TARIK 02 FEB - 12.00 WITA;6401040004_0_0;;
4007;6395851;PIONIR GRAHA USAHA, CV;JL SULTAN IBRAHIM KHALILUDIN, GG. PINANG;6401040004;64;1;40;4;KALIMANTAN TIMUR;PASER;TANAH GROGOT;TANAH GROGOT;eyJpdiI6IjI0OXhmQUUzREh1Y2lzdUxSREg1dGc9PSIsInZhbHVlIjoiMFJUZ2xyd1Azbk9pVk0yeExzMEt3QT09IiwibWFjIjoiMWQ0MzUzOWEyMmJjN2Y0NzYxZTkwZjVkZmUzZWMxMmQ1NTQ5ZjQ1NmIxNTI1MGU3ZmYyMmRmZDc2MzgwOTc1MyIsInRhZyI6IiJ9;;[Kegiatan Usaha: -, Kategori: F, KBLI: 42];;;15/12/2025;UMKM;;;;invalid;;;FALSE;FALSE;TRUE;;;invalid;;;;;;pionir graha usaha;0;0;0;;;jl sultan ibrahim khaliludin gg pinang;;42;pionir graha usaha jl sultan ibrahim khaliludin gg pinang kbli42;99;0;1;0;Tidak Ditemukan;JL SULTAN IBRAHIM KHALILUDIN GG PINANG;0;0;;;TARIK 02 FEB - 12.00 WITA;6401040004_0_0;;
4012;6395863;RIAL KARYA, CV;HASANUDDIN;6401040004;64;1;40;4;KALIMANTAN TIMUR;PASER;TANAH GROGOT;TANAH GROGOT;eyJpdiI6IkUzMUJHTTQyb05Idlg2TVZqSGU3c2c9PSIsInZhbHVlIjoic2xvbkk1ekI3SnliNnhBS3pxbEEzZz09IiwibWFjIjoiZWUxYWYwOWZhY2Y2YzBiZDE5Mjk1NGI0YjUzYWJjMmY3MWUwMDM5MDk1YTEzNjViNTQ3YTQ0ODRjYWQzYTFkNiIsInRhZyI6IiJ9;;[Kegiatan Usaha: -, Kategori: F, KBLI: 41000];;;15/12/2025;UMKM;;;;invalid;;;FALSE;FALSE;TRUE;;;invalid;;;;;;rial karya;0;0;0;;;hasanuddin;;41;rial karya hasanuddin kbli41;99;0;1;0;Tidak Ditemukan;HASANUDDIN;0;0;;;TARIK 02 FEB - 12.00 WITA;6401040004_0_0;;
4013;6395864;RICKY SAPUTRA, CV;JL DI PANJAITAN;6401040004;64;1;40;4;KALIMANTAN TIMUR;PASER;TANAH GROGOT;TANAH GROGOT;eyJpdiI6IjNpMmRjeDhZZDhwL1gzMEhLOVZuTmc9PSIsInZhbHVlIjoiTWhjY2RjNk5FaGk0a2FuYkwzM3hRZz09IiwibWFjIjoiYmI1YjNiY2I2NzlmZjhkODdjYzM2NWQ2NjM5M2IwMWZmODAyYzBiMmUyMmQyYTZhMDM2ODIxNzRlZDllMmI3MSIsInRhZyI6IiJ9;;[Kegiatan Usaha: -, Kategori: F, KBLI: 42];;;15/12/2025;UMKM;;;;invalid;;;FALSE;FALSE;TRUE;;;invalid;;;;;;ricky saputra;0;0;0;;;jl di panjaitan;;42;ricky saputra jl di panjaitan kbli42;99;0;1;0;Tidak Ditemukan;JL DI PANJAITAN;0;0;;;TARIK 02 FEB - 12.00 WITA;6401040004_0_0;;
4014;6395865;RIMA JAYA, CV;JL NOTO SUNARDI;6401040004;64;1;40;4;KALIMANTAN TIMUR;PASER;TANAH GROGOT;TANAH GROGOT;eyJpdiI6InRlQUN5NURyNzJnNkJ4dFZndjJnaGc9PSIsInZhbHVlIjoibzU0UWdBWWcxMFB3cE9jYmlscjVDUT09IiwibWFjIjoiZWE3NzQ1YWExYmJlYTViMWU4ZmQxNzEwNjZmYTM3OWU5MDAzMzhiMzg4ZDRkNzE4ZDE1YmFjNzI1MWM1OTZhNSIsInRhZyI6IiJ9;;[Kegiatan Usaha: -, Kategori: F, KBLI: 42];;;15/12/2025;UMKM;;;;invalid;;;FALSE;FALSE;TRUE;;;invalid;;;;;;rima jaya;0;0;0;;;jl noto sunardi;;42;rima jaya jl noto sunardi kbli42;99;0;1;0;Tidak Ditemukan;JL NOTO SUNARDI;0;0;;;TARIK 02 FEB - 12.00 WITA;6401040004_0_0;;
4015;6395866;RISPUTRI MARINDO, CV;JL ANDEN OKO;6401040004;64;1;40;4;KALIMANTAN TIMUR;PASER;TANAH GROGOT;TANAH GROGOT;eyJpdiI6ImNOaVY1bEl4eXZ3VDV6MHZmSnd6UXc9PSIsInZhbHVlIjoickRoclJma1FwZ3RsUks4MTlRRlJCdz09IiwibWFjIjoiMGQ4MDYzODcwYmQyYjZmMzJmNWI5MjQ3OGUwYTM3ZDg0NDJjMTUwZGQ5MTEzYTkwN2ExYmRlNjJmMDYxNmRhYSIsInRhZyI6IiJ9;;[Kegiatan Usaha: -, Kategori: F, KBLI: 41000];;;15/12/2025;UMKM;;;;invalid;;;FALSE;FALSE;TRUE;;;invalid;;;;;;risputri marindo;0;0;0;;;jl anden oko;;41;risputri marindo jl anden oko kbli41;99;0;1;0;Tidak Ditemukan;JL ANDEN OKO;0;0;;;TARIK 02 FEB - 12.00 WITA;6401040004_0_0;;
4017;6395868;RIZQI, CV;JL KANDILO BAHARI NO 66 TANAH GROGOT;6401040004;64;1;40;4;KALIMANTAN TIMUR;PASER;TANAH GROGOT;TANAH GROGOT;eyJpdiI6Imdaa0Q0dENaQ25Vb2hNT0E0eExFS0E9PSIsInZhbHVlIjoiMysxeExTWDFFMHk2Z3g1Sng5THFIZz09IiwibWFjIjoiZjZmYTQ3ODM2ZDI1N2RiZWMyMDAyYzY2NGY4ZjZmZmEzODE5MTUwZjU2N2YwYWNkZGM5OTUwN2RjODZlZDc2ZiIsInRhZyI6IiJ9;;[Kegiatan Usaha: -, Kategori: F, KBLI: 41000];;;15/12/2025;UMKM;;;;invalid;;;FALSE;FALSE;TRUE;;;invalid;;;;;;rizqi;0;0;0;;;jl kandilo bahari no 66 tanah grogot;;41;rizqi jl kandilo bahari no 66 tanah grogot kbli41;99;0;1;0;Tidak Ditemukan;JL KANDILO BAHARI NO 66 TANAH GROGOT;0;0;;;TARIK 02 FEB - 12.00 WITA;6401040004_0_0;;
4019;6395870;SAIDAH JAYA, CV;JL RM. NOTO SUNARDI GG. MERDEKA NO 49;6401040004;64;1;40;4;KALIMANTAN TIMUR;PASER;TANAH GROGOT;TANAH GROGOT;eyJpdiI6IkdqNml0TS9LVUU0czVCdFVkcWRtWXc9PSIsInZhbHVlIjoib21pUmx3RUFlbGh4UVA3cnBtTHlwdz09IiwibWFjIjoiZDFlNjkzNTQ5ZTdmNWRhOTg2ODNhMjRkNGZiZTIxNjJmYmM0Y2YxNWI5MjNmMzIyOTA2MDhkYzY5YTE1NjcyNiIsInRhZyI6IiJ9;;[Kegiatan Usaha: -, Kategori: F, KBLI: 42];;;15/12/2025;UMKM;;;;invalid;;;FALSE;FALSE;TRUE;;;invalid;;;;;;saidah jaya;0;0;0;;;jl rm noto sunardi gg merdeka no 49;;42;saidah jaya jl rm noto sunardi gg merdeka no 49 kbli42;99;0;1;0;Tidak Ditemukan;JL RM NOTO SUNARDI GG MERDEKA NO 49;0;0;;;TARIK 02 FEB - 12.00 WITA;6401040004_0_0;;
4021;6395872;SAPAKU, CV;JL MODANG TANAH GROGOT;6401040004;64;1;40;4;KALIMANTAN TIMUR;PASER;TANAH GROGOT;TANAH GROGOT;eyJpdiI6ImhZSjAxTVVZbWVwTEh4eHBkNk5Obnc9PSIsInZhbHVlIjoidElwNXU3dmtIUnRJY0xaUkR4c3NUdz09IiwibWFjIjoiNDczZjI2YjNlYTI4MzhkY2Y5OWY3YzA4MDRmMzc4NGQwMGZmNDM1MmMyYTViOWNhZTk2NDBmYjU2NjIwYzRmMSIsInRhZyI6IiJ9;;[Kegiatan Usaha: -, Kategori: F, KBLI: 41000];;;15/12/2025;UMKM;;;;invalid;;;FALSE;FALSE;TRUE;;;invalid;;;;;;sapaku;0;0;0;;;jl modang tanah grogot;;41;sapaku jl modang tanah grogot kbli41;99;0;1;0;Tidak Ditemukan;JL MODANG TANAH GROGOT;0;0;;;TARIK 02 FEB - 12.00 WITA;6401040004_0_0;;
4022;6395873;SEPAKAT USAHA, CV;JL MODANG TANAH GROGOT;6401040004;64;1;40;4;KALIMANTAN TIMUR;PASER;TANAH GROGOT;TANAH GROGOT;eyJpdiI6Im9IejlJeGVubmptUHV2K1d1dWwyOXc9PSIsInZhbHVlIjoiRHdDZDVlM29FR1lxejZySjVFU3ZSdz09IiwibWFjIjoiYjJlZjRjMjFiMzhlN2E5MDViNGIyYmViMzc4NDI4NGExNzYzYjNmZjllY2NjOWExZGZkZmNiMjlhY2JhOWFhMCIsInRhZyI6IiJ9;;[Kegiatan Usaha: -, Kategori: F, KBLI: 41000];;;15/12/2025;UMKM;;;;invalid;;;FALSE;FALSE;TRUE;;;invalid;;;;;;sepakat usaha;0;0;0;;;jl modang tanah grogot;;41;sepakat usaha jl modang tanah grogot kbli41;99;0;1;0;Tidak Ditemukan;JL MODANG TANAH GROGOT;0;0;;;TARIK 02 FEB - 12.00 WITA;6401040004_0_0;;
4023;6395874;SERATAI PUTRA, CV;JL HASANUDIN;6401040004;64;1;40;4;KALIMANTAN TIMUR;PASER;TANAH GROGOT;TANAH GROGOT;eyJpdiI6IkRMVDg2OUFCU2o1T2xid2tuai91L1E9PSIsInZhbHVlIjoibktFajZpd1Y2K1QrK3dkYmwrVkIzdz09IiwibWFjIjoiNDUzOTQwN2FhNjk5MzhlMDcxNWE4OWI2ODM1Yjg3ZGE2NTVlMzBkNjg2NjExODU2Y2ZmNjAwYTJmYzFmNzRmNCIsInRhZyI6IiJ9;;[Kegiatan Usaha: -, Kategori: F, KBLI: 42];;;15/12/2025;UMKM;;;;invalid;;;FALSE;FALSE;TRUE;;;invalid;;;;;;seratai putra;0;0;0;;;jl hasanudin;;42;seratai putra jl hasanudin kbli42;99;0;1;0;Tidak Ditemukan;JL HASANUDIN;0;0;;;TARIK 02 FEB - 12.00 WITA;6401040004_0_0;;
4024;6395875;SETIA BAKTI, CV;JL KAPT. PIERE TENDEAN NO 33;6401040004;64;1;40;4;KALIMANTAN TIMUR;PASER;TANAH GROGOT;TANAH GROGOT;eyJpdiI6IlBXQzI0U0RIWjNhVWtadlFWSGhRNUE9PSIsInZhbHVlIjoiam9rbk5CVkM5SGJsVE1VVWNPc0t3UT09IiwibWFjIjoiNjQ0NDAxOWUzZGZlY2Q2Yzc2NjEzNTczMmU4MmYxZGU3OTM5ZmI5Y2E3N2QwMGUyZDlkYjFmNDNlNjhiOWNhNyIsInRhZyI6IiJ9;;[Kegiatan Usaha: -, Kategori: F, KBLI: 41000];;;15/12/2025;UMKM;;;;invalid;;;FALSE;FALSE;TRUE;;;invalid;;;;;;setia bakti;0;0;0;;;jl kapt piere tendean no 33;;41;setia bakti jl kapt piere tendean no 33 kbli41;3;0;1;0;Tutup;JL KAPT PIERE TENDEAN NO 33;0;0;;;TARIK 02 FEB - 12.00 WITA;6401040004_0_0;;
4025;6395876;SIGMA ABADI, CV;JL KAPTEN PIERE TENDEAN NO 3 TANAH GROGOT;6401040004;64;1;40;4;KALIMANTAN TIMUR;PASER;TANAH GROGOT;TANAH GROGOT;eyJpdiI6IlpBRmpDdnhrM29UT2QwTXc1OFVFYkE9PSIsInZhbHVlIjoiaVJIWmJDNkVTZHM3MUNKZEppMXhrZz09IiwibWFjIjoiNmMxZDFlNmI4ZGI5NTVmMTQ3NTQyNzgyNDQwMzA1NDlhZTM5YTU5YjIwNmQ4YTdkOGFhY2E1YmM4YTFkMjc4ZCIsInRhZyI6IiJ9;;[Kegiatan Usaha: -, Kategori: F, KBLI: 42];;;15/12/2025;UMKM;;;;invalid;;;FALSE;FALSE;TRUE;;;invalid;;;;;;sigma abadi;0;0;0;;;jl kapten piere tendean no 3 tanah grogot;;42;sigma abadi jl kapten piere tendean no 3 tanah grogot kbli42;3;0;1;0;Tutup;JL KAPTEN PIERE TENDEAN NO 3 TANAH GROGOT;0;0;;;TARIK 02 FEB - 12.00 WITA;6401040004_0_0;;
4026;6395877;SINAR JAYA, CV;JL GAJAH MADA TANAH GROGOT;6401040004;64;1;40;4;KALIMANTAN TIMUR;PASER;TANAH GROGOT;TANAH GROGOT;eyJpdiI6IjRKOXpRMjJwSENjNjBQMWdQNHREQnc9PSIsInZhbHVlIjoiZGVsUktyN0hUU2FzZjRtRmRYVHFhZz09IiwibWFjIjoiZDU1MjJiMTEzMzgwYWQ0MTEzYjllOWJmMDU3MTQ1ZWEwZGQ2MGMxNzlkZGQ4YzczNzQ0ODE0MGY4MTNkZjhjNCIsInRhZyI6IiJ9;;[Kegiatan Usaha: -, Kategori: F, KBLI: 42];;;15/12/2025;UMKM;;;;invalid;;;FALSE;FALSE;TRUE;;;invalid;;;;;;sinar jaya;0;0;0;;;jl gajah mada tanah grogot;;42;sinar jaya jl gajah mada tanah grogot kbli42;99;0;1;0;Tidak Ditemukan;JL GAJAH MADA TANAH GROGOT;0;0;;;TARIK 02 FEB - 12.00 WITA;6401040004_0_0;;
4029;6395880;SUMBER JAYA, CV;JL RA. KARTINI V TANAH GROGOT;6401040004;64;1;40;4;KALIMANTAN TIMUR;PASER;TANAH GROGOT;TANAH GROGOT;eyJpdiI6IjQ0ZHZlQkpHaTZQazB4NGRtMTJnY3c9PSIsInZhbHVlIjoieGlmSXRaaXpTQzJBRnlwRzhyMHVvZz09IiwibWFjIjoiN2IyYmEyNTBhZDhiOTA5MjA1OTgwNjM5ZjU5M2FhN2Y1MjE0MzAzNTViMTNkZWM0ZWNhZTI1YWFlOTVlY2Y4YSIsInRhZyI6IiJ9;;[Kegiatan Usaha: -, Kategori: F, KBLI: 42];;;15/12/2025;UMKM;;;;invalid;;;FALSE;FALSE;TRUE;;;invalid;;;;;;sumber jaya;0;0;0;;;jl ra kartini v tanah grogot;;42;sumber jaya jl ra kartini v tanah grogot kbli42;99;0;1;0;Tidak Ditemukan;JL RA KARTINI V TANAH GROGOT;0;0;;;TARIK 02 FEB - 12.00 WITA;6401040004_0_0;;
4030;6395881;SUMBER KARYA, CV;JL HOS. COKROAMINOTO GG. DELIMA NO 51 TANAH GROGOT;6401040004;64;1;40;4;KALIMANTAN TIMUR;PASER;TANAH GROGOT;TANAH GROGOT;eyJpdiI6Im9ScFVjQUtPS0ZEQkZWb1o5M2hST3c9PSIsInZhbHVlIjoiU0U4MXMrQ29OQmhXamo4SEhCWDZTZz09IiwibWFjIjoiOTI2MTYzMzg0NTA3NzkxZDI3ZTY0YTc0NGZiMzZjNmQzZDc3ODA0NDRlMTEwNzNjNmVjMDNhNTVhNzk5OTc1YSIsInRhZyI6IiJ9;;[Kegiatan Usaha: -, Kategori: F, KBLI: 41000];;;15/12/2025;UMKM;;;;invalid;;;FALSE;FALSE;TRUE;;;invalid;;;;;;sumber karya;0;0;0;;;jl hos cokroaminoto gg delima no 51 tanah grogot;;41;sumber karya jl hos cokroaminoto gg delima no 51 tanah grogot kbli41;99;0;1;0;Tidak Ditemukan;JL HOS COKROAMINOTO GG DELIMA NO 51 TANAH GROGOT;0;0;;;TARIK 02 FEB - 12.00 WITA;6401040004_0_0;;
4031;6395882;TABUNG MAS JAYA, CV;JL DI PANJAITAN;6401040004;64;1;40;4;KALIMANTAN TIMUR;PASER;TANAH GROGOT;TANAH GROGOT;eyJpdiI6Im5kVlNTTG5BOFNrZHV4NlNIN1NiVXc9PSIsInZhbHVlIjoicXRzSDJucXROb041dG1qcUMxSGx5Zz09IiwibWFjIjoiMjUzNDMxZmYwZDMxOGU1ZDY5ZGY1ZjQ4MTZlMDlkNTIxNGIyNmZkYjRmYjY0OWZlZWYwZWU1MTE0OTk0OTI5MyIsInRhZyI6IiJ9;;[Kegiatan Usaha: -, Kategori: F, KBLI: 42];;;15/12/2025;UMKM;;;;invalid;;;FALSE;FALSE;TRUE;;;invalid;;;;;;tabung mas jaya;0;0;0;;;jl di panjaitan;;42;tabung mas jaya jl di panjaitan kbli42;99;0;1;0;Tidak Ditemukan;JL DI PANJAITAN;0;0;;;TARIK 02 FEB - 12.00 WITA;6401040004_0_0;;
4032;6395883;TAKA PANDA JAYA, CV;JL K.H. AHMAD DAHLAN NO.11;6401040004;64;1;40;4;KALIMANTAN TIMUR;PASER;TANAH GROGOT;TANAH GROGOT;eyJpdiI6IkZkWlQwU1lBbHV2M0hxMWd4OENEM1E9PSIsInZhbHVlIjoiY1llWHpmMG1jQXJyOHlFVzdja2t4QT09IiwibWFjIjoiNjNmNWM4NzIxZjdhZDQ0MDIyMWM2OTdlN2FhOGFiYWZiMGJlNWRiNDg2ZTBjNjk0N2YwNDg1ZmViMGQyNzRjNSIsInRhZyI6IiJ9;;[Kegiatan Usaha: -, Kategori: F, KBLI: 41000];;;15/12/2025;UMKM;;;;invalid;;;FALSE;FALSE;TRUE;;;invalid;;;;;;taka panda jaya;0;0;0;;;jl k h ahmad dahlan no 11;;41;taka panda jaya jl k h ahmad dahlan no 11 kbli41;99;0;1;0;Tidak Ditemukan;JL KH AHMAD DAHLAN NO11;0;0;;;TARIK 02 FEB - 12.00 WITA;6401040004_0_0;;
4034;6395885;TEGAS SETIA JAYA GROUP, CV;JL BHAYANGKARA;6401040004;64;1;40;4;KALIMANTAN TIMUR;PASER;TANAH GROGOT;TANAH GROGOT;eyJpdiI6IlEwSjd2VFptUUlXUkNic2E5S3Ayc2c9PSIsInZhbHVlIjoiUmI0MDBCOG83TEQvei9vMzlEbjhRQT09IiwibWFjIjoiODYzMmFmMTc4NzJlNzFkNzdiOWVkNmIyNzMyNGFlZmU2MDM0OWZlMWY3NWI5ZWQ3NTZjMTdjNTYwNmZlMjEyMSIsInRhZyI6IiJ9;;[Kegiatan Usaha: -, Kategori: F, KBLI: 42];;;15/12/2025;UMKM;;;;invalid;;;FALSE;FALSE;TRUE;;;invalid;;;;;;tegas setia jaya group;0;0;0;;;jl bhayangkara;;42;tegas setia jaya group jl bhayangkara kbli42;99;0;1;0;Tidak Ditemukan;JL BHAYANGKARA;0;0;;;TARIK 02 FEB - 12.00 WITA;6401040004_0_0;;
4035;6395886;TERATAI JAYA, CV;JL RA. KARTINI TANAH GROGOT;6401040004;64;1;40;4;KALIMANTAN TIMUR;PASER;TANAH GROGOT;TANAH GROGOT;eyJpdiI6IjRVUENXZStvUVcvdUExekVCemlEbHc9PSIsInZhbHVlIjoiMStUc1FpRnY5NW1mZEpiOWZYeEZsUT09IiwibWFjIjoiOGE5NTU0NjUyY2I1Y2MxMWRkYmQ5ZjFlMjQ3Y2Y2OWE2NWEzYzQyMWJhOGZlZGNiNDA2YmVjNWNkODk1MjYyNyIsInRhZyI6IiJ9;;[Kegiatan Usaha: -, Kategori: F, KBLI: 42];;;15/12/2025;UMKM;;;;invalid;;;FALSE;FALSE;TRUE;;;invalid;;;;;;teratai jaya;0;0;0;;;jl ra kartini tanah grogot;;42;teratai jaya jl ra kartini tanah grogot kbli42;99;0;1;0;Tidak Ditemukan;JL RA KARTINI TANAH GROGOT;0;0;;;TARIK 02 FEB - 12.00 WITA;6401040004_0_0;;
4036;6395887;TIGA PILAR, CV;JL KUSUMA BANGSA KM. 3 NO 46;6401040004;64;1;40;4;KALIMANTAN TIMUR;PASER;TANAH GROGOT;TANAH GROGOT;eyJpdiI6Indudi9lak1ucXc4Umh2VU52bWxQTWc9PSIsInZhbHVlIjoiVjFaWGpTNUVDYUVNdVJ5R3BMRVdRQT09IiwibWFjIjoiY2U0YjJjNzc2YzE2Mzg2NjNlZjE1ZjI3ZmEyNDBmNTlkMDA2ZDUzZTk1NGZiOGVjYmQyNjAxM2RkNzU0Y2UwOSIsInRhZyI6IiJ9;;[Kegiatan Usaha: -, Kategori: F, KBLI: 41000];;;15/12/2025;UMKM;;;;invalid;;;FALSE;FALSE;TRUE;;;invalid;;;;;;tiga pilar;0;0;0;;;jl kusuma bangsa km 3 no 46;;41;tiga pilar jl kusuma bangsa km 3 no 46 kbli41;99;0;1;0;Tidak Ditemukan;JL KUSUMA BANGSA KM 3 NO 46;0;0;;;TARIK 02 FEB - 12.00 WITA;6401040004_0_0;;
4037;6395888;TRANS SEPAKU SEMOI, CV;JL MODANG TANAH GROGOT;6401040004;64;1;40;4;KALIMANTAN TIMUR;PASER;TANAH GROGOT;TANAH GROGOT;eyJpdiI6Ikorbmxvek40a3pWRVM2OThtZFhUMEE9PSIsInZhbHVlIjoiOGxXSWppazY1YWhUZjdDaE0zRGpuQT09IiwibWFjIjoiODJhZTdmMzdlMDFlMDFlMmMxODU2Zjc3ZDc3ZGViMWQ3NTFjZWQ5MTFkMDM2MzUwOTdkMmJjMmFhYzQwNTM0OCIsInRhZyI6IiJ9;;[Kegiatan Usaha: -, Kategori: F, KBLI: 41000];;;15/12/2025;UMKM;;;;invalid;;;FALSE;FALSE;TRUE;;;invalid;;;;;;trans sepaku semoi;0;0;0;;;jl modang tanah grogot;;41;trans sepaku semoi jl modang tanah grogot kbli41;99;0;1;0;Tidak Ditemukan;JL MODANG TANAH GROGOT;0;0;;;TARIK 02 FEB - 12.00 WITA;6401040004_0_0;;
4038;6395889;TRI BAKTI, CV;JL P. SINGA MAULANA GG. CEMPAKA NO 095;6401040004;64;1;40;4;KALIMANTAN TIMUR;PASER;TANAH GROGOT;TANAH GROGOT;eyJpdiI6InRFanRZYWptN0lzWm1GWm1OQkY5bGc9PSIsInZhbHVlIjoidDJkSTFKMXhmaXR5UElsckx0bS8xdz09IiwibWFjIjoiMDBkNzk0YzRhNWZiNGNhZjQxMDkwNmE5MTFiODJmMGY2ZmU1NWUwNmU1MjM4MWQ5ZmM2NTkxYTZjNWU2ZjE4YiIsInRhZyI6IiJ9;;[Kegiatan Usaha: -, Kategori: F, KBLI: 42];;;15/12/2025;UMKM;;;;invalid;;;FALSE;FALSE;TRUE;;;invalid;;;;;;tri bakti;0;0;0;;;jl p singa maulana gg cempaka no 095;;42;tri bakti jl p singa maulana gg cempaka no 095 kbli42;99;0;1;0;Tidak Ditemukan;JL P SINGA MAULANA GG CEMPAKA NO 095;0;0;;;TARIK 02 FEB - 12.00 WITA;6401040004_0_0;;
4039;6395890;TRI MADONA, CV;JL HOS. COKROAMINOTO NO.14;6401040004;64;1;40;4;KALIMANTAN TIMUR;PASER;TANAH GROGOT;TANAH GROGOT;eyJpdiI6IkhhU1RHUEttMnJQeVYrYnU0RXhWTGc9PSIsInZhbHVlIjoieUNkdFBxK3NjanZ5VGV5ZzhUa2R3QT09IiwibWFjIjoiZmM3MWEwMGZmYzAzZjE4MDU2OGIxZGM4ZTZkNGJkNGRjY2IwOTRkNTNkMjVlYjA2ODViZjViMDFlNTQwNDJkNSIsInRhZyI6IiJ9;;[Kegiatan Usaha: -, Kategori: F, KBLI: 41000];;;15/12/2025;UMKM;;;;invalid;;;FALSE;FALSE;TRUE;;;invalid;;;;;;tri madona;0;0;0;;;jl hos cokroaminoto no 14;;41;tri madona jl hos cokroaminoto no 14 kbli41;99;0;1;0;Tidak Ditemukan;JL HOS COKROAMINOTO NO14;0;0;;;TARIK 02 FEB - 12.00 WITA;6401040004_0_0;;
4040;6395891;TUJUH BELAS, CV;JL KI HAJAR DEWANTARA NO 43;6401040004;64;1;40;4;KALIMANTAN TIMUR;PASER;TANAH GROGOT;TANAH GROGOT;eyJpdiI6Ikt1QVpkMm9YV3ZRTU9CZXYyRUZsTXc9PSIsInZhbHVlIjoiTmxoVWVyU01TbHB4M1p5TThYNWVHQT09IiwibWFjIjoiMGViZTk2OWE2NjNiOTYwZWUyZTUwMjM4MDRkZjBhNjBiZWI2ODg0MGI3MGU2MTFhNTUzYWRiOTVmOTI2MjI2MCIsInRhZyI6IiJ9;;[Kegiatan Usaha: -, Kategori: F, KBLI: 41000];;;15/12/2025;UMKM;;;;invalid;;;FALSE;FALSE;TRUE;;;invalid;;;;;;tujuh belas;0;0;0;;;jl ki hajar dewantara no 43;;41;tujuh belas jl ki hajar dewantara no 43 kbli41;3;0;1;0;Tutup;JL KI HAJAR DEWANTARA NO 43;0;0;;;TARIK 02 FEB - 12.00 WITA;6401040004_0_0;;
4042;6395893;USAHA BARU, CV;JL DI PANJAITAN;6401040004;64;1;40;4;KALIMANTAN TIMUR;PASER;TANAH GROGOT;TANAH GROGOT;eyJpdiI6IlZYRjl4YmZ1eVRsNVZDaldNN0h2Y2c9PSIsInZhbHVlIjoiQW5qNXZDTFYzN1d0S24wWWFabnJOZz09IiwibWFjIjoiMjkzNjk1MWI4ZWMxZjIwNDAzZWJkZDViZjY0ZWQwM2Y4ZTM5YTdhMDk4ZDc4NzlhODQ0ZjEzZWFmZTNjMGRjNSIsInRhZyI6IiJ9;;[Kegiatan Usaha: -, Kategori: F, KBLI: 42];;;15/12/2025;UMKM;;;;invalid;;;FALSE;FALSE;TRUE;;;invalid;;;;;;usaha baru;0;0;0;;;jl di panjaitan;;42;usaha baru jl di panjaitan kbli42;99;0;1;0;Tidak Ditemukan;JL DI PANJAITAN;0;0;;;TARIK 02 FEB - 12.00 WITA;6401040004_0_0;;
4043;6395926;CANEFF SETYA CIPTA, CV;JL RA. KARTINI NO 60 TANAH GROGOT;6401040004;64;1;40;4;KALIMANTAN TIMUR;PASER;TANAH GROGOT;TANAH GROGOT;eyJpdiI6IlV0WENGVlFDSWNqRTNCZVpuVTZCb2c9PSIsInZhbHVlIjoiTXNDbCtGY2hDN0wrWlYxN1lCTUJYdz09IiwibWFjIjoiNWE1Mzg4YmY0NDE2NTljMWQxZjQ3YjdkMmJmOGFiN2MxNGIxY2EyMjhlNGI5NWQ1MDQzZTRlZWU5ODI1YWMyMSIsInRhZyI6IiJ9;;[Kegiatan Usaha: -, Kategori: F, KBLI: 41000];;;15/12/2025;UMKM;;;;invalid;;;FALSE;FALSE;TRUE;;;invalid;;;;;;caneff setya cipta;0;0;0;;;jl ra kartini no 60 tanah grogot;;41;caneff setya cipta jl ra kartini no 60 tanah grogot kbli41;99;0;0;0;Tidak Ditemukan;JL RA KARTINI NO 60 TANAH GROGOT;0;0;;;TARIK 02 FEB - 12.00 WITA;6401040004_0_0;;
4044;6395927;CHARISMA ANANDA, CV;JL MODANG GG. PADAIDI;6401040004;64;1;40;4;KALIMANTAN TIMUR;PASER;TANAH GROGOT;TANAH GROGOT;eyJpdiI6IkRJNjRGOWw3bGsyMWZQQjJwVGVwQ3c9PSIsInZhbHVlIjoicEwzVURNN2ZCWStxNFdGVzVTWHBvZz09IiwibWFjIjoiOGIxNmE4MDQ3ZWYxZTU2NTIzYTg5YzBlMWUxMjEwNTMyMzJhMDE0YmU4ODNmMGUxY2QyMDUyMTU4ZTdiODFmYiIsInRhZyI6IiJ9;;[Kegiatan Usaha: -, Kategori: F, KBLI: 41000];;;15/12/2025;UMKM;;;;invalid;;;FALSE;FALSE;TRUE;;;invalid;;;;;;charisma ananda;0;0;0;;;jl modang gg padaidi;;41;charisma ananda jl modang gg padaidi kbli41;99;0;1;0;Tidak Ditemukan;JL MODANG GG PADAIDI;0;0;;;TARIK 02 FEB - 12.00 WITA;6401040004_0_0;;
4046;6395929;DALSEN, CV;JL P. ANTASARI NO 9;6401040004;64;1;40;4;KALIMANTAN TIMUR;PASER;TANAH GROGOT;TANAH GROGOT;eyJpdiI6Im1kaUdtK2t4bk5XUEV5Q3U2TU92eUE9PSIsInZhbHVlIjoiTWlNTzZFZ3FyM21PTjAzOWhaZllldz09IiwibWFjIjoiMDU0ZTlhOGJhMmFlZTg5M2IxZWVjMjJhNDYyZTgxNDc1NDhmYWNkMDM4YWE0MzYwODcyOGI4ZmZmNDkzY2IzNSIsInRhZyI6IiJ9;;[Kegiatan Usaha: -, Kategori: F, KBLI: 41000];;;15/12/2025;UMKM;;;;invalid;;;FALSE;FALSE;TRUE;;;invalid;;;;;;dalsen;0;0;0;;;jl p antasari no 9;;41;dalsen jl p antasari no 9 kbli41;99;0;1;0;Tidak Ditemukan;JL P ANTASARI NO 9;0;0;;;TARIK 02 FEB - 12.00 WITA;6401040004_0_0;;
4047;6395930;DHIRGANTARA, CV;JL SULTAN IBRAHIM KHALILLUDDIN NO.79 TANAH GROGOT;6401040004;64;1;40;4;KALIMANTAN TIMUR;PASER;TANAH GROGOT;TANAH GROGOT;eyJpdiI6IlZZTlVaS1ZTT3luQzUzM1R2dlRXL3c9PSIsInZhbHVlIjoia0xIWWsrZmxlcWh5dUlwNitFQzBXdz09IiwibWFjIjoiNTFjNmFiY2Q2YjFiM2Y3MjMwMmIwODBiNjRmNjFkMGU0YTJmZmFjNzRlZDhjZmRlMzEzN2IwYmI4ZDBmOWQ4OSIsInRhZyI6IiJ9;;[Kegiatan Usaha: -, Kategori: F, KBLI: 41000];;;15/12/2025;UMKM;;;;invalid;;;FALSE;FALSE;TRUE;;;invalid;;;;;;dhirgantara;0;0;0;;;jl sultan ibrahim khalilluddin no 79 tanah grogot;;41;dhirgantara jl sultan ibrahim khalilluddin no 79 tanah grogot kbli41;99;0;1;0;Tidak Ditemukan;JL SULTAN IBRAHIM KHALILLUDDIN NO79 TANAH GROGOT;0;0;;;TARIK 02 FEB - 12.00 WITA;6401040004_0_0;;
4049;6395932;DUTA PEMBANGUNAN, CV;JL ST. ABDURRAHMAN NO.09 TANAH GROGOT;6401040004;64;1;40;4;KALIMANTAN TIMUR;PASER;TANAH GROGOT;TANAH GROGOT;eyJpdiI6Img1SWZGM2hpQkRpOWlMQ0lJSCt5QlE9PSIsInZhbHVlIjoiM05XNGJYdU5YdWpyc2NqeENOdzVUZz09IiwibWFjIjoiN2E5NzQ2YjViYThlNWRmMTc5NThkMzM0MGY5NmJkNWZlZTBkNTY0MjUwMzc0ZGFhOWE5ZWM4ZDM0ZGJlMjQwYyIsInRhZyI6IiJ9;;[Kegiatan Usaha: -, Kategori: F, KBLI: 41000];;;15/12/2025;UMKM;;;;invalid;;;FALSE;FALSE;TRUE;;;invalid;;;;;;duta pembangunan;0;0;0;;;jl st abdurrahman no 09 tanah grogot;;41;duta pembangunan jl st abdurrahman no 09 tanah grogot kbli41;99;0;1;0;Tidak Ditemukan;JL ST ABDURRAHMAN NO09 TANAH GROGOT;0;0;;;TARIK 02 FEB - 12.00 WITA;6401040004_0_0;;
4050;6395933;DUTA TEHNIK, CV;JL PANGERAN MENTERI NO 57;6401040004;64;1;40;4;KALIMANTAN TIMUR;PASER;TANAH GROGOT;TANAH GROGOT;eyJpdiI6Im1hSk1BSzZHZGFtZnpVdGI1ZTlyK0E9PSIsInZhbHVlIjoiU0QrVEZGMHYwMGRUQlpTczQvOXZOUT09IiwibWFjIjoiMzFhNzlmMDRlNTcxNzYzYzRhNjFiMGNiNDBjMmUwN2Y4Y2E3MjU3ZWM5ZDg0YWY4NjBiMGQzYjkwZDJkZTY3YSIsInRhZyI6IiJ9;;[Kegiatan Usaha: -, Kategori: F, KBLI: 41000];;;15/12/2025;UMKM;;;;invalid;;;FALSE;FALSE;TRUE;;;invalid;;;;;;duta tehnik;0;0;0;;;jl pangeran menteri no 57;;41;duta tehnik jl pangeran menteri no 57 kbli41;99;0;1;0;Tidak Ditemukan;JL PANGERAN MENTERI NO 57;0;0;;;TARIK 02 FEB - 12.00 WITA;6401040004_0_0;;
4052;6395935;FAIZAL PUTRA, CV;JL SENAKEN GG. AL- IKHSAN NO 30;6401040004;64;1;40;4;KALIMANTAN TIMUR;PASER;TANAH GROGOT;TANAH GROGOT;eyJpdiI6IkpLcFp6SnpEeGNyNmFuVkdHNWJuaEE9PSIsInZhbHVlIjoiSTIvV0RidkJJdjZCb1o3WHpjY1dFdz09IiwibWFjIjoiZDA0MDZjYWQ4MGM4MTcyYTViNDI0YmM5OWEzNDNiODlhNmUzNjhlYmI1ZGUzMTNmNGNlZWZmMDc4OTRjNmQwOCIsInRhZyI6IiJ9;;[Kegiatan Usaha: -, Kategori: F, KBLI: 41000];;;15/12/2025;UMKM;;;;invalid;;;FALSE;FALSE;TRUE;;;invalid;;;;;;faizal putra;0;0;0;;;jl senaken gg al ikhsan no 30;;41;faizal putra jl senaken gg al ikhsan no 30 kbli41;99;0;1;0;Tidak Ditemukan;JL SENAKEN GG AL IKHSAN NO 30;0;0;;;TARIK 02 FEB - 12.00 WITA;6401040004_0_0;;
4054;6395937;FERI FAUZIAH BARU, CV;JL SULTAN HASANUDDIN;6401040004;64;1;40;4;KALIMANTAN TIMUR;PASER;TANAH GROGOT;TANAH GROGOT;eyJpdiI6Ik94NkpjaWxYTU42bEhCOC9NQi9XbEE9PSIsInZhbHVlIjoiejBXd04xS1JnTFVFa2M0QWlZaDVBZz09IiwibWFjIjoiMWY1MDU1ZDg3MmJiZGEyMzFhODVjMjc5YmY2MzNiYzVhNGRmMmRmMWRhM2IzMmY2NDhlOGQ4MWYyZmEzMjYzMyIsInRhZyI6IiJ9;;[Kegiatan Usaha: -, Kategori: F, KBLI: 41000];;;15/12/2025;UMKM;;;;invalid;;;FALSE;FALSE;TRUE;;;invalid;;;;;;feri fauziah baru;0;0;0;;;jl sultan hasanuddin;;41;feri fauziah baru jl sultan hasanuddin kbli41;99;0;1;0;Tidak Ditemukan;JL SULTAN HASANUDDIN;0;0;;;TARIK 02 FEB - 12.00 WITA;6401040004_0_0;;
4055;6395938;FRIKANTARA, CV;JL P. SINGA MAULANA LK II TANAH GROGOT;6401040004;64;1;40;4;KALIMANTAN TIMUR;PASER;TANAH GROGOT;TANAH GROGOT;eyJpdiI6Ijg4dEZBUXVHT05VWlF6MlpqQkRkMlE9PSIsInZhbHVlIjoiWjFKc3JwN2ZRcW5mYmdMWjBFR2hjZz09IiwibWFjIjoiMjE0ZjIwZTBjMjI4YjYwZTQwNTRjMzdkNDg1MGRhZjY3ZWMyNzJiMDIzNTJhZTY0NGRmMzVmNjQxZmI2OTBiNCIsInRhZyI6IiJ9;;[Kegiatan Usaha: -, Kategori: F, KBLI: 41000];;;15/12/2025;UMKM;;;;invalid;;;FALSE;FALSE;TRUE;;;invalid;;;;;;frikantara;0;0;0;;;jl p singa maulana lk ii tanah grogot;;41;frikantara jl p singa maulana lk ii tanah grogot kbli41;99;0;1;0;Tidak Ditemukan;JL P SINGA MAULANA LK II TANAH GROGOT;0;0;;;TARIK 02 FEB - 12.00 WITA;6401040004_0_0;;
4056;6395940;GEO TAKA ENGINEERING, CV;JL DI PANJAITAN NO 22 TANAH GROGOT;6401040004;64;1;40;4;KALIMANTAN TIMUR;PASER;TANAH GROGOT;TANAH GROGOT;eyJpdiI6IlBlbGFiS3JrcFRsU3psa2l3VDV0WGc9PSIsInZhbHVlIjoieDZLVmNKTlM5K1dIMklhMkJaeGZ2dz09IiwibWFjIjoiOWExZWUzZTM2ZThlMTQ0MjlkZTYzMmRiZTI2YjQwNGVmNWQ4OTFhMjc3NTllNjEyMWQ5ODI4OWEzZWYzNWZjZCIsInRhZyI6IiJ9;;[Kegiatan Usaha: -, Kategori: F, KBLI: 41000];;;15/12/2025;UMKM;;;;invalid;;;FALSE;FALSE;TRUE;;;invalid;;;;;;geo taka engineering;0;0;0;;;jl di panjaitan no 22 tanah grogot;;41;geo taka engineering jl di panjaitan no 22 tanah grogot kbli41;99;0;1;0;Tidak Ditemukan;JL DI PANJAITAN NO 22 TANAH GROGOT;0;0;;;TARIK 02 FEB - 12.00 WITA;6401040004_0_0;;
4058;6395942;GRIYA INDAH, CV;JL PADAT KARYA NO.10 TANAH GROGOT;6401040004;64;1;40;4;KALIMANTAN TIMUR;PASER;TANAH GROGOT;TANAH GROGOT;eyJpdiI6ImVhVG5HQlhkYko2Ui9waHc4NWYzbkE9PSIsInZhbHVlIjoiTzVSZW1aelJqMFZUSXp4NVl0TGVzQT09IiwibWFjIjoiYWVhNzBmMmY0ZjNkOGY2YWJlZjg1MTY5MTQxYzU5NDYzZTFhMjZlMTI1YmQ4MWM1YTU3MzNiMTRiYjFhYzI4MSIsInRhZyI6IiJ9;;[Kegiatan Usaha: -, Kategori: F, KBLI: 41000];;;15/12/2025;UMKM;;;;invalid;;;FALSE;FALSE;TRUE;;;invalid;;;;;;griya indah;0;0;0;;;jl padat karya no 10 tanah grogot;;41;griya indah jl padat karya no 10 tanah grogot kbli41;99;0;1;0;Tidak Ditemukan;JL PADAT KARYA NO10 TANAH GROGOT;0;0;;;TARIK 02 FEB - 12.00 WITA;6401040004_0_0;;
4061;6395945;JORDIN ABADI, CV;JL A. WAHAB SJAHRANIE NO.38;6401040004;64;1;40;4;KALIMANTAN TIMUR;PASER;TANAH GROGOT;TANAH GROGOT;eyJpdiI6IlNiWnFSQnFpNVhGK2s1ZjFncW5BUmc9PSIsInZhbHVlIjoiOUZMVFM4NDhWbTRxbVdnUUlSZkxaQT09IiwibWFjIjoiZmVhZTk3OGQ1ZGVjZDZmMmUxMDNiMTE2NzdiYWUxMGI2MDgxMjc1YTE5NGRhMzM4NmYyZGFjZWU2OWY5ZTJkNyIsInRhZyI6IiJ9;;[Kegiatan Usaha: -, Kategori: F, KBLI: 41000];;;15/12/2025;UMKM;;;;invalid;;;FALSE;FALSE;TRUE;;;invalid;;;;;;jordin abadi;0;0;0;;;jl a wahab sjahranie no 38;;41;jordin abadi jl a wahab sjahranie no 38 kbli41;99;0;1;0;Tidak Ditemukan;JL A WAHAB SJAHRANIE NO38;0;0;;;TARIK 02 FEB - 12.00 WITA;6401040004_0_0;;
4062;6395946;KARYA SERUMPUN, CV;JL RANTAU PANJANGAN TANAH GROGOT;6401040004;64;1;40;4;KALIMANTAN TIMUR;PASER;TANAH GROGOT;TANAH GROGOT;eyJpdiI6IkJhdkduTzgreS8yVXAwSncxdTBPN3c9PSIsInZhbHVlIjoiKzIrSU9kUGF2eHgwYStkQkNWNlQyZz09IiwibWFjIjoiNmZjYmE2NWJiNjEzZmE4ZjA3ZWRmNWIxMDE3ZWVmNGRmY2IzZmIwMDZjZWYwYTUxMTFiMmIyMWQ0ZThhY2E4MCIsInRhZyI6IiJ9;;[Kegiatan Usaha: -, Kategori: F, KBLI: 41000];;;15/12/2025;UMKM;;;;invalid;;;FALSE;FALSE;TRUE;;;invalid;;;;;;karya serumpun;0;0;0;;;jl rantau panjangan tanah grogot;;41;karya serumpun jl rantau panjangan tanah grogot kbli41;99;0;1;0;Tidak Ditemukan;JL RANTAU PANJANGAN TANAH GROGOT;0;0;;;TARIK 02 FEB - 12.00 WITA;6401040004_0_0;;
4064;6395948;KOPERASI KSU BURUH SEJAHTERA;JL BHAYANGKARA NO.33;6401040004;64;1;40;4;KALIMANTAN TIMUR;PASER;TANAH GROGOT;TANAH GROGOT;eyJpdiI6InhDY1RidGxSemo3TUdreGJYUHZMd2c9PSIsInZhbHVlIjoiazBob1FLZ2hJNHJuTUIvajdiYURlQT09IiwibWFjIjoiMzFlYTM1MjRjNTI5ZTQxMzY5ZDZhOTEyZjQwODk0NzFiNTViZDU5NzMwY2ZjMzAxNjQ2YzJiMjBjZGUxZjZlMiIsInRhZyI6IiJ9;;;;;10/01/2025;UMKM;;;;invalid;;;FALSE;FALSE;TRUE;;;invalid;;;;;;ksu buruh sejahtera;0;0;0;;;jl bhayangkara no 33;;0;ksu buruh sejahtera jl bhayangkara no 33 kbli00;3;0;1;0;Tutup Sementara;JL BHAYANGKARA NO33;0;0;;;TARIK 02 FEB - 12.00 WITA;6401040004_0_0;;
4066;6395950;MAMMINASA, CV;JL TEPIAN BATANG TANAH GROGOT;6401040004;64;1;40;4;KALIMANTAN TIMUR;PASER;TANAH GROGOT;TANAH GROGOT;eyJpdiI6Im8vcktWZ1VEM3pFOXJ5RzJPT1BUNUE9PSIsInZhbHVlIjoiNmdnRG5UV29sTC9BSzRjVUo5YWs0dz09IiwibWFjIjoiOTA2NDNiYTJlMTA0ZWQ2NDkxYzM4OGEwMGY1M2UwZDgyODQ5MjQ2ZmYyY2QxZTQwMDc1NDczMDBhNTk4NTVjNiIsInRhZyI6IiJ9;;[Kegiatan Usaha: -, Kategori: F, KBLI: 41000];;;15/12/2025;UMKM;;;;invalid;;;FALSE;FALSE;TRUE;;;invalid;;;;;;mamminasa;0;0;0;;;jl tepian batang tanah grogot;;41;mamminasa jl tepian batang tanah grogot kbli41;99;0;1;0;Tidak Ditemukan;JL TEPIAN BATANG TANAH GROGOT;0;0;;;TARIK 02 FEB - 12.00 WITA;6401040004_0_0;;
4067;6395952;MEDIA KARYA TAKA, CV;JL MODANG GG. RUKUN NO 48;6401040004;64;1;40;4;KALIMANTAN TIMUR;PASER;TANAH GROGOT;TANAH GROGOT;eyJpdiI6Ik9FVEdzNGh6U2NGY0NMSlpzNmxMWUE9PSIsInZhbHVlIjoiOFBuU0JPcVg0YUc3WGMzN1VkYVJOZz09IiwibWFjIjoiYTk0ZjkwYTMwYTE0ZGRkMTM3N2QxNmI1MzFhMmQ0YWU3ZmJkM2I2NzIyOWYyMWEwMTAwZWY2ZWY5Y2M2OTY1MiIsInRhZyI6IiJ9;;[Kegiatan Usaha: -, Kategori: F, KBLI: 41000];;;15/12/2025;UMKM;;;;invalid;;;FALSE;FALSE;TRUE;;;invalid;;;;;;media karya taka;0;0;0;;;jl modang gg rukun no 48;;41;media karya taka jl modang gg rukun no 48 kbli41;3;0;1;0;Tutup;JL MODANG GG RUKUN NO 48;0;0;;;TARIK 02 FEB - 12.00 WITA;6401040004_0_0;;
4068;6395953;MEIGA PATRIA, CV;JL P. ANTASARI NO 2 TANAH GROGOT;6401040004;64;1;40;4;KALIMANTAN TIMUR;PASER;TANAH GROGOT;TANAH GROGOT;eyJpdiI6Im00bzA4WGhFaGNnSFZRVWp6M1Uxb0E9PSIsInZhbHVlIjoiZkl6ZXZnd2FRZnJFVS9lQU13ZXpJdz09IiwibWFjIjoiZWNiMzY5NjViYzI1ZWE2N2QwZjZhMzBkYWMwZGUyNGJmODUwNTE4OGY5MGFkYmE0YzMxYTA1MGFjNDViYmE0NCIsInRhZyI6IiJ9;;[Kegiatan Usaha: -, Kategori: F, KBLI: 41000];;;15/12/2025;UMKM;;;;invalid;;;FALSE;FALSE;TRUE;;;invalid;;;;;;meiga patria;0;0;0;;;jl p antasari no 2 tanah grogot;;41;meiga patria jl p antasari no 2 tanah grogot kbli41;99;0;1;0;Tidak Ditemukan;JL P ANTASARI NO 2 TANAH GROGOT;0;0;;;TARIK 02 FEB - 12.00 WITA;6401040004_0_0;;
4069;6395954;MULA WIJAYA, CV;JL R.A. KARTINI NO 31 TANAH GROGOT;6401040004;64;1;40;4;KALIMANTAN TIMUR;PASER;TANAH GROGOT;TANAH GROGOT;eyJpdiI6IjdybldGMDAxU1l2TWMyRDNFWVNxZGc9PSIsInZhbHVlIjoiT0xMNW1KZHBtL3lMRkdCNktRYzJwdz09IiwibWFjIjoiMWZiZDNlMjQ1YWQ0MDkzNDY1MjMzOWVkZGIzYjQ5YmU2MWFiYWE1YjdkN2YyZDZiZWI0ZWYxODg2M2EyZDJjNCIsInRhZyI6IiJ9;;[Kegiatan Usaha: -, Kategori: F, KBLI: 41000];;;15/12/2025;UMKM;;;;invalid;;;FALSE;FALSE;TRUE;;;invalid;;;;;;mula wijaya;0;0;0;;;jl r a kartini no 31 tanah grogot;;41;mula wijaya jl r a kartini no 31 tanah grogot kbli41;99;0;1;0;Tidak Ditemukan;JL RA KARTINI NO 31 TANAH GROGOT;0;0;;;TARIK 02 FEB - 12.00 WITA;6401040004_0_0;;
4070;6395955;MURNI RAYA, CV;JL RA. KARTINI GG. CITRA NO 83 TANAH GROGOT;6401040004;64;1;40;4;KALIMANTAN TIMUR;PASER;TANAH GROGOT;TANAH GROGOT;eyJpdiI6InZiZmpKbjc5UHlnbFVvMC9JblFnbmc9PSIsInZhbHVlIjoieDdORmJXME1PbWlVVTBudnpqRTJSQT09IiwibWFjIjoiNmVlZjBmYjQyNDE0ZjY4MzI5NWMxNDAxODRmOGNiYjlkMzMyNDIxMzJkOGRlNmIxYmM5MTU1YTU1ZWFkYmIyYyIsInRhZyI6IiJ9;;[Kegiatan Usaha: -, Kategori: F, KBLI: 41000];;;15/12/2025;UMKM;;;;invalid;;;FALSE;FALSE;TRUE;;;invalid;;;;;;murni raya;0;0;0;;;jl ra kartini gg citra no 83 tanah grogot;;41;murni raya jl ra kartini gg citra no 83 tanah grogot kbli41;99;0;1;0;Tidak Ditemukan;JL RA KARTINI GG CITRA NO 83 TANAH GROGOT;0;0;;;TARIK 02 FEB - 12.00 WITA;6401040004_0_0;;
4072;6395957;NINA JAYA LESTARI, CV;JL RM. NOTO SUNARDI TANAH GROGOT;6401040004;64;1;40;4;KALIMANTAN TIMUR;PASER;TANAH GROGOT;TANAH GROGOT;eyJpdiI6Im9Rc05Ud0JHQklOQndmU3RuQnYrZnc9PSIsInZhbHVlIjoieUhJeFhwa1pTZFdwSjhkbDljZm1Udz09IiwibWFjIjoiOGZjNDFhNzUzMTU1MTRiYWQwNTQ4YzkyZTQyYjBlNzU0NmY4MDQ3YmVkODY2NzA4NWEyNmYwMGQ0NmVlZjZlMiIsInRhZyI6IiJ9;;[Kegiatan Usaha: -, Kategori: F, KBLI: 41000];;;15/12/2025;UMKM;;;;invalid;;;FALSE;FALSE;TRUE;;;invalid;;;;;;nina jaya lestari;0;0;0;;;jl rm noto sunardi tanah grogot;;41;nina jaya lestari jl rm noto sunardi tanah grogot kbli41;99;0;1;0;Tidak Ditemukan;JL RM NOTO SUNARDI TANAH GROGOT;0;0;;;TARIK 02 FEB - 12.00 WITA;6401040004_0_0;;
4073;6395958;NOOR ABADI, CV;JL SULTAN ABDURAHMAN NO 9 TANAH GROGOT;6401040004;64;1;40;4;KALIMANTAN TIMUR;PASER;TANAH GROGOT;TANAH GROGOT;eyJpdiI6InRHekFydU1EbGFxcU9yeGljYUkrQnc9PSIsInZhbHVlIjoiMWhFc3NLOWJ0SFMwYXVoUnZlSmRlUT09IiwibWFjIjoiZjViOGE5MmJhMDA0ODdlODlmNWMwNzVmMThiYzI0ODg0YWVmMDQ0Zjg0OWU0ZjYxZjExMGIxMDMyOTczMWU4MCIsInRhZyI6IiJ9;;[Kegiatan Usaha: -, Kategori: F, KBLI: 41000];;;15/12/2025;UMKM;;;;invalid;;;FALSE;FALSE;TRUE;;;invalid;;;;;;noor abadi;0;0;0;;;jl sultan abdurahman no 9 tanah grogot;;41;noor abadi jl sultan abdurahman no 9 tanah grogot kbli41;99;0;1;0;Tidak Ditemukan;JL SULTAN ABDURAHMAN NO 9 TANAH GROGOT;0;0;;;TARIK 02 FEB - 12.00 WITA;6401040004_0_0;;
4074;6395960;NUR ASISAH, CV;JL JONE KOMP BTN TANAH GROGOT;6401040004;64;1;40;4;KALIMANTAN TIMUR;PASER;TANAH GROGOT;TANAH GROGOT;eyJpdiI6IjZkanF4a2tEQVZ5S0ZlQ0RYRmJRWnc9PSIsInZhbHVlIjoiUHNuQm5VZUM5U09IM2NNa3NhbXNhdz09IiwibWFjIjoiNTMzNGEwNDIyYmIzYzJjYzBmYWMzNjMzYWJjZGFjYTM0ZjhjNjk1ODRlM2JhOTEwNzQ4Y2VlMTZjODQwMWY0ZSIsInRhZyI6IiJ9;;[Kegiatan Usaha: -, Kategori: F, KBLI: 41000];;;15/12/2025;UMKM;;;;invalid;;;FALSE;FALSE;TRUE;;;invalid;;;;;;nur asisah;0;0;0;;;jl jone komp btn tanah grogot;;41;nur asisah jl jone komp btn tanah grogot kbli41;99;0;1;0;Tidak Ditemukan;JL JONE KOMP BTN TANAH GROGOT;0;0;;;TARIK 02 FEB - 12.00 WITA;6401040004_0_0;;
4077;6395963;PASIR PUTIH, CV;JL SULTAN IBRAHIM KHALILUDDIN NO 36 TANAH GROGOT;6401040004;64;1;40;4;KALIMANTAN TIMUR;PASER;TANAH GROGOT;TANAH GROGOT;eyJpdiI6IitOcFhIbTVWekRaNDdFWFJyazBiRkE9PSIsInZhbHVlIjoiZzBxNndMelo2eFc3ZVdic0JURDdCdz09IiwibWFjIjoiODI4N2EwMGQwNTVkMmZmODJlMjg2ZmIwYjk3MDFhY2IxMDE4MTE5ZTg3YmMyNzI2ZDA4NzMwYWRmZmY2ODM3ZSIsInRhZyI6IiJ9;;[Kegiatan Usaha: -, Kategori: F, KBLI: 41000];;;15/12/2025;UMKM;;;;invalid;;;FALSE;FALSE;TRUE;;;invalid;;;;;;pasir putih;0;0;0;;;jl sultan ibrahim khaliluddin no 36 tanah grogot;;41;pasir putih jl sultan ibrahim khaliluddin no 36 tanah grogot kbli41;99;0;1;0;Tidak Ditemukan;JL SULTAN IBRAHIM KHALILUDDIN NO 36 TANAH GROGOT;0;0;;;TARIK 02 FEB - 12.00 WITA;6401040004_0_0;;
4078;6395964;PELITA PASIR, CV;JL R.M. MOTO SUNARDI NO 76;6401040004;64;1;40;4;KALIMANTAN TIMUR;PASER;TANAH GROGOT;TANAH GROGOT;eyJpdiI6InNwVUg3SWRLQ2R0OGplUElwbGRUakE9PSIsInZhbHVlIjoiR1R2YVI5U3kzUldRVURlK1BZWUgxZz09IiwibWFjIjoiNTQ2ODUxNWYyZTZiYzlmNjMxNzBiMWJmYjZmZDQ3MTc3MzcwMWRkOWUyOGY5ZjZhNmYxODFlNGMyODU2Y2M4YSIsInRhZyI6IiJ9;;[Kegiatan Usaha: -, Kategori: F, KBLI: 41000];;;15/12/2025;UMKM;;;;invalid;;;FALSE;FALSE;TRUE;;;invalid;;;;;;pelita pasir;0;0;0;;;jl r m moto sunardi no 76;;41;pelita pasir jl r m moto sunardi no 76 kbli41;99;0;1;0;Tidak Ditemukan;JL RM MOTO SUNARDI NO 76;0;0;;;TARIK 02 FEB - 12.00 WITA;6401040004_0_0;;
4079;6395965;PENCIPTA LOKA, CV;JL BRIGJEN. A.W. SYACHRANI NO.66;6401040004;64;1;40;4;KALIMANTAN TIMUR;PASER;TANAH GROGOT;TANAH GROGOT;eyJpdiI6IjBuZ2RkRENsc0Y3NndValV6VHVZN3c9PSIsInZhbHVlIjoiblNCSDB0am1DLzU1NTVYYnk0VWVNZz09IiwibWFjIjoiMDQ5Y2IyMmE3NTRiMWUyNjMyMWUyYjM0MWE3YTdhNjg5NGMwZjQ0ODE1NzE2NTMzMTNiZjk0ZWE0MjFlOThkNiIsInRhZyI6IiJ9;;[Kegiatan Usaha: -, Kategori: F, KBLI: 41000];;;15/12/2025;UMKM;;;;invalid;;;FALSE;FALSE;TRUE;;;invalid;;;;;;pencipta loka;0;0;0;;;jl brigjen a w syachrani no 66;;41;pencipta loka jl brigjen a w syachrani no 66 kbli41;99;0;0;0;Tidak Ditemukan;JL BRIGJEN AW SYACHRANI NO66;0;0;;;TARIK 02 FEB - 12.00 WITA;6401040004_0_0;;
4080;6395966;PURI ANGKASA RAYA, CV;JL BLAWAN GG. I NO 42;6401040004;64;1;40;4;KALIMANTAN TIMUR;PASER;TANAH GROGOT;TANAH GROGOT;eyJpdiI6Ik93UEYzZjZLa2dJMnFTcVcvcEkrV1E9PSIsInZhbHVlIjoiV0I0WjlSMmJTL1BQd0g1N3hwSGVBdz09IiwibWFjIjoiMzU3ZTNkY2FhZDYwMzhhYzRhYWM5M2Q1NTFjY2MyNzkwMTJkODNlMDE0ZTdmNTBkZjMyYWQzMWJhMGNjNWUxZiIsInRhZyI6IiJ9;;[Kegiatan Usaha: -, Kategori: F, KBLI: 41000];;;15/12/2025;UMKM;;;;invalid;;;FALSE;FALSE;TRUE;;;invalid;;;;;;puri angkasa raya;0;0;0;;;jl blawan gg i no 42;;41;puri angkasa raya jl blawan gg i no 42 kbli41;99;0;1;0;Tidak Ditemukan;JL BLAWAN GG I NO 42;0;0;;;TARIK 02 FEB - 12.00 WITA;6401040004_0_0;;
4082;6395858;RAMA UTAMA, CV;JL K.H. AHMAD DAHLAN NO 64;6401040004;64;1;40;4;KALIMANTAN TIMUR;PASER;TANAH GROGOT;TANAH GROGOT;eyJpdiI6ImMxaUlXVjVsR2FvbG5yN1RmNzMrWkE9PSIsInZhbHVlIjoidUNvOGxnam00Vmc3NmRlSFRwRTFGUT09IiwibWFjIjoiMTU5MjI5OGYyYjQwYjUxNzFjZmYwNDExM2Y3ZjRhNGI5ODA1NWI1OWIxZWY2OThiOTVlZDhmZTM0MzU5NmY5ZiIsInRhZyI6IiJ9;;[Kegiatan Usaha: -, Kategori: F, KBLI: 42];;;15/12/2025;UMKM;;;;invalid;;;FALSE;FALSE;TRUE;;;invalid;;;;;;rama utama;0;0;0;;;jl k h ahmad dahlan no 64;;42;rama utama jl k h ahmad dahlan no 64 kbli42;99;0;1;0;Tidak Ditemukan;JL KH AHMAD DAHLAN NO 64;0;0;;;TARIK 02 FEB - 12.00 WITA;6401040004_0_0;;
4083;6395859;RAMAYANA, CV;JL SULTAN HASANUDDIN;6401040004;64;1;40;4;KALIMANTAN TIMUR;PASER;TANAH GROGOT;TANAH GROGOT;eyJpdiI6ImFIcHNILzloYlg5Wm8zUFhPMkxsdHc9PSIsInZhbHVlIjoieWJycW9MQzI3SDFKUFViUzd0ZGhCUT09IiwibWFjIjoiMTgzNTcyOTU1Y2I5YWRhZDQwMGYwN2M4MmZkMjYyMTA5NTdmYzY1MWNlOWNmYWM4NDJmM2FlOTdkNzQzMmQ4OSIsInRhZyI6IiJ9;;[Kegiatan Usaha: -, Kategori: F, KBLI: 42];;;15/12/2025;UMKM;;;;invalid;;;FALSE;FALSE;TRUE;;;invalid;;;;;;ramayana;0;0;0;;;jl sultan hasanuddin;;42;ramayana jl sultan hasanuddin kbli42;3;0;1;0;Tutup;JL SULTAN HASANUDDIN;0;0;;;TARIK 02 FEB - 12.00 WITA;6401040004_0_0;;
4084;6395860;RESTU IBU, CV;JL ST. IBRAHIM KHALILLUDIN NO.88;6401040004;64;1;40;4;KALIMANTAN TIMUR;PASER;TANAH GROGOT;TANAH GROGOT;eyJpdiI6Iks3S3lkMlhZbjRaOGx6RlgzWTA3dnc9PSIsInZhbHVlIjoiM3JFYUc4Vm91TURjUlpjNGxoR3JQdz09IiwibWFjIjoiY2IyNTBiZGRlMTFmNDMxMTNlMWE5MDdmNTY2Y2IyYjRlMWFjNmZjZTdiYjgwNmU0MzJiNjE1NzkzNWQyYTYxNyIsInRhZyI6IiJ9;;[Kegiatan Usaha: -, Kategori: F, KBLI: 41000];;;15/12/2025;UMKM;;;;invalid;;;FALSE;FALSE;TRUE;;;invalid;;;;;;restu ibu;0;0;0;;;jl st ibrahim khalilludin no 88;;41;restu ibu jl st ibrahim khalilludin no 88 kbli41;99;0;1;0;Tidak Ditemukan;JL ST IBRAHIM KHALILLUDIN NO88;0;0;;;TARIK 02 FEB - 12.00 WITA;6401040004_0_0;;
4085;6395861;REZEKI ABADI, CV;JL JEND. A. YANI NO.4;6401040004;64;1;40;4;KALIMANTAN TIMUR;PASER;TANAH GROGOT;TANAH GROGOT;eyJpdiI6ImNsZ201ZHpqL21TNUZmUWQyRFA3VEE9PSIsInZhbHVlIjoiTXROUG5tUXNzSGlnWGxxS0xONjJjZz09IiwibWFjIjoiY2NmZWU4N2E4NDY3NTc1YTZjZDhkNDdjNzQzOGY4NzQxYjI5OTVlYTI5YjY3ZDkxZmY1ZGVhMWE4OTI4MGRhYyIsInRhZyI6IiJ9;;[Kegiatan Usaha: -, Kategori: F, KBLI: 41000];;;15/12/2025;UMKM;;;;invalid;;;FALSE;FALSE;TRUE;;;invalid;;;;;;rezeki abadi;0;0;0;;;jl jend a yani no 4;;41;rezeki abadi jl jend a yani no 4 kbli41;99;0;1;0;Tidak Ditemukan;JL JEND A YANI NO4;0;0;;;TARIK 02 FEB - 12.00 WITA;6401040004_0_0;;
4087;6395835;MITRA PUTRI, CV;JL JEND. A YANI NO.004;6401040004;64;1;40;4;KALIMANTAN TIMUR;PASER;TANAH GROGOT;TANAH GROGOT;eyJpdiI6ImtEVEp0YTBMN29mUGNUUzArYitTSFE9PSIsInZhbHVlIjoiUFRZeFZJMzlrSmhsSkFoRDIzWWpiZz09IiwibWFjIjoiMGE4Yjg5NWQwZDk5NWJjMzQwNmJmMDVmZjQ2ZTgxNDNlNjBmNzQzNTRiODg2ZjdlMjYxNTkyMTY3ZTg2NzhjYSIsInRhZyI6IiJ9;;[Kegiatan Usaha: -, Kategori: F, KBLI: 41000];;;15/12/2025;UMKM;;;;invalid;;;FALSE;FALSE;TRUE;;;invalid;;;;;;mitra putri;0;0;0;;;jl jend a yani no 004;;41;mitra putri jl jend a yani no 004 kbli41;99;0;1;0;Tidak Ditemukan;JL JEND A YANI NO004;0;0;;;TARIK 02 FEB - 12.00 WITA;6401040004_0_0;;
4088;6395895;USAHA WINA BARU, CV;JL JEND. SUDIRMAN NO 09 TANAH GROGOT;6401040004;64;1;40;4;KALIMANTAN TIMUR;PASER;TANAH GROGOT;TANAH GROGOT;eyJpdiI6IlJsMUswMGI1cG9KRlJhcXRNNjRoN0E9PSIsInZhbHVlIjoib2MwdkVBdkZPMGgydFdCTWdZbDdQQT09IiwibWFjIjoiOGUyNTMyYzA1MmRhZmIxZWY3NDNkNWExMzFlNmE0M2JhMTljYzY5NGJmNzk1M2FkZTJlYzU1YWJhYTc4ZTcwMiIsInRhZyI6IiJ9;;[Kegiatan Usaha: -, Kategori: F, KBLI: 41000];;;15/12/2025;UMKM;;;;invalid;;;FALSE;FALSE;TRUE;;;invalid;;;;;;usaha wina baru;0;0;0;;;jl jend sudirman no 09 tanah grogot;;41;usaha wina baru jl jend sudirman no 09 tanah grogot kbli41;99;0;1;0;Tidak Ditemukan;JL JEND SUDIRMAN NO 09 TANAH GROGOT;0;0;;;TARIK 02 FEB - 12.00 WITA;6401040004_0_0;;
4090;6395898;WAHYU, CV;JL CIPTO MANGUN KUSUMO;6401040004;64;1;40;4;KALIMANTAN TIMUR;PASER;TANAH GROGOT;TANAH GROGOT;eyJpdiI6ImcvTXFpbWlEbnJkMERoMnF0WFBJQkE9PSIsInZhbHVlIjoiRjlVSWJ4K21sUi9EOWNDU0ZwUThlZz09IiwibWFjIjoiNzEwNDg2OWM1MWU1NTM1YTQ2ZmJkOTg3NjE0MjU2MTIzMDAzNmU0NTdjN2ViYTkzODk5OGRhMjgwMTU2NGQ5MiIsInRhZyI6IiJ9;;[Kegiatan Usaha: -, Kategori: F, KBLI: 42];;;15/12/2025;UMKM;;;;invalid;;;FALSE;FALSE;TRUE;;;invalid;;;;;;wahyu;0;0;0;;;jl cipto mangun kusumo;;42;wahyu jl cipto mangun kusumo kbli42;99;0;1;0;Tidak Ditemukan;JL CIPTO MANGUN KUSUMO;0;0;;;TARIK 02 FEB - 12.00 WITA;6401040004_0_0;;
4091;6395900;WIRA BUANA, CV;JL UNTUNG SUROPATI;6401040004;64;1;40;4;KALIMANTAN TIMUR;PASER;TANAH GROGOT;TANAH GROGOT;eyJpdiI6IjhwOFFXZXc1aXJrWm9CRmp5YWJqSUE9PSIsInZhbHVlIjoiTElzNFU2MGt1UVBOM1paMmNZeXpqQT09IiwibWFjIjoiOWQ4M2M5YmIyMDE2YTQ2ZTE4OGQzNTZlMDYyZWUxYTkyMzJhZmNlZjhkMzk5OWM5OWM5NDk2N2FhYjE0MjU4NyIsInRhZyI6IiJ9;;[Kegiatan Usaha: -, Kategori: F, KBLI: 41000];;;15/12/2025;UMKM;;;;invalid;;;FALSE;FALSE;TRUE;;;invalid;;;;;;wira buana;0;0;0;;;jl untung suropati;;41;wira buana jl untung suropati kbli41;99;0;1;0;Tidak Ditemukan;JL UNTUNG SUROPATI;0;0;;;TARIK 02 FEB - 12.00 WITA;6401040004_0_0;;
4096;6395914;AKBAR, CV;JL RANTAU PANJANG;6401040004;64;1;40;4;KALIMANTAN TIMUR;PASER;TANAH GROGOT;TANAH GROGOT;eyJpdiI6InVCOG5uZ1N6WjJQZWQ4WVFxUG10UlE9PSIsInZhbHVlIjoieVBOWDYrZjc5TENWa2Rzb2dtVjNhZz09IiwibWFjIjoiMjdiNTQ0MWRlOTRjNWExNzQ3NWNiMTJiOGZhYjAwOTNmYTYxNTYyMjljZDE5NDVjOTc5OGRkYWIxZmM1MTVhZiIsInRhZyI6IiJ9;;[Kegiatan Usaha: -, Kategori: F, KBLI: 41000];;;15/12/2025;UMKM;;;;invalid;;;FALSE;FALSE;TRUE;;;invalid;;;;;;akbar;0;0;0;;;jl rantau panjang;;41;akbar jl rantau panjang kbli41;99;0;1;0;Tidak Ditemukan;JL RANTAU PANJANG;0;0;;;TARIK 02 FEB - 12.00 WITA;6401040004_0_0;;
4097;6395915;ALAM SELATAN, CV;JL KAPT. PIERE TENDEAN T.GROGOT;6401040004;64;1;40;4;KALIMANTAN TIMUR;PASER;TANAH GROGOT;TANAH GROGOT;eyJpdiI6IkFmQ0pFVXhJNGNaNFcyNTl2VlBYQlE9PSIsInZhbHVlIjoiUDYvRDNhU240Nm9tdzFjeEdMdEtpdz09IiwibWFjIjoiYjAzMjQ1ZmVhMjdkNGJkYTU0N2M5YjZiYWE1MzkwZTJjY2EzN2NlZTI5MTA3YTkxYjBhMzFhMmE1MDQyNDJjMSIsInRhZyI6IiJ9;;[Kegiatan Usaha: -, Kategori: F, KBLI: 41000];;;15/12/2025;UMKM;;;;invalid;;;FALSE;FALSE;TRUE;;;invalid;;;;;;alam selatan;0;0;0;;;jl kapt piere tendean t grogot;;41;alam selatan jl kapt piere tendean t grogot kbli41;99;0;1;0;Tidak Ditemukan;JL KAPT PIERE TENDEAN TGROGOT;0;0;;;TARIK 02 FEB - 12.00 WITA;6401040004_0_0;;
4098;6395916;ALDY JAYA, CV;JL SULTAN HASANUDIN;6401040004;64;1;40;4;KALIMANTAN TIMUR;PASER;TANAH GROGOT;TANAH GROGOT;eyJpdiI6InBYZDNvbVRWbWdqVnJqV0pxcHBxRnc9PSIsInZhbHVlIjoiV1IzOFIzZGRmYUhIT1p5YytxeDVzZz09IiwibWFjIjoiYjRlNWVjZWM2Y2MwOTA0Yjk1ZDk4YjA5MDg5Zjg3YWM2NjY5NGQ2NmRlYjhjYWVkNTU4ZjhhNmJlOWEyYTEzNSIsInRhZyI6IiJ9;;[Kegiatan Usaha: -, Kategori: F, KBLI: 41000];;;15/12/2025;UMKM;;;;invalid;;;FALSE;FALSE;TRUE;;;invalid;;;;;;aldy jaya;0;0;0;;;jl sultan hasanudin;;41;aldy jaya jl sultan hasanudin kbli41;99;0;1;0;Tidak Ditemukan;JL SULTAN HASANUDIN;0;0;;;TARIK 02 FEB - 12.00 WITA;6401040004_0_0;;
4099;6395917;ALFA KARYA, CV;JL YOS SUDARSO TANAH GROGOT;6401040004;64;1;40;4;KALIMANTAN TIMUR;PASER;TANAH GROGOT;TANAH GROGOT;eyJpdiI6ImFtZ0Zaa3VTZ2lxM3lKNnhmTlk2N0E9PSIsInZhbHVlIjoiNDF2N0Z0KzE3MUp2ZDlERllWYUJoUT09IiwibWFjIjoiMjk3YmZlYmE2OWI2NGZkZGE3NjhjZTk4NzIwZWJmMzgwYWVkM2UwMDM1NmUzODYzNGJjNzJjZDEwN2NlNTUyMCIsInRhZyI6IiJ9;;[Kegiatan Usaha: -, Kategori: F, KBLI: 41000];;;15/12/2025;UMKM;;;;invalid;;;FALSE;FALSE;TRUE;;;invalid;;;;;;alfa karya;0;0;0;;;jl yos sudarso tanah grogot;;41;alfa karya jl yos sudarso tanah grogot kbli41;99;0;1;0;Tidak Ditemukan;JL YOS SUDARSO TANAH GROGOT;0;0;;;TARIK 02 FEB - 12.00 WITA;6401040004_0_0;;
4100;6395918;ARNES JAYA, CV;JL KANDILO BAHARI;6401040004;64;1;40;4;KALIMANTAN TIMUR;PASER;TANAH GROGOT;TANAH GROGOT;eyJpdiI6Ijk4U3p1S2ZQSTlVMUE2eHIxU1Zuenc9PSIsInZhbHVlIjoiS3d2RG40TG9zVVNna0RXZW5vTXJ0dz09IiwibWFjIjoiZmE2MDlkYzQ5Y2I2MzA1NzA1NDFhMDRlZDgyYmY0ODc3YmYxZTNkY2YxZGQxOTFiMjcxMmM5YzgxYTA1M2MxOSIsInRhZyI6IiJ9;;[Kegiatan Usaha: -, Kategori: F, KBLI: 41000];;;15/12/2025;UMKM;;;;invalid;;;FALSE;FALSE;TRUE;;;invalid;;;;;;arnes jaya;0;0;0;;;jl kandilo bahari;;41;arnes jaya jl kandilo bahari kbli41;99;0;1;0;Tidak Ditemukan;JL KANDILO BAHARI;0;0;;;TARIK 02 FEB - 12.00 WITA;6401040004_0_0;;
4101;6395920;BERKAT BERSAMA, CV;JL PADAT KARYA;6401040004;64;1;40;4;KALIMANTAN TIMUR;PASER;TANAH GROGOT;TANAH GROGOT;eyJpdiI6IlRMZTZoNlNmS2xKNndGWTNyS2kvRUE9PSIsInZhbHVlIjoiODJBVjF1ZlZGTU82ZmdnRjEwaGJ1dz09IiwibWFjIjoiOTlhZDk4YjNhNDU5Mjc4MWMzMjJlNWQzYjk4MzUzOWZjNmE4ZDg5ZTc2MzA5MTJkOWE0NTI1YjVjMDQxNjk2ZiIsInRhZyI6IiJ9;;[Kegiatan Usaha: -, Kategori: F, KBLI: 41000];;;15/12/2025;UMKM;;;;invalid;;;FALSE;FALSE;TRUE;;;invalid;;;;;;berkat bersama;0;0;0;;;jl padat karya;;41;berkat bersama jl padat karya kbli41;99;0;1;0;Tidak Ditemukan;JL PADAT KARYA;0;0;;;TARIK 02 FEB - 12.00 WITA;6401040004_0_0;;
4102;6395921;BERKAT MUFAKAT, CV;JL P. DIPONEGORO NO 137;6401040004;64;1;40;4;KALIMANTAN TIMUR;PASER;TANAH GROGOT;TANAH GROGOT;eyJpdiI6InZUNjBJV084U21LNFk3eGticlBmVUE9PSIsInZhbHVlIjoiQlQ1ZUI5SmVoNWFscW45a09JVXl0UT09IiwibWFjIjoiYzkzMDc2ZGY2MGE1NTYzMGIwOWJmMzYxMDcwNTc0MjJjZmI1ZWNlYzVmNTQ4YjkzZjA0ZDhiOTQ1OTA5N2EyYSIsInRhZyI6IiJ9;;[Kegiatan Usaha: -, Kategori: F, KBLI: 41000];;;15/12/2025;UMKM;;;;invalid;;;FALSE;FALSE;TRUE;;;invalid;;;;;;berkat mufakat;0;0;0;;;jl p diponegoro no 137;;41;berkat mufakat jl p diponegoro no 137 kbli41;99;0;1;0;Tidak Ditemukan;JL P DIPONEGORO NO 137;0;0;;;TARIK 02 FEB - 12.00 WITA;6401040004_0_0;;
4103;6395922;BORNEO PERKASA, CV;JL RM.NOTO SUNARDI NO.76 TANAH GROGOT;6401040004;64;1;40;4;KALIMANTAN TIMUR;PASER;TANAH GROGOT;TANAH GROGOT;eyJpdiI6Ik1OMkNwOEd6ZEx2Y0FOTForZDFIV1E9PSIsInZhbHVlIjoiMlFqSjFmNGZ0MzZyZmZxWkFqY0xOQT09IiwibWFjIjoiNjg4NGI2Nzk1NzRmMjRiNDZiM2U0OTAwMjEyZjhmMjFkZjJhYzQ2Y2E4ZTEwNWUzYWEzY2ZjZGQyNzUwYWNmMyIsInRhZyI6IiJ9;;[Kegiatan Usaha: -, Kategori: F, KBLI: 41000];;;15/12/2025;UMKM;;;;invalid;;;FALSE;FALSE;TRUE;;;invalid;;;;;;borneo perkasa;0;0;0;;;jl rm noto sunardi no 76 tanah grogot;;41;borneo perkasa jl rm noto sunardi no 76 tanah grogot kbli41;99;0;1;0;Tidak Ditemukan;JL RMNOTO SUNARDI NO76 TANAH GROGOT;0;0;;;TARIK 02 FEB - 12.00 WITA;6401040004_0_0;;
4104;6395923;CAHAYA KALIMANTAN, CV;JL KI HAJAR DEWANTARA NO 43;6401040004;64;1;40;4;KALIMANTAN TIMUR;PASER;TANAH GROGOT;TANAH GROGOT;eyJpdiI6IlZLUFY2K3YyQUxRenRkY3h0M0hTVUE9PSIsInZhbHVlIjoibXRJakdaRjVybkNHVWRwQXorQ0VSUT09IiwibWFjIjoiYzU0NTRjODVkMjM0ODczYWFlYzY4ZTRjMDc3MDU1NWNlMzg2NzJhMjhiNTZlMzFkMzU0NzczZmE5MWE3MjFmZiIsInRhZyI6IiJ9;;[Kegiatan Usaha: -, Kategori: F, KBLI: 41000];;;15/12/2025;UMKM;;;;invalid;;;FALSE;FALSE;TRUE;;;invalid;;;;;;cahaya kalimantan;0;0;0;;;jl ki hajar dewantara no 43;;41;cahaya kalimantan jl ki hajar dewantara no 43 kbli41;3;0;1;0;Tutup;JL KI HAJAR DEWANTARA NO 43;0;0;;;TARIK 02 FEB - 12.00 WITA;6401040004_0_0;;
4105;6395924;CAHAYA LIMA EMPAT, CV;JL NEGARA KEC. PASIR BELENGKONG;6401040004;64;1;40;4;KALIMANTAN TIMUR;PASER;TANAH GROGOT;TANAH GROGOT;eyJpdiI6InE5RW5tdjdPRFpGV3JiUnVGQ2h6c1E9PSIsInZhbHVlIjoiRnp1N1VURDk2VitZRzU4NmlpMmkvZz09IiwibWFjIjoiZjljM2UyMzZmMzUzZjJmZWQ2N2ZiOTM2ZDg0YmZmNjZlMzc1MTBmN2E3M2YxNDQ5YWQ0YzJiMTA5Yzc3MTRmNiIsInRhZyI6IiJ9;;[Kegiatan Usaha: -, Kategori: F, KBLI: 41000];;;15/12/2025;UMKM;;;;invalid;;;FALSE;FALSE;TRUE;;;invalid;;;;;;cahaya lima empat;0;0;0;;;jl negara kec pasir belengkong;;41;cahaya lima empat jl negara kec pasir belengkong kbli41;99;0;1;0;Tidak Ditemukan;JL NEGARA KEC PASIR BELENGKONG;0;0;;;TARIK 02 FEB - 12.00 WITA;6401040004_0_0;;
4106;6395903;YULIA PERKASA MANDIRI, CV;JL HOS. COKROAMINOTO NO 23 TANAH GROGOT;6401040004;64;1;40;4;KALIMANTAN TIMUR;PASER;TANAH GROGOT;TANAH GROGOT;eyJpdiI6IkJ5aU0yTnBNdGh4blBzYWpwdU5UNVE9PSIsInZhbHVlIjoiVE85Z05haFNsME9WMTB6NEpRbzI1Zz09IiwibWFjIjoiNTA4YTNhYmZmMzc3MjBhNGJjMjQxNWYyYTk4Y2IwNzE1Y2U4MWQyNGQxNWNjNmY4ZDY5MTlkYTY0NjRmNDg1MyIsInRhZyI6IiJ9;;[Kegiatan Usaha: -, Kategori: F, KBLI: 41000];;;15/12/2025;UMKM;;;;invalid;;;FALSE;FALSE;TRUE;;;invalid;;;;;;yulia perkasa mandiri;0;0;0;;;jl hos cokroaminoto no 23 tanah grogot;;41;yulia perkasa mandiri jl hos cokroaminoto no 23 tanah grogot kbli41;99;0;1;0;Tidak Ditemukan;JL HOS COKROAMINOTO NO 23 TANAH GROGOT;0;0;;;TARIK 02 FEB - 12.00 WITA;6401040004_0_0;;
4107;6395968;RAHMA INDAH, CV;JL SENAKEN GG. AL-IKHSAN NO.29;6401040016;64;1;40;16;KALIMANTAN TIMUR;PASER;TANAH GROGOT;SENAKEN;eyJpdiI6ImF4ZVlHeWxWeklXOW54RGdwNmZkMGc9PSIsInZhbHVlIjoiTFFBVllSTlpwRlZWL0JRaEpTOHRRZz09IiwibWFjIjoiY2U0NTRjMWNiYzU4ZmJhYzNkNjRkM2Q2NjVjMDUxY2M1NGEyY2I0YTg0MmZjZTIwMWM2NTcxNzNmODVmNGM5ZSIsInRhZyI6IiJ9;;[Kegiatan Usaha: -, Kategori: F, KBLI: 41000];;;15/12/2025;UMKM;;;;invalid;;;FALSE;FALSE;TRUE;;;invalid;;;;;;rahma indah;0;0;0;;;jl senaken gg al ikhsan no 29;;41;rahma indah jl senaken gg al ikhsan no 29 kbli41;99;0;1;0;Tidak Ditemukan;JL SENAKEN GG ALIKHSAN NO29;0;0;;;TARIK 02 FEB - 12.00 WITA;6401040016_0_0;;
4172;6395982;YULIA ABADI, CV;JL SENAKEN NO 59 GG. DARUSSALAM;6401040016;64;1;40;16;KALIMANTAN TIMUR;PASER;TANAH GROGOT;SENAKEN;eyJpdiI6ImNGVnBrNENubktxbVZHZmFlcTVHcmc9PSIsInZhbHVlIjoiMW44WldacmhlNjdTcDNyZXhJSXpXQT09IiwibWFjIjoiY2M5ZTEzNWUzNzQ2NTNmZTg3NzdkOGE1ZmUwZmMyNjI2Njg5NTAxYzc1ZDY5YmQzYjI2NTkzYWMyNmViODVjNiIsInRhZyI6IiJ9;;[Kegiatan Usaha: -, Kategori: F, KBLI: 41000];;;15/12/2025;UMKM;;;;invalid;;;FALSE;FALSE;TRUE;;;invalid;;;;;;yulia abadi;0;0;0;;;jl senaken no 59 gg darussalam;;41;yulia abadi jl senaken no 59 gg darussalam kbli41;99;0;1;0;Tidak Ditemukan;JL SENAKEN NO 59 GG DARUSSALAM;0;0;;;TARIK 02 FEB - 12.00 WITA;6401040016_0_0;;
4174;6395984;DELTA DESINGN, CV;TANAH GROGOT;6401040004;64;1;40;4;KALIMANTAN TIMUR;PASER;TANAH GROGOT;TANAH GROGOT;eyJpdiI6IkkrSDJxb1QyamtOM21OWFVVS1lKc3c9PSIsInZhbHVlIjoiZ0x5NXpOUjVCUUNBRzZVYVN4V3JRdz09IiwibWFjIjoiOTE2YmI2NTcxN2E4MmZiZWMzZGEwNDViNDI4ZjVkMDE3MDAyYjBhMmZlMjIyYjQ0NzhlMWM4ZGQyNzRmMzk5ZiIsInRhZyI6IiJ9;;[Kegiatan Usaha: -, Kategori: F, KBLI: -];;;15/12/2025;UMKM;;;;invalid;;;FALSE;FALSE;TRUE;;;invalid;;;;;;delta desingn;0;0;0;;;tanah grogot;;0;delta desingn tanah grogot kbli00;99;0;1;0;Tidak Ditemukan;TANAH GROGOT;0;0;;;TARIK 02 FEB - 12.00 WITA;6401040004_0_0;;
4175;6395986;MAJU MAKMUR, CV;TANAH GROGOT;6401040004;64;1;40;4;KALIMANTAN TIMUR;PASER;TANAH GROGOT;TANAH GROGOT;eyJpdiI6InlwekJIMUE3UTNiWU8wTjZTdnVMN0E9PSIsInZhbHVlIjoiUWxxajhqZjJTODYwUFJnYjUzNDRLQT09IiwibWFjIjoiYjM4YjZiNWJiM2EyODdkOTQ3ZWEzNmZkZWFjNzZkNGY2NTY1ODdiYTQ3NzJhYmExNGVjN2JmNGU0ZTM4YWE3NSIsInRhZyI6IiJ9;;[Kegiatan Usaha: -, Kategori: F, KBLI: -];;;15/12/2025;UMKM;;;;invalid;;;FALSE;FALSE;TRUE;;;invalid;;;;;;maju makmur;0;0;0;;;tanah grogot;;0;maju makmur tanah grogot kbli00;99;0;1;0;Tidak Ditemukan;TANAH GROGOT;0;0;;;TARIK 02 FEB - 12.00 WITA;6401040004_0_0;;
4176;6395987;MANDIRI HARAPAN UTAMA, CV;BATU KAJANG;6401010011;64;1;10;11;KALIMANTAN TIMUR;PASER;BATU SOPANG;BATU KAJANG;eyJpdiI6IlA2ZTdDRG9FK2NKMEFiUG1iTHZBcFE9PSIsInZhbHVlIjoiOTg1dTA0WURJN2JrWlU4UUtsOEQyZz09IiwibWFjIjoiNmFkODg4YjNiMjZmZjRiOGEwMmY0ODAxYzBiYTdhYzk3YzYxNTFiODlhNjk2NWExYzhkNWIyNzYyNGQ0YjI3NiIsInRhZyI6IiJ9;;[Kegiatan Usaha: -, Kategori: F, KBLI: -];;;15/12/2025;UMKM;;;;invalid;;;FALSE;FALSE;TRUE;;;invalid;;;;;;mandiri harapan utama;0;0;0;;;batu kajang;;0;mandiri harapan utama batu kajang kbli00;99;0;1;0;Tidak Ditemukan;BATU KAJANG;0;0;;;TARIK 02 FEB - 12.00 WITA;6401010011_0_0;;
4177;6395988;MANDIRI SOFFHA, CV;JL BAYANGKARA NO 34 TANA PASER;6401040004;64;1;40;4;KALIMANTAN TIMUR;PASER;TANAH GROGOT;TANAH GROGOT;eyJpdiI6IitYamk2S0ZFZ2NsbHBacDdrZ3ZpZ1E9PSIsInZhbHVlIjoielZ2M1FyMG41WHRGU0hlQkUveEVxUT09IiwibWFjIjoiYzExZTM2NTY3YzUxZTY0ZjJhN2I3MDMyN2Q5M2Q0YzQzNWE1YjM5Yjk4YTU0M2ExOTYzZjJhNmNkNDJjMDBhMyIsInRhZyI6IiJ9;;[Kegiatan Usaha: -, Kategori: F, KBLI: -];;;15/12/2025;UMKM;;;;invalid;;;FALSE;FALSE;TRUE;;;invalid;;;;;;mandiri soffha;0;0;0;;;jl bayangkara no 34 tana paser;;0;mandiri soffha jl bayangkara no 34 tana paser kbli00;99;0;1;0;Tidak Ditemukan;JL BAYANGKARA NO 34 TANA PASER;0;0;;;TARIK 02 FEB - 12.00 WITA;6401040004_0_0;;
4178;6395990;NOOR SELARAS, CV;JL NEGARA BATU AJI;6401040004;64;1;40;4;KALIMANTAN TIMUR;PASER;TANAH GROGOT;TANAH GROGOT;eyJpdiI6Im5NTE05STluczVMczJZeXppcUdiSmc9PSIsInZhbHVlIjoiNTIyL1padVE1bUtKYXNpTW1ydjF2dz09IiwibWFjIjoiZjNmM2FiZDg4YTI4NjE3NDg4ZTkzYzRmN2ExODBlNDNkZmNlMzYwMjZmM2M4NDFlNTM1ZmRkNTFiOTczZjQ4MCIsInRhZyI6IiJ9;;[Kegiatan Usaha: -, Kategori: F, KBLI: -];;;15/12/2025;UMKM;;;;invalid;;;FALSE;FALSE;TRUE;;;invalid;;;;;;noor selaras;0;0;0;;;jl negara batu aji;;0;noor selaras jl negara batu aji kbli00;99;0;1;0;Tidak Ditemukan;JL NEGARA BATU AJI;0;0;;;TARIK 02 FEB - 12.00 WITA;6401040004_0_0;;
4180;6395993;YUSIANA JAYA, CV;TANAH GROGOT;6401040004;64;1;40;4;KALIMANTAN TIMUR;PASER;TANAH GROGOT;TANAH GROGOT;eyJpdiI6IkpQRm0ycnJza0QwSnhoNFVkeTcvQ1E9PSIsInZhbHVlIjoidldJbVhMRUJrTHc2T1FyNkdGbjd3dz09IiwibWFjIjoiMjdkODEwYjI1YjU2NTJlYWFiMzdiYTE0NDdiNGE5ZWMzOTA2YTc4ZDQwYmQxZWQ3NTFmNDQzOGE0OWJiYzQ4MCIsInRhZyI6IiJ9;;[Kegiatan Usaha: -, Kategori: F, KBLI: -];;;15/12/2025;UMKM;;;;invalid;;;FALSE;FALSE;TRUE;;;invalid;;;;;;yusiana jaya;0;0;0;;;tanah grogot;;0;yusiana jaya tanah grogot kbli00;99;0;1;0;Tidak Ditemukan;TANAH GROGOT;0;0;;;TARIK 02 FEB - 12.00 WITA;6401040004_0_0;;
4184;6395970;SARI PRIMA, CV;JL SULTAN ABDURRAHMAN NO.28 TANAH GROGOT;6401040004;64;1;40;4;KALIMANTAN TIMUR;PASER;TANAH GROGOT;TANAH GROGOT;eyJpdiI6IjZMM2ZMU0RIZmcvYnBoRHRhVTdDRkE9PSIsInZhbHVlIjoiSUpyT0FYRUM4ZTMwVUxLVjBSN1E1QT09IiwibWFjIjoiYzE2MGViMWUzNmNhZGQ1ODEyOGQwNTlmOGVmNGQ3MzJlNzNlNGRlYTkwOWEwMjdkYWYyMDkyZWIwMDU5YTY5NCIsInRhZyI6IiJ9;;[Kegiatan Usaha: -, Kategori: F, KBLI: 41000];;;15/12/2025;UMKM;;;;invalid;;;FALSE;FALSE;TRUE;;;invalid;;;;;;sari prima;0;0;0;;;jl sultan abdurrahman no 28 tanah grogot;;41;sari prima jl sultan abdurrahman no 28 tanah grogot kbli41;99;0;1;0;Tidak Ditemukan;JL SULTAN ABDURRAHMAN NO28 TANAH GROGOT;0;0;;;TARIK 02 FEB - 12.00 WITA;6401040004_0_0;;
4185;6395971;SINAR DIAMOND, CV;JL R. SUPRAPTO NO 9;6401040004;64;1;40;4;KALIMANTAN TIMUR;PASER;TANAH GROGOT;TANAH GROGOT;eyJpdiI6IlpxU0JHWEpEbUFLZDBsOWozNWJKMWc9PSIsInZhbHVlIjoiaDJZSDJlV0hLd1RuM0JKVFgvZWI1Zz09IiwibWFjIjoiNzNjYzQzZDI5MjYzNGU4YTE0NTJmMWViZDQ0ZGU5NzQzZTVjY2YxYjM2YmFhODljYjVlYzM1MGM3NGZiMjYzNSIsInRhZyI6IiJ9;;[Kegiatan Usaha: -, Kategori: F, KBLI: 41000];;;15/12/2025;UMKM;;;;invalid;;;FALSE;FALSE;TRUE;;;invalid;;;;;;sinar diamond;0;0;0;;;jl r suprapto no 9;;41;sinar diamond jl r suprapto no 9 kbli41;99;0;1;0;Tidak Ditemukan;JL R SUPRAPTO NO 9;0;0;;;TARIK 02 FEB - 12.00 WITA;6401040004_0_0;;
4186;6395973;SUBUR, CV;JL P. SINGA MAULANA TANAH GROGOT;6401040004;64;1;40;4;KALIMANTAN TIMUR;PASER;TANAH GROGOT;TANAH GROGOT;eyJpdiI6Ik1vRGNuVkdrY3RhNDc4bUV4VmRKcnc9PSIsInZhbHVlIjoiVGhJWng5dTRZWGE0M0dBVjd1WFlwZz09IiwibWFjIjoiOWIwYzExNWNjMTkwMTllNTAwYzY5MTU4Zjc2MGVmMDA4NjhlMTliMGQ0YTJjM2QzYzNjYzg4NjI5OTE1ZTRjNCIsInRhZyI6IiJ9;;[Kegiatan Usaha: -, Kategori: F, KBLI: 41000];;;15/12/2025;UMKM;;;;invalid;;;FALSE;FALSE;TRUE;;;invalid;;;;;;subur;0;0;0;;;jl p singa maulana tanah grogot;;41;subur jl p singa maulana tanah grogot kbli41;99;0;1;0;Tidak Ditemukan;JL P SINGA MAULANA TANAH GROGOT;0;0;;;TARIK 02 FEB - 12.00 WITA;6401040004_0_0;;
4187;6395974;SURYA ANDALAS, CV;JL PADAT KARYA NO.4;6401040004;64;1;40;4;KALIMANTAN TIMUR;PASER;TANAH GROGOT;TANAH GROGOT;eyJpdiI6ImQxbzBSMUNEZ2NoTUIwc255RURMNlE9PSIsInZhbHVlIjoiU2ZTeU56SXFqaCtZUTdHV0poNmxZZz09IiwibWFjIjoiZGZmNGJhYzRjOTlhOGNjMTg3ZGFlMWM4YWE2ZmU3MmRkOTIwZjlkNWE2Mzk1ODJjOTViNDY2OTc3OGQwZGYzMiIsInRhZyI6IiJ9;;[Kegiatan Usaha: -, Kategori: F, KBLI: 41000];;;15/12/2025;UMKM;;;;invalid;;;FALSE;FALSE;TRUE;;;invalid;;;;;;surya andalas;0;0;0;;;jl padat karya no 4;;41;surya andalas jl padat karya no 4 kbli41;99;0;1;0;Tidak Ditemukan;JL PADAT KARYA NO4;0;0;;;TARIK 02 FEB - 12.00 WITA;6401040004_0_0;;
4188;6395975;TIGA BERSAUDARA, CV;JL R.M. NOTOSUNARDI NO 24 TANAH GROGOT;6401040004;64;1;40;4;KALIMANTAN TIMUR;PASER;TANAH GROGOT;TANAH GROGOT;eyJpdiI6IjF4Q1dTZnpUdTY5MEtoVUt3QU4zMXc9PSIsInZhbHVlIjoiSDByTUhYdHlnNk1LQm9OeWpMZVpzQT09IiwibWFjIjoiZDI0NWFlMTBkY2EzNmQzMjAxMDE0ZTFiMzIyOTliODIzMDdkYTY5ZDRjYTYzZWMwNDAwY2Q5NTRlODM0ODEzZSIsInRhZyI6IiJ9;;[Kegiatan Usaha: -, Kategori: F, KBLI: 41000];;;15/12/2025;UMKM;;;;invalid;;;FALSE;FALSE;TRUE;;;invalid;;;;;;tiga bersaudara;0;0;0;;;jl r m notosunardi no 24 tanah grogot;;41;tiga bersaudara jl r m notosunardi no 24 tanah grogot kbli41;99;0;1;0;Tidak Ditemukan;JL RM NOTOSUNARDI NO 24 TANAH GROGOT;0;0;;;TARIK 02 FEB - 12.00 WITA;6401040004_0_0;;
4190;6395977;TUTI PALMA, CV;JL NEGARA NO 10 SEMUNTAI KEC. LONG IKIS;6401040004;64;1;40;4;KALIMANTAN TIMUR;PASER;TANAH GROGOT;TANAH GROGOT;eyJpdiI6ImpjUHNxTjZMenlhQ3I0aEpsVnRBclE9PSIsInZhbHVlIjoiM2RaemhocE0wSUdyanM4bTluZGFoZz09IiwibWFjIjoiM2M3M2JhMmJjMDA5ZGRjZGZhNTEzMDNmZTZmMjE1NWIzZmFkY2UxZjU4MTdjNDZjMjgwYTEzYTY2YmQwZjVlMSIsInRhZyI6IiJ9;;[Kegiatan Usaha: -, Kategori: F, KBLI: 41000];;;15/12/2025;UMKM;;;;invalid;;;FALSE;FALSE;TRUE;;;invalid;;;;;;tuti palma;0;0;0;;;jl negara no 10 semuntai kec long ikis;;41;tuti palma jl negara no 10 semuntai kec long ikis kbli41;99;0;1;0;Tidak Ditemukan;JL NEGARA NO 10 SEMUNTAI KEC LONG IKIS;0;0;;;TARIK 02 FEB - 12.00 WITA;6401040004_0_0;;
4191;6395978;WEREDA MANDIRI, CV;JL RA. KARTINI NO 58 TANAH GROGOT;6401040004;64;1;40;4;KALIMANTAN TIMUR;PASER;TANAH GROGOT;TANAH GROGOT;eyJpdiI6IjlVR043WGZxTXdpeExYYmJjc1BHTnc9PSIsInZhbHVlIjoia3VNb0pTNStkbXdNSEJFYTE0Q1N5dz09IiwibWFjIjoiZjZlYjM2MjI4ODhkODhjOGNjNDkxYmVlNmViMzEwYmJhM2E4ZWVhNmU2OTQwNjU5MDQxNWYxNDI0NzgzOTFhMyIsInRhZyI6IiJ9;;[Kegiatan Usaha: -, Kategori: F, KBLI: 41000];;;15/12/2025;UMKM;;;;invalid;;;FALSE;FALSE;TRUE;;;invalid;;;;;;wereda mandiri;0;0;0;;;jl ra kartini no 58 tanah grogot;;41;wereda mandiri jl ra kartini no 58 tanah grogot kbli41;99;0;1;0;Tidak Ditemukan;JL RA KARTINI NO 58 TANAH GROGOT;0;0;;;TARIK 02 FEB - 12.00 WITA;6401040004_0_0;;
4192;6395979;WIBAWA, CV;JL R.M. NOTOSUNARDI NO.15 TANAH GROGOT;6401040004;64;1;40;4;KALIMANTAN TIMUR;PASER;TANAH GROGOT;TANAH GROGOT;eyJpdiI6IlIzOTZTM29nM2tuYjRnMTl0V2FxMHc9PSIsInZhbHVlIjoiYmxiWEl0Uk5LcFFoQVN4a3RaN2FsUT09IiwibWFjIjoiMDI1NTViMDBjMzQyNGU2MTllMDYzMTY1YzVmZDNjNzk5NDg0YmRlMzgzNDczNjlhOGMzNTMzMDQ5NTQ2YWU3YiIsInRhZyI6IiJ9;;[Kegiatan Usaha: -, Kategori: F, KBLI: 41000];;;15/12/2025;UMKM;;;;invalid;;;FALSE;FALSE;TRUE;;;invalid;;;;;;wibawa;0;0;0;;;jl r m notosunardi no 15 tanah grogot;;41;wibawa jl r m notosunardi no 15 tanah grogot kbli41;99;0;1;0;Tidak Ditemukan;JL RM NOTOSUNARDI NO15 TANAH GROGOT;0;0;;;TARIK 02 FEB - 12.00 WITA;6401040004_0_0;;
4193;6395980;YANDAR MAS, CV;JL PASAR NO 44 TANAH GROGOT;6401040004;64;1;40;4;KALIMANTAN TIMUR;PASER;TANAH GROGOT;TANAH GROGOT;eyJpdiI6IjdFNWFiWXRVcWhSbERPUTlRa1JuUFE9PSIsInZhbHVlIjoiOWJhaHk5SThtMEVVc1ZaTXlkN01BQT09IiwibWFjIjoiNTllZTA0NjIyOWY0MTNhYzljNGZiNzQwMWFkYTUwODU3ZDg1OGE5ZTBlMTZmZDdmZWU0YmQ1OGY2ODJjMTRiZiIsInRhZyI6IiJ9;;[Kegiatan Usaha: -, Kategori: F, KBLI: 41000];;;15/12/2025;UMKM;;;;invalid;;;FALSE;FALSE;TRUE;;;invalid;;;;;;yandar mas;0;0;0;;;jl pasar no 44 tanah grogot;;41;yandar mas jl pasar no 44 tanah grogot kbli41;99;0;1;0;Tidak Ditemukan;JL PASAR NO 44 TANAH GROGOT;0;0;;1;TARIK 02 FEB - 12.00 WITA;6401040004_0_0;;
4197;6396023;ARIYANI ABADI, CV;JL JENDERAL AHMAD YANI GG LAOS;6401040004;64;1;40;4;KALIMANTAN TIMUR;PASER;TANAH GROGOT;TANAH GROGOT;eyJpdiI6IlFaTzNpVlFLbE9PWkUyam53OHJpTVE9PSIsInZhbHVlIjoiWG52dndPTWRXejE3NURWVEVXajM1QT09IiwibWFjIjoiYWE0ZjA3MjQ5Mzg1ZTcxNWVhZDI5Mzc5YWUyNjA3ZDU1NmE5Y2U2NzcxYThkYjQwMDk4YmJiZWY2YzE2ZjVlMyIsInRhZyI6IiJ9;;[Kegiatan Usaha: -, Kategori: F, KBLI: -];;;15/12/2025;UMKM;;-1.905132;116.197666;valid;;;FALSE;FALSE;TRUE;;;invalid;;;;;;ariyani abadi;0;0;0;;;jl jenderal ahmad yani gg laos;;0;ariyani abadi jl jenderal ahmad yani gg laos kbli00;3;0;1;0;Tutup;JL JENDERAL AHMAD YANI GG LAOS;0;0;;;TARIK 02 FEB - 12.00 WITA;6401040004_0_0;;
4312;6396151;KARUNIA PUTRA KANDILO, PT;JL RM. NOTO SUNARDI;6401040003;64;1;40;3;KALIMANTAN TIMUR;PASER;TANAH GROGOT;TEPIAN BATANG;eyJpdiI6IncwM0txRGYrTmRML2RsVE00c3d3M2c9PSIsInZhbHVlIjoiWGlCYS91eHJQMGRHUWZBWnhML1NpZz09IiwibWFjIjoiZWU2YTczOWE2NDAwMTI5Y2JjZDc4OTdjNDZhZDE0NDE1Zjg4MjM1MmUxNjRkNzg5ZThhZTAyNDk0MTQ5MjI0MSIsInRhZyI6IiJ9;;[Kegiatan Usaha: -, Kategori: F, KBLI: 43120];;;15/12/2025;UMKM;;;;invalid;;;FALSE;FALSE;TRUE;;;invalid;;;;;;karunia putra kandilo;0;0;0;;;jl rm noto sunardi;;43;karunia putra kandilo jl rm noto sunardi kbli43;99;0;0;0;Tidak Ditemukan;JL RM NOTO SUNARDI;0;0;;;TARIK 02 FEB - 12.00 WITA;6401040003_0_0;;
4315;6396154;HARBERS MANDIRI, PT;JL AHMAD YANI NO 05;6401040004;64;1;40;4;KALIMANTAN TIMUR;PASER;TANAH GROGOT;TANAH GROGOT;eyJpdiI6Imo3OTRIZFpXSXpZclNUUHpTY2NGUlE9PSIsInZhbHVlIjoiMUNOQmd0YmxuWHhHTHNMYlh4QjQ2dz09IiwibWFjIjoiZDYyOWE2ZDVhNDJkMWNkY2YxMmQwNWQyNTE1MmIwZGEyNTA4NTNmZjJkNWU4MDg2NTg2ZDg4MzI1ZWFkMzEyZCIsInRhZyI6IiJ9;;[Kegiatan Usaha: -, Kategori: F, KBLI: 41019];;;15/12/2025;UMKM;;;;invalid;;;FALSE;FALSE;TRUE;;;invalid;;;;;;harbers mandiri;0;0;0;;;jl ahmad yani no 05;;41;harbers mandiri jl ahmad yani no 05 kbli41;3;0;0;0;Tutup;JL AHMAD YANI NO 05;0;0;;;TARIK 02 FEB - 12.00 WITA;6401040004_0_0;;
4316;6396155;KARYA AGUNG RAYA, PT;JL ANDEN OKO 29;6401040004;64;1;40;4;KALIMANTAN TIMUR;PASER;TANAH GROGOT;TANAH GROGOT;eyJpdiI6IkFZWTJZU0FOcjFaQmg3V2JDT1lVMGc9PSIsInZhbHVlIjoieGNjcnI4Z2Q4SVQwM1pNdXBRaU9EQT09IiwibWFjIjoiZWQwMzQyYTllMDg0NjVhMjc2YzYzMjA3NDU5N2NkM2ZhNjRjYmFlZWMwN2FiYjE1NWIyNDE5ODgzYmM4OWU2NyIsInRhZyI6IiJ9;;[Kegiatan Usaha: -, Kategori: F, KBLI: 41000];;;15/12/2025;UMKM;;;;invalid;;;FALSE;FALSE;TRUE;;;invalid;;;;;;karya agung raya;0;0;0;;;jl anden oko 29;;41;karya agung raya jl anden oko 29 kbli41;99;0;0;0;Tidak Ditemukan;JL ANDEN OKO 29;0;0;;;TARIK 02 FEB - 12.00 WITA;6401040004_0_0;;
4319;6396158;MAWASA, PT;JL KAPTEN PIERE TENDEAN;6401040004;64;1;40;4;KALIMANTAN TIMUR;PASER;TANAH GROGOT;TANAH GROGOT;eyJpdiI6IkdVaXE5TFc5OUplYmorYTlwUFplMWc9PSIsInZhbHVlIjoiSWltMU5seGI4WEhFYlZ0LzQza1hWQT09IiwibWFjIjoiMjNmOTM2YzM1ODZkNTk2OGVlNmFjNmNjMDk0ODA1NzE5ZDlmZmRjMjMxZGQ3NTUwNWUxOWRhZmI0MGFlNmI3ZiIsInRhZyI6IiJ9;;[Kegiatan Usaha: -, Kategori: F, KBLI: 41000];;;15/12/2025;UMKM;;;;invalid;;;FALSE;FALSE;TRUE;;;invalid;;;;;;mawasa;0;0;0;;;jl kapten piere tendean;;41;mawasa jl kapten piere tendean kbli41;3;0;0;0;Tutup;JL KAPTEN PIERE TENDEAN;0;0;;;TARIK 02 FEB - 12.00 WITA;6401040004_0_0;;
4324;6396163;HASCO INDONESIA, PT;JL KAPTEN PIERE TENDEAN;6401040004;64;1;40;4;KALIMANTAN TIMUR;PASER;TANAH GROGOT;TANAH GROGOT;eyJpdiI6IkEwYndmaUhvSmQ5cEhlSEp3Y0RUenc9PSIsInZhbHVlIjoiRW5neklYUGI2cWpNdjRyVjNBZFhCUT09IiwibWFjIjoiNTZjMjcwMjYwYzJlZDI1YjFkY2NmMjcyOTZmY2ZkYzBlNzc2ODM0YTMxM2NkNzU3MTQ2ZTllMWI5NTFjMzc2MCIsInRhZyI6IiJ9;;[Kegiatan Usaha: -, Kategori: F, KBLI: 41011];;;15/12/2025;UMKM;;;;invalid;;;FALSE;FALSE;TRUE;;;invalid;;;;;;hasco indonesia;0;0;0;;;jl kapten piere tendean;;41;hasco indonesia jl kapten piere tendean kbli41;99;0;0;0;Tidak Ditemukan;JL KAPTEN PIERE TENDEAN;0;0;;;TARIK 02 FEB - 12.00 WITA;6401040004_0_0;;
4332;6396171;CEMERLANG PUTRI ETAM, PT;JL ST IBRAHIM CHALILUDDIN;6401040004;64;1;40;4;KALIMANTAN TIMUR;PASER;TANAH GROGOT;TANAH GROGOT;eyJpdiI6Inp1NnJtOWhsT1pFbEMrWWZuMFZyMEE9PSIsInZhbHVlIjoieC9hbHI0ZCtOalhjUFh3YzhNSXJuZz09IiwibWFjIjoiODk1MWFlOGI2M2RiMjhiNDA2NDFhZjFkOTAyOGUyYTE4MmE3NGU4NDA3YWRjMzlkNjFmNzQwOGFkNmFlOWNmMCIsInRhZyI6IiJ9;;[Kegiatan Usaha: -, Kategori: F, KBLI: 42101];;;15/12/2025;UMKM;;;;invalid;;;FALSE;FALSE;TRUE;;;invalid;;;;;;cemerlang putri etam;0;0;0;;;jl st ibrahim chaliluddin;;42;cemerlang putri etam jl st ibrahim chaliluddin kbli42;99;0;0;0;Tidak Ditemukan;JL ST IBRAHIM CHALILUDDIN;0;0;;;TARIK 02 FEB - 12.00 WITA;6401040004_0_0;;
4338;6396180;TRIYADA TAKA PERSADA, PT;BATU KAJANG;6401010011;64;1;10;11;KALIMANTAN TIMUR;PASER;BATU SOPANG;BATU KAJANG;eyJpdiI6IkhqMVZKOHI4a1pBUFk1YUUvOURkUWc9PSIsInZhbHVlIjoieUxIRFBteUZIZVhXSmtZYTNaWis3UT09IiwibWFjIjoiZjQ0OWZjNWM3ZjMxMjU0YWUxZWQyYzZlZWQxZTQwNzUzZjUwZWM5ZDBiNWZjNjZhZmEwM2M5ZjE3N2I3NmEwYiIsInRhZyI6IiJ9;;[Kegiatan Usaha: -, Kategori: F, KBLI: -];;;15/12/2025;UMKM;;;;invalid;;;FALSE;FALSE;TRUE;;;invalid;;;;;;triyada taka persada;0;0;0;;;batu kajang;;0;triyada taka persada batu kajang kbli00;99;0;0;0;Tidak Ditemukan;BATU KAJANG;0;0;;;TARIK 02 FEB - 12.00 WITA;6401010011_0_0;;
4340;6396182;KERANG MEGA SEJAHTERA, PT;JL SINGA MAULANA;6401040004;64;1;40;4;KALIMANTAN TIMUR;PASER;TANAH GROGOT;TANAH GROGOT;eyJpdiI6IjZJcGpKY1RhZm8rRWp6OUdjaFFsNnc9PSIsInZhbHVlIjoibkRBOWVHQTYzOFE4c241ZWk2RzNRZz09IiwibWFjIjoiNWNmNzM3YTQ0NmM4Y2YyY2FkZmJjMTRjZTFkZGU2Y2E5YmMzMzZkNmI1NjI3MmYxYzFkNDFlMjk1NWNhYzdhZCIsInRhZyI6IiJ9;;[Kegiatan Usaha: -, Kategori: F, KBLI: -];;;15/12/2025;UMKM;;-1.911573;116.189545;valid;;;FALSE;FALSE;TRUE;;;invalid;;;;;;kerang mega sejahtera;0;0;0;;;jl singa maulana;;0;kerang mega sejahtera jl singa maulana kbli00;99;0;0;0;Tidak Ditemukan;JL SINGA MAULANA;0;0;;;TARIK 02 FEB - 12.00 WITA;6401040004_0_0;;
4361;6396204;USAHA SEDERHANA BERSAMA, PT;JL K.P. TENDEAN GANG BATUAH;6401040004;64;1;40;4;KALIMANTAN TIMUR;PASER;TANAH GROGOT;TANAH GROGOT;eyJpdiI6IjNiN0k5dmpXTlRWWU83QXM1ZjlqTXc9PSIsInZhbHVlIjoiajJBUmZyUHc4WHUvRlhDSUdNbkdUQT09IiwibWFjIjoiYzZjNjRkOTQxYTU1NTcyNjczMTBkN2JjOTc2YzI4ZTRjOTVkMWM5M2I1MDExNDViODRhM2E1YWM1ZjUxMjA2MiIsInRhZyI6IiJ9;;[Kegiatan Usaha: -, Kategori: F, KBLI: 42];;;24/12/2025;UB;;;;invalid;;;FALSE;FALSE;TRUE;;;invalid;;;;;;usaha sederhana bersama;0;0;0;;;jl k p tendean gang batuah;;42;usaha sederhana bersama jl k p tendean gang batuah kbli42;99;0;0;0;Tidak Ditemukan;JL KP TENDEAN GANG BATUAH;0;0;;;TARIK 02 FEB - 12.00 WITA;6401040004_0_0;;
4384;6584957;MIE BASAH <SENEN>;GANG LATSITAROR RT 01 RW 03;6401040004;64;1;40;4;KALIMANTAN TIMUR;PASER;TANAH GROGOT;TANAH GROGOT;eyJpdiI6InJQWXYwdkVuQng2V28rN01XZWx3dHc9PSIsInZhbHVlIjoiR2NJNlAreXcvQzZHZjhZVTJsNU91Zz09IiwibWFjIjoiOWZlZDYzZjc1MGQ4MmY3NWUxYTc4ODc3Y2VlN2FlNDQ5MTg1Zjc2Y2Y0MjQwZDVjMzM1YWU0MmE2MDQ0Yzc1ZCIsInRhZyI6IiJ9;;[Kegiatan Usaha: MEMBUAT MIE BASAH (Bahan: TEPUNG), Kategori: C, KBLI: 10740];;;15/12/2025;UMKM;;;;invalid;;;FALSE;FALSE;TRUE;;;invalid;;;;;;mie basah senen;0;0;0;;;gang latsitaror rt 01 rw 03;;10;mie basah senen gang latsitaror rt 01 rw 03 kbli10;1;0;1;1;Aktif;GANG LATSITAROR RT 01 RW 03;1;3;;;TARIK 02 FEB - 12.00 WITA;6401040004_1_3;-1.91242;116.194233
4412;6585000;MOULDING ABD KAIR;JL UNTUNG SUROPATI RT 2;6401040009;64;1;40;9;KALIMANTAN TIMUR;PASER;TANAH GROGOT;JONE;eyJpdiI6IlJ0MXVoZU9Oc3BYaDFHR0dTTVZ1aXc9PSIsInZhbHVlIjoieFlZYW9XVGpoMnZSQlhhazM0OWdZZz09IiwibWFjIjoiYjJiMDY1ZDNjZDQ5ZWJhYzBjOGRlNGNhZTJlN2Q5OTIzN2Y0ZWY0Nzc5Zjc5MWM0Nzc3ZGQ1ZjM0MGE5MjdiNiIsInRhZyI6IiJ9;;[Kegiatan Usaha: MOULDING PAPAN,BALOK KAYU (Bahan: KAYU), Kategori: C, KBLI: 16101];;;15/12/2025;UMKM;;;;invalid;;;FALSE;FALSE;TRUE;;;invalid;;;;;;moulding abd kair;0;0;0;;;jl untung suropati rt 2;;16;moulding abd kair jl untung suropati rt 2 kbli16;1;0;1;0;Aktif;JL UNTUNG SUROPATI RT 2;2;0;;;TARIK 02 FEB - 12.00 WITA;6401040009_2_0;-1.89666;116.199164
4413;6585001;MEUBELL AIR ABD KAIR;JL UNTUNG SUROPATI RT 02;6401040009;64;1;40;9;KALIMANTAN TIMUR;PASER;TANAH GROGOT;JONE;eyJpdiI6ImNsV2dCNVBsSjd3UWxrOFpHZFJQSEE9PSIsInZhbHVlIjoiWmt3ZU8yejkrWWcvTk9DT0pPTTNidz09IiwibWFjIjoiOWJlNWNmOTRlNjJiMmI2MDI4MWMyYmM1NTQyZTBiYmZkMzljNjlkNTRiODhkYjMzMjRlNGQxZjQ3NDI1MmRmZiIsInRhZyI6IiJ9;;[Kegiatan Usaha: FURNITUR KAYU LEMARI,MEJA,KURSI (Bahan: KAYU), Kategori: C, KBLI: 31001];;;15/12/2025;UMKM;;;;invalid;;;FALSE;FALSE;TRUE;;;invalid;;;;;;meubell air abd kair;0;0;0;;;jl untung suropati rt 02;;31;meubell air abd kair jl untung suropati rt 02 kbli31;1;0;1;0;Aktif;JL UNTUNG SUROPATI RT 02;2;0;;;TARIK 02 FEB - 12.00 WITA;6401040009_2_0;-1.89666;116.199164
4414;6585002;INDUSTRI COOL BOX;JL UNTUNG SUROPATI RT 2;6401040009;64;1;40;9;KALIMANTAN TIMUR;PASER;TANAH GROGOT;JONE;eyJpdiI6ImtKbmR6a0xLVGkrNUtYK0xPTG9CM3c9PSIsInZhbHVlIjoiTWZodE82SWlQMHFIVlEyOUpKODNMUT09IiwibWFjIjoiMjUzYTU1MjgzZjg3NWJhYjkxYTM4MDI5MzFiYzJiNjY1MTM5MWVlY2M1ZTllZWJkOTYyODE1N2JhYzRmMDczZiIsInRhZyI6IiJ9;;[Kegiatan Usaha: COOL BOX COOL BOX (Bahan: FIBER SERAT,RESIN BESI SIKU), Kategori: C, KBLI: 22292];;;15/12/2025;UMKM;;;;invalid;;;FALSE;FALSE;TRUE;;;invalid;;;;;;industri cool box;0;0;0;;;jl untung suropati rt 2;;22;industri cool box jl untung suropati rt 2 kbli22;1;0;1;0;Aktif;JL UNTUNG SUROPATI RT 2;2;0;;;TARIK 02 FEB - 12.00 WITA;6401040009_2_0;-1.89666;116.199164
4415;6585003;TRALIS HARTONO;JL UNTUNG SUROPATI RT 2;6401040009;64;1;40;9;KALIMANTAN TIMUR;PASER;TANAH GROGOT;JONE;eyJpdiI6InRmbFdNN1FCck1TR1JzQnhyY2E3bEE9PSIsInZhbHVlIjoiNkFYcStOK1FoS0hqajByL0ZPQllHUT09IiwibWFjIjoiYjhiOTE3ZmYzOTkyODg2NmYyMmUxZDM1NTJlNDlhZmVkYWJiOTUzYzg3ZGRiYTBjMWYzZjhkZjMyY2M5YjFhNSIsInRhZyI6IiJ9;;[Kegiatan Usaha: TERALIS TERALIS,PINTU,PAGAR BESI (Bahan: BESI,PLAT), Kategori: C, KBLI: 25111];;;05/02/2025;UMKM;;;;invalid;;;FALSE;FALSE;TRUE;;;invalid;;;;;;tralis hartono;0;0;0;;;jl untung suropati rt 2;;25;tralis hartono jl untung suropati rt 2 kbli25;1;0;1;0;Aktif;JL UNTUNG SUROPATI RT 2;2;0;;;TARIK 02 FEB - 12.00 WITA;6401040009_2_0;-1.89666;116.199164
4418;6585006;KUE BASAH <SUBARDI>;JL ANDI ZEN ASSEGAF RT 15;6401040009;64;1;40;9;KALIMANTAN TIMUR;PASER;TANAH GROGOT;JONE;eyJpdiI6IkozMWQwcG9OMVpvME54UEI4TjFxYnc9PSIsInZhbHVlIjoiNnByb1ZaUk5lWFpqYTVDWXorRm1oZz09IiwibWFjIjoiYTk3MmY1MmE3NmQzYzBmMzU4MjM4MzhjZmYwMjUzYzM5M2M5ZTZjODdhMGZiMDNiM2IzNTk1ZGI1MTIwZDI1NSIsInRhZyI6IiJ9;;[Kegiatan Usaha: KUE BASAH DONAT,RISOLES,LUMPIA,UNTUK-UNTUK (Bahan: TEPUNG,GULA,MENTEGA,TELOR,MINYAK...;;;15/12/2025;UMKM;;;;invalid;;;FALSE;FALSE;TRUE;;;invalid;;;;;;kue basah subardi;0;0;0;;;jl andi zen assegaf rt 15;;0;kue basah subardi jl andi zen assegaf rt 15 kbli00;1;0;1;1;Aktif;JL ANDI ZEN ASSEGAF RT 15;15;0;;;TARIK 02 FEB - 12.00 WITA;6401040009_15_0;-1.87691;116.205362
4422;6585010;BATU BATA <SINAWANI>;RT 013;6401040009;64;1;40;9;KALIMANTAN TIMUR;PASER;TANAH GROGOT;JONE;eyJpdiI6Ikx2ZWRneXRWZzJGZjM3TUNpVGl6b2c9PSIsInZhbHVlIjoiWlhPUEM2dnEySGZMQmYvTTM1SmllZz09IiwibWFjIjoiZDMxZTZlNTg3YWY1NzEwODUwZGFkMmQ4NGY1ZDdhY2NhM2RkY2E1MTQ5YjQ2MjQ4Mzk2YTlhMzkyZTE1ZDFlNiIsInRhZyI6IiJ9;;[Kegiatan Usaha: BATU BATA BATU BATA (Bahan: TANAH LIAT), Kategori: C, KBLI: 23921];;;15/12/2025;UMKM;;;;invalid;;;FALSE;FALSE;TRUE;;;invalid;;;;;;batu bata sinawani;0;0;0;;;rt 013;;23;batu bata sinawani rt 013 kbli23;1;0;1;1;Aktif;RT 013;13;0;;;TARIK 02 FEB - 12.00 WITA;6401040009_13_0;-1.85236;116.222954
4423;6585011;MEBEL <ASEP>;RT 013;6401040009;64;1;40;9;KALIMANTAN TIMUR;PASER;TANAH GROGOT;JONE;eyJpdiI6Im9IUS80L1NvcmpEVzdnTlhKbUp3QVE9PSIsInZhbHVlIjoiaTJXNjFpY3huZDYwenlzeEQzMFE5QT09IiwibWFjIjoiODY2NjdkYjM2MWFkMWZlN2EyYzcwOTkxZDUyNTA0MjM3MjAyNjU1NTJlZWU1MWExZjk4N2Q4ZmJmMGZjNjlkMyIsInRhZyI6IiJ9;;[Kegiatan Usaha: MEMBUAT MEJA,KURSI,LEMARI (Bahan: KAYU), Kategori: C, KBLI: 31001];;;15/12/2025;UMKM;;;;invalid;;;FALSE;FALSE;TRUE;;;invalid;;;;;;mebel asep;0;0;0;;;rt 013;;31;mebel asep rt 013 kbli31;1;0;1;1;Aktif;RT 013;13;0;;;TARIK 02 FEB - 12.00 WITA;6401040009_13_0;-1.85236;116.222954
4425;6585014;TEMPE <EKO S>;GG PAGAR ALAM RT 13;6401040016;64;1;40;16;KALIMANTAN TIMUR;PASER;TANAH GROGOT;SENAKEN;eyJpdiI6IkNmKzJRZ0VGYW1wc3BwTndiZlpseEE9PSIsInZhbHVlIjoiR2k5TTY0STA3YjdDMkdsNmplU0tzZz09IiwibWFjIjoiNjRhZjRkMDQzMDc3MWE2ZjlmZGMxNDM2MDBjY2UzZWI1MDBjYmFlM2MzYmQ5ZTNlNTBkMjc2NjkzMmZiN2U2NSIsInRhZyI6IiJ9;;[Kegiatan Usaha: TEMPE TEMPE KEDELAI (Bahan: KEDELAI,RAGI), Kategori: C, KBLI: 10391];;;15/12/2025;UMKM;;;;invalid;;;FALSE;FALSE;TRUE;;;invalid;;;;;;tempe eko s;0;0;0;;;gg pagar alam rt 13;;10;tempe eko s gg pagar alam rt 13 kbli10;1;0;1;1;Aktif;GG PAGAR ALAM RT 13;13;0;;;TARIK 02 FEB - 12.00 WITA;6401040016_13_0;-1.89729;116.213079
4426;6585015;MEBEL GEMILANG;JL SEMAKEN RT 13;6401040016;64;1;40;16;KALIMANTAN TIMUR;PASER;TANAH GROGOT;SENAKEN;eyJpdiI6InZqc05STVYxdWdQdWNFbjR1ZTAzaEE9PSIsInZhbHVlIjoiMm9rM1NxOVhqNDJKaWpoV05CWUNrdz09IiwibWFjIjoiNjNhZjUzNGYwM2RlNWI3MmRhZjc2ODQ4YjZhMDc3MzFkYWVhYjM3MzcyNGNiMTNhNWUzODU0NzAxZjhmODI2ZCIsInRhZyI6IiJ9;;[Kegiatan Usaha: FURNITUR MEJA,KURSI,LEMARI (Bahan: KAYU,PAPAN), Kategori: C, KBLI: 31001];;;15/12/2025;UMKM;;;;invalid;;;FALSE;FALSE;TRUE;;;invalid;;;;;;mebel gemilang;0;0;0;;;jl semaken rt 13;;31;mebel gemilang jl semaken rt 13 kbli31;1;0;1;0;Aktif;JL SEMAKEN RT 13;13;0;;;TARIK 02 FEB - 12.00 WITA;6401040016_13_0;-1.89729;116.213079
4427;6585016;NISAN WARDANI;JL UNTUNG SUROPATI RT 02;6401040016;64;1;40;16;KALIMANTAN TIMUR;PASER;TANAH GROGOT;SENAKEN;eyJpdiI6IlJUN1pxUm16L0hPb3ptUlY1YXNWWXc9PSIsInZhbHVlIjoiQW1ocGdBRnZRbkt1eFBEcGlPY2piZz09IiwibWFjIjoiNzk4NDYwMTY0OGE4ZmU2MjIxZDFlMTMzM2EwZDljYzg0ZTNkOTgxYTQyOGI0NmMwNDIxZWNjYjlkZWVlMjU3YiIsInRhZyI6IiJ9;;[Kegiatan Usaha: MEMBUAT NISAN COR/HIAS (Bahan: PASIR,SEMEN KERAMIK), Kategori: C, KBLI: 23969];;;15/12/2025;UMKM;;;;invalid;;;FALSE;FALSE;TRUE;;;invalid;;;;;;nisan wardani;0;0;0;;;jl untung suropati rt 02;;23;nisan wardani jl untung suropati rt 02 kbli23;1;0;1;0;Aktif;JL UNTUNG SUROPATI RT 02;2;0;;;TARIK 02 FEB - 12.00 WITA;6401040016_2_0;-1.90225;116.202447
4428;6585017;MAMA OCHA KUKER;JL ASALMUALAIKUM RT 02 SENAKEN;6401040016;64;1;40;16;KALIMANTAN TIMUR;PASER;TANAH GROGOT;SENAKEN;eyJpdiI6Iks3bWpXU0k0dCtmSHRTWUNLK2laV0E9PSIsInZhbHVlIjoiT3JKSCs0cWdBRXFEaTRISFEwN2RLdz09IiwibWFjIjoiYTZlMjJiNTM2MDA5YTRmOTYyMTI0N2NiN2RiYTIzOWJmZTRhMDMyYTRkMzllOWJiNmU4NzUwZGY3NjhlMjAxZSIsInRhZyI6IiJ9;;[Kegiatan Usaha: KUKER BEPANG (Bahan: BERAS,GULA, MERAH,DLL), Kategori: C, KBLI: 10710];;;15/12/2025;UMKM;;;;invalid;;;FALSE;FALSE;TRUE;;;invalid;;;;;;mama ocha kuker;0;0;0;;;jl asalmualaikum rt 02 senaken;;10;mama ocha kuker jl asalmualaikum rt 02 senaken kbli10;1;0;1;0;Aktif;JL ASALMUALAIKUM RT 02 SENAKEN;2;0;;;TARIK 02 FEB - 12.00 WITA;6401040016_2_0;-1.90225;116.202447
4429;6585018;UD TIGA PERMATA;JL UNTUNG SUROPATI/ BTM JONERTO;6401040016;64;1;40;16;KALIMANTAN TIMUR;PASER;TANAH GROGOT;SENAKEN;eyJpdiI6IldFVzJQLzRuMlBMTzlqQ0p6UTZOTmc9PSIsInZhbHVlIjoiZ2M4Q3lPeGh5V3dPS25WVWg3SE5PUT09IiwibWFjIjoiNjExYmVjNTYwNDc2YmVmNmI0NzllOTZhYjAxNmE2ZjU1OTUzZmExMThiYjkwMGExNmU2Mjk3NzVkYjRhYmFhZiIsInRhZyI6IiJ9;;[Kegiatan Usaha: MEMBUAT PAPAN BALOK PAPAN DAN BALOK (Bahan: KAYU), Kategori: C, KBLI: 16101];;;10/02/2025;UMKM;;;;invalid;;;FALSE;FALSE;TRUE;;;invalid;;;;;;tiga permata;0;0;0;;;jl untung suropati btm jonerto;;16;tiga permata jl untung suropati btm jonerto kbli16;3;0;1;0;Tutup;JL UNTUNG SUROPATI BTM JONERTO;0;0;;;TARIK 02 FEB - 12.00 WITA;6401040016_0_0;;
4430;6585020;BATA SYAMSURI;JL PADAT KARYA RT 04;6401050002;64;1;50;2;KALIMANTAN TIMUR;PASER;KUARO;KUARO;eyJpdiI6InRwcXFXb253MW5QeXU3M3NHZExYNlE9PSIsInZhbHVlIjoiTmQ4ZGptZWxxRDgvL2VIUG1rUlJsZz09IiwibWFjIjoiNDM5YzE4MGU2MzNkMTAyZjIyN2Q3ODEyNzBmYzU2YmVhM2E5NDJmMjU2MDZmNTgzYWRmYmQ3OTY0Mzg4MWY2MSIsInRhZyI6IiJ9;;[Kegiatan Usaha: MEMBUAT BATA MERAH (Bahan: TANAH LIAT), Kategori: C, KBLI: 23921];;;26/10/2025;UMKM;;;;invalid;;;FALSE;FALSE;TRUE;;;invalid;;;;-1.819631196;116.0858888;bata syamsuri;0;0;0;;;jl padat karya rt 04;;23;bata syamsuri jl padat karya rt 04 kbli23;1;0;1;0;Aktif;JL PADAT KARYA RT 04;4;0;;;TARIK 02 FEB - 12.00 WITA;6401050002_4_0;-1.81789;116.084831
4431;6585021;BROWNIES DIDIK;PASAR KUARO RT 04;6401050002;64;1;50;2;KALIMANTAN TIMUR;PASER;KUARO;KUARO;eyJpdiI6IlBWL1pKSURDL3FkOWJ1K0xLdlp5aVE9PSIsInZhbHVlIjoiNlV4WTJKVHFwbmZBbzVkNFdVNlhEZz09IiwibWFjIjoiOGMzZDQ2MDlmMGI4YTI1OGMyZDc3NDMxYWE1ZTRmMThlMThkZWUxZDAwNmY0ZTQ0NzA3NWRmZGY5NGMzNWE2MiIsInRhZyI6IiJ9;;[Kegiatan Usaha: BRONIS BRONIS (Bahan: TERIGU,TELOR,MINYAK,SUSU), Kategori: C, KBLI: 10710];;;26/10/2025;UMKM;;;;invalid;;;FALSE;FALSE;TRUE;;;invalid;;;;-1.819532339;116.0859324;brownies didik;0;0;0;;;pasar kuaro rt 04;;10;brownies didik pasar kuaro rt 04 kbli10;1;0;1;0;Aktif;PASAR KUARO RT 04;4;0;;1;TARIK 02 FEB - 12.00 WITA;6401050002_4_0;-1.81789;116.084831
4432;6474170;Asyikin Cell 2;RT.05/RW.03;6401040004;64;1;40;4;KALIMANTAN TIMUR;PASER;TANAH GROGOT;TANAH GROGOT;eyJpdiI6IkRBN2p1Y3VBNTZ2QVBONzUrWndkWXc9PSIsInZhbHVlIjoiOEMzUUJ3NDk0WXRZRThoNGN6MlhLUT09IiwibWFjIjoiNTdmYjNmMjFiMjY3YzI4ZWY2YzM1ODAxMDRiNjQwZDhhMzdmMDIyZWZjNDViM2I2NTA1ODJlMDUzYTA0M2FiNyIsInRhZyI6IiJ9;;[Kegiatan Usaha: Menjual: Smartphone dan aksesoris ponsel, Kategori: G, KBLI: 47];;;15/12/2025;;;;;invalid;;;FALSE;FALSE;TRUE;;;invalid;;;;;;asyikin cell 2;0;0;0;;;rt 05 rw 03;;47;asyikin cell 2 rt 05 rw 03 kbli47;1;0;1;0;Aktif;RT05RW03;5;3;;;TARIK 02 FEB - 12.00 WITA;6401040004_5_3;-1.91122;116.196126
4433;6474287;Toko Emas Putra Sumber Jaya;RT.05/RW.03;6401040004;64;1;40;4;KALIMANTAN TIMUR;PASER;TANAH GROGOT;TANAH GROGOT;eyJpdiI6IjUrRmgrRHBBeFlCMmUzZG01Q1lPL3c9PSIsInZhbHVlIjoieFkya3ppMUJYOVd4WGFQVWVaWENjUT09IiwibWFjIjoiMDllNTQ4N2U2NTllMDAyMmJiNGVkMTEyMjJjODJiZDI5MTBmNWRjYjM1YjRhNGE0ZDYyZjNiNjExYzQ3ODlmOCIsInRhZyI6IiJ9;;[Kegiatan Usaha: Menjual: Perhiasan, Kategori: G, KBLI: 47];;;15/12/2025;;;;;invalid;;;FALSE;FALSE;TRUE;;;invalid;;;;;;emas putra sumber jaya;0;0;0;;;rt 05 rw 03;;47;emas putra sumber jaya rt 05 rw 03 kbli47;1;0;1;0;Aktif;RT05RW03;5;3;;;TARIK 02 FEB - 12.00 WITA;6401040004_5_3;-1.91122;116.196126
4437;6474928;BMC (Bintang Mobile Cell);RT.05/RW.03;6401040004;64;1;40;4;KALIMANTAN TIMUR;PASER;TANAH GROGOT;TANAH GROGOT;eyJpdiI6IkhZcXFQdW51emZhWW1QcDRVTmN6QWc9PSIsInZhbHVlIjoiTFdaMW41dDE0OHE2SkdyTmFCZ016UT09IiwibWFjIjoiZGI4MTllNTkyOWM0ZDU3ZGVlMGZhZTJiMDE2NjU4ZWY4NTEwMzgzNjA0NmQ5MGI4YTE3Yjg5NTgxNzQ2M2NhMCIsInRhZyI6IiJ9;;[Kegiatan Usaha: Menjual: Smartphone dan aksesoris ponsel, Kategori: G, KBLI: 47];;;15/12/2025;;;;;invalid;;;FALSE;FALSE;TRUE;;;invalid;;;;;;bmc bintang mobile cell;0;0;0;;;rt 05 rw 03;;47;bmc bintang mobile cell rt 05 rw 03 kbli47;1;0;1;0;Aktif;RT05RW03;5;3;;;TARIK 02 FEB - 12.00 WITA;6401040004_5_3;-1.91122;116.196126
4438;6475682;Depo air minum danum iza ezar;RW 006 RT 002;6401040004;64;1;40;4;KALIMANTAN TIMUR;PASER;TANAH GROGOT;TANAH GROGOT;eyJpdiI6Ik9hU3ZXVHZOZTJ4OUZrUnFxTjArRFE9PSIsInZhbHVlIjoidktkZStwUHYwMGduaFYya3o5azZBZz09IiwibWFjIjoiMzM5NDFkZDIxODQzODI0MTM4NGU2N2JkZmI4M2NmNzRmNGRmMWE5ZDZkYjMyMmIzZTBiYWYxNmM1NDRmYmJjZiIsInRhZyI6IiJ9;;[Kegiatan Usaha: Memproduksi: produksi dan menjual isi ulang air minum, Kategori: C, KBLI: 11];;;15/12/2025;;;;;invalid;;;FALSE;FALSE;TRUE;;;invalid;;;;;;depo air minum danum iza ezar;0;0;0;;;rw 006 rt 002;;11;depo air minum danum iza ezar rw 006 rt 002 kbli11;1;0;1;0;Aktif;RW 006 RT 002;2;6;;;TARIK 02 FEB - 12.00 WITA;6401040004_2_6;-1.90469;116.199542
4440;6476120;Devas Auto Detail;RW 05 RT 04;6401040004;64;1;40;4;KALIMANTAN TIMUR;PASER;TANAH GROGOT;TANAH GROGOT;eyJpdiI6IjZrNjR5c24zM2p4WHEzSW4zKyt2RHc9PSIsInZhbHVlIjoiL2pOUkloUXNHL2dHL05EY2ZqWm5ZZz09IiwibWFjIjoiMmE3MzlkN2UxMDllYmZhM2E2NzhkYjRjZjA2ZTZkOGM3NjNkMTY0NDc3YjdiZDIxODczYzJhYjFkYzA3NzY1MiIsInRhZyI6IiJ9;;[Kegiatan Usaha: Menjual: usaha variasi dan aksesoris mobil, Kategori: G, KBLI: 47];;;15/12/2025;;;;;invalid;;;FALSE;FALSE;TRUE;;;invalid;;;;;;devas auto detail;0;0;0;;;rw 05 rt 04;;47;devas auto detail rw 05 rt 04 kbli47;1;0;1;0;Aktif;RW 05 RT 04;4;5;;;TARIK 02 FEB - 12.00 WITA;6401040004_4_5;-1.91588;116.190193
4443;6476420;Adry Cell;RT.05/RW.03;6401040004;64;1;40;4;KALIMANTAN TIMUR;PASER;TANAH GROGOT;TANAH GROGOT;eyJpdiI6IlZETEFEUGVQRzRoS3lTaDJORGZGYmc9PSIsInZhbHVlIjoiM055cnJGMExKSitnWis0blB3N0pZZz09IiwibWFjIjoiMGQyNTgxODNhMGM4OTM2NTUyYWRkMjkyY2RlMzRhYzEzNTFhNmY4OWZmMTU0ZTM2ODYyODQ0MTNmNDgwMGIwZCIsInRhZyI6IiJ9;;[Kegiatan Usaha: Menjual: Smartphone, dan aksesoris ponsel, Kategori: G, KBLI: 47];;;15/12/2025;;;;;invalid;;;FALSE;FALSE;TRUE;;;invalid;;;;;;adry cell;0;0;0;;;rt 05 rw 03;;47;adry cell rt 05 rw 03 kbli47;1;0;1;0;Aktif;RT05RW03;5;3;;;TARIK 02 FEB - 12.00 WITA;6401040004_5_3;-1.91122;116.196126
4444;6476588;CV Berkah Wani;Gg. Berdikari RT. 002 Sungai Tuak;6401;64;1;;;KALIMANTAN TIMUR;PASER;;;eyJpdiI6IjhmUUgzbFNGTmhZVEYrQzZIMmVSOGc9PSIsInZhbHVlIjoidkl3WmtKTkFnSkdDTGE2M0Y5UnJiZz09IiwibWFjIjoiNTgyYTRkYWEzNGVlN2QyOTIyNjZkNjAwNTNmZWRhZTFmMTE3Mjg0Mzg2M2VhMDM3NTU4NTQ4OTM4ODVlZmRmNCIsInRhZyI6IiJ9;;[Kegiatan Usaha: -, Kategori: F, KBLI: -];;;26/10/2025;;;;;invalid;;;FALSE;FALSE;TRUE;;;invalid;;;;;;berkah wani;0;0;0;;;gg berdikari rt 002 sungai tuak;;0;berkah wani gg berdikari rt 002 sungai tuak kbli00;99;0;1;0;Tidak Ditemukan;Gg Berdikari RT 002 Sungai Tuak;2;0;;;TARIK 02 FEB - 12.00 WITA;6401_2_0;;
4453;6488815;JUAL BELI UDANG (ROBI);JL. YOS YUDARSO RT:4 RW:1;6401040004;64;1;40;4;KALIMANTAN TIMUR;PASER;TANAH GROGOT;TANAH GROGOT;eyJpdiI6ImdEaDJ2dVo4cjMzSGVPZTVCLzVNOXc9PSIsInZhbHVlIjoiZDE5SE9QcGZPclc5M2loY2VZRzlrUT09IiwibWFjIjoiMDNiNTVkZThjZDI0ZDE2YjQ4M2RlM2I2ZTU1NWEwNmY0OTEwZWRlZTViYmU0NzYwOWVhNGZhMjUzNDFhZmU2ZSIsInRhZyI6IiJ9;;[Kegiatan Usaha: JUAL BELI UDANG, Kategori: G, KBLI: 46206];;;15/12/2025;UMKM;;;;invalid;;;FALSE;FALSE;TRUE;;;invalid;;;;;;jual beli udang robi;0;0;0;;;jl yos yudarso rt 4 rw 1;;46;jual beli udang robi jl yos yudarso rt 4 rw 1 kbli46;1;0;1;0;Aktif;JL YOS YUDARSO RT4 RW1;4;1;;;TARIK 02 FEB - 12.00 WITA;6401040004_4_1;-1.91111;116.200027
4469;6615852;KANTOR NOTARIS-PPAT NURHANIAH SH.,M.Kn;Jl. Kandilo Bahari No.17 RT. 007/001, Tanah Grogot, Kec. Tanah Grogot, Kabupaten Paser, Kalimantan Timur 76211;6401040004;64;1;40;4;KALIMANTAN TIMUR;PASER;TANAH GROGOT;TANAH GROGOT;eyJpdiI6ImNWQXhDSFpycTJxdEIxNzBYcTREWWc9PSIsInZhbHVlIjoiZ1Z3emhuRkhJWXljdERsS3ljbStGUT09IiwibWFjIjoiYWUxYmI3OTdlMDQwMjkzMzdkOTU1MWE0MDE4ODYzNTM3YmY2MjMxNDhmYTg3MDM0ZmZiMDJmZWJiMzQ3OWM2MCIsInRhZyI6IiJ9;;"[Kegiatan Usaha: PELAYANAN PEMBUATAN AKTA, Kategori: M, KBLI: 69104]; [Kegiatan Usaha: Notaris, Kate...";;;21/11/2025;;;-1.9156257;116.1990549;valid;;;FALSE;FALSE;TRUE;;;invalid;;;;;;kantor notaris ppat nurhaniah sh m kn;0;0;0;;;jl kandilo bahari no 17 rt 007 001 tanah grogot kec tanah grogot kabupaten paser kalimantan timur 76211;;69;kantor notaris ppat nurhaniah sh m kn jl kandilo bahari no 17 rt 007 001 tanah grogot kec tanah grogot   76211 kbli69;1;0;1;0;Aktif;Jl Kandilo Bahari No17 RT 007001 Tanah Grogot Kec Tanah Grogot   76211;7;1;;;TARIK 02 FEB - 12.00 WITA;6401040004_7_1;-1.91538;116.199092
4473;6615856;SALON KECANTIKAN;JL S.I. KHALILUDDIN;6401040004;64;1;40;4;KALIMANTAN TIMUR;PASER;TANAH GROGOT;TANAH GROGOT;eyJpdiI6ImhYN1V6cTVmNVd1OFp5Y1VoUXBuVmc9PSIsInZhbHVlIjoiVnJoWFFEK2RQQ3FsWVV6dVgyK1AyZz09IiwibWFjIjoiMzc0ODc2Y2Y0ZTllMDBiNzU5NGRjNmI1MWIzMzg5ZGFjZTEyYzU5N2ExODY4ZjVkZjUxNDNjNTYzODNmMDdmOCIsInRhZyI6IiJ9;;[Kegiatan Usaha: SALON KECANTIKAN, Kategori: S, KBLI: 96112];;;26/10/2025;;;;;invalid;;;FALSE;FALSE;TRUE;;;invalid;;;;;;salon kecantikan;0;0;0;;;jl s i khaliluddin;;96;salon kecantikan jl s i khaliluddin kbli96;99;0;1;0;Tidak Ditemukan;JL SI KHALILUDDIN;0;0;;;TARIK 02 FEB - 12.00 WITA;6401040004_0_0;;
4484;6620983;TEMBAKAU H.AMIN;PASAR SENAKEN;6401040016;64;1;40;16;KALIMANTAN TIMUR;PASER;TANAH GROGOT;SENAKEN;eyJpdiI6Ilh5UDRJbkg1U2lSeGZCbDQwbHN0c0E9PSIsInZhbHVlIjoiZlFuR3pINE5XM1RFMmRrYXNsWE4wUT09IiwibWFjIjoiM2JkMzI2ZGM5YWY4ZmE0NDhjNjM1M2NjYTU3NDVkZWU2NWQ3NDE2ZDhkODI4NTY1NTk1ZTU1ZmZjNjUzZmYyZSIsInRhZyI6IiJ9;;[Kegiatan Usaha: PERDAGANGAN TEMBAKAU DI PASAR TRADISIONAL, Kategori: G, KBLI: 47112];;;26/10/2025;;;;;invalid;;;FALSE;FALSE;TRUE;;;invalid;;;;;;tembakau h amin;0;0;0;;;pasar senaken;;47;tembakau h amin pasar senaken kbli47;99;0;1;0;Tidak Ditemukan;PASAR SENAKEN;0;0;;1;TARIK 02 FEB - 12.00 WITA;6401040016_0_0;;
4495;6627038;MUGARA BAROQAH, CV;JL. KAPT. PIERE TENDEAN RT.005 RW.004;6401040004;64;1;40;4;KALIMANTAN TIMUR;PASER;TANAH GROGOT;TANAH GROGOT;eyJpdiI6IkVTNWpZTitoYjkxQjJXTGZ4QVZsWEE9PSIsInZhbHVlIjoicXBGcHUzQXdJcDFNRm9oNWhuRUdtUT09IiwibWFjIjoiNTdhZDg1NDMyYTlmNDE3YzFkM2JhODA0YjYyYzk0YzU0M2E3OGU1NTQzYmI5MGUzNmMyMjY4YmM0ZTg3OGJjNiIsInRhZyI6IiJ9;;[Kegiatan Usaha: -, Kategori: F, KBLI: 42202];;;08/01/2025;UMKM;;;;valid;;;FALSE;FALSE;TRUE;;;invalid;;;;;;mugara baroqah;0;0;0;;;jl kapt piere tendean rt 005 rw 004;;42;mugara baroqah jl kapt piere tendean rt 005 rw 004 kbli42;1;0;1;0;Aktif;JL KAPT PIERE TENDEAN RT005 RW004;5;4;;;TARIK 02 FEB - 12.00 WITA;6401040004_5_4;-1.90186;116.196795
4505;6473260;Toyota Auto 2000;RW 05 RT 04;6401040004;64;1;40;4;KALIMANTAN TIMUR;PASER;TANAH GROGOT;TANAH GROGOT;eyJpdiI6IjNUNVJGZW9QUlJvallKOU53UFgyeUE9PSIsInZhbHVlIjoiVlk0cGNnbVhaRlcxb3ZERjFhL3h6dz09IiwibWFjIjoiN2E4ZTc1YzI2MjBjMDMwZmJjOWEwMDY2NDBjMzE5NmViY2E3YmU1NTQ2NGEzZWU4ZjI4NTEzMjY4MTYzYmE1MSIsInRhZyI6IiJ9;;[Kegiatan Usaha: Menjual: usaha menjual mobil, Kategori: G, KBLI: 47];;;15/12/2025;;;;;invalid;;;FALSE;FALSE;TRUE;;;invalid;;;;;;toyota auto 2000;0;0;0;;;rw 05 rt 04;;47;toyota auto 2000 rw 05 rt 04 kbli47;1;0;1;0;Aktif;RW 05 RT 04;4;5;;;TARIK 02 FEB - 12.00 WITA;6401040004_4_5;-1.91588;116.190193
4506;6473383;A. Yasin Cell;RT.05/RW.03;6401040004;64;1;40;4;KALIMANTAN TIMUR;PASER;TANAH GROGOT;TANAH GROGOT;eyJpdiI6Imoyc0R3b01OR0hJQlE4MGV1MnBDblE9PSIsInZhbHVlIjoiRGdjSVhBNHJybk9mWDN6d2lTMDlGUT09IiwibWFjIjoiMTdhM2ExNTMzMjkxYTdhZDdlMWJkODU3NmRhMTM4OWYyN2UwYjg0OGU0YzJjNTM5NWY2MjEwYTJiMzJjYzliZSIsInRhZyI6IiJ9;;[Kegiatan Usaha: Menjual: Smartphone dan aksesoris ponsel, Kategori: G, KBLI: 47];;;15/12/2025;;;;;invalid;;;FALSE;FALSE;TRUE;;;invalid;;;;;;a yasin cell;0;0;0;;;rt 05 rw 03;;47;a yasin cell rt 05 rw 03 kbli47;1;0;1;0;Aktif;RT05RW03;5;3;;;TARIK 02 FEB - 12.00 WITA;6401040004_5_3;-1.91122;116.196126
4508;6473844;Toko Emas Setia Bayu;RT.05/RW.03;6401040004;64;1;40;4;KALIMANTAN TIMUR;PASER;TANAH GROGOT;TANAH GROGOT;eyJpdiI6IjB5VnU1ZTE5dnI5ZjIzZ01xcWlWM1E9PSIsInZhbHVlIjoiaGJyY1JIVERTOThyRkJHQko0dWErUT09IiwibWFjIjoiNjM5MzRkMTFlYTJhOTYxY2M0MTYzNzUzZWYxMDlmZTMyNTYxZjgxNGU5Y2RmMTZlOTRmMGViMDYwMWMzYTFlYiIsInRhZyI6IiJ9;;[Kegiatan Usaha: Menjual: Perhiasan, Kategori: G, KBLI: 47];;;15/12/2025;;;;;invalid;;;FALSE;FALSE;TRUE;;;invalid;;;;;;emas setia bayu;0;0;0;;;rt 05 rw 03;;47;emas setia bayu rt 05 rw 03 kbli47;1;0;1;0;Aktif;RT05RW03;5;3;;;TARIK 02 FEB - 12.00 WITA;6401040004_5_3;-1.91122;116.196126
4509;6474067;Edi case;RT.05/RW.05;6401040004;64;1;40;4;KALIMANTAN TIMUR;PASER;TANAH GROGOT;TANAH GROGOT;eyJpdiI6ImFhdDh4M0k3WlZRbUswcHEzTkxLMXc9PSIsInZhbHVlIjoibnNwd3BtYW1rZWJmYmg3b1M3TkNVdz09IiwibWFjIjoiMDhhMzU3OWMzNzA5NDQyNzcyMmEzZGU2YTM5MWM3MTBkZGYyNDc2MTJkOTFlYWM4YzU5MGU4YjQ0NDk0OGVmMiIsInRhZyI6IiJ9;;[Kegiatan Usaha: Menjual: Aksesoris Ponsel, Kategori: G, KBLI: 47];;;15/12/2025;;;;;invalid;;;FALSE;FALSE;TRUE;;;invalid;;;;;;edi case;0;0;0;;;rt 05 rw 05;;47;edi case rt 05 rw 05 kbli47;1;0;1;0;Aktif;RT05RW05;5;5;;;TARIK 02 FEB - 12.00 WITA;6401040004_5_5;-1.91928;116.187159
4514;6643167;DELAPAN PASER SEJAHTERA,PT;JL. JENDERAL SUDIRMAN NO. 86;6401040004;64;1;40;4;KALIMANTAN TIMUR;PASER;TANAH GROGOT;TANAH GROGOT;eyJpdiI6IjQ1ODNxcXdsZnlHbmkvTHVTNVNuUnc9PSIsInZhbHVlIjoidllhVm1Dcm9ITnlrS3pMcjgwbldkUT09IiwibWFjIjoiNjRiZDFmYTU5N2ZhNDA2NDVkZDY5NWY4MDEzODVmM2IzMzk0ZDRkZTUyNzRlMWFjN2RmZDY0M2Y0YjkyMzJmZiIsInRhZyI6IiJ9;;[Kegiatan Usaha: , Kategori: -, KBLI: -];;;15/12/2025;;;;;invalid;;;FALSE;FALSE;TRUE;;;invalid;;;;;;delapan paser sejahtera;0;0;0;;;jl jenderal sudirman no 86;;0;delapan paser sejahtera jl jenderal sudirman no 86 kbli00;99;0;0;0;Tidak Ditemukan;JL JENDERAL SUDIRMAN NO 86;0;0;;;TARIK 02 FEB - 12.00 WITA;6401040004_0_0;;
4516;6643893;DEWADARU KARYAUTAMA JAYA, PT;desa long kali;6401080006;64;1;80;6;KALIMANTAN TIMUR;PASER;LONG KALI;LONG KALI;eyJpdiI6IlJPQXpOaUpsRndKRUtyVlQ3VENvcFE9PSIsInZhbHVlIjoiQUNtL1hWTFcrNG41Zy91QTUrRjdSQT09IiwibWFjIjoiMDM0MmVlOTlmZDNkMTI5NThhOWU5YWYyNWFjMGQ5N2IyMmVkNzI4YmNlNzliMWQ1ZmJmOWEzZTZjNWM0ODMzMSIsInRhZyI6IiJ9;;;;;21/12/2025;;;;;invalid;;;FALSE;FALSE;TRUE;;;invalid;;;;;;dewadaru karyautama jaya;0;0;0;;;desa long kali;;0;dewadaru karyautama jaya desa long kali kbli00;99;0;0;0;Tidak Ditemukan;desa long kali;0;0;;;TARIK 02 FEB - 12.00 WITA;6401080006_0_0;;
4518;6644941;RUMAH MAKAN PADANG PUJA;Jalan Negara, RT 022;6401040004;64;1;40;4;KALIMANTAN TIMUR;PASER;TANAH GROGOT;TANAH GROGOT;eyJpdiI6InZTbmJLem1NajBWSHBnOXF3bHJqS0E9PSIsInZhbHVlIjoiNDlHU0J2azBmNWE2NHpzYnNnUHh1dz09IiwibWFjIjoiOTJmZTRmMzZmZjlmZjllNTU5YzZjYzJkMWNlZDllYjRkYmUyOTAwODU2MTk0NTkzOTgwYTNmNmNlMjdjZGFjZSIsInRhZyI6IiJ9;;[Kegiatan Usaha: Penyedia makan, Kategori: I, KBLI: 56102];;;26/10/2025;;;;;invalid;;;FALSE;FALSE;TRUE;;;invalid;;;;;;rumah makan padang puja;0;0;0;;;jalan negara rt 022;;56;rumah makan padang puja jalan negara rt 022 kbli56;99;0;1;0;Tidak Ditemukan;Jalan Negara RT 022;22;0;;;TARIK 02 FEB - 12.00 WITA;6401040004_22_0;;
4528;6647626;MARIAM KONTRAKAN;Jl. DI Panjaitan;6401040004;64;1;40;4;KALIMANTAN TIMUR;PASER;TANAH GROGOT;TANAH GROGOT;eyJpdiI6IlFYUUtEV05QNGdwQ2J0WDFrMm1oaWc9PSIsInZhbHVlIjoiOTJFaFBRK0pDbkV1RzcxaWkrNHpUdz09IiwibWFjIjoiYzRiMjhjZjdkMWJiZGZjYjFkNWNmZTQ1Mzg2NmNkZjZlODY2MGIwNjcxMWM0OWM4NTRmZGRkMTcxZTcwYjg1OCIsInRhZyI6IiJ9;;[Kegiatan Usaha: Kontrakan, Kategori: L, KBLI: 68111];;;26/10/2025;;;;;invalid;;;FALSE;FALSE;TRUE;;;invalid;;;;;;mariam kontrakan;0;0;0;;;jl di panjaitan;;68;mariam kontrakan jl di panjaitan kbli68;99;0;1;0;Tidak Ditemukan;Jl DI Panjaitan;0;0;;;TARIK 02 FEB - 12.00 WITA;6401040004_0_0;;
4533;6650717;YASER RAHMAN;Jl. Hos Cokro Aminoto;6401040004;64;1;40;4;KALIMANTAN TIMUR;PASER;TANAH GROGOT;TANAH GROGOT;eyJpdiI6IlcvRjh3TStpNnNjQ3dLdWpITDNFa0E9PSIsInZhbHVlIjoiODlKMndjbWZKNzFwd3F3MFNLbmZvUT09IiwibWFjIjoiMDY4NzIzZGUzNGY5MTUwZjk0ZWIyMDc5ZTA3MjNhYjkzZTgzMTA4MmU1ZWZkNDRhNjIwMWQzYWUyMTZhODFkYiIsInRhZyI6IiJ9;;[Kegiatan Usaha: Kontrakan, Kategori: L, KBLI: 68111];;;26/10/2025;;;;;invalid;;;FALSE;FALSE;TRUE;;;invalid;;;;;;yaser rahman;0;0;0;;;jl hos cokro aminoto;;68;yaser rahman jl hos cokro aminoto kbli68;99;0;1;0;Tidak Ditemukan;Jl Hos Cokro Aminoto;0;0;;;TARIK 02 FEB - 12.00 WITA;6401040004_0_0;;
4536;6714215;Hotel Khansa;Jln. Kesuma Bangsa RT.04 Tepian Batang, Tepian Batang, Kec. Tanah Grogot, Tanah Grogot, Kalimantan Timur 76211;6401040003;64;1;40;3;KALIMANTAN TIMUR;PASER;TANAH GROGOT;TEPIAN BATANG;eyJpdiI6Ik9NSFhKS3RETEx3dlMrS1dqdEQySWc9PSIsInZhbHVlIjoiRjMyb0NrQWMyQlFiTVUrKzZReVBrZz09IiwibWFjIjoiODY0YjYzOGRkMjZlYTE4MmYxYTQxZjU1M2VkMGFjNjEzMzUxY2E2OGYzNzY1OTUyODVhZGIxMzIyODVjZDFiYyIsInRhZyI6IiJ9;;"[Kegiatan Usaha: -, Kategori: -, KBLI: -]; [Kegiatan Usaha: Kategori tidak ditemukan, Kategori: , KB...";;;21/11/2025;;;-1.8868199;116.1798353;valid;;;FALSE;FALSE;TRUE;;;invalid;;;;;;hotel khansa;0;0;0;;;jln kesuma bangsa rt 04 tepian batang tepian batang kec tanah grogot tanah grogot kalimantan timur 76211;;0;hotel khansa jln kesuma bangsa rt 04 tepian batang tepian batang kec tanah grogot tanah grogot  76211 kbli00;1;0;1;0;Aktif;Jln Kesuma Bangsa RT04 Tepian Batang Tepian Batang Kec Tanah Grogot Tanah Grogot  76211;4;0;;;TARIK 02 FEB - 12.00 WITA;6401040003_4_0;-1.88952;116.177419
4546;6655101;Kontrakan ARS;Tanah Grogot;6401040004;64;1;40;4;KALIMANTAN TIMUR;PASER;TANAH GROGOT;TANAH GROGOT;eyJpdiI6IjZxb3FxOWZYOXBjUEN0dno5UDhVTkE9PSIsInZhbHVlIjoiSTIySzJvUGxsQkhwVjJoaXhJNGFGUT09IiwibWFjIjoiZDk4MDJhODJlZTcwMjYwYTg0ZGZhOWJiOTlmZjBmZTNjMTc5NDNkM2UxMmY4Y2Y4MmYzYzllMWQxODk0NDIzYyIsInRhZyI6IiJ9;;[Kegiatan Usaha: L, Kategori: L, KBLI: 68111];;;26/10/2025;;;;;invalid;;;FALSE;FALSE;TRUE;;;invalid;;;;;;kontrakan ars;0;0;0;;;tanah grogot;;68;kontrakan ars tanah grogot kbli68;99;0;1;0;Tidak Ditemukan;Tanah Grogot;0;0;;;TARIK 02 FEB - 12.00 WITA;6401040004_0_0;;
4548;6699172;PENCUCIAN AMBAL QUEEN;JALAN DI PANJAITAN RT 007 RW 004;6401040004;64;1;40;4;KALIMANTAN TIMUR;PASER;TANAH GROGOT;TANAH GROGOT;eyJpdiI6Ik85WFBjMk9XcGVDT3JtMDZiVEtESlE9PSIsInZhbHVlIjoickJaRlVWQmdLV1Q1UHgyTmFHK3Fwdz09IiwibWFjIjoiNmM4MWI4YWZjOGQ0M2FkM2E0Y2Y0ODZlMTAwMzhmNjM3MDJhM2I3MzIzYTRmMDUwZjBmNTkxODczNTllY2RiZSIsInRhZyI6IiJ9;;[Kegiatan Usaha: JASA PENCUCIAN AMBAL/ HAMBAL, Kategori: S, KBLI: 96200];;;15/12/2025;;;;;invalid;;;FALSE;FALSE;TRUE;;;invalid;;;;;;pencucian ambal queen;0;0;0;;;jalan di panjaitan rt 007 rw 004;;96;pencucian ambal queen jalan di panjaitan rt 007 rw 004 kbli96;1;0;1;0;Aktif;JALAN DI PANJAITAN RT 007 RW 004;7;4;;;TARIK 02 FEB - 12.00 WITA;6401040004_7_4;-1.90348;116.197044
4552;6706510;NUSANTARA EXPRESS KILAT, PT(SPX);Jalan Bhayangkara, RT.009/RW.002;6401040004;64;1;40;4;KALIMANTAN TIMUR;PASER;TANAH GROGOT;TANAH GROGOT;eyJpdiI6ImZDenR1eW5Dc0NXV1RmdFNlZVpWY0E9PSIsInZhbHVlIjoiTnRWYkNxcm1HV2pwNGJVUW9INzFsUT09IiwibWFjIjoiMmQzOWRjYzIwZjg5ZWNiNmJjMDQyNTU0NmIwYWQ2NWRhNGE4Y2Y3NjkzZjcyMzgyMjNkMzFjNDE2MGVjNjNjZCIsInRhZyI6IiJ9;;[Kegiatan Usaha: PICK UP DAN DELIVERY PARCEL KE BUYER, Kategori: H, KBLI: 53201];;;05/02/2025;;;-1.9158186;116.1968646;valid;;;FALSE;FALSE;TRUE;;;invalid;;;;;;nusantara express kilat spx;0;0;0;;;jalan bhayangkara rt 009 rw 002;;53;nusantara express kilat spx jalan bhayangkara rt 009 rw 002 kbli53;1;0;0;0;Aktif;Jalan Bhayangkara RT009RW002;9;2;;;TARIK 02 FEB - 12.00 WITA;6401040004_9_2;-1.91515;116.197381
4557;6711000;Hotel media;Jl. Jendral Sudirman Rt 08 Rw 06;6401040004;64;1;40;4;KALIMANTAN TIMUR;PASER;TANAH GROGOT;TANAH GROGOT;eyJpdiI6ImcxZzl5Zm9Sc0k0TVp4aUF5OWExREE9PSIsInZhbHVlIjoiaThsTHB6Q1Q1WVhQbnNpTFhBRG50UT09IiwibWFjIjoiOTQ1N2FhZWI0MzRhZmJkYmNlNjA0MzVmMWZjMDZmOGNkM2Q1ZjVmMGRiYzE1MzcxNzdiMTE2OWJkYTBlY2I4YiIsInRhZyI6IiJ9;;[Kegiatan Usaha: -, Kategori: -, KBLI: -];;;05/02/2025;;;-1.9128544;116.1971246;valid;;;FALSE;FALSE;TRUE;;;invalid;;;;;;hotel media;0;0;0;;;jl jendral sudirman rt 08 rw 06;;0;hotel media jl jendral sudirman rt 08 rw 06 kbli00;1;0;1;0;Aktif;Jl Jendral Sudirman Rt 08 Rw 06;8;6;;;TARIK 02 FEB - 12.00 WITA;6401040004_8_6;-1.91092;116.197908
4558;6711436;Hotel Aulia;Jl. Sultan Hasanuddin RT. 11 RW. 05;6401040004;64;1;40;4;KALIMANTAN TIMUR;PASER;TANAH GROGOT;TANAH GROGOT;eyJpdiI6Ik5zWHJnem80Ni9oWEx0MGpLemFBOFE9PSIsInZhbHVlIjoiOWlTN2ZTYjlnU3NhbzhEQUJ5WVRYZz09IiwibWFjIjoiYjM2NzMwMzhhYjMxNjE0YzNlNmNmMzRmNGUzOWRjYjBkZDE5ZDdiZTYzYWZiMzNhOGRjMmIzYWNjYWM2Y2E5YSIsInRhZyI6IiJ9;;[Kegiatan Usaha: -, Kategori: -, KBLI: -];;;05/02/2025;;;-1.9199235;116.1975464;valid;;;FALSE;FALSE;TRUE;;;invalid;;;;;;hotel aulia;0;0;0;;;jl sultan hasanuddin rt 11 rw 05;;0;hotel aulia jl sultan hasanuddin rt 11 rw 05 kbli00;1;0;1;0;Aktif;Jl Sultan Hasanuddin RT 11 RW 05;11;5;;;TARIK 02 FEB - 12.00 WITA;6401040004_11_5;-1.91954;116.194281
4562;7483847;Muhammad Guntur;Seniung Jaya RT. 08;6401;64;1;;;KALIMANTAN TIMUR;PASER;;;eyJpdiI6IkNpWkdvTTMyRlF3SDdIcWxnVDdVK3c9PSIsInZhbHVlIjoiM2VwenhkYnJWem5JdXdyRFNoZ3drUT09IiwibWFjIjoiYTYxMTZlMjllZDlkMjE0NzQxNjUxODkxODdhYzk2MDg1NzM3YjQwZDdmMzBlMzE3YTQyY2M2YWU4Y2ViZjY1MCIsInRhZyI6IiJ9;;;;;26/10/2025;;;;;invalid;;;FALSE;FALSE;TRUE;;;invalid;;;;-2.023973333;116.226;muhammad guntur;0;0;0;;;seniung jaya rt 08;;0;muhammad guntur seniung jaya rt 08 kbli00;99;0;1;0;Tidak Ditemukan;Seniung Jaya RT 08;8;0;;;TARIK 02 FEB - 12.00 WITA;6401_8_0;;
4572;16743392;MENJUAL GORENGAN <SITI AMINAH>;gunung putar, RT.001 SDN 015 longkali;6401080006;64;1;80;6;KALIMANTAN TIMUR;PASER;LONG KALI;LONG KALI;eyJpdiI6IjVBR0dnM2EzMDZramZXdHlIT25Kbmc9PSIsInZhbHVlIjoiSm5MbmhFdkt5Qk0vdnhCT250Tmhkdz09IiwibWFjIjoiODgzYWQxZThjMjU4MjA0OTY4N2Q0N2RkOWYzMmI4MGE0MWFmOGRmMjg1YTMxNjJhNWU4NTBhYjdiZjY3MDgxZSIsInRhZyI6IiJ9;;[Kegiatan Usaha: MENJUAL GORENGAN, Kategori: I, KBLI: -];;;01/11/2025;;;;;invalid;;;FALSE;FALSE;TRUE;;;invalid;;;;-1.520132232;116.3194117;menjual gorengan siti aminah;0;0;0;;;gunung putar rt 001 sdn 015 longkali;;0;menjual gorengan siti aminah gunung putar rt 001 sdn 015 longkali kbli00;1;0;1;1;Aktif;gunung putar RT001 SDN 015 longkali;1;0;;;TARIK 02 FEB - 12.00 WITA;6401080006_1_0;-1.5208;116.320584
4609;16961212;Singgahsana Dewi;35PX+F5H, Jalan Akses Tanah Gocap, RT.002/RW.003, Tanah Grogot, Karawaci, Kota Tangerang, Banten ;6401040004;64;1;40;4;KALIMANTAN TIMUR;PASER;TANAH GROGOT;TANAH GROGOT;eyJpdiI6IjdWbUExMzd2RGZBL1JCcEllZkdMVVE9PSIsInZhbHVlIjoiRVp2WS9tTFhSUWJVNDFxQzBvREx5Zz09IiwibWFjIjoiZWFhYzY3ZmQxOWM1YTRjYWYyMDRkMzE5NzQyMmRlMmFiNTI2NGEwMDgwNWI2M2UzYzc5OTM5MTc2ODVlNzU3NiIsInRhZyI6IiJ9;;[Kegiatan Usaha: Kamar Mandi Umum, Kategori: -, KBLI: -];;;21/09/2025;;Tambahan Daerah s.d 31 Desember 2025;-1.9138212;116.1979718;valid;;;FALSE;FALSE;TRUE;;;invalid;;;;;;singgahsana dewi;0;0;0;;;35px f5h jalan akses tanah gocap rt 002 rw 003 tanah grogot karawaci kota tangerang banten;;0;singgahsana dewi 35px f5h jalan akses tanah gocap rt 002 rw 003 tanah grogot karawaci kota tangerang banten kbli00;1;0;1;0;Aktif;35PXF5H Jalan Akses Tanah Gocap RT002RW003 Tanah Grogot Karawaci Kota Tangerang Banten;2;3;;;TARIK 02 FEB - 12.00 WITA;6401040004_2_3;-1.91045;116.191186
4646;16960379;MM Cake(Jual Kue UlTah/Kue Pengantin,dll;35RW+RHJ, Jl. Kapten Piere Tendean, RT.05/RW.04, Tanah Grogot, Kec. Tanah Grogot, Kabupaten Paser, Kalimantan Timur 76251 ;6401040004;64;1;40;4;KALIMANTAN TIMUR;PASER;TANAH GROGOT;TANAH GROGOT;eyJpdiI6IjF5YlBPSHJpNGR5b2pCYTdRYk5tNVE9PSIsInZhbHVlIjoidDVCNElNMERGY2EyK1dwd3JVaG9tdz09IiwibWFjIjoiMDE4ZmZhNDQwMGVjZDFiNTUzZTMzZDQ4MDM3MWM0ZGNhYWI3ZmYzOWQ4ZGQwNjI4YWRiNTczYjVmNDIzMWY4YSIsInRhZyI6IiJ9;;[Kegiatan Usaha: Toko Kue, Kategori: -, KBLI: -];;;21/09/2025;;Tambahan Daerah s.d 31 Desember 2025;-1.9079084;116.1963946;valid;;;FALSE;FALSE;TRUE;;;invalid;;;;;;mm cake jual kue ultah kue pengantin dll;0;0;0;;;35rw rhj jl kapten piere tendean rt 05 rw 04 tanah grogot kec tanah grogot kabupaten paser kalimantan timur 76251;;0;mm cake jual kue ultah kue pengantin dll 35rw rhj jl kapten piere tendean rt 05 rw 04 tanah grogot kec tanah grogot   76251 kbli00;1;0;1;0;Aktif;35RWRHJ Jl Kapten Piere Tendean RT05RW04 Tanah Grogot Kec Tanah Grogot   76251;5;4;;;TARIK 02 FEB - 12.00 WITA;6401040004_5_4;-1.90186;116.196795
4659;16961816;Warung Semboro;35QQ+6QJ, Jl. Lambung Mangkurat, RT.10/RW.05, Tanah Grogot, Kec. Tanah Grogot, Kabupaten Paser, Kalimantan Timur 76251 ;6401040004;64;1;40;4;KALIMANTAN TIMUR;PASER;TANAH GROGOT;TANAH GROGOT;eyJpdiI6Ill6NHA1M0NERWUxY2FCbzljMk9hV1E9PSIsInZhbHVlIjoiVFlBM2V6Z2JkbzhmR1MwV3RCZmhIZz09IiwibWFjIjoiYzZmYjhkMDQyNzg4ZGQ4NzVlYzY2MDA3OTYxMmQ2NjYxYWE4Y2U1NTM5ZTc2Yzk4ZGMzYzRkNjQxMjM2MzM3ZiIsInRhZyI6IiJ9;;[Kegiatan Usaha: Restoran Jawa Timur, Kategori: -, KBLI: -];;;21/09/2025;;Tambahan Daerah s.d 31 Desember 2025;-1.9119234;116.1893914;valid;;;FALSE;FALSE;TRUE;;;invalid;;;;;;semboro;0;0;0;;;35qq 6qj jl lambung mangkurat rt 10 rw 05 tanah grogot kec tanah grogot kabupaten paser kalimantan timur 76251;;0;semboro 35qq 6qj jl lambung mangkurat rt 10 rw 05 tanah grogot kec tanah grogot   76251 kbli00;1;0;1;0;Aktif;35QQ6QJ Jl Lambung Mangkurat RT10RW05 Tanah Grogot Kec Tanah Grogot   76251;10;5;;;TARIK 02 FEB - 12.00 WITA;6401040004_10_5;-1.91233;116.187339
4667;16959801;HASAN JAYA MOTOR;Jl. Senaken No.RT.4, Jone, Kec. Tanah Grogot, Kabupaten Paser, Kalimantan Timur 76211 ;6401040016;64;1;40;16;KALIMANTAN TIMUR;PASER;TANAH GROGOT;SENAKEN;eyJpdiI6ImR6TzZUME55eWVDdWNtRXQrVjRSL3c9PSIsInZhbHVlIjoib3haeXpRbks0dzcxVGFBS2tVbExWdz09IiwibWFjIjoiN2NhZTUxYTU3NTJmNzE0NTUzNjZiMDBkOTZmMzUwYzEyY2JlZmZmZWNkZTc1ZWFhOTdhY2NmMGFhYzg2ZDA0NiIsInRhZyI6IiJ9;;[Kegiatan Usaha: Bengkel Sepeda Motor, Kategori: -, KBLI: -];;;21/09/2025;;Tambahan Daerah s.d 31 Desember 2025;-1.898006;116.2098461;valid;;;FALSE;FALSE;TRUE;;;invalid;;;;;;hasan jaya motor;0;0;0;;;jl senaken no rt 4 jone kec tanah grogot kabupaten paser kalimantan timur 76211;;0;hasan jaya motor jl senaken no rt 4 jone kec tanah grogot   76211 kbli00;1;0;1;0;Aktif;Jl Senaken NoRT4 Jone Kec Tanah Grogot   76211;4;0;;;TARIK 02 FEB - 12.00 WITA;6401040016_4_0;-1.90267;116.204881
4691;16959134;Bengkel VM. Motor;Jl. Kusuma Bangsa No.RT.001, Janju, Kec. Tanah Grogot, Kabupaten Paser, Kalimantan Timur 76251 ;6401040003;64;1;40;3;KALIMANTAN TIMUR;PASER;TANAH GROGOT;TEPIAN BATANG;eyJpdiI6Ii9DaE95VkRPRFBXRmEzY3Zncm9rVHc9PSIsInZhbHVlIjoieVdtcWU0MWRjc0NlUVpoRkdsM0xQUT09IiwibWFjIjoiNWVjOWU3Y2ViZmFkYTQwNDcyZjQ1N2VlODU0M2I0MjZhNGI0OGMyYjFlMmY4NzI2YzQzNTRkYWFjY2ZlOGQ2ZSIsInRhZyI6IiJ9;;[Kegiatan Usaha: Bengkel Sepeda Motor, Kategori: -, KBLI: -];;;21/09/2025;;Tambahan Daerah s.d 31 Desember 2025;-1.8911704;116.1806167;valid;;;FALSE;FALSE;TRUE;;;invalid;;;;;;bengkel vm motor;0;0;0;;;jl kusuma bangsa no rt 001 janju kec tanah grogot kabupaten paser kalimantan timur 76251;;0;bengkel vm motor jl kusuma bangsa no rt 001 janju kec tanah grogot   76251 kbli00;1;0;1;0;Aktif;Jl Kusuma Bangsa NoRT001 Janju Kec Tanah Grogot   76251;1;0;;;TARIK 02 FEB - 12.00 WITA;6401040003_1_0;-1.91361;116.178045
4696;16959904;Jangkar Kuaro;Jalan Yos sudarso,jangkar RT. 01, Kec. Kuaro, Kabupaten Paser, Kalimantan Timur 76251 ;6401040016;64;1;40;16;KALIMANTAN TIMUR;PASER;TANAH GROGOT;SENAKEN;eyJpdiI6InNPTGJmTVhJRVBTdC9RL3ZKQWlOYkE9PSIsInZhbHVlIjoiYlRGNTEvSzR5UFd2OVBMSlBKb3gwZz09IiwibWFjIjoiN2Q3MTk2ZWY2Njk2M2EyZGQyYjlhYTAzOTlmZTMzZWRlNTY4MWYzZGQ4ZThlNjM0MjdlYTYyZTMwZmIxMWJmNyIsInRhZyI6IiJ9;;[Kegiatan Usaha: Bar, Kategori: -, KBLI: -];;;21/09/2025;;Tambahan Daerah s.d 31 Desember 2025;-1.9052127;116.207714;valid;;;FALSE;FALSE;TRUE;;;invalid;;;;;;jangkar kuaro;0;0;0;;;jalan yos sudarso jangkar rt 01 kec kuaro kabupaten paser kalimantan timur 76251;;0;jangkar kuaro jalan yos sudarso jangkar rt 01 kec kuaro   76251 kbli00;1;0;1;0;Aktif;Jalan Yos sudarsojangkar RT 01 Kec Kuaro   76251;1;0;;;TARIK 02 FEB - 12.00 WITA;6401040016_1_0;-1.9056;116.204143
4847;16960820;Raja dekoration;Jl. Ahmad Yani dekat simpangan No.RT 19, Padang Jaya, Kec. Kuaro, Kabupaten Paser, Kalimantan Timur 76281;6401050002;64;1;50;2;KALIMANTAN TIMUR;PASER;KUARO;KUARO;eyJpdiI6ImtPWGVTdU80b1NvZ3cxSDhJbXRWRXc9PSIsInZhbHVlIjoiTUdVcGExcHc0RUZ0TGVTMTRQbTFlZz09IiwibWFjIjoiM2E5MzZiODhiNjI2Njk3ZDZiM2U1N2QwYTgyYTI1NWUzOTM4ODBhZDg4MGYzOTVhMmZmNzYzM2UyODZmYzk0NCIsInRhZyI6IiJ9;;[Kegiatan Usaha: Layanan Sewa Tenda, Kategori: -, KBLI: -];;;26/10/2025;;Tambahan Daerah s.d 31 Desember 2025;-1.8111776;116.083967;valid;;;FALSE;FALSE;TRUE;;;invalid;;;;;;raja dekoration;0;0;0;;;jl ahmad yani dekat simpangan no rt 19 padang jaya kec kuaro kabupaten paser kalimantan timur 76281;;0;raja dekoration jl ahmad yani dekat simpangan no rt 19 padang jaya kec kuaro   76281 kbli00;1;0;1;0;Aktif;Jl Ahmad Yani dekat simpangan NoRT 19 Padang Jaya Kec Kuaro   76281;19;0;;;TARIK 02 FEB - 12.00 WITA;6401050002_19_0;-1.80878;116.084589
4848;16961201;Sidik Motor Kuaro;53HM+CJ8, depan ter minal simpang, RW.4, Kuaro, Kec. Kuaro, Kabupaten Paser, Kalimantan Timur 76281;6401050002;64;1;50;2;KALIMANTAN TIMUR;PASER;KUARO;KUARO;eyJpdiI6InpVdFZaWjhyMXEvVEJUNmNFcDZ3b0E9PSIsInZhbHVlIjoiR1ZQcjBBVlNBbFdYaHlrelVraTlGZz09IiwibWFjIjoiYTg4ZGYyMGE2Nzk3NDkwMDg2ZWVjOTkyOGMyMzBiNGRiZWJiOTlmMDRiZTQ2ZjkwNGRlOGYwOTY0ZmFiMTAxZiIsInRhZyI6IiJ9;;[Kegiatan Usaha: -, Kategori: -, KBLI: -];;;26/10/2025;;Tambahan Daerah s.d 31 Desember 2025;-1.8214716;116.0840679;valid;;;FALSE;FALSE;TRUE;;;invalid;;;;;;sidik motor kuaro;0;0;0;;;53hm cj8 depan ter minal simpang rw 4 kuaro kec kuaro kabupaten paser kalimantan timur 76281;;0;sidik motor kuaro 53hm cj8 depan ter minal simpang rw 4 kuaro kec kuaro   76281 kbli00;1;0;1;0;Aktif;53HMCJ8 depan ter minal simpang RW4 Kuaro Kec Kuaro   76281;4;0;;;TARIK 02 FEB - 12.00 WITA;6401050002_4_0;-1.81789;116.084831
4866;16960723;Praktek Fisioterapi Kurniawan;53GJ+H56, Jln. Letjend suprapto, jl.banjar Jln.pemadam, RT.17/RW.NO.108, Kuaro, Kec. Kuaro, Kabupaten Paser, Kalimantan Timur 76281;6401050002;64;1;50;2;KALIMANTAN TIMUR;PASER;KUARO;KUARO;eyJpdiI6IkdjNzdmUDN4dkMwTWRBd0pTUGlpa3c9PSIsInZhbHVlIjoiYVVmKzRzZWN3YTdKUTFtOUVxY0owUT09IiwibWFjIjoiZmRmYjY5ZjExMDM1MzZiNzczMTM5ZTQ0MWY0ZDMxMTgwZWJmOTZkNTBjZWQzZTNiZTUzMDQyOTBiYTYyZTllMCIsInRhZyI6IiJ9;;[Kegiatan Usaha: Klinik Kesehatan, Kategori: -, KBLI: -];;;26/10/2025;;Tambahan Daerah s.d 31 Desember 2025;-1.8235912;116.080406;valid;;;FALSE;FALSE;TRUE;;;invalid;;;;;;praktek fisioterapi kurniawan;0;0;0;;;53gj h56 jln letjend suprapto jl banjar jln pemadam rt 17 rw no 108 kuaro kec kuaro kabupaten paser kalimantan timur 76281;;0;praktek fisioterapi kurniawan 53gj h56 jln letjend suprapto jl banjar jln pemadam rt 17 rw no 108 kuaro kec kuaro   76281 kbli00;1;0;1;0;Aktif;53GJH56 Jln Letjend suprapto jlbanjar Jlnpemadam RT17RWNO108 Kuaro Kec Kuaro   76281;17;0;;;TARIK 02 FEB - 12.00 WITA;6401050002_17_0;-1.82503;116.075309
4912;16958945;Bank Ronabasa Kuaro;Jl. Ahmad Yani No.25, RT19, Kec. Kuaro, Kabupaten Paser, Kalimantan Timur 76281;6401050002;64;1;50;2;KALIMANTAN TIMUR;PASER;KUARO;KUARO;eyJpdiI6Ii9IZUo0YjhYUk81VkVUZEZrV2d2dUE9PSIsInZhbHVlIjoiRGw3RVBMd2ExSVNFN1NkVk8rZnAzZz09IiwibWFjIjoiMzIyMzUxYjI1NzQ4NDZkOGFhOGE3YjdiYTY1NzIxMGU4MzhjOTA3M2FmYTBiYWU5NTM3YWUwZjc0OTk3Y2UyNiIsInRhZyI6IiJ9;;[Kegiatan Usaha: Lembaga Keuangan, Kategori: -, KBLI: -];;;26/10/2025;;Tambahan Daerah s.d 31 Desember 2025;-1.8080857;116.0854528;valid;;;FALSE;FALSE;TRUE;;;invalid;;;;;;bank ronabasa kuaro;0;0;0;;;jl ahmad yani no 25 rt19 kec kuaro kabupaten paser kalimantan timur 76281;;0;bank ronabasa kuaro jl ahmad yani no 25 rt19 kec kuaro   76281 kbli00;1;0;1;0;Aktif;Jl Ahmad Yani No25 RT19 Kec Kuaro   76281;19;0;;;TARIK 02 FEB - 12.00 WITA;6401050002_19_0;-1.80878;116.084589
4920;16961275;Studio Aksa Photoworks;TK Tunas Bangsa Taka, Jln. Pasar lama RT.12 (Belakang, Batu Kajang, Kec. Batu Sopang, Kabupaten Paser, Kalimantan Timur 76252 ;6401010011;64;1;10;11;KALIMANTAN TIMUR;PASER;BATU SOPANG;BATU KAJANG;eyJpdiI6ImIzKyt3TVR4N01LQXlSU1g2L2VwcUE9PSIsInZhbHVlIjoiWERwZ2FRZkpYTXdaQ0hZRXFpbHpXUT09IiwibWFjIjoiNjU4NDBiZmZhM2JiNjE3NjFjYjQzZTllOWZjNDQ2YWJmNGE0YjdjNWI5ZTg4MzU3MmY5ZDdkNTU5ZmExNzdlMSIsInRhZyI6IiJ9;;[Kegiatan Usaha: Studio Fotografi, Kategori: -, KBLI: -];;;24/11/2025;;Tambahan Daerah s.d 31 Desember 2025;-1.8334335;115.9264068;valid;;;FALSE;FALSE;TRUE;;;invalid;;;;;;studio aksa photoworks;0;0;0;;;tk tunas bangsa taka jln pasar lama rt 12 belakang batu kajang kec batu sopang kabupaten paser kalimantan timur 76252;;0;studio aksa photoworks tk tunas bangsa taka jln pasar lama rt 12 belakang batu kajang kec batu sopang   76252 kbli00;1;0;1;0;Aktif;TK Tunas Bangsa Taka Jln Pasar lama RT12 Belakang Batu Kajang Kec Batu Sopang   76252;12;0;;1;TARIK 02 FEB - 12.00 WITA;6401010011_12_0;-1.833;115.926866
4926;16961753;WAPARIZ;Jl. Karya Bakti TNI 2013, RT.031, Batu Kajang, Kec. Batu Sopang, Kabupaten Paser, Kalimantan Timur 76252 ;6401010011;64;1;10;11;KALIMANTAN TIMUR;PASER;BATU SOPANG;BATU KAJANG;eyJpdiI6ImVKN3dwZ3lUSkF4WVg5N1dlRmJJbGc9PSIsInZhbHVlIjoiQ2xyRzkreEhNcktTakF4U2RBNS9xZz09IiwibWFjIjoiMWUzMDNhNzI2OWU0YjJiMTBmYjdjNjMzMjc5MTAyNTQ5OTE2ZjVhMDBhYjllMmJlNTVkZTE1YjU0MDg4YjIzZiIsInRhZyI6IiJ9;;[Kegiatan Usaha: Kolam Memancing, Kategori: -, KBLI: -];;;24/11/2025;;Tambahan Daerah s.d 31 Desember 2025;-1.8292745;115.9156715;valid;;;FALSE;FALSE;TRUE;;;invalid;;;;;;wapariz;0;0;0;;;jl karya bakti tni 2013 rt 031 batu kajang kec batu sopang kabupaten paser kalimantan timur 76252;;0;wapariz jl karya bakti tni 2013 rt 031 batu kajang kec batu sopang   76252 kbli00;1;0;1;0;Aktif;Jl Karya Bakti TNI 2013 RT031 Batu Kajang Kec Batu Sopang   76252;31;0;;;TARIK 02 FEB - 12.00 WITA;6401010011_31_0;-1.84451;115.906561
4960;16958685;ALBI Mangrove;53PV+49X, Kuaro, Kec. Kuaro, Kabupaten Paser, Kalimantan Timur 76281;6401050002;64;1;50;2;KALIMANTAN TIMUR;PASER;KUARO;KUARO;eyJpdiI6ImJVWEhZbXpyWEFnM1hITytSbnlZaHc9PSIsInZhbHVlIjoidHZZUDRITytWNGNaVEVrZzBncjNCQT09IiwibWFjIjoiYzljMmJmYmQ4NjgwMGQ4NTZkYmYwZTI5N2YyMjI5NjFmMGZlZmYzMzM5OGI0ODlhZDRkODc5ODM4NDBiNzY0MSIsInRhZyI6IiJ9;;[Kegiatan Usaha: Wahana Taman Hiburan, Kategori: -, KBLI: -];;;26/10/2025;;Tambahan Daerah s.d 31 Desember 2025;-1.8146294;116.0934838;valid;;;FALSE;FALSE;TRUE;;;invalid;;;;;;albi mangrove;0;0;0;;;53pv 49x kuaro kec kuaro kabupaten paser kalimantan timur 76281;;0;albi mangrove 53pv 49x kuaro kec kuaro   76281 kbli00;3;0;1;0;Tutup;53PV49X Kuaro Kec Kuaro   76281;0;0;;;TARIK 02 FEB - 12.00 WITA;6401050002_0_0;;
4974;16958591;Agen BRILink,&Travel AMIYARNI;Jl.sultan hasannudin No.76 rt/RW 004/002, Tanah Grogot, Kec. Tanah Grogot, Kabupaten Paser, Kalimantan Timur 76251 ;6401040004;64;1;40;4;KALIMANTAN TIMUR;PASER;TANAH GROGOT;TANAH GROGOT;eyJpdiI6IjRHSzVUcGhDMVNiWlllT0JYUVNLbnc9PSIsInZhbHVlIjoiZFhMUmlvV0gxTXVQdldEQkpKd0RyZz09IiwibWFjIjoiOGI4MTk1Y2M0MWYxNzA3MTUzNDQyMTU5MmNiYWJhOTk0ZmI5MDUyNmUyYzJlZjg3Y2Y4ZTE5NzEwYjZjZjkxYyIsInRhZyI6IiJ9;;[Kegiatan Usaha: Toko, Kategori: -, KBLI: -];;;21/09/2025;;Tambahan Daerah s.d 31 Desember 2025;-1.9185038;116.1977901;valid;;;FALSE;FALSE;TRUE;;;invalid;;;;;;agen brilink travel amiyarni;0;0;0;;;jl sultan hasannudin no 76 rt rw 004 002 tanah grogot kec tanah grogot kabupaten paser kalimantan timur 76251;;0;agen brilink travel amiyarni jl sultan hasannudin no 76 rt rw 004 002 tanah grogot kec tanah grogot   76251 kbli00;1;0;1;0;Aktif;Jlsultan hasannudin No76 rtRW 004002 Tanah Grogot Kec Tanah Grogot   76251;4;2;;;TARIK 02 FEB - 12.00 WITA;6401040004_4_2;-1.91883;116.196349
4979;16960449;Nathania travel;Jl. Tj. Raya, RT.015, Batu Kajang, Kec. Batu Sopang, Kabupaten Paser, Kalimantan Timur 76252 ;6401010011;64;1;10;11;KALIMANTAN TIMUR;PASER;BATU SOPANG;BATU KAJANG;eyJpdiI6IlNZbDFLbWlueGpmTVBBeWg2Mlc1a2c9PSIsInZhbHVlIjoiLzNWVTJHNC9veGlQVWQ0bVZjM2YwQT09IiwibWFjIjoiZmI5OTI1NGQ3MmM2M2I0MTllNTFjYTFiOTRmN2QxMmY1OThjMWQ5NDk3M2EwZDFiMjM0YjE5MmFkYmE2NTRiZCIsInRhZyI6IiJ9;;[Kegiatan Usaha: Biro Perjalanan dan Wisata, Kategori: -, KBLI: -];;;24/11/2025;;Tambahan Daerah s.d 31 Desember 2025;-1.8352556;115.9308454;valid;;;FALSE;FALSE;TRUE;;;invalid;;;;;;nathania travel;0;0;0;;;jl tj raya rt 015 batu kajang kec batu sopang kabupaten paser kalimantan timur 76252;;0;nathania travel jl tj raya rt 015 batu kajang kec batu sopang   76252 kbli00;1;0;1;0;Aktif;Jl Tj Raya RT015 Batu Kajang Kec Batu Sopang   76252;15;0;;;TARIK 02 FEB - 12.00 WITA;6401010011_15_0;-1.83547;115.935063
5013;16960285;Majlis Ta'lim Bahjatuttholibin-paser;Jln andi Ali senaken ujung rt 11, desa, Jone, Kec. Tanah Grogot, Kabupaten Paser, Kalimantan Timur 76251 ;6401040009;64;1;40;9;KALIMANTAN TIMUR;PASER;TANAH GROGOT;JONE;eyJpdiI6InZuTnZoeEUyaVNNME1XMVdoQ3ZUdkE9PSIsInZhbHVlIjoiK1BTUVBjZGJreEZLVDhoSlQ1ZlYzdz09IiwibWFjIjoiNzljNGM1ZTg2M2JkYTU5Y2FmNzQwODQ5Njc4YzM4NTY0ZDgxOWE5NjVjN2E1OTE4N2NhMmYyNzRjYTdjMDcyZiIsInRhZyI6IiJ9;;[Kegiatan Usaha: Sekolah, Kategori: -, KBLI: -];;;21/09/2025;;Tambahan Daerah s.d 31 Desember 2025;-1.8944071;116.2166934;valid;;;FALSE;FALSE;TRUE;;;invalid;;;;;;majlis ta lim bahjatuttholibin paser;0;0;0;;;jln andi ali senaken ujung rt 11 desa jone kec tanah grogot kabupaten paser kalimantan timur 76251;;0;majlis ta lim bahjatuttholibin paser jln andi ali senaken ujung rt 11 desa jone kec tanah grogot   76251 kbli00;1;0;1;0;Aktif;Jln andi Ali senaken ujung rt 11 desa Jone Kec Tanah Grogot   76251;11;0;;;TARIK 02 FEB - 12.00 WITA;6401040009_11_0;-1.89403;116.218652
5028;16958974;BEE HEALTH MEDICAL CARE : PRAKTIK DOKTER GIGI DAN BABY SPA;Sei Rat, Jalan Mulawarman No.8, RT.7, Kec. Kuaro, Kabupaten Paser, Kalimantan Timur 76281;6401050002;64;1;50;2;KALIMANTAN TIMUR;PASER;KUARO;KUARO;eyJpdiI6ImxFUGpNY01VUUJjSitxT2dYK2l6OUE9PSIsInZhbHVlIjoieFYwN1RSbVN4T1FaWjFuNHpsS2Uzdz09IiwibWFjIjoiMjgwMTAyMTFiZjU4YzYyYTc1ZTYwY2Q4NDVkYTdhM2ZjMzQxM2E5ZmUyYzMzZmIzYTZmNzk0YWUwNGMxMTU4MCIsInRhZyI6IiJ9;;[Kegiatan Usaha: Dokter Gigi, Kategori: -, KBLI: -];;;26/10/2025;;Tambahan Daerah s.d 31 Desember 2025;-1.8091731;116.080207;valid;;;FALSE;FALSE;TRUE;;;invalid;;;;;;bee health medical care praktik dokter gigi dan baby spa;0;0;0;;;sei rat jalan mulawarman no 8 rt 7 kec kuaro kabupaten paser kalimantan timur 76281;;0;bee health medical care praktik dokter gigi dan baby spa sei rat jalan mulawarman no 8 rt 7 kec kuaro   76281 kbli00;1;0;1;0;Aktif;Sei Rat Jalan Mulawarman No8 RT7 Kec Kuaro   76281;7;0;;;TARIK 02 FEB - 12.00 WITA;6401050002_7_0;-1.8128;116.08033
5099;16960612;Percetakan & Photography Perdana;RT. 13, Jl. Penajam-Kuaro, Long Kali, Kec. Long Kali, Kabupaten Paser, Kalimantan Timur 76283 ;6401080006;64;1;80;6;KALIMANTAN TIMUR;PASER;LONG KALI;LONG KALI;eyJpdiI6IlBhQXA2UFBOZHh2SWREYnR2TFY3c3c9PSIsInZhbHVlIjoiZS8yR2k5elQ4bkg2UmdmWi82UHhoQT09IiwibWFjIjoiYTczMzU1ZDBkNDU3ZDczOGRhODI1NDljYzFlZjBjM2FjYWIyYjYyYmZmYzVjOTY1M2ZhODJlNzEzMWI3YTY0ZiIsInRhZyI6IiJ9;;[Kegiatan Usaha: Kantor Perusahaan, Kategori: -, KBLI: -];;;21/09/2025;;Tambahan Daerah s.d 31 Desember 2025;-1.5205498;116.3261089;valid;;;FALSE;FALSE;TRUE;;;invalid;;;;;;percetakan photography perdana;0;0;0;;;rt 13 jl penajam kuaro long kali kec long kali kabupaten paser kalimantan timur 76283;;0;percetakan photography perdana rt 13 jl penajam kuaro long kali kec long kali   76283 kbli00;1;0;1;0;Aktif;RT 13 Jl PenajamKuaro Long Kali Kec Long Kali   76283;13;0;;;TARIK 02 FEB - 12.00 WITA;6401080006_13_0;-1.5205;116.326769
5101;16961070;SAFIRA SERVICE CENTER;Ds, Jl. Senaken No.1 Rt.08, Senaken, Kec. Tanah Grogot, Kabupaten Paser, Kalimantan Timur 76211 ;6401040016;64;1;40;16;KALIMANTAN TIMUR;PASER;TANAH GROGOT;SENAKEN;eyJpdiI6IlM4cDRqdHljMUtab09HMER4RGlaSGc9PSIsInZhbHVlIjoic09iQ3Y0RkRqbHpxT0FDTDg4dGVaUT09IiwibWFjIjoiODliMzFkNWQ4YTIxNDA5MzE1MTFkZTc4OWMyMzFiMzViNmM2ZTE4Mjk5YTE2YjdkM2E4MDI2MWVhNjcwZDQwNiIsInRhZyI6IiJ9;;[Kegiatan Usaha: Toko Ponsel, Kategori: -, KBLI: -];;;21/09/2025;;Tambahan Daerah s.d 31 Desember 2025;-1.8999958;116.2073344;valid;;;FALSE;FALSE;TRUE;;;invalid;;;;;;safira service center;0;0;0;;;ds jl senaken no 1 rt 08 senaken kec tanah grogot kabupaten paser kalimantan timur 76211;;0;safira service center ds jl senaken no 1 rt 08 senaken kec tanah grogot   76211 kbli00;1;0;1;0;Aktif;Ds Jl Senaken No1 Rt08 Senaken Kec Tanah Grogot   76211;8;0;;;TARIK 02 FEB - 12.00 WITA;6401040016_8_0;-1.90095;116.208742
5117;16960196;Kuaro;Alamat tidak ditemukan;6401050002;64;1;50;2;KALIMANTAN TIMUR;PASER;KUARO;KUARO;eyJpdiI6IkorUmxGTWo4VHhyc2t0Wkl2TDVGWnc9PSIsInZhbHVlIjoialEzR1ptY25IdUQ1TThzVFAwTjMydz09IiwibWFjIjoiOGJkNzQ5MTIzMzc3YzJiMDlhMTY1NzU2Y2I1MTM2ZTlkNTAyMzg4MjFkNTM0YjEwMmJmOThkZDhmZWU2ZDYwZiIsInRhZyI6IiJ9;;[Kegiatan Usaha: Kategori tidak ditemukan, Kategori: -, KBLI: -];;;26/10/2025;;Tambahan Daerah s.d 31 Desember 2025;-1.8383985;116.0608476;valid;;;FALSE;FALSE;TRUE;;;invalid;;;;;;kuaro;0;0;0;;;alamat tidak ditemukan;;0;kuaro alamat tidak ditemukan kbli00;99;0;1;0;Tidak Ditemukan;Alamat tidak ditemukan;0;0;;;TARIK 02 FEB - 12.00 WITA;6401050002_0_0;;
5123;16961382;Terminal Kuaro;Jl. Negara Km.114 RT.1 No. 06, Kuaro, Kec. Kuaro, Kabupaten Paser, Kalimantan Timur 76281;6401050002;64;1;50;2;KALIMANTAN TIMUR;PASER;KUARO;KUARO;eyJpdiI6IkZUZ3h3TldRajQvRWpZb3B2cG50ZFE9PSIsInZhbHVlIjoiM0NtSm1CN3BqWGEzTE9hSTlzMmNxQT09IiwibWFjIjoiYTcxZjVmZjRiMTk1MGZkNzE0MmZkZTM4YjhlODI1ZDIyYjJiMDZhODc1NDUwNWNlYTI1OGUyOTk4NWU1YWM2NSIsInRhZyI6IiJ9;;[Kegiatan Usaha: Layanan Transportasi, Kategori: -, KBLI: -];;;29/11/2025;;Tambahan Daerah s.d 31 Desember 2025;-1.8212648;116.0842979;valid;;;FALSE;FALSE;TRUE;;;invalid;;;;;;terminal kuaro;0;0;0;;;jl negara km 114 rt 1 no 06 kuaro kec kuaro kabupaten paser kalimantan timur 76281;;0;terminal kuaro jl negara km 114 rt 1 no 06 kuaro kec kuaro   76281 kbli00;1;0;1;0;Aktif;Jl Negara Km114 RT1 No 06 Kuaro Kec Kuaro   76281;1;0;;;TARIK 02 FEB - 12.00 WITA;6401050002_1_0;-1.82244;116.096618
5155;16960102;Keo Swimming Gear;Jl. Jend. Ahmad Yani No.44A, RT.16/RW.006, Tanah Grogot, Kec. Tanah Grogot, Kabupaten Paser, Kalimantan Timur 76211 ;6401040004;64;1;40;4;KALIMANTAN TIMUR;PASER;TANAH GROGOT;TANAH GROGOT;eyJpdiI6Imk1cTIzL1ZtdS9iZXYySTRpV2ZyWnc9PSIsInZhbHVlIjoidEUzM0pXUUFUQ2ZEdHVWS28vb3hFZz09IiwibWFjIjoiYzM3YzJmZGM4M2E0NzIxYzFiMzMzYzQwZjkzYjZjNTVmMGMyZGQ3OWVjYzMwYzI5NzY5NTkwZDk0M2IyMjY0OCIsInRhZyI6IiJ9;;[Kegiatan Usaha: Fasilitas Renang, Kategori: -, KBLI: -];;;21/09/2025;;Tambahan Daerah s.d 31 Desember 2025;-1.9027863;116.201189;valid;;;FALSE;FALSE;TRUE;;;invalid;;;;;;keo swimming gear;0;0;0;;;jl jend ahmad yani no 44a rt 16 rw 006 tanah grogot kec tanah grogot kabupaten paser kalimantan timur 76211;;0;keo swimming gear jl jend ahmad yani no 44a rt 16 rw 006 tanah grogot kec tanah grogot   76211 kbli00;1;0;1;0;Aktif;Jl Jend Ahmad Yani No44A RT16RW006 Tanah Grogot Kec Tanah Grogot   76211;16;6;;;TARIK 02 FEB - 12.00 WITA;6401040004_16_6;-1.90448;116.200946
5166;16960658;Pja mart;RT.024, Batu Kajang, Kec. Batu Sopang, Kabupaten Paser, Kalimantan Timur 76252 ;6401010011;64;1;10;11;KALIMANTAN TIMUR;PASER;BATU SOPANG;BATU KAJANG;eyJpdiI6IndiSkh1QVF3ZGtybEtFL25YQlN5OEE9PSIsInZhbHVlIjoiUkFrbkVjQmlReXBaMWNla0hpRU4ydz09IiwibWFjIjoiZDI0MDc2MWNmNmQzMzZlYjg5MTllZDQwMzAzYTYyMzJiYjg5MzVmNDMxMTFmZDA4MmFkYWJhMzdiZDgwNzBhMCIsInRhZyI6IiJ9;;[Kegiatan Usaha: Toko grosir, Kategori: -, KBLI: -];;;24/11/2025;;Tambahan Daerah s.d 31 Desember 2025;-1.8201792;115.9108638;valid;;;FALSE;FALSE;TRUE;;;invalid;;;;;;pja mart;0;0;0;;;rt 024 batu kajang kec batu sopang kabupaten paser kalimantan timur 76252;;0;pja mart rt 024 batu kajang kec batu sopang   76252 kbli00;1;0;1;0;Aktif;RT024 Batu Kajang Kec Batu Sopang   76252;24;0;;;TARIK 02 FEB - 12.00 WITA;6401010011_24_0;-1.82326;115.904484
5183;16961886;YUDI JAYA STEEL;Jln untung suropati/jone rt 02, Di Gg. Sahabat No.depan, Kec. Tanah Grogot, Kalimantan Timur ;6401040009;64;1;40;9;KALIMANTAN TIMUR;PASER;TANAH GROGOT;JONE;eyJpdiI6IlArSXZHamJEMXZua3ZnSTNzVHp4a3c9PSIsInZhbHVlIjoiMFJ6UWRQRXdnYVlxNHdONVNFSVBzUT09IiwibWFjIjoiMDZkMmJkNjg0NGJjOGQ1YzVhYzdiMTlkOThlNzJiMDM4ZTg5YTQxNWU1NWQ4NDQ3ZGJhYzYwMzlhODI5YjZlYiIsInRhZyI6IiJ9;;[Kegiatan Usaha: Bengkel Bubut, Kategori: -, KBLI: -];;;21/09/2025;;Tambahan Daerah s.d 31 Desember 2025;-1.8964883;116.2002721;valid;;;FALSE;FALSE;TRUE;;;invalid;;;;;;yudi jaya steel;0;0;0;;;jln untung suropati jone rt 02 di gg sahabat no depan kec tanah grogot kalimantan timur;;0;yudi jaya steel jln untung suropati jone rt 02 di gg sahabat no depan kec tanah grogot  kbli00;1;0;1;0;Aktif;Jln untung suropatijone rt 02 Di Gg Sahabat Nodepan Kec Tanah Grogot ;2;0;;;TARIK 02 FEB - 12.00 WITA;6401040009_2_0;-1.89666;116.199164
5207;16959590;Fazza Laundry;Jl. Rm. Noto Sunardi No.04, RT.02/RW.03, Tanah Grogot, Kec. Tanah Grogot, Kabupaten Paser, Kalimantan Timur 76251 ;6401040004;64;1;40;4;KALIMANTAN TIMUR;PASER;TANAH GROGOT;TANAH GROGOT;eyJpdiI6Ik9LYmk2cUc5Q2NpNnB0RlZKV04wRUE9PSIsInZhbHVlIjoieEgxSVRxQnBtUlpLdjVTTFo1dmpTdz09IiwibWFjIjoiMDg2YzkxOWJiYTlhOTVmNDk0YjIwNjRiM2VmNzMzY2NkYjcyOTU1MmFiOTEyYjU2M2MxOTE2ZjgyZGUyNzIzYSIsInRhZyI6IiJ9;;[Kegiatan Usaha: Layanan Binatu, Kategori: -, KBLI: -];;;21/09/2025;;Tambahan Daerah s.d 31 Desember 2025;-1.9131241;116.1910189;valid;;;FALSE;FALSE;TRUE;;;invalid;;;;;;fazza laundry;0;0;0;;;jl rm noto sunardi no 04 rt 02 rw 03 tanah grogot kec tanah grogot kabupaten paser kalimantan timur 76251;;0;fazza laundry jl rm noto sunardi no 04 rt 02 rw 03 tanah grogot kec tanah grogot   76251 kbli00;1;0;1;0;Aktif;Jl Rm Noto Sunardi No04 RT02RW03 Tanah Grogot Kec Tanah Grogot   76251;2;3;;;TARIK 02 FEB - 12.00 WITA;6401040004_2_3;-1.91045;116.191186
5264;16958797;Arrazzaq 99;Jl. Senaken Gg. Kedondong No.samping, RT.06/RW.no 056, desa senaken, Kec. Tanah Grogot, Kabupaten Paser, Kalimantan Timur 76251 ;6401040016;64;1;40;16;KALIMANTAN TIMUR;PASER;TANAH GROGOT;SENAKEN;eyJpdiI6Ik8yUlJiSzdUNDREOUswc2ltNVh5Tnc9PSIsInZhbHVlIjoiS0xITmhuMkxwS1owb1Y5Nm5XOVFNdz09IiwibWFjIjoiYTUwMWU0NzU5Y2QwZTQ5MGFhNGU2NzM3ZDAyYmIzMzU3ODEzMGNmOWQwODY5MzIwMGQwZmUyYzg5MjZmODFiMyIsInRhZyI6IiJ9;;[Kegiatan Usaha: Grosir, Kategori: -, KBLI: -];;;21/09/2025;;Tambahan Daerah s.d 31 Desember 2025;-1.9008332;116.2072304;valid;;;FALSE;FALSE;TRUE;;;invalid;;;;;;arrazzaq 99;0;0;0;;;jl senaken gg kedondong no samping rt 06 rw no 056 desa senaken kec tanah grogot kabupaten paser kalimantan timur 76251;;0;arrazzaq 99 jl senaken gg kedondong no samping rt 06 rw no 056 desa senaken kec tanah grogot   76251 kbli00;1;0;1;0;Aktif;Jl Senaken Gg Kedondong Nosamping RT06RWno 056 desa senaken Kec Tanah Grogot   76251;6;0;;;TARIK 02 FEB - 12.00 WITA;6401040016_6_0;-1.90146;116.206929
5286;16960733;Praktik Psikolog;Jl. DI. Panjaitan, RT.017/RW.004, Tapis, Kec. Tanah Grogot, Kabupaten Paser, Kalimantan Timur 76251 ;6401040004;64;1;40;4;KALIMANTAN TIMUR;PASER;TANAH GROGOT;TANAH GROGOT;eyJpdiI6Ii9OampsWWp5UnVTQzFxRFFaa3EvK0E9PSIsInZhbHVlIjoickJJb0ZmYTlUQXhkNXAxTEVENkI2QT09IiwibWFjIjoiOWYxZmJiZWVjZTFiMWQ5NWIxZjFhYzY4MmY2MjQzNWMzZDFmMDlmOTE0YjQ4ZTBjY2E4NjkzY2U1NzMxNjVmNSIsInRhZyI6IiJ9;;[Kegiatan Usaha: Psikolog, Kategori: -, KBLI: -];;;21/09/2025;;Tambahan Daerah s.d 31 Desember 2025;-1.8840132;116.1935557;valid;;;FALSE;FALSE;TRUE;;;invalid;;;;;;praktik psikolog;0;0;0;;;jl di panjaitan rt 017 rw 004 tapis kec tanah grogot kabupaten paser kalimantan timur 76251;;0;praktik psikolog jl di panjaitan rt 017 rw 004 tapis kec tanah grogot   76251 kbli00;1;0;1;0;Aktif;Jl DI Panjaitan RT017RW004 Tapis Kec Tanah Grogot   76251;17;4;;;TARIK 02 FEB - 12.00 WITA;6401040004_17_4;-1.8938;116.190345
5293;16959575;Fadilah Travel;Jl. Negara No.RT.020, Batu Kajang, Kec. Batu Sopang, Kabupaten Paser, Kalimantan Timur 76252 ;6401010011;64;1;10;11;KALIMANTAN TIMUR;PASER;BATU SOPANG;BATU KAJANG;eyJpdiI6InhkNW5waDVnZ0VSYzdMU3h0Q05MZFE9PSIsInZhbHVlIjoiczBPQTVFQW85NWh6YnlaU3MyWGQyUT09IiwibWFjIjoiZGUzMmNiOGZmMzQxODU4M2NmOTE1NjI3YTQ1Zjg1OTg2MWQxMTVjZjM3ZDAwZjkxMGY0OTdmNWU3YTViMjYxOSIsInRhZyI6IiJ9;;[Kegiatan Usaha: Biro Perjalanan dan Wisata, Kategori: -, KBLI: -];;;24/11/2025;;Tambahan Daerah s.d 31 Desember 2025;-1.8294223;115.9236408;valid;;;FALSE;FALSE;TRUE;;;invalid;;;;;;fadilah travel;0;0;0;;;jl negara no rt 020 batu kajang kec batu sopang kabupaten paser kalimantan timur 76252;;0;fadilah travel jl negara no rt 020 batu kajang kec batu sopang   76252 kbli00;1;0;1;0;Aktif;Jl Negara NoRT020 Batu Kajang Kec Batu Sopang   76252;20;0;;;TARIK 02 FEB - 12.00 WITA;6401010011_20_0;-1.82809;115.925137
5314;16958892;Bahuwirya Motor;5VJX+HW5, Jl. Negara, RT.029 Sembuting, Batu Kajang, Kec. Batu Sopang, Kabupaten Paser, Kalimantan Timur 76252 ;6401010011;64;1;10;11;KALIMANTAN TIMUR;PASER;BATU SOPANG;BATU KAJANG;eyJpdiI6IklPQndSdHJDeXFnQ1FWNW1oV0pxdVE9PSIsInZhbHVlIjoiSkx0SVY4WmZHZFo0WHdDRmwxNXZ2dz09IiwibWFjIjoiYTYxYWNkMzk1ODg5YzA1YjY3YWNmMTk4MGI1MmE5YmMxMWQ5ZTA0OTYzNTdjMjNkY2FhZTJhZWE4NTk4MTBlMCIsInRhZyI6IiJ9;;[Kegiatan Usaha: Bengkel Mobil, Kategori: -, KBLI: -];;;24/11/2025;;Tambahan Daerah s.d 31 Desember 2025;-1.8186034;115.8998577;valid;;;FALSE;FALSE;TRUE;;;invalid;;;;;;bahuwirya motor;0;0;0;;;5vjx hw5 jl negara rt 029 sembuting batu kajang kec batu sopang kabupaten paser kalimantan timur 76252;;0;bahuwirya motor 5vjx hw5 jl negara rt 029 sembuting batu kajang kec batu sopang   76252 kbli00;1;0;1;0;Aktif;5VJXHW5 Jl Negara RT029 Sembuting Batu Kajang Kec Batu Sopang   76252;29;0;;;TARIK 02 FEB - 12.00 WITA;6401010011_29_0;-1.81825;115.900757
5322;16959969;Jual daging beku;Jl. Rantau Panjang No.RT 005, Jone, Kec. Tanah Grogot, Kabupaten Paser, Kalimantan Timur 76211 ;6401040009;64;1;40;9;KALIMANTAN TIMUR;PASER;TANAH GROGOT;JONE;eyJpdiI6Ik5mbkNsSFNYU2U2WERndUFxYUVWU0E9PSIsInZhbHVlIjoiRUhoY2N3Sm1CZVo1VzNNRlNQYU5HQT09IiwibWFjIjoiNmUzNzg1ZmQ1MGZmNGNkZWY4ZTU4NzUxZjhhMzVlMmUzOGM5ZWQwZjMwNDZiOWYxN2E2NGY2Mzg5NjAzNmY5NCIsInRhZyI6IiJ9;;[Kegiatan Usaha: Toko Daging, Kategori: -, KBLI: -];;;21/09/2025;;Tambahan Daerah s.d 31 Desember 2025;-1.9064156;116.2354346;valid;;;FALSE;FALSE;TRUE;;;invalid;;;;;;jual daging beku;0;0;0;;;jl rantau panjang no rt 005 jone kec tanah grogot kabupaten paser kalimantan timur 76211;;0;jual daging beku jl rantau panjang no rt 005 jone kec tanah grogot   76211 kbli00;1;0;1;0;Aktif;Jl Rantau Panjang NoRT 005 Jone Kec Tanah Grogot   76211;5;0;;;TARIK 02 FEB - 12.00 WITA;6401040009_5_0;-1.8771;116.232505
5360;16961038;Rumah sewa 12;Jl. Rm. Noto Sunardi, RT.014/RW.005, Tanah Grogot, Kec. Tanah Grogot, Kabupaten Paser, Kalimantan Timur 76211 ;6401040004;64;1;40;4;KALIMANTAN TIMUR;PASER;TANAH GROGOT;TANAH GROGOT;eyJpdiI6IlpXaVhRZ09iOVB4NWwwOS9RQlBxaUE9PSIsInZhbHVlIjoiMk1TWFgxamNiSzNUV0tPNWljK0p4UT09IiwibWFjIjoiYTJlZDY4YzJmYzM2ZmIwOTUxYzc2YzQ0NWY3NGJiZjNkMTg5ZWFhOWVlNTMxMzI0ZjllN2VhODA0MDA2OTMxOSIsInRhZyI6IiJ9;;[Kegiatan Usaha: Developer Rumah Hunian Khusus, Kategori: -, KBLI: -];;;21/09/2025;;Tambahan Daerah s.d 31 Desember 2025;-1.9184303;116.1873957;valid;;;FALSE;FALSE;TRUE;;;invalid;;;;;;rumah sewa 12;0;0;0;;;jl rm noto sunardi rt 014 rw 005 tanah grogot kec tanah grogot kabupaten paser kalimantan timur 76211;;0;rumah sewa 12 jl rm noto sunardi rt 014 rw 005 tanah grogot kec tanah grogot   76211 kbli00;1;0;1;0;Aktif;Jl Rm Noto Sunardi RT014RW005 Tanah Grogot Kec Tanah Grogot   76211;14;5;;;TARIK 02 FEB - 12.00 WITA;6401040004_14_5;-1.91747;116.187697
5373;16959213;BPJS Kesehatan Kab. Paser;Jl. Cipto Mangunkusumo No.22, RT.03/RW.04, Tanah Grogot, Kec. Tanah Grogot, Kabupaten Paser, Kalimantan Timur 76251 ;6401040004;64;1;40;4;KALIMANTAN TIMUR;PASER;TANAH GROGOT;TANAH GROGOT;eyJpdiI6IkNZOXlENUFEMXZySEtQOEhYS1RKZ2c9PSIsInZhbHVlIjoiKytRSmp6akdXazBvYytjMkIyUThXQT09IiwibWFjIjoiMGJlNGFmNGUzNTcwODhmZWExYjc3OGNjYWUxYzViNDM5ZjJhM2M3NmZjYzA2ZDRmMmQ4Mzg1NWE5OWNiYTM2MyIsInRhZyI6IiJ9;;[Kegiatan Usaha: Perusahaan Asuransi, Kategori: -, KBLI: -];;;21/09/2025;;Tambahan Daerah s.d 31 Desember 2025;-1.9022717;116.1889194;valid;;;FALSE;FALSE;TRUE;;;invalid;;;;;;bpjs kesehatan kab paser;0;0;0;;;jl cipto mangunkusumo no 22 rt 03 rw 04 tanah grogot kec tanah grogot kabupaten paser kalimantan timur 76251;;0;bpjs kesehatan kab paser jl cipto mangunkusumo no 22 rt 03 rw 04 tanah grogot kec tanah grogot   76251 kbli00;1;0;1;0;Aktif;Jl Cipto Mangunkusumo No22 RT03RW04 Tanah Grogot Kec Tanah Grogot   76251;3;4;;;TARIK 02 FEB - 12.00 WITA;6401040004_3_4;-1.90171;116.189459
5380;16960898;ROBEAN MUSIK;Gg. Toba No.rt 31, Batu Kajang, Kec. Batu Sopang, Kabupaten Paser, Kalimantan Timur 76252 ;6401010011;64;1;10;11;KALIMANTAN TIMUR;PASER;BATU SOPANG;BATU KAJANG;eyJpdiI6Ik9TZldLVmRzZ05vOHRhUHllUmhRNWc9PSIsInZhbHVlIjoiejZxbkRVZnRSYm5WU1NDQkZJQkF0UT09IiwibWFjIjoiZjcwMGIzOTM2ZmVmMTAxMDAzYmViMjZhOTRkNmUzNjU1MjljY2JlYmNhZjgyZGQ0OWM0NTUxZWY2ODdmMTYyYiIsInRhZyI6IiJ9;;[Kegiatan Usaha: Jasa Rental Alat Musik, Kategori: -, KBLI: -];;;24/11/2025;;Tambahan Daerah s.d 31 Desember 2025;-1.8267298;115.9164413;valid;;;FALSE;FALSE;TRUE;;;invalid;;;;;;robean musik;0;0;0;;;gg toba no rt 31 batu kajang kec batu sopang kabupaten paser kalimantan timur 76252;;0;robean musik gg toba no rt 31 batu kajang kec batu sopang   76252 kbli00;1;0;1;0;Aktif;Gg Toba Nort 31 Batu Kajang Kec Batu Sopang   76252;31;0;;;TARIK 02 FEB - 12.00 WITA;6401010011_31_0;-1.84451;115.906561
5395;16959989;Kanassher;Jl. Anden Oko, Gg. Mukaddimah, RT.04/001, No.43, Kabupaten Paser, Tanah Grogot, Kec. Tanah Grogot, Tanah Grogot, Kalimantan Timur 76251 ;6401040004;64;1;40;4;KALIMANTAN TIMUR;PASER;TANAH GROGOT;TANAH GROGOT;eyJpdiI6IlNmNUZXUkN3VVBRTnM4QVlPTWZ6V1E9PSIsInZhbHVlIjoiU2Jnb25URXFaTTl6eHhrQlRzTlQ2QT09IiwibWFjIjoiMzcxM2E0NmNmYjMwZjdlYTZlNjY2NzY5MzBjMDg4MzkxNzMxNzViNDViYTc0MmM3ZjQzNDY3OTVjYzFkY2FkYyIsInRhZyI6IiJ9;;[Kegiatan Usaha: Kantor Perusahaan, Kategori: -, KBLI: -];;;21/09/2025;;Tambahan Daerah s.d 31 Desember 2025;-1.9052884;116.2028901;valid;;;FALSE;FALSE;TRUE;;;invalid;;;;;;kanassher;0;0;0;;;jl anden oko gg mukaddimah rt 04 001 no 43 kabupaten paser tanah grogot kec tanah grogot tanah grogot kalimantan timur 76251;;0;kanassher jl anden oko gg mukaddimah rt 04 001 no 43  tanah grogot kec tanah grogot tanah grogot  76251 kbli00;1;0;1;0;Aktif;Jl Anden Oko Gg Mukaddimah RT04001 No43  Tanah Grogot Kec Tanah Grogot Tanah Grogot  76251;4;1;;;TARIK 02 FEB - 12.00 WITA;6401040004_4_1;-1.91111;116.200027
5404;16958751;Apotek - Ayudia Farma;Batu Kajang RT.021;6401010011;64;1;10;11;KALIMANTAN TIMUR;PASER;BATU SOPANG;BATU KAJANG;eyJpdiI6IlFMeEZ4cVVXU3E5S0xTeVJYd2M0UXc9PSIsInZhbHVlIjoiZ2xZSUlQT1NYaXI2M1g0VFcwZ0ZSUT09IiwibWFjIjoiNDhmNzQ3ZGRkMzE3N2VhMmQzNmFkOWQ2MGY4MzcwNGI3NWFiYTAxYzQ1YWYyZGUyY2Y0MjIyYTE5ZGExMDIzZSIsInRhZyI6IiJ9;;[Kegiatan Usaha: Apotek, Kategori: G, KBLI: 47721];;;24/11/2025;;Tambahan Daerah s.d 31 Desember 2025;-1.8286629;115.9224083;valid;;;FALSE;FALSE;TRUE;;;invalid;;;;;;apotek ayudia farma;0;0;0;;;batu kajang rt 021;;47;apotek ayudia farma batu kajang rt 021 kbli47;1;0;1;0;Aktif;Batu Kajang RT021;21;0;;;TARIK 02 FEB - 12.00 WITA;6401010011_21_0;-1.82798;115.920863
5437;16961513;TOKO Ferdicell Servis Hp;Desa simpang pait. jln psr minggu lama RT.02 Simpang pait Simpang, Pait, Kec. Long Ikis, Kabupaten Paser, Kalimantan Timur 76282;6401060004;64;1;60;4;KALIMANTAN TIMUR;PASER;LONG IKIS;PAIT;eyJpdiI6ImxBVTJtVktYYWNUVmdBekdwem1mbUE9PSIsInZhbHVlIjoiS1QwRjUvak81OUJ6RGVRSkJzOTY3Zz09IiwibWFjIjoiYjZlYTMzMzBlNDVkNTA1NTczOGE2MGVkOWUzNjYyNDlhNmVmNDkyM2VlMTA2MWFlNjhhNWY1Mzg4YWJjNzNmZCIsInRhZyI6IiJ9;;[Kegiatan Usaha: Toko Perbaikan Ponsel, Kategori: -, KBLI: -];;;26/10/2025;;Tambahan Daerah s.d 31 Desember 2025;-1.6010357;116.1687735;valid;;;FALSE;FALSE;TRUE;;;invalid;;;;;;ferdicell servis hp;0;0;0;;;desa simpang pait jln psr minggu lama rt 02 simpang pait simpang pait kec long ikis kabupaten paser kalimantan timur 76282;;0;ferdicell servis hp desa simpang pait jln psr minggu lama rt 02 simpang pait simpang pait kec long ikis   76282 kbli00;1;0;1;0;Aktif;Desa simpang pait jln psr minggu lama RT02 Simpang pait Simpang Pait Kec Long Ikis   76282;2;0;;1;TARIK 02 FEB - 12.00 WITA;6401060004_2_0;-1.60047;116.169118
5440;16958675;Akupunktur Holistic Care Paser;Jl. Senaken No.90, RT.006, Jone, Kec. Tanah Grogot, Kabupaten Paser, Kalimantan Timur 76251 ;6401040016;64;1;40;16;KALIMANTAN TIMUR;PASER;TANAH GROGOT;SENAKEN;eyJpdiI6Imt1Qy85MjFSQzRQNHY0Ull5K24wUXc9PSIsInZhbHVlIjoiVVVXUE45UUdSVHdHOWpqaS81NmpwUT09IiwibWFjIjoiOGU3YzE5NmE1N2EzMzBjYWNkYWVjYmM1NmIxMmU1ZDFkM2Q3MzdmNGM4Yzg0Zjk2MGUwYWQwNmRhMjQ3MzM3OSIsInRhZyI6IiJ9;;[Kegiatan Usaha: Terapis Fisik, Kategori: -, KBLI: -];;;21/09/2025;;Tambahan Daerah s.d 31 Desember 2025;-1.9002578;116.2070442;valid;;;FALSE;FALSE;TRUE;;;invalid;;;;;;akupunktur holistic care paser;0;0;0;;;jl senaken no 90 rt 006 jone kec tanah grogot kabupaten paser kalimantan timur 76251;;0;akupunktur holistic care paser jl senaken no 90 rt 006 jone kec tanah grogot   76251 kbli00;1;0;1;0;Aktif;Jl Senaken No90 RT006 Jone Kec Tanah Grogot   76251;6;0;;;TARIK 02 FEB - 12.00 WITA;6401040016_6_0;-1.90146;116.206929
5447;16961000;Rumah mas eko bu kanre;Jl. Karya bakti gang nyepan No.rt 12, Kuaro, Kec. Kuaro, Kabupaten Paser, Kalimantan Timur 76281;6401050002;64;1;50;2;KALIMANTAN TIMUR;PASER;KUARO;KUARO;eyJpdiI6IjVZeUNLSStmTC81citXMStmQ1RCdHc9PSIsInZhbHVlIjoiWFhtUzZvY0tDSjdIK1RZdVhwYVY1Zz09IiwibWFjIjoiZjc1MmVlOGUwZDFmZmM5NTAzOGY1NGY3ODM2YWY4YjdkZDVjMjQzMDcxMDIwZGFlMDk0NDIxNjFjOWVmMzY3MCIsInRhZyI6IiJ9;;[Kegiatan Usaha: Rumah wisata, Kategori: -, KBLI: -];;;26/10/2025;;Tambahan Daerah s.d 31 Desember 2025;-1.833337;116.0737485;valid;;;FALSE;FALSE;TRUE;;;invalid;;;;;;rumah mas eko bu kanre;0;0;0;;;jl karya bakti gang nyepan no rt 12 kuaro kec kuaro kabupaten paser kalimantan timur 76281;;0;rumah mas eko bu kanre jl karya bakti gang nyepan no rt 12 kuaro kec kuaro   76281 kbli00;1;0;1;0;Aktif;Jl Karya bakti gang nyepan Nort 12 Kuaro Kec Kuaro   76281;12;0;;;TARIK 02 FEB - 12.00 WITA;6401050002_12_0;-1.83835;116.07923
5450;16958682;Alaz Cafe;Jl. Jend A. Yani No.46, RT.016/RW.006, Tanah Grogot, Kec. Tanah Grogot, Kabupaten Paser, Kalimantan Timur 76251 ;6401040004;64;1;40;4;KALIMANTAN TIMUR;PASER;TANAH GROGOT;TANAH GROGOT;eyJpdiI6IlhaMGVCNVQ5STUvcEo2N2d0cXllU1E9PSIsInZhbHVlIjoiYXR6cnZHMTFYTyt1dTBGYzc1VGJ6Zz09IiwibWFjIjoiMDlkZTliMDE3YzBmZmMxODgzMDBiYTBjMTAzOTQ5YWQ5YjE2MjViYzE5Y2E1MmE1Njg1YTAyY2I4MGEyOGYxMCIsInRhZyI6IiJ9;;[Kegiatan Usaha: Kafe, Kategori: -, KBLI: -];;;21/09/2025;;Tambahan Daerah s.d 31 Desember 2025;-1.9026366;116.2014472;valid;;;FALSE;FALSE;TRUE;;;invalid;;;;;;alaz cafe;0;0;0;;;jl jend a yani no 46 rt 016 rw 006 tanah grogot kec tanah grogot kabupaten paser kalimantan timur 76251;;0;alaz cafe jl jend a yani no 46 rt 016 rw 006 tanah grogot kec tanah grogot   76251 kbli00;1;0;1;0;Aktif;Jl Jend A Yani No46 RT016RW006 Tanah Grogot Kec Tanah Grogot   76251;16;6;;;TARIK 02 FEB - 12.00 WITA;6401040004_16_6;-1.90448;116.200946
5465;16961374;Tepian Batang;Alamat tidak ditemukan;6401040003;64;1;40;3;KALIMANTAN TIMUR;PASER;TANAH GROGOT;TEPIAN BATANG;eyJpdiI6IlhtT0JMUGtYb2hTL1hHUHVESlUxMUE9PSIsInZhbHVlIjoiRmhQblNpTU1IUkwvOGppZFoyZStMQT09IiwibWFjIjoiNjA0ODA2ZWFlOTNjZDExNGYwZTYwNWFjMjM4MGU4NjIxZWE3MGFlOTBjODkxZGQxN2ZkNDUwYjQ5OTE0OGY3ZCIsInRhZyI6IiJ9;;[Kegiatan Usaha: Kategori tidak ditemukan, Kategori: -, KBLI: -];;;26/10/2025;;Tambahan Daerah s.d 31 Desember 2025;-1.9004431;116.1703541;valid;;;FALSE;FALSE;TRUE;;;invalid;;;;;;tepian batang;0;0;0;;;alamat tidak ditemukan;;0;tepian batang alamat tidak ditemukan kbli00;99;0;1;0;Tidak Ditemukan;Alamat tidak ditemukan;0;0;;;TARIK 02 FEB - 12.00 WITA;6401040003_0_0;;
5467;16959401;Depo Air Minum Zahid Water;Ds. Senaken RT. 09;6401040016;64;1;40;16;KALIMANTAN TIMUR;PASER;TANAH GROGOT;SENAKEN;eyJpdiI6Im9OYjlWSGorWmp4MzZWNGkySHpoREE9PSIsInZhbHVlIjoiQ3p2UHh0UXVrK1J3TWo4bEV1R1hiQT09IiwibWFjIjoiOTVlZDE5YzY1YmJlYTFhNThjYTZhYjFlNzE1ZDY1OWViMDQ2ZTdkODc5ZDg3YWRhNzlhYWVlNTk2YjlmODJlNCIsInRhZyI6IiJ9;;[Kegiatan Usaha: depo air isi ulang, Kategori: C, KBLI: 11052];;;26/10/2025;;Tambahan Daerah s.d 31 Desember 2025;-1.9020727;116.2040991;valid;;;FALSE;FALSE;TRUE;;;invalid;;;;;;depo air minum zahid water;0;0;0;;;ds senaken rt 09;;11;depo air minum zahid water ds senaken rt 09 kbli11;1;0;1;0;Aktif;Ds Senaken RT 09;9;0;;;TARIK 02 FEB - 12.00 WITA;6401040016_9_0;-1.90049;116.204483
5753;16959825;Home Rawan Kuaro;53JQ+F5V, Kuaro, Kec. Kuaro, Kabupaten Paser, Kalimantan Timur 76281;6401050002;64;1;50;2;KALIMANTAN TIMUR;PASER;KUARO;KUARO;eyJpdiI6IjhaLzk1ZHhMRXVkOWJobHhvTWl1cUE9PSIsInZhbHVlIjoidUZIK21uRVFXWlkxS21ldTlBWGQ5QT09IiwibWFjIjoiMDZiYTkyMGMyNGU5ZDgyOTg2YWUxYWJiYzE2NzE0ZTM3MmY3ZTc3YzBmZTYyZWI5YzUzM2VjNGYxNjgwYzljYSIsInRhZyI6IiJ9;;[Kegiatan Usaha: Gedung Apartemen, Kategori: -, KBLI: -];;;26/10/2025;;Tambahan Daerah s.d 31 Desember 2025;-1.8187542;116.0879263;valid;;;FALSE;FALSE;TRUE;;;invalid;;;;;;home rawan kuaro;0;0;0;;;53jq f5v kuaro kec kuaro kabupaten paser kalimantan timur 76281;;0;home rawan kuaro 53jq f5v kuaro kec kuaro   76281 kbli00;3;0;1;0;Tutup;53JQF5V Kuaro Kec Kuaro   76281;0;0;;;TARIK 02 FEB - 12.00 WITA;6401050002_0_0;;
5876;16960226;Lapangan Prajurit;36R2+87C, Jl. R. Suprapto, Tanah Grogot, Kec. Tanah Grogot, Kabupaten Paser, Kalimantan Timur 76251;6401040004;64;1;40;4;KALIMANTAN TIMUR;PASER;TANAH GROGOT;TANAH GROGOT;eyJpdiI6IjM5amFrYWVyMmF2M2xRZ051VXNUbnc9PSIsInZhbHVlIjoiVUlSTFhUbEpJSGxDalB3SW5uTzRrQT09IiwibWFjIjoiNWVmZjlkODhiZDI3OWMxYzZjOTc5MmNlODk1Y2VkZTZlYWRlMjg5N2U3NTI4ZjExOTZjOTY2OGUyZjQ0MDM1MiIsInRhZyI6IiJ9;;[Kegiatan Usaha: Lapangan Football, Kategori: -, KBLI: -];;;29/11/2025;;Tambahan Daerah s.d 31 Desember 2025;-1.909186;116.2006424;valid;;;FALSE;FALSE;TRUE;;;invalid;;;;;;lapangan prajurit;0;0;0;;;36r2 87c jl r suprapto tanah grogot kec tanah grogot kabupaten paser kalimantan timur 76251;;0;lapangan prajurit 36r2 87c jl r suprapto tanah grogot kec tanah grogot   76251 kbli00;99;0;1;0;Tidak Ditemukan;36R287C Jl R Suprapto Tanah Grogot Kec Tanah Grogot   76251;0;0;;;TARIK 02 FEB - 12.00 WITA;6401040004_0_0;;
6147;16961245;Spot Foto Klempang Sari;Kuaro, Kec. Kuaro, Kabupaten Paser, Kalimantan Timur;6401050002;64;1;50;2;KALIMANTAN TIMUR;PASER;KUARO;KUARO;eyJpdiI6Ikk3eUhZOEg1NnVuMy9QNFg4Nk5MK2c9PSIsInZhbHVlIjoiUGFJSFZrU2xkdDdYVmhzWUs5MDJGdz09IiwibWFjIjoiNjZjYzhmYTA3MmVlNzBiMDA2ZWM4NmE3YzRkZWIzYjFmMTk1MDM0OTI1ZmIyN2VlMjVkMmY5MGQ3OGM0YzYxYyIsInRhZyI6IiJ9;;[Kegiatan Usaha: Tujuan Wisata, Kategori: -, KBLI: -];;;29/11/2025;;Tambahan Daerah s.d 31 Desember 2025;-1.8221901;116.0841009;valid;;;FALSE;FALSE;TRUE;;;invalid;;;;;;spot foto klempang sari;0;0;0;;;kuaro kec kuaro kabupaten paser kalimantan timur;;0;spot foto klempang sari kuaro kec kuaro   kbli00;99;0;1;0;Tidak Ditemukan;Kuaro Kec Kuaro  ;0;0;;;TARIK 02 FEB - 12.00 WITA;6401050002_0_0;;
6203;16960521;Pait;Alamat tidak ditemukan;6401060004;64;1;60;4;KALIMANTAN TIMUR;PASER;LONG IKIS;PAIT;eyJpdiI6IkJaWTlWcGtjZGlOUWlmcWMxSGpLWHc9PSIsInZhbHVlIjoiSytRY29ic2NQdUFDeFYvV1pVUFk2UT09IiwibWFjIjoiNzA3NGY0M2Q2YTJlMzA5NDAxYTA1MTgyYTljN2RkODJhNGU0MzY1YTQwNTJkMjFiZGRjYjczNDYzNDkzNjUzMSIsInRhZyI6IiJ9;;[Kegiatan Usaha: Kategori tidak ditemukan, Kategori: -, KBLI: -];;;26/10/2025;;Tambahan Daerah s.d 31 Desember 2025;-1.5909265;116.1753664;valid;;;FALSE;FALSE;TRUE;;;invalid;;;;;;pait;0;0;0;;;alamat tidak ditemukan;;0;pait alamat tidak ditemukan kbli00;99;0;1;0;Tidak Ditemukan;Alamat tidak ditemukan;0;0;;;TARIK 02 FEB - 12.00 WITA;6401060004_0_0;;
6473;16958893;BaitiJannati;KM13.2 Jln Putra, No92A, Kg Simpang 4, Kuaro;6401050002;64;1;50;2;KALIMANTAN TIMUR;PASER;KUARO;KUARO;eyJpdiI6InpZR0dodkVIZ2dsRm1zMTVtMUplblE9PSIsInZhbHVlIjoieGNtK255WStYT2sxU1I1ZXMrTVpJdz09IiwibWFjIjoiYzdjOWEwOGJjZjM5ZTViNDIzZjQ5ZDcxMzYwM2RhYzljN2E5YzlmNWQzYzRmNGI5ZDg2ZjI2ZjRjZDc3N2M1YSIsInRhZyI6IiJ9;;[Kegiatan Usaha: Perhimpunan Pengembang Perumahan, Kategori: -, KBLI: -];;;26/10/2025;;Tambahan Daerah s.d 31 Desember 2025;-1.8221901;116.0841009;valid;;;FALSE;FALSE;TRUE;;;invalid;;;;;;baitijannati;0;0;0;;;km13 2 jln putra no92a kg simpang 4 kuaro;;0;baitijannati km13 2 jln putra no92a kg simpang 4 kuaro kbli00;3;0;1;0;Tutup;KM132 Jln Putra No92A Kg Simpang 4 Kuaro;0;0;;;TARIK 02 FEB - 12.00 WITA;6401050002_0_0;;
6476;16959649;Gedung Awa Ruku Desa Pait;95XF+J3W, Lombok, Kec. Long Ikis, Kabupaten Paser, Kalimantan Timur 76282;6401060004;64;1;60;4;KALIMANTAN TIMUR;PASER;LONG IKIS;PAIT;eyJpdiI6Ill1MWlnRzdNVEtNZGdYS25PaERkeGc9PSIsInZhbHVlIjoicjFtSTNZOWxhRE53Z0NRcVFRWFJodz09IiwibWFjIjoiYzUzNWIxNTVmMTliNGEzMDAxYjI2Y2VjNWQzOWE5OGNlZjAzZWY2MjJlOWQzZTIzMmY1OWMzNDQwNzQyNjRjMyIsInRhZyI6IiJ9;;[Kegiatan Usaha: Gedung Pertemuan, Kategori: -, KBLI: -];;;26/10/2025;;Tambahan Daerah s.d 31 Desember 2025;-1.6008934;116.1727013;valid;;;FALSE;FALSE;TRUE;;;invalid;;;;;;gedung awa ruku desa pait;0;0;0;;;95xf j3w lombok kec long ikis kabupaten paser kalimantan timur 76282;;0;gedung awa ruku desa pait 95xf j3w lombok kec long ikis   76282 kbli00;99;0;1;0;Tidak Ditemukan;95XFJ3W Lombok Kec Long Ikis   76282;0;0;;;TARIK 02 FEB - 12.00 WITA;6401060004_0_0;;
6521;16961014;Rumah nya adam;F8JC+F85, Long Kali, Kec. Long Kali, Kabupaten Paser, Kalimantan Timur;6401080006;64;1;80;6;KALIMANTAN TIMUR;PASER;LONG KALI;LONG KALI;eyJpdiI6Ikt1ZVk3MCtCYlhHTFBiTndSRFhwZFE9PSIsInZhbHVlIjoibXNHT3BvemF0aVdROHc0a1hlYXN4Zz09IiwibWFjIjoiM2FkZTVhZDhkZTIwODQyN2VhYzU5MjEzZDc0ZjJhMGMxYzVhZGUyNDM0MTE1ZDM3ODEyYTc2MjFjZjhlOTMxZiIsInRhZyI6IiJ9;;[Kegiatan Usaha: Gedung Apartemen, Kategori: -, KBLI: -];;;26/10/2025;;Tambahan Daerah s.d 31 Desember 2025;-1.5188586;116.320857;valid;;;FALSE;FALSE;TRUE;;;invalid;;;;;;rumah nya adam;0;0;0;;;f8jc f85 long kali kec long kali kabupaten paser kalimantan timur;;0;rumah nya adam f8jc f85 long kali kec long kali   kbli00;99;0;1;0;Tidak Ditemukan;F8JCF85 Long Kali Kec Long Kali  ;0;0;;;TARIK 02 FEB - 12.00 WITA;6401080006_0_0;;
6571;16960270;Long Kali;Alamat tidak ditemukan;6401080006;64;1;80;6;KALIMANTAN TIMUR;PASER;LONG KALI;LONG KALI;eyJpdiI6IjZpNlB6MWRNTEYzQlYwZTNTYk0wZHc9PSIsInZhbHVlIjoialFXNWpRcEIwY0ZHcXkwZ0JRemp4UT09IiwibWFjIjoiMGRlOTEyN2EzYTJhMWYyMGJmZGFiODgyNTk5ODQxMDUxNjI4ZDNjY2E2OTkzNWIwMWEwMjZlYzI0YmRiMWVlMCIsInRhZyI6IiJ9;;[Kegiatan Usaha: Kategori tidak ditemukan, Kategori: -, KBLI: -];;;26/10/2025;;Tambahan Daerah s.d 31 Desember 2025;-1.534136;116.3237104;valid;;;FALSE;FALSE;TRUE;;;invalid;;;;;;long kali;0;0;0;;;alamat tidak ditemukan;;0;long kali alamat tidak ditemukan kbli00;99;0;1;0;Tidak Ditemukan;Alamat tidak ditemukan;0;0;;;TARIK 02 FEB - 12.00 WITA;6401080006_0_0;;
6749;26213527;BESSE RAODA TULJANA;JL RANTAU PANJANG RT 5;6401040016;64;1;40;16;KALIMANTAN TIMUR;PASER;TANAH GROGOT;SENAKEN;eyJpdiI6IkJ5d1p2cWM0dm1NQ3VJc1RjRi8zYWc9PSIsInZhbHVlIjoicy9VWU5DS21BTEtPRGJ5d2J2QkFIQT09IiwibWFjIjoiZmEzMWE2MTc0NDg2ZTU3YmZkMDAxZGU1MjUyMGUwMzU5MGE3YmNjZTVhNmFhMWI2OTUyZTBkYjAwMmFlNjI2NyIsInRhZyI6IiJ9;;"[Kegiatan Usaha: -, Kategori: -, KBLI: 47112]; [Kegiatan Usaha: -, Kategori: -, KBLI: 64190]; [Kegia...";;;24/11/2025;;OSS - Perorangan;;;invalid;;;FALSE;FALSE;TRUE;;;invalid;;;;;;besse raoda tuljana;0;0;0;;;jl rantau panjang rt 5;;47;besse raoda tuljana jl rantau panjang rt 5 kbli47;1;0;1;0;Aktif;JL RANTAU PANJANG RT 5;5;0;;;TARIK 02 FEB - 12.00 WITA;6401040016_5_0;-1.9026;116.214658
6763;32117899;FEBRI SUPRIHARDIANTO;Jl. Jend. Sudirman Gg. Ikhlas RT. 003 RW. 003;6401040004;64;1;40;4;KALIMANTAN TIMUR;PASER;TANAH GROGOT;TANAH GROGOT;eyJpdiI6IjZ2V2tMVEYwazd3U1R4bnVKb0hwemc9PSIsInZhbHVlIjoiSFQ3SWtIWWdHSjhROUhvYWhlRmE3UT09IiwibWFjIjoiYjViMGE4MDAzOTE1YzJhNmI5ZWQ4YTNjYTY2OTAyNDBiYmJmYzM2ZTZkOGYyMzMyM2JjOGFhOTBiZTdlZTJjOSIsInRhZyI6IiJ9;;"[Kegiatan Usaha: -, Kategori: -, KBLI: 96990]; [Kegiatan Usaha: -, Kategori: -, KBLI: 69201]; [Kegia...";;;24/11/2025;;OSS - Perorangan;;;invalid;;;FALSE;FALSE;TRUE;;;invalid;;;;;;febri suprihardianto;0;0;0;;;jl jend sudirman gg ikhlas rt 003 rw 003;;96;febri suprihardianto jl jend sudirman gg ikhlas rt 003 rw 003 kbli96;1;0;1;0;Aktif;Jl Jend Sudirman Gg Ikhlas RT 003 RW 003;3;3;;;TARIK 02 FEB - 12.00 WITA;6401040004_3_3;-1.90683;116.188644
6764;30104554;NURHAYATI;Jl. Senaken Rt 11;6401040016;64;1;40;16;KALIMANTAN TIMUR;PASER;TANAH GROGOT;SENAKEN;eyJpdiI6IlU5Vk9yZHJUSDFVMXJWT3lVdkFRTlE9PSIsInZhbHVlIjoidFE5Y1Q5bStkd1hOeHpOZVVXSUdzdz09IiwibWFjIjoiNGY1OWI5ODQ0ZDkyZDg2NWMyNGQ2ZDYwYWZlNDEyMDM5NDk1ZDA5NDExYzI5YTlmMDU1YTgwMWU2NWYzMGNjNyIsInRhZyI6IiJ9;;[Kegiatan Usaha: -, Kategori: -, KBLI: 10799];;;15/12/2025;;OSS - Perorangan;;;invalid;;;FALSE;FALSE;TRUE;;;invalid;;;;;;nurhayati;0;0;0;;;jl senaken rt 11;;10;nurhayati jl senaken rt 11 kbli10;1;0;1;0;Aktif;Jl Senaken Rt 11;11;0;;;TARIK 02 FEB - 12.00 WITA;6401040016_11_0;-1.89636;116.208463
6775;31486213;FIKRAM;RT.010;6401080006;64;1;80;6;KALIMANTAN TIMUR;PASER;LONG KALI;LONG KALI;eyJpdiI6ImlSNDkrUlJ5ZkVyUUR4YVIxVjZpdUE9PSIsInZhbHVlIjoiTUhCT25ENHNpVkJUSlZqQVBDVHZvZz09IiwibWFjIjoiZmJjMjE0YThlYWE0NGIxYzk4MmNmNWMxMWZjZTIyZGYwOGU1MmY1NzA1NTFlNjExOTdmM2RjOWZiNDAzMjQ0NSIsInRhZyI6IiJ9;;"[Kegiatan Usaha: -, Kategori: -, KBLI: 01291]; [Kegiatan Usaha: Perkebunan Karet Dan Tanaman Penghas...";;;24/11/2025;;OSS - Perorangan;;;invalid;;;FALSE;FALSE;TRUE;;;invalid;;;;-1.544391176;116.3442566;fikram;0;0;0;;;rt 010;;1;fikram rt 010 kbli01;1;0;1;0;Aktif;RT010;10;0;;;TARIK 02 FEB - 12.00 WITA;6401080006_10_0;-1.53162;116.348563
6776;28092157;NOVITA;JALAN JENDRAL SUDIRMAN RT. 013;6401050002;64;1;50;2;KALIMANTAN TIMUR;PASER;KUARO;KUARO;eyJpdiI6InJra3Y2c2xCUTdyL3M0MlY5MnJPNFE9PSIsInZhbHVlIjoiWENTaGJzeVRkWk5VeXY5S0RDNTY2Zz09IiwibWFjIjoiMjk2MmE1MjQ0Y2RlYWUzMGM4NjU1MGQ2YWQ1YjQ3MGNjNDUzM2ZjYjFjNzUzMTJkYjc0NDIxOWMxMjdlYTY2NSIsInRhZyI6IiJ9;;"[Kegiatan Usaha: -, Kategori: -, KBLI: 47242]; [Kegiatan Usaha: Perdagangan Eceran Roti, Kue Kering,...";;;24/11/2025;;OSS - Perorangan;;;invalid;;;FALSE;FALSE;TRUE;;;invalid;;;;-1.8275499;116.0820592;novita;0;0;0;;;jalan jendral sudirman rt 013;;47;novita jalan jendral sudirman rt 013 kbli47;1;0;1;0;Aktif;JALAN JENDRAL SUDIRMAN RT 013;13;0;;;TARIK 02 FEB - 12.00 WITA;6401050002_13_0;-1.82635;116.082162
6779;31331015;AANG CHUNAIFI;Gg. Lbk RT 008 RW 000;6401040016;64;1;40;16;KALIMANTAN TIMUR;PASER;TANAH GROGOT;SENAKEN;eyJpdiI6IjFCZlRZYWFMeEVJdzNXN0JSR0RkOGc9PSIsInZhbHVlIjoiTGR1SkV3MEd2RVdiVDlpaGRwMnBRZz09IiwibWFjIjoiNWIyMmVjMDI0NGExYTMyOGZkMThjNGM5NjY5MGU5MjE5NzI3ZDYwNTRmMTFkNTc0NTE2ZjQzYTk1YzYzM2ZmOSIsInRhZyI6IiJ9;;"[Kegiatan Usaha: -, Kategori: -, KBLI: 10740]; [Kegiatan Usaha: -, Kategori: -, KBLI: 47112]; [Kegia...";;;24/11/2025;;OSS - Perorangan;;;invalid;;;FALSE;FALSE;TRUE;;;invalid;;;;;;aang chunaifi;0;0;0;;;gg lbk rt 008 rw 000;;10;aang chunaifi gg lbk rt 008 rw 000 kbli10;1;0;1;0;Aktif;Gg Lbk RT 008 RW 000;8;0;;;TARIK 02 FEB - 12.00 WITA;6401040016_8_0;-1.90095;116.208742
6780;30104682;LENA;Jl Hos Cokroaminoto Gg Delima Rt 05 Rw 02;6401040004;64;1;40;4;KALIMANTAN TIMUR;PASER;TANAH GROGOT;TANAH GROGOT;eyJpdiI6Ik93MEFMNjd3TUNUbnRZVldtRWJwaUE9PSIsInZhbHVlIjoiMGozcGhHQXlIQ0pzZHNaSnRrWXk0Zz09IiwibWFjIjoiMGYyNjJlMTU2MGEzZDBjZDc1ZmMxZTRhZjA3NzhhNTEwYzU1MzIwZmViNzhkODM3Y2M4N2JiMWFhMDc0YjRiZSIsInRhZyI6IiJ9;;"[Kegiatan Usaha: Industri Minuman Ringan, Kategori: , KBLI: 11040]; [Kegiatan Usaha: -, Kategori: -,...";;;24/11/2025;;OSS - Perorangan;;;invalid;;;FALSE;FALSE;TRUE;;;invalid;;;;;;lena;0;0;0;;;jl hos cokroaminoto gg delima rt 05 rw 02;;11;lena jl hos cokroaminoto gg delima rt 05 rw 02 kbli11;1;0;1;0;Aktif;Jl Hos Cokroaminoto Gg Delima Rt 05 Rw 02;5;2;;;TARIK 02 FEB - 12.00 WITA;6401040004_5_2;-1.91515;116.194355
6796;28715393;JAINUDDIN;""" JAY MITRA TERNAK PASER ""  Jl. Untung Suropati RT. 001";6401040009;64;1;40;9;KALIMANTAN TIMUR;PASER;TANAH GROGOT;JONE;eyJpdiI6IjlqNWRQTjMyR3VmeVRkQUR5eS9kbUE9PSIsInZhbHVlIjoiRW9hYnFnMkJJRTAxRS9qM2IzTWRLZz09IiwibWFjIjoiNzUwMmMzYzFkY2Y0ZTNjNjdjMjU1NTJjZmVhN2Q2NTExMzVhZDEwNDE3ZTUxMmZhMDg3OWI2MTUwZTNhYWE3MiIsInRhZyI6IiJ9;;"[Kegiatan Usaha: -, Kategori: -, KBLI: 02209]; [Kegiatan Usaha: Usaha Kehutanan Lainnya, Kategori: ,...";;;24/11/2025;;OSS - Perorangan;;;invalid;;;FALSE;FALSE;TRUE;;;invalid;;;;;;jainuddin;0;0;0;;;jay mitra ternak paser jl untung suropati rt 001;;2;jainuddin jay mitra ternak paser jl untung suropati rt 001 kbli02;1;0;1;0;Aktif;JAY MITRA TERNAK PASER Jl Untung Suropati RT 001;1;0;;;TARIK 02 FEB - 12.00 WITA;6401040009_1_0;-1.88218;116.206753
6805;32263151;HUSNUL PAUZIAH ;RT.014. Kelurahan Long Kali;6401080006;64;1;80;6;KALIMANTAN TIMUR;PASER;LONG KALI;LONG KALI;eyJpdiI6IlpyeEU3YlltaFZqc3haYVhidU41TEE9PSIsInZhbHVlIjoiV0dzUERuYXZEd29BMTJ4S0lyZE1wZz09IiwibWFjIjoiZTU2OTQyYzIxODcyMDc3MTliMTY1OTQ1YzhmYTlmZWMyYmE0OTQxYTExOTFhMjYwYjNiYzllNjZjYTFhOTFjMCIsInRhZyI6IiJ9;;"[Kegiatan Usaha: -, Kategori: -, KBLI: 47879]; [Kegiatan Usaha: Perdagangan Eceran Kaki Lima Dan Los...";;;24/11/2025;;OSS - Perorangan;;;invalid;;;FALSE;FALSE;TRUE;;;invalid;;;;-1.520205297;116.324587;husnul pauziah;0;0;0;;;rt 014 kelurahan long kali;;47;husnul pauziah rt 014 kelurahan long kali kbli47;1;0;1;0;Aktif;RT014 Kelurahan Long Kali;14;0;;;TARIK 02 FEB - 12.00 WITA;6401080006_14_0;-1.50549;116.329552
6806;17093912;MEGA RIZKI TAMA, CV;Jl. Kusuma Bangsa Gg. Seratai RT. 02 no. 93A;6401040003;64;1;40;3;KALIMANTAN TIMUR;PASER;TANAH GROGOT;TEPIAN BATANG;eyJpdiI6InhDR2xwdTdwQTRNM2xOKzlPUWU3Y1E9PSIsInZhbHVlIjoieXlZMHhBQklEMDNmK1M3amYzdEZpQT09IiwibWFjIjoiZmZkNDFmMDVjOGRmNzBmODA5ZWE2ZTc0NTk5MGNkODIyMTdmNDUwYWIwMmE4OTYzNjc5MDU1NzgwOGU3ZTFkOSIsInRhZyI6IiJ9;;"[Kegiatan Usaha: -, Kategori: N, KBLI: -]; [Kegiatan Usaha: -, Kategori: G, KBLI: -]";;;01/11/2025;;;;;invalid;;;FALSE;FALSE;TRUE;;;invalid;;;;;;mega rizki tama;0;0;0;;;jl kusuma bangsa gg seratai rt 02 no 93a;;0;mega rizki tama jl kusuma bangsa gg seratai rt 02 no 93a kbli00;1;0;1;0;Aktif;Jl Kusuma Bangsa Gg Seratai RT 02 no 93A;2;0;;;TARIK 02 FEB - 12.00 WITA;6401040003_2_0;-1.90361;116.186163
6812;31269647;NURYATIM;Jalan DI Panjaitan No. 01 RT. 10;6401040003;64;1;40;3;KALIMANTAN TIMUR;PASER;TANAH GROGOT;TEPIAN BATANG;eyJpdiI6Im5zNHRnc2s1dU5XQ2c5S3MwYnNMR0E9PSIsInZhbHVlIjoiNHgrOUtjVXdmdFIyZ2FOTE9RZTRFZz09IiwibWFjIjoiMWY3OWQyZGFlZjhmZWVjZmU5YWFmYmNkNjhiNzUyNGQzNDNlYzA5ZDZjNGUyMDFhMDRlZjQxZTEyYjlkZjcyNSIsInRhZyI6IiJ9;;[Kegiatan Usaha: Perdagangan Eceran Berbagai Macam Barang Yang Utamanya Makanan, Minuman Atau Tembak...;;;24/11/2025;;OSS - Perorangan;;;invalid;;;FALSE;FALSE;TRUE;;;invalid;;;;;;nuryatim;0;0;0;;;jalan di panjaitan no 01 rt 10;;0;nuryatim jalan di panjaitan no 01 rt 10 kbli00;1;0;1;0;Aktif;Jalan DI Panjaitan No 01 RT 10;10;0;;;TARIK 02 FEB - 12.00 WITA;6401040003_10_0;-1.87524;116.185791
6818;27915627;SRI HARNI;Jl. Ande Oko Rt 16 Rw 06;6401040004;64;1;40;4;KALIMANTAN TIMUR;PASER;TANAH GROGOT;TANAH GROGOT;eyJpdiI6IjZxS05ablQrYk9BTjVVb1FYRGNDc0E9PSIsInZhbHVlIjoiZW53V3ZMYnVyRVBSUGFiUmJXeXpudz09IiwibWFjIjoiOTQ4OGI5ZGQxZWY0NTE0NTVlNDFjZWEzNGJjOGU5Y2QxNjJhYmEwZTUyNWE1YTQxNDdhMjc2Njc1ZWQ4NzUxNCIsInRhZyI6IiJ9;;"[Kegiatan Usaha: -, Kategori: -, KBLI: 10799]; [Kegiatan Usaha: Industri Produk Makanan Lainnya, Kat...";;;24/11/2025;;OSS - Perorangan;;;invalid;;;FALSE;FALSE;TRUE;;;invalid;;;;;;sri harni;0;0;0;;;jl ande oko rt 16 rw 06;;10;sri harni jl ande oko rt 16 rw 06 kbli10;1;0;1;0;Aktif;Jl Ande Oko Rt 16 Rw 06;16;6;;;TARIK 02 FEB - 12.00 WITA;6401040004_16_6;-1.90448;116.200946
6820;27802576;NURLITA AULIA SUGIARTI ;RT.004;6401080006;64;1;80;6;KALIMANTAN TIMUR;PASER;LONG KALI;LONG KALI;eyJpdiI6IjhPaEE2SlZjMEROU1BCY3hNWmlPSkE9PSIsInZhbHVlIjoiWnBRZEcrQlRwQlFmZWNUM0JHWWxmUT09IiwibWFjIjoiNGMxMjFjZTc1NjljOWFhZmI4NmYzZGVkYTgxMzFhYTJhYWZiOTE4YmY4ZTFkNGQ2NmY0ZmY1NWFiMGFlMzc4OSIsInRhZyI6IiJ9;;"[Kegiatan Usaha: Perkebunan Buah Kelapa Sawit, Kategori: , KBLI: 01262]; [Kegiatan Usaha: -, Kategor...";;;24/11/2025;;OSS - Perorangan;;;invalid;;;FALSE;FALSE;TRUE;;;invalid;;;;-1.52376;116.30736;nurlita aulia sugiarti;0;0;0;;;rt 004;;1;nurlita aulia sugiarti rt 004 kbli01;1;0;1;0;Aktif;RT004;4;0;;;TARIK 02 FEB - 12.00 WITA;6401080006_4_0;-1.52173;116.304093
6824;17340898;NARA MULTI JAYA;Jalan Untung Suropati RT. 10;6401040009;64;1;40;9;KALIMANTAN TIMUR;PASER;TANAH GROGOT;JONE;eyJpdiI6InJScktpMFdVc2RxOTEvMmlNOXZ0UXc9PSIsInZhbHVlIjoiSXlsU0ZMWEJyQ20vRWlGSHphTXJuUT09IiwibWFjIjoiNDc2OGRjMDJjNDNkYjZjNjU3MTM3YmVjYzM0NzBjNjFkNGY0YzcwNjliOGY3MGMzNThmMzRkZTUxNmU1YWRhZiIsInRhZyI6IiJ9;;;;;18/10/2025;;Tambahan Daerah s.d 31 Desember 2025;;;invalid;;;FALSE;FALSE;TRUE;;;invalid;;;;;;nara multi jaya;0;0;0;;;jalan untung suropati rt 10;;0;nara multi jaya jalan untung suropati rt 10 kbli00;1;0;1;0;Aktif;Jalan Untung Suropati RT 10;10;0;;;TARIK 02 FEB - 12.00 WITA;6401040009_10_0;-1.90152;116.200814
6831;31849150;YENI WULANDARI;JL. KUSUMA BANGSA KM.3 RT.009;6401040003;64;1;40;3;KALIMANTAN TIMUR;PASER;TANAH GROGOT;TEPIAN BATANG;eyJpdiI6InJSSDBuNDV2VjlRR1hTUFFPS1lJaXc9PSIsInZhbHVlIjoiZ2w5cVdaZnBlQ1VpTm81ekYzTm9YZz09IiwibWFjIjoiNzFiODI4YTUwMDFkYjEwNDY4YzI0NDJiOWQ4N2QwMTllYzEyYWU0ZWYwZWIxOGVmYWM0YTY1MjVkNGFjZDhiYyIsInRhZyI6IiJ9;;"[Kegiatan Usaha: -, Kategori: -, KBLI: 56103]; [Kegiatan Usaha: -, Kategori: -, KBLI: 11090]; [Kegia...";;;24/11/2025;;OSS - Perorangan;;;invalid;;;FALSE;FALSE;TRUE;;;invalid;;;;;;yeni wulandari;0;0;0;;;jl kusuma bangsa km 3 rt 009;;56;yeni wulandari jl kusuma bangsa km 3 rt 009 kbli56;1;0;1;0;Aktif;JL KUSUMA BANGSA KM3 RT009;9;0;;;TARIK 02 FEB - 12.00 WITA;6401040003_9_0;-1.89489;116.180273
6833;17345597;USAHA KIRANA;Jalan Iskandar Muda No. 37 RT. 013 RW. 002;6401040004;64;1;40;4;KALIMANTAN TIMUR;PASER;TANAH GROGOT;TANAH GROGOT;eyJpdiI6ImNXTXZGV1dhSlc5Q2NYNjdpNHo0cFE9PSIsInZhbHVlIjoiRXUyMWt0YURjT1psSTM1dk0wVUd5QT09IiwibWFjIjoiYzhlNDg3Y2VjMGQ1YmQ0NjUzZTFiNDk1M2Y3MDViZjU2NGM2MzJkYTg4MWI5ZGFlZmVkMzc5ZTE3MzczYjBjZSIsInRhZyI6IiJ9;;;;;18/10/2025;;Tambahan Daerah s.d 31 Desember 2025;;;invalid;;;FALSE;FALSE;TRUE;;;invalid;;;;;;usaha kirana;0;0;0;;;jalan iskandar muda no 37 rt 013 rw 002;;0;usaha kirana jalan iskandar muda no 37 rt 013 rw 002 kbli00;1;0;1;0;Aktif;Jalan Iskandar Muda No 37 RT 013 RW 002;13;2;;;TARIK 02 FEB - 12.00 WITA;6401040004_13_2;-1.92301;116.197835
6847;30107024;NURJANNAH;Jl Dr Cipto Mangunkusumo Rt 03 Rw 04;6401040004;64;1;40;4;KALIMANTAN TIMUR;PASER;TANAH GROGOT;TANAH GROGOT;eyJpdiI6IlMxMTlTUXFuYXlFdVdlS1N1ajZLc1E9PSIsInZhbHVlIjoibVI2MHQzYUlja0RuVUY4YjRvL3RUUT09IiwibWFjIjoiOTVlNTZiZGMxYWIzMGIwZGE5N2RmNWQ3OTZhOTk2ZWVhMTNmN2E3NTVkM2RjMzdjMjM1OGViZTVkYTkxYWNlMCIsInRhZyI6IiJ9;;[Kegiatan Usaha: -, Kategori: -, KBLI: 96200];;;15/12/2025;;OSS - Perorangan;;;invalid;;;FALSE;FALSE;TRUE;;;invalid;;;;;;nurjannah;0;0;0;;;jl dr cipto mangunkusumo rt 03 rw 04;;96;nurjannah jl dr cipto mangunkusumo rt 03 rw 04 kbli96;1;0;1;0;Aktif;Jl Dr Cipto Mangunkusumo Rt 03 Rw 04;3;4;;;TARIK 02 FEB - 12.00 WITA;6401040004_3_4;-1.90171;116.189459
6848;29570467;AHMAD MUHDI;JL. RM. NOTO SUNARDI GG. MILENIUM RT 005 RW 005;6401040004;64;1;40;4;KALIMANTAN TIMUR;PASER;TANAH GROGOT;TANAH GROGOT;eyJpdiI6IlFBbWFtS3pKeXZPZWVOaHpleHBzS3c9PSIsInZhbHVlIjoiM2g1UlNJYUtZeFJ5dEg5ZHZlVUlqUT09IiwibWFjIjoiMWE1NThiZWE5OWI3YzQxY2NkYzllM2RmOGU1Yzk1NjUyOWI0M2M0ZGVjYzU2ODNjYjZmZTBjNGE2M2E3ZTViOCIsInRhZyI6IiJ9;;"[Kegiatan Usaha: -, Kategori: -, KBLI: 43224]; [Kegiatan Usaha: Instalasi Pendingin Dan Ventilasi Ud...";;;24/11/2025;;OSS - Perorangan;;;invalid;;;FALSE;FALSE;TRUE;;;invalid;;;;;;ahmad muhdi;0;0;0;;;jl rm noto sunardi gg milenium rt 005 rw 005;;43;ahmad muhdi jl rm noto sunardi gg milenium rt 005 rw 005 kbli43;1;0;1;0;Aktif;JL RM NOTO SUNARDI GG MILENIUM RT 005 RW 005;5;5;;;TARIK 02 FEB - 12.00 WITA;6401040004_5_5;-1.91928;116.187159
6858;32396318;ALFIQHI TANTOWI;RT.011;6401080006;64;1;80;6;KALIMANTAN TIMUR;PASER;LONG KALI;LONG KALI;eyJpdiI6IkxZdHJ1TldJSzRGQlVJMFAvbkpZT0E9PSIsInZhbHVlIjoiQmlRaG1SWS81ZU53b1pqYzNndUU4QT09IiwibWFjIjoiY2U0NmVkMTkyZWZlN2NmODIyNDRlODk0NWI4YjVmMmUxZDU5NDBmNjZjOTkwOGQ0ZTc4MWU0YmNjZjZhYWYwZiIsInRhZyI6IiJ9;;"[Kegiatan Usaha: -, Kategori: -, KBLI: 01262]; [Kegiatan Usaha: Perkebunan Buah Kelapa Sawit, Katego...";;;24/11/2025;;OSS - Perorangan;;;invalid;;;FALSE;FALSE;TRUE;;;invalid;;;;-1.52502615;116.3210903;alfiqhi tantowi;0;0;0;;;rt 011;;1;alfiqhi tantowi rt 011 kbli01;1;0;1;0;Aktif;RT011;11;0;;;TARIK 02 FEB - 12.00 WITA;6401080006_11_0;-1.52775;116.320847
6866;31858881;HERMAN;JLN. UNTUNG SUROPATI GG. AMAS RT. 003 JONE ;6401040009;64;1;40;9;KALIMANTAN TIMUR;PASER;TANAH GROGOT;JONE;eyJpdiI6InNUZDR6SDYzWG5hZFBNR29IdVp2TlE9PSIsInZhbHVlIjoicHZiN0FvUDJFTTNNM2ltYzFUU2FEQT09IiwibWFjIjoiOWU0NzUxMzhjNWY2NDQwMjU4MzdmODE2MjA0MTM4MjdiYjJlZjliOWI5MjdhMjc2NjMzZGQwZTc1MzZkNTBlOSIsInRhZyI6IiJ9;;[Kegiatan Usaha: -, Kategori: -, KBLI: 03221];;;15/12/2025;;OSS - Perorangan;;;invalid;;;FALSE;FALSE;TRUE;;;invalid;;;;;;herman;0;0;0;;;jln untung suropati gg amas rt 003 jone;;3;herman jln untung suropati gg amas rt 003 jone kbli03;1;0;1;0;Aktif;JLN UNTUNG SUROPATI GG AMAS RT 003 JONE;3;0;;;TARIK 02 FEB - 12.00 WITA;6401040009_3_0;-1.89786;116.201887
6867;30373188;RISKY AMELIA ANSYARI;JL. PANGERAN SINGA MAULANA RT/RW 007/003;6401040004;64;1;40;4;KALIMANTAN TIMUR;PASER;TANAH GROGOT;TANAH GROGOT;eyJpdiI6IjNuNnB6L0ZTa2U0bXNTeTZoWlBJRlE9PSIsInZhbHVlIjoibTE1RTBrQWRSRVZwaXFjT0hIeDE0QT09IiwibWFjIjoiMDg3MDcyZThmZGU4ZTMyODgyMTRiNGEwZTk0ZTE5NGQ2Zjk4MzRiNzY2ZjM1MzMwZWZkYjJjN2MxOTJmYjQwNyIsInRhZyI6IiJ9;;"[Kegiatan Usaha: Industri Produk Roti Dan Kue, Kategori: , KBLI: 10710]; [Kegiatan Usaha: -, Kategor...";;;24/11/2025;;OSS - Perorangan;;;invalid;;;FALSE;FALSE;TRUE;;;invalid;;;;;;risky amelia ansyari;0;0;0;;;jl pangeran singa maulana rt rw 007 003;;10;risky amelia ansyari jl pangeran singa maulana rt rw 007 003 kbli10;1;0;1;0;Aktif;JL PANGERAN SINGA MAULANA RTRW 007003;7;3;;;TARIK 02 FEB - 12.00 WITA;6401040004_7_3;-1.90916;116.188706
6871;31291023;TONI WIJAYA ;RT.009;6401080006;64;1;80;6;KALIMANTAN TIMUR;PASER;LONG KALI;LONG KALI;eyJpdiI6IkpubmdtVE1IMFVKdWNuRUlkM3YrVEE9PSIsInZhbHVlIjoiZGlVR3J6bjdWdkY5a3c5WkJ2RnU4dz09IiwibWFjIjoiMDFlOTVhNTEwMjJkMjc4YTg2MDZjNjNhMTVjY2RhMjI0YzBjZTNmYWM3NGRkMTk3N2ZjYzE5ZmFkZTBmNWMyNCIsInRhZyI6IiJ9;;"[Kegiatan Usaha: -, Kategori: -, KBLI: 46202]; [Kegiatan Usaha: Perdagangan Besar Buah Yang Mengandu...";;;24/11/2025;;OSS - Perorangan;;;invalid;;;FALSE;FALSE;TRUE;;;invalid;;;;-1.491526667;116.32465;toni wijaya;0;0;0;;;rt 009;;46;toni wijaya rt 009 kbli46;1;0;1;0;Aktif;RT009;9;0;;;TARIK 02 FEB - 12.00 WITA;6401080006_9_0;-1.50142;116.302752
6873;30733092;NORMA HARTINI;RT.04;6401080006;64;1;80;6;KALIMANTAN TIMUR;PASER;LONG KALI;LONG KALI;eyJpdiI6InllNWNMUjd3alRISEpzNkdtUUtNSnc9PSIsInZhbHVlIjoiU1hLMnRhZ3doNHovRXJuMXhNZko1Zz09IiwibWFjIjoiYzQ3NGIxZDEwNmZkOTA0YTkyMWU3NjRjMzViODlkNDAxODYyNjczZDRlNjY4MmYzZjYwMzliNDAyNDI2Yzg2MyIsInRhZyI6IiJ9;;"[Kegiatan Usaha: -, Kategori: -, KBLI: 56102]; [Kegiatan Usaha: Rumah/Warung Makan, Kategori: , KBLI...";;;24/11/2025;;OSS - Perorangan;;;invalid;;;FALSE;FALSE;TRUE;;;invalid;;;;-1.523448333;116.30821;norma hartini;0;0;0;;;rt 04;;56;norma hartini rt 04 kbli56;1;0;1;0;Aktif;RT04;4;0;;;TARIK 02 FEB - 12.00 WITA;6401080006_4_0;-1.52173;116.304093
6874;29711245;ERNA MISDANIAH;JL. D.I PANJAITAN RT/RW 017/004;6401040004;64;1;40;4;KALIMANTAN TIMUR;PASER;TANAH GROGOT;TANAH GROGOT;eyJpdiI6IkVkbVNOdC8vemlVanpuQjY0dExPOWc9PSIsInZhbHVlIjoiaWN0WjdGY1JaZ2VMOHhINHM2cVdZUT09IiwibWFjIjoiMGE1ODM3MGJmMWRmMmUxZTY3OTIyNzZhYTU3MWVkZmE4Y2NhMzFkNjE0ZTUzZTYzZTBiYzE5MTQ1OGVlZTRhYyIsInRhZyI6IiJ9;;"[Kegiatan Usaha: -, Kategori: -, KBLI: 10710]; [Kegiatan Usaha: Industri Produk Roti Dan Kue, Katego...";;;24/11/2025;;OSS - Perorangan;;;invalid;;;FALSE;FALSE;TRUE;;;invalid;;;;;;erna misdaniah;0;0;0;;;jl d i panjaitan rt rw 017 004;;10;erna misdaniah jl d i panjaitan rt rw 017 004 kbli10;1;0;1;0;Aktif;JL DI PANJAITAN RTRW 017004;17;4;;;TARIK 02 FEB - 12.00 WITA;6401040004_17_4;-1.8938;116.190345
6875;26398619;SUPIANA;Jl Kandilo Bahari Rt 007 Rw 001;6401040004;64;1;40;4;KALIMANTAN TIMUR;PASER;TANAH GROGOT;TANAH GROGOT;eyJpdiI6IkRZQnhoaGZqbVZFaDQxRzFFQ1E2WFE9PSIsInZhbHVlIjoiUFc4VzZNSm4wOXpvNUE2YlJQejlZZz09IiwibWFjIjoiZDVjN2QwM2Q0NzM0MmYxNzQzZDc3ODAwNGZhZDRiOWE3MDA0MDEyZDZkMTE4ZmRmMjJlNTAzY2I4NDY3NzQ4NyIsInRhZyI6IiJ9;;"[Kegiatan Usaha: Perdagangan Besar Makanan Dan Minuman Lainnya, Kategori: , KBLI: 46339]; [Kegiatan ...";;;24/11/2025;;OSS - Perorangan;;;invalid;;;FALSE;FALSE;TRUE;;;invalid;;;;;;supiana;0;0;0;;;jl kandilo bahari rt 007 rw 001;;46;supiana jl kandilo bahari rt 007 rw 001 kbli46;1;0;1;0;Aktif;Jl Kandilo Bahari Rt 007 Rw 001;7;1;;;TARIK 02 FEB - 12.00 WITA;6401040004_7_1;-1.91538;116.199092
6879;27121353;HARYONO;JL. SENAKEN.RT.04. DESA. SENAKEN. KEC. TANAH GROGOT. KAB. PASER .76211;6401040016;64;1;40;16;KALIMANTAN TIMUR;PASER;TANAH GROGOT;SENAKEN;eyJpdiI6Ikt3OGxKTWxXQlgvSmhQQnplelBSOGc9PSIsInZhbHVlIjoiYURiaXhsbXpCTFRGTnlOMkRBOHIxQT09IiwibWFjIjoiMjBjODEwNjkxZDMwODBkMTM4NDhkYzYwMDY0YjczYmNmM2YyZThjZjFiZTc5YjAxM2U3MGFhOWJkODU3YzZmZCIsInRhZyI6IiJ9;;[Kegiatan Usaha: -, Kategori: -, KBLI: 47611];;;15/12/2025;;OSS - Perorangan;;;invalid;;;FALSE;FALSE;TRUE;;;invalid;;;;;;haryono;0;0;0;;;jl senaken rt 04 desa senaken kec tanah grogot kab paser 76211;;47;haryono jl senaken rt 04 desa senaken kec tanah grogot kab paser 76211 kbli47;1;0;1;0;Aktif;JL SENAKENRT04 DESA SENAKEN KEC TANAH GROGOT KAB PASER 76211;4;0;;;TARIK 02 FEB - 12.00 WITA;6401040016_4_0;-1.90267;116.204881
6887;31542473;NURUL HIKMAH;Jl Padat Karya RT. 013 RW. 002;6401040004;64;1;40;4;KALIMANTAN TIMUR;PASER;TANAH GROGOT;TANAH GROGOT;eyJpdiI6ImhmdE1BaWhIcnJaZFNKWEorMEUxNnc9PSIsInZhbHVlIjoiTHc2NTZNTlRtQ3IrZnFIWStJQ1R0QT09IiwibWFjIjoiZjNhZmFjZGMzOTZlNDhjZDhjZTlkZmNhOWU1NjNmY2IyMDg2NTUzMTgyYmI0YTkyMDJjNjk4OTQ3YzAzNWQ3OSIsInRhZyI6IiJ9;;"[Kegiatan Usaha: -, Kategori: -, KBLI: 47112]; [Kegiatan Usaha: Perdagangan Eceran Berbagai Macam Ba...";;;24/11/2025;;OSS - Perorangan;;;invalid;;;FALSE;FALSE;TRUE;;;invalid;;;;;;nurul hikmah;0;0;0;;;jl padat karya rt 013 rw 002;;47;nurul hikmah jl padat karya rt 013 rw 002 kbli47;1;0;1;0;Aktif;Jl Padat Karya RT 013 RW 002;13;2;;;TARIK 02 FEB - 12.00 WITA;6401040004_13_2;-1.92301;116.197835
6888;31711982;INDIRA GANDHI;Jl. Senaken Gg. Alam Permai 1 No. 005 RT. 013;6401040016;64;1;40;16;KALIMANTAN TIMUR;PASER;TANAH GROGOT;SENAKEN;eyJpdiI6Ilo3RTBpSnprZzFYRlVLdGlCQlRjcmc9PSIsInZhbHVlIjoiTURZa2JFMG9QWG5tUDNHUjg2VEZvdz09IiwibWFjIjoiODA5OTc4NTVlZjUyYzYyMGE2MTVjNmNhYjgwZmNkZmU1NGNhZWFlZmE0OTA1NTkyZWIzN2E3YmUxMjBjMDRkMyIsInRhZyI6IiJ9;;"[Kegiatan Usaha: -, Kategori: -, KBLI: 14120]; [Kegiatan Usaha: -, Kategori: -, KBLI: 96111]; [Kegia...";;;24/11/2025;;OSS - Perorangan;;;invalid;;;FALSE;FALSE;TRUE;;;invalid;;;;;;indira gandhi;0;0;0;;;jl senaken gg alam permai 1 no 005 rt 013;;14;indira gandhi jl senaken gg alam permai 1 no 005 rt 013 kbli14;1;0;1;0;Aktif;Jl Senaken Gg Alam Permai 1 No 005 RT 013;13;0;;;TARIK 02 FEB - 12.00 WITA;6401040016_13_0;-1.89729;116.213079
6890;30209193;SARIANA;JL.UNTUNG SUROPATI RT 015;6401040009;64;1;40;9;KALIMANTAN TIMUR;PASER;TANAH GROGOT;JONE;eyJpdiI6IndmOEh5bmhrcG1NRzJsM3E0d21tZFE9PSIsInZhbHVlIjoiZ0cwQmdlVXJCUEhNTG93NVBYQXBmdz09IiwibWFjIjoiYjJjY2I0NTFhYzdhMDYyMGEwNGNkZjVlZWQ3ODU3YzFiNjUwZTBlNTQ3MGQzM2U3NjExOGE1YmQ0MzI2MGI3MCIsInRhZyI6IiJ9;;[Kegiatan Usaha: -, Kategori: -, KBLI: 56103];;;15/12/2025;;OSS - Perorangan;;;invalid;;;FALSE;FALSE;TRUE;;;invalid;;;;;;sariana;0;0;0;;;jl untung suropati rt 015;;56;sariana jl untung suropati rt 015 kbli56;1;0;1;0;Aktif;JLUNTUNG SUROPATI RT 015;15;0;;;TARIK 02 FEB - 12.00 WITA;6401040009_15_0;-1.87691;116.205362
6895;32473770;MARDANI ;RT.002 LONG KALI;6401080006;64;1;80;6;KALIMANTAN TIMUR;PASER;LONG KALI;LONG KALI;eyJpdiI6ImU0VnBObjNKM0Q5WWp2UVZVWDQ1Rnc9PSIsInZhbHVlIjoiYUlwNTZzRVdDV3R6UEZJQ05DdjdiQT09IiwibWFjIjoiNjI0MzczNmQwZmJjYzQyZTJmNzdmMWU1MDE4ZGUzMGRmOTIwNTYxYjA0ZTM3YjczZDczMDliNjE1NWExZTg1OSIsInRhZyI6IiJ9;;[Kegiatan Usaha: -, Kategori: -, KBLI: 47861];;;15/12/2025;;OSS - Perorangan;;;invalid;;;FALSE;FALSE;TRUE;;;invalid;;;;-1.519673065;116.3233247;mardani;0;0;0;;;rt 002 long kali;;47;mardani rt 002 long kali kbli47;1;0;1;0;Aktif;RT002 LONG KALI;2;0;;;TARIK 02 FEB - 12.00 WITA;6401080006_2_0;-1.52024;116.323092
6917;30268691;NUR AHMAD FAUZAN HARBI;Sarang Walet Family Jl. Ahmad Yani RT. 010 Rw. 004;6401040004;64;1;40;4;KALIMANTAN TIMUR;PASER;TANAH GROGOT;TANAH GROGOT;eyJpdiI6InBtaWEvOW1DL3daVjlmZkhYK3JBd2c9PSIsInZhbHVlIjoiZFhKTUp0aTBVVksvS3F1ZHhVaWE3QT09IiwibWFjIjoiNmMzYWYyNWQ1NTk0MzllN2MzZDVmZDIyODM1NDhiYTJiMGZjNDIxMjMzZGE0MmMzMTlhMGEyZGExMGQwNmIzZiIsInRhZyI6IiJ9;;"[Kegiatan Usaha: -, Kategori: -, KBLI: 47214]; [Kegiatan Usaha: -, Kategori: -, KBLI: 10799]; [Kegia...";;;24/11/2025;;OSS - Perorangan;;;invalid;;;FALSE;FALSE;TRUE;;;invalid;;;;;;nur ahmad fauzan harbi;0;0;0;;;sarang walet family jl ahmad yani rt 010 rw 004;;47;nur ahmad fauzan harbi sarang walet family jl ahmad yani rt 010 rw 004 kbli47;1;0;1;0;Aktif;Sarang Walet Family Jl Ahmad Yani RT 010 Rw 004;10;4;;;TARIK 02 FEB - 12.00 WITA;6401040004_10_4;-1.90608;116.195803
6922;31607177;MAYANG SARI;TEPIAN BATANG RT.007;6401040003;64;1;40;3;KALIMANTAN TIMUR;PASER;TANAH GROGOT;TEPIAN BATANG;eyJpdiI6IlJ1eldrMHZDbVhONml6MXBqclpYbUE9PSIsInZhbHVlIjoiWVJkRmdZUlNTVndmc1I2N3MvSXhmZz09IiwibWFjIjoiNmIwMTdkMzdiY2I0MzUzODZlZDA1NjNhOTMwNWNmYWQ0Njc5Y2M2NWZjNjFkNTZhNzBiMWVmMDMzYzg5YWIxYiIsInRhZyI6IiJ9;;"[Kegiatan Usaha: -, Kategori: -, KBLI: 10614]; [Kegiatan Usaha: -, Kategori: -, KBLI: 46325]; [Kegia...";;;24/11/2025;;OSS - Perorangan;;;invalid;;;FALSE;FALSE;TRUE;;;invalid;;;;;;mayang sari;0;0;0;;;tepian batang rt 007;;10;mayang sari tepian batang rt 007 kbli10;1;0;1;0;Aktif;TEPIAN BATANG RT007;7;0;;;TARIK 02 FEB - 12.00 WITA;6401040003_7_0;-1.89265;116.151439
6924;30389275;DEDI REZAWAN;JL. ST. HASANUDDIN RT. 013 RW. 002;6401040004;64;1;40;4;KALIMANTAN TIMUR;PASER;TANAH GROGOT;TANAH GROGOT;eyJpdiI6Ilg4dDYzRWZ3SDRqaVd6ZndvamNMWGc9PSIsInZhbHVlIjoiZlBsTVQxYmsxS3ozWHBqTmZBTGRNdz09IiwibWFjIjoiZmZlMmIyMDE3MjZmYmNkOTY1NDM1YWFmNTEyZmZmNDNjZTU0NmUzNjNmNDBmM2IzOTFkMjgwODFlOTkzZDJlYSIsInRhZyI6IiJ9;;"[Kegiatan Usaha: Perdagangan Eceran Beras, Kategori: , KBLI: 47241]; [Kegiatan Usaha: -, Kategori: -...";;;24/11/2025;;OSS - Perorangan;;;invalid;;;FALSE;FALSE;TRUE;;;invalid;;;;;;dedi rezawan;0;0;0;;;jl st hasanuddin rt 013 rw 002;;47;dedi rezawan jl st hasanuddin rt 013 rw 002 kbli47;1;0;1;0;Aktif;JL ST HASANUDDIN RT 013 RW 002;13;2;;;TARIK 02 FEB - 12.00 WITA;6401040004_13_2;-1.92301;116.197835
6930;30156248;SUWARTI;Jl Yos Sudarso Gg Al Ikhsan Rt 01;6401040016;64;1;40;16;KALIMANTAN TIMUR;PASER;TANAH GROGOT;SENAKEN;eyJpdiI6IitsYW5LTmd0QmxjTldMcVZNOTFwNWc9PSIsInZhbHVlIjoiY0V1dThPd3BsYngzTE1SdnpHbHNrZz09IiwibWFjIjoiNGZkYzQ5NTE2YjM4MmRlYjBhOThhNmJjM2NjZTE4ZmQzMzE2MGY0NjcwMDg0YmRhNjEyODQ4NTNlMGZhMGZmNyIsInRhZyI6IiJ9;;[Kegiatan Usaha: -, Kategori: -, KBLI: 10799];;;15/12/2025;;OSS - Perorangan;;;invalid;;;FALSE;FALSE;TRUE;;;invalid;;;;;;suwarti;0;0;0;;;jl yos sudarso gg al ikhsan rt 01;;10;suwarti jl yos sudarso gg al ikhsan rt 01 kbli10;1;0;1;0;Aktif;Jl Yos Sudarso Gg Al Ikhsan Rt 01;1;0;;;TARIK 02 FEB - 12.00 WITA;6401040016_1_0;-1.9056;116.204143
6933;32088629;ARLI;RT.02;6401080006;64;1;80;6;KALIMANTAN TIMUR;PASER;LONG KALI;LONG KALI;eyJpdiI6InZnMEtNcUFWa3JpMk1La3JnWDRyZWc9PSIsInZhbHVlIjoiMEdsSTBxcDA0MzB3TkQ3ZDh5VUtEQT09IiwibWFjIjoiN2JlNGU0MWI4N2NkMTE4MjE1ZDc5YjBiNzY0Yzk2N2I1MjkyMmI2YzI3ODI1YzcyZDNmZjNkNWRjNThhMGZjNCIsInRhZyI6IiJ9;;"[Kegiatan Usaha: Rumah/Warung Makan, Kategori: , KBLI: 56102]; [Kegiatan Usaha: -, Kategori: -, KBLI...";;;24/11/2025;;OSS - Perorangan;;;invalid;;;FALSE;FALSE;TRUE;;;invalid;;;;-1.519701889;116.3231983;arli;0;0;0;;;rt 02;;56;arli rt 02 kbli56;1;0;1;0;Aktif;RT02;2;0;;;TARIK 02 FEB - 12.00 WITA;6401080006_2_0;-1.52024;116.323092
6934;29228464;KHAIRIL ANWAR;Jl. Rantau Panjang RT 03;6401040016;64;1;40;16;KALIMANTAN TIMUR;PASER;TANAH GROGOT;SENAKEN;eyJpdiI6Inh6Q3dQVjAxV0t1SUxDa0N4VVdrd2c9PSIsInZhbHVlIjoiTTZHTVBqc1BZenpUKzBKaS83L2cvQT09IiwibWFjIjoiMjhiZTg3ZmFkMDg0OGNkYWMxNmE4OTcwZDBlZGZiMWY3Y2YxYjRlMjI3NGI1ZDlmMjlhOTExYjM2N2VjZjhjYyIsInRhZyI6IiJ9;;"[Kegiatan Usaha: Industri Kue Basah, Kategori: , KBLI: 10792]; [Kegiatan Usaha: -, Kategori: -, KBLI...";;;24/11/2025;;OSS - Perorangan;;;invalid;;;FALSE;FALSE;TRUE;;;invalid;;;;;;khairil anwar;0;0;0;;;jl rantau panjang rt 03;;10;khairil anwar jl rantau panjang rt 03 kbli10;1;0;1;0;Aktif;Jl Rantau Panjang RT 03;3;0;;;TARIK 02 FEB - 12.00 WITA;6401040016_3_0;-1.90529;116.209105
6935;30106894;WADIAH;Jl Jendral Sudirman No. 82 Rt 10 Rw 03;6401040004;64;1;40;4;KALIMANTAN TIMUR;PASER;TANAH GROGOT;TANAH GROGOT;eyJpdiI6IkNsaVM1NmZRYytNNlVab1ZjSWZsUGc9PSIsInZhbHVlIjoiVmI4cHJRVVMyT0VLSFpFZE16dUh3dz09IiwibWFjIjoiMDJkOTExYjVjYWU4NDhmMTFhZjBlNzgyMjM2NTAyY2I1MGNjYmExYzgzYWYyZTMyNjAxNDQwZGJlMzdkZjg0MiIsInRhZyI6IiJ9;;"[Kegiatan Usaha: -, Kategori: -, KBLI: 10799]; [Kegiatan Usaha: Industri Produk Makanan Lainnya, Kat...";;;24/11/2025;;OSS - Perorangan;;;invalid;;;FALSE;FALSE;TRUE;;;invalid;;;;;;wadiah;0;0;0;;;jl jendral sudirman no 82 rt 10 rw 03;;10;wadiah jl jendral sudirman no 82 rt 10 rw 03 kbli10;1;0;1;0;Aktif;Jl Jendral Sudirman No 82 Rt 10 Rw 03;10;3;;;TARIK 02 FEB - 12.00 WITA;6401040004_10_3;-1.91316;116.195833
6938;29115594;MUHAMMAD SAFII;RT.03;6401080006;64;1;80;6;KALIMANTAN TIMUR;PASER;LONG KALI;LONG KALI;eyJpdiI6IjBwNUZOeFhXd2hjQUM4L09tQTY0anc9PSIsInZhbHVlIjoiVlg1b3JlQ0tXWkY4YncxUnZkU3NCdz09IiwibWFjIjoiYWZkMjZhNzk4NDhhY2NkYWQ4MTJlZWM3MjkxMzk3YjViNTA3YmNhNjEwZjU3NGFlMzBlZDI5ODVkM2M2MmM3NSIsInRhZyI6IiJ9;;"[Kegiatan Usaha: -, Kategori: -, KBLI: 01262]; [Kegiatan Usaha: Perkebunan Buah Kelapa Sawit, Katego...";;;24/11/2025;;OSS - Perorangan;;;invalid;;;FALSE;FALSE;TRUE;;;invalid;;;;-1.513840635;116.3402504;muhammad safii;0;0;0;;;rt 03;;1;muhammad safii rt 03 kbli01;1;0;1;0;Aktif;RT03;3;0;;;TARIK 02 FEB - 12.00 WITA;6401080006_3_0;-1.51189;116.350693
6941;30393938;ABDUL WAHAB;JL SENAKEN GG ALAM PERMAI RT 007 RW 000;6401040016;64;1;40;16;KALIMANTAN TIMUR;PASER;TANAH GROGOT;SENAKEN;eyJpdiI6Ill0ajRlc2JKbDNhYzh3NUJndFJaM2c9PSIsInZhbHVlIjoiZ2ZQOGI5eVpTcEZlVm4wM0RPa29ndz09IiwibWFjIjoiZTA1YTdhNjNjMzE2YWJhYmRhNmEyYTJmMTg0YzZiYjY4ZTcyNTU5NDlkZDgwY2Y1MjhkMDU4MzMxNThlOWZiNCIsInRhZyI6IiJ9;;[Kegiatan Usaha: -, Kategori: -, KBLI: 18111];;;15/12/2025;;OSS - Perorangan;;;invalid;;;FALSE;FALSE;TRUE;;;invalid;;;;;;abdul wahab;0;0;0;;;jl senaken gg alam permai rt 007 rw 000;;18;abdul wahab jl senaken gg alam permai rt 007 rw 000 kbli18;1;0;1;0;Aktif;JL SENAKEN GG ALAM PERMAI RT 007 RW 000;7;0;;;TARIK 02 FEB - 12.00 WITA;6401040016_7_0;-1.9007;116.211024
6944;27496189;MAIMUNAH;JL. Jend. Sudirman GG. Latsitarda RT 001 RW 003;6401040004;64;1;40;4;KALIMANTAN TIMUR;PASER;TANAH GROGOT;TANAH GROGOT;eyJpdiI6IkNlSnVPUzNBc3dVQ2EyZ0EzS3Q1Q2c9PSIsInZhbHVlIjoiVTMxOTB3NXh2c3M1T0NJbEhLbDdjQT09IiwibWFjIjoiZmY0NDFjYzFlNmIzYzAwMjQ3M2U3MDlmMDY0NjM5ZWM3Y2Q2MDg0Y2U4NDliMmVmNjMzM2I1ZjBkNzdjZjY4MiIsInRhZyI6IiJ9;;"[Kegiatan Usaha: -, Kategori: -, KBLI: 10399]; [Kegiatan Usaha: Industri Pengolahan dan Pengawetan L...";;;24/11/2025;;OSS - Perorangan;;;invalid;;;FALSE;FALSE;TRUE;;;invalid;;;;;;maimunah;0;0;0;;;jl jend sudirman gg latsitarda rt 001 rw 003;;10;maimunah jl jend sudirman gg latsitarda rt 001 rw 003 kbli10;1;0;1;0;Aktif;JL Jend Sudirman GG Latsitarda RT 001 RW 003;1;3;;;TARIK 02 FEB - 12.00 WITA;6401040004_1_3;-1.91242;116.194233
6950;25986056;TUTI HARIYANTI;Jl. Jend A Yani RT 006;6401050002;64;1;50;2;KALIMANTAN TIMUR;PASER;KUARO;KUARO;eyJpdiI6InRmSGVYL0pEWTM1anoyYW5JMk9RS2c9PSIsInZhbHVlIjoiUFhzaElMLzdGWk9VMnI5T0hkbFF1Zz09IiwibWFjIjoiYjY3NTdmNzhiOTRmOTY5OWFhMTNjYWIyNDgwNGE4ZGIzYzcwNTU0MmFkZWMyMjFhNTdlYzUxOTg4MDE2ZmQ2YiIsInRhZyI6IiJ9;;"[Kegiatan Usaha: -, Kategori: -, KBLI: 01262]; [Kegiatan Usaha: Perkebunan Buah Kelapa Sawit, Katego...";;;24/11/2025;;OSS - Perorangan;;;invalid;;;FALSE;FALSE;TRUE;;;invalid;;;;-1.81602025;116.0841879;tuti hariyanti;0;0;0;;;jl jend a yani rt 006;;1;tuti hariyanti jl jend a yani rt 006 kbli01;1;0;1;0;Aktif;Jl Jend A Yani RT 006;6;0;;;TARIK 02 FEB - 12.00 WITA;6401050002_6_0;-1.81403;116.084829
6951;28564327;SRI NURJANAH ;RT.014;6401080006;64;1;80;6;KALIMANTAN TIMUR;PASER;LONG KALI;LONG KALI;eyJpdiI6InZ4N0lKdjFHeXVJdzNrSlpaR2tCeHc9PSIsInZhbHVlIjoibndCa0taN3hRdkc5WjcxYnJPL3JrUT09IiwibWFjIjoiMDA1Y2YzYzRhNGExNjEwNGExMDRiYTQ4OTNkZDkyNmMyMTQ1ZDdhMjA4OTk5OTQxNWM5NzZiOGQxOTgyZGNmMCIsInRhZyI6IiJ9;;[Kegiatan Usaha: Perdagangan Eceran Berbagai Macam Barang Yang Utamanya Makanan, Minuman Atau Tembak...;;;24/11/2025;;OSS - Perorangan;;;invalid;;;FALSE;FALSE;TRUE;;;invalid;;;;-1.520170775;116.3245263;sri nurjanah;0;0;0;;;rt 014;;0;sri nurjanah rt 014 kbli00;1;0;1;0;Aktif;RT014;14;0;;;TARIK 02 FEB - 12.00 WITA;6401080006_14_0;-1.50549;116.329552
6963;31393530;H.MUHAMMAD SUBLI;JL. Modang RT/RW 006/003;6401040004;64;1;40;4;KALIMANTAN TIMUR;PASER;TANAH GROGOT;TANAH GROGOT;eyJpdiI6InA4Tmo1WGxQRE5EMDVuQjNsaTlGTHc9PSIsInZhbHVlIjoib0l0QldLcXREWHhSa203SU02SS9jdz09IiwibWFjIjoiNzcwMzQzYTQzNGU2OWUyZmIwOWIxZGM4MDk1ODA5Zjk5MmIyNDg5MjRjYjE3NTYxNDkzYTUwMTEwOGE1NzdjMCIsInRhZyI6IiJ9;;"[Kegiatan Usaha: -, Kategori: -, KBLI: 47711]; [Kegiatan Usaha: Perdagangan Eceran Pakaian, Kategori...";;;24/11/2025;;OSS - Perorangan;;;invalid;;;FALSE;FALSE;TRUE;;;invalid;;;;;;h muhammad subli;0;0;0;;;jl modang rt rw 006 003;;47;h muhammad subli jl modang rt rw 006 003 kbli47;1;0;1;0;Aktif;JL Modang RTRW 006003;6;3;;;TARIK 02 FEB - 12.00 WITA;6401040004_6_3;-1.91208;116.192794
6964;30259334;YOKE ANDRIANTO;Jl. Paya Rupiah, No. 21, Rt. 014, Rw. 006;6401040004;64;1;40;4;KALIMANTAN TIMUR;PASER;TANAH GROGOT;TANAH GROGOT;eyJpdiI6InAwWmJCTnA1eGROSW5nT2F6MHIxTkE9PSIsInZhbHVlIjoiL0JRMkc4ZTlsaWh5MDBRU1JkYlM5dz09IiwibWFjIjoiOGZiYjljNDAxZWZiZDA5ZWY4MGZmNzk0NmIyMGIzYmUxMTZhNDgwYTUzNzQwNzJhNWZiZWMxYzVlYTNhMDkyZSIsInRhZyI6IiJ9;;"[Kegiatan Usaha: -, Kategori: -, KBLI: 10792]; [Kegiatan Usaha: Industri Kue Basah, Kategori: , KBLI...";;;24/11/2025;;OSS - Perorangan;;;invalid;;;FALSE;FALSE;TRUE;;;invalid;;;;;;yoke andrianto;0;0;0;;;jl paya rupiah no 21 rt 014 rw 006;;10;yoke andrianto jl paya rupiah no 21 rt 014 rw 006 kbli10;1;0;1;0;Aktif;Jl Paya Rupiah No 21 Rt 014 Rw 006;14;6;;;TARIK 02 FEB - 12.00 WITA;6401040004_14_6;-1.90355;116.198665
6965;29047874;ANANDA DIMAS LANANG PARINGAN;Jln.hasanuddin RT 13 / RW 004;6401040004;64;1;40;4;KALIMANTAN TIMUR;PASER;TANAH GROGOT;TANAH GROGOT;eyJpdiI6IjNJL0dHRm45U0x3MGcyZzBrdXJzekE9PSIsInZhbHVlIjoicldrN3dRTEpNOThpTE5UOXY1ZjNuUT09IiwibWFjIjoiNjlhZmMwYTg3ZjZhMDE3MzlhYmVjZjgyYzRjOTQ1NzVjMzRhNDhkMjAwNTgxNDk0MjU5ZTQ5ZDAwYTg4ZmIzNyIsInRhZyI6IiJ9;;"[Kegiatan Usaha: -, Kategori: -, KBLI: 56102]; [Kegiatan Usaha: Rumah/Warung Makan, Kategori: , KBLI...";;;24/11/2025;;OSS - Perorangan;;;invalid;;;FALSE;FALSE;TRUE;;;invalid;;;;;;ananda dimas lanang paringan;0;0;0;;;jln hasanuddin rt 13 rw 004;;56;ananda dimas lanang paringan jln hasanuddin rt 13 rw 004 kbli56;1;0;1;0;Aktif;Jlnhasanuddin RT 13 RW 004;13;4;;;TARIK 02 FEB - 12.00 WITA;6401040004_13_4;-1.9044;116.191298
6968;31866194;JURIAH;JL. KH. AHMAD DAHLAN RT/RW 015/006;6401040004;64;1;40;4;KALIMANTAN TIMUR;PASER;TANAH GROGOT;TANAH GROGOT;eyJpdiI6Ilk5V3ZqN0R1TkpQdnVGNHZ2VVlLRnc9PSIsInZhbHVlIjoianZudTVBb0dHQXVMVDhZbnN2eFpOZz09IiwibWFjIjoiMDczNjgwYzc0OTdiMmQwMTgyZTk2YzE2N2QxNTBjMzkwM2I1MDA4NGE4MDkyYjhjNGJkM2Q2NDMzNWExN2JjYSIsInRhZyI6IiJ9;;"[Kegiatan Usaha: -, Kategori: -, KBLI: 10313]; [Kegiatan Usaha: Industri Pengeringan Buah-buahan Dan...";;;24/11/2025;;OSS - Perorangan;;;invalid;;;FALSE;FALSE;TRUE;;;invalid;;;;;;juriah;0;0;0;;;jl kh ahmad dahlan rt rw 015 006;;10;juriah jl kh ahmad dahlan rt rw 015 006 kbli10;1;0;1;0;Aktif;JL KH AHMAD DAHLAN RTRW 015006;15;6;;;TARIK 02 FEB - 12.00 WITA;6401040004_15_6;-1.90753;116.198644
6973;32385507;Apotek  W'Lia Farma <AULIA SANJAYA>;Jalan Negara RT. 7;6401080006;64;1;80;6;KALIMANTAN TIMUR;PASER;LONG KALI;LONG KALI;eyJpdiI6IjV4U2ppZStPaXZCb3BUWDRTVzh3Vmc9PSIsInZhbHVlIjoiMjNiQlIwbWtCT0pIRkFwcFhKL093Zz09IiwibWFjIjoiODgxMmUwYjU0Mzk5YmM1OWQ0Y2ZlNjFiMGIzOWVhYTljODQ3OTA5YWUyYTU3NjgxYzMwM2I4ODBiZWFmMTFjOSIsInRhZyI6IiJ9;;[Kegiatan Usaha: -, Kategori: G, KBLI: 47721];;;07/12/2025;;OSS - Perorangan;;;invalid;;;FALSE;FALSE;TRUE;;;invalid;;;;-1.518162573;116.3196704;apotek w lia farma aulia sanjaya;0;0;0;;;jalan negara rt 7;;47;apotek w lia farma aulia sanjaya jalan negara rt 7 kbli47;1;0;1;1;Aktif;Jalan Negara RT 7;7;0;;;TARIK 02 FEB - 12.00 WITA;6401080006_7_0;-1.51799;116.320701
6978;27529293;REYNALDI FERDIAN MALAU;RT.003;6401080006;64;1;80;6;KALIMANTAN TIMUR;PASER;LONG KALI;LONG KALI;eyJpdiI6IlppSVBQY0RqQnE0QnFibGFrWnJ3dXc9PSIsInZhbHVlIjoiQWY0eS9tUjY2ZWN5ZFFvK25pK3kzUT09IiwibWFjIjoiZGFkYzAxZDRhZDNiZWY4ZmFmOGNlMzg4OTQxNWExYzJiMGZkYTlmZjQxNjM3YmM3Zjg1OTNkMjE1NDZkZWEzOCIsInRhZyI6IiJ9;;"[Kegiatan Usaha: -, Kategori: -, KBLI: 01262]; [Kegiatan Usaha: Perkebunan Buah Kelapa Sawit, Katego...";;;24/11/2025;;OSS - Perorangan;;;invalid;;;FALSE;FALSE;TRUE;;;invalid;;;;-1.513859068;116.3403714;reynaldi ferdian malau;0;0;0;;;rt 003;;1;reynaldi ferdian malau rt 003 kbli01;1;0;1;0;Aktif;RT003;3;0;;;TARIK 02 FEB - 12.00 WITA;6401080006_3_0;-1.51189;116.350693
6987;30051650;IRAWAN;RT.013;6401080006;64;1;80;6;KALIMANTAN TIMUR;PASER;LONG KALI;LONG KALI;eyJpdiI6IlZTbzFRTjNmVFRpQWpSQWEyRDNGVWc9PSIsInZhbHVlIjoiOEJPbGUyN2tYOW9oeUZpbGROZmJCQT09IiwibWFjIjoiYTgwNDE4ZDAxMTI1NDkyMzJjMDkxODlmMmNhMzAzNjFkNWJhMDUwNjgzNmI5ZmM2YmU0YzQ5MWRkZjdkYzdhNSIsInRhZyI6IiJ9;;"[Kegiatan Usaha: Kedai Minuman, Kategori: , KBLI: 56304]; [Kegiatan Usaha: -, Kategori: -, KBLI: 563...";;;24/11/2025;;OSS - Perorangan;;;invalid;;;FALSE;FALSE;TRUE;;;invalid;;;;-1.52121982;116.326082;irawan;0;0;0;;;rt 013;;56;irawan rt 013 kbli56;1;0;1;0;Aktif;RT013;13;0;;;TARIK 02 FEB - 12.00 WITA;6401080006_13_0;-1.5205;116.326769
6993;28448256;HAIRUL KUSNIYADI;LONG KALI RT. 10;6401080006;64;1;80;6;KALIMANTAN TIMUR;PASER;LONG KALI;LONG KALI;eyJpdiI6IkwyeEJNMmxzRTY3V2RkbXJXKzNpdGc9PSIsInZhbHVlIjoia28yTE9JMGxMZklQQ1pqTUI1WENzUT09IiwibWFjIjoiZTk1ZjZiMzE0NzE1ZTc4OTgzNjRmYWRhZWIzOGZjNTkyOTg0NDIwNGRkZmEzZjdhNzc0MGJiNjk3MWU5OTJmNCIsInRhZyI6IiJ9;;"[Kegiatan Usaha: -, Kategori: -, KBLI: 01262]; [Kegiatan Usaha: Perkebunan Buah Kelapa Sawit, Katego...";;;24/11/2025;;OSS - Perorangan;;;invalid;;;FALSE;FALSE;TRUE;;;invalid;;;;-1.543616969;116.3437993;hairul kusniyadi;0;0;0;;;long kali rt 10;;1;hairul kusniyadi long kali rt 10 kbli01;1;0;1;0;Aktif;LONG KALI RT 10;10;0;;;TARIK 02 FEB - 12.00 WITA;6401080006_10_0;-1.53162;116.348563
7000;26145783;MURNIWATI;RT.014;6401080006;64;1;80;6;KALIMANTAN TIMUR;PASER;LONG KALI;LONG KALI;eyJpdiI6IlNOL0NZODkzU1ZncGFBTmxqdFZ1akE9PSIsInZhbHVlIjoiTnVsWmxWK0ZpZTN6SUN5cDB1UitOdz09IiwibWFjIjoiY2MzNmM2YjIyOTJmZjAzYjVmNzAwMWRiZjg3NTY4YTQ2ZTUzMjk5YmViYTczZTdiYzQ2MzBjZDdiZjc5NzBhYSIsInRhZyI6IiJ9;;"[Kegiatan Usaha: -, Kategori: -, KBLI: 01262]; [Kegiatan Usaha: Perkebunan Buah Kelapa Sawit, Katego...";;;24/11/2025;;OSS - Perorangan;;;invalid;;;FALSE;FALSE;TRUE;;;invalid;;;;-1.51866625;116.3224436;murniwati;0;0;0;;;rt 014;;1;murniwati rt 014 kbli01;1;0;1;0;Aktif;RT014;14;0;;;TARIK 02 FEB - 12.00 WITA;6401080006_14_0;-1.50549;116.329552
7003;29705793;SAKRI ;RT.014. Kelurahan Long Kali;6401080006;64;1;80;6;KALIMANTAN TIMUR;PASER;LONG KALI;LONG KALI;eyJpdiI6InYvRUxWQ2s3eUgxS1dWUEVsRzlIOWc9PSIsInZhbHVlIjoiUWVyaXpValVRcXpxdk5EM1hiaGxmdz09IiwibWFjIjoiYzcwNDhiYTIzZDNiYTc0ZTEzNDUwYTNjZmIzYWM3Nzc3NTE4MTE3YTJkNTlhZTQ5ZGE1NTViMGRhYTZkNzRiNSIsInRhZyI6IiJ9;;"[Kegiatan Usaha: -, Kategori: -, KBLI: 56102]; [Kegiatan Usaha: Rumah/Warung Makan, Kategori: , KBLI...";;;24/11/2025;;OSS - Perorangan;;;invalid;;;FALSE;FALSE;TRUE;;;invalid;;;;-1.520037382;116.3243563;sakri;0;0;0;;;rt 014 kelurahan long kali;;56;sakri rt 014 kelurahan long kali kbli56;1;0;1;0;Aktif;RT014 Kelurahan Long Kali;14;0;;;TARIK 02 FEB - 12.00 WITA;6401080006_14_0;-1.50549;116.329552
7014;30387199;VERRY SETYO ENGGRYAWAN;"""MITRA MOBIL"" Jl. P. Diponegoro RT, 010 RW.003";6401040004;64;1;40;4;KALIMANTAN TIMUR;PASER;TANAH GROGOT;TANAH GROGOT;eyJpdiI6InYzQXhJOWJYbU8zaDVKTVdVeDVwTUE9PSIsInZhbHVlIjoiZkxWeXBSOFNsTzljMUFjNU15Mlg4Zz09IiwibWFjIjoiOGUxNmU3ZjU0Yzg1OGViZjI4NjUxYzYwNmJjZGI4M2NiNjAxZThhMDdjOGRmMDUwZjkxY2I3ZmM5ZGFjMzVjMiIsInRhZyI6IiJ9;;"[Kegiatan Usaha: Perdagangan Besar Mobil Baru, Kategori: , KBLI: 45101]; [Kegiatan Usaha: -, Kategor...";;;24/11/2025;;OSS - Perorangan;;;invalid;;;FALSE;FALSE;TRUE;;;invalid;;;;;;verry setyo enggryawan;0;0;0;;;mitra mobil jl p diponegoro rt 010 rw 003;;45;verry setyo enggryawan mitra mobil jl p diponegoro rt 010 rw 003 kbli45;1;0;1;0;Aktif;MITRA MOBIL Jl P Diponegoro RT 010 RW003;10;3;;;TARIK 02 FEB - 12.00 WITA;6401040004_10_3;-1.91316;116.195833
7017;28689689;IRMA YUNITA;RT.09 LONG KALI;6401080006;64;1;80;6;KALIMANTAN TIMUR;PASER;LONG KALI;LONG KALI;eyJpdiI6IkNvblE2SlhtMXc3MUwvdUdRSVRKRVE9PSIsInZhbHVlIjoiSEJUMHhiRmN2R1EzUVBrL3BtdHRLUT09IiwibWFjIjoiZDRiYzAzMTIyOTI5NTAwNTQ5ZmY1Y2EzNDk5NjNiMzllNGVhMTc2NzhhMTk4ODgyMzk5YjAzNGZiZWU4ODQ0MCIsInRhZyI6IiJ9;;"[Kegiatan Usaha: -, Kategori: -, KBLI: 01262]; [Kegiatan Usaha: Perkebunan Buah Kelapa Sawit, Katego...";;;24/11/2025;;OSS - Perorangan;;;invalid;;;FALSE;FALSE;TRUE;;;invalid;;;;-1.50247;116.32358;irma yunita;0;0;0;;;rt 09 long kali;;1;irma yunita rt 09 long kali kbli01;1;0;1;0;Aktif;RT09 LONG KALI;9;0;;;TARIK 02 FEB - 12.00 WITA;6401080006_9_0;-1.50142;116.302752
7022;25884860;MENDOAN MAS GAN <GANESWARA>;Jalan Pierre Tendean;6401040004;64;1;40;4;KALIMANTAN TIMUR;PASER;TANAH GROGOT;TANAH GROGOT;eyJpdiI6Inp2Z1REVFhralVGaG1pQnFJRHkwWlE9PSIsInZhbHVlIjoiMmtSdmZYWmUyY0VvQnBHd0pEOUxaQT09IiwibWFjIjoiNzc4MTBmYWQzODFhMzg1MGZjMGJmN2Y0MzlhNDg5MjMxNzc5MTE0NDUxZjIxNWIwYjdmMzg0ZjgyOGZjOThkNCIsInRhZyI6IiJ9;;[Kegiatan Usaha: -, Kategori: -, KBLI: 47829];;;07/12/2025;;OSS - Perorangan;;;invalid;;;FALSE;FALSE;TRUE;;;invalid;;;;;;mendoan mas gan ganeswara;0;0;0;;;jalan pierre tendean;;47;mendoan mas gan ganeswara jalan pierre tendean kbli47;3;0;1;1;Tutup;Jalan Pierre Tendean;0;0;;;TARIK 02 FEB - 12.00 WITA;6401040004_0_0;;
7024;29951066;LILIK MARIATI;Jl Padat Karya No 28 Rt 11 Rw 05;6401040004;64;1;40;4;KALIMANTAN TIMUR;PASER;TANAH GROGOT;TANAH GROGOT;eyJpdiI6Ik1PemVzSDhUelMyUWpJb0N4a2FRZXc9PSIsInZhbHVlIjoiK3dabWFBUTFjM2VGMmtxSjZyMngwZz09IiwibWFjIjoiZGQ3OTY3Yzg3M2E2MDg0ZThmMjU3Y2QwZDc2Mzk4NmI5ZjA4OTU0NGRhYjA5M2ZjZDczMmI4MWRlNmQyNmRlNCIsInRhZyI6IiJ9;;"[Kegiatan Usaha: -, Kategori: -, KBLI: 10799]; [Kegiatan Usaha: Industri Produk Makanan Lainnya, Kat...";;;24/11/2025;;OSS - Perorangan;;;invalid;;;FALSE;FALSE;TRUE;;;invalid;;;;;;lilik mariati;0;0;0;;;jl padat karya no 28 rt 11 rw 05;;10;lilik mariati jl padat karya no 28 rt 11 rw 05 kbli10;1;0;1;0;Aktif;Jl Padat Karya No 28 Rt 11 Rw 05;11;5;;;TARIK 02 FEB - 12.00 WITA;6401040004_11_5;-1.91954;116.194281
7037;30221998;TANG KHUN FONG;""" UD ABC "" Jalan Mulawarman No. 36 RT. 007 RW. 001";6401040004;64;1;40;4;KALIMANTAN TIMUR;PASER;TANAH GROGOT;TANAH GROGOT;eyJpdiI6InhBRmpBcUE2NFpURVJGUVVRTVE5Umc9PSIsInZhbHVlIjoiT21mWkVDL0o1Z1EzS3RBS0N4eEo0QT09IiwibWFjIjoiZGI1NjFjNTM2ZDA2YTliMjJhMzQzZmFkMTFlZDA3ZDZhODk2NDllM2ZhOTMzNzI3OWQ1Y2FmZTdiYmMzN2ZmNyIsInRhZyI6IiJ9;;"[Kegiatan Usaha: -, Kategori: -, KBLI: 47112]; [Kegiatan Usaha: Perdagangan Eceran Berbagai Macam Ba...";;;24/11/2025;;OSS - Perorangan;;;invalid;;;FALSE;FALSE;TRUE;;;invalid;;;;;;tang khun fong;0;0;0;;;ud abc jalan mulawarman no 36 rt 007 rw 001;;47;tang khun fong ud abc jalan mulawarman no 36 rt 007 rw 001 kbli47;1;0;1;0;Aktif;UD ABC Jalan Mulawarman No 36 RT 007 RW 001;7;1;;;TARIK 02 FEB - 12.00 WITA;6401040004_7_1;-1.91538;116.199092
7043;27510312;HENRA;JL. SENAKEN RT 001 PASAR SENAKEN;6401040016;64;1;40;16;KALIMANTAN TIMUR;PASER;TANAH GROGOT;SENAKEN;eyJpdiI6Ims2Wm02NWtwNmtXcy9wWGd6Q3I4a3c9PSIsInZhbHVlIjoiVVlTT241R1JQVXdvMjliL0I0c2o5Zz09IiwibWFjIjoiNDUyMmZlNDBmNmEwZGZlZGQ5NzU1Yjc1NjYzNTg2M2NmYTNmZGY5MWQ4NGNmOWRhOTE0NGYxYWQxNzM3ZTRkZCIsInRhZyI6IiJ9;;"[Kegiatan Usaha: -, Kategori: -, KBLI: 47112]; [Kegiatan Usaha: Perdagangan Eceran Berbagai Macam Ba...";;;24/11/2025;;OSS - Perorangan;;;invalid;;;FALSE;FALSE;TRUE;;;invalid;;;;;;henra;0;0;0;;;jl senaken rt 001 pasar senaken;;47;henra jl senaken rt 001 pasar senaken kbli47;1;0;1;0;Aktif;JL SENAKEN RT 001 PASAR SENAKEN;1;0;;1;TARIK 02 FEB - 12.00 WITA;6401040016_1_0;-1.9056;116.204143
7045;31089946;IRA NOVIANTI;Pait RT. 006;6401060004;64;1;60;4;KALIMANTAN TIMUR;PASER;LONG IKIS;PAIT;eyJpdiI6ImM3dHBrcFlxN0x5ODNTM0pCc3ZzZkE9PSIsInZhbHVlIjoib3BCVHg1bHJwS0JsVFd3Q1kzKzd1QT09IiwibWFjIjoiMTkyM2ZiMjE2M2MxZjI3YjBmZWNkY2E4ZDc3NTE1NjZhNTg5MDkxOTdjNjkxMmYzYmUyMmUyNWQ1NWQ0YzYyOCIsInRhZyI6IiJ9;;"[Kegiatan Usaha: -, Kategori: -, KBLI: 47722]; [Kegiatan Usaha: Perdagangan Eceran Barang Dan Obat F...";;;24/11/2025;;OSS - Perorangan;;;invalid;;;FALSE;FALSE;TRUE;;;invalid;;;;-1.605435;116.1657067;ira novianti;0;0;0;;;pait rt 006;;47;ira novianti pait rt 006 kbli47;1;0;1;0;Aktif;Pait RT 006;6;0;;;TARIK 02 FEB - 12.00 WITA;6401060004_6_0;-1.6054;116.16655
7056;26415165;AYU DWIYANA FEBRIYANTI;Jl. Sultan Ibrahim Khaliludin Rt 13 Rw 04;6401040004;64;1;40;4;KALIMANTAN TIMUR;PASER;TANAH GROGOT;TANAH GROGOT;eyJpdiI6Ikd6RklXcUxDVVdYTjNUdXlRL2Y5MWc9PSIsInZhbHVlIjoiTnJLcDBPQzZLYnhKWVU0M05EWXhkdz09IiwibWFjIjoiZmNhMWM0Y2IyYmIwNDc4YmEwYzZlMzQ5NjBiMzY3OGUwYTgwZTYwNzgwNmFjMjY3MzE1ZWI1NjIxMjBjMzUyMSIsInRhZyI6IiJ9;;"[Kegiatan Usaha: Perdagangan Besar Makanan Dan Minuman Lainnya, Kategori: , KBLI: 46339]; [Kegiatan ...";;;24/11/2025;;OSS - Perorangan;;;invalid;;;FALSE;FALSE;TRUE;;;invalid;;;;;;ayu dwiyana febriyanti;0;0;0;;;jl sultan ibrahim khaliludin rt 13 rw 04;;46;ayu dwiyana febriyanti jl sultan ibrahim khaliludin rt 13 rw 04 kbli46;1;0;1;0;Aktif;Jl Sultan Ibrahim Khaliludin Rt 13 Rw 04;13;4;;;TARIK 02 FEB - 12.00 WITA;6401040004_13_4;-1.9044;116.191298
7059;28867079;SYAMSIA;Jl yos sudarso RT.003 RW.00;6401040016;64;1;40;16;KALIMANTAN TIMUR;PASER;TANAH GROGOT;SENAKEN;eyJpdiI6Ik5hWTE4Tk5wYTA1aVFDRVhOZlIvVFE9PSIsInZhbHVlIjoiWndqZDZJWEU2eWhjRlI4cFVKRDdkZz09IiwibWFjIjoiNDQ5ZWUzYmYwZjM3ZjZkOWFiYmYyODVhZmNkMTFhMTdhNWM0NGRlZDJiNzI1ZWFmZGUyMGZmNDhmZGRiZmFmMiIsInRhZyI6IiJ9;;[Kegiatan Usaha: -, Kategori: -, KBLI: 03252];;;15/12/2025;;OSS - Perorangan;;;invalid;;;FALSE;FALSE;TRUE;;;invalid;;;;;;syamsia;0;0;0;;;jl yos sudarso rt 003 rw 00;;3;syamsia jl yos sudarso rt 003 rw 00 kbli03;1;0;1;0;Aktif;Jl yos sudarso RT003 RW00;3;0;;;TARIK 02 FEB - 12.00 WITA;6401040016_3_0;-1.90529;116.209105
7062;28420110;RISA UMIYATI;Jl. A. Wahab Syahrani RT.013 / RW.004;6401040004;64;1;40;4;KALIMANTAN TIMUR;PASER;TANAH GROGOT;TANAH GROGOT;eyJpdiI6IktvSmM2TExJcDZGTnFxamkrNS9HRUE9PSIsInZhbHVlIjoiNGt2eHpHZ1Jkdmk2UzA3MklIRTduUT09IiwibWFjIjoiMDBjMTdhYjY1YTIzOWY4ZWFkODJiODlkYWU4ZWUxNjM0M2UwZGFlZTY0MTM2YzU0OGE2NDY5MTI5MDlhNzZhNCIsInRhZyI6IiJ9;;"[Kegiatan Usaha: Rumah/Warung Makan, Kategori: , KBLI: 56102]; [Kegiatan Usaha: -, Kategori: -, KBLI...";;;24/11/2025;;OSS - Perorangan;;;invalid;;;FALSE;FALSE;TRUE;;;invalid;;;;;;risa umiyati;0;0;0;;;jl a wahab syahrani rt 013 rw 004;;56;risa umiyati jl a wahab syahrani rt 013 rw 004 kbli56;1;0;1;0;Aktif;Jl A Wahab Syahrani RT013 RW004;13;4;;;TARIK 02 FEB - 12.00 WITA;6401040004_13_4;-1.9044;116.191298
7063;27436497;MUHAMAD FACHRIZAL NOOR;Jl. Kapt. Piere Tendean RT. 005 RW. 004;6401040004;64;1;40;4;KALIMANTAN TIMUR;PASER;TANAH GROGOT;TANAH GROGOT;eyJpdiI6IlZvVTF0UUxTT1RVUmlMdlRsY0JiSnc9PSIsInZhbHVlIjoib2ZkZWZWVGUrM1VEMlRFTDVSRWJiQT09IiwibWFjIjoiZjBlNmJlYzg3NTQ4N2E1YzYzNzc2YWM1MDNkMjcyOTZiNmMxYzc5ZGYyMTliYjRjMTVlNTAxODUwNGE5MDJhMCIsInRhZyI6IiJ9;;"[Kegiatan Usaha: -, Kategori: -, KBLI: 56102]; [Kegiatan Usaha: Rumah/Warung Makan, Kategori: , KBLI...";;;24/11/2025;;OSS - Perorangan;;;invalid;;;FALSE;FALSE;TRUE;;;invalid;;;;;;muhamad fachrizal noor;0;0;0;;;jl kapt piere tendean rt 005 rw 004;;56;muhamad fachrizal noor jl kapt piere tendean rt 005 rw 004 kbli56;1;0;1;0;Aktif;Jl Kapt Piere Tendean RT 005 RW 004;5;4;;;TARIK 02 FEB - 12.00 WITA;6401040004_5_4;-1.90186;116.196795
7067;26424482;MINAH SARIANI;Suatang Rt 10;6401040003;64;1;40;3;KALIMANTAN TIMUR;PASER;TANAH GROGOT;TEPIAN BATANG;eyJpdiI6Im1sWUtySjh3S2RqN0krOTdsb0hjSlE9PSIsInZhbHVlIjoiYjUyenhmRGo1a240MFFHZGcrbjZhQT09IiwibWFjIjoiOTU4ODk5OWMxMzU0NTFlZWNjZjgwYmM2YWYxZWM1MWQwMGM5Y2I3OTY2ZmZhNzNlMTVhOTVhNDQ4Zjk1ZGNlNiIsInRhZyI6IiJ9;;"[Kegiatan Usaha: Perdagangan Besar Barang Lainnya Dari Tekstil, Kategori: , KBLI: 46414]; [Kegiatan ...";;;24/11/2025;;OSS - Perorangan;;;invalid;;;FALSE;FALSE;TRUE;;;invalid;;;;;;minah sariani;0;0;0;;;suatang rt 10;;46;minah sariani suatang rt 10 kbli46;1;0;1;0;Aktif;Suatang Rt 10;10;0;;;TARIK 02 FEB - 12.00 WITA;6401040003_10_0;-1.87524;116.185791
7070;29141471;FAISA PUJI SUSILA;Jalan provinsi  desa pait RT 01 no 138;6401060004;64;1;60;4;KALIMANTAN TIMUR;PASER;LONG IKIS;PAIT;eyJpdiI6IjVWSitiTXVGbTVKUFRUVHRpNTNwZFE9PSIsInZhbHVlIjoiSFpKaFphZCtOL2NEdnBaNndEdkQwUT09IiwibWFjIjoiMGM2MTQ2OTg5MGE1ZjM0YmI1YjhkYjNlMjhjMTFmMjc4N2VjZGU1MDZmMmU2NzlhMzUyMDVkNzE5NjQ3ZjdjZCIsInRhZyI6IiJ9;;"[Kegiatan Usaha: -, Kategori: -, KBLI: 14120]; [Kegiatan Usaha: -, Kategori: -, KBLI: 47513]; [Kegia...";;;24/11/2025;;OSS - Perorangan;;;invalid;;;FALSE;FALSE;TRUE;;;invalid;;;;-1.60187219;116.1706878;faisa puji susila;0;0;0;;;jalan provinsi desa pait rt 01 no 138;;14;faisa puji susila jalan provinsi desa pait rt 01 no 138 kbli14;1;0;1;0;Aktif;Jalan provinsi desa pait RT 01 no 138;1;0;;;TARIK 02 FEB - 12.00 WITA;6401060004_1_0;-1.60054;116.173873
7073;26189311;SITI NORSALEHA;RT.01;6401080006;64;1;80;6;KALIMANTAN TIMUR;PASER;LONG KALI;LONG KALI;eyJpdiI6Ik11NXJDNDg3Y2pFa1hoV2dkeTJENGc9PSIsInZhbHVlIjoiVk9FU1pKd2tTdm5zeWxNWEdZeFhzZz09IiwibWFjIjoiZjI2YzQzMDQwNjhjZjhlNjg5N2JmMDYxNDNhYjc3YzNhNzM1Y2E5ZDY1NWMyMDJmNGU4M2Q4ZTIzMTUzNzk0OSIsInRhZyI6IiJ9;;"[Kegiatan Usaha: -, Kategori: -, KBLI: 56103]; [Kegiatan Usaha: Kedai Makanan, Kategori: , KBLI: 561...";;;24/11/2025;;OSS - Perorangan;;;invalid;;;FALSE;FALSE;TRUE;;;invalid;;;;-1.520331651;116.3194817;siti norsaleha;0;0;0;;;rt 01;;56;siti norsaleha rt 01 kbli56;1;0;1;0;Aktif;RT01;1;0;;;TARIK 02 FEB - 12.00 WITA;6401080006_1_0;-1.5208;116.320584
7075;31637576;MASNAWATI;JALAN YOS SUDARSO GG. TAKA RT.001;6401040016;64;1;40;16;KALIMANTAN TIMUR;PASER;TANAH GROGOT;SENAKEN;eyJpdiI6ImxmTjAwMGtEaFBxNVFlQXpnQmZEMVE9PSIsInZhbHVlIjoiTFV5d2paTEEvVmJabGx6WXRyZ2doUT09IiwibWFjIjoiZmY2N2FkNzQxZjBjODJhNGJjNjg2NGQ0Y2QxNDI3Y2ExMGJkZjZlYWYwMmIzNzdhMDc0ODRhM2VhNjViOWVkMSIsInRhZyI6IiJ9;;"[Kegiatan Usaha: -, Kategori: -, KBLI: 38301]; [Kegiatan Usaha: -, Kategori: -, KBLI: 38302]; [Kegia...";;;15/12/2025;;OSS - Perorangan;;;invalid;;;FALSE;FALSE;TRUE;;;invalid;;;;;;masnawati;0;0;0;;;jalan yos sudarso gg taka rt 001;;38;masnawati jalan yos sudarso gg taka rt 001 kbli38;1;0;1;0;Aktif;JALAN YOS SUDARSO GG TAKA RT001;1;0;;;TARIK 02 FEB - 12.00 WITA;6401040016_1_0;-1.9056;116.204143
7086;32272040;BAHRAINI;Jln. Sultan Iskandar Muda RT. 003 RW. 005;6401040004;64;1;40;4;KALIMANTAN TIMUR;PASER;TANAH GROGOT;TANAH GROGOT;eyJpdiI6Imo1dlczanlxclZrVnVTWSt5UUFVM0E9PSIsInZhbHVlIjoiU2FyVU5RN2E0M3d1MW9hejVpR2ZkUT09IiwibWFjIjoiMTNmMmI0ZmEwZDhjZDYyMTY5YjQ0ZjdjMDQ5MTdjZmY1N2VmZjdjMGNkMmFmMTJjNDRmNWQzN2MxNTk3YjY4NSIsInRhZyI6IiJ9;;"[Kegiatan Usaha: Perdagangan Eceran Ikan Hias, Kategori: , KBLI: 47753]; [Kegiatan Usaha: -, Kategor...";;;24/11/2025;;OSS - Perorangan;;;invalid;;;FALSE;FALSE;TRUE;;;invalid;;;;;;bahraini;0;0;0;;;jln sultan iskandar muda rt 003 rw 005;;47;bahraini jln sultan iskandar muda rt 003 rw 005 kbli47;1;0;1;0;Aktif;Jln Sultan Iskandar Muda RT 003 RW 005;3;5;;;TARIK 02 FEB - 12.00 WITA;6401040004_3_5;-1.91821;116.191961
7087;26515446;BUNGA INDAH HANDAYANI;Jl Kh Ahmad Dahlan Rt 06 Rw 06;6401040004;64;1;40;4;KALIMANTAN TIMUR;PASER;TANAH GROGOT;TANAH GROGOT;eyJpdiI6IkZxNEFCL2ZsSjdvbXh4YlYwSm9aQWc9PSIsInZhbHVlIjoiR1JnZzdhRGR0SHVjcm1HNUtvWFZVdz09IiwibWFjIjoiMzIyN2E4YTdiOGMyMWI2NDJkOTM4NGQwNjNkMTY2YzQ1ODk4NDBlOTJmNzU3MTMyM2ZmYTNhZmY5NTgxZDUzNCIsInRhZyI6IiJ9;;"[Kegiatan Usaha: Industri Produk Makanan Lainnya, Kategori: , KBLI: 10799]; [Kegiatan Usaha: -, Kate...";;;24/11/2025;;OSS - Perorangan;;;invalid;;;FALSE;FALSE;TRUE;;;invalid;;;;;;bunga indah handayani;0;0;0;;;jl kh ahmad dahlan rt 06 rw 06;;10;bunga indah handayani jl kh ahmad dahlan rt 06 rw 06 kbli10;1;0;1;0;Aktif;Jl Kh Ahmad Dahlan Rt 06 Rw 06;6;6;;;TARIK 02 FEB - 12.00 WITA;6401040004_6_6;-1.90864;116.198126
7089;32273892;YOGA PRASETYA;''TOKO KONTRAKAN'' JL. JEND. AHMAD YANI RT. 016 RW. 006;6401040004;64;1;40;4;KALIMANTAN TIMUR;PASER;TANAH GROGOT;TANAH GROGOT;eyJpdiI6ImRUVnVHTXlOcGV0Zk5HV3dycmhzdFE9PSIsInZhbHVlIjoiaXE5MGNJTmpvLzFIeU5ibzREaG9Pdz09IiwibWFjIjoiYjFjMDQ2N2E3YzUxNjRlZTRmNmY3OTVmZWYzZmYzNmZhYmI4N2RiZWFkM2I1N2MxMjgzZjRmZDEyY2JkYTI0ZCIsInRhZyI6IiJ9;;"[Kegiatan Usaha: -, Kategori: -, KBLI: 68111]; [Kegiatan Usaha: Real Estat Yang Dimiliki Sendiri Ata...";;;24/11/2025;;OSS - Perorangan;;;invalid;;;FALSE;FALSE;TRUE;;;invalid;;;;;;yoga prasetya;0;0;0;;;toko kontrakan jl jend ahmad yani rt 016 rw 006;;68;yoga prasetya toko kontrakan jl jend ahmad yani rt 016 rw 006 kbli68;1;0;1;0;Aktif;TOKO KONTRAKAN JL JEND AHMAD YANI RT 016 RW 006;16;6;;;TARIK 02 FEB - 12.00 WITA;6401040004_16_6;-1.90448;116.200946
