idsubsls;idsls;kdprov;kdkab;kdkec;kddesa;kdsls;kdsubsls;nmprov;nmkab;nmkec;nmdesa;nmsls;centroid_y;centroid_x
6.40101E+15;6.40101E+13;64;1;10;9;1;0;KALIMANTAN TIMUR;PASER;BATU SOPANG;SAMURANGAU;RT 001;-1.87998;115.890731
6.40101E+15;6.40101E+13;64;1;10;9;2;0;KALIMANTAN TIMUR;PASER;BATU SOPANG;SAMURANGAU;RT 002;-1.90309;115.891495
6.40101E+15;6.40101E+13;64;1;10;9;3;0;KALIMANTAN TIMUR;PASER;BATU SOPANG;SAMURANGAU;RT 003;-1.92847;115.871828
6.40101E+15;6.40101E+13;64;1;10;10;1;0;KALIMANTAN TIMUR;PASER;BATU SOPANG;BUSUI;RT 001;-1.79118;115.868303
6.40101E+15;6.40101E+13;64;1;10;10;2;0;KALIMANTAN TIMUR;PASER;BATU SOPANG;BUSUI;RT 002;-1.75638;115.86452
6.40101E+15;6.40101E+13;64;1;10;10;3;0;KALIMANTAN TIMUR;PASER;BATU SOPANG;BUSUI;RT 003;-1.73064;115.827309
6.40101E+15;6.40101E+13;64;1;10;10;4;0;KALIMANTAN TIMUR;PASER;BATU SOPANG;BUSUI;RT 004;-1.7363;115.822407
6.40101E+15;6.40101E+13;64;1;10;10;5;0;KALIMANTAN TIMUR;PASER;BATU SOPANG;BUSUI;RT 005;-1.71906;115.878188
6.40101E+15;6.40101E+13;64;1;10;10;6;0;KALIMANTAN TIMUR;PASER;BATU SOPANG;BUSUI;RT 006;-1.86348;115.77876
6.40101E+15;6.40101E+13;64;1;10;11;1;0;KALIMANTAN TIMUR;PASER;BATU SOPANG;BATU KAJANG;RT 001;-1.82229;115.934275
6.40101E+15;6.40101E+13;64;1;10;11;2;0;KALIMANTAN TIMUR;PASER;BATU SOPANG;BATU KAJANG;RT 002;-1.82383;115.927529
6.40101E+15;6.40101E+13;64;1;10;11;3;0;KALIMANTAN TIMUR;PASER;BATU SOPANG;BATU KAJANG;RT 003;-1.82281;115.925005
6.40101E+15;6.40101E+13;64;1;10;11;4;0;KALIMANTAN TIMUR;PASER;BATU SOPANG;BATU KAJANG;RT 004;-1.83122;115.930144
6.40101E+15;6.40101E+13;64;1;10;11;5;0;KALIMANTAN TIMUR;PASER;BATU SOPANG;BATU KAJANG;RT 005;-1.83225;115.937625
6.40101E+15;6.40101E+13;64;1;10;11;6;0;KALIMANTAN TIMUR;PASER;BATU SOPANG;BATU KAJANG;RT 006;-1.83294;115.932091
6.40101E+15;6.40101E+13;64;1;10;11;7;1;KALIMANTAN TIMUR;PASER;BATU SOPANG;BATU KAJANG;RT 007;-1.83244;115.929144
6.40101E+15;6.40101E+13;64;1;10;11;7;2;KALIMANTAN TIMUR;PASER;BATU SOPANG;BATU KAJANG;RT 007;-1.82897;115.928282
6.40101E+15;6.40101E+13;64;1;10;11;8;0;KALIMANTAN TIMUR;PASER;BATU SOPANG;BATU KAJANG;RT 008;-1.82971;115.927678
6.40101E+15;6.40101E+13;64;1;10;11;9;1;KALIMANTAN TIMUR;PASER;BATU SOPANG;BATU KAJANG;RT 009;-1.83223;115.927412
6.40101E+15;6.40101E+13;64;1;10;11;9;2;KALIMANTAN TIMUR;PASER;BATU SOPANG;BATU KAJANG;RT 009;-1.82968;115.926573
6.40101E+15;6.40101E+13;64;1;10;11;10;1;KALIMANTAN TIMUR;PASER;BATU SOPANG;BATU KAJANG;RT 010;-1.83839;115.923679
6.40101E+15;6.40101E+13;64;1;10;11;10;2;KALIMANTAN TIMUR;PASER;BATU SOPANG;BATU KAJANG;RT 010;-1.83536;115.926102
6.40101E+15;6.40101E+13;64;1;10;11;11;1;KALIMANTAN TIMUR;PASER;BATU SOPANG;BATU KAJANG;RT 011;-1.8347;115.926072
6.40101E+15;6.40101E+13;64;1;10;11;11;2;KALIMANTAN TIMUR;PASER;BATU SOPANG;BATU KAJANG;RT 011;-1.83453;115.92652
6.40101E+15;6.40101E+13;64;1;10;11;11;3;KALIMANTAN TIMUR;PASER;BATU SOPANG;BATU KAJANG;RT 011;-1.83389;115.92534
6.40101E+15;6.40101E+13;64;1;10;11;12;1;KALIMANTAN TIMUR;PASER;BATU SOPANG;BATU KAJANG;RT 012;-1.833;115.926866
6.40101E+15;6.40101E+13;64;1;10;11;12;2;KALIMANTAN TIMUR;PASER;BATU SOPANG;BATU KAJANG;RT 012;-1.8333;115.926125
6.40101E+15;6.40101E+13;64;1;10;11;13;1;KALIMANTAN TIMUR;PASER;BATU SOPANG;BATU KAJANG;RT 013;-1.83776;115.926887
6.40101E+15;6.40101E+13;64;1;10;11;13;2;KALIMANTAN TIMUR;PASER;BATU SOPANG;BATU KAJANG;RT 013;-1.83873;115.926901
6.40101E+15;6.40101E+13;64;1;10;11;13;3;KALIMANTAN TIMUR;PASER;BATU SOPANG;BATU KAJANG;RT 013;-1.83565;115.928659
6.40101E+15;6.40101E+13;64;1;10;11;13;4;KALIMANTAN TIMUR;PASER;BATU SOPANG;BATU KAJANG;RT 013;-1.83474;115.928722
6.40101E+15;6.40101E+13;64;1;10;11;13;5;KALIMANTAN TIMUR;PASER;BATU SOPANG;BATU KAJANG;RT 013;-1.83546;115.927554
6.40101E+15;6.40101E+13;64;1;10;11;13;6;KALIMANTAN TIMUR;PASER;BATU SOPANG;BATU KAJANG;RT 013;-1.83349;115.9295
6.40101E+15;6.40101E+13;64;1;10;11;14;1;KALIMANTAN TIMUR;PASER;BATU SOPANG;BATU KAJANG;RT 014;-1.83795;115.928459
6.40101E+15;6.40101E+13;64;1;10;11;14;2;KALIMANTAN TIMUR;PASER;BATU SOPANG;BATU KAJANG;RT 014;-1.8372;115.929579
6.40101E+15;6.40101E+13;64;1;10;11;14;3;KALIMANTAN TIMUR;PASER;BATU SOPANG;BATU KAJANG;RT 014;-1.83627;115.928959
6.40101E+15;6.40101E+13;64;1;10;11;15;1;KALIMANTAN TIMUR;PASER;BATU SOPANG;BATU KAJANG;RT 015;-1.83547;115.935063
6.40101E+15;6.40101E+13;64;1;10;11;15;2;KALIMANTAN TIMUR;PASER;BATU SOPANG;BATU KAJANG;RT 015;-1.83449;115.930734
6.40101E+15;6.40101E+13;64;1;10;11;15;3;KALIMANTAN TIMUR;PASER;BATU SOPANG;BATU KAJANG;RT 015;-1.83638;115.931012
6.40101E+15;6.40101E+13;64;1;10;11;16;1;KALIMANTAN TIMUR;PASER;BATU SOPANG;BATU KAJANG;RT 016;-1.84012;115.936912
6.40101E+15;6.40101E+13;64;1;10;11;16;2;KALIMANTAN TIMUR;PASER;BATU SOPANG;BATU KAJANG;RT 016;-1.83851;115.930747
6.40101E+15;6.40101E+13;64;1;10;11;16;3;KALIMANTAN TIMUR;PASER;BATU SOPANG;BATU KAJANG;RT 016;-1.83979;115.928279
6.40101E+15;6.40101E+13;64;1;10;11;17;1;KALIMANTAN TIMUR;PASER;BATU SOPANG;BATU KAJANG;RT 017;-1.84939;115.938747
6.40101E+15;6.40101E+13;64;1;10;11;17;2;KALIMANTAN TIMUR;PASER;BATU SOPANG;BATU KAJANG;RT 017;-1.84742;115.927251
6.40101E+15;6.40101E+13;64;1;10;11;18;1;KALIMANTAN TIMUR;PASER;BATU SOPANG;BATU KAJANG;RT 018;-1.8498;115.915237
6.40101E+15;6.40101E+13;64;1;10;11;18;2;KALIMANTAN TIMUR;PASER;BATU SOPANG;BATU KAJANG;RT 018;-1.83283;115.919606
6.40101E+15;6.40101E+13;64;1;10;11;19;1;KALIMANTAN TIMUR;PASER;BATU SOPANG;BATU KAJANG;RT 019;-1.83095;115.92439
6.40101E+15;6.40101E+13;64;1;10;11;19;2;KALIMANTAN TIMUR;PASER;BATU SOPANG;BATU KAJANG;RT 019;-1.82983;115.923192
6.40101E+15;6.40101E+13;64;1;10;11;19;3;KALIMANTAN TIMUR;PASER;BATU SOPANG;BATU KAJANG;RT 019;-1.83056;115.922547
6.40101E+15;6.40101E+13;64;1;10;11;20;0;KALIMANTAN TIMUR;PASER;BATU SOPANG;BATU KAJANG;RT 020;-1.82809;115.925137
6.40101E+15;6.40101E+13;64;1;10;11;21;1;KALIMANTAN TIMUR;PASER;BATU SOPANG;BATU KAJANG;RT 021;-1.82798;115.920863
6.40101E+15;6.40101E+13;64;1;10;11;21;2;KALIMANTAN TIMUR;PASER;BATU SOPANG;BATU KAJANG;RT 021;-1.82949;115.921793
6.40101E+15;6.40101E+13;64;1;10;11;21;3;KALIMANTAN TIMUR;PASER;BATU SOPANG;BATU KAJANG;RT 021;-1.82596;115.923429
6.40101E+15;6.40101E+13;64;1;10;11;22;1;KALIMANTAN TIMUR;PASER;BATU SOPANG;BATU KAJANG;RT 022;-1.82575;115.918177
6.40101E+15;6.40101E+13;64;1;10;11;22;2;KALIMANTAN TIMUR;PASER;BATU SOPANG;BATU KAJANG;RT 022;-1.82435;115.921421
6.40101E+15;6.40101E+13;64;1;10;11;22;3;KALIMANTAN TIMUR;PASER;BATU SOPANG;BATU KAJANG;RT 022;-1.82369;115.919817
6.40101E+15;6.40101E+13;64;1;10;11;23;1;KALIMANTAN TIMUR;PASER;BATU SOPANG;BATU KAJANG;RT 023;-1.82445;115.914728
6.40101E+15;6.40101E+13;64;1;10;11;23;2;KALIMANTAN TIMUR;PASER;BATU SOPANG;BATU KAJANG;RT 023;-1.82365;115.916309
6.40101E+15;6.40101E+13;64;1;10;11;23;3;KALIMANTAN TIMUR;PASER;BATU SOPANG;BATU KAJANG;RT 023;-1.82165;115.919247
6.40101E+15;6.40101E+13;64;1;10;11;23;4;KALIMANTAN TIMUR;PASER;BATU SOPANG;BATU KAJANG;RT 023;-1.82162;115.916003
6.40101E+15;6.40101E+13;64;1;10;11;24;1;KALIMANTAN TIMUR;PASER;BATU SOPANG;BATU KAJANG;RT 024;-1.82326;115.904484
6.40101E+15;6.40101E+13;64;1;10;11;24;2;KALIMANTAN TIMUR;PASER;BATU SOPANG;BATU KAJANG;RT 024;-1.82288;115.905499
6.40101E+15;6.40101E+13;64;1;10;11;24;3;KALIMANTAN TIMUR;PASER;BATU SOPANG;BATU KAJANG;RT 024;-1.82135;115.90856
6.40101E+15;6.40101E+13;64;1;10;11;24;4;KALIMANTAN TIMUR;PASER;BATU SOPANG;BATU KAJANG;RT 024;-1.82251;115.909605
6.40101E+15;6.40101E+13;64;1;10;11;24;5;KALIMANTAN TIMUR;PASER;BATU SOPANG;BATU KAJANG;RT 024;-1.82269;115.911852
6.40101E+15;6.40101E+13;64;1;10;11;24;6;KALIMANTAN TIMUR;PASER;BATU SOPANG;BATU KAJANG;RT 024;-1.82396;115.912431
6.40101E+15;6.40101E+13;64;1;10;11;24;7;KALIMANTAN TIMUR;PASER;BATU SOPANG;BATU KAJANG;RT 024;-1.82112;115.913606
6.40101E+15;6.40101E+13;64;1;10;11;24;8;KALIMANTAN TIMUR;PASER;BATU SOPANG;BATU KAJANG;RT 024;-1.81987;115.911548
6.40101E+15;6.40101E+13;64;1;10;11;25;1;KALIMANTAN TIMUR;PASER;BATU SOPANG;BATU KAJANG;RT 025;-1.83984;115.894919
6.40101E+15;6.40101E+13;64;1;10;11;25;2;KALIMANTAN TIMUR;PASER;BATU SOPANG;BATU KAJANG;RT 025;-1.83031;115.898798
6.40101E+15;6.40101E+13;64;1;10;11;25;3;KALIMANTAN TIMUR;PASER;BATU SOPANG;BATU KAJANG;RT 025;-1.82706;115.900148
6.40101E+15;6.40101E+13;64;1;10;11;25;4;KALIMANTAN TIMUR;PASER;BATU SOPANG;BATU KAJANG;RT 025;-1.8248;115.901675
6.40101E+15;6.40101E+13;64;1;10;11;25;5;KALIMANTAN TIMUR;PASER;BATU SOPANG;BATU KAJANG;RT 025;-1.82196;115.904145
6.40101E+15;6.40101E+13;64;1;10;11;25;6;KALIMANTAN TIMUR;PASER;BATU SOPANG;BATU KAJANG;RT 025;-1.8199;115.904688
6.40101E+15;6.40101E+13;64;1;10;11;25;7;KALIMANTAN TIMUR;PASER;BATU SOPANG;BATU KAJANG;RT 025;-1.81843;115.905036
6.40101E+15;6.40101E+13;64;1;10;11;25;8;KALIMANTAN TIMUR;PASER;BATU SOPANG;BATU KAJANG;RT 025;-1.81807;115.907108
6.40101E+15;6.40101E+13;64;1;10;11;25;9;KALIMANTAN TIMUR;PASER;BATU SOPANG;BATU KAJANG;RT 025;-1.817;115.907802
6.40101E+15;6.40101E+13;64;1;10;11;25;10;KALIMANTAN TIMUR;PASER;BATU SOPANG;BATU KAJANG;RT 025;-1.81417;115.904631
6.40101E+15;6.40101E+13;64;1;10;11;25;11;KALIMANTAN TIMUR;PASER;BATU SOPANG;BATU KAJANG;RT 025;-1.81885;115.908537
6.40101E+15;6.40101E+13;64;1;10;11;25;12;KALIMANTAN TIMUR;PASER;BATU SOPANG;BATU KAJANG;RT 025;-1.81976;115.907544
6.40101E+15;6.40101E+13;64;1;10;11;26;1;KALIMANTAN TIMUR;PASER;BATU SOPANG;BATU KAJANG;RT 026;-1.81798;115.910305
6.40101E+15;6.40101E+13;64;1;10;11;26;2;KALIMANTAN TIMUR;PASER;BATU SOPANG;BATU KAJANG;RT 026;-1.81741;115.912499
6.40101E+15;6.40101E+13;64;1;10;11;26;3;KALIMANTAN TIMUR;PASER;BATU SOPANG;BATU KAJANG;RT 026;-1.81673;115.910767
6.40101E+15;6.40101E+13;64;1;10;11;26;4;KALIMANTAN TIMUR;PASER;BATU SOPANG;BATU KAJANG;RT 026;-1.81608;115.908817
6.40101E+15;6.40101E+13;64;1;10;11;26;5;KALIMANTAN TIMUR;PASER;BATU SOPANG;BATU KAJANG;RT 026;-1.81524;115.908797
6.40101E+15;6.40101E+13;64;1;10;11;27;1;KALIMANTAN TIMUR;PASER;BATU SOPANG;BATU KAJANG;RT 027;-1.81886;115.912861
6.40101E+15;6.40101E+13;64;1;10;11;27;2;KALIMANTAN TIMUR;PASER;BATU SOPANG;BATU KAJANG;RT 027;-1.81565;115.912623
6.40101E+15;6.40101E+13;64;1;10;11;28;0;KALIMANTAN TIMUR;PASER;BATU SOPANG;BATU KAJANG;RT 028;-1.81947;115.914908
6.40101E+15;6.40101E+13;64;1;10;11;29;0;KALIMANTAN TIMUR;PASER;BATU SOPANG;BATU KAJANG;RT 029;-1.81825;115.900757
6.40101E+15;6.40101E+13;64;1;10;11;30;1;KALIMANTAN TIMUR;PASER;BATU SOPANG;BATU KAJANG;RT 030;-1.84001;115.901907
6.40101E+15;6.40101E+13;64;1;10;11;30;2;KALIMANTAN TIMUR;PASER;BATU SOPANG;BATU KAJANG;RT 030;-1.82703;115.909367
6.40101E+15;6.40101E+13;64;1;10;11;30;3;KALIMANTAN TIMUR;PASER;BATU SOPANG;BATU KAJANG;RT 030;-1.8239;115.905699
6.40101E+15;6.40101E+13;64;1;10;11;30;4;KALIMANTAN TIMUR;PASER;BATU SOPANG;BATU KAJANG;RT 030;-1.82506;115.90424
6.40101E+15;6.40101E+13;64;1;10;11;30;5;KALIMANTAN TIMUR;PASER;BATU SOPANG;BATU KAJANG;RT 030;-1.82709;115.90381
6.40101E+15;6.40101E+13;64;1;10;11;31;1;KALIMANTAN TIMUR;PASER;BATU SOPANG;BATU KAJANG;RT 031;-1.84451;115.906561
6.40101E+15;6.40101E+13;64;1;10;11;31;2;KALIMANTAN TIMUR;PASER;BATU SOPANG;BATU KAJANG;RT 031;-1.83015;115.91959
6.40101E+15;6.40101E+13;64;1;10;12;1;0;KALIMANTAN TIMUR;PASER;BATU SOPANG;LEGAI;RT 001;-1.86978;115.950036
6.40101E+15;6.40101E+13;64;1;10;12;2;0;KALIMANTAN TIMUR;PASER;BATU SOPANG;LEGAI;RT 002;-1.88694;115.965146
6.40101E+15;6.40101E+13;64;1;10;12;3;0;KALIMANTAN TIMUR;PASER;BATU SOPANG;LEGAI;RT 003;-1.85083;115.983229
6.40101E+15;6.40101E+13;64;1;10;12;4;0;KALIMANTAN TIMUR;PASER;BATU SOPANG;LEGAI;RT 004;-1.8751;115.951113
6.40101E+15;6.40101E+13;64;1;10;12;5;0;KALIMANTAN TIMUR;PASER;BATU SOPANG;LEGAI;RT 005;-1.8636;115.953875
6.40101E+15;6.40101E+13;64;1;10;13;1;0;KALIMANTAN TIMUR;PASER;BATU SOPANG;SUNGAI TERIK;RT 001;-1.80315;115.96504
6.40101E+15;6.40101E+13;64;1;10;13;2;0;KALIMANTAN TIMUR;PASER;BATU SOPANG;SUNGAI TERIK;RT 002;-1.83849;115.947154
6.40101E+15;6.40101E+13;64;1;10;13;3;0;KALIMANTAN TIMUR;PASER;BATU SOPANG;SUNGAI TERIK;RT 003;-1.84279;115.949391
6.40101E+15;6.40101E+13;64;1;10;13;4;0;KALIMANTAN TIMUR;PASER;BATU SOPANG;SUNGAI TERIK;RT 004;-1.82321;115.980246
6.40101E+15;6.40101E+13;64;1;10;13;5;0;KALIMANTAN TIMUR;PASER;BATU SOPANG;SUNGAI TERIK;RT 005;-1.82105;115.984635
6.40101E+15;6.40101E+13;64;1;10;13;6;0;KALIMANTAN TIMUR;PASER;BATU SOPANG;SUNGAI TERIK;RT 006;-1.81958;115.989609
6.40101E+15;6.40101E+13;64;1;10;13;7;0;KALIMANTAN TIMUR;PASER;BATU SOPANG;SUNGAI TERIK;RT 007;-1.79539;116.017826
6.40101E+15;6.40101E+13;64;1;10;13;8;0;KALIMANTAN TIMUR;PASER;BATU SOPANG;SUNGAI TERIK;RT 008;-1.8372;115.951572
6.40101E+15;6.40101E+13;64;1;10;13;9;0;KALIMANTAN TIMUR;PASER;BATU SOPANG;SUNGAI TERIK;RT 009;-1.82576;115.973917
6.40101E+15;6.40101E+13;64;1;10;13;10;0;KALIMANTAN TIMUR;PASER;BATU SOPANG;SUNGAI TERIK;RT 010;-1.84697;115.962659
6.40101E+15;6.40101E+13;64;1;10;14;1;0;KALIMANTAN TIMUR;PASER;BATU SOPANG;KASUNGAI;RT 001;-1.7952;115.923149
6.40101E+15;6.40101E+13;64;1;10;14;2;0;KALIMANTAN TIMUR;PASER;BATU SOPANG;KASUNGAI;RT 002;-1.80739;115.924277
6.40101E+15;6.40101E+13;64;1;10;14;3;0;KALIMANTAN TIMUR;PASER;BATU SOPANG;KASUNGAI;RT 003;-1.81169;115.928572
6.40101E+15;6.40101E+13;64;1;10;15;1;0;KALIMANTAN TIMUR;PASER;BATU SOPANG;RANTAU BUTA;RT 001;-1.72158;115.978274
6.40101E+15;6.40101E+13;64;1;10;16;1;0;KALIMANTAN TIMUR;PASER;BATU SOPANG;RANTAU LAYUNG;RT 001;-1.52367;116.01387
6.40101E+15;6.40101E+13;64;1;10;16;2;0;KALIMANTAN TIMUR;PASER;BATU SOPANG;RANTAU LAYUNG;RT 002;-1.63806;115.962779
6.40101E+15;6.40101E+13;64;1;10;17;1;0;KALIMANTAN TIMUR;PASER;BATU SOPANG;SONGKA;RT 001;-1.83098;115.850038
6.40101E+15;6.40101E+13;64;1;10;17;2;0;KALIMANTAN TIMUR;PASER;BATU SOPANG;SONGKA;RT 002;-1.83329;115.8671
6.40101E+15;6.40101E+13;64;1;10;17;3;0;KALIMANTAN TIMUR;PASER;BATU SOPANG;SONGKA;RT 003;-1.83503;115.87664
6.40101E+15;6.40101E+13;64;1;10;17;4;0;KALIMANTAN TIMUR;PASER;BATU SOPANG;SONGKA;RT 004;-1.83123;115.88745
6.40101E+15;6.40101E+13;64;1;10;17;5;0;KALIMANTAN TIMUR;PASER;BATU SOPANG;SONGKA;RT 005;-1.82354;115.896077
6.40101E+15;6.40101E+13;64;1;10;17;6;1;KALIMANTAN TIMUR;PASER;BATU SOPANG;SONGKA;RT 006;-1.82024;115.896238
6.40101E+15;6.40101E+13;64;1;10;17;6;2;KALIMANTAN TIMUR;PASER;BATU SOPANG;SONGKA;RT 006;-1.81533;115.892979
6.40101E+15;6.40101E+13;64;1;10;17;7;0;KALIMANTAN TIMUR;PASER;BATU SOPANG;SONGKA;RT 007;-1.81624;115.896791
6.40101E+15;6.40101E+13;64;1;10;17;8;1;KALIMANTAN TIMUR;PASER;BATU SOPANG;SONGKA;RT 008;-1.81725;115.889973
6.40101E+15;6.40101E+13;64;1;10;17;8;2;KALIMANTAN TIMUR;PASER;BATU SOPANG;SONGKA;RT 008;-1.81989;115.893484
6.40101E+15;6.40101E+13;64;1;10;17;9;1;KALIMANTAN TIMUR;PASER;BATU SOPANG;SONGKA;RT 009;-1.82222;115.889596
6.40101E+15;6.40101E+13;64;1;10;17;9;2;KALIMANTAN TIMUR;PASER;BATU SOPANG;SONGKA;RT 009;-1.82189;115.890445
6.40101E+15;6.40101E+13;64;1;11;1;1;0;KALIMANTAN TIMUR;PASER;MUARA SAMU;TANJUNG PINANG;RT 001;-2.15821;115.92695
6.40101E+15;6.40101E+13;64;1;11;1;2;1;KALIMANTAN TIMUR;PASER;MUARA SAMU;TANJUNG PINANG;RT 002;-2.22058;115.873675
6.40101E+15;6.40101E+13;64;1;11;1;2;2;KALIMANTAN TIMUR;PASER;MUARA SAMU;TANJUNG PINANG;RT 002;-2.19878;115.951957
6.40101E+15;6.40101E+13;64;1;11;2;1;0;KALIMANTAN TIMUR;PASER;MUARA SAMU;RANTAU ATAS;RT 001;-2.18033;115.858956
6.40101E+15;6.40101E+13;64;1;11;2;2;0;KALIMANTAN TIMUR;PASER;MUARA SAMU;RANTAU ATAS;RT 002;-2.14944;115.847677
6.40101E+15;6.40101E+13;64;1;11;2;3;0;KALIMANTAN TIMUR;PASER;MUARA SAMU;RANTAU ATAS;RT 003;-2.13009;115.999915
6.40101E+15;6.40101E+13;64;1;11;2;4;0;KALIMANTAN TIMUR;PASER;MUARA SAMU;RANTAU ATAS;RT 004;-2.13872;115.970166
6.40101E+15;6.40101E+13;64;1;11;2;5;0;KALIMANTAN TIMUR;PASER;MUARA SAMU;RANTAU ATAS;RT 005;-2.13069;115.886444
6.40101E+15;6.40101E+13;64;1;11;3;1;0;KALIMANTAN TIMUR;PASER;MUARA SAMU;LIBUR DINDING;RT 001;-2.06157;115.904723
6.40101E+15;6.40101E+13;64;1;11;3;2;0;KALIMANTAN TIMUR;PASER;MUARA SAMU;LIBUR DINDING;RT 002;-2.09858;115.872505
6.40101E+15;6.40101E+13;64;1;11;3;3;1;KALIMANTAN TIMUR;PASER;MUARA SAMU;LIBUR DINDING;RT 003;-2.08856;115.937843
6.40101E+15;6.40101E+13;64;1;11;3;3;2;KALIMANTAN TIMUR;PASER;MUARA SAMU;LIBUR DINDING;RT 003;-2.09609;115.982784
6.40101E+15;6.40101E+13;64;1;11;4;1;0;KALIMANTAN TIMUR;PASER;MUARA SAMU;LUAN/DILIBINTI;RT 001;-1.93762;115.985412
6.40101E+15;6.40101E+13;64;1;11;4;2;0;KALIMANTAN TIMUR;PASER;MUARA SAMU;LUAN/DILIBINTI;RT 002;-1.97882;116.00816
6.40101E+15;6.40101E+13;64;1;11;5;1;0;KALIMANTAN TIMUR;PASER;MUARA SAMU;SUWETO;RT 001;-1.96759;115.959189
6.40101E+15;6.40101E+13;64;1;11;5;2;0;KALIMANTAN TIMUR;PASER;MUARA SAMU;SUWETO;RT 002;-1.9936;115.959984
6.40101E+15;6.40101E+13;64;1;11;5;3;0;KALIMANTAN TIMUR;PASER;MUARA SAMU;SUWETO;RT 003;-1.99444;115.959072
6.40101E+15;6.40101E+13;64;1;11;5;4;0;KALIMANTAN TIMUR;PASER;MUARA SAMU;SUWETO;RT 004;-1.99555;115.960898
6.40101E+15;6.40101E+13;64;1;11;5;5;0;KALIMANTAN TIMUR;PASER;MUARA SAMU;SUWETO;RT 005;-1.99608;115.958363
6.40101E+15;6.40101E+13;64;1;11;5;6;0;KALIMANTAN TIMUR;PASER;MUARA SAMU;SUWETO;RT 006;-1.99683;115.957311
6.40101E+15;6.40101E+13;64;1;11;5;7;0;KALIMANTAN TIMUR;PASER;MUARA SAMU;SUWETO;RT 007;-1.99754;115.957684
6.40101E+15;6.40101E+13;64;1;11;5;8;0;KALIMANTAN TIMUR;PASER;MUARA SAMU;SUWETO;RT 008;-1.99755;115.962777
6.40101E+15;6.40101E+13;64;1;11;5;9;0;KALIMANTAN TIMUR;PASER;MUARA SAMU;SUWETO;RT 009;-2.0002;115.95932
6.40101E+15;6.40101E+13;64;1;11;5;2001;0;KALIMANTAN TIMUR;PASER;MUARA SAMU;SUWETO;HUTAN;-2.02131;115.993547
6.40101E+15;6.40101E+13;64;1;11;5;2002;0;KALIMANTAN TIMUR;PASER;MUARA SAMU;SUWETO;HUTAN;-1.99352;115.951244
6.40101E+15;6.40101E+13;64;1;11;6;1;0;KALIMANTAN TIMUR;PASER;MUARA SAMU;MUSER;RT 001;-2.01716;115.939495
6.40101E+15;6.40101E+13;64;1;11;6;2;0;KALIMANTAN TIMUR;PASER;MUARA SAMU;MUSER;RT 002;-2.01995;115.937967
6.40101E+15;6.40101E+13;64;1;11;6;3;1;KALIMANTAN TIMUR;PASER;MUARA SAMU;MUSER;RT 003;-2.01513;115.932633
6.40101E+15;6.40101E+13;64;1;11;6;3;2;KALIMANTAN TIMUR;PASER;MUARA SAMU;MUSER;RT 003;-2.01433;115.932668
6.40101E+15;6.40101E+13;64;1;11;6;4;0;KALIMANTAN TIMUR;PASER;MUARA SAMU;MUSER;RT 004;-2.01323;115.936564
6.40101E+15;6.40101E+13;64;1;11;6;5;0;KALIMANTAN TIMUR;PASER;MUARA SAMU;MUSER;RT 005;-2.01507;115.939055
6.40101E+15;6.40101E+13;64;1;11;6;6;0;KALIMANTAN TIMUR;PASER;MUARA SAMU;MUSER;RT 006;-2.03901;115.933797
6.40101E+15;6.40101E+13;64;1;11;6;2001;0;KALIMANTAN TIMUR;PASER;MUARA SAMU;MUSER;HUTAN;-2.03245;115.810484
6.40101E+15;6.40101E+13;64;1;11;6;2002;0;KALIMANTAN TIMUR;PASER;MUARA SAMU;MUSER;HUTAN;-2.03017;115.952106
6.40101E+15;6.40101E+13;64;1;11;6;2003;0;KALIMANTAN TIMUR;PASER;MUARA SAMU;MUSER;HUTAN;-2.00732;115.944972
6.40101E+15;6.40101E+13;64;1;11;7;1;0;KALIMANTAN TIMUR;PASER;MUARA SAMU;BIU;RT 001;-1.9995;115.937269
6.40101E+15;6.40101E+13;64;1;11;7;2;0;KALIMANTAN TIMUR;PASER;MUARA SAMU;BIU;RT 002;-1.99979;115.918438
6.40101E+15;6.40101E+13;64;1;11;7;3;0;KALIMANTAN TIMUR;PASER;MUARA SAMU;BIU;RT 003;-1.97739;115.914002
6.40101E+15;6.40101E+13;64;1;11;7;2001;0;KALIMANTAN TIMUR;PASER;MUARA SAMU;BIU;HUTAN;-2.00023;115.795972
6.40101E+15;6.40101E+13;64;1;11;7;2002;0;KALIMANTAN TIMUR;PASER;MUARA SAMU;BIU;HUTAN;-1.97057;115.747876
6.40101E+15;6.40101E+13;64;1;11;7;3003;0;KALIMANTAN TIMUR;PASER;MUARA SAMU;BIU;PERTAMBANGAN BATUBARA;-1.98015;115.839323
6.40101E+15;6.40101E+13;64;1;11;8;1;0;KALIMANTAN TIMUR;PASER;MUARA SAMU;RANTAU BINTUNGAN;RT 001;-1.93977;115.948742
6.40101E+15;6.40101E+13;64;1;11;8;2;0;KALIMANTAN TIMUR;PASER;MUARA SAMU;RANTAU BINTUNGAN;RT 002;-1.94895;115.90795
6.40101E+15;6.40101E+13;64;1;11;9;1;0;KALIMANTAN TIMUR;PASER;MUARA SAMU;MUARA ANDEH;RT 001;-2.28094;115.898311
6.40101E+15;6.40101E+13;64;1;11;9;2;0;KALIMANTAN TIMUR;PASER;MUARA SAMU;MUARA ANDEH;RT 002;-2.259;115.92125
6.40101E+15;6.40101E+13;64;1;11;9;3;0;KALIMANTAN TIMUR;PASER;MUARA SAMU;MUARA ANDEH;RT 003;-2.33676;115.866212
6.40101E+15;6.40101E+13;64;1;11;9;4;0;KALIMANTAN TIMUR;PASER;MUARA SAMU;MUARA ANDEH;RT 004;-2.29939;115.843456
6.40102E+15;6.40102E+13;64;1;21;1;1;0;KALIMANTAN TIMUR;PASER;BATU ENGAU;KERANG;RT 001 DUSUN 1;-2.19931;116.059406
6.40102E+15;6.40102E+13;64;1;21;1;2;0;KALIMANTAN TIMUR;PASER;BATU ENGAU;KERANG;RT 002 DUSUN 1;-2.22268;116.086503
6.40102E+15;6.40102E+13;64;1;21;1;3;0;KALIMANTAN TIMUR;PASER;BATU ENGAU;KERANG;RT 003 DUSUN 1;-2.22448;116.075841
6.40102E+15;6.40102E+13;64;1;21;1;4;0;KALIMANTAN TIMUR;PASER;BATU ENGAU;KERANG;RT 004 DUSUN 1;-2.22679;116.034475
6.40102E+15;6.40102E+13;64;1;21;1;5;0;KALIMANTAN TIMUR;PASER;BATU ENGAU;KERANG;RT 005 DUSUN 1;-2.23269;116.076001
6.40102E+15;6.40102E+13;64;1;21;1;6;0;KALIMANTAN TIMUR;PASER;BATU ENGAU;KERANG;RT 006 DUSUN 1;-2.2381;116.052269
6.40102E+15;6.40102E+13;64;1;21;1;7;0;KALIMANTAN TIMUR;PASER;BATU ENGAU;KERANG;RT 007 DUSUN 1;-2.2433;116.091287
6.40102E+15;6.40102E+13;64;1;21;1;8;0;KALIMANTAN TIMUR;PASER;BATU ENGAU;KERANG;RT 008 DUSUN 1;-2.24085;116.07763
6.40102E+15;6.40102E+13;64;1;21;1;9;0;KALIMANTAN TIMUR;PASER;BATU ENGAU;KERANG;RT 009 DUSUN 1;-2.25077;116.056767
6.40102E+15;6.40102E+13;64;1;21;1;10;0;KALIMANTAN TIMUR;PASER;BATU ENGAU;KERANG;RT 010 DUSUN 1;-2.22746;116.091134
6.40102E+15;6.40102E+13;64;1;21;1;11;0;KALIMANTAN TIMUR;PASER;BATU ENGAU;KERANG;RT 011 DUSUN 1;-2.26939;116.094404
6.40102E+15;6.40102E+13;64;1;21;2;1;0;KALIMANTAN TIMUR;PASER;BATU ENGAU;TEMPAKAN;RT 001;-2.23141;116.140521
6.40102E+15;6.40102E+13;64;1;21;2;2;0;KALIMANTAN TIMUR;PASER;BATU ENGAU;TEMPAKAN;RT 002;-2.24344;116.123791
6.40102E+15;6.40102E+13;64;1;21;2;3;0;KALIMANTAN TIMUR;PASER;BATU ENGAU;TEMPAKAN;RT 003;-2.25105;116.118118
6.40102E+15;6.40102E+13;64;1;21;2;4;0;KALIMANTAN TIMUR;PASER;BATU ENGAU;TEMPAKAN;RT 004;-2.27993;116.115763
6.40102E+15;6.40102E+13;64;1;21;2;5;0;KALIMANTAN TIMUR;PASER;BATU ENGAU;TEMPAKAN;RT 005;-2.30131;116.122143
6.40102E+15;6.40102E+13;64;1;21;2;6;0;KALIMANTAN TIMUR;PASER;BATU ENGAU;TEMPAKAN;RT 006;-2.25196;116.141314
6.40102E+15;6.40102E+13;64;1;21;2;7;0;KALIMANTAN TIMUR;PASER;BATU ENGAU;TEMPAKAN;RT 007;-2.29721;116.138248
6.40102E+15;6.40102E+13;64;1;21;2;8;0;KALIMANTAN TIMUR;PASER;BATU ENGAU;TEMPAKAN;RT 008;-2.29033;116.104134
6.40102E+15;6.40102E+13;64;1;21;3;1;0;KALIMANTAN TIMUR;PASER;BATU ENGAU;MENGKUDU;RT 001;-2.28306;116.171095
6.40102E+15;6.40102E+13;64;1;21;3;2;0;KALIMANTAN TIMUR;PASER;BATU ENGAU;MENGKUDU;RT 002;-2.28241;116.163775
6.40102E+15;6.40102E+13;64;1;21;3;3;0;KALIMANTAN TIMUR;PASER;BATU ENGAU;MENGKUDU;RT 003;-2.28417;116.163739
6.40102E+15;6.40102E+13;64;1;21;3;4;0;KALIMANTAN TIMUR;PASER;BATU ENGAU;MENGKUDU;RT 004;-2.2839;116.159239
6.40102E+15;6.40102E+13;64;1;21;3;5;0;KALIMANTAN TIMUR;PASER;BATU ENGAU;MENGKUDU;RT 005;-2.28214;116.159533
6.40102E+15;6.40102E+13;64;1;21;3;6;0;KALIMANTAN TIMUR;PASER;BATU ENGAU;MENGKUDU;RT 006;-2.28019;116.16115
6.40102E+15;6.40102E+13;64;1;21;3;7;0;KALIMANTAN TIMUR;PASER;BATU ENGAU;MENGKUDU;RT 007;-2.27767;116.158179
6.40102E+15;6.40102E+13;64;1;21;3;8;0;KALIMANTAN TIMUR;PASER;BATU ENGAU;MENGKUDU;RT 008;-2.27834;116.162314
6.40102E+15;6.40102E+13;64;1;21;3;9;0;KALIMANTAN TIMUR;PASER;BATU ENGAU;MENGKUDU;RT 009;-2.28081;116.171564
6.40102E+15;6.40102E+13;64;1;21;3;10;0;KALIMANTAN TIMUR;PASER;BATU ENGAU;MENGKUDU;RT 010;-2.2779;116.165514
6.40102E+15;6.40102E+13;64;1;21;3;11;0;KALIMANTAN TIMUR;PASER;BATU ENGAU;MENGKUDU;RT 011;-2.27423;116.165031
6.40102E+15;6.40102E+13;64;1;21;3;12;0;KALIMANTAN TIMUR;PASER;BATU ENGAU;MENGKUDU;RT 012;-2.26674;116.17334
6.40102E+15;6.40102E+13;64;1;21;3;13;0;KALIMANTAN TIMUR;PASER;BATU ENGAU;MENGKUDU;RT 013;-2.27408;116.161517
6.40102E+15;6.40102E+13;64;1;21;3;14;0;KALIMANTAN TIMUR;PASER;BATU ENGAU;MENGKUDU;RT 014;-2.27349;116.158848
6.40102E+15;6.40102E+13;64;1;21;3;1001;0;KALIMANTAN TIMUR;PASER;BATU ENGAU;MENGKUDU;KEBUN SAWIT;-2.26059;116.181197
6.40102E+15;6.40102E+13;64;1;21;4;1;0;KALIMANTAN TIMUR;PASER;BATU ENGAU;LOMU;RT 001;-2.28581;116.257148
6.40102E+15;6.40102E+13;64;1;21;4;2;0;KALIMANTAN TIMUR;PASER;BATU ENGAU;LOMU;RT 002;-2.3113;116.252881
6.40102E+15;6.40102E+13;64;1;21;4;3;0;KALIMANTAN TIMUR;PASER;BATU ENGAU;LOMU;RT 003;-2.31328;116.27734
6.40102E+15;6.40102E+13;64;1;21;4;4;0;KALIMANTAN TIMUR;PASER;BATU ENGAU;LOMU;RT 004;-2.33634;116.280359
6.40102E+15;6.40102E+13;64;1;21;4;5;0;KALIMANTAN TIMUR;PASER;BATU ENGAU;LOMU;RT 005;-2.30651;116.296731
6.40102E+15;6.40102E+13;64;1;21;4;1001;0;KALIMANTAN TIMUR;PASER;BATU ENGAU;LOMU;KEBUN SAWIT;-2.24899;116.218468
6.40102E+15;6.40102E+13;64;1;21;5;1;0;KALIMANTAN TIMUR;PASER;BATU ENGAU;SEGENDANG;RT 001;-2.31367;116.400863
6.40102E+15;6.40102E+13;64;1;21;5;2;0;KALIMANTAN TIMUR;PASER;BATU ENGAU;SEGENDANG;RT 002;-2.33556;116.375575
6.40102E+15;6.40102E+13;64;1;21;5;3;0;KALIMANTAN TIMUR;PASER;BATU ENGAU;SEGENDANG;RT 003;-2.31792;116.402414
6.40102E+15;6.40102E+13;64;1;21;5;4;0;KALIMANTAN TIMUR;PASER;BATU ENGAU;SEGENDANG;RT 004;-2.34121;116.402155
6.40102E+15;6.40102E+13;64;1;21;5;1001;0;KALIMANTAN TIMUR;PASER;BATU ENGAU;SEGENDANG;PERKEBUNAN SAWIT;-2.27247;116.387953
6.40102E+15;6.40102E+13;64;1;21;6;1;0;KALIMANTAN TIMUR;PASER;BATU ENGAU;RIWANG;RT 001;-2.25268;116.329182
6.40102E+15;6.40102E+13;64;1;21;6;2;0;KALIMANTAN TIMUR;PASER;BATU ENGAU;RIWANG;RT 002;-2.24418;116.28883
6.40102E+15;6.40102E+13;64;1;21;6;3;0;KALIMANTAN TIMUR;PASER;BATU ENGAU;RIWANG;RT 003;-2.13116;116.36519
6.40102E+15;6.40102E+13;64;1;21;6;4;0;KALIMANTAN TIMUR;PASER;BATU ENGAU;RIWANG;RT 004;-2.20892;116.265935
6.40102E+15;6.40102E+13;64;1;21;6;5;0;KALIMANTAN TIMUR;PASER;BATU ENGAU;RIWANG;RT 005;-2.15392;116.327725
6.40102E+15;6.40102E+13;64;1;21;6;6;0;KALIMANTAN TIMUR;PASER;BATU ENGAU;RIWANG;RT 006;-2.17494;116.369231
6.40102E+15;6.40102E+13;64;1;21;6;7;0;KALIMANTAN TIMUR;PASER;BATU ENGAU;RIWANG;RT 007;-2.26513;116.298051
6.40102E+15;6.40102E+13;64;1;21;6;8;0;KALIMANTAN TIMUR;PASER;BATU ENGAU;RIWANG;RT 008;-2.22139;116.331081
6.40102E+15;6.40102E+13;64;1;21;7;1;0;KALIMANTAN TIMUR;PASER;BATU ENGAU;LANGGAI;RT 001;-2.16975;116.183594
6.40102E+15;6.40102E+13;64;1;21;7;2;0;KALIMANTAN TIMUR;PASER;BATU ENGAU;LANGGAI;RT 004;-2.12888;116.265734
6.40102E+15;6.40102E+13;64;1;21;7;3;0;KALIMANTAN TIMUR;PASER;BATU ENGAU;LANGGAI;RT 02;-2.13279;116.190955
6.40102E+15;6.40102E+13;64;1;21;7;4;0;KALIMANTAN TIMUR;PASER;BATU ENGAU;LANGGAI;RT 03;-2.15095;116.268206
6.40102E+15;6.40102E+13;64;1;21;8;1;0;KALIMANTAN TIMUR;PASER;BATU ENGAU;PETANGIS;RT 001 DUSUN 1;-2.09706;116.095113
6.40102E+15;6.40102E+13;64;1;21;8;2;0;KALIMANTAN TIMUR;PASER;BATU ENGAU;PETANGIS;RT 002 DUSUN 1;-2.08902;116.09002
6.40102E+15;6.40102E+13;64;1;21;8;3;0;KALIMANTAN TIMUR;PASER;BATU ENGAU;PETANGIS;RT 003 DUSUN 1;-2.10447;116.088347
6.40102E+15;6.40102E+13;64;1;21;8;4;0;KALIMANTAN TIMUR;PASER;BATU ENGAU;PETANGIS;RT 004 DUSUN 1;-2.10451;116.121197
6.40102E+15;6.40102E+13;64;1;21;8;5;0;KALIMANTAN TIMUR;PASER;BATU ENGAU;PETANGIS;RT 005 DUSUN 1;-2.11821;116.086717
6.40102E+15;6.40102E+13;64;1;21;8;6;0;KALIMANTAN TIMUR;PASER;BATU ENGAU;PETANGIS;RT 006 DUSUN 1;-2.12518;116.087569
6.40102E+15;6.40102E+13;64;1;21;8;7;0;KALIMANTAN TIMUR;PASER;BATU ENGAU;PETANGIS;RT 007 DUSUN 1;-2.13203;116.128589
6.40102E+15;6.40102E+13;64;1;21;8;8;0;KALIMANTAN TIMUR;PASER;BATU ENGAU;PETANGIS;RT 008 DUSUN 1;-2.1065;116.036982
6.40102E+15;6.40102E+13;64;1;21;8;9;0;KALIMANTAN TIMUR;PASER;BATU ENGAU;PETANGIS;RT 009 DUSUN 1;-2.13667;116.091253
6.40102E+15;6.40102E+13;64;1;21;8;10;0;KALIMANTAN TIMUR;PASER;BATU ENGAU;PETANGIS;RT 010 DUSUN 1;-2.08065;116.104263
6.40102E+15;6.40102E+13;64;1;21;9;1;0;KALIMANTAN TIMUR;PASER;BATU ENGAU;KERANG DAYO;RT 001 DUSUN 1;-2.25579;116.030735
6.40102E+15;6.40102E+13;64;1;21;9;2;0;KALIMANTAN TIMUR;PASER;BATU ENGAU;KERANG DAYO;RT 003;-2.28429;116.043247
6.40102E+15;6.40102E+13;64;1;21;9;3;0;KALIMANTAN TIMUR;PASER;BATU ENGAU;KERANG DAYO;RT 006;-2.2692;116.011975
6.40102E+15;6.40102E+13;64;1;21;9;4;0;KALIMANTAN TIMUR;PASER;BATU ENGAU;KERANG DAYO;RT 08;-2.30794;116.050043
6.40102E+15;6.40102E+13;64;1;21;9;5;0;KALIMANTAN TIMUR;PASER;BATU ENGAU;KERANG DAYO;RT 005 DUSUN 1;-2.2895;115.949326
6.40102E+15;6.40102E+13;64;1;21;9;6;0;KALIMANTAN TIMUR;PASER;BATU ENGAU;KERANG DAYO;RT 002;-2.27774;116.050589
6.40102E+15;6.40102E+13;64;1;21;9;7;0;KALIMANTAN TIMUR;PASER;BATU ENGAU;KERANG DAYO;RT 04;-2.29572;116.057039
6.40102E+15;6.40102E+13;64;1;21;9;8;0;KALIMANTAN TIMUR;PASER;BATU ENGAU;KERANG DAYO;RT 07;-2.25914;115.995656
6.40102E+15;6.40102E+13;64;1;21;9;9;0;KALIMANTAN TIMUR;PASER;BATU ENGAU;KERANG DAYO;RT 09;-2.3146;116.038695
6.40102E+15;6.40102E+13;64;1;21;10;1;0;KALIMANTAN TIMUR;PASER;BATU ENGAU;SAING PRUPUK;RT 001;-2.05856;116.142187
6.40102E+15;6.40102E+13;64;1;21;10;2;0;KALIMANTAN TIMUR;PASER;BATU ENGAU;SAING PRUPUK;RT 002;-2.04239;116.122055
6.40102E+15;6.40102E+13;64;1;21;10;3;0;KALIMANTAN TIMUR;PASER;BATU ENGAU;SAING PRUPUK;RT 003;-2.03244;116.11364
6.40102E+15;6.40102E+13;64;1;21;10;4;0;KALIMANTAN TIMUR;PASER;BATU ENGAU;SAING PRUPUK;RT 004;-2.04366;116.061013
6.40102E+15;6.40102E+13;64;1;21;11;1;0;KALIMANTAN TIMUR;PASER;BATU ENGAU;BAI JAYA;RT 001;-2.0953;116.20316
6.40102E+15;6.40102E+13;64;1;21;11;2;0;KALIMANTAN TIMUR;PASER;BATU ENGAU;BAI JAYA;RT 002;-2.11093;116.251832
6.40102E+15;6.40102E+13;64;1;21;11;3;0;KALIMANTAN TIMUR;PASER;BATU ENGAU;BAI JAYA;RT 003;-2.06048;116.302941
6.40102E+15;6.40102E+13;64;1;21;11;4;0;KALIMANTAN TIMUR;PASER;BATU ENGAU;BAI JAYA;RT 004;-2.08666;116.307523
6.40102E+15;6.40102E+13;64;1;21;11;5;0;KALIMANTAN TIMUR;PASER;BATU ENGAU;BAI JAYA;RT 005;-2.11419;116.312393
6.40102E+15;6.40102E+13;64;1;21;12;1;0;KALIMANTAN TIMUR;PASER;BATU ENGAU;PENGGUREN JAYA;RT 1;-2.32311;116.305514
6.40102E+15;6.40102E+13;64;1;21;12;2;0;KALIMANTAN TIMUR;PASER;BATU ENGAU;PENGGUREN JAYA;RT 2;-2.33281;116.319408
6.40102E+15;6.40102E+13;64;1;21;12;4;0;KALIMANTAN TIMUR;PASER;BATU ENGAU;PENGGUREN JAYA;RT 4;-2.34289;116.3495
6.40102E+15;6.40102E+13;64;1;21;12;5;0;KALIMANTAN TIMUR;PASER;BATU ENGAU;PENGGUREN JAYA;RT 5;-2.33362;116.339429
6.40102E+15;6.40102E+13;64;1;21;12;6;0;KALIMANTAN TIMUR;PASER;BATU ENGAU;PENGGUREN JAYA;RT 6;-2.3288;116.3491
6.40102E+15;6.40102E+13;64;1;21;12;7;0;KALIMANTAN TIMUR;PASER;BATU ENGAU;PENGGUREN JAYA;RT 3;-2.29332;116.335829
6.40102E+15;6.40102E+13;64;1;21;13;1;0;KALIMANTAN TIMUR;PASER;BATU ENGAU;TEBRU PASER DAMAI;RT 001;-2.17082;116.096041
6.40102E+15;6.40102E+13;64;1;21;13;2;0;KALIMANTAN TIMUR;PASER;BATU ENGAU;TEBRU PASER DAMAI;RT 002;-2.17053;116.108107
6.40102E+15;6.40102E+13;64;1;21;13;3;0;KALIMANTAN TIMUR;PASER;BATU ENGAU;TEBRU PASER DAMAI;RT 003;-2.151;116.108571
6.40102E+15;6.40102E+13;64;1;21;13;4;0;KALIMANTAN TIMUR;PASER;BATU ENGAU;TEBRU PASER DAMAI;RT 0004;-2.16549;116.125747
6.40102E+15;6.40102E+13;64;1;21;13;5;0;KALIMANTAN TIMUR;PASER;BATU ENGAU;TEBRU PASER DAMAI;RT 0005;-2.16196;116.041952
6.40102E+15;6.40102E+13;64;1;22;1;1;0;KALIMANTAN TIMUR;PASER;TANJUNG HARAPAN;TUNAS KELADEN;RT 001;-2.32167;116.452996
6.40102E+15;6.40102E+13;64;1;22;1;2;0;KALIMANTAN TIMUR;PASER;TANJUNG HARAPAN;TUNAS KELADEN;RT 002;-2.35909;116.471208
6.40102E+15;6.40102E+13;64;1;22;1;3;0;KALIMANTAN TIMUR;PASER;TANJUNG HARAPAN;TUNAS KELADEN;RT 003;-2.33504;116.426981
6.40102E+15;6.40102E+13;64;1;22;1;4;0;KALIMANTAN TIMUR;PASER;TANJUNG HARAPAN;TUNAS KELADEN;RT 004;-2.35676;116.444678
6.40102E+15;6.40102E+13;64;1;22;1;5;0;KALIMANTAN TIMUR;PASER;TANJUNG HARAPAN;TUNAS KELADEN;RT 005;-2.3636;116.421133
6.40102E+15;6.40102E+13;64;1;22;1;2001;0;KALIMANTAN TIMUR;PASER;TANJUNG HARAPAN;TUNAS KELADEN;HUTAN;-2.26309;116.454352
6.40102E+15;6.40102E+13;64;1;22;2;1;0;KALIMANTAN TIMUR;PASER;TANJUNG HARAPAN;TANJUNG ARU;RT 001;-2.1666;116.580847
6.40102E+15;6.40102E+13;64;1;22;2;2;0;KALIMANTAN TIMUR;PASER;TANJUNG HARAPAN;TANJUNG ARU;RT 002;-2.16855;116.582543
6.40102E+15;6.40102E+13;64;1;22;2;3;0;KALIMANTAN TIMUR;PASER;TANJUNG HARAPAN;TANJUNG ARU;RT 003;-2.1708;116.583795
6.40102E+15;6.40102E+13;64;1;22;2;4;0;KALIMANTAN TIMUR;PASER;TANJUNG HARAPAN;TANJUNG ARU;RT 004;-2.17346;116.584724
6.40102E+15;6.40102E+13;64;1;22;2;5;0;KALIMANTAN TIMUR;PASER;TANJUNG HARAPAN;TANJUNG ARU;RT 005;-2.17932;116.584266
6.40102E+15;6.40102E+13;64;1;22;2;6;0;KALIMANTAN TIMUR;PASER;TANJUNG HARAPAN;TANJUNG ARU;RT 006;-2.19484;116.585397
6.40102E+15;6.40102E+13;64;1;22;2;7;0;KALIMANTAN TIMUR;PASER;TANJUNG HARAPAN;TANJUNG ARU;RT 007;-2.26424;116.545014
6.40102E+15;6.40102E+13;64;1;22;2;1001;0;KALIMANTAN TIMUR;PASER;TANJUNG HARAPAN;TANJUNG ARU;TAMBAK;-2.19422;116.503801
6.40102E+15;6.40102E+13;64;1;22;3;1;0;KALIMANTAN TIMUR;PASER;TANJUNG HARAPAN;LABUANGKALO;RT 001;-2.13499;116.483065
6.40102E+15;6.40102E+13;64;1;22;3;2;0;KALIMANTAN TIMUR;PASER;TANJUNG HARAPAN;LABUANGKALO;RT 002;-2.12818;116.505548
6.40102E+15;6.40102E+13;64;1;22;3;3;0;KALIMANTAN TIMUR;PASER;TANJUNG HARAPAN;LABUANGKALO;RT 003;-2.11503;116.50083
6.40102E+15;6.40102E+13;64;1;22;3;4;0;KALIMANTAN TIMUR;PASER;TANJUNG HARAPAN;LABUANGKALO;RT 004;-2.15072;116.415738
6.40102E+15;6.40102E+13;64;1;22;3;5;0;KALIMANTAN TIMUR;PASER;TANJUNG HARAPAN;LABUANGKALO;RT 005;-2.14678;116.458609
6.40102E+15;6.40102E+13;64;1;22;4;1;0;KALIMANTAN TIMUR;PASER;TANJUNG HARAPAN;SELENGOT;RT 001;-2.15535;116.52167
6.40102E+15;6.40102E+13;64;1;22;4;2;0;KALIMANTAN TIMUR;PASER;TANJUNG HARAPAN;SELENGOT;RT 002;-2.15322;116.519539
6.40102E+15;6.40102E+13;64;1;22;4;3;0;KALIMANTAN TIMUR;PASER;TANJUNG HARAPAN;SELENGOT;RT 003;-2.15556;116.508926
6.40102E+15;6.40102E+13;64;1;22;4;4;0;KALIMANTAN TIMUR;PASER;TANJUNG HARAPAN;SELENGOT;RT 004;-2.1582;116.509336
6.40102E+15;6.40102E+13;64;1;22;4;5;0;KALIMANTAN TIMUR;PASER;TANJUNG HARAPAN;SELENGOT;RT 005;-2.17394;116.447974
6.40102E+15;6.40102E+13;64;1;22;5;1;0;KALIMANTAN TIMUR;PASER;TANJUNG HARAPAN;LORI;RT 001;-2.08046;116.400525
6.40102E+15;6.40102E+13;64;1;22;5;2;1;KALIMANTAN TIMUR;PASER;TANJUNG HARAPAN;LORI;RT 002;-2.07858;116.399976
6.40102E+15;6.40102E+13;64;1;22;5;2;2;KALIMANTAN TIMUR;PASER;TANJUNG HARAPAN;LORI;RT 002;-2.06563;116.393407
6.40102E+15;6.40102E+13;64;1;22;5;3;0;KALIMANTAN TIMUR;PASER;TANJUNG HARAPAN;LORI;RT 003;-2.08303;116.377564
6.40102E+15;6.40102E+13;64;1;22;5;4;0;KALIMANTAN TIMUR;PASER;TANJUNG HARAPAN;LORI;RT 004;-2.07984;116.352897
6.40102E+15;6.40102E+13;64;1;22;5;5;1;KALIMANTAN TIMUR;PASER;TANJUNG HARAPAN;LORI;RT 005;-2.07191;116.401608
6.40102E+15;6.40102E+13;64;1;22;5;5;2;KALIMANTAN TIMUR;PASER;TANJUNG HARAPAN;LORI;RT 005;-2.06388;116.420592
6.40102E+15;6.40102E+13;64;1;22;6;1;0;KALIMANTAN TIMUR;PASER;TANJUNG HARAPAN;RANDOM;RT 001;-2.33309;116.543689
6.40102E+15;6.40102E+13;64;1;22;6;2;0;KALIMANTAN TIMUR;PASER;TANJUNG HARAPAN;RANDOM;RT 002;-2.35959;116.541762
6.40102E+15;6.40102E+13;64;1;22;6;3;0;KALIMANTAN TIMUR;PASER;TANJUNG HARAPAN;RANDOM;RT 003;-2.37781;116.525972
6.40102E+15;6.40102E+13;64;1;22;6;4;0;KALIMANTAN TIMUR;PASER;TANJUNG HARAPAN;RANDOM;RT 004;-2.35776;116.505121
6.40102E+15;6.40102E+13;64;1;22;7;1;0;KALIMANTAN TIMUR;PASER;TANJUNG HARAPAN;SENIPAH;RT 001;-2.37084;116.565326
6.40102E+15;6.40102E+13;64;1;22;7;2;0;KALIMANTAN TIMUR;PASER;TANJUNG HARAPAN;SENIPAH;RT 002;-2.403;116.547079
6.40102E+15;6.40102E+13;64;1;22;7;3;0;KALIMANTAN TIMUR;PASER;TANJUNG HARAPAN;SENIPAH;RT 003;-2.38211;116.546116
6.40103E+15;6.40103E+13;64;1;30;1;1;0;KALIMANTAN TIMUR;PASER;PASIR BELENGKONG;LEMPESU;RT 001;-1.9515;116.033081
6.40103E+15;6.40103E+13;64;1;30;1;2;0;KALIMANTAN TIMUR;PASER;PASIR BELENGKONG;LEMPESU;RT 002;-1.99425;116.058337
6.40103E+15;6.40103E+13;64;1;30;1;3;0;KALIMANTAN TIMUR;PASER;PASIR BELENGKONG;LEMPESU;RT 003;-1.92755;116.052031
6.40103E+15;6.40103E+13;64;1;30;1;4;0;KALIMANTAN TIMUR;PASER;PASIR BELENGKONG;LEMPESU;RT 004;-1.92658;116.069071
6.40103E+15;6.40103E+13;64;1;30;2;1;0;KALIMANTAN TIMUR;PASER;PASIR BELENGKONG;BEKOSO;RT 001;-1.9401;116.109468
6.40103E+15;6.40103E+13;64;1;30;2;2;0;KALIMANTAN TIMUR;PASER;PASIR BELENGKONG;BEKOSO;RT 002;-1.97646;116.098812
6.40103E+15;6.40103E+13;64;1;30;2;3;0;KALIMANTAN TIMUR;PASER;PASIR BELENGKONG;BEKOSO;RT 003;-1.94531;116.103376
6.40103E+15;6.40103E+13;64;1;30;2;4;0;KALIMANTAN TIMUR;PASER;PASIR BELENGKONG;BEKOSO;RT 004;-1.92653;116.096317
6.40103E+15;6.40103E+13;64;1;30;2;5;0;KALIMANTAN TIMUR;PASER;PASIR BELENGKONG;BEKOSO;RT 05;-1.91279;116.098993
6.40103E+15;6.40103E+13;64;1;30;2;6;0;KALIMANTAN TIMUR;PASER;PASIR BELENGKONG;BEKOSO;RT 006;-1.91494;116.080089
6.40103E+15;6.40103E+13;64;1;30;2;7;0;KALIMANTAN TIMUR;PASER;PASIR BELENGKONG;BEKOSO;RT 007;-1.93591;116.103043
6.40103E+15;6.40103E+13;64;1;30;3;1;0;KALIMANTAN TIMUR;PASER;PASIR BELENGKONG;DAMIT;RT 001;-1.98234;116.140739
6.40103E+15;6.40103E+13;64;1;30;3;2;0;KALIMANTAN TIMUR;PASER;PASIR BELENGKONG;DAMIT;RT 002;-1.9478;116.136529
6.40103E+15;6.40103E+13;64;1;30;3;3;0;KALIMANTAN TIMUR;PASER;PASIR BELENGKONG;DAMIT;RT 003;-1.94823;116.14952
6.40103E+15;6.40103E+13;64;1;30;3;4;1;KALIMANTAN TIMUR;PASER;PASIR BELENGKONG;DAMIT;RT 004;-1.93227;116.166013
6.40103E+15;6.40103E+13;64;1;30;3;4;2;KALIMANTAN TIMUR;PASER;PASIR BELENGKONG;DAMIT;RT 004;-1.93524;116.162056
6.40103E+15;6.40103E+13;64;1;30;3;5;0;KALIMANTAN TIMUR;PASER;PASIR BELENGKONG;DAMIT;RT 005;-1.94191;116.167768
6.40103E+15;6.40103E+13;64;1;30;3;6;0;KALIMANTAN TIMUR;PASER;PASIR BELENGKONG;DAMIT;RT 006;-1.95366;116.161769
6.40103E+15;6.40103E+13;64;1;30;3;7;0;KALIMANTAN TIMUR;PASER;PASIR BELENGKONG;DAMIT;RT 007;-1.94297;116.175166
6.40103E+15;6.40103E+13;64;1;30;3;8;0;KALIMANTAN TIMUR;PASER;PASIR BELENGKONG;DAMIT;RT 008;-1.94206;116.140377
6.40103E+15;6.40103E+13;64;1;30;3;9;0;KALIMANTAN TIMUR;PASER;PASIR BELENGKONG;DAMIT;RT 009;-1.92031;116.128092
6.40103E+15;6.40103E+13;64;1;30;3;10;0;KALIMANTAN TIMUR;PASER;PASIR BELENGKONG;DAMIT;RT 010;-1.92643;116.130287
6.40103E+15;6.40103E+13;64;1;30;3;11;0;KALIMANTAN TIMUR;PASER;PASIR BELENGKONG;DAMIT;RT 011;-1.92924;116.155695
6.40103E+15;6.40103E+13;64;1;30;4;1;0;KALIMANTAN TIMUR;PASER;PASIR BELENGKONG;SANGKURIMAN;RT 001;-1.93782;116.187989
6.40103E+15;6.40103E+13;64;1;30;4;2;0;KALIMANTAN TIMUR;PASER;PASIR BELENGKONG;SANGKURIMAN;RT 002;-1.93266;116.184387
6.40103E+15;6.40103E+13;64;1;30;4;3;0;KALIMANTAN TIMUR;PASER;PASIR BELENGKONG;SANGKURIMAN;RT 003;-1.92896;116.17892
6.40103E+15;6.40103E+13;64;1;30;4;4;0;KALIMANTAN TIMUR;PASER;PASIR BELENGKONG;SANGKURIMAN;RT 004;-1.92684;116.183567
6.40103E+15;6.40103E+13;64;1;30;4;5;0;KALIMANTAN TIMUR;PASER;PASIR BELENGKONG;SANGKURIMAN;RT 005;-1.93928;116.184478
6.40103E+15;6.40103E+13;64;1;30;5;1;0;KALIMANTAN TIMUR;PASER;PASIR BELENGKONG;SUATANG;RT 001;-2.02788;116.161155
6.40103E+15;6.40103E+13;64;1;30;5;2;0;KALIMANTAN TIMUR;PASER;PASIR BELENGKONG;SUATANG;RT 002;-2.02293;116.151455
6.40103E+15;6.40103E+13;64;1;30;5;3;0;KALIMANTAN TIMUR;PASER;PASIR BELENGKONG;SUATANG;RT 003;-2.02623;116.145529
6.40103E+15;6.40103E+13;64;1;30;5;4;0;KALIMANTAN TIMUR;PASER;PASIR BELENGKONG;SUATANG;RT 004;-2.00298;116.160253
6.40103E+15;6.40103E+13;64;1;30;5;5;0;KALIMANTAN TIMUR;PASER;PASIR BELENGKONG;SUATANG;RT 005;-2.01702;116.132445
6.40103E+15;6.40103E+13;64;1;30;5;6;0;KALIMANTAN TIMUR;PASER;PASIR BELENGKONG;SUATANG;RT 006;-2.02739;116.126032
6.40103E+15;6.40103E+13;64;1;30;5;7;0;KALIMANTAN TIMUR;PASER;PASIR BELENGKONG;SUATANG;RT 007;-2.02456;116.134771
6.40103E+15;6.40103E+13;64;1;30;5;8;0;KALIMANTAN TIMUR;PASER;PASIR BELENGKONG;SUATANG;RT 008;-2.01895;116.17415
6.40103E+15;6.40103E+13;64;1;30;5;9;0;KALIMANTAN TIMUR;PASER;PASIR BELENGKONG;SUATANG;RT 009;-2.01091;116.17481
6.40103E+15;6.40103E+13;64;1;30;5;10;0;KALIMANTAN TIMUR;PASER;PASIR BELENGKONG;SUATANG;RT 010;-2.02264;116.168998
6.40103E+15;6.40103E+13;64;1;30;5;11;0;KALIMANTAN TIMUR;PASER;PASIR BELENGKONG;SUATANG;RT 011;-2.02207;116.174293
6.40103E+15;6.40103E+13;64;1;30;6;1;0;KALIMANTAN TIMUR;PASER;PASIR BELENGKONG;KERESIK BURA;RT 001;-1.9897;116.189703
6.40103E+15;6.40103E+13;64;1;30;6;2;0;KALIMANTAN TIMUR;PASER;PASIR BELENGKONG;KERESIK BURA;RT 005;-1.9763;116.187741
6.40103E+15;6.40103E+13;64;1;30;6;6;0;KALIMANTAN TIMUR;PASER;PASIR BELENGKONG;KERESIK BURA;RT 007;-1.9868;116.186688
6.40103E+15;6.40103E+13;64;1;30;6;23;0;KALIMANTAN TIMUR;PASER;PASIR BELENGKONG;KERESIK BURA;RT 003;-1.98002;116.187962
6.40103E+15;6.40103E+13;64;1;30;6;24;0;KALIMANTAN TIMUR;PASER;PASIR BELENGKONG;KERESIK BURA;RT 022;-1.98145;116.183419
6.40103E+15;6.40103E+13;64;1;30;6;25;0;KALIMANTAN TIMUR;PASER;PASIR BELENGKONG;KERESIK BURA;RT 010;-1.98615;116.181265
6.40103E+15;6.40103E+13;64;1;30;6;26;0;KALIMANTAN TIMUR;PASER;PASIR BELENGKONG;KERESIK BURA;RT 009;-1.98556;116.184422
6.40103E+15;6.40103E+13;64;1;30;6;27;0;KALIMANTAN TIMUR;PASER;PASIR BELENGKONG;KERESIK BURA;RT 014;-1.99184;116.183344
6.40103E+15;6.40103E+13;64;1;30;6;28;0;KALIMANTAN TIMUR;PASER;PASIR BELENGKONG;KERESIK BURA;RT 012;-1.9932;116.18659
6.40103E+15;6.40103E+13;64;1;30;6;29;0;KALIMANTAN TIMUR;PASER;PASIR BELENGKONG;KERESIK BURA;RT 016;-1.99541;116.189847
6.40103E+15;6.40103E+13;64;1;30;6;30;0;KALIMANTAN TIMUR;PASER;PASIR BELENGKONG;KERESIK BURA;RT 018;-1.9996;116.192823
6.40103E+15;6.40103E+13;64;1;30;6;31;0;KALIMANTAN TIMUR;PASER;PASIR BELENGKONG;KERESIK BURA;RT 020;-2.00031;116.189226
6.40103E+15;6.40103E+13;64;1;30;6;32;0;KALIMANTAN TIMUR;PASER;PASIR BELENGKONG;KERESIK BURA;RT 002;-1.98388;116.18869
6.40103E+15;6.40103E+13;64;1;30;6;33;0;KALIMANTAN TIMUR;PASER;PASIR BELENGKONG;KERESIK BURA;RT 004;-1.97779;116.190329
6.40103E+15;6.40103E+13;64;1;30;6;34;0;KALIMANTAN TIMUR;PASER;PASIR BELENGKONG;KERESIK BURA;RT 006;-1.9799;116.185844
6.40103E+15;6.40103E+13;64;1;30;6;35;0;KALIMANTAN TIMUR;PASER;PASIR BELENGKONG;KERESIK BURA;RT 008;-1.98511;116.186003
6.40103E+15;6.40103E+13;64;1;30;6;36;0;KALIMANTAN TIMUR;PASER;PASIR BELENGKONG;KERESIK BURA;RT 011;-1.98917;116.182123
6.40103E+15;6.40103E+13;64;1;30;6;37;0;KALIMANTAN TIMUR;PASER;PASIR BELENGKONG;KERESIK BURA;RT 021;-1.98325;116.18182
6.40103E+15;6.40103E+13;64;1;30;6;38;0;KALIMANTAN TIMUR;PASER;PASIR BELENGKONG;KERESIK BURA;RT 023;-1.97818;116.18169
6.40103E+15;6.40103E+13;64;1;30;6;39;0;KALIMANTAN TIMUR;PASER;PASIR BELENGKONG;KERESIK BURA;RT 013;-1.99443;116.184012
6.40103E+15;6.40103E+13;64;1;30;6;40;0;KALIMANTAN TIMUR;PASER;PASIR BELENGKONG;KERESIK BURA;RT 015;-1.99217;116.180255
6.40103E+15;6.40103E+13;64;1;30;6;41;0;KALIMANTAN TIMUR;PASER;PASIR BELENGKONG;KERESIK BURA;RT 017;-1.99661;116.192474
6.40103E+15;6.40103E+13;64;1;30;6;42;0;KALIMANTAN TIMUR;PASER;PASIR BELENGKONG;KERESIK BURA;RT 019;-2.00186;116.191976
6.40103E+15;6.40103E+13;64;1;30;6;1001;0;KALIMANTAN TIMUR;PASER;PASIR BELENGKONG;KERESIK BURA;KEBUN SAWIT;-1.98336;116.177584
6.40103E+15;6.40103E+13;64;1;30;6;1002;0;KALIMANTAN TIMUR;PASER;PASIR BELENGKONG;KERESIK BURA;SAWAH;-1.97216;116.187682
6.40103E+15;6.40103E+13;64;1;30;6;1003;0;KALIMANTAN TIMUR;PASER;PASIR BELENGKONG;KERESIK BURA;SAWAH;-1.98834;116.197248
6.40103E+15;6.40103E+13;64;1;30;6;1004;0;KALIMANTAN TIMUR;PASER;PASIR BELENGKONG;KERESIK BURA;KEBUN SAWIT;-2.01108;116.189617
6.40103E+15;6.40103E+13;64;1;30;7;1;0;KALIMANTAN TIMUR;PASER;PASIR BELENGKONG;PASIR BELENGKONG;RT 001;-1.94255;116.234805
6.40103E+15;6.40103E+13;64;1;30;7;2;0;KALIMANTAN TIMUR;PASER;PASIR BELENGKONG;PASIR BELENGKONG;RT 002;-1.94697;116.237964
6.40103E+15;6.40103E+13;64;1;30;7;3;0;KALIMANTAN TIMUR;PASER;PASIR BELENGKONG;PASIR BELENGKONG;RT 003;-1.94869;116.228786
6.40103E+15;6.40103E+13;64;1;30;7;4;0;KALIMANTAN TIMUR;PASER;PASIR BELENGKONG;PASIR BELENGKONG;RT 004;-1.94057;116.221315
6.40103E+15;6.40103E+13;64;1;30;7;5;0;KALIMANTAN TIMUR;PASER;PASIR BELENGKONG;PASIR BELENGKONG;RT 005;-1.94762;116.21321
6.40103E+15;6.40103E+13;64;1;30;7;6;0;KALIMANTAN TIMUR;PASER;PASIR BELENGKONG;PASIR BELENGKONG;RT 006;-1.94899;116.21073
6.40103E+15;6.40103E+13;64;1;30;7;7;0;KALIMANTAN TIMUR;PASER;PASIR BELENGKONG;PASIR BELENGKONG;RT 007;-1.95323;116.209444
6.40103E+15;6.40103E+13;64;1;30;7;8;0;KALIMANTAN TIMUR;PASER;PASIR BELENGKONG;PASIR BELENGKONG;RT 008;-1.95838;116.216668
6.40103E+15;6.40103E+13;64;1;30;7;9;0;KALIMANTAN TIMUR;PASER;PASIR BELENGKONG;PASIR BELENGKONG;RT 009;-1.97383;116.210927
6.40103E+15;6.40103E+13;64;1;30;7;10;0;KALIMANTAN TIMUR;PASER;PASIR BELENGKONG;PASIR BELENGKONG;RT 010;-1.99021;116.230622
6.40103E+15;6.40103E+13;64;1;30;7;11;0;KALIMANTAN TIMUR;PASER;PASIR BELENGKONG;PASIR BELENGKONG;RT 011;-2.00193;116.214347
6.40103E+15;6.40103E+13;64;1;30;7;12;0;KALIMANTAN TIMUR;PASER;PASIR BELENGKONG;PASIR BELENGKONG;RT 012;-1.95298;116.229096
6.40103E+15;6.40103E+13;64;1;30;8;1;0;KALIMANTAN TIMUR;PASER;PASIR BELENGKONG;SENIUNG JAYA;RT 001;-2.02383;116.216133
6.40103E+15;6.40103E+13;64;1;30;8;2;0;KALIMANTAN TIMUR;PASER;PASIR BELENGKONG;SENIUNG JAYA;RT 002;-2.02639;116.21937
6.40103E+15;6.40103E+13;64;1;30;8;3;0;KALIMANTAN TIMUR;PASER;PASIR BELENGKONG;SENIUNG JAYA;RT 003;-2.02652;116.221447
6.40103E+15;6.40103E+13;64;1;30;8;4;0;KALIMANTAN TIMUR;PASER;PASIR BELENGKONG;SENIUNG JAYA;RT 004;-2.02426;116.226946
6.40103E+15;6.40103E+13;64;1;30;8;5;0;KALIMANTAN TIMUR;PASER;PASIR BELENGKONG;SENIUNG JAYA;RT 005;-2.02776;116.229081
6.40103E+15;6.40103E+13;64;1;30;8;6;0;KALIMANTAN TIMUR;PASER;PASIR BELENGKONG;SENIUNG JAYA;RT 006;-2.02297;116.240669
6.40103E+15;6.40103E+13;64;1;30;8;7;0;KALIMANTAN TIMUR;PASER;PASIR BELENGKONG;SENIUNG JAYA;RT 007;-2.02655;116.224113
6.40103E+15;6.40103E+13;64;1;30;8;8;0;KALIMANTAN TIMUR;PASER;PASIR BELENGKONG;SENIUNG JAYA;RT 008;-2.0231;116.225566
6.40103E+15;6.40103E+13;64;1;30;8;1001;0;KALIMANTAN TIMUR;PASER;PASIR BELENGKONG;SENIUNG JAYA;PERKEBUNAN SAWIT;-2.02006;116.209211
6.40103E+15;6.40103E+13;64;1;30;8;1002;0;KALIMANTAN TIMUR;PASER;PASIR BELENGKONG;SENIUNG JAYA;PERKEBUNAN SAWIT;-2.04994;116.236685
6.40103E+15;6.40103E+13;64;1;30;9;1;0;KALIMANTAN TIMUR;PASER;PASIR BELENGKONG;SULILIRAN BARU;RT 001;-1.97517;116.25383
6.40103E+15;6.40103E+13;64;1;30;9;2;0;KALIMANTAN TIMUR;PASER;PASIR BELENGKONG;SULILIRAN BARU;RT 002;-1.98059;116.252995
6.40103E+15;6.40103E+13;64;1;30;9;3;0;KALIMANTAN TIMUR;PASER;PASIR BELENGKONG;SULILIRAN BARU;RT 003;-1.98112;116.257525
6.40103E+15;6.40103E+13;64;1;30;9;4;0;KALIMANTAN TIMUR;PASER;PASIR BELENGKONG;SULILIRAN BARU;RT 004;-1.98085;116.259035
6.40103E+15;6.40103E+13;64;1;30;9;5;0;KALIMANTAN TIMUR;PASER;PASIR BELENGKONG;SULILIRAN BARU;RT 005;-1.97734;116.26138
6.40103E+15;6.40103E+13;64;1;30;9;6;0;KALIMANTAN TIMUR;PASER;PASIR BELENGKONG;SULILIRAN BARU;RT 006;-1.98413;116.258711
6.40103E+15;6.40103E+13;64;1;30;9;7;0;KALIMANTAN TIMUR;PASER;PASIR BELENGKONG;SULILIRAN BARU;RT 007;-1.98407;116.263729
6.40103E+15;6.40103E+13;64;1;30;9;8;0;KALIMANTAN TIMUR;PASER;PASIR BELENGKONG;SULILIRAN BARU;RT 008;-1.98907;116.257806
6.40103E+15;6.40103E+13;64;1;30;9;9;0;KALIMANTAN TIMUR;PASER;PASIR BELENGKONG;SULILIRAN BARU;RT 009;-1.99571;116.257845
6.40103E+15;6.40103E+13;64;1;30;9;10;0;KALIMANTAN TIMUR;PASER;PASIR BELENGKONG;SULILIRAN BARU;RT 010;-1.98859;116.253846
6.40103E+15;6.40103E+13;64;1;30;9;11;0;KALIMANTAN TIMUR;PASER;PASIR BELENGKONG;SULILIRAN BARU;RT 011;-1.99313;116.25652
6.40103E+15;6.40103E+13;64;1;30;9;12;0;KALIMANTAN TIMUR;PASER;PASIR BELENGKONG;SULILIRAN BARU;RT 012;-1.99306;116.255558
6.40103E+15;6.40103E+13;64;1;30;9;13;0;KALIMANTAN TIMUR;PASER;PASIR BELENGKONG;SULILIRAN BARU;RT 013;-1.99335;116.254474
6.40103E+15;6.40103E+13;64;1;30;9;14;0;KALIMANTAN TIMUR;PASER;PASIR BELENGKONG;SULILIRAN BARU;RT 014;-1.99314;116.253423
6.40103E+15;6.40103E+13;64;1;30;9;15;0;KALIMANTAN TIMUR;PASER;PASIR BELENGKONG;SULILIRAN BARU;RT 015;-1.99378;116.252461
6.40103E+15;6.40103E+13;64;1;30;9;16;0;KALIMANTAN TIMUR;PASER;PASIR BELENGKONG;SULILIRAN BARU;RT 016;-1.99282;116.251287
6.40103E+15;6.40103E+13;64;1;30;9;17;0;KALIMANTAN TIMUR;PASER;PASIR BELENGKONG;SULILIRAN BARU;RT 017;-1.99388;116.249757
6.40103E+15;6.40103E+13;64;1;30;9;18;0;KALIMANTAN TIMUR;PASER;PASIR BELENGKONG;SULILIRAN BARU;RT 018;-1.99946;116.242215
6.40103E+15;6.40103E+13;64;1;30;9;19;0;KALIMANTAN TIMUR;PASER;PASIR BELENGKONG;SULILIRAN BARU;RT 019;-1.99101;116.24514
6.40103E+15;6.40103E+13;64;1;30;9;20;0;KALIMANTAN TIMUR;PASER;PASIR BELENGKONG;SULILIRAN BARU;RT 020;-1.98342;116.242475
6.40103E+15;6.40103E+13;64;1;30;9;21;0;KALIMANTAN TIMUR;PASER;PASIR BELENGKONG;SULILIRAN BARU;RT 021;-2.00375;116.251002
6.40103E+15;6.40103E+13;64;1;30;9;22;0;KALIMANTAN TIMUR;PASER;PASIR BELENGKONG;SULILIRAN BARU;RT 022;-1.98502;116.252938
6.40103E+15;6.40103E+13;64;1;30;9;23;0;KALIMANTAN TIMUR;PASER;PASIR BELENGKONG;SULILIRAN BARU;RT 023;-2.02599;116.264369
6.40103E+15;6.40103E+13;64;1;30;9;1001;0;KALIMANTAN TIMUR;PASER;PASIR BELENGKONG;SULILIRAN BARU;KEBUN PLASMA;-2.00209;116.26769
6.40103E+15;6.40103E+13;64;1;30;9;1002;0;KALIMANTAN TIMUR;PASER;PASIR BELENGKONG;SULILIRAN BARU;KEBUN;-1.97384;116.272159
6.40103E+15;6.40103E+13;64;1;30;10;1;0;KALIMANTAN TIMUR;PASER;PASIR BELENGKONG;SULILIRAN;RT 001;-1.94631;116.250376
6.40103E+15;6.40103E+13;64;1;30;10;2;0;KALIMANTAN TIMUR;PASER;PASIR BELENGKONG;SULILIRAN;RT 002;-1.93042;116.277249
6.40103E+15;6.40103E+13;64;1;30;10;3;0;KALIMANTAN TIMUR;PASER;PASIR BELENGKONG;SULILIRAN;RT 003;-1.92612;116.254484
6.40103E+15;6.40103E+13;64;1;30;10;4;0;KALIMANTAN TIMUR;PASER;PASIR BELENGKONG;SULILIRAN;RT 004;-1.95946;116.253873
6.40103E+15;6.40103E+13;64;1;30;10;5;0;KALIMANTAN TIMUR;PASER;PASIR BELENGKONG;SULILIRAN;RT 005;-1.94499;116.247473
6.40103E+15;6.40103E+13;64;1;30;10;6;0;KALIMANTAN TIMUR;PASER;PASIR BELENGKONG;SULILIRAN;RT 006;-1.9448;116.250535
6.40103E+15;6.40103E+13;64;1;30;10;7;0;KALIMANTAN TIMUR;PASER;PASIR BELENGKONG;SULILIRAN;RT 007;-1.93918;116.248083
6.40103E+15;6.40103E+13;64;1;30;10;8;0;KALIMANTAN TIMUR;PASER;PASIR BELENGKONG;SULILIRAN;RT 008;-1.93741;116.25102
6.40103E+15;6.40103E+13;64;1;30;10;9;0;KALIMANTAN TIMUR;PASER;PASIR BELENGKONG;SULILIRAN;RT 009;-1.92405;116.285698
6.40103E+15;6.40103E+13;64;1;30;10;10;0;KALIMANTAN TIMUR;PASER;PASIR BELENGKONG;SULILIRAN;RT 010;-1.92789;116.28991
6.40103E+15;6.40103E+13;64;1;30;10;11;0;KALIMANTAN TIMUR;PASER;PASIR BELENGKONG;SULILIRAN;RT 011;-1.92186;116.288663
6.40103E+15;6.40103E+13;64;1;30;10;12;0;KALIMANTAN TIMUR;PASER;PASIR BELENGKONG;SULILIRAN;RT 012;-1.9255;116.2924
6.40103E+15;6.40103E+13;64;1;30;10;1001;0;KALIMANTAN TIMUR;PASER;PASIR BELENGKONG;SULILIRAN;KEBUN;-1.94422;116.291334
6.40103E+15;6.40103E+13;64;1;30;11;1;0;KALIMANTAN TIMUR;PASER;PASIR BELENGKONG;LABURAN BARU;RT 001;-1.96561;116.306591
6.40103E+15;6.40103E+13;64;1;30;11;3;0;KALIMANTAN TIMUR;PASER;PASIR BELENGKONG;LABURAN BARU;RT 003;-1.96302;116.301553
6.40103E+15;6.40103E+13;64;1;30;11;17;0;KALIMANTAN TIMUR;PASER;PASIR BELENGKONG;LABURAN BARU;RT 002;-1.97224;116.304882
6.40103E+15;6.40103E+13;64;1;30;11;18;0;KALIMANTAN TIMUR;PASER;PASIR BELENGKONG;LABURAN BARU;RT 004;-1.96358;116.312527
6.40103E+15;6.40103E+13;64;1;30;11;19;0;KALIMANTAN TIMUR;PASER;PASIR BELENGKONG;LABURAN BARU;RT 005;-1.95619;116.312701
6.40103E+15;6.40103E+13;64;1;30;11;20;0;KALIMANTAN TIMUR;PASER;PASIR BELENGKONG;LABURAN BARU;RT 006;-1.96963;116.31159
6.40103E+15;6.40103E+13;64;1;30;11;21;0;KALIMANTAN TIMUR;PASER;PASIR BELENGKONG;LABURAN BARU;RT 007;-1.97562;116.314345
6.40103E+15;6.40103E+13;64;1;30;11;22;0;KALIMANTAN TIMUR;PASER;PASIR BELENGKONG;LABURAN BARU;RT 008;-1.97499;116.309228
6.40103E+15;6.40103E+13;64;1;30;11;23;0;KALIMANTAN TIMUR;PASER;PASIR BELENGKONG;LABURAN BARU;RT 009;-1.97396;116.298106
6.40103E+15;6.40103E+13;64;1;30;11;1001;0;KALIMANTAN TIMUR;PASER;PASIR BELENGKONG;LABURAN BARU;KEBUN SAWIT;-1.98057;116.300301
6.40103E+15;6.40103E+13;64;1;30;12;1;0;KALIMANTAN TIMUR;PASER;PASIR BELENGKONG;LABURAN;RT 001;-2.01441;116.352086
6.40103E+15;6.40103E+13;64;1;30;12;2;0;KALIMANTAN TIMUR;PASER;PASIR BELENGKONG;LABURAN;RT 002;-1.98283;116.375265
6.40103E+15;6.40103E+13;64;1;30;12;3;0;KALIMANTAN TIMUR;PASER;PASIR BELENGKONG;LABURAN;RT 003;-1.945;116.325081
6.40103E+15;6.40103E+13;64;1;30;12;4;0;KALIMANTAN TIMUR;PASER;PASIR BELENGKONG;LABURAN;RT 004;-1.93999;116.37134
6.40103E+15;6.40103E+13;64;1;30;12;5;0;KALIMANTAN TIMUR;PASER;PASIR BELENGKONG;LABURAN;RT 005;-1.8962;116.361102
6.40103E+15;6.40103E+13;64;1;30;12;6;0;KALIMANTAN TIMUR;PASER;PASIR BELENGKONG;LABURAN;RT 006;-2.04423;116.383453
6.40103E+15;6.40103E+13;64;1;30;12;7;0;KALIMANTAN TIMUR;PASER;PASIR BELENGKONG;LABURAN;RT 007;-2.02306;116.305368
6.40103E+15;6.40103E+13;64;1;30;12;8;0;KALIMANTAN TIMUR;PASER;PASIR BELENGKONG;LABURAN;RT 008;-2.03936;116.362481
6.40103E+15;6.40103E+13;64;1;30;12;9;0;KALIMANTAN TIMUR;PASER;PASIR BELENGKONG;LABURAN;RT 009;-2.02673;116.383575
6.40103E+15;6.40103E+13;64;1;30;12;10;0;KALIMANTAN TIMUR;PASER;PASIR BELENGKONG;LABURAN;RT 010;-2.03014;116.431673
6.40103E+15;6.40103E+13;64;1;30;12;11;0;KALIMANTAN TIMUR;PASER;PASIR BELENGKONG;LABURAN;RT 011;-2.00831;116.378377
6.40103E+15;6.40103E+13;64;1;30;12;12;0;KALIMANTAN TIMUR;PASER;PASIR BELENGKONG;LABURAN;RT 012;-2.05549;116.364514
6.40103E+15;6.40103E+13;64;1;30;12;13;0;KALIMANTAN TIMUR;PASER;PASIR BELENGKONG;LABURAN;RT 013;-2.03881;116.40327
6.40103E+15;6.40103E+13;64;1;30;12;14;0;KALIMANTAN TIMUR;PASER;PASIR BELENGKONG;LABURAN;RT 014;-2.00396;116.418417
6.40103E+15;6.40103E+13;64;1;30;12;15;0;KALIMANTAN TIMUR;PASER;PASIR BELENGKONG;LABURAN;RT 015;-2.03141;116.340121
6.40103E+15;6.40103E+13;64;1;30;13;1;0;KALIMANTAN TIMUR;PASER;PASIR BELENGKONG;OLONG PINANG;RT 001;-1.96935;116.11847
6.40103E+15;6.40103E+13;64;1;30;13;2;0;KALIMANTAN TIMUR;PASER;PASIR BELENGKONG;OLONG PINANG;RT 002;-1.97918;116.125904
6.40103E+15;6.40103E+13;64;1;30;13;3;0;KALIMANTAN TIMUR;PASER;PASIR BELENGKONG;OLONG PINANG;RT 003;-1.93433;116.123051
6.40103E+15;6.40103E+13;64;1;30;13;4;0;KALIMANTAN TIMUR;PASER;PASIR BELENGKONG;OLONG PINANG;RT 004;-1.92277;116.119912
6.40103E+15;6.40103E+13;64;1;30;13;5;0;KALIMANTAN TIMUR;PASER;PASIR BELENGKONG;OLONG PINANG;RT 005;-1.92705;116.126293
6.40103E+15;6.40103E+13;64;1;30;14;1;0;KALIMANTAN TIMUR;PASER;PASIR BELENGKONG;SUNGE BATU;RT 001;-1.92309;116.450463
6.40103E+15;6.40103E+13;64;1;30;14;2;0;KALIMANTAN TIMUR;PASER;PASIR BELENGKONG;SUNGE BATU;RT 002;-1.94941;116.443638
6.40103E+15;6.40103E+13;64;1;30;14;3;0;KALIMANTAN TIMUR;PASER;PASIR BELENGKONG;SUNGE BATU;RT 003;-1.93731;116.419234
6.40103E+15;6.40103E+13;64;1;30;15;1;0;KALIMANTAN TIMUR;PASER;PASIR BELENGKONG;SUATANG KETEBAN;RT 001;-1.9616;116.196024
6.40103E+15;6.40103E+13;64;1;30;15;2;0;KALIMANTAN TIMUR;PASER;PASIR BELENGKONG;SUATANG KETEBAN;RT 002;-1.95578;116.190938
6.40103E+15;6.40103E+13;64;1;30;15;3;0;KALIMANTAN TIMUR;PASER;PASIR BELENGKONG;SUATANG KETEBAN;RT 003;-1.94579;116.199274
6.40103E+15;6.40103E+13;64;1;30;15;4;0;KALIMANTAN TIMUR;PASER;PASIR BELENGKONG;SUATANG KETEBAN;RT 004;-1.96769;116.175941
6.40104E+15;6.40104E+13;64;1;40;1;1;0;KALIMANTAN TIMUR;PASER;TANAH GROGOT;JANJU;RT 001;-1.85691;116.169927
6.40104E+15;6.40104E+13;64;1;40;1;2;0;KALIMANTAN TIMUR;PASER;TANAH GROGOT;JANJU;RT 002;-1.85145;116.156482
6.40104E+15;6.40104E+13;64;1;40;1;3;0;KALIMANTAN TIMUR;PASER;TANAH GROGOT;JANJU;RT 003;-1.8359;116.155127
6.40104E+15;6.40104E+13;64;1;40;1;4;0;KALIMANTAN TIMUR;PASER;TANAH GROGOT;JANJU;RT 004;-1.86487;116.135081
6.40104E+15;6.40104E+13;64;1;40;1;5;0;KALIMANTAN TIMUR;PASER;TANAH GROGOT;JANJU;RT 005;-1.83142;116.140237
6.40104E+15;6.40104E+13;64;1;40;1;6;0;KALIMANTAN TIMUR;PASER;TANAH GROGOT;JANJU;RT 006;-1.85492;116.163649
6.40104E+15;6.40104E+13;64;1;40;1;7;0;KALIMANTAN TIMUR;PASER;TANAH GROGOT;JANJU;RT 007;-1.84738;116.164327
6.40104E+15;6.40104E+13;64;1;40;1;8;1;KALIMANTAN TIMUR;PASER;TANAH GROGOT;JANJU;RT 008;-1.86088;116.17239
6.40104E+15;6.40104E+13;64;1;40;1;8;2;KALIMANTAN TIMUR;PASER;TANAH GROGOT;JANJU;RT 008;-1.82472;116.182628
6.40104E+15;6.40104E+13;64;1;40;1;8;3;KALIMANTAN TIMUR;PASER;TANAH GROGOT;JANJU;RT 008;-1.86143;116.174223
6.40104E+15;6.40104E+13;64;1;40;2;1;0;KALIMANTAN TIMUR;PASER;TANAH GROGOT;SEMPULANG;RT 001;-1.85799;116.160418
6.40104E+15;6.40104E+13;64;1;40;2;2;0;KALIMANTAN TIMUR;PASER;TANAH GROGOT;SEMPULANG;RT 002;-1.85521;116.153979
6.40104E+15;6.40104E+13;64;1;40;2;3;0;KALIMANTAN TIMUR;PASER;TANAH GROGOT;SEMPULANG;RT 003;-1.86373;116.147365
6.40104E+15;6.40104E+13;64;1;40;2;4;0;KALIMANTAN TIMUR;PASER;TANAH GROGOT;SEMPULANG;RT 004;-1.85594;116.150343
6.40104E+15;6.40104E+13;64;1;40;2;5;0;KALIMANTAN TIMUR;PASER;TANAH GROGOT;SEMPULANG;RT 005;-1.85403;116.148735
6.40104E+15;6.40104E+13;64;1;40;2;6;0;KALIMANTAN TIMUR;PASER;TANAH GROGOT;SEMPULANG;RT 006;-1.85929;116.153205
6.40104E+15;6.40104E+13;64;1;40;2;7;0;KALIMANTAN TIMUR;PASER;TANAH GROGOT;SEMPULANG;RT 007;-1.86863;116.159188
6.40104E+15;6.40104E+13;64;1;40;2;8;0;KALIMANTAN TIMUR;PASER;TANAH GROGOT;SEMPULANG;RT 008;-1.86276;116.152897
6.40104E+15;6.40104E+13;64;1;40;2;9;0;KALIMANTAN TIMUR;PASER;TANAH GROGOT;SEMPULANG;RT 009;-1.86711;116.151958
6.40104E+15;6.40104E+13;64;1;40;2;10;0;KALIMANTAN TIMUR;PASER;TANAH GROGOT;SEMPULANG;RT 010;-1.87253;116.151827
6.40104E+15;6.40104E+13;64;1;40;2;11;0;KALIMANTAN TIMUR;PASER;TANAH GROGOT;SEMPULANG;RT 011;-1.86516;116.152538
6.40104E+15;6.40104E+13;64;1;40;3;1;0;KALIMANTAN TIMUR;PASER;TANAH GROGOT;TEPIAN BATANG;RT 001;-1.91361;116.178045
6.40104E+15;6.40104E+13;64;1;40;3;2;1;KALIMANTAN TIMUR;PASER;TANAH GROGOT;TEPIAN BATANG;RT 002;-1.90361;116.186163
6.40104E+15;6.40104E+13;64;1;40;3;2;2;KALIMANTAN TIMUR;PASER;TANAH GROGOT;TEPIAN BATANG;RT 002;-1.90292;116.184694
6.40104E+15;6.40104E+13;64;1;40;3;3;0;KALIMANTAN TIMUR;PASER;TANAH GROGOT;TEPIAN BATANG;RT 003;-1.89739;116.18447
6.40104E+15;6.40104E+13;64;1;40;3;4;1;KALIMANTAN TIMUR;PASER;TANAH GROGOT;TEPIAN BATANG;RT 004;-1.88952;116.177419
6.40104E+15;6.40104E+13;64;1;40;3;4;2;KALIMANTAN TIMUR;PASER;TANAH GROGOT;TEPIAN BATANG;RT 004;-1.88695;116.1845
6.40104E+15;6.40104E+13;64;1;40;3;5;1;KALIMANTAN TIMUR;PASER;TANAH GROGOT;TEPIAN BATANG;RT 005;-1.87998;116.174431
6.40104E+15;6.40104E+13;64;1;40;3;5;2;KALIMANTAN TIMUR;PASER;TANAH GROGOT;TEPIAN BATANG;RT 005;-1.87899;116.178698
6.40104E+15;6.40104E+13;64;1;40;3;5;3;KALIMANTAN TIMUR;PASER;TANAH GROGOT;TEPIAN BATANG;RT 005;-1.87905;116.17655
6.40104E+15;6.40104E+13;64;1;40;3;6;1;KALIMANTAN TIMUR;PASER;TANAH GROGOT;TEPIAN BATANG;RT 006;-1.88713;116.166361
6.40104E+15;6.40104E+13;64;1;40;3;6;2;KALIMANTAN TIMUR;PASER;TANAH GROGOT;TEPIAN BATANG;RT 006;-1.88068;116.166707
6.40104E+15;6.40104E+13;64;1;40;3;6;3;KALIMANTAN TIMUR;PASER;TANAH GROGOT;TEPIAN BATANG;RT 006;-1.8868;116.173347
6.40104E+15;6.40104E+13;64;1;40;3;6;4;KALIMANTAN TIMUR;PASER;TANAH GROGOT;TEPIAN BATANG;RT 006;-1.88797;116.172169
6.40104E+15;6.40104E+13;64;1;40;3;7;0;KALIMANTAN TIMUR;PASER;TANAH GROGOT;TEPIAN BATANG;RT 007;-1.89265;116.151439
6.40104E+15;6.40104E+13;64;1;40;3;8;0;KALIMANTAN TIMUR;PASER;TANAH GROGOT;TEPIAN BATANG;RT 008;-1.92059;116.162715
6.40104E+15;6.40104E+13;64;1;40;3;9;1;KALIMANTAN TIMUR;PASER;TANAH GROGOT;TEPIAN BATANG;RT 009;-1.89489;116.180273
6.40104E+15;6.40104E+13;64;1;40;3;9;2;KALIMANTAN TIMUR;PASER;TANAH GROGOT;TEPIAN BATANG;RT 009;-1.89351;116.183376
6.40104E+15;6.40104E+13;64;1;40;3;10;1;KALIMANTAN TIMUR;PASER;TANAH GROGOT;TEPIAN BATANG;RT 010;-1.87524;116.185791
6.40104E+15;6.40104E+13;64;1;40;3;10;2;KALIMANTAN TIMUR;PASER;TANAH GROGOT;TEPIAN BATANG;RT 010;-1.88077;116.186468
6.40104E+15;6.40104E+13;64;1;40;3;11;0;KALIMANTAN TIMUR;PASER;TANAH GROGOT;TEPIAN BATANG;RT 011;-1.90316;116.160342
6.40104E+15;6.40104E+13;64;1;40;3;12;0;KALIMANTAN TIMUR;PASER;TANAH GROGOT;TEPIAN BATANG;RT 012;-1.8686;116.174606
6.40104E+15;6.40104E+13;64;1;40;4;1;1;KALIMANTAN TIMUR;PASER;TANAH GROGOT;TANAH GROGOT;RT 001 RW 001;-1.92182;116.201222
6.40104E+15;6.40104E+13;64;1;40;4;1;2;KALIMANTAN TIMUR;PASER;TANAH GROGOT;TANAH GROGOT;RT 001 RW 001;-1.9207;116.200059
6.40104E+15;6.40104E+13;64;1;40;4;2;1;KALIMANTAN TIMUR;PASER;TANAH GROGOT;TANAH GROGOT;RT 002 RW 001;-1.92095;116.198901
6.40104E+15;6.40104E+13;64;1;40;4;2;2;KALIMANTAN TIMUR;PASER;TANAH GROGOT;TANAH GROGOT;RT 002 RW 001;-1.91683;116.198178
6.40104E+15;6.40104E+13;64;1;40;4;3;0;KALIMANTAN TIMUR;PASER;TANAH GROGOT;TANAH GROGOT;RT 003 RW 001;-1.91829;116.199577
6.40104E+15;6.40104E+13;64;1;40;4;4;1;KALIMANTAN TIMUR;PASER;TANAH GROGOT;TANAH GROGOT;RT 004 RW 001;-1.91111;116.200027
6.40104E+15;6.40104E+13;64;1;40;4;4;2;KALIMANTAN TIMUR;PASER;TANAH GROGOT;TANAH GROGOT;RT 004 RW 001;-1.90705;116.202394
6.40104E+15;6.40104E+13;64;1;40;4;5;0;KALIMANTAN TIMUR;PASER;TANAH GROGOT;TANAH GROGOT;RT 007 RW 001;-1.91538;116.199092
6.40104E+15;6.40104E+13;64;1;40;4;6;0;KALIMANTAN TIMUR;PASER;TANAH GROGOT;TANAH GROGOT;RT 001 RW 002;-1.91744;116.196977
6.40104E+15;6.40104E+13;64;1;40;4;7;0;KALIMANTAN TIMUR;PASER;TANAH GROGOT;TANAH GROGOT;RT 002 RW 002;-1.91708;116.195563
6.40104E+15;6.40104E+13;64;1;40;4;8;0;KALIMANTAN TIMUR;PASER;TANAH GROGOT;TANAH GROGOT;RT 004 RW 002;-1.91883;116.196349
6.40104E+15;6.40104E+13;64;1;40;4;9;0;KALIMANTAN TIMUR;PASER;TANAH GROGOT;TANAH GROGOT;RT 005 RW 002;-1.91515;116.194355
6.40104E+15;6.40104E+13;64;1;40;4;10;0;KALIMANTAN TIMUR;PASER;TANAH GROGOT;TANAH GROGOT;RT 006 RW 002;-1.91513;116.19626
6.40104E+15;6.40104E+13;64;1;40;4;11;0;KALIMANTAN TIMUR;PASER;TANAH GROGOT;TANAH GROGOT;RT 008 RW 002;-1.91501;116.195257
6.40104E+15;6.40104E+13;64;1;40;4;12;0;KALIMANTAN TIMUR;PASER;TANAH GROGOT;TANAH GROGOT;RT 009 RW 002;-1.91515;116.197381
6.40104E+15;6.40104E+13;64;1;40;4;13;1;KALIMANTAN TIMUR;PASER;TANAH GROGOT;TANAH GROGOT;RT 013 RW 002;-1.92301;116.197835
6.40104E+15;6.40104E+13;64;1;40;4;13;2;KALIMANTAN TIMUR;PASER;TANAH GROGOT;TANAH GROGOT;RT 013 RW 002;-1.92049;116.196832
6.40104E+15;6.40104E+13;64;1;40;4;14;0;KALIMANTAN TIMUR;PASER;TANAH GROGOT;TANAH GROGOT;RT 015 RW 002;-1.91508;116.193417
6.40104E+15;6.40104E+13;64;1;40;4;15;0;KALIMANTAN TIMUR;PASER;TANAH GROGOT;TANAH GROGOT;RT 001 RW 003;-1.91242;116.194233
6.40104E+15;6.40104E+13;64;1;40;4;16;0;KALIMANTAN TIMUR;PASER;TANAH GROGOT;TANAH GROGOT;RT 002 RW 003;-1.91045;116.191186
6.40104E+15;6.40104E+13;64;1;40;4;17;0;KALIMANTAN TIMUR;PASER;TANAH GROGOT;TANAH GROGOT;RT 003 RW 003;-1.90683;116.188644
6.40104E+15;6.40104E+13;64;1;40;4;18;0;KALIMANTAN TIMUR;PASER;TANAH GROGOT;TANAH GROGOT;RT 004 RW 003;-1.90849;116.193101
6.40104E+15;6.40104E+13;64;1;40;4;19;1;KALIMANTAN TIMUR;PASER;TANAH GROGOT;TANAH GROGOT;RT 005 RW 003;-1.91122;116.196126
6.40104E+15;6.40104E+13;64;1;40;4;19;2;KALIMANTAN TIMUR;PASER;TANAH GROGOT;TANAH GROGOT;RT 005 RW 003;-1.91246;116.197682
6.40104E+15;6.40104E+13;64;1;40;4;19;3;KALIMANTAN TIMUR;PASER;TANAH GROGOT;TANAH GROGOT;RT 005 RW 003;-1.91342;116.197802
6.40104E+15;6.40104E+13;64;1;40;4;19;4;KALIMANTAN TIMUR;PASER;TANAH GROGOT;TANAH GROGOT;RT 005 RW 003;-1.91307;116.197973
6.40104E+15;6.40104E+13;64;1;40;4;19;5;KALIMANTAN TIMUR;PASER;TANAH GROGOT;TANAH GROGOT;RT 005 RW 003;-1.91271;116.198145
6.40104E+15;6.40104E+13;64;1;40;4;19;6;KALIMANTAN TIMUR;PASER;TANAH GROGOT;TANAH GROGOT;RT 005 RW 003;-1.91238;116.198314
6.40104E+15;6.40104E+13;64;1;40;4;19;7;KALIMANTAN TIMUR;PASER;TANAH GROGOT;TANAH GROGOT;RT 005 RW 003;-1.9121;116.198465
6.40104E+15;6.40104E+13;64;1;40;4;20;0;KALIMANTAN TIMUR;PASER;TANAH GROGOT;TANAH GROGOT;RT 006 RW 003;-1.91208;116.192794
6.40104E+15;6.40104E+13;64;1;40;4;21;1;KALIMANTAN TIMUR;PASER;TANAH GROGOT;TANAH GROGOT;RT 007 RW 003;-1.90916;116.188706
6.40104E+15;6.40104E+13;64;1;40;4;21;2;KALIMANTAN TIMUR;PASER;TANAH GROGOT;TANAH GROGOT;RT 007 RW 003;-1.91052;116.18852
6.40104E+15;6.40104E+13;64;1;40;4;22;0;KALIMANTAN TIMUR;PASER;TANAH GROGOT;TANAH GROGOT;RT 009 RW 003;-1.90536;116.190099
6.40104E+15;6.40104E+13;64;1;40;4;23;0;KALIMANTAN TIMUR;PASER;TANAH GROGOT;TANAH GROGOT;RT 010 RW 003;-1.91316;116.195833
6.40104E+15;6.40104E+13;64;1;40;4;24;0;KALIMANTAN TIMUR;PASER;TANAH GROGOT;TANAH GROGOT;RT 001 RW 004;-1.90404;116.194549
6.40104E+15;6.40104E+13;64;1;40;4;25;0;KALIMANTAN TIMUR;PASER;TANAH GROGOT;TANAH GROGOT;RT 002 RW 004;-1.90819;116.194991
6.40104E+15;6.40104E+13;64;1;40;4;26;1;KALIMANTAN TIMUR;PASER;TANAH GROGOT;TANAH GROGOT;RT 003 RW 004;-1.90171;116.189459
6.40104E+15;6.40104E+13;64;1;40;4;26;2;KALIMANTAN TIMUR;PASER;TANAH GROGOT;TANAH GROGOT;RT 003 RW 004;-1.8983;116.189861
6.40104E+15;6.40104E+13;64;1;40;4;27;0;KALIMANTAN TIMUR;PASER;TANAH GROGOT;TANAH GROGOT;RT 004 RW 004;-1.90073;116.186873
6.40104E+15;6.40104E+13;64;1;40;4;28;1;KALIMANTAN TIMUR;PASER;TANAH GROGOT;TANAH GROGOT;RT 005 RW 004;-1.90186;116.196795
6.40104E+15;6.40104E+13;64;1;40;4;28;2;KALIMANTAN TIMUR;PASER;TANAH GROGOT;TANAH GROGOT;RT 005 RW 004;-1.90099;116.1955
6.40104E+15;6.40104E+13;64;1;40;4;28;3;KALIMANTAN TIMUR;PASER;TANAH GROGOT;TANAH GROGOT;RT 005 RW 004;-1.89947;116.197365
6.40104E+15;6.40104E+13;64;1;40;4;28;4;KALIMANTAN TIMUR;PASER;TANAH GROGOT;TANAH GROGOT;RT 005 RW 004;-1.89954;116.195452
6.40104E+15;6.40104E+13;64;1;40;4;28;5;KALIMANTAN TIMUR;PASER;TANAH GROGOT;TANAH GROGOT;RT 005 RW 004;-1.898;116.19518
6.40104E+15;6.40104E+13;64;1;40;4;29;0;KALIMANTAN TIMUR;PASER;TANAH GROGOT;TANAH GROGOT;RT 006 RW 004;-1.90257;116.193782
6.40104E+15;6.40104E+13;64;1;40;4;30;0;KALIMANTAN TIMUR;PASER;TANAH GROGOT;TANAH GROGOT;RT 007 RW 004;-1.90348;116.197044
6.40104E+15;6.40104E+13;64;1;40;4;31;0;KALIMANTAN TIMUR;PASER;TANAH GROGOT;TANAH GROGOT;RT 010 RW 004;-1.90608;116.195803
6.40104E+15;6.40104E+13;64;1;40;4;32;1;KALIMANTAN TIMUR;PASER;TANAH GROGOT;TANAH GROGOT;RT 011 RW 004;-1.90231;116.191342
6.40104E+15;6.40104E+13;64;1;40;4;32;2;KALIMANTAN TIMUR;PASER;TANAH GROGOT;TANAH GROGOT;RT 011 RW 004;-1.90042;116.193123
6.40104E+15;6.40104E+13;64;1;40;4;33;0;KALIMANTAN TIMUR;PASER;TANAH GROGOT;TANAH GROGOT;RT 012 RW 004;-1.90673;116.193399
6.40104E+15;6.40104E+13;64;1;40;4;34;0;KALIMANTAN TIMUR;PASER;TANAH GROGOT;TANAH GROGOT;RT 013 RW 004;-1.9044;116.191298
6.40104E+15;6.40104E+13;64;1;40;4;35;1;KALIMANTAN TIMUR;PASER;TANAH GROGOT;TANAH GROGOT;RT 017 RW 004;-1.8938;116.190345
6.40104E+15;6.40104E+13;64;1;40;4;35;2;KALIMANTAN TIMUR;PASER;TANAH GROGOT;TANAH GROGOT;RT 017 RW 004;-1.88667;116.190685
6.40104E+15;6.40104E+13;64;1;40;4;35;3;KALIMANTAN TIMUR;PASER;TANAH GROGOT;TANAH GROGOT;RT 017 RW 004;-1.87742;116.192637
6.40104E+15;6.40104E+13;64;1;40;4;36;0;KALIMANTAN TIMUR;PASER;TANAH GROGOT;TANAH GROGOT;RT 001 RW 005;-1.91499;116.187511
6.40104E+15;6.40104E+13;64;1;40;4;37;0;KALIMANTAN TIMUR;PASER;TANAH GROGOT;TANAH GROGOT;RT 003 RW 005;-1.91821;116.191961
6.40104E+15;6.40104E+13;64;1;40;4;38;1;KALIMANTAN TIMUR;PASER;TANAH GROGOT;TANAH GROGOT;RT 004 RW 005;-1.91588;116.190193
6.40104E+15;6.40104E+13;64;1;40;4;38;2;KALIMANTAN TIMUR;PASER;TANAH GROGOT;TANAH GROGOT;RT 004 RW 005;-1.91453;116.190261
6.40104E+15;6.40104E+13;64;1;40;4;39;1;KALIMANTAN TIMUR;PASER;TANAH GROGOT;TANAH GROGOT;RT 007 RW 005;-1.91446;116.191951
6.40104E+15;6.40104E+13;64;1;40;4;39;2;KALIMANTAN TIMUR;PASER;TANAH GROGOT;TANAH GROGOT;RT 007 RW 005;-1.9157;116.192195
6.40104E+15;6.40104E+13;64;1;40;4;40;1;KALIMANTAN TIMUR;PASER;TANAH GROGOT;TANAH GROGOT;RT 010 RW 005;-1.91233;116.187339
6.40104E+15;6.40104E+13;64;1;40;4;40;2;KALIMANTAN TIMUR;PASER;TANAH GROGOT;TANAH GROGOT;RT 010 RW 005;-1.91257;116.188724
6.40104E+15;6.40104E+13;64;1;40;4;41;0;KALIMANTAN TIMUR;PASER;TANAH GROGOT;TANAH GROGOT;RT 011 RW 005;-1.91954;116.194281
6.40104E+15;6.40104E+13;64;1;40;4;42;1;KALIMANTAN TIMUR;PASER;TANAH GROGOT;TANAH GROGOT;RT 012 RW 005;-1.91719;116.19379
6.40104E+15;6.40104E+13;64;1;40;4;42;2;KALIMANTAN TIMUR;PASER;TANAH GROGOT;TANAH GROGOT;RT 012 RW 005;-1.91844;116.193746
6.40104E+15;6.40104E+13;64;1;40;4;43;0;KALIMANTAN TIMUR;PASER;TANAH GROGOT;TANAH GROGOT;RT 014 RW 005;-1.91747;116.187697
6.40104E+15;6.40104E+13;64;1;40;4;44;0;KALIMANTAN TIMUR;PASER;TANAH GROGOT;TANAH GROGOT;RT 001 RW 006;-1.9102;116.198781
6.40104E+15;6.40104E+13;64;1;40;4;45;0;KALIMANTAN TIMUR;PASER;TANAH GROGOT;TANAH GROGOT;RT 002 RW 006;-1.90469;116.199542
6.40104E+15;6.40104E+13;64;1;40;4;46;0;KALIMANTAN TIMUR;PASER;TANAH GROGOT;TANAH GROGOT;RT 006 RW 006;-1.90864;116.198126
6.40104E+15;6.40104E+13;64;1;40;4;47;0;KALIMANTAN TIMUR;PASER;TANAH GROGOT;TANAH GROGOT;RT 007 RW 006;-1.90653;116.199517
6.40104E+15;6.40104E+13;64;1;40;4;48;0;KALIMANTAN TIMUR;PASER;TANAH GROGOT;TANAH GROGOT;RT 008 RW 006;-1.91092;116.197908
6.40104E+15;6.40104E+13;64;1;40;4;49;0;KALIMANTAN TIMUR;PASER;TANAH GROGOT;TANAH GROGOT;RT 009 RW 006;-1.90932;116.19646
6.40104E+15;6.40104E+13;64;1;40;4;50;0;KALIMANTAN TIMUR;PASER;TANAH GROGOT;TANAH GROGOT;RT 014 RW 006;-1.90355;116.198665
6.40104E+15;6.40104E+13;64;1;40;4;51;0;KALIMANTAN TIMUR;PASER;TANAH GROGOT;TANAH GROGOT;RT 015 RW 006;-1.90753;116.198644
6.40104E+15;6.40104E+13;64;1;40;4;52;0;KALIMANTAN TIMUR;PASER;TANAH GROGOT;TANAH GROGOT;RT 016 RW 006;-1.90448;116.200946
6.40104E+15;6.40104E+13;64;1;40;4;53;0;KALIMANTAN TIMUR;PASER;TANAH GROGOT;TANAH GROGOT;RT 002 RW 005;-1.92223;116.1923
6.40104E+15;6.40104E+13;64;1;40;4;54;0;KALIMANTAN TIMUR;PASER;TANAH GROGOT;TANAH GROGOT;RT 013 RW 005;-1.92174;116.194605
6.40104E+15;6.40104E+13;64;1;40;4;55;0;KALIMANTAN TIMUR;PASER;TANAH GROGOT;TANAH GROGOT;RT 005 RW 005;-1.91928;116.187159
6.40104E+15;6.40104E+13;64;1;40;4;56;0;KALIMANTAN TIMUR;PASER;TANAH GROGOT;TANAH GROGOT;RT 006 RW 005;-1.92147;116.187864
6.40104E+15;6.40104E+13;64;1;40;5;1;1;KALIMANTAN TIMUR;PASER;TANAH GROGOT;TANAH PERIUK;RT 001;-1.92501;116.200578
6.40104E+15;6.40104E+13;64;1;40;5;1;2;KALIMANTAN TIMUR;PASER;TANAH GROGOT;TANAH PERIUK;RT 001;-1.92972;116.19756
6.40104E+15;6.40104E+13;64;1;40;5;2;0;KALIMANTAN TIMUR;PASER;TANAH GROGOT;TANAH PERIUK;RT 002;-1.92604;116.208881
6.40104E+15;6.40104E+13;64;1;40;5;3;0;KALIMANTAN TIMUR;PASER;TANAH GROGOT;TANAH PERIUK;RT 003;-1.93673;116.201596
6.40104E+15;6.40104E+13;64;1;40;5;4;0;KALIMANTAN TIMUR;PASER;TANAH GROGOT;TANAH PERIUK;RT 004;-1.93421;116.211442
6.40104E+15;6.40104E+13;64;1;40;5;5;0;KALIMANTAN TIMUR;PASER;TANAH GROGOT;TANAH PERIUK;RT 005;-1.94367;116.208897
6.40104E+15;6.40104E+13;64;1;40;5;6;0;KALIMANTAN TIMUR;PASER;TANAH GROGOT;TANAH PERIUK;RT 006;-1.92627;116.190081
6.40104E+15;6.40104E+13;64;1;40;5;7;1;KALIMANTAN TIMUR;PASER;TANAH GROGOT;TANAH PERIUK;RT 007;-1.92433;116.188406
6.40104E+15;6.40104E+13;64;1;40;5;7;2;KALIMANTAN TIMUR;PASER;TANAH GROGOT;TANAH PERIUK;RT 007;-1.92685;116.187804
6.40104E+15;6.40104E+13;64;1;40;5;8;0;KALIMANTAN TIMUR;PASER;TANAH GROGOT;TANAH PERIUK;RT 008;-1.92395;116.184978
6.40104E+15;6.40104E+13;64;1;40;5;9;0;KALIMANTAN TIMUR;PASER;TANAH GROGOT;TANAH PERIUK;RT 009;-1.92885;116.192842
6.40104E+15;6.40104E+13;64;1;40;5;10;0;KALIMANTAN TIMUR;PASER;TANAH GROGOT;TANAH PERIUK;RT 010;-1.92876;116.203078
6.40104E+15;6.40104E+13;64;1;40;6;1;0;KALIMANTAN TIMUR;PASER;TANAH GROGOT;PEPARA;RT 001;-1.92595;116.227282
6.40104E+15;6.40104E+13;64;1;40;6;2;0;KALIMANTAN TIMUR;PASER;TANAH GROGOT;PEPARA;RT 002;-1.92839;116.233112
6.40104E+15;6.40104E+13;64;1;40;6;3;0;KALIMANTAN TIMUR;PASER;TANAH GROGOT;PEPARA;RT 003;-1.9367;116.232959
6.40104E+15;6.40104E+13;64;1;40;6;4;0;KALIMANTAN TIMUR;PASER;TANAH GROGOT;PEPARA;RT 004;-1.93639;116.235565
6.40104E+15;6.40104E+13;64;1;40;6;5;0;KALIMANTAN TIMUR;PASER;TANAH GROGOT;PEPARA;RT 005;-1.92616;116.244135
6.40104E+15;6.40104E+13;64;1;40;7;1;0;KALIMANTAN TIMUR;PASER;TANAH GROGOT;SUNGAI TUAK;RT 001;-1.91085;116.221886
6.40104E+15;6.40104E+13;64;1;40;7;2;0;KALIMANTAN TIMUR;PASER;TANAH GROGOT;SUNGAI TUAK;RT 002;-1.911;116.216902
6.40104E+15;6.40104E+13;64;1;40;7;3;0;KALIMANTAN TIMUR;PASER;TANAH GROGOT;SUNGAI TUAK;RT 003;-1.91071;116.212553
6.40104E+15;6.40104E+13;64;1;40;7;4;0;KALIMANTAN TIMUR;PASER;TANAH GROGOT;SUNGAI TUAK;RT 004;-1.91076;116.208538
6.40104E+15;6.40104E+13;64;1;40;7;5;0;KALIMANTAN TIMUR;PASER;TANAH GROGOT;SUNGAI TUAK;RT 005;-1.91219;116.206159
6.40104E+15;6.40104E+13;64;1;40;7;6;0;KALIMANTAN TIMUR;PASER;TANAH GROGOT;SUNGAI TUAK;RT 006;-1.9112;116.202717
6.40104E+15;6.40104E+13;64;1;40;7;7;0;KALIMANTAN TIMUR;PASER;TANAH GROGOT;SUNGAI TUAK;RT 007;-1.91422;116.203188
6.40104E+15;6.40104E+13;64;1;40;7;8;0;KALIMANTAN TIMUR;PASER;TANAH GROGOT;SUNGAI TUAK;RT 008;-1.91725;116.203635
6.40104E+15;6.40104E+13;64;1;40;7;9;0;KALIMANTAN TIMUR;PASER;TANAH GROGOT;SUNGAI TUAK;RT 009;-1.92055;116.206105
6.40104E+15;6.40104E+13;64;1;40;7;10;0;KALIMANTAN TIMUR;PASER;TANAH GROGOT;SUNGAI TUAK;RT 010;-1.92079;116.212171
6.40104E+15;6.40104E+13;64;1;40;7;11;0;KALIMANTAN TIMUR;PASER;TANAH GROGOT;SUNGAI TUAK;RT 011;-1.92263;116.216273
6.40104E+15;6.40104E+13;64;1;40;7;12;0;KALIMANTAN TIMUR;PASER;TANAH GROGOT;SUNGAI TUAK;RT 012;-1.92456;116.22154
6.40104E+15;6.40104E+13;64;1;40;8;1;0;KALIMANTAN TIMUR;PASER;TANAH GROGOT;RANTAU PANJANG;RT 001;-1.90746;116.246819
6.40104E+15;6.40104E+13;64;1;40;8;2;0;KALIMANTAN TIMUR;PASER;TANAH GROGOT;RANTAU PANJANG;RT 002;-1.90724;116.254655
6.40104E+15;6.40104E+13;64;1;40;8;3;0;KALIMANTAN TIMUR;PASER;TANAH GROGOT;RANTAU PANJANG;RT 003;-1.90373;116.25871
6.40104E+15;6.40104E+13;64;1;40;8;4;0;KALIMANTAN TIMUR;PASER;TANAH GROGOT;RANTAU PANJANG;RT 004;-1.86168;116.284739
6.40104E+15;6.40104E+13;64;1;40;8;5;0;KALIMANTAN TIMUR;PASER;TANAH GROGOT;RANTAU PANJANG;RT 005;-1.89674;116.250104
6.40104E+15;6.40104E+13;64;1;40;8;6;0;KALIMANTAN TIMUR;PASER;TANAH GROGOT;RANTAU PANJANG;RT 006;-1.89209;116.250672
6.40104E+15;6.40104E+13;64;1;40;8;7;0;KALIMANTAN TIMUR;PASER;TANAH GROGOT;RANTAU PANJANG;RT 007;-1.88651;116.249647
6.40104E+15;6.40104E+13;64;1;40;9;1;1;KALIMANTAN TIMUR;PASER;TANAH GROGOT;JONE;RT 001;-1.88218;116.206753
6.40104E+15;6.40104E+13;64;1;40;9;1;2;KALIMANTAN TIMUR;PASER;TANAH GROGOT;JONE;RT 001;-1.88607;116.201725
6.40104E+15;6.40104E+13;64;1;40;9;1;3;KALIMANTAN TIMUR;PASER;TANAH GROGOT;JONE;RT 001;-1.89252;116.202121
6.40104E+15;6.40104E+13;64;1;40;9;1;4;KALIMANTAN TIMUR;PASER;TANAH GROGOT;JONE;RT 001;-1.8906;116.20995
6.40104E+15;6.40104E+13;64;1;40;9;1;5;KALIMANTAN TIMUR;PASER;TANAH GROGOT;JONE;RT 001;-1.88695;116.206434
6.40104E+15;6.40104E+13;64;1;40;9;1;6;KALIMANTAN TIMUR;PASER;TANAH GROGOT;JONE;RT 001;-1.8887;116.220855
6.40104E+15;6.40104E+13;64;1;40;9;2;1;KALIMANTAN TIMUR;PASER;TANAH GROGOT;JONE;RT 002;-1.89666;116.199164
6.40104E+15;6.40104E+13;64;1;40;9;2;2;KALIMANTAN TIMUR;PASER;TANAH GROGOT;JONE;RT 002;-1.89569;116.201357
6.40104E+15;6.40104E+13;64;1;40;9;3;1;KALIMANTAN TIMUR;PASER;TANAH GROGOT;JONE;RT 003;-1.89786;116.201887
6.40104E+15;6.40104E+13;64;1;40;9;3;2;KALIMANTAN TIMUR;PASER;TANAH GROGOT;JONE;RT 003;-1.89651;116.203491
6.40104E+15;6.40104E+13;64;1;40;9;4;1;KALIMANTAN TIMUR;PASER;TANAH GROGOT;JONE;RT 004;-1.90044;116.202163
6.40104E+15;6.40104E+13;64;1;40;9;4;2;KALIMANTAN TIMUR;PASER;TANAH GROGOT;JONE;RT 004;-1.89985;116.203187
6.40104E+15;6.40104E+13;64;1;40;9;4;3;KALIMANTAN TIMUR;PASER;TANAH GROGOT;JONE;RT 004;-1.89875;116.203827
6.40104E+15;6.40104E+13;64;1;40;9;5;0;KALIMANTAN TIMUR;PASER;TANAH GROGOT;JONE;RT 005;-1.8771;116.232505
6.40104E+15;6.40104E+13;64;1;40;9;6;1;KALIMANTAN TIMUR;PASER;TANAH GROGOT;JONE;RT 006;-1.89731;116.230252
6.40104E+15;6.40104E+13;64;1;40;9;6;2;KALIMANTAN TIMUR;PASER;TANAH GROGOT;JONE;RT 006;-1.90863;116.234431
6.40104E+15;6.40104E+13;64;1;40;9;6;3;KALIMANTAN TIMUR;PASER;TANAH GROGOT;JONE;RT 006;-1.89715;116.238521
6.40104E+15;6.40104E+13;64;1;40;9;7;1;KALIMANTAN TIMUR;PASER;TANAH GROGOT;JONE;RT 007;-1.88202;116.223205
6.40104E+15;6.40104E+13;64;1;40;9;7;2;KALIMANTAN TIMUR;PASER;TANAH GROGOT;JONE;RT 007;-1.87834;116.214889
6.40104E+15;6.40104E+13;64;1;40;9;7;3;KALIMANTAN TIMUR;PASER;TANAH GROGOT;JONE;RT 007;-1.87624;116.214372
6.40104E+15;6.40104E+13;64;1;40;9;7;4;KALIMANTAN TIMUR;PASER;TANAH GROGOT;JONE;RT 007;-1.87574;116.212754
6.40104E+15;6.40104E+13;64;1;40;9;7;5;KALIMANTAN TIMUR;PASER;TANAH GROGOT;JONE;RT 007;-1.87915;116.212012
6.40104E+15;6.40104E+13;64;1;40;9;7;6;KALIMANTAN TIMUR;PASER;TANAH GROGOT;JONE;RT 007;-1.86462;116.204361
6.40104E+15;6.40104E+13;64;1;40;9;8;0;KALIMANTAN TIMUR;PASER;TANAH GROGOT;JONE;RT 008;-1.84453;116.210849
6.40104E+15;6.40104E+13;64;1;40;9;9;0;KALIMANTAN TIMUR;PASER;TANAH GROGOT;JONE;RT 009;-1.8979;116.20379
6.40104E+15;6.40104E+13;64;1;40;9;10;1;KALIMANTAN TIMUR;PASER;TANAH GROGOT;JONE;RT 010;-1.90152;116.200814
6.40104E+15;6.40104E+13;64;1;40;9;10;2;KALIMANTAN TIMUR;PASER;TANAH GROGOT;JONE;RT 010;-1.89984;116.200377
6.40104E+15;6.40104E+13;64;1;40;9;11;0;KALIMANTAN TIMUR;PASER;TANAH GROGOT;JONE;RT 011;-1.89403;116.218652
6.40104E+15;6.40104E+13;64;1;40;9;12;0;KALIMANTAN TIMUR;PASER;TANAH GROGOT;JONE;RT 012;-1.89214;116.206914
6.40104E+15;6.40104E+13;64;1;40;9;13;0;KALIMANTAN TIMUR;PASER;TANAH GROGOT;JONE;RT 013;-1.85236;116.222954
6.40104E+15;6.40104E+13;64;1;40;9;14;1;KALIMANTAN TIMUR;PASER;TANAH GROGOT;JONE;RT 014;-1.88289;116.209012
6.40104E+15;6.40104E+13;64;1;40;9;14;2;KALIMANTAN TIMUR;PASER;TANAH GROGOT;JONE;RT 014;-1.88313;116.20975
6.40104E+15;6.40104E+13;64;1;40;9;14;3;KALIMANTAN TIMUR;PASER;TANAH GROGOT;JONE;RT 014;-1.88259;116.209917
6.40104E+15;6.40104E+13;64;1;40;9;14;4;KALIMANTAN TIMUR;PASER;TANAH GROGOT;JONE;RT 014;-1.88181;116.21005
6.40104E+15;6.40104E+13;64;1;40;9;15;1;KALIMANTAN TIMUR;PASER;TANAH GROGOT;JONE;RT 015;-1.87691;116.205362
6.40104E+15;6.40104E+13;64;1;40;9;15;2;KALIMANTAN TIMUR;PASER;TANAH GROGOT;JONE;RT 015;-1.87404;116.206913
6.40104E+15;6.40104E+13;64;1;40;9;15;3;KALIMANTAN TIMUR;PASER;TANAH GROGOT;JONE;RT 015;-1.87115;116.205722
6.40104E+15;6.40104E+13;64;1;40;9;15;4;KALIMANTAN TIMUR;PASER;TANAH GROGOT;JONE;RT 015;-1.86923;116.19694
6.40104E+15;6.40104E+13;64;1;40;9;15;5;KALIMANTAN TIMUR;PASER;TANAH GROGOT;JONE;RT 015;-1.86235;116.190439
6.40104E+15;6.40104E+13;64;1;40;9;15;6;KALIMANTAN TIMUR;PASER;TANAH GROGOT;JONE;RT 015;-1.86407;116.188604
6.40104E+15;6.40104E+13;64;1;40;9;15;7;KALIMANTAN TIMUR;PASER;TANAH GROGOT;JONE;RT 015;-1.86642;116.189193
6.40104E+15;6.40104E+13;64;1;40;9;15;8;KALIMANTAN TIMUR;PASER;TANAH GROGOT;JONE;RT 015;-1.86993;116.189739
6.40104E+15;6.40104E+13;64;1;40;9;16;1;KALIMANTAN TIMUR;PASER;TANAH GROGOT;JONE;RT 016;-1.88293;116.213631
6.40104E+15;6.40104E+13;64;1;40;9;16;2;KALIMANTAN TIMUR;PASER;TANAH GROGOT;JONE;RT 016;-1.88305;116.212263
6.40104E+15;6.40104E+13;64;1;40;9;16;3;KALIMANTAN TIMUR;PASER;TANAH GROGOT;JONE;RT 016;-1.8855;116.211539
6.40104E+15;6.40104E+13;64;1;40;9;16;4;KALIMANTAN TIMUR;PASER;TANAH GROGOT;JONE;RT 016;-1.88516;116.213124
6.40104E+15;6.40104E+13;64;1;40;10;1;0;KALIMANTAN TIMUR;PASER;TANAH GROGOT;PADANG PENGRAPAT;RT 001;-1.84125;116.235755
6.40104E+15;6.40104E+13;64;1;40;10;2;0;KALIMANTAN TIMUR;PASER;TANAH GROGOT;PADANG PENGRAPAT;RT 002;-1.84409;116.237625
6.40104E+15;6.40104E+13;64;1;40;10;3;0;KALIMANTAN TIMUR;PASER;TANAH GROGOT;PADANG PENGRAPAT;RT 003;-1.83958;116.236863
6.40104E+15;6.40104E+13;64;1;40;10;4;0;KALIMANTAN TIMUR;PASER;TANAH GROGOT;PADANG PENGRAPAT;RT 004;-1.84347;116.240457
6.40104E+15;6.40104E+13;64;1;40;10;5;0;KALIMANTAN TIMUR;PASER;TANAH GROGOT;PADANG PENGRAPAT;RT 005;-1.83913;116.237955
6.40104E+15;6.40104E+13;64;1;40;10;6;0;KALIMANTAN TIMUR;PASER;TANAH GROGOT;PADANG PENGRAPAT;RT 006;-1.84216;116.241317
6.40104E+15;6.40104E+13;64;1;40;10;7;0;KALIMANTAN TIMUR;PASER;TANAH GROGOT;PADANG PENGRAPAT;RT 007;-1.83543;116.236387
6.40104E+15;6.40104E+13;64;1;40;10;8;0;KALIMANTAN TIMUR;PASER;TANAH GROGOT;PADANG PENGRAPAT;RT 008;-1.83381;116.238802
6.40104E+15;6.40104E+13;64;1;40;10;9;0;KALIMANTAN TIMUR;PASER;TANAH GROGOT;PADANG PENGRAPAT;RT 009;-1.83632;116.242169
6.40104E+15;6.40104E+13;64;1;40;10;10;0;KALIMANTAN TIMUR;PASER;TANAH GROGOT;PADANG PENGRAPAT;RT 010;-1.84153;116.260286
6.40104E+15;6.40104E+13;64;1;40;10;11;0;KALIMANTAN TIMUR;PASER;TANAH GROGOT;PADANG PENGRAPAT;RT 011;-1.84521;116.233625
6.40104E+15;6.40104E+13;64;1;40;10;12;0;KALIMANTAN TIMUR;PASER;TANAH GROGOT;PADANG PENGRAPAT;RT 012;-1.84743;116.235359
6.40104E+15;6.40104E+13;64;1;40;10;13;0;KALIMANTAN TIMUR;PASER;TANAH GROGOT;PADANG PENGRAPAT;RT 013;-1.84692;116.241635
6.40104E+15;6.40104E+13;64;1;40;10;14;0;KALIMANTAN TIMUR;PASER;TANAH GROGOT;PADANG PENGRAPAT;RT 014;-1.84996;116.237316
6.40104E+15;6.40104E+13;64;1;40;10;15;0;KALIMANTAN TIMUR;PASER;TANAH GROGOT;PADANG PENGRAPAT;RT 015;-1.85745;116.239225
6.40104E+15;6.40104E+13;64;1;40;10;16;0;KALIMANTAN TIMUR;PASER;TANAH GROGOT;PADANG PENGRAPAT;RT 016;-1.85711;116.257059
6.40104E+15;6.40104E+13;64;1;40;10;17;0;KALIMANTAN TIMUR;PASER;TANAH GROGOT;PADANG PENGRAPAT;RT 017;-1.84907;116.229492
6.40104E+15;6.40104E+13;64;1;40;10;18;0;KALIMANTAN TIMUR;PASER;TANAH GROGOT;PADANG PENGRAPAT;RT 018;-1.84717;116.230726
6.40104E+15;6.40104E+13;64;1;40;10;19;0;KALIMANTAN TIMUR;PASER;TANAH GROGOT;PADANG PENGRAPAT;RT 019;-1.85089;116.233794
6.40104E+15;6.40104E+13;64;1;40;10;20;0;KALIMANTAN TIMUR;PASER;TANAH GROGOT;PADANG PENGRAPAT;RT 020;-1.85289;116.232156
6.40104E+15;6.40104E+13;64;1;40;10;21;0;KALIMANTAN TIMUR;PASER;TANAH GROGOT;PADANG PENGRAPAT;RT 021;-1.85921;116.233033
6.40104E+15;6.40104E+13;64;1;40;10;22;0;KALIMANTAN TIMUR;PASER;TANAH GROGOT;PADANG PENGRAPAT;RT 022;-1.84121;116.231004
6.40104E+15;6.40104E+13;64;1;40;10;23;0;KALIMANTAN TIMUR;PASER;TANAH GROGOT;PADANG PENGRAPAT;RT 023;-1.87322;116.243973
6.40104E+15;6.40104E+13;64;1;40;11;1;1;KALIMANTAN TIMUR;PASER;TANAH GROGOT;MUARA PASIR;RT 001;-1.87469;116.39484
6.40104E+15;6.40104E+13;64;1;40;11;1;2;KALIMANTAN TIMUR;PASER;TANAH GROGOT;MUARA PASIR;RT 001;-1.8756;116.396535
6.40104E+15;6.40104E+13;64;1;40;11;1;3;KALIMANTAN TIMUR;PASER;TANAH GROGOT;MUARA PASIR;RT 001;-1.8725;116.395971
6.40104E+15;6.40104E+13;64;1;40;11;2;1;KALIMANTAN TIMUR;PASER;TANAH GROGOT;MUARA PASIR;RT 002;-1.87512;116.398185
6.40104E+15;6.40104E+13;64;1;40;11;2;2;KALIMANTAN TIMUR;PASER;TANAH GROGOT;MUARA PASIR;RT 002;-1.87612;116.398664
6.40104E+15;6.40104E+13;64;1;40;11;3;1;KALIMANTAN TIMUR;PASER;TANAH GROGOT;MUARA PASIR;RT 003;-1.87425;116.399284
6.40104E+15;6.40104E+13;64;1;40;11;3;2;KALIMANTAN TIMUR;PASER;TANAH GROGOT;MUARA PASIR;RT 003;-1.87629;116.399796
6.40104E+15;6.40104E+13;64;1;40;11;4;0;KALIMANTAN TIMUR;PASER;TANAH GROGOT;MUARA PASIR;RT 004;-1.81239;116.435624
6.40104E+15;6.40104E+13;64;1;40;11;5;0;KALIMANTAN TIMUR;PASER;TANAH GROGOT;MUARA PASIR;RT 005;-1.84267;116.411036
6.40104E+15;6.40104E+13;64;1;40;11;6;1;KALIMANTAN TIMUR;PASER;TANAH GROGOT;MUARA PASIR;RT 006;-1.87435;116.400703
6.40104E+15;6.40104E+13;64;1;40;11;6;2;KALIMANTAN TIMUR;PASER;TANAH GROGOT;MUARA PASIR;RT 006;-1.87592;116.401812
6.40104E+15;6.40104E+13;64;1;40;11;7;0;KALIMANTAN TIMUR;PASER;TANAH GROGOT;MUARA PASIR;RT 007;-1.88268;116.404094
6.40104E+15;6.40104E+13;64;1;40;11;8;0;KALIMANTAN TIMUR;PASER;TANAH GROGOT;MUARA PASIR;RT 008;-1.85436;116.357712
6.40104E+15;6.40104E+13;64;1;40;11;9;0;KALIMANTAN TIMUR;PASER;TANAH GROGOT;MUARA PASIR;RT 009;-1.87517;116.397522
6.40104E+15;6.40104E+13;64;1;40;12;1;0;KALIMANTAN TIMUR;PASER;TANAH GROGOT;PREPAT;RT 001;-1.97681;116.443354
6.40104E+15;6.40104E+13;64;1;40;12;2;0;KALIMANTAN TIMUR;PASER;TANAH GROGOT;PREPAT;RT 002;-1.98888;116.433778
6.40104E+15;6.40104E+13;64;1;40;13;1;0;KALIMANTAN TIMUR;PASER;TANAH GROGOT;PULAU RANTAU;RT 001;-1.91479;116.236636
6.40104E+15;6.40104E+13;64;1;40;13;2;0;KALIMANTAN TIMUR;PASER;TANAH GROGOT;PULAU RANTAU;RT 002;-1.91245;116.264612
6.40104E+15;6.40104E+13;64;1;40;13;3;0;KALIMANTAN TIMUR;PASER;TANAH GROGOT;PULAU RANTAU;RT 003;-1.89943;116.27174
6.40104E+15;6.40104E+13;64;1;40;13;4;0;KALIMANTAN TIMUR;PASER;TANAH GROGOT;PULAU RANTAU;RT 004;-1.87802;116.307215
6.40104E+15;6.40104E+13;64;1;40;13;5;0;KALIMANTAN TIMUR;PASER;TANAH GROGOT;PULAU RANTAU;RT 005;-1.92111;116.262023
6.40104E+15;6.40104E+13;64;1;40;13;6;0;KALIMANTAN TIMUR;PASER;TANAH GROGOT;PULAU RANTAU;RT 006;-1.92174;116.272105
6.40104E+15;6.40104E+13;64;1;40;13;7;0;KALIMANTAN TIMUR;PASER;TANAH GROGOT;PULAU RANTAU;RT 007;-1.90172;116.313092
6.40104E+15;6.40104E+13;64;1;40;14;1;0;KALIMANTAN TIMUR;PASER;TANAH GROGOT;SUNGAI LANGIR;RT 001;-2.02105;116.453823
6.40104E+15;6.40104E+13;64;1;40;14;2;0;KALIMANTAN TIMUR;PASER;TANAH GROGOT;SUNGAI LANGIR;RT 002;-2.04842;116.44989
6.40104E+15;6.40104E+13;64;1;40;15;1;1;KALIMANTAN TIMUR;PASER;TANAH GROGOT;TAPIS;RT 001;-1.89585;116.195762
6.40104E+15;6.40104E+13;64;1;40;15;1;2;KALIMANTAN TIMUR;PASER;TANAH GROGOT;TAPIS;RT 001;-1.89214;116.195801
6.40104E+15;6.40104E+13;64;1;40;15;2;1;KALIMANTAN TIMUR;PASER;TANAH GROGOT;TAPIS;RT 002;-1.88259;116.196982
6.40104E+15;6.40104E+13;64;1;40;15;2;2;KALIMANTAN TIMUR;PASER;TANAH GROGOT;TAPIS;RT 002;-1.88781;116.194708
6.40104E+15;6.40104E+13;64;1;40;15;3;0;KALIMANTAN TIMUR;PASER;TANAH GROGOT;TAPIS;RT 003;-1.87658;116.19712
6.40104E+15;6.40104E+13;64;1;40;15;4;1;KALIMANTAN TIMUR;PASER;TANAH GROGOT;TAPIS;RT 004;-1.87654;116.199578
6.40104E+15;6.40104E+13;64;1;40;15;4;2;KALIMANTAN TIMUR;PASER;TANAH GROGOT;TAPIS;RT 004;-1.87848;116.198911
6.40104E+15;6.40104E+13;64;1;40;15;5;1;KALIMANTAN TIMUR;PASER;TANAH GROGOT;TAPIS;RT 005;-1.87557;116.201611
6.40104E+15;6.40104E+13;64;1;40;15;5;2;KALIMANTAN TIMUR;PASER;TANAH GROGOT;TAPIS;RT 005;-1.8762;116.202715
6.40104E+15;6.40104E+13;64;1;40;15;5;3;KALIMANTAN TIMUR;PASER;TANAH GROGOT;TAPIS;RT 005;-1.87918;116.201577
6.40104E+15;6.40104E+13;64;1;40;15;6;1;KALIMANTAN TIMUR;PASER;TANAH GROGOT;TAPIS;RT 006;-1.87426;116.201601
6.40104E+15;6.40104E+13;64;1;40;15;6;2;KALIMANTAN TIMUR;PASER;TANAH GROGOT;TAPIS;RT 006;-1.87357;116.203176
6.40104E+15;6.40104E+13;64;1;40;15;7;0;KALIMANTAN TIMUR;PASER;TANAH GROGOT;TAPIS;RT 007;-1.87505;116.196937
6.40104E+15;6.40104E+13;64;1;40;15;8;1;KALIMANTAN TIMUR;PASER;TANAH GROGOT;TAPIS;RT 008;-1.87317;116.195472
6.40104E+15;6.40104E+13;64;1;40;15;8;2;KALIMANTAN TIMUR;PASER;TANAH GROGOT;TAPIS;RT 008;-1.87286;116.199193
6.40104E+15;6.40104E+13;64;1;40;15;9;0;KALIMANTAN TIMUR;PASER;TANAH GROGOT;TAPIS;RT 009;-1.87957;116.197115
6.40104E+15;6.40104E+13;64;1;40;16;1;1;KALIMANTAN TIMUR;PASER;TANAH GROGOT;SENAKEN;RT 001;-1.9056;116.204143
6.40104E+15;6.40104E+13;64;1;40;16;1;2;KALIMANTAN TIMUR;PASER;TANAH GROGOT;SENAKEN;RT 001;-1.90588;116.205529
6.40104E+15;6.40104E+13;64;1;40;16;2;0;KALIMANTAN TIMUR;PASER;TANAH GROGOT;SENAKEN;RT 002;-1.90225;116.202447
6.40104E+15;6.40104E+13;64;1;40;16;3;1;KALIMANTAN TIMUR;PASER;TANAH GROGOT;SENAKEN;RT 003;-1.90529;116.209105
6.40104E+15;6.40104E+13;64;1;40;16;3;2;KALIMANTAN TIMUR;PASER;TANAH GROGOT;SENAKEN;RT 003;-1.90477;116.206999
6.40104E+15;6.40104E+13;64;1;40;16;3;3;KALIMANTAN TIMUR;PASER;TANAH GROGOT;SENAKEN;RT 003;-1.90356;116.206719
6.40104E+15;6.40104E+13;64;1;40;16;3;4;KALIMANTAN TIMUR;PASER;TANAH GROGOT;SENAKEN;RT 003;-1.90411;116.207287
6.40104E+15;6.40104E+13;64;1;40;16;3;5;KALIMANTAN TIMUR;PASER;TANAH GROGOT;SENAKEN;RT 003;-1.90477;116.207933
6.40104E+15;6.40104E+13;64;1;40;16;3;6;KALIMANTAN TIMUR;PASER;TANAH GROGOT;SENAKEN;RT 003;-1.90465;116.208408
6.40104E+15;6.40104E+13;64;1;40;16;3;7;KALIMANTAN TIMUR;PASER;TANAH GROGOT;SENAKEN;RT 003;-1.904;116.20801
6.40104E+15;6.40104E+13;64;1;40;16;3;8;KALIMANTAN TIMUR;PASER;TANAH GROGOT;SENAKEN;RT 003;-1.90346;116.207891
6.40104E+15;6.40104E+13;64;1;40;16;3;9;KALIMANTAN TIMUR;PASER;TANAH GROGOT;SENAKEN;RT 003;-1.90324;116.207596
6.40104E+15;6.40104E+13;64;1;40;16;3;10;KALIMANTAN TIMUR;PASER;TANAH GROGOT;SENAKEN;RT 003;-1.90313;116.20807
6.40104E+15;6.40104E+13;64;1;40;16;3;11;KALIMANTAN TIMUR;PASER;TANAH GROGOT;SENAKEN;RT 003;-1.90296;116.207537
6.40104E+15;6.40104E+13;64;1;40;16;3;12;KALIMANTAN TIMUR;PASER;TANAH GROGOT;SENAKEN;RT 003;-1.90285;116.208006
6.40104E+15;6.40104E+13;64;1;40;16;3;13;KALIMANTAN TIMUR;PASER;TANAH GROGOT;SENAKEN;RT 003;-1.90308;116.208114
6.40104E+15;6.40104E+13;64;1;40;16;3;14;KALIMANTAN TIMUR;PASER;TANAH GROGOT;SENAKEN;RT 003;-1.90354;116.21006
6.40104E+15;6.40104E+13;64;1;40;16;4;0;KALIMANTAN TIMUR;PASER;TANAH GROGOT;SENAKEN;RT 004;-1.90267;116.204881
6.40104E+15;6.40104E+13;64;1;40;16;5;1;KALIMANTAN TIMUR;PASER;TANAH GROGOT;SENAKEN;RT 005;-1.9026;116.214658
6.40104E+15;6.40104E+13;64;1;40;16;5;2;KALIMANTAN TIMUR;PASER;TANAH GROGOT;SENAKEN;RT 005;-1.90416;116.220504
6.40104E+15;6.40104E+13;64;1;40;16;6;0;KALIMANTAN TIMUR;PASER;TANAH GROGOT;SENAKEN;RT 006;-1.90146;116.206929
6.40104E+15;6.40104E+13;64;1;40;16;7;0;KALIMANTAN TIMUR;PASER;TANAH GROGOT;SENAKEN;RT 007;-1.9007;116.211024
6.40104E+15;6.40104E+13;64;1;40;16;8;0;KALIMANTAN TIMUR;PASER;TANAH GROGOT;SENAKEN;RT 008;-1.90095;116.208742
6.40104E+15;6.40104E+13;64;1;40;16;9;0;KALIMANTAN TIMUR;PASER;TANAH GROGOT;SENAKEN;RT 009;-1.90049;116.204483
6.40104E+15;6.40104E+13;64;1;40;16;10;0;KALIMANTAN TIMUR;PASER;TANAH GROGOT;SENAKEN;RT 010;-1.89875;116.206633
6.40104E+15;6.40104E+13;64;1;40;16;11;0;KALIMANTAN TIMUR;PASER;TANAH GROGOT;SENAKEN;RT 011;-1.89636;116.208463
6.40104E+15;6.40104E+13;64;1;40;16;12;0;KALIMANTAN TIMUR;PASER;TANAH GROGOT;SENAKEN;RT 012;-1.89498;116.211771
6.40104E+15;6.40104E+13;64;1;40;16;13;1;KALIMANTAN TIMUR;PASER;TANAH GROGOT;SENAKEN;RT 013;-1.89729;116.213079
6.40104E+15;6.40104E+13;64;1;40;16;13;2;KALIMANTAN TIMUR;PASER;TANAH GROGOT;SENAKEN;RT 013;-1.89907;116.212306
6.40104E+15;6.40104E+13;64;1;40;16;14;0;KALIMANTAN TIMUR;PASER;TANAH GROGOT;SENAKEN;RT 014;-1.90396;116.204077
6.40104E+15;6.40104E+13;64;1;40;16;15;0;KALIMANTAN TIMUR;PASER;TANAH GROGOT;SENAKEN;RT 015;-1.89905;116.219989
6.40105E+15;6.40105E+13;64;1;50;1;1;0;KALIMANTAN TIMUR;PASER;KUARO;LOLO;RT 001;-1.89839;116.092605
6.40105E+15;6.40105E+13;64;1;50;1;2;0;KALIMANTAN TIMUR;PASER;KUARO;LOLO;RT 002;-1.89939;116.094599
6.40105E+15;6.40105E+13;64;1;50;1;3;0;KALIMANTAN TIMUR;PASER;KUARO;LOLO;RT 003;-1.88863;116.093426
6.40105E+15;6.40105E+13;64;1;50;1;4;0;KALIMANTAN TIMUR;PASER;KUARO;LOLO;RT 004;-1.88561;116.086741
6.40105E+15;6.40105E+13;64;1;50;1;5;0;KALIMANTAN TIMUR;PASER;KUARO;LOLO;RT 005;-1.87366;116.08283
6.40105E+15;6.40105E+13;64;1;50;1;6;0;KALIMANTAN TIMUR;PASER;KUARO;LOLO;RT 006;-1.88106;116.067219
6.40105E+15;6.40105E+13;64;1;50;1;1001;0;KALIMANTAN TIMUR;PASER;KUARO;LOLO;PERKEBUNAN SAWIT;-1.89511;116.036374
6.40105E+15;6.40105E+13;64;1;50;2;1;0;KALIMANTAN TIMUR;PASER;KUARO;KUARO;RT 001;-1.82244;116.096618
6.40105E+15;6.40105E+13;64;1;50;2;2;0;KALIMANTAN TIMUR;PASER;KUARO;KUARO;RT 002;-1.8194;116.091971
6.40105E+15;6.40105E+13;64;1;50;2;3;0;KALIMANTAN TIMUR;PASER;KUARO;KUARO;RT 003;-1.8212;116.085605
6.40105E+15;6.40105E+13;64;1;50;2;4;1;KALIMANTAN TIMUR;PASER;KUARO;KUARO;RT 004;-1.81789;116.084831
6.40105E+15;6.40105E+13;64;1;50;2;4;2;KALIMANTAN TIMUR;PASER;KUARO;KUARO;RT 004;-1.81888;116.086282
6.40105E+15;6.40105E+13;64;1;50;2;5;0;KALIMANTAN TIMUR;PASER;KUARO;KUARO;RT 005;-1.81876;116.081752
6.40105E+15;6.40105E+13;64;1;50;2;6;0;KALIMANTAN TIMUR;PASER;KUARO;KUARO;RT 006;-1.81403;116.084829
6.40105E+15;6.40105E+13;64;1;50;2;7;0;KALIMANTAN TIMUR;PASER;KUARO;KUARO;RT 007;-1.8128;116.08033
6.40105E+15;6.40105E+13;64;1;50;2;8;0;KALIMANTAN TIMUR;PASER;KUARO;KUARO;RT 008;-1.80453;116.084903
6.40105E+15;6.40105E+13;64;1;50;2;9;0;KALIMANTAN TIMUR;PASER;KUARO;KUARO;RT 009;-1.83981;116.085437
6.40105E+15;6.40105E+13;64;1;50;2;10;0;KALIMANTAN TIMUR;PASER;KUARO;KUARO;RT 010;-1.82798;116.085983
6.40105E+15;6.40105E+13;64;1;50;2;11;0;KALIMANTAN TIMUR;PASER;KUARO;KUARO;RT 011;-1.82365;116.087121
6.40105E+15;6.40105E+13;64;1;50;2;12;0;KALIMANTAN TIMUR;PASER;KUARO;KUARO;RT 012;-1.83835;116.07923
6.40105E+15;6.40105E+13;64;1;50;2;13;0;KALIMANTAN TIMUR;PASER;KUARO;KUARO;RT 013;-1.82635;116.082162
6.40105E+15;6.40105E+13;64;1;50;2;14;0;KALIMANTAN TIMUR;PASER;KUARO;KUARO;RT 014;-1.83797;116.06788
6.40105E+15;6.40105E+13;64;1;50;2;15;1;KALIMANTAN TIMUR;PASER;KUARO;KUARO;RT 015;-1.85016;116.055361
6.40105E+15;6.40105E+13;64;1;50;2;15;2;KALIMANTAN TIMUR;PASER;KUARO;KUARO;RT 015;-1.83727;116.027041
6.40105E+15;6.40105E+13;64;1;50;2;16;1;KALIMANTAN TIMUR;PASER;KUARO;KUARO;RT 016;-1.83414;116.026354
6.40105E+15;6.40105E+13;64;1;50;2;16;2;KALIMANTAN TIMUR;PASER;KUARO;KUARO;RT 016;-1.84538;116.052777
6.40105E+15;6.40105E+13;64;1;50;2;17;0;KALIMANTAN TIMUR;PASER;KUARO;KUARO;RT 017;-1.82503;116.075309
6.40105E+15;6.40105E+13;64;1;50;2;18;0;KALIMANTAN TIMUR;PASER;KUARO;KUARO;RT 018;-1.82704;116.076605
6.40105E+15;6.40105E+13;64;1;50;2;19;0;KALIMANTAN TIMUR;PASER;KUARO;KUARO;RT 019;-1.80878;116.084589
6.40105E+15;6.40105E+13;64;1;50;2;20;0;KALIMANTAN TIMUR;PASER;KUARO;KUARO;RT 020;-1.85958;116.081425
6.40105E+15;6.40105E+13;64;1;50;2;1001;0;KALIMANTAN TIMUR;PASER;KUARO;KUARO;PERKEBUNAN SAWIT;-1.85986;116.036731
6.40105E+15;6.40105E+13;64;1;50;2;1002;0;KALIMANTAN TIMUR;PASER;KUARO;KUARO;PERKEBUNAN SAWIT;-1.81577;116.047054
6.40105E+15;6.40105E+13;64;1;50;2;1003;0;KALIMANTAN TIMUR;PASER;KUARO;KUARO;PERKEBUNAN SAWIT;-1.81176;116.093422
6.40105E+15;6.40105E+13;64;1;50;2;2004;0;KALIMANTAN TIMUR;PASER;KUARO;KUARO;HUTAN MANGROVE;-1.82018;116.104516
6.40105E+15;6.40105E+13;64;1;50;2;2005;0;KALIMANTAN TIMUR;PASER;KUARO;KUARO;HUTAN;-1.84077;116.052098
6.40105E+15;6.40105E+13;64;1;50;3;1;1;KALIMANTAN TIMUR;PASER;KUARO;PONDONG BARU;RT 001;-1.80498;116.251885
6.40105E+15;6.40105E+13;64;1;50;3;1;2;KALIMANTAN TIMUR;PASER;KUARO;PONDONG BARU;RT 001;-1.82073;116.283431
6.40105E+15;6.40105E+13;64;1;50;3;2;1;KALIMANTAN TIMUR;PASER;KUARO;PONDONG BARU;RT 002;-1.82332;116.25253
6.40105E+15;6.40105E+13;64;1;50;3;2;2;KALIMANTAN TIMUR;PASER;KUARO;PONDONG BARU;RT 002;-1.80923;116.247998
6.40105E+15;6.40105E+13;64;1;50;3;3;1;KALIMANTAN TIMUR;PASER;KUARO;PONDONG BARU;RT 003;-1.81249;116.247849
6.40105E+15;6.40105E+13;64;1;50;3;3;2;KALIMANTAN TIMUR;PASER;KUARO;PONDONG BARU;RT 003;-1.82182;116.245589
6.40105E+15;6.40105E+13;64;1;50;3;4;0;KALIMANTAN TIMUR;PASER;KUARO;PONDONG BARU;RT 004;-1.80406;116.248196
6.40105E+15;6.40105E+13;64;1;50;3;5;0;KALIMANTAN TIMUR;PASER;KUARO;PONDONG BARU;RT 005;-1.80384;116.242589
6.40105E+15;6.40105E+13;64;1;50;3;6;0;KALIMANTAN TIMUR;PASER;KUARO;PONDONG BARU;RT 006;-1.80652;116.215426
6.40105E+15;6.40105E+13;64;1;50;3;7;0;KALIMANTAN TIMUR;PASER;KUARO;PONDONG BARU;RT 007;-1.8113;116.334891
6.40105E+15;6.40105E+13;64;1;50;4;1;0;KALIMANTAN TIMUR;PASER;KUARO;RANGAN;RT 001;-1.80343;116.092776
6.40105E+15;6.40105E+13;64;1;50;4;2;0;KALIMANTAN TIMUR;PASER;KUARO;RANGAN;RT 002;-1.7954;116.098817
6.40105E+15;6.40105E+13;64;1;50;4;3;0;KALIMANTAN TIMUR;PASER;KUARO;RANGAN;RT 003;-1.78915;116.099724
6.40105E+15;6.40105E+13;64;1;50;4;4;0;KALIMANTAN TIMUR;PASER;KUARO;RANGAN;RT 004;-1.78206;116.105036
6.40105E+15;6.40105E+13;64;1;50;4;5;0;KALIMANTAN TIMUR;PASER;KUARO;RANGAN;RT 005;-1.79886;116.122792
6.40105E+15;6.40105E+13;64;1;50;4;6;0;KALIMANTAN TIMUR;PASER;KUARO;RANGAN;RT 006;-1.79715;116.122243
6.40105E+15;6.40105E+13;64;1;50;4;7;0;KALIMANTAN TIMUR;PASER;KUARO;RANGAN;RT 007;-1.79523;116.122883
6.40105E+15;6.40105E+13;64;1;50;4;8;0;KALIMANTAN TIMUR;PASER;KUARO;RANGAN;RT 008;-1.7953;116.118676
6.40105E+15;6.40105E+13;64;1;50;4;9;0;KALIMANTAN TIMUR;PASER;KUARO;RANGAN;RT 009;-1.79335;116.121266
6.40105E+15;6.40105E+13;64;1;50;4;10;0;KALIMANTAN TIMUR;PASER;KUARO;RANGAN;RT 010;-1.79107;116.121014
6.40105E+15;6.40105E+13;64;1;50;4;11;0;KALIMANTAN TIMUR;PASER;KUARO;RANGAN;RT 011;-1.77127;116.114821
6.40105E+15;6.40105E+13;64;1;50;4;12;0;KALIMANTAN TIMUR;PASER;KUARO;RANGAN;RT 012;-1.76895;116.063014
6.40105E+15;6.40105E+13;64;1;50;4;13;0;KALIMANTAN TIMUR;PASER;KUARO;RANGAN;RT 013;-1.79708;116.127577
6.40105E+15;6.40105E+13;64;1;50;4;1001;0;KALIMANTAN TIMUR;PASER;KUARO;RANGAN;PERKEBUNAN SAWIT;-1.7774;116.101915
6.40105E+15;6.40105E+13;64;1;50;4;2002;0;KALIMANTAN TIMUR;PASER;KUARO;RANGAN;HUTAN BAKAU;-1.79607;116.134763
6.40105E+15;6.40105E+13;64;1;50;5;1;0;KALIMANTAN TIMUR;PASER;KUARO;MODANG;RT 001;-1.71313;116.120264
6.40105E+15;6.40105E+13;64;1;50;5;2;0;KALIMANTAN TIMUR;PASER;KUARO;MODANG;RT 002;-1.72752;116.117861
6.40105E+15;6.40105E+13;64;1;50;5;3;0;KALIMANTAN TIMUR;PASER;KUARO;MODANG;RT 003;-1.74873;116.115844
6.40105E+15;6.40105E+13;64;1;50;5;4;0;KALIMANTAN TIMUR;PASER;KUARO;MODANG;RT 004;-1.76218;116.131666
6.40105E+15;6.40105E+13;64;1;50;5;5;0;KALIMANTAN TIMUR;PASER;KUARO;MODANG;RT 005;-1.76494;116.129473
6.40105E+15;6.40105E+13;64;1;50;5;6;0;KALIMANTAN TIMUR;PASER;KUARO;MODANG;RT 006;-1.76802;116.131591
6.40105E+15;6.40105E+13;64;1;50;5;7;0;KALIMANTAN TIMUR;PASER;KUARO;MODANG;RT 007;-1.71168;116.140908
6.40105E+15;6.40105E+13;64;1;50;5;1001;0;KALIMANTAN TIMUR;PASER;KUARO;MODANG;PERKEBUNAN SAWIT / BAKAU;-1.75626;116.157691
6.40105E+15;6.40105E+13;64;1;50;5;2002;0;KALIMANTAN TIMUR;PASER;KUARO;MODANG;HUTAN;-1.70591;116.077508
6.40105E+15;6.40105E+13;64;1;50;6;1;0;KALIMANTAN TIMUR;PASER;KUARO;PASIR MAYANG;RT 001;-1.77439;116.213698
6.40105E+15;6.40105E+13;64;1;50;6;2;0;KALIMANTAN TIMUR;PASER;KUARO;PASIR MAYANG;RT 002;-1.77797;116.217587
6.40105E+15;6.40105E+13;64;1;50;6;3;0;KALIMANTAN TIMUR;PASER;KUARO;PASIR MAYANG;RT 003;-1.77806;116.218598
6.40105E+15;6.40105E+13;64;1;50;6;4;0;KALIMANTAN TIMUR;PASER;KUARO;PASIR MAYANG;RT 004;-1.77774;116.21926
6.40105E+15;6.40105E+13;64;1;50;6;5;0;KALIMANTAN TIMUR;PASER;KUARO;PASIR MAYANG;RT 005;-1.7784;116.220348
6.40105E+15;6.40105E+13;64;1;50;6;6;0;KALIMANTAN TIMUR;PASER;KUARO;PASIR MAYANG;RT 006;-1.75363;116.202785
6.40105E+15;6.40105E+13;64;1;50;6;7;0;KALIMANTAN TIMUR;PASER;KUARO;PASIR MAYANG;RT 007;-1.74885;116.250172
6.40105E+15;6.40105E+13;64;1;50;6;8;0;KALIMANTAN TIMUR;PASER;KUARO;PASIR MAYANG;RT 008;-1.73009;116.189867
6.40105E+15;6.40105E+13;64;1;50;6;9;0;KALIMANTAN TIMUR;PASER;KUARO;PASIR MAYANG;RT 009;-1.77571;116.217272
6.40105E+15;6.40105E+13;64;1;50;6;10;0;KALIMANTAN TIMUR;PASER;KUARO;PASIR MAYANG;RT 010;-1.77655;116.219796
6.40105E+15;6.40105E+13;64;1;50;6;11;0;KALIMANTAN TIMUR;PASER;KUARO;PASIR MAYANG;RT 011;-1.77721;116.23693
6.40105E+15;6.40105E+13;64;1;50;6;1001;0;KALIMANTAN TIMUR;PASER;KUARO;PASIR MAYANG;KEBUN SAWIT;-1.72073;116.191788
6.40105E+15;6.40105E+13;64;1;50;7;1;0;KALIMANTAN TIMUR;PASER;KUARO;SANDELEY;RT 001;-1.68075;116.17087
6.40105E+15;6.40105E+13;64;1;50;7;2;0;KALIMANTAN TIMUR;PASER;KUARO;SANDELEY;RT 002;-1.69141;116.16523
6.40105E+15;6.40105E+13;64;1;50;7;3;0;KALIMANTAN TIMUR;PASER;KUARO;SANDELEY;RT 003;-1.69445;116.139823
6.40105E+15;6.40105E+13;64;1;50;7;4;0;KALIMANTAN TIMUR;PASER;KUARO;SANDELEY;RT 004;-1.70248;116.121766
6.40105E+15;6.40105E+13;64;1;50;7;5;0;KALIMANTAN TIMUR;PASER;KUARO;SANDELEY;RT 005;-1.67543;116.131152
6.40105E+15;6.40105E+13;64;1;50;7;6;0;KALIMANTAN TIMUR;PASER;KUARO;SANDELEY;RT 006;-1.71423;116.159647
6.40105E+15;6.40105E+13;64;1;50;7;7;0;KALIMANTAN TIMUR;PASER;KUARO;SANDELEY;RT 007;-1.71651;116.158847
6.40105E+15;6.40105E+13;64;1;50;7;8;0;KALIMANTAN TIMUR;PASER;KUARO;SANDELEY;RT 008;-1.71522;116.161135
6.40105E+15;6.40105E+13;64;1;50;7;9;0;KALIMANTAN TIMUR;PASER;KUARO;SANDELEY;RT 009;-1.6803;116.125466
6.40105E+15;6.40105E+13;64;1;50;7;10;0;KALIMANTAN TIMUR;PASER;KUARO;SANDELEY;RT 010;-1.68352;116.122246
6.40105E+15;6.40105E+13;64;1;50;7;11;0;KALIMANTAN TIMUR;PASER;KUARO;SANDELEY;RT 011;-1.68792;116.111201
6.40105E+15;6.40105E+13;64;1;50;7;12;0;KALIMANTAN TIMUR;PASER;KUARO;SANDELEY;RT 012;-1.68925;116.111618
6.40105E+15;6.40105E+13;64;1;50;7;13;0;KALIMANTAN TIMUR;PASER;KUARO;SANDELEY;RT 013;-1.68919;116.109378
6.40105E+15;6.40105E+13;64;1;50;7;1001;0;KALIMANTAN TIMUR;PASER;KUARO;SANDELEY;PERKEBUNAN SAWIT;-1.68634;116.105997
6.40105E+15;6.40105E+13;64;1;50;7;1002;0;KALIMANTAN TIMUR;PASER;KUARO;SANDELEY;PERKEBUNAN SAWIT;-1.70951;116.160561
6.40105E+15;6.40105E+13;64;1;50;8;1;0;KALIMANTAN TIMUR;PASER;KUARO;KERTA BUMI;RT 001;-1.74709;116.072075
6.40105E+15;6.40105E+13;64;1;50;8;2;0;KALIMANTAN TIMUR;PASER;KUARO;KERTA BUMI;RT 002;-1.745;116.071893
6.40105E+15;6.40105E+13;64;1;50;8;3;0;KALIMANTAN TIMUR;PASER;KUARO;KERTA BUMI;RT 003;-1.74296;116.073141
6.40105E+15;6.40105E+13;64;1;50;8;4;0;KALIMANTAN TIMUR;PASER;KUARO;KERTA BUMI;RT 004;-1.74133;116.073215
6.40105E+15;6.40105E+13;64;1;50;8;5;0;KALIMANTAN TIMUR;PASER;KUARO;KERTA BUMI;RT 005;-1.73966;116.073018
6.40105E+15;6.40105E+13;64;1;50;8;6;0;KALIMANTAN TIMUR;PASER;KUARO;KERTA BUMI;RT 006;-1.73793;116.07238
6.40105E+15;6.40105E+13;64;1;50;8;7;0;KALIMANTAN TIMUR;PASER;KUARO;KERTA BUMI;RT 007;-1.73839;116.077236
6.40105E+15;6.40105E+13;64;1;50;8;8;0;KALIMANTAN TIMUR;PASER;KUARO;KERTA BUMI;RT 008;-1.73588;116.074155
6.40105E+15;6.40105E+13;64;1;50;8;9;0;KALIMANTAN TIMUR;PASER;KUARO;KERTA BUMI;RT 009;-1.73632;116.078392
6.40105E+15;6.40105E+13;64;1;50;8;10;0;KALIMANTAN TIMUR;PASER;KUARO;KERTA BUMI;RT 010;-1.73398;116.074508
6.40105E+15;6.40105E+13;64;1;50;8;11;0;KALIMANTAN TIMUR;PASER;KUARO;KERTA BUMI;RT 011;-1.73455;116.078535
6.40105E+15;6.40105E+13;64;1;50;8;12;0;KALIMANTAN TIMUR;PASER;KUARO;KERTA BUMI;RT 012;-1.73306;116.079016
6.40105E+15;6.40105E+13;64;1;50;8;13;0;KALIMANTAN TIMUR;PASER;KUARO;KERTA BUMI;RT 013;-1.73634;116.081354
6.40105E+15;6.40105E+13;64;1;50;8;1001;0;KALIMANTAN TIMUR;PASER;KUARO;KERTA BUMI;PERKEBUNAN KELAPA SAWIT;-1.74169;116.078896
6.40105E+15;6.40105E+13;64;1;50;9;1;0;KALIMANTAN TIMUR;PASER;KUARO;PADANG JAYA;RT 001;-1.80489;116.067287
6.40105E+15;6.40105E+13;64;1;50;9;2;0;KALIMANTAN TIMUR;PASER;KUARO;PADANG JAYA;RT 002;-1.80138;116.054705
6.40105E+15;6.40105E+13;64;1;50;9;3;0;KALIMANTAN TIMUR;PASER;KUARO;PADANG JAYA;RT 003;-1.79578;116.060716
6.40105E+15;6.40105E+13;64;1;50;9;4;0;KALIMANTAN TIMUR;PASER;KUARO;PADANG JAYA;RT 004;-1.79563;116.053653
6.40105E+15;6.40105E+13;64;1;50;9;5;0;KALIMANTAN TIMUR;PASER;KUARO;PADANG JAYA;RT 005;-1.79364;116.057764
6.40105E+15;6.40105E+13;64;1;50;9;6;0;KALIMANTAN TIMUR;PASER;KUARO;PADANG JAYA;RT 006;-1.7919;116.05363
6.40105E+15;6.40105E+13;64;1;50;9;7;0;KALIMANTAN TIMUR;PASER;KUARO;PADANG JAYA;RT 007;-1.79315;116.061082
6.40105E+15;6.40105E+13;64;1;50;9;8;0;KALIMANTAN TIMUR;PASER;KUARO;PADANG JAYA;RT 008;-1.79157;116.060145
6.40105E+15;6.40105E+13;64;1;50;9;9;0;KALIMANTAN TIMUR;PASER;KUARO;PADANG JAYA;RT 009;-1.79036;116.060451
6.40105E+15;6.40105E+13;64;1;50;9;10;0;KALIMANTAN TIMUR;PASER;KUARO;PADANG JAYA;RT 010;-1.78986;116.054529
6.40105E+15;6.40105E+13;64;1;50;9;11;0;KALIMANTAN TIMUR;PASER;KUARO;PADANG JAYA;RT 011;-1.78739;116.060682
6.40105E+15;6.40105E+13;64;1;50;9;12;0;KALIMANTAN TIMUR;PASER;KUARO;PADANG JAYA;RT 012;-1.78683;116.055524
6.40105E+15;6.40105E+13;64;1;50;9;1001;0;KALIMANTAN TIMUR;PASER;KUARO;PADANG JAYA;PERKEBUNAN SAWIT;-1.79495;116.075822
6.40105E+15;6.40105E+13;64;1;50;9;1002;0;KALIMANTAN TIMUR;PASER;KUARO;PADANG JAYA;SAWAH;-1.81155;116.066173
6.40105E+15;6.40105E+13;64;1;50;9;1003;0;KALIMANTAN TIMUR;PASER;KUARO;PADANG JAYA;PERKEBUNAN SAWIT;-1.80825;116.055642
6.40105E+15;6.40105E+13;64;1;50;10;1;0;KALIMANTAN TIMUR;PASER;KUARO;HARAPAN BARU;RT 001;-1.76971;116.416938
6.40105E+15;6.40105E+13;64;1;50;10;2;0;KALIMANTAN TIMUR;PASER;KUARO;HARAPAN BARU;RT 002;-1.7718;116.419334
6.40105E+15;6.40105E+13;64;1;50;10;3;0;KALIMANTAN TIMUR;PASER;KUARO;HARAPAN BARU;RT 003;-1.7695;116.420132
6.40105E+15;6.40105E+13;64;1;50;10;4;0;KALIMANTAN TIMUR;PASER;KUARO;HARAPAN BARU;RT 004;-1.79488;116.399816
6.40105E+15;6.40105E+13;64;1;50;11;1;0;KALIMANTAN TIMUR;PASER;KUARO;KENDAROM;RT 001 DUSUN 1;-1.77765;116.103956
6.40105E+15;6.40105E+13;64;1;50;11;2;0;KALIMANTAN TIMUR;PASER;KUARO;KENDAROM;RT 002 DUSUN 1;-1.77854;116.101287
6.40105E+15;6.40105E+13;64;1;50;11;3;0;KALIMANTAN TIMUR;PASER;KUARO;KENDAROM;RT 003 DUSUN 1;-1.77834;116.09782
6.40105E+15;6.40105E+13;64;1;50;11;4;0;KALIMANTAN TIMUR;PASER;KUARO;KENDAROM;RT 004 DUSUN 1;-1.77505;116.101163
6.40105E+15;6.40105E+13;64;1;50;11;5;0;KALIMANTAN TIMUR;PASER;KUARO;KENDAROM;RT 005 DUSUN 1;-1.77137;116.10069
6.40105E+15;6.40105E+13;64;1;50;11;6;0;KALIMANTAN TIMUR;PASER;KUARO;KENDAROM;RT 006 DUSUN 1;-1.77546;116.097929
6.40105E+15;6.40105E+13;64;1;50;11;7;0;KALIMANTAN TIMUR;PASER;KUARO;KENDAROM;RT 007 DUSUN 2;-1.77228;116.098491
6.40105E+15;6.40105E+13;64;1;50;11;8;0;KALIMANTAN TIMUR;PASER;KUARO;KENDAROM;RT 008 DUSUN 2;-1.76976;116.100408
6.40105E+15;6.40105E+13;64;1;50;11;9;0;KALIMANTAN TIMUR;PASER;KUARO;KENDAROM;RT 009 DUSUN 2;-1.7716;116.096725
6.40105E+15;6.40105E+13;64;1;50;11;10;0;KALIMANTAN TIMUR;PASER;KUARO;KENDAROM;RT 010 DUSUN 2;-1.76835;116.099314
6.40105E+15;6.40105E+13;64;1;50;11;11;0;KALIMANTAN TIMUR;PASER;KUARO;KENDAROM;RT 011 DUSUN 2;-1.76643;116.09956
6.40105E+15;6.40105E+13;64;1;50;11;1001;0;KALIMANTAN TIMUR;PASER;KUARO;KENDAROM;PERKEBUNAN SAWIT;-1.77051;116.084669
6.40105E+15;6.40105E+13;64;1;50;12;1;0;KALIMANTAN TIMUR;PASER;KUARO;KLEMPANG SARI;RT 001;-1.83109;116.091488
6.40105E+15;6.40105E+13;64;1;50;12;2;0;KALIMANTAN TIMUR;PASER;KUARO;KLEMPANG SARI;RT 002;-1.83732;116.099254
6.40105E+15;6.40105E+13;64;1;50;12;3;0;KALIMANTAN TIMUR;PASER;KUARO;KLEMPANG SARI;RT 003;-1.83708;116.096242
6.40105E+15;6.40105E+13;64;1;50;12;4;0;KALIMANTAN TIMUR;PASER;KUARO;KLEMPANG SARI;RT 004;-1.83756;116.093641
6.40105E+15;6.40105E+13;64;1;50;12;5;0;KALIMANTAN TIMUR;PASER;KUARO;KLEMPANG SARI;RT 005;-1.83501;116.099433
6.40105E+15;6.40105E+13;64;1;50;12;6;0;KALIMANTAN TIMUR;PASER;KUARO;KLEMPANG SARI;RT 006;-1.83378;116.097133
6.40105E+15;6.40105E+13;64;1;50;12;7;0;KALIMANTAN TIMUR;PASER;KUARO;KLEMPANG SARI;RT 007;-1.83139;116.097827
6.40105E+15;6.40105E+13;64;1;50;12;1001;0;KALIMANTAN TIMUR;PASER;KUARO;KLEMPANG SARI;PERKEBUNAN SAWIT;-1.83967;116.109977
6.40105E+15;6.40105E+13;64;1;50;13;1;0;KALIMANTAN TIMUR;PASER;KUARO;KELUANG PASER JAYA;RT 001;-1.86313;116.122319
6.40105E+15;6.40105E+13;64;1;50;13;2;0;KALIMANTAN TIMUR;PASER;KUARO;KELUANG PASER JAYA;RT 002;-1.86525;116.120913
6.40105E+15;6.40105E+13;64;1;50;13;3;0;KALIMANTAN TIMUR;PASER;KUARO;KELUANG PASER JAYA;RT 003;-1.86487;116.12385
6.40105E+15;6.40105E+13;64;1;50;13;4;0;KALIMANTAN TIMUR;PASER;KUARO;KELUANG PASER JAYA;RT 004;-1.86686;116.123052
6.40105E+15;6.40105E+13;64;1;50;13;5;0;KALIMANTAN TIMUR;PASER;KUARO;KELUANG PASER JAYA;RT 005;-1.86654;116.11792
6.40105E+15;6.40105E+13;64;1;50;13;6;0;KALIMANTAN TIMUR;PASER;KUARO;KELUANG PASER JAYA;RT 006;-1.86853;116.122844
6.40105E+15;6.40105E+13;64;1;50;13;7;0;KALIMANTAN TIMUR;PASER;KUARO;KELUANG PASER JAYA;RT 007;-1.87039;116.122728
6.40105E+15;6.40105E+13;64;1;50;13;8;0;KALIMANTAN TIMUR;PASER;KUARO;KELUANG PASER JAYA;RT 008;-1.87076;116.117733
6.40105E+15;6.40105E+13;64;1;50;13;9;0;KALIMANTAN TIMUR;PASER;KUARO;KELUANG PASER JAYA;RT 009;-1.87255;116.12244
6.40105E+15;6.40105E+13;64;1;50;13;10;0;KALIMANTAN TIMUR;PASER;KUARO;KELUANG PASER JAYA;RT 010;-1.87433;116.117864
6.40105E+15;6.40105E+13;64;1;50;13;11;0;KALIMANTAN TIMUR;PASER;KUARO;KELUANG PASER JAYA;RT 011;-1.89439;116.127619
6.40105E+15;6.40105E+13;64;1;50;13;12;0;KALIMANTAN TIMUR;PASER;KUARO;KELUANG PASER JAYA;RT 012;-1.88689;116.106898
6.40105E+15;6.40105E+13;64;1;50;13;1001;0;KALIMANTAN TIMUR;PASER;KUARO;KELUANG PASER JAYA;PERKEBUNAN SAWIT;-1.86778;116.108351
6.40106E+15;6.40106E+13;64;1;60;1;1;0;KALIMANTAN TIMUR;PASER;LONG IKIS;SAMUNTAI;RT 001;-1.66411;116.153984
6.40106E+15;6.40106E+13;64;1;60;1;2;0;KALIMANTAN TIMUR;PASER;LONG IKIS;SAMUNTAI;RT 002;-1.65715;116.152363
6.40106E+15;6.40106E+13;64;1;60;1;3;0;KALIMANTAN TIMUR;PASER;LONG IKIS;SAMUNTAI;RT 003;-1.67037;116.14871
6.40106E+15;6.40106E+13;64;1;60;1;4;0;KALIMANTAN TIMUR;PASER;LONG IKIS;SAMUNTAI;RT 004;-1.67144;116.152749
6.40106E+15;6.40106E+13;64;1;60;1;5;0;KALIMANTAN TIMUR;PASER;LONG IKIS;SAMUNTAI;RT 005;-1.66834;116.147435
6.40106E+15;6.40106E+13;64;1;60;1;6;0;KALIMANTAN TIMUR;PASER;LONG IKIS;SAMUNTAI;RT 006;-1.64845;116.15716
6.40106E+15;6.40106E+13;64;1;60;1;7;0;KALIMANTAN TIMUR;PASER;LONG IKIS;SAMUNTAI;RT 007;-1.63427;116.148566
6.40106E+15;6.40106E+13;64;1;60;1;8;0;KALIMANTAN TIMUR;PASER;LONG IKIS;SAMUNTAI;RT 008;-1.6235;116.132771
6.40106E+15;6.40106E+13;64;1;60;1;9;0;KALIMANTAN TIMUR;PASER;LONG IKIS;SAMUNTAI;RT 009;-1.66661;116.143306
6.40106E+15;6.40106E+13;64;1;60;1;10;0;KALIMANTAN TIMUR;PASER;LONG IKIS;SAMUNTAI;RT 010;-1.67205;116.12419
6.40106E+15;6.40106E+13;64;1;60;1;11;0;KALIMANTAN TIMUR;PASER;LONG IKIS;SAMUNTAI;RT 011;-1.6602;116.124214
6.40106E+15;6.40106E+13;64;1;60;1;12;0;KALIMANTAN TIMUR;PASER;LONG IKIS;SAMUNTAI;RT 012;-1.66443;116.135462
6.40106E+15;6.40106E+13;64;1;60;1;13;0;KALIMANTAN TIMUR;PASER;LONG IKIS;SAMUNTAI;RT 013;-1.65601;116.122483
6.40106E+15;6.40106E+13;64;1;60;1;14;0;KALIMANTAN TIMUR;PASER;LONG IKIS;SAMUNTAI;RT 014;-1.65112;116.107342
6.40106E+15;6.40106E+13;64;1;60;1;15;0;KALIMANTAN TIMUR;PASER;LONG IKIS;SAMUNTAI;RT 015;-1.62989;116.100612
6.40106E+15;6.40106E+13;64;1;60;1;17;0;KALIMANTAN TIMUR;PASER;LONG IKIS;SAMUNTAI;RT 017;-1.67079;116.133082
6.40106E+15;6.40106E+13;64;1;60;1;1002;0;KALIMANTAN TIMUR;PASER;LONG IKIS;SAMUNTAI;KEBUN SAWIT (HGU PTPN XIII);-1.67019;116.10811
6.40106E+15;6.40106E+13;64;1;60;1;1003;0;KALIMANTAN TIMUR;PASER;LONG IKIS;SAMUNTAI;KEBUN SAWIT (KKPA KARU);-1.66823;116.163447
6.40106E+15;6.40106E+13;64;1;60;1;1004;0;KALIMANTAN TIMUR;PASER;LONG IKIS;SAMUNTAI;KEBUN SAWIT (PIRKLOK;-1.66614;116.178607
6.40106E+15;6.40106E+13;64;1;60;1;1005;0;KALIMANTAN TIMUR;PASER;LONG IKIS;SAMUNTAI;KEBUN SAWIT (PIRLOK / KKPA);-1.64509;116.138192
6.40106E+15;6.40106E+13;64;1;60;1;1006;0;KALIMANTAN TIMUR;PASER;LONG IKIS;SAMUNTAI;KEBUN SAWIT (HGU PTP.N XIII);-1.63311;116.133721
6.40106E+15;6.40106E+13;64;1;60;1;1007;0;KALIMANTAN TIMUR;PASER;LONG IKIS;SAMUNTAI;KEBUN SAWIT (HGU PTP.N XIII);-1.63864;116.120477
6.40106E+15;6.40106E+13;64;1;60;1;2001;0;KALIMANTAN TIMUR;PASER;LONG IKIS;SAMUNTAI;HUTAN;-1.66111;116.062338
6.40106E+15;6.40106E+13;64;1;60;1;2008;0;KALIMANTAN TIMUR;PASER;LONG IKIS;SAMUNTAI;HUTAN (AIR TERJUN DOYAM GERIGU);-1.62504;116.058441
6.40106E+15;6.40106E+13;64;1;60;2;1;0;KALIMANTAN TIMUR;PASER;LONG IKIS;LOMBOK;RT 001;-1.60824;116.16149
6.40106E+15;6.40106E+13;64;1;60;2;2;0;KALIMANTAN TIMUR;PASER;LONG IKIS;LOMBOK;RT 002;-1.62425;116.164479
6.40106E+15;6.40106E+13;64;1;60;2;3;0;KALIMANTAN TIMUR;PASER;LONG IKIS;LOMBOK;RT 003;-1.60876;116.158831
6.40106E+15;6.40106E+13;64;1;60;2;4;0;KALIMANTAN TIMUR;PASER;LONG IKIS;LOMBOK;RT 004;-1.6324;116.162169
6.40106E+15;6.40106E+13;64;1;60;2;5;0;KALIMANTAN TIMUR;PASER;LONG IKIS;LOMBOK;RT 005;-1.61264;116.153151
6.40106E+15;6.40106E+13;64;1;60;2;6;0;KALIMANTAN TIMUR;PASER;LONG IKIS;LOMBOK;RT 006;-1.63045;116.157054
6.40106E+15;6.40106E+13;64;1;60;2;7;0;KALIMANTAN TIMUR;PASER;LONG IKIS;LOMBOK;RT 007;-1.60896;116.12739
6.40106E+15;6.40106E+13;64;1;60;2;8;0;KALIMANTAN TIMUR;PASER;LONG IKIS;LOMBOK;RT 008;-1.61251;116.166743
6.40106E+15;6.40106E+13;64;1;60;2;9;0;KALIMANTAN TIMUR;PASER;LONG IKIS;LOMBOK;RT 009;-1.62243;116.151585
6.40106E+15;6.40106E+13;64;1;60;2;1002;0;KALIMANTAN TIMUR;PASER;LONG IKIS;LOMBOK;SAWIT PTPN;-1.57386;116.115596
6.40106E+15;6.40106E+13;64;1;60;2;1003;0;KALIMANTAN TIMUR;PASER;LONG IKIS;LOMBOK;KEBUN KELAPA SAWIT;-1.59377;116.083966
6.40106E+15;6.40106E+13;64;1;60;2;2001;0;KALIMANTAN TIMUR;PASER;LONG IKIS;LOMBOK;HUTAN;-1.56666;116.082776
6.40106E+15;6.40106E+13;64;1;60;3;1;0;KALIMANTAN TIMUR;PASER;LONG IKIS;SAWIT JAYA;RT 001;-1.5935;116.157759
6.40106E+15;6.40106E+13;64;1;60;3;2;0;KALIMANTAN TIMUR;PASER;LONG IKIS;SAWIT JAYA;RT 002;-1.59354;116.152975
6.40106E+15;6.40106E+13;64;1;60;3;3;0;KALIMANTAN TIMUR;PASER;LONG IKIS;SAWIT JAYA;RT 003;-1.59127;116.158536
6.40106E+15;6.40106E+13;64;1;60;3;4;0;KALIMANTAN TIMUR;PASER;LONG IKIS;SAWIT JAYA;RT 004;-1.59146;116.152833
6.40106E+15;6.40106E+13;64;1;60;3;5;0;KALIMANTAN TIMUR;PASER;LONG IKIS;SAWIT JAYA;RT 005;-1.5893;116.158295
6.40106E+15;6.40106E+13;64;1;60;3;6;0;KALIMANTAN TIMUR;PASER;LONG IKIS;SAWIT JAYA;RT 006;-1.58925;116.152665
6.40106E+15;6.40106E+13;64;1;60;3;7;0;KALIMANTAN TIMUR;PASER;LONG IKIS;SAWIT JAYA;RT 007;-1.58723;116.15587
6.40106E+15;6.40106E+13;64;1;60;3;8;0;KALIMANTAN TIMUR;PASER;LONG IKIS;SAWIT JAYA;RT 008;-1.58554;116.153262
6.40106E+15;6.40106E+13;64;1;60;3;9;0;KALIMANTAN TIMUR;PASER;LONG IKIS;SAWIT JAYA;RT 009;-1.58451;116.157544
6.40106E+15;6.40106E+13;64;1;60;3;10;0;KALIMANTAN TIMUR;PASER;LONG IKIS;SAWIT JAYA;RT 010;-1.58361;116.153047
6.40106E+15;6.40106E+13;64;1;60;3;11;0;KALIMANTAN TIMUR;PASER;LONG IKIS;SAWIT JAYA;RT 011;-1.58183;116.154343
6.40106E+15;6.40106E+13;64;1;60;3;12;0;KALIMANTAN TIMUR;PASER;LONG IKIS;SAWIT JAYA;RT 012;-1.57869;116.155236
6.40106E+15;6.40106E+13;64;1;60;3;1001;0;KALIMANTAN TIMUR;PASER;LONG IKIS;SAWIT JAYA;PERKEBUNAN KELAPA SAWIT;-1.59357;116.132534
6.40106E+15;6.40106E+13;64;1;60;3;1002;0;KALIMANTAN TIMUR;PASER;LONG IKIS;SAWIT JAYA;PERKEBUNAN KELAPA SAWIT;-1.6036;116.14946
6.40106E+15;6.40106E+13;64;1;60;3;1003;0;KALIMANTAN TIMUR;PASER;LONG IKIS;SAWIT JAYA;PERKEBUNAN KELAPA SAWIT;-1.59709;116.14768
6.40106E+15;6.40106E+13;64;1;60;3;1004;0;KALIMANTAN TIMUR;PASER;LONG IKIS;SAWIT JAYA;PERKEBUNAN KELAPA SAWIT;-1.58119;116.14429
6.40106E+15;6.40106E+13;64;1;60;4;1;1;KALIMANTAN TIMUR;PASER;LONG IKIS;PAIT;RT 001;-1.60054;116.173873
6.40106E+15;6.40106E+13;64;1;60;4;1;2;KALIMANTAN TIMUR;PASER;LONG IKIS;PAIT;RT 001;-1.60171;116.173997
6.40106E+15;6.40106E+13;64;1;60;4;2;1;KALIMANTAN TIMUR;PASER;LONG IKIS;PAIT;RT 002;-1.60047;116.169118
6.40106E+15;6.40106E+13;64;1;60;4;2;2;KALIMANTAN TIMUR;PASER;LONG IKIS;PAIT;RT 002;-1.59698;116.169153
6.40106E+15;6.40106E+13;64;1;60;4;3;0;KALIMANTAN TIMUR;PASER;LONG IKIS;PAIT;RT 003;-1.6026;116.168549
6.40106E+15;6.40106E+13;64;1;60;4;4;1;KALIMANTAN TIMUR;PASER;LONG IKIS;PAIT;RT 004;-1.60088;116.164934
6.40106E+15;6.40106E+13;64;1;60;4;4;2;KALIMANTAN TIMUR;PASER;LONG IKIS;PAIT;RT 004;-1.60055;116.166313
6.40106E+15;6.40106E+13;64;1;60;4;5;0;KALIMANTAN TIMUR;PASER;LONG IKIS;PAIT;RT 005;-1.6103;116.170741
6.40106E+15;6.40106E+13;64;1;60;4;6;0;KALIMANTAN TIMUR;PASER;LONG IKIS;PAIT;RT 006;-1.6054;116.16655
6.40106E+15;6.40106E+13;64;1;60;4;7;0;KALIMANTAN TIMUR;PASER;LONG IKIS;PAIT;RT 007;-1.60708;116.16403
6.40106E+15;6.40106E+13;64;1;60;4;8;1;KALIMANTAN TIMUR;PASER;LONG IKIS;PAIT;RT 008;-1.59653;116.163778
6.40106E+15;6.40106E+13;64;1;60;4;8;2;KALIMANTAN TIMUR;PASER;LONG IKIS;PAIT;RT 008;-1.59697;116.164211
6.40106E+15;6.40106E+13;64;1;60;4;8;3;KALIMANTAN TIMUR;PASER;LONG IKIS;PAIT;RT 008;-1.59022;116.162963
6.40106E+15;6.40106E+13;64;1;60;4;8;4;KALIMANTAN TIMUR;PASER;LONG IKIS;PAIT;RT 008;-1.57883;116.167539
6.40106E+15;6.40106E+13;64;1;60;4;9;0;KALIMANTAN TIMUR;PASER;LONG IKIS;PAIT;RT 009;-1.60379;116.164064
6.40106E+15;6.40106E+13;64;1;60;4;10;0;KALIMANTAN TIMUR;PASER;LONG IKIS;PAIT;RT 010;-1.59767;116.17321
6.40106E+15;6.40106E+13;64;1;60;4;12;0;KALIMANTAN TIMUR;PASER;LONG IKIS;PAIT;RT 011;-1.606;116.171643
6.40106E+15;6.40106E+13;64;1;60;4;13;0;KALIMANTAN TIMUR;PASER;LONG IKIS;PAIT;RT 012;-1.60553;116.168642
6.40106E+15;6.40106E+13;64;1;60;4;1001;0;KALIMANTAN TIMUR;PASER;LONG IKIS;PAIT;KEBUN KELAPA SAWIT;-1.61108;116.168216
6.40106E+15;6.40106E+13;64;1;60;4;1002;0;KALIMANTAN TIMUR;PASER;LONG IKIS;PAIT;KEBUN KELAPA SAWIT;-1.60594;116.175378
6.40106E+15;6.40106E+13;64;1;60;4;1003;0;KALIMANTAN TIMUR;PASER;LONG IKIS;PAIT;KEBUN KELAPA SAWIT;-1.60188;116.161098
6.40106E+15;6.40106E+13;64;1;60;4;1004;0;KALIMANTAN TIMUR;PASER;LONG IKIS;PAIT;KEBUN KELAPA SAWIT;-1.57972;116.170983
6.40106E+15;6.40106E+13;64;1;60;5;1;0;KALIMANTAN TIMUR;PASER;LONG IKIS;TAJUR;RT 001;-1.64086;116.183503
6.40106E+15;6.40106E+13;64;1;60;5;2;0;KALIMANTAN TIMUR;PASER;LONG IKIS;TAJUR;RT 002;-1.61989;116.198047
6.40106E+15;6.40106E+13;64;1;60;5;25;0;KALIMANTAN TIMUR;PASER;LONG IKIS;TAJUR;RT 003;-1.62368;116.198996
6.40106E+15;6.40106E+13;64;1;60;5;26;0;KALIMANTAN TIMUR;PASER;LONG IKIS;TAJUR;RT 004;-1.62704;116.198643
6.40106E+15;6.40106E+13;64;1;60;5;27;0;KALIMANTAN TIMUR;PASER;LONG IKIS;TAJUR;RT 005;-1.63133;116.19386
6.40106E+15;6.40106E+13;64;1;60;5;28;0;KALIMANTAN TIMUR;PASER;LONG IKIS;TAJUR;RT 006;-1.63088;116.197566
6.40106E+15;6.40106E+13;64;1;60;5;29;0;KALIMANTAN TIMUR;PASER;LONG IKIS;TAJUR;RT 007;-1.63065;116.201132
6.40106E+15;6.40106E+13;64;1;60;5;30;0;KALIMANTAN TIMUR;PASER;LONG IKIS;TAJUR;RT 008;-1.63372;116.202
6.40106E+15;6.40106E+13;64;1;60;5;31;0;KALIMANTAN TIMUR;PASER;LONG IKIS;TAJUR;RT 009;-1.6354;116.194782
6.40106E+15;6.40106E+13;64;1;60;5;32;0;KALIMANTAN TIMUR;PASER;LONG IKIS;TAJUR;RT 010;-1.63579;116.201678
6.40106E+15;6.40106E+13;64;1;60;5;33;0;KALIMANTAN TIMUR;PASER;LONG IKIS;TAJUR;RT 011;-1.65337;116.209616
6.40106E+15;6.40106E+13;64;1;60;6;1;0;KALIMANTAN TIMUR;PASER;LONG IKIS;MUARA ADANG;RT 001;-1.66934;116.308101
6.40106E+15;6.40106E+13;64;1;60;6;2;0;KALIMANTAN TIMUR;PASER;LONG IKIS;MUARA ADANG;RT 002;-1.65419;116.32306
6.40106E+15;6.40106E+13;64;1;60;6;3;0;KALIMANTAN TIMUR;PASER;LONG IKIS;MUARA ADANG;RT 003;-1.66978;116.308785
6.40106E+15;6.40106E+13;64;1;60;6;4;0;KALIMANTAN TIMUR;PASER;LONG IKIS;MUARA ADANG;RT 004;-1.6701;116.309485
6.40106E+15;6.40106E+13;64;1;60;6;5;0;KALIMANTAN TIMUR;PASER;LONG IKIS;MUARA ADANG;RT 005;-1.7052;116.280542
6.40106E+15;6.40106E+13;64;1;60;6;6;0;KALIMANTAN TIMUR;PASER;LONG IKIS;MUARA ADANG;RT 006;-1.67114;116.310408
6.40106E+15;6.40106E+13;64;1;60;6;7;0;KALIMANTAN TIMUR;PASER;LONG IKIS;MUARA ADANG;RT 007;-1.6735;116.358028
6.40106E+15;6.40106E+13;64;1;60;6;8;0;KALIMANTAN TIMUR;PASER;LONG IKIS;MUARA ADANG;RT 008;-1.6623;116.304558
6.40106E+15;6.40106E+13;64;1;60;7;1;0;KALIMANTAN TIMUR;PASER;LONG IKIS;TELUK WARU;RT 001;-1.65597;116.295502
6.40106E+15;6.40106E+13;64;1;60;7;2;0;KALIMANTAN TIMUR;PASER;LONG IKIS;TELUK WARU;RT 002;-1.65742;116.291483
6.40106E+15;6.40106E+13;64;1;60;7;3;0;KALIMANTAN TIMUR;PASER;LONG IKIS;TELUK WARU;RT 003;-1.65058;116.296005
6.40106E+15;6.40106E+13;64;1;60;7;4;0;KALIMANTAN TIMUR;PASER;LONG IKIS;TELUK WARU;RT 004;-1.63744;116.31036
6.40106E+15;6.40106E+13;64;1;60;7;5;0;KALIMANTAN TIMUR;PASER;LONG IKIS;TELUK WARU;RT 005;-1.64197;116.29405
6.40106E+15;6.40106E+13;64;1;60;7;6;0;KALIMANTAN TIMUR;PASER;LONG IKIS;TELUK WARU;RT 006;-1.63454;116.290308
6.40106E+15;6.40106E+13;64;1;60;7;7;0;KALIMANTAN TIMUR;PASER;LONG IKIS;TELUK WARU;RT 007;-1.64999;116.288791
6.40106E+15;6.40106E+13;64;1;60;7;8;0;KALIMANTAN TIMUR;PASER;LONG IKIS;TELUK WARU;RT 008;-1.65581;116.27572
6.40106E+15;6.40106E+13;64;1;60;7;2001;0;KALIMANTAN TIMUR;PASER;LONG IKIS;TELUK WARU;HUTAN BAKAU;-1.6758;116.247836
6.40106E+15;6.40106E+13;64;1;60;7;2002;0;KALIMANTAN TIMUR;PASER;LONG IKIS;TELUK WARU;HUTAN GELAM;-1.62067;116.303958
6.40106E+15;6.40106E+13;64;1;60;8;1;0;KALIMANTAN TIMUR;PASER;LONG IKIS;BUKIT SELOKA;RT 001;-1.61515;116.258999
6.40106E+15;6.40106E+13;64;1;60;8;2;0;KALIMANTAN TIMUR;PASER;LONG IKIS;BUKIT SELOKA;RT 002;-1.61767;116.258641
6.40106E+15;6.40106E+13;64;1;60;8;3;0;KALIMANTAN TIMUR;PASER;LONG IKIS;BUKIT SELOKA;RT 003;-1.61631;116.261281
6.40106E+15;6.40106E+13;64;1;60;8;4;0;KALIMANTAN TIMUR;PASER;LONG IKIS;BUKIT SELOKA;RT 004;-1.62033;116.261114
6.40106E+15;6.40106E+13;64;1;60;8;5;0;KALIMANTAN TIMUR;PASER;LONG IKIS;BUKIT SELOKA;RT 005;-1.61599;116.263232
6.40106E+15;6.40106E+13;64;1;60;8;6;0;KALIMANTAN TIMUR;PASER;LONG IKIS;BUKIT SELOKA;RT 006;-1.61896;116.263211
6.40106E+15;6.40106E+13;64;1;60;8;7;0;KALIMANTAN TIMUR;PASER;LONG IKIS;BUKIT SELOKA;RT 007;-1.61625;116.26504
6.40106E+15;6.40106E+13;64;1;60;8;8;0;KALIMANTAN TIMUR;PASER;LONG IKIS;BUKIT SELOKA;RT 008;-1.61943;116.264881
6.40106E+15;6.40106E+13;64;1;60;8;9;0;KALIMANTAN TIMUR;PASER;LONG IKIS;BUKIT SELOKA;RT 009;-1.61614;116.267354
6.40106E+15;6.40106E+13;64;1;60;8;10;0;KALIMANTAN TIMUR;PASER;LONG IKIS;BUKIT SELOKA;RT 010;-1.61893;116.267579
6.40106E+15;6.40106E+13;64;1;60;8;1001;0;KALIMANTAN TIMUR;PASER;LONG IKIS;BUKIT SELOKA;PERKEBUNAN KELAPA SAWIT;-1.62612;116.277851
6.40106E+15;6.40106E+13;64;1;60;8;1002;0;KALIMANTAN TIMUR;PASER;LONG IKIS;BUKIT SELOKA;PERKEBUNAN KELAPA SAWIT;-1.63168;116.260697
6.40106E+15;6.40106E+13;64;1;60;9;1;0;KALIMANTAN TIMUR;PASER;LONG IKIS;KRAYAN MAKMUR;RT 001;-1.61525;116.239047
6.40106E+15;6.40106E+13;64;1;60;9;2;0;KALIMANTAN TIMUR;PASER;LONG IKIS;KRAYAN MAKMUR;RT 002;-1.61923;116.239364
6.40106E+15;6.40106E+13;64;1;60;9;3;0;KALIMANTAN TIMUR;PASER;LONG IKIS;KRAYAN MAKMUR;RT 003;-1.61677;116.241254
6.40106E+15;6.40106E+13;64;1;60;9;4;0;KALIMANTAN TIMUR;PASER;LONG IKIS;KRAYAN MAKMUR;RT 004;-1.61933;116.242993
6.40106E+15;6.40106E+13;64;1;60;9;5;0;KALIMANTAN TIMUR;PASER;LONG IKIS;KRAYAN MAKMUR;RT 005;-1.6156;116.243233
6.40106E+15;6.40106E+13;64;1;60;9;6;0;KALIMANTAN TIMUR;PASER;LONG IKIS;KRAYAN MAKMUR;RT 006;-1.61586;116.244825
6.40106E+15;6.40106E+13;64;1;60;9;7;0;KALIMANTAN TIMUR;PASER;LONG IKIS;KRAYAN MAKMUR;RT 007;-1.61982;116.244617
6.40106E+15;6.40106E+13;64;1;60;9;8;0;KALIMANTAN TIMUR;PASER;LONG IKIS;KRAYAN MAKMUR;RT 008;-1.61606;116.247045
6.40106E+15;6.40106E+13;64;1;60;9;9;0;KALIMANTAN TIMUR;PASER;LONG IKIS;KRAYAN MAKMUR;RT 009;-1.61672;116.237027
6.40106E+15;6.40106E+13;64;1;60;9;10;0;KALIMANTAN TIMUR;PASER;LONG IKIS;KRAYAN MAKMUR;RT 010;-1.61984;116.246547
6.40106E+15;6.40106E+13;64;1;60;9;1001;0;KALIMANTAN TIMUR;PASER;LONG IKIS;KRAYAN MAKMUR;PERKEBUNAN KELAPA SAWIT;-1.6147;116.219672
6.40106E+15;6.40106E+13;64;1;60;9;1002;0;KALIMANTAN TIMUR;PASER;LONG IKIS;KRAYAN MAKMUR;PERKEBUNAN KELAPA SAWIT;-1.6061;116.246279
6.40106E+15;6.40106E+13;64;1;60;9;1003;0;KALIMANTAN TIMUR;PASER;LONG IKIS;KRAYAN MAKMUR;PERKEBUNAN KELAPA SAWIT;-1.62578;116.242558
6.40106E+15;6.40106E+13;64;1;60;9;1004;0;KALIMANTAN TIMUR;PASER;LONG IKIS;KRAYAN MAKMUR;PERKEBUNAN KELAPA SAWIT;-1.62197;116.251182
6.40106E+15;6.40106E+13;64;1;60;9;1005;0;KALIMANTAN TIMUR;PASER;LONG IKIS;KRAYAN MAKMUR;PERKEBUNAN KELAPA SAWIT;-1.64391;116.242984
6.40106E+15;6.40106E+13;64;1;60;10;1;0;KALIMANTAN TIMUR;PASER;LONG IKIS;KRAYAN SENTOSA;RT 001;-1.60296;116.259061
6.40106E+15;6.40106E+13;64;1;60;10;2;0;KALIMANTAN TIMUR;PASER;LONG IKIS;KRAYAN SENTOSA;RT 002;-1.60308;116.261889
6.40106E+15;6.40106E+13;64;1;60;10;3;0;KALIMANTAN TIMUR;PASER;LONG IKIS;KRAYAN SENTOSA;RT 003;-1.60121;116.261625
6.40106E+15;6.40106E+13;64;1;60;10;4;0;KALIMANTAN TIMUR;PASER;LONG IKIS;KRAYAN SENTOSA;RT 004;-1.60267;116.264172
6.40106E+15;6.40106E+13;64;1;60;10;5;0;KALIMANTAN TIMUR;PASER;LONG IKIS;KRAYAN SENTOSA;RT 005;-1.60238;116.266451
6.40106E+15;6.40106E+13;64;1;60;10;6;0;KALIMANTAN TIMUR;PASER;LONG IKIS;KRAYAN SENTOSA;RT 006;-1.60007;116.265223
6.40106E+15;6.40106E+13;64;1;60;10;7;0;KALIMANTAN TIMUR;PASER;LONG IKIS;KRAYAN SENTOSA;RT 007;-1.59782;116.2661
6.40106E+15;6.40106E+13;64;1;60;10;8;0;KALIMANTAN TIMUR;PASER;LONG IKIS;KRAYAN SENTOSA;RT 008;-1.59592;116.266257
6.40106E+15;6.40106E+13;64;1;60;10;9;0;KALIMANTAN TIMUR;PASER;LONG IKIS;KRAYAN SENTOSA;RT 009;-1.59568;116.264828
6.40106E+15;6.40106E+13;64;1;60;10;10;0;KALIMANTAN TIMUR;PASER;LONG IKIS;KRAYAN SENTOSA;RT 010;-1.59305;116.264697
6.40106E+15;6.40106E+13;64;1;60;10;11;0;KALIMANTAN TIMUR;PASER;LONG IKIS;KRAYAN SENTOSA;RT 011;-1.59494;116.268498
6.40106E+15;6.40106E+13;64;1;60;10;12;0;KALIMANTAN TIMUR;PASER;LONG IKIS;KRAYAN SENTOSA;RT 012;-1.59842;116.267935
6.40106E+15;6.40106E+13;64;1;60;10;1001;0;KALIMANTAN TIMUR;PASER;LONG IKIS;KRAYAN SENTOSA;KEBUN KELAPA SAWIT;-1.60963;116.264189
6.40106E+15;6.40106E+13;64;1;60;10;1002;0;KALIMANTAN TIMUR;PASER;LONG IKIS;KRAYAN SENTOSA;KEBUN KELAPA SAWIT;-1.59485;116.275102
6.40106E+15;6.40106E+13;64;1;60;10;1003;0;KALIMANTAN TIMUR;PASER;LONG IKIS;KRAYAN SENTOSA;KEBUN KELAPA SAWIT;-1.59389;116.258671
6.40106E+15;6.40106E+13;64;1;60;10;1004;0;KALIMANTAN TIMUR;PASER;LONG IKIS;KRAYAN SENTOSA;KEBUN KELAPA SAWIT;-1.60084;116.25778
6.40106E+15;6.40106E+13;64;1;60;11;1;0;KALIMANTAN TIMUR;PASER;LONG IKIS;KRAYAN JAYA;RT 001;-1.57912;116.249879
6.40106E+15;6.40106E+13;64;1;60;11;2;0;KALIMANTAN TIMUR;PASER;LONG IKIS;KRAYAN JAYA;RT 002;-1.58095;116.252682
6.40106E+15;6.40106E+13;64;1;60;11;3;0;KALIMANTAN TIMUR;PASER;LONG IKIS;KRAYAN JAYA;RT 003;-1.58192;116.25472
6.40106E+15;6.40106E+13;64;1;60;11;4;0;KALIMANTAN TIMUR;PASER;LONG IKIS;KRAYAN JAYA;RT 004;-1.58049;116.255962
6.40106E+15;6.40106E+13;64;1;60;11;5;0;KALIMANTAN TIMUR;PASER;LONG IKIS;KRAYAN JAYA;RT 005;-1.5809;116.258523
6.40106E+15;6.40106E+13;64;1;60;11;6;0;KALIMANTAN TIMUR;PASER;LONG IKIS;KRAYAN JAYA;RT 006;-1.58017;116.260745
6.40106E+15;6.40106E+13;64;1;60;11;7;0;KALIMANTAN TIMUR;PASER;LONG IKIS;KRAYAN JAYA;RT 007;-1.57937;116.263382
6.40106E+15;6.40106E+13;64;1;60;11;8;0;KALIMANTAN TIMUR;PASER;LONG IKIS;KRAYAN JAYA;RT 008;-1.57663;116.264753
6.40106E+15;6.40106E+13;64;1;60;11;12;0;KALIMANTAN TIMUR;PASER;LONG IKIS;KRAYAN JAYA;RT 009;-1.57394;116.262899
6.40106E+15;6.40106E+13;64;1;60;11;1001;0;KALIMANTAN TIMUR;PASER;LONG IKIS;KRAYAN JAYA;PERKEBUNAN KELAPA SAWIT;-1.57332;116.24532
6.40106E+15;6.40106E+13;64;1;60;11;1002;0;KALIMANTAN TIMUR;PASER;LONG IKIS;KRAYAN JAYA;PERKEBUNAN KELAPA SAWIT;-1.57814;116.269191
6.40106E+15;6.40106E+13;64;1;60;11;1003;0;KALIMANTAN TIMUR;PASER;LONG IKIS;KRAYAN JAYA;PERKEBUNAN KELAPA SAWIT;-1.58899;116.247295
6.40106E+15;6.40106E+13;64;1;60;12;1;0;KALIMANTAN TIMUR;PASER;LONG IKIS;JEMPARING;RT 001;-1.56132;116.251697
6.40106E+15;6.40106E+13;64;1;60;12;2;0;KALIMANTAN TIMUR;PASER;LONG IKIS;JEMPARING;RT 002;-1.56487;116.261207
6.40106E+15;6.40106E+13;64;1;60;12;3;0;KALIMANTAN TIMUR;PASER;LONG IKIS;JEMPARING;RT 003;-1.54384;116.265148
6.40106E+15;6.40106E+13;64;1;60;12;4;0;KALIMANTAN TIMUR;PASER;LONG IKIS;JEMPARING;RT 004;-1.55357;116.268141
6.40106E+15;6.40106E+13;64;1;60;12;5;0;KALIMANTAN TIMUR;PASER;LONG IKIS;JEMPARING;RT 005;-1.5484;116.274262
6.40106E+15;6.40106E+13;64;1;60;12;6;0;KALIMANTAN TIMUR;PASER;LONG IKIS;JEMPARING;RT 006;-1.56519;116.283194
6.40106E+15;6.40106E+13;64;1;60;12;7;0;KALIMANTAN TIMUR;PASER;LONG IKIS;JEMPARING;RT 007;-1.59656;116.301505
6.40106E+15;6.40106E+13;64;1;60;12;8;0;KALIMANTAN TIMUR;PASER;LONG IKIS;JEMPARING;RT 008;-1.5498;116.259275
6.40106E+15;6.40106E+13;64;1;60;12;9;0;KALIMANTAN TIMUR;PASER;LONG IKIS;JEMPARING;RT 009;-1.56853;116.27418
6.40106E+15;6.40106E+13;64;1;60;12;10;0;KALIMANTAN TIMUR;PASER;LONG IKIS;JEMPARING;RT 010;-1.55929;116.281263
6.40106E+15;6.40106E+13;64;1;60;13;1;0;KALIMANTAN TIMUR;PASER;LONG IKIS;KAYUNGO;RT 001;-1.5707;116.209769
6.40106E+15;6.40106E+13;64;1;60;13;2;0;KALIMANTAN TIMUR;PASER;LONG IKIS;KAYUNGO;RT 002;-1.56736;116.216726
6.40106E+15;6.40106E+13;64;1;60;13;3;0;KALIMANTAN TIMUR;PASER;LONG IKIS;KAYUNGO;RT 003;-1.56616;116.222906
6.40106E+15;6.40106E+13;64;1;60;13;4;0;KALIMANTAN TIMUR;PASER;LONG IKIS;KAYUNGO;RT 004;-1.56252;116.228114
6.40106E+15;6.40106E+13;64;1;60;13;5;0;KALIMANTAN TIMUR;PASER;LONG IKIS;KAYUNGO;RT 005;-1.56116;116.234427
6.40106E+15;6.40106E+13;64;1;60;13;6;0;KALIMANTAN TIMUR;PASER;LONG IKIS;KAYUNGO;RT 006;-1.56073;116.242325
6.40106E+15;6.40106E+13;64;1;60;14;1;0;KALIMANTAN TIMUR;PASER;LONG IKIS;KRAYAN BAHAGIA;RT 001;-1.58636;116.207279
6.40106E+15;6.40106E+13;64;1;60;14;2;0;KALIMANTAN TIMUR;PASER;LONG IKIS;KRAYAN BAHAGIA;RT 002;-1.58328;116.205538
6.40106E+15;6.40106E+13;64;1;60;14;3;0;KALIMANTAN TIMUR;PASER;LONG IKIS;KRAYAN BAHAGIA;RT 003;-1.58382;116.208432
6.40106E+15;6.40106E+13;64;1;60;14;4;0;KALIMANTAN TIMUR;PASER;LONG IKIS;KRAYAN BAHAGIA;RT 004;-1.58832;116.206466
6.40106E+15;6.40106E+13;64;1;60;14;5;0;KALIMANTAN TIMUR;PASER;LONG IKIS;KRAYAN BAHAGIA;RT 005;-1.59029;116.205181
6.40106E+15;6.40106E+13;64;1;60;14;6;0;KALIMANTAN TIMUR;PASER;LONG IKIS;KRAYAN BAHAGIA;RT 006;-1.59078;116.216899
6.40106E+15;6.40106E+13;64;1;60;14;7;0;KALIMANTAN TIMUR;PASER;LONG IKIS;KRAYAN BAHAGIA;RT 007;-1.58979;116.212197
6.40106E+15;6.40106E+13;64;1;60;14;8;0;KALIMANTAN TIMUR;PASER;LONG IKIS;KRAYAN BAHAGIA;RT 008;-1.58778;116.213972
6.40106E+15;6.40106E+13;64;1;60;14;9;0;KALIMANTAN TIMUR;PASER;LONG IKIS;KRAYAN BAHAGIA;RT 009;-1.58539;116.212558
6.40106E+15;6.40106E+13;64;1;60;14;10;0;KALIMANTAN TIMUR;PASER;LONG IKIS;KRAYAN BAHAGIA;RT 010;-1.58621;116.217813
6.40106E+15;6.40106E+13;64;1;60;14;1001;0;KALIMANTAN TIMUR;PASER;LONG IKIS;KRAYAN BAHAGIA;KEBUN KELAPA SAWIT;-1.58865;116.223271
6.40106E+15;6.40106E+13;64;1;60;15;1;0;KALIMANTAN TIMUR;PASER;LONG IKIS;LONG IKIS;RT 001;-1.57978;116.206647
6.40106E+15;6.40106E+13;64;1;60;15;2;0;KALIMANTAN TIMUR;PASER;LONG IKIS;LONG IKIS;RT 002;-1.58566;116.193572
6.40106E+15;6.40106E+13;64;1;60;15;3;0;KALIMANTAN TIMUR;PASER;LONG IKIS;LONG IKIS;RT 003;-1.58571;116.201637
6.40106E+15;6.40106E+13;64;1;60;15;4;0;KALIMANTAN TIMUR;PASER;LONG IKIS;LONG IKIS;RT 004;-1.59129;116.193885
6.40106E+15;6.40106E+13;64;1;60;15;5;0;KALIMANTAN TIMUR;PASER;LONG IKIS;LONG IKIS;RT 005;-1.59656;116.192338
6.40106E+15;6.40106E+13;64;1;60;15;6;0;KALIMANTAN TIMUR;PASER;LONG IKIS;LONG IKIS;RT 006;-1.57723;116.194951
6.40106E+15;6.40106E+13;64;1;60;16;1;0;KALIMANTAN TIMUR;PASER;LONG IKIS;OLUNG;RT 001;-1.56337;116.19448
6.40106E+15;6.40106E+13;64;1;60;16;2;0;KALIMANTAN TIMUR;PASER;LONG IKIS;OLUNG;RT 002;-1.56482;116.192615
6.40106E+15;6.40106E+13;64;1;60;16;3;0;KALIMANTAN TIMUR;PASER;LONG IKIS;OLUNG;RT 003;-1.56634;116.194943
6.40106E+15;6.40106E+13;64;1;60;16;4;0;KALIMANTAN TIMUR;PASER;LONG IKIS;OLUNG;RT 004;-1.56753;116.19327
6.40106E+15;6.40106E+13;64;1;60;16;5;0;KALIMANTAN TIMUR;PASER;LONG IKIS;OLUNG;RT 005;-1.56665;116.190714
6.40106E+15;6.40106E+13;64;1;60;16;6;0;KALIMANTAN TIMUR;PASER;LONG IKIS;OLUNG;RT 006;-1.56874;116.189028
6.40106E+15;6.40106E+13;64;1;60;16;7;0;KALIMANTAN TIMUR;PASER;LONG IKIS;OLUNG;RT 007;-1.56975;116.1914
6.40106E+15;6.40106E+13;64;1;60;16;8;0;KALIMANTAN TIMUR;PASER;LONG IKIS;OLUNG;RT 008;-1.566;116.19695
6.40106E+15;6.40106E+13;64;1;60;16;9;0;KALIMANTAN TIMUR;PASER;LONG IKIS;OLUNG;RT 009/010;-1.566;116.198824
6.40106E+15;6.40106E+13;64;1;60;16;10;0;KALIMANTAN TIMUR;PASER;LONG IKIS;OLUNG;RT 011;-1.56886;116.197545
6.40106E+15;6.40106E+13;64;1;60;16;11;0;KALIMANTAN TIMUR;PASER;LONG IKIS;OLUNG;RT 012;-1.56312;116.198101
6.40106E+15;6.40106E+13;64;1;60;16;12;0;KALIMANTAN TIMUR;PASER;LONG IKIS;OLUNG;RT 013;-1.56556;116.200498
6.40106E+15;6.40106E+13;64;1;60;16;13;0;KALIMANTAN TIMUR;PASER;LONG IKIS;OLUNG;RT 014;-1.56307;116.201427
6.40106E+15;6.40106E+13;64;1;60;16;14;0;KALIMANTAN TIMUR;PASER;LONG IKIS;OLUNG;RT 016;-1.57067;116.200338
6.40106E+15;6.40106E+13;64;1;60;16;15;0;KALIMANTAN TIMUR;PASER;LONG IKIS;OLUNG;RT 015;-1.56449;116.203342
6.40106E+15;6.40106E+13;64;1;60;16;1001;0;KALIMANTAN TIMUR;PASER;LONG IKIS;OLUNG;KEBUN KELAPA SAWIT;-1.56847;116.178861
6.40106E+15;6.40106E+13;64;1;60;16;1002;0;KALIMANTAN TIMUR;PASER;LONG IKIS;OLUNG;KEBUN KELAPA SAWIT;-1.55614;116.182745
6.40106E+15;6.40106E+13;64;1;60;16;1003;0;KALIMANTAN TIMUR;PASER;LONG IKIS;OLUNG;KEBUN KELAPA SAWIT;-1.56978;116.187973
6.40106E+15;6.40106E+13;64;1;60;16;1004;0;KALIMANTAN TIMUR;PASER;LONG IKIS;OLUNG;KEBUN KELAPA SAWIT;-1.5536;116.199344
6.40106E+15;6.40106E+13;64;1;60;16;1005;0;KALIMANTAN TIMUR;PASER;LONG IKIS;OLUNG;KEBUN KELAPA SAWIT;-1.56333;116.209143
6.40106E+15;6.40106E+13;64;1;60;16;1006;0;KALIMANTAN TIMUR;PASER;LONG IKIS;OLUNG;KEBUN KELAPA SAWIT;-1.56903;116.203536
6.40106E+15;6.40106E+13;64;1;60;16;1007;0;KALIMANTAN TIMUR;PASER;LONG IKIS;OLUNG;KEBUN KELAPA SAWIT;-1.5599;116.216376
6.40106E+15;6.40106E+13;64;1;60;17;1;0;KALIMANTAN TIMUR;PASER;LONG IKIS;KAYUNGO SARI;RT 001;-1.5368;116.195458
6.40106E+15;6.40106E+13;64;1;60;17;2;0;KALIMANTAN TIMUR;PASER;LONG IKIS;KAYUNGO SARI;RT 002;-1.53489;116.194804
6.40106E+15;6.40106E+13;64;1;60;17;3;0;KALIMANTAN TIMUR;PASER;LONG IKIS;KAYUNGO SARI;RT 003;-1.53732;116.198525
6.40106E+15;6.40106E+13;64;1;60;17;4;0;KALIMANTAN TIMUR;PASER;LONG IKIS;KAYUNGO SARI;RT 004;-1.53381;116.195936
6.40106E+15;6.40106E+13;64;1;60;17;5;0;KALIMANTAN TIMUR;PASER;LONG IKIS;KAYUNGO SARI;RT 005;-1.53551;116.199333
6.40106E+15;6.40106E+13;64;1;60;17;6;0;KALIMANTAN TIMUR;PASER;LONG IKIS;KAYUNGO SARI;RT 006;-1.53269;116.197056
6.40106E+15;6.40106E+13;64;1;60;17;7;0;KALIMANTAN TIMUR;PASER;LONG IKIS;KAYUNGO SARI;RT 007;-1.53379;116.201605
6.40106E+15;6.40106E+13;64;1;60;17;8;0;KALIMANTAN TIMUR;PASER;LONG IKIS;KAYUNGO SARI;RT 008;-1.53185;116.199263
6.40106E+15;6.40106E+13;64;1;60;17;9;0;KALIMANTAN TIMUR;PASER;LONG IKIS;KAYUNGO SARI;RT 009;-1.53029;116.197815
6.40106E+15;6.40106E+13;64;1;60;17;10;0;KALIMANTAN TIMUR;PASER;LONG IKIS;KAYUNGO SARI;RT 010;-1.5313;116.20242
6.40106E+15;6.40106E+13;64;1;60;17;11;0;KALIMANTAN TIMUR;PASER;LONG IKIS;KAYUNGO SARI;RT 011;-1.52815;116.197722
6.40106E+15;6.40106E+13;64;1;60;17;12;0;KALIMANTAN TIMUR;PASER;LONG IKIS;KAYUNGO SARI;RT 012;-1.52905;116.200937
6.40106E+15;6.40106E+13;64;1;60;17;1001;0;KALIMANTAN TIMUR;PASER;LONG IKIS;KAYUNGO SARI;KEBUN KELAPA SAWIT;-1.53737;116.182971
6.40106E+15;6.40106E+13;64;1;60;17;1002;0;KALIMANTAN TIMUR;PASER;LONG IKIS;KAYUNGO SARI;KEBUN KELAPA SAWIT;-1.54109;116.196122
6.40106E+15;6.40106E+13;64;1;60;17;1003;0;KALIMANTAN TIMUR;PASER;LONG IKIS;KAYUNGO SARI;KEBUN KELAPA SAWIT;-1.52192;116.185179
6.40106E+15;6.40106E+13;64;1;60;17;1004;0;KALIMANTAN TIMUR;PASER;LONG IKIS;KAYUNGO SARI;KEBUN KELAPA SAWIT;-1.52464;116.204903
6.40106E+15;6.40106E+13;64;1;60;17;1005;0;KALIMANTAN TIMUR;PASER;LONG IKIS;KAYUNGO SARI;KEBUN KELAPA SAWIT;-1.54041;116.208809
6.40106E+15;6.40106E+13;64;1;60;18;1;0;KALIMANTAN TIMUR;PASER;LONG IKIS;KERTA BHAKTI;RT 001 DUSUN SUMBER MAWAR;-1.54044;116.161469
6.40106E+15;6.40106E+13;64;1;60;18;2;0;KALIMANTAN TIMUR;PASER;LONG IKIS;KERTA BHAKTI;RT 002 DUSUN SUMBER MAWAR;-1.54385;116.159527
6.40106E+15;6.40106E+13;64;1;60;18;3;0;KALIMANTAN TIMUR;PASER;LONG IKIS;KERTA BHAKTI;RT 003 DUSUN SUMBER MAWAR;-1.5434;116.162719
6.40106E+15;6.40106E+13;64;1;60;18;4;0;KALIMANTAN TIMUR;PASER;LONG IKIS;KERTA BHAKTI;RT 004 DUSUN SUMBER MAWAR;-1.53987;116.163149
6.40106E+15;6.40106E+13;64;1;60;18;5;0;KALIMANTAN TIMUR;PASER;LONG IKIS;KERTA BHAKTI;RT 005 DUSUN SUMBER MAWAR;-1.53961;116.16467
6.40106E+15;6.40106E+13;64;1;60;18;6;0;KALIMANTAN TIMUR;PASER;LONG IKIS;KERTA BHAKTI;RT 006 DUSUN SUMBER MAWAR;-1.54355;116.164552
6.40106E+15;6.40106E+13;64;1;60;18;7;0;KALIMANTAN TIMUR;PASER;LONG IKIS;KERTA BHAKTI;RT 008 DUSUN SUMBER MAWAR;-1.54111;116.159944
6.40106E+15;6.40106E+13;64;1;60;18;8;0;KALIMANTAN TIMUR;PASER;LONG IKIS;KERTA BHAKTI;RT 007 DUSUN SUMBER REZEKI;-1.54604;116.159729
6.40106E+15;6.40106E+13;64;1;60;18;9;0;KALIMANTAN TIMUR;PASER;LONG IKIS;KERTA BHAKTI;RT 009 DUSUN SUMBER REZEKI;-1.54592;116.155945
6.40106E+15;6.40106E+13;64;1;60;18;10;0;KALIMANTAN TIMUR;PASER;LONG IKIS;KERTA BHAKTI;RT 010 DUSUN SUMBER REZEKI;-1.54366;116.155935
6.40106E+15;6.40106E+13;64;1;60;18;11;0;KALIMANTAN TIMUR;PASER;LONG IKIS;KERTA BHAKTI;RT 011 DUSUN SUMBER REZEKI;-1.54284;116.152215
6.40106E+15;6.40106E+13;64;1;60;18;12;0;KALIMANTAN TIMUR;PASER;LONG IKIS;KERTA BHAKTI;RT 012 DUSUN SUMBER REZEKI;-1.54136;116.154165
6.40106E+15;6.40106E+13;64;1;60;18;13;0;KALIMANTAN TIMUR;PASER;LONG IKIS;KERTA BHAKTI;RT 013 DUSUN SUMBER REZEKI;-1.54365;116.153795
6.40106E+15;6.40106E+13;64;1;60;18;14;0;KALIMANTAN TIMUR;PASER;LONG IKIS;KERTA BHAKTI;RT 014 DUSUN SUMBER REZEKI;-1.54198;116.157491
6.40106E+15;6.40106E+13;64;1;60;18;1001;0;KALIMANTAN TIMUR;PASER;LONG IKIS;KERTA BHAKTI;KEBUN KELAPA SAWIT;-1.56101;116.152636
6.40106E+15;6.40106E+13;64;1;60;18;1002;0;KALIMANTAN TIMUR;PASER;LONG IKIS;KERTA BHAKTI;KEBUN KELAPA SAWIT;-1.55147;116.157834
6.40106E+15;6.40106E+13;64;1;60;18;1003;0;KALIMANTAN TIMUR;PASER;LONG IKIS;KERTA BHAKTI;KEBUN KELAPA SAWIT;-1.54663;116.164544
6.40106E+15;6.40106E+13;64;1;60;19;1;0;KALIMANTAN TIMUR;PASER;LONG IKIS;SEKUROU JAYA;RT 001;-1.56136;116.146503
6.40106E+15;6.40106E+13;64;1;60;19;2;0;KALIMANTAN TIMUR;PASER;LONG IKIS;SEKUROU JAYA;RT 002;-1.55941;116.144094
6.40106E+15;6.40106E+13;64;1;60;19;3;0;KALIMANTAN TIMUR;PASER;LONG IKIS;SEKUROU JAYA;RT 003;-1.55921;116.141715
6.40106E+15;6.40106E+13;64;1;60;19;4;0;KALIMANTAN TIMUR;PASER;LONG IKIS;SEKUROU JAYA;RT 004;-1.56103;116.142612
6.40106E+15;6.40106E+13;64;1;60;19;5;0;KALIMANTAN TIMUR;PASER;LONG IKIS;SEKUROU JAYA;RT 005;-1.56324;116.142907
6.40106E+15;6.40106E+13;64;1;60;19;6;0;KALIMANTAN TIMUR;PASER;LONG IKIS;SEKUROU JAYA;RT 006;-1.56278;116.140255
6.40106E+15;6.40106E+13;64;1;60;19;7;0;KALIMANTAN TIMUR;PASER;LONG IKIS;SEKUROU JAYA;RT 007;-1.56165;116.138429
6.40106E+15;6.40106E+13;64;1;60;19;8;0;KALIMANTAN TIMUR;PASER;LONG IKIS;SEKUROU JAYA;RT 008;-1.56187;116.135513
6.40106E+15;6.40106E+13;64;1;60;19;1001;0;KALIMANTAN TIMUR;PASER;LONG IKIS;SEKUROU JAYA;KEBUN KELAPA SAWIT;-1.55686;116.130336
6.40106E+15;6.40106E+13;64;1;60;19;1002;0;KALIMANTAN TIMUR;PASER;LONG IKIS;SEKUROU JAYA;KEBUN KELAPA SAWIT;-1.56464;116.13755
6.40106E+15;6.40106E+13;64;1;60;19;1003;0;KALIMANTAN TIMUR;PASER;LONG IKIS;SEKUROU JAYA;KEBUN KELAPA SAWIT;-1.57;116.138604
6.40106E+15;6.40106E+13;64;1;60;19;1004;0;KALIMANTAN TIMUR;PASER;LONG IKIS;SEKUROU JAYA;KEBUN KELAPA SAWIT;-1.56492;116.143359
6.40106E+15;6.40106E+13;64;1;60;19;1005;0;KALIMANTAN TIMUR;PASER;LONG IKIS;SEKUROU JAYA;KEBUN KELAPA SAWIT;-1.57223;116.154475
6.40106E+15;6.40106E+13;64;1;60;19;1006;0;KALIMANTAN TIMUR;PASER;LONG IKIS;SEKUROU JAYA;KEBUN KELAPA SAWIT;-1.55372;116.1419
6.40106E+15;6.40106E+13;64;1;60;19;1007;0;KALIMANTAN TIMUR;PASER;LONG IKIS;SEKUROU JAYA;KEBUN KELAPA SAWIT;-1.55317;116.132625
6.40106E+15;6.40106E+13;64;1;60;19;1008;0;KALIMANTAN TIMUR;PASER;LONG IKIS;SEKUROU JAYA;KEBUN KELAPA SAWIT;-1.56665;116.148177
6.40106E+15;6.40106E+13;64;1;60;19;1009;0;KALIMANTAN TIMUR;PASER;LONG IKIS;SEKUROU JAYA;KEBUN KELAPA SAWIT;-1.55572;116.148356
6.40106E+15;6.40106E+13;64;1;60;19;1010;0;KALIMANTAN TIMUR;PASER;LONG IKIS;SEKUROU JAYA;KEBUN KELAPA SAWIT;-1.55397;116.150395
6.40106E+15;6.40106E+13;64;1;60;20;1;0;KALIMANTAN TIMUR;PASER;LONG IKIS;LONG GELANG;RT 001;-1.5407;116.138592
6.40106E+15;6.40106E+13;64;1;60;20;2;0;KALIMANTAN TIMUR;PASER;LONG IKIS;LONG GELANG;RT 002;-1.52708;116.147173
6.40106E+15;6.40106E+13;64;1;60;20;3;0;KALIMANTAN TIMUR;PASER;LONG IKIS;LONG GELANG;RT 003;-1.51626;116.155379
6.40106E+15;6.40106E+13;64;1;60;20;2001;0;KALIMANTAN TIMUR;PASER;LONG IKIS;LONG GELANG;HUTAN;-1.52457;116.100435
6.40106E+15;6.40106E+13;64;1;60;21;1;0;KALIMANTAN TIMUR;PASER;LONG IKIS;TIWEI;RT 001;-1.49933;116.168906
6.40106E+15;6.40106E+13;64;1;60;21;2;0;KALIMANTAN TIMUR;PASER;LONG IKIS;TIWEI;RT 002;-1.48178;116.170742
6.40106E+15;6.40106E+13;64;1;60;21;3;0;KALIMANTAN TIMUR;PASER;LONG IKIS;TIWEI;RT 003;-1.48487;116.137899
6.40106E+15;6.40106E+13;64;1;60;21;4;0;KALIMANTAN TIMUR;PASER;LONG IKIS;TIWEI;RT 004;-1.48659;116.133129
6.40106E+15;6.40106E+13;64;1;60;21;5;0;KALIMANTAN TIMUR;PASER;LONG IKIS;TIWEI;RT 005;-1.46758;116.156799
6.40106E+15;6.40106E+13;64;1;60;21;2001;0;KALIMANTAN TIMUR;PASER;LONG IKIS;TIWEI;HUTAN;-1.46246;116.117706
6.40106E+15;6.40106E+13;64;1;60;22;1;0;KALIMANTAN TIMUR;PASER;LONG IKIS;BELIMBING;RT 001;-1.4017;116.178255
6.40106E+15;6.40106E+13;64;1;60;22;2;0;KALIMANTAN TIMUR;PASER;LONG IKIS;BELIMBING;RT 002;-1.43427;116.163693
6.40106E+15;6.40106E+13;64;1;60;22;3;0;KALIMANTAN TIMUR;PASER;LONG IKIS;BELIMBING;RT 003;-1.42116;116.173664
6.40106E+15;6.40106E+13;64;1;60;22;4;0;KALIMANTAN TIMUR;PASER;LONG IKIS;BELIMBING;RT 004;-1.42365;116.180596
6.40106E+15;6.40106E+13;64;1;60;22;1001;0;KALIMANTAN TIMUR;PASER;LONG IKIS;BELIMBING;KEBUN SAWIT;-1.4301;116.135976
6.40106E+15;6.40106E+13;64;1;60;22;1002;0;KALIMANTAN TIMUR;PASER;LONG IKIS;BELIMBING;KEBUN SAWIT;-1.43879;116.192617
6.40106E+15;6.40106E+13;64;1;60;23;1;0;KALIMANTAN TIMUR;PASER;LONG IKIS;ADANG JAYA;RT 001;-1.64559;116.343981
6.40106E+15;6.40106E+13;64;1;60;23;2;0;KALIMANTAN TIMUR;PASER;LONG IKIS;ADANG JAYA;RT 002;-1.6407;116.347389
6.40106E+15;6.40106E+13;64;1;60;23;3;0;KALIMANTAN TIMUR;PASER;LONG IKIS;ADANG JAYA;RT 003;-1.64046;116.339868
6.40106E+15;6.40106E+13;64;1;60;23;4;0;KALIMANTAN TIMUR;PASER;LONG IKIS;ADANG JAYA;RT 004;-1.63847;116.340028
6.40106E+15;6.40106E+13;64;1;60;23;5;0;KALIMANTAN TIMUR;PASER;LONG IKIS;ADANG JAYA;RT 005;-1.63657;116.339949
6.40106E+15;6.40106E+13;64;1;60;23;6;0;KALIMANTAN TIMUR;PASER;LONG IKIS;ADANG JAYA;RT 006;-1.63463;116.340173
6.40106E+15;6.40106E+13;64;1;60;23;7;0;KALIMANTAN TIMUR;PASER;LONG IKIS;ADANG JAYA;RT 007;-1.63082;116.347702
6.40106E+15;6.40106E+13;64;1;60;23;8;0;KALIMANTAN TIMUR;PASER;LONG IKIS;ADANG JAYA;RT 008;-1.64483;116.325557
6.40106E+15;6.40106E+13;64;1;60;23;9;0;KALIMANTAN TIMUR;PASER;LONG IKIS;ADANG JAYA;RT 009;-1.64215;116.325885
6.40106E+15;6.40106E+13;64;1;60;23;10;0;KALIMANTAN TIMUR;PASER;LONG IKIS;ADANG JAYA;RT 010;-1.64014;116.326469
6.40106E+15;6.40106E+13;64;1;60;23;11;0;KALIMANTAN TIMUR;PASER;LONG IKIS;ADANG JAYA;RT 011;-1.63593;116.328065
6.40106E+15;6.40106E+13;64;1;60;23;2001;0;KALIMANTAN TIMUR;PASER;LONG IKIS;ADANG JAYA;HUTAN;-1.61309;116.338027
6.40106E+15;6.40106E+13;64;1;60;24;1;0;KALIMANTAN TIMUR;PASER;LONG IKIS;TAJER MULYA;RT 001;-1.55335;116.24395
6.40106E+15;6.40106E+13;64;1;60;24;2;0;KALIMANTAN TIMUR;PASER;LONG IKIS;TAJER MULYA;RT 002;-1.55372;116.246156
6.40106E+15;6.40106E+13;64;1;60;24;3;0;KALIMANTAN TIMUR;PASER;LONG IKIS;TAJER MULYA;RT 003;-1.55384;116.250483
6.40106E+15;6.40106E+13;64;1;60;24;4;0;KALIMANTAN TIMUR;PASER;LONG IKIS;TAJER MULYA;RT 004;-1.55162;116.249546
6.40106E+15;6.40106E+13;64;1;60;24;5;0;KALIMANTAN TIMUR;PASER;LONG IKIS;TAJER MULYA;RT 005;-1.5491;116.245794
6.40106E+15;6.40106E+13;64;1;60;24;6;0;KALIMANTAN TIMUR;PASER;LONG IKIS;TAJER MULYA;RT 006;-1.55032;116.252775
6.40106E+15;6.40106E+13;64;1;60;24;7;0;KALIMANTAN TIMUR;PASER;LONG IKIS;TAJER MULYA;RT 007;-1.54837;116.248463
6.40106E+15;6.40106E+13;64;1;60;24;8;0;KALIMANTAN TIMUR;PASER;LONG IKIS;TAJER MULYA;RT 008;-1.54697;116.253411
6.40106E+15;6.40106E+13;64;1;60;24;9;0;KALIMANTAN TIMUR;PASER;LONG IKIS;TAJER MULYA;RT 009;-1.54689;116.249087
6.40106E+15;6.40106E+13;64;1;60;24;10;0;KALIMANTAN TIMUR;PASER;LONG IKIS;TAJER MULYA;RT 010;-1.54459;116.252925
6.40106E+15;6.40106E+13;64;1;60;24;11;0;KALIMANTAN TIMUR;PASER;LONG IKIS;TAJER MULYA;RT 011;-1.54397;116.250281
6.40106E+15;6.40106E+13;64;1;60;24;12;0;KALIMANTAN TIMUR;PASER;LONG IKIS;TAJER MULYA;RT 012;-1.54387;116.247422
6.40106E+15;6.40106E+13;64;1;60;24;13;0;KALIMANTAN TIMUR;PASER;LONG IKIS;TAJER MULYA;RT 013;-1.54496;116.244773
6.40106E+15;6.40106E+13;64;1;60;24;14;0;KALIMANTAN TIMUR;PASER;LONG IKIS;TAJER MULYA;RT 014;-1.54678;116.246243
6.40106E+15;6.40106E+13;64;1;60;24;15;0;KALIMANTAN TIMUR;PASER;LONG IKIS;TAJER MULYA;RT 015;-1.54604;116.242955
6.40106E+15;6.40106E+13;64;1;60;24;16;0;KALIMANTAN TIMUR;PASER;LONG IKIS;TAJER MULYA;RT 016;-1.54248;116.243644
6.40106E+15;6.40106E+13;64;1;60;24;17;0;KALIMANTAN TIMUR;PASER;LONG IKIS;TAJER MULYA;RT 017;-1.54887;116.242448
6.40106E+15;6.40106E+13;64;1;60;24;18;0;KALIMANTAN TIMUR;PASER;LONG IKIS;TAJER MULYA;RT 018;-1.54945;116.246155
6.40106E+15;6.40106E+13;64;1;60;24;1001;0;KALIMANTAN TIMUR;PASER;LONG IKIS;TAJER MULYA;KEBUN KELAPA SAWIT;-1.54903;116.22623
6.40106E+15;6.40106E+13;64;1;60;24;1002;0;KALIMANTAN TIMUR;PASER;LONG IKIS;TAJER MULYA;KEBUN KELAPA SAWIT;-1.53608;116.223228
6.40106E+15;6.40106E+13;64;1;60;24;1003;0;KALIMANTAN TIMUR;PASER;LONG IKIS;TAJER MULYA;KEBUN KELAPA SAWIT;-1.53907;116.249069
6.40106E+15;6.40106E+13;64;1;60;24;1004;0;KALIMANTAN TIMUR;PASER;LONG IKIS;TAJER MULYA;KEBUN KELAPA SAWIT;-1.53768;116.235783
6.40106E+15;6.40106E+13;64;1;60;25;1;0;KALIMANTAN TIMUR;PASER;LONG IKIS;BREWE;RT 001;-1.57008;116.128713
6.40106E+15;6.40106E+13;64;1;60;25;2;0;KALIMANTAN TIMUR;PASER;LONG IKIS;BREWE;RT 002;-1.56326;116.12215
6.40106E+15;6.40106E+13;64;1;60;25;3;0;KALIMANTAN TIMUR;PASER;LONG IKIS;BREWE;RT 003;-1.56282;116.123415
6.40106E+15;6.40106E+13;64;1;60;25;1001;0;KALIMANTAN TIMUR;PASER;LONG IKIS;BREWE;KEBUN SAWIT;-1.56359;116.122449
6.40106E+15;6.40106E+13;64;1;60;26;1;0;KALIMANTAN TIMUR;PASER;LONG IKIS;ATANG PAIT;RT 001;-1.59569;116.187686
6.40106E+15;6.40106E+13;64;1;60;26;2;0;KALIMANTAN TIMUR;PASER;LONG IKIS;ATANG PAIT;RT 002;-1.60153;116.186906
6.40106E+15;6.40106E+13;64;1;60;26;3;0;KALIMANTAN TIMUR;PASER;LONG IKIS;ATANG PAIT;RT 003;-1.60852;116.18853
6.40106E+15;6.40106E+13;64;1;60;26;4;0;KALIMANTAN TIMUR;PASER;LONG IKIS;ATANG PAIT;RT 004;-1.59678;116.183986
6.40106E+15;6.40106E+13;64;1;60;26;5;0;KALIMANTAN TIMUR;PASER;LONG IKIS;ATANG PAIT;RT 005;-1.6033;116.180098
6.40106E+15;6.40106E+13;64;1;60;26;6;0;KALIMANTAN TIMUR;PASER;LONG IKIS;ATANG PAIT;RT 006;-1.59612;116.179112
6.40106E+15;6.40106E+13;64;1;60;26;7;0;KALIMANTAN TIMUR;PASER;LONG IKIS;ATANG PAIT;RT 007;-1.60204;116.183555
6.40107E+15;6.40107E+13;64;1;70;1;1;0;KALIMANTAN TIMUR;PASER;MUARA KOMAM;MUARA LANGON;RT 001;-1.66262;115.76382
6.40107E+15;6.40107E+13;64;1;70;1;2;0;KALIMANTAN TIMUR;PASER;MUARA KOMAM;MUARA LANGON;RT 002;-1.65449;115.752758
6.40107E+15;6.40107E+13;64;1;70;1;3;0;KALIMANTAN TIMUR;PASER;MUARA KOMAM;MUARA LANGON;RT 003;-1.6715;115.744223
6.40107E+15;6.40107E+13;64;1;70;1;4;0;KALIMANTAN TIMUR;PASER;MUARA KOMAM;MUARA LANGON;RT 004;-1.65718;115.743661
6.40107E+15;6.40107E+13;64;1;70;1;5;0;KALIMANTAN TIMUR;PASER;MUARA KOMAM;MUARA LANGON;RT 005;-1.66841;115.738279
6.40107E+15;6.40107E+13;64;1;70;1;6;0;KALIMANTAN TIMUR;PASER;MUARA KOMAM;MUARA LANGON;RT 006;-1.67712;115.731223
6.40107E+15;6.40107E+13;64;1;70;1;7;0;KALIMANTAN TIMUR;PASER;MUARA KOMAM;MUARA LANGON;RT 007;-1.67712;115.715128
6.40107E+15;6.40107E+13;64;1;70;1;8;0;KALIMANTAN TIMUR;PASER;MUARA KOMAM;MUARA LANGON;RT 008;-1.68676;115.707055
6.40107E+15;6.40107E+13;64;1;70;1;9;0;KALIMANTAN TIMUR;PASER;MUARA KOMAM;MUARA LANGON;RT 009;-1.70001;115.707603
6.40107E+15;6.40107E+13;64;1;70;1;10;0;KALIMANTAN TIMUR;PASER;MUARA KOMAM;MUARA LANGON;RT 010;-1.72653;115.701083
6.40107E+15;6.40107E+13;64;1;70;1;11;0;KALIMANTAN TIMUR;PASER;MUARA KOMAM;MUARA LANGON;RT 011;-1.67337;115.747639
6.40107E+15;6.40107E+13;64;1;70;1;12;0;KALIMANTAN TIMUR;PASER;MUARA KOMAM;MUARA LANGON;RT 012;-1.67378;115.754215
6.40107E+15;6.40107E+13;64;1;70;1;13;0;KALIMANTAN TIMUR;PASER;MUARA KOMAM;MUARA LANGON;RT 013;-1.70482;115.69967
6.40107E+15;6.40107E+13;64;1;70;2;1;0;KALIMANTAN TIMUR;PASER;MUARA KOMAM;MUARA KOMAM;RT 001;-1.68934;115.81577
6.40107E+15;6.40107E+13;64;1;70;2;2;0;KALIMANTAN TIMUR;PASER;MUARA KOMAM;MUARA KOMAM;RT 002;-1.68726;115.822826
6.40107E+15;6.40107E+13;64;1;70;2;3;0;KALIMANTAN TIMUR;PASER;MUARA KOMAM;MUARA KOMAM;RT 003;-1.68494;115.81471
6.40107E+15;6.40107E+13;64;1;70;2;4;0;KALIMANTAN TIMUR;PASER;MUARA KOMAM;MUARA KOMAM;RT 004;-1.68209;115.815409
6.40107E+15;6.40107E+13;64;1;70;2;5;0;KALIMANTAN TIMUR;PASER;MUARA KOMAM;MUARA KOMAM;RT 005;-1.67884;115.815319
6.40107E+15;6.40107E+13;64;1;70;2;6;0;KALIMANTAN TIMUR;PASER;MUARA KOMAM;MUARA KOMAM;RT 006;-1.72074;115.798474
6.40107E+15;6.40107E+13;64;1;70;2;7;0;KALIMANTAN TIMUR;PASER;MUARA KOMAM;MUARA KOMAM;RT 007;-1.71162;115.792448
6.40107E+15;6.40107E+13;64;1;70;2;8;0;KALIMANTAN TIMUR;PASER;MUARA KOMAM;MUARA KOMAM;RT 008;-1.75156;115.742947
6.40107E+15;6.40107E+13;64;1;70;2;9;0;KALIMANTAN TIMUR;PASER;MUARA KOMAM;MUARA KOMAM;RT 009;-1.68322;115.829142
6.40107E+15;6.40107E+13;64;1;70;2;10;0;KALIMANTAN TIMUR;PASER;MUARA KOMAM;MUARA KOMAM;RT 010;-1.67986;115.822306
6.40107E+15;6.40107E+13;64;1;70;2;11;0;KALIMANTAN TIMUR;PASER;MUARA KOMAM;MUARA KOMAM;RT 011;-1.67824;115.818138
6.40107E+15;6.40107E+13;64;1;70;2;12;0;KALIMANTAN TIMUR;PASER;MUARA KOMAM;MUARA KOMAM;RT 012;-1.67483;115.816953
6.40107E+15;6.40107E+13;64;1;70;2;13;0;KALIMANTAN TIMUR;PASER;MUARA KOMAM;MUARA KOMAM;RT 013;-1.66997;115.804273
6.40107E+15;6.40107E+13;64;1;70;2;14;0;KALIMANTAN TIMUR;PASER;MUARA KOMAM;MUARA KOMAM;RT 014;-1.65765;115.80757
6.40107E+15;6.40107E+13;64;1;70;2;15;0;KALIMANTAN TIMUR;PASER;MUARA KOMAM;MUARA KOMAM;RT 015;-1.72387;115.792566
6.40107E+15;6.40107E+13;64;1;70;3;1;0;KALIMANTAN TIMUR;PASER;MUARA KOMAM;BATU BUTOK;RT 001;-1.69723;115.837767
6.40107E+15;6.40107E+13;64;1;70;3;2;0;KALIMANTAN TIMUR;PASER;MUARA KOMAM;BATU BUTOK;RT 002;-1.70079;115.843367
6.40107E+15;6.40107E+13;64;1;70;3;3;0;KALIMANTAN TIMUR;PASER;MUARA KOMAM;BATU BUTOK;RT 003;-1.69703;115.819315
6.40107E+15;6.40107E+13;64;1;70;3;4;0;KALIMANTAN TIMUR;PASER;MUARA KOMAM;BATU BUTOK;RT 004;-1.69911;115.821828
6.40107E+15;6.40107E+13;64;1;70;3;5;0;KALIMANTAN TIMUR;PASER;MUARA KOMAM;BATU BUTOK;RT 005;-1.71819;115.841164
6.40107E+15;6.40107E+13;64;1;70;3;6;0;KALIMANTAN TIMUR;PASER;MUARA KOMAM;BATU BUTOK;RT 006;-1.69087;115.82753
6.40107E+15;6.40107E+13;64;1;70;3;7;0;KALIMANTAN TIMUR;PASER;MUARA KOMAM;BATU BUTOK;RT 007;-1.69962;115.812789
6.40107E+15;6.40107E+13;64;1;70;4;1;0;KALIMANTAN TIMUR;PASER;MUARA KOMAM;UKO;RT 001;-1.67554;115.821068
6.40107E+15;6.40107E+13;64;1;70;4;2;0;KALIMANTAN TIMUR;PASER;MUARA KOMAM;UKO;RT 002;-1.66504;115.864351
6.40107E+15;6.40107E+13;64;1;70;5;1;0;KALIMANTAN TIMUR;PASER;MUARA KOMAM;MUARA KUARO;RT 001;-1.62049;115.822375
6.40107E+15;6.40107E+13;64;1;70;5;2;0;KALIMANTAN TIMUR;PASER;MUARA KOMAM;MUARA KUARO;RT 002;-1.61807;115.814111
6.40107E+15;6.40107E+13;64;1;70;5;3;0;KALIMANTAN TIMUR;PASER;MUARA KOMAM;MUARA KUARO;RT 003;-1.62283;115.807816
6.40107E+15;6.40107E+13;64;1;70;5;4;0;KALIMANTAN TIMUR;PASER;MUARA KOMAM;MUARA KUARO;RT 004;-1.63059;115.805717
6.40107E+15;6.40107E+13;64;1;70;5;5;0;KALIMANTAN TIMUR;PASER;MUARA KOMAM;MUARA KUARO;RT 005;-1.6425;115.802105
6.40107E+15;6.40107E+13;64;1;70;5;2001;0;KALIMANTAN TIMUR;PASER;MUARA KOMAM;MUARA KUARO;HUTAN SEMAK BELUKAR;-1.6246;115.86083
6.40107E+15;6.40107E+13;64;1;70;5;2002;0;KALIMANTAN TIMUR;PASER;MUARA KOMAM;MUARA KUARO;HUTAN SEMAK BELUKAR;-1.61949;115.807712
6.40107E+15;6.40107E+13;64;1;70;5;2003;0;KALIMANTAN TIMUR;PASER;MUARA KOMAM;MUARA KUARO;HUTAN SEMAK BELUKAR;-1.64206;115.796163
6.40107E+15;6.40107E+13;64;1;70;6;1;0;KALIMANTAN TIMUR;PASER;MUARA KOMAM;PRAYON;RT 001;-1.61145;115.832001
6.40107E+15;6.40107E+13;64;1;70;6;2;0;KALIMANTAN TIMUR;PASER;MUARA KOMAM;PRAYON;RT 002;-1.61748;115.830439
6.40107E+15;6.40107E+13;64;1;70;6;2001;0;KALIMANTAN TIMUR;PASER;MUARA KOMAM;PRAYON;HUTAN;-1.57594;115.869351
6.40107E+15;6.40107E+13;64;1;70;6;2002;0;KALIMANTAN TIMUR;PASER;MUARA KOMAM;PRAYON;HUTAN;-1.59742;115.807444
6.40107E+15;6.40107E+13;64;1;70;7;1;0;KALIMANTAN TIMUR;PASER;MUARA KOMAM;BINANGON;RT 001;-1.60561;115.759644
6.40107E+15;6.40107E+13;64;1;70;7;2;0;KALIMANTAN TIMUR;PASER;MUARA KOMAM;BINANGON;RT 002;-1.62221;115.775797
6.40107E+15;6.40107E+13;64;1;70;7;3;0;KALIMANTAN TIMUR;PASER;MUARA KOMAM;BINANGON;RT 003;-1.6342;115.761257
6.40107E+15;6.40107E+13;64;1;70;8;1;0;KALIMANTAN TIMUR;PASER;MUARA KOMAM;LUSAN;RT 001;-1.52705;115.75983
6.40107E+15;6.40107E+13;64;1;70;8;2;0;KALIMANTAN TIMUR;PASER;MUARA KOMAM;LUSAN;RT 002;-1.54366;115.733523
6.40107E+15;6.40107E+13;64;1;70;8;3;0;KALIMANTAN TIMUR;PASER;MUARA KOMAM;LUSAN;RT 003;-1.58368;115.718709
6.40107E+15;6.40107E+13;64;1;70;8;2001;0;KALIMANTAN TIMUR;PASER;MUARA KOMAM;LUSAN;HUTAN, SEMAK BELUKAR;-1.57043;115.755785
6.40107E+15;6.40107E+13;64;1;70;8;2002;0;KALIMANTAN TIMUR;PASER;MUARA KOMAM;LUSAN;HUTAN, SEMAK BELUKAR;-1.52497;115.689467
6.40107E+15;6.40107E+13;64;1;70;8;2003;0;KALIMANTAN TIMUR;PASER;MUARA KOMAM;LUSAN;HUTAN, SEMAK BELUKAR;-1.39742;115.758452
6.40107E+15;6.40107E+13;64;1;70;9;1;0;KALIMANTAN TIMUR;PASER;MUARA KOMAM;MUARA PAYANG;RT 001;-1.51278;115.808411
6.40107E+15;6.40107E+13;64;1;70;9;2;0;KALIMANTAN TIMUR;PASER;MUARA KOMAM;MUARA PAYANG;RT 002;-1.50443;115.847948
6.40107E+15;6.40107E+13;64;1;70;9;3;0;KALIMANTAN TIMUR;PASER;MUARA KOMAM;MUARA PAYANG;RT 003;-1.55907;115.822975
6.40107E+15;6.40107E+13;64;1;70;10;1;0;KALIMANTAN TIMUR;PASER;MUARA KOMAM;LONG SAYO;RT 001;-1.53667;115.860125
6.40107E+15;6.40107E+13;64;1;70;10;2;0;KALIMANTAN TIMUR;PASER;MUARA KOMAM;LONG SAYO;RT 002;-1.46832;115.966197
6.40107E+15;6.40107E+13;64;1;70;11;1;0;KALIMANTAN TIMUR;PASER;MUARA KOMAM;SWAN SLUTUNG;RT 001;-1.40333;115.874758
6.40107E+15;6.40107E+13;64;1;70;11;2;0;KALIMANTAN TIMUR;PASER;MUARA KOMAM;SWAN SLUTUNG;RT 002;-1.40402;115.884498
6.40107E+15;6.40107E+13;64;1;70;11;3;0;KALIMANTAN TIMUR;PASER;MUARA KOMAM;SWAN SLUTUNG;RT 003;-1.40237;115.875482
6.40107E+15;6.40107E+13;64;1;70;11;4;0;KALIMANTAN TIMUR;PASER;MUARA KOMAM;SWAN SLUTUNG;RT 004;-1.402;115.874651
6.40107E+15;6.40107E+13;64;1;70;11;5;0;KALIMANTAN TIMUR;PASER;MUARA KOMAM;SWAN SLUTUNG;RT 005;-1.40166;115.874618
6.40107E+15;6.40107E+13;64;1;70;11;6;0;KALIMANTAN TIMUR;PASER;MUARA KOMAM;SWAN SLUTUNG;RT 006;-1.40129;115.874584
6.40107E+15;6.40107E+13;64;1;70;11;7;0;KALIMANTAN TIMUR;PASER;MUARA KOMAM;SWAN SLUTUNG;RT 007;-1.40049;115.875608
6.40107E+15;6.40107E+13;64;1;70;11;8;0;KALIMANTAN TIMUR;PASER;MUARA KOMAM;SWAN SLUTUNG;RT 008;-1.43963;115.956548
6.40107E+15;6.40107E+13;64;1;70;11;2001;0;KALIMANTAN TIMUR;PASER;MUARA KOMAM;SWAN SLUTUNG;HUTAN, SEMAK BELUKAR;-1.45575;115.838302
6.40107E+15;6.40107E+13;64;1;70;11;2002;0;KALIMANTAN TIMUR;PASER;MUARA KOMAM;SWAN SLUTUNG;HUTAN, SEMAK BELUKAR;-1.42298;115.83261
6.40107E+15;6.40107E+13;64;1;70;11;2003;0;KALIMANTAN TIMUR;PASER;MUARA KOMAM;SWAN SLUTUNG;HUTAN, SEMAK BELUKAR;-1.36423;115.842881
6.40107E+15;6.40107E+13;64;1;70;11;2004;0;KALIMANTAN TIMUR;PASER;MUARA KOMAM;SWAN SLUTUNG;HUTAN, SEMAK BELUKAR;-1.40801;115.966145
6.40107E+15;6.40107E+13;64;1;70;11;2005;0;KALIMANTAN TIMUR;PASER;MUARA KOMAM;SWAN SLUTUNG;HUTAN, SEMAK BELUKAR;-1.3304;115.979034
6.40107E+15;6.40107E+13;64;1;70;11;2006;0;KALIMANTAN TIMUR;PASER;MUARA KOMAM;SWAN SLUTUNG;HUTAN, SEMAK BELUKAR;-1.30741;115.901464
6.40107E+15;6.40107E+13;64;1;70;11;2007;0;KALIMANTAN TIMUR;PASER;MUARA KOMAM;SWAN SLUTUNG;HUTAN, SEMAK BELUKAR;-1.24605;115.84705
6.40107E+15;6.40107E+13;64;1;70;12;1;0;KALIMANTAN TIMUR;PASER;MUARA KOMAM;SEKUAN MAKMUR;RT 001;-1.65038;115.696174
6.40107E+15;6.40107E+13;64;1;70;12;2;0;KALIMANTAN TIMUR;PASER;MUARA KOMAM;SEKUAN MAKMUR;RT 002;-1.64424;115.695081
6.40107E+15;6.40107E+13;64;1;70;12;3;0;KALIMANTAN TIMUR;PASER;MUARA KOMAM;SEKUAN MAKMUR;RT 003;-1.63887;115.692321
6.40107E+15;6.40107E+13;64;1;70;12;4;0;KALIMANTAN TIMUR;PASER;MUARA KOMAM;SEKUAN MAKMUR;RT 004;-1.63989;115.730484
6.40107E+15;6.40107E+13;64;1;70;12;5;0;KALIMANTAN TIMUR;PASER;MUARA KOMAM;SEKUAN MAKMUR;RT 005;-1.63275;115.69586
6.40107E+15;6.40107E+13;64;1;70;12;6;0;KALIMANTAN TIMUR;PASER;MUARA KOMAM;SEKUAN MAKMUR;RT 006;-1.61493;115.677446
6.40107E+15;6.40107E+13;64;1;70;13;1;0;KALIMANTAN TIMUR;PASER;MUARA KOMAM;SELERONG;RT 001;-1.71259;115.756317
6.40107E+15;6.40107E+13;64;1;70;13;2;0;KALIMANTAN TIMUR;PASER;MUARA KOMAM;SELERONG;RT 002;-1.68842;115.770871
6.40107E+15;6.40107E+13;64;1;70;13;3;0;KALIMANTAN TIMUR;PASER;MUARA KOMAM;SELERONG;RT 003;-1.68367;115.767791
6.40107E+15;6.40107E+13;64;1;70;13;4;0;KALIMANTAN TIMUR;PASER;MUARA KOMAM;SELERONG;RT 004;-1.66244;115.781704
6.40107E+15;6.40107E+13;64;1;70;13;5;0;KALIMANTAN TIMUR;PASER;MUARA KOMAM;SELERONG;RT 005;-1.68994;115.757306
6.40107E+15;6.40107E+13;64;1;70;13;6;0;KALIMANTAN TIMUR;PASER;MUARA KOMAM;SELERONG;RT 006;-1.6481;115.778776
6.40108E+15;6.40108E+13;64;1;80;1;1;0;KALIMANTAN TIMUR;PASER;LONG KALI;MUARA TELAKE;RT 001;-1.61354;116.494014
6.40108E+15;6.40108E+13;64;1;80;1;2;0;KALIMANTAN TIMUR;PASER;LONG KALI;MUARA TELAKE;RT 002;-1.62658;116.510909
6.40108E+15;6.40108E+13;64;1;80;1;3;0;KALIMANTAN TIMUR;PASER;LONG KALI;MUARA TELAKE;RT 003;-1.62471;116.512337
6.40108E+15;6.40108E+13;64;1;80;1;4;0;KALIMANTAN TIMUR;PASER;LONG KALI;MUARA TELAKE;RT 004;-1.60247;116.508581
6.40108E+15;6.40108E+13;64;1;80;1;5;0;KALIMANTAN TIMUR;PASER;LONG KALI;MUARA TELAKE;RT 005;-1.62403;116.515838
6.40108E+15;6.40108E+13;64;1;80;1;6;0;KALIMANTAN TIMUR;PASER;LONG KALI;MUARA TELAKE;RT 006;-1.62279;116.51729
6.40108E+15;6.40108E+13;64;1;80;1;7;0;KALIMANTAN TIMUR;PASER;LONG KALI;MUARA TELAKE;RT 007;-1.62066;116.519374
6.40108E+15;6.40108E+13;64;1;80;1;8;0;KALIMANTAN TIMUR;PASER;LONG KALI;MUARA TELAKE;RT 008;-1.60554;116.538699
6.40108E+15;6.40108E+13;64;1;80;2;1;0;KALIMANTAN TIMUR;PASER;LONG KALI;SEBAKUNG;RT 001 DUSUN 1;-1.55866;116.315484
6.40108E+15;6.40108E+13;64;1;80;2;2;0;KALIMANTAN TIMUR;PASER;LONG KALI;SEBAKUNG;RT 002 DUSUN 1;-1.57175;116.319266
6.40108E+15;6.40108E+13;64;1;80;2;3;0;KALIMANTAN TIMUR;PASER;LONG KALI;SEBAKUNG;RT 003 DUSUN 1;-1.58353;116.384554
6.40108E+15;6.40108E+13;64;1;80;2;4;0;KALIMANTAN TIMUR;PASER;LONG KALI;SEBAKUNG;RT 004 DUSUN 1;-1.60548;116.372205
6.40108E+15;6.40108E+13;64;1;80;2;5;0;KALIMANTAN TIMUR;PASER;LONG KALI;SEBAKUNG;RT 005 DUSUN 2;-1.61174;116.415347
6.40108E+15;6.40108E+13;64;1;80;2;6;0;KALIMANTAN TIMUR;PASER;LONG KALI;SEBAKUNG;RT 006 DUSUN 2;-1.64073;116.405235
6.40108E+15;6.40108E+13;64;1;80;2;7;0;KALIMANTAN TIMUR;PASER;LONG KALI;SEBAKUNG;RT 007 DUSUN 1;-1.58329;116.332504
6.40108E+15;6.40108E+13;64;1;80;2;8;0;KALIMANTAN TIMUR;PASER;LONG KALI;SEBAKUNG;RT 008 DUSUN 1;-1.55132;116.354415
6.40108E+15;6.40108E+13;64;1;80;2;9;0;KALIMANTAN TIMUR;PASER;LONG KALI;SEBAKUNG;RT 009 DUSUN 1;-1.59857;116.355684
6.40108E+15;6.40108E+13;64;1;80;2;10;0;KALIMANTAN TIMUR;PASER;LONG KALI;SEBAKUNG;RT 010 DUSUN 1;-1.56966;116.359098
6.40108E+15;6.40108E+13;64;1;80;3;1;0;KALIMANTAN TIMUR;PASER;LONG KALI;SEBAKUNG TAKA;RT 001;-1.58093;116.433961
6.40108E+15;6.40108E+13;64;1;80;3;2;0;KALIMANTAN TIMUR;PASER;LONG KALI;SEBAKUNG TAKA;RT 002;-1.5828;116.433792
6.40108E+15;6.40108E+13;64;1;80;3;3;0;KALIMANTAN TIMUR;PASER;LONG KALI;SEBAKUNG TAKA;RT 003;-1.58466;116.433983
6.40108E+15;6.40108E+13;64;1;80;3;4;0;KALIMANTAN TIMUR;PASER;LONG KALI;SEBAKUNG TAKA;RT 004;-1.58658;116.433899
6.40108E+15;6.40108E+13;64;1;80;3;5;0;KALIMANTAN TIMUR;PASER;LONG KALI;SEBAKUNG TAKA;RT 005;-1.59104;116.435566
6.40108E+15;6.40108E+13;64;1;80;3;6;0;KALIMANTAN TIMUR;PASER;LONG KALI;SEBAKUNG TAKA;RT 006;-1.59247;116.430479
6.40108E+15;6.40108E+13;64;1;80;3;7;0;KALIMANTAN TIMUR;PASER;LONG KALI;SEBAKUNG TAKA;RT 007;-1.59234;116.425562
6.40108E+15;6.40108E+13;64;1;80;3;8;0;KALIMANTAN TIMUR;PASER;LONG KALI;SEBAKUNG TAKA;RT 008;-1.58778;116.425452
6.40108E+15;6.40108E+13;64;1;80;3;9;0;KALIMANTAN TIMUR;PASER;LONG KALI;SEBAKUNG TAKA;RT 009;-1.58505;116.425189
6.40108E+15;6.40108E+13;64;1;80;3;10;0;KALIMANTAN TIMUR;PASER;LONG KALI;SEBAKUNG TAKA;RT 010;-1.5817;116.425279
6.40108E+15;6.40108E+13;64;1;80;3;11;0;KALIMANTAN TIMUR;PASER;LONG KALI;SEBAKUNG TAKA;RT 011;-1.58209;116.421086
6.40108E+15;6.40108E+13;64;1;80;3;12;0;KALIMANTAN TIMUR;PASER;LONG KALI;SEBAKUNG TAKA;RT 012;-1.58698;116.421256
6.40108E+15;6.40108E+13;64;1;80;3;13;0;KALIMANTAN TIMUR;PASER;LONG KALI;SEBAKUNG TAKA;RT 013;-1.59231;116.420028
6.40108E+15;6.40108E+13;64;1;80;3;14;0;KALIMANTAN TIMUR;PASER;LONG KALI;SEBAKUNG TAKA;RT 014;-1.58891;116.415488
6.40108E+15;6.40108E+13;64;1;80;3;15;0;KALIMANTAN TIMUR;PASER;LONG KALI;SEBAKUNG TAKA;RT 015;-1.58202;116.417599
6.40108E+15;6.40108E+13;64;1;80;3;16;0;KALIMANTAN TIMUR;PASER;LONG KALI;SEBAKUNG TAKA;RT 016;-1.58664;116.408879
6.40108E+15;6.40108E+13;64;1;80;4;1;0;KALIMANTAN TIMUR;PASER;LONG KALI;SEBAKUNG MAKMUR;RT 001;-1.5623;116.392683
6.40108E+15;6.40108E+13;64;1;80;4;2;0;KALIMANTAN TIMUR;PASER;LONG KALI;SEBAKUNG MAKMUR;RT 002;-1.56233;116.390713
6.40108E+15;6.40108E+13;64;1;80;4;3;0;KALIMANTAN TIMUR;PASER;LONG KALI;SEBAKUNG MAKMUR;RT 003;-1.56217;116.388765
6.40108E+15;6.40108E+13;64;1;80;4;4;0;KALIMANTAN TIMUR;PASER;LONG KALI;SEBAKUNG MAKMUR;RT 004;-1.56222;116.386183
6.40108E+15;6.40108E+13;64;1;80;4;5;0;KALIMANTAN TIMUR;PASER;LONG KALI;SEBAKUNG MAKMUR;RT 005;-1.56223;116.381516
6.40108E+15;6.40108E+13;64;1;80;4;1001;0;KALIMANTAN TIMUR;PASER;LONG KALI;SEBAKUNG MAKMUR;SAWAH;-1.57356;116.391332
6.40108E+15;6.40108E+13;64;1;80;4;1002;0;KALIMANTAN TIMUR;PASER;LONG KALI;SEBAKUNG MAKMUR;SAWAH;-1.56273;116.399179
6.40108E+15;6.40108E+13;64;1;80;5;1;0;KALIMANTAN TIMUR;PASER;LONG KALI;MUARA ADANG II;RT 001;-1.63677;116.361454
6.40108E+15;6.40108E+13;64;1;80;5;2;0;KALIMANTAN TIMUR;PASER;LONG KALI;MUARA ADANG II;RT 002;-1.63731;116.36721
6.40108E+15;6.40108E+13;64;1;80;5;3;0;KALIMANTAN TIMUR;PASER;LONG KALI;MUARA ADANG II;RT 003;-1.63232;116.356419
6.40108E+15;6.40108E+13;64;1;80;5;4;0;KALIMANTAN TIMUR;PASER;LONG KALI;MUARA ADANG II;RT 004;-1.64409;116.356311
6.40108E+15;6.40108E+13;64;1;80;5;1001;0;KALIMANTAN TIMUR;PASER;LONG KALI;MUARA ADANG II;PERKEBUNAN SAWIT;-1.64045;116.377585
6.40108E+15;6.40108E+13;64;1;80;6;1;0;KALIMANTAN TIMUR;PASER;LONG KALI;LONG KALI;RT 001;-1.5208;116.320584
6.40108E+15;6.40108E+13;64;1;80;6;2;1;KALIMANTAN TIMUR;PASER;LONG KALI;LONG KALI;RT 002;-1.52024;116.323092
6.40108E+15;6.40108E+13;64;1;80;6;2;2;KALIMANTAN TIMUR;PASER;LONG KALI;LONG KALI;RT 002;-1.52079;116.322624
6.40108E+15;6.40108E+13;64;1;80;6;2;3;KALIMANTAN TIMUR;PASER;LONG KALI;LONG KALI;RT 002;-1.52248;116.323312
6.40108E+15;6.40108E+13;64;1;80;6;3;0;KALIMANTAN TIMUR;PASER;LONG KALI;LONG KALI;RT 003;-1.51189;116.350693
6.40108E+15;6.40108E+13;64;1;80;6;4;0;KALIMANTAN TIMUR;PASER;LONG KALI;LONG KALI;RT 004;-1.52173;116.304093
6.40108E+15;6.40108E+13;64;1;80;6;5;0;KALIMANTAN TIMUR;PASER;LONG KALI;LONG KALI;RT 005;-1.4867;116.315058
6.40108E+15;6.40108E+13;64;1;80;6;6;0;KALIMANTAN TIMUR;PASER;LONG KALI;LONG KALI;RT 006;-1.54142;116.324068
6.40108E+15;6.40108E+13;64;1;80;6;7;1;KALIMANTAN TIMUR;PASER;LONG KALI;LONG KALI;RT 007;-1.51799;116.320701
6.40108E+15;6.40108E+13;64;1;80;6;7;2;KALIMANTAN TIMUR;PASER;LONG KALI;LONG KALI;RT 007;-1.51711;116.320085
6.40108E+15;6.40108E+13;64;1;80;6;8;0;KALIMANTAN TIMUR;PASER;LONG KALI;LONG KALI;RT 008;-1.50989;116.319141
6.40108E+15;6.40108E+13;64;1;80;6;9;0;KALIMANTAN TIMUR;PASER;LONG KALI;LONG KALI;RT 009;-1.50142;116.302752
6.40108E+15;6.40108E+13;64;1;80;6;10;0;KALIMANTAN TIMUR;PASER;LONG KALI;LONG KALI;RT 010;-1.53162;116.348563
6.40108E+15;6.40108E+13;64;1;80;6;11;0;KALIMANTAN TIMUR;PASER;LONG KALI;LONG KALI;RT 011;-1.52775;116.320847
6.40108E+15;6.40108E+13;64;1;80;6;12;1;KALIMANTAN TIMUR;PASER;LONG KALI;LONG KALI;RT 013;-1.5205;116.326769
6.40108E+15;6.40108E+13;64;1;80;6;12;2;KALIMANTAN TIMUR;PASER;LONG KALI;LONG KALI;RT 013;-1.51536;116.333754
6.40108E+15;6.40108E+13;64;1;80;6;13;1;KALIMANTAN TIMUR;PASER;LONG KALI;LONG KALI;RT 014;-1.50549;116.329552
6.40108E+15;6.40108E+13;64;1;80;6;13;2;KALIMANTAN TIMUR;PASER;LONG KALI;LONG KALI;RT 014;-1.49517;116.347746
6.40108E+15;6.40108E+13;64;1;80;6;14;0;KALIMANTAN TIMUR;PASER;LONG KALI;LONG KALI;RT 016;-1.51851;116.316413
6.40108E+15;6.40108E+13;64;1;80;7;1;0;KALIMANTAN TIMUR;PASER;LONG KALI;BENTE/TUALAN;RT 001;-1.44642;116.368966
6.40108E+15;6.40108E+13;64;1;80;7;2;0;KALIMANTAN TIMUR;PASER;LONG KALI;BENTE/TUALAN;RT 002;-1.46838;116.336207
6.40108E+15;6.40108E+13;64;1;80;7;3;0;KALIMANTAN TIMUR;PASER;LONG KALI;BENTE/TUALAN;RT 003;-1.45546;116.339005
6.40108E+15;6.40108E+13;64;1;80;7;4;0;KALIMANTAN TIMUR;PASER;LONG KALI;BENTE/TUALAN;RT 004;-1.45141;116.354371
6.40108E+15;6.40108E+13;64;1;80;7;5;0;KALIMANTAN TIMUR;PASER;LONG KALI;BENTE/TUALAN;RT 005;-1.42785;116.352859
6.40108E+15;6.40108E+13;64;1;80;7;6;0;KALIMANTAN TIMUR;PASER;LONG KALI;BENTE/TUALAN;RT 006;-1.46762;116.351665
6.40108E+15;6.40108E+13;64;1;80;7;7;1;KALIMANTAN TIMUR;PASER;LONG KALI;BENTE/TUALAN;RT 007;-1.44061;116.389621
6.40108E+15;6.40108E+13;64;1;80;7;7;2;KALIMANTAN TIMUR;PASER;LONG KALI;BENTE/TUALAN;RT 007;-1.41294;116.391574
6.40108E+15;6.40108E+13;64;1;80;7;7;3;KALIMANTAN TIMUR;PASER;LONG KALI;BENTE/TUALAN;RT 007;-1.38492;116.39425
6.40108E+15;6.40108E+13;64;1;80;7;8;0;KALIMANTAN TIMUR;PASER;LONG KALI;BENTE/TUALAN;RT 008;-1.35826;116.380189
6.40108E+15;6.40108E+13;64;1;80;7;2001;0;KALIMANTAN TIMUR;PASER;LONG KALI;BENTE/TUALAN;HUTAN;-1.48216;116.344798
6.40108E+15;6.40108E+13;64;1;80;8;1;0;KALIMANTAN TIMUR;PASER;LONG KALI;MENDIK;RT 1 DUSUN ATANG BEDA;-1.44587;116.304002
6.40108E+15;6.40108E+13;64;1;80;8;2;0;KALIMANTAN TIMUR;PASER;LONG KALI;MENDIK;RT 2 DUSUN ATANG BEDA;-1.44906;116.305092
6.40108E+15;6.40108E+13;64;1;80;8;3;0;KALIMANTAN TIMUR;PASER;LONG KALI;MENDIK;RT 3 DUSUN ATANG BEDA;-1.45151;116.307914
6.40108E+15;6.40108E+13;64;1;80;8;4;0;KALIMANTAN TIMUR;PASER;LONG KALI;MENDIK;RT 4 DUSUN ATANG BEDA;-1.45267;116.31051
6.40108E+15;6.40108E+13;64;1;80;8;5;0;KALIMANTAN TIMUR;PASER;LONG KALI;MENDIK;RT 5 DUSUN ATANG BEDA;-1.45361;116.312631
6.40108E+15;6.40108E+13;64;1;80;8;6;0;KALIMANTAN TIMUR;PASER;LONG KALI;MENDIK;RT 6 DUSUN SEKENDUY;-1.45516;116.314653
6.40108E+15;6.40108E+13;64;1;80;8;7;0;KALIMANTAN TIMUR;PASER;LONG KALI;MENDIK;RT 7 DUSUN SEKENDUY;-1.45665;116.316894
6.40108E+15;6.40108E+13;64;1;80;8;8;0;KALIMANTAN TIMUR;PASER;LONG KALI;MENDIK;RT 8 DUSUN SEKENDUY;-1.45569;116.320724
6.40108E+15;6.40108E+13;64;1;80;8;9;0;KALIMANTAN TIMUR;PASER;LONG KALI;MENDIK;RT 9 DUSUN SEKENDUY;-1.46018;116.317635
6.40108E+15;6.40108E+13;64;1;80;8;10;0;KALIMANTAN TIMUR;PASER;LONG KALI;MENDIK;RT 10 DUSUN SEKENDUY;-1.46485;116.319058
6.40108E+15;6.40108E+13;64;1;80;8;11;0;KALIMANTAN TIMUR;PASER;LONG KALI;MENDIK;RT 11 DUSUN SEKENDUY;-1.46101;116.323905
6.40108E+15;6.40108E+13;64;1;80;8;12;0;KALIMANTAN TIMUR;PASER;LONG KALI;MENDIK;RT 12 DUSUN SEKENDUY;-1.46535;116.32417
6.40108E+15;6.40108E+13;64;1;80;8;13;0;KALIMANTAN TIMUR;PASER;LONG KALI;MENDIK;RT 13 DUSUN ATANG BEDA;-1.45351;116.326455
6.40108E+15;6.40108E+13;64;1;80;8;14;0;KALIMANTAN TIMUR;PASER;LONG KALI;MENDIK;RT 14 DUSUN ATANG BEDA;-1.44875;116.315574
6.40108E+15;6.40108E+13;64;1;80;8;15;0;KALIMANTAN TIMUR;PASER;LONG KALI;MENDIK;RT 15 DUSUN SEPETEY;-1.44705;116.311059
6.40108E+15;6.40108E+13;64;1;80;8;16;0;KALIMANTAN TIMUR;PASER;LONG KALI;MENDIK;RT 16 DUSUN SEPETEY;-1.44366;116.303477
6.40108E+15;6.40108E+13;64;1;80;8;17;0;KALIMANTAN TIMUR;PASER;LONG KALI;MENDIK;RT 17 DUSUN SEPETEY;-1.44079;116.301543
6.40108E+15;6.40108E+13;64;1;80;8;18;0;KALIMANTAN TIMUR;PASER;LONG KALI;MENDIK;RT 18 DUSUN SEPETEY;-1.42926;116.314577
6.40108E+15;6.40108E+13;64;1;80;8;19;0;KALIMANTAN TIMUR;PASER;LONG KALI;MENDIK;RT 19 DUSUN SEPETEY;-1.43548;116.318214
6.40108E+15;6.40108E+13;64;1;80;8;20;0;KALIMANTAN TIMUR;PASER;LONG KALI;MENDIK;RT 20 DUSUN SEPETEY;-1.42123;116.335013
6.40108E+15;6.40108E+13;64;1;80;8;21;0;KALIMANTAN TIMUR;PASER;LONG KALI;MENDIK;RT 21 DUSUN SEPETEY;-1.3619;116.346263
6.40108E+15;6.40108E+13;64;1;80;8;1001;0;KALIMANTAN TIMUR;PASER;LONG KALI;MENDIK;KEBUN SAWIT / KARET;-1.474;116.323071
6.40108E+15;6.40108E+13;64;1;80;8;2005;0;KALIMANTAN TIMUR;PASER;LONG KALI;MENDIK;HUTAN;-1.44794;116.300218
6.40108E+15;6.40108E+13;64;1;80;9;1;0;KALIMANTAN TIMUR;PASER;LONG KALI;MENDIK MAKMUR;RT 001;-1.45837;116.279752
6.40108E+15;6.40108E+13;64;1;80;9;2;0;KALIMANTAN TIMUR;PASER;LONG KALI;MENDIK MAKMUR;RT 002;-1.45865;116.283226
6.40108E+15;6.40108E+13;64;1;80;9;3;0;KALIMANTAN TIMUR;PASER;LONG KALI;MENDIK MAKMUR;RT 003;-1.45657;116.283989
6.40108E+15;6.40108E+13;64;1;80;9;4;0;KALIMANTAN TIMUR;PASER;LONG KALI;MENDIK MAKMUR;RT 004;-1.456;116.280699
6.40108E+15;6.40108E+13;64;1;80;9;5;0;KALIMANTAN TIMUR;PASER;LONG KALI;MENDIK MAKMUR;RT 005;-1.45931;116.277033
6.40108E+15;6.40108E+13;64;1;80;9;6;0;KALIMANTAN TIMUR;PASER;LONG KALI;MENDIK MAKMUR;RT 006;-1.45455;116.277293
6.40108E+15;6.40108E+13;64;1;80;9;7;0;KALIMANTAN TIMUR;PASER;LONG KALI;MENDIK MAKMUR;RT 007;-1.45782;116.27554
6.40108E+15;6.40108E+13;64;1;80;9;8;0;KALIMANTAN TIMUR;PASER;LONG KALI;MENDIK MAKMUR;RT 008;-1.45456;116.283796
6.40108E+15;6.40108E+13;64;1;80;9;1001;0;KALIMANTAN TIMUR;PASER;LONG KALI;MENDIK MAKMUR;KEBUN KARET;-1.45076;116.277697
6.40108E+15;6.40108E+13;64;1;80;9;1002;0;KALIMANTAN TIMUR;PASER;LONG KALI;MENDIK MAKMUR;KEBUN KARET;-1.47005;116.287378
6.40108E+15;6.40108E+13;64;1;80;10;1;0;KALIMANTAN TIMUR;PASER;LONG KALI;MENDIK BHAKTI;RT 001;-1.449;116.245125
6.40108E+15;6.40108E+13;64;1;80;10;2;0;KALIMANTAN TIMUR;PASER;LONG KALI;MENDIK BHAKTI;RT 002;-1.45277;116.244015
6.40108E+15;6.40108E+13;64;1;80;10;3;0;KALIMANTAN TIMUR;PASER;LONG KALI;MENDIK BHAKTI;RT 003;-1.4507;116.24228
6.40108E+15;6.40108E+13;64;1;80;10;4;0;KALIMANTAN TIMUR;PASER;LONG KALI;MENDIK BHAKTI;RT 004;-1.44577;116.242611
6.40108E+15;6.40108E+13;64;1;80;10;5;0;KALIMANTAN TIMUR;PASER;LONG KALI;MENDIK BHAKTI;RT 005;-1.4849;116.215821
6.40108E+15;6.40108E+13;64;1;80;10;6;0;KALIMANTAN TIMUR;PASER;LONG KALI;MENDIK BHAKTI;RT 006;-1.47273;116.217596
6.40108E+15;6.40108E+13;64;1;80;10;1001;0;KALIMANTAN TIMUR;PASER;LONG KALI;MENDIK BHAKTI;KARET;-1.44111;116.228574
6.40108E+15;6.40108E+13;64;1;80;10;1002;0;KALIMANTAN TIMUR;PASER;LONG KALI;MENDIK BHAKTI;SAWIT;-1.46375;116.224818
6.40108E+15;6.40108E+13;64;1;80;10;1003;0;KALIMANTAN TIMUR;PASER;LONG KALI;MENDIK BHAKTI;SAWIT;-1.49666;116.225568
6.40108E+15;6.40108E+13;64;1;80;11;1;0;KALIMANTAN TIMUR;PASER;LONG KALI;MENDIK KARYA;RT 001;-1.43511;116.268708
6.40108E+15;6.40108E+13;64;1;80;11;2;0;KALIMANTAN TIMUR;PASER;LONG KALI;MENDIK KARYA;RT 002;-1.42678;116.26947
6.40108E+15;6.40108E+13;64;1;80;11;3;0;KALIMANTAN TIMUR;PASER;LONG KALI;MENDIK KARYA;RT 003;-1.42563;116.272627
6.40108E+15;6.40108E+13;64;1;80;11;4;0;KALIMANTAN TIMUR;PASER;LONG KALI;MENDIK KARYA;RT 004;-1.4267;116.273481
6.40108E+15;6.40108E+13;64;1;80;11;5;0;KALIMANTAN TIMUR;PASER;LONG KALI;MENDIK KARYA;RT 005;-1.4281;116.262762
6.40108E+15;6.40108E+13;64;1;80;11;6;0;KALIMANTAN TIMUR;PASER;LONG KALI;MENDIK KARYA;RT 006;-1.42696;116.259913
6.40108E+15;6.40108E+13;64;1;80;11;1001;0;KALIMANTAN TIMUR;PASER;LONG KALI;MENDIK KARYA;KEBUN KARET;-1.44005;116.259782
6.40108E+15;6.40108E+13;64;1;80;11;1002;0;KALIMANTAN TIMUR;PASER;LONG KALI;MENDIK KARYA;KEBUN KARET;-1.43131;116.280524
6.40108E+15;6.40108E+13;64;1;80;11;2003;0;KALIMANTAN TIMUR;PASER;LONG KALI;MENDIK KARYA;KEBUN JATI;-1.42248;116.27984
6.40108E+15;6.40108E+13;64;1;80;12;1;0;KALIMANTAN TIMUR;PASER;LONG KALI;MUNGGU;RT 001;-1.41415;116.273317
6.40108E+15;6.40108E+13;64;1;80;12;2;0;KALIMANTAN TIMUR;PASER;LONG KALI;MUNGGU;RT 002;-1.40478;116.304038
6.40108E+15;6.40108E+13;64;1;80;12;3;0;KALIMANTAN TIMUR;PASER;LONG KALI;MUNGGU;RT 003;-1.41807;116.256766
6.40108E+15;6.40108E+13;64;1;80;12;4;0;KALIMANTAN TIMUR;PASER;LONG KALI;MUNGGU;RT 004;-1.4169;116.240019
6.40108E+15;6.40108E+13;64;1;80;12;1001;0;KALIMANTAN TIMUR;PASER;LONG KALI;MUNGGU;KEBUN SAWIT;-1.4203;116.237861
6.40108E+15;6.40108E+13;64;1;80;12;1002;0;KALIMANTAN TIMUR;PASER;LONG KALI;MUNGGU;KEBUN SAWIT;-1.39837;116.297346
6.40108E+15;6.40108E+13;64;1;80;12;2003;0;KALIMANTAN TIMUR;PASER;LONG KALI;MUNGGU;HUTAN;-1.399;116.318713
6.40108E+15;6.40108E+13;64;1;80;13;1;0;KALIMANTAN TIMUR;PASER;LONG KALI;MUARA PIAS;RT 001;-1.38596;116.277873
6.40108E+15;6.40108E+13;64;1;80;13;2;0;KALIMANTAN TIMUR;PASER;LONG KALI;MUARA PIAS;RT 002;-1.39173;116.265286
6.40108E+15;6.40108E+13;64;1;80;13;3;0;KALIMANTAN TIMUR;PASER;LONG KALI;MUARA PIAS;RT 003;-1.40367;116.264937
6.40108E+15;6.40108E+13;64;1;80;13;4;0;KALIMANTAN TIMUR;PASER;LONG KALI;MUARA PIAS;RT 004;-1.38427;116.266785
6.40108E+15;6.40108E+13;64;1;80;13;1001;0;KALIMANTAN TIMUR;PASER;LONG KALI;MUARA PIAS;KEBUN SAWIT;-1.39422;116.239619
6.40108E+15;6.40108E+13;64;1;80;13;2002;0;KALIMANTAN TIMUR;PASER;LONG KALI;MUARA PIAS;HUTAN;-1.37988;116.280151
6.40108E+15;6.40108E+13;64;1;80;13;2003;0;KALIMANTAN TIMUR;PASER;LONG KALI;MUARA PIAS;HUTAN;-1.37082;116.228859
6.40108E+15;6.40108E+13;64;1;80;14;1;0;KALIMANTAN TIMUR;PASER;LONG KALI;MUARA TOYU;RT 001;-1.35329;116.280103
6.40108E+15;6.40108E+13;64;1;80;14;2;0;KALIMANTAN TIMUR;PASER;LONG KALI;MUARA TOYU;RT 002;-1.328;116.267779
6.40108E+15;6.40108E+13;64;1;80;14;3;0;KALIMANTAN TIMUR;PASER;LONG KALI;MUARA TOYU;RT 003;-1.34761;116.263795
6.40108E+15;6.40108E+13;64;1;80;14;4;0;KALIMANTAN TIMUR;PASER;LONG KALI;MUARA TOYU;RT 004;-1.33611;116.276873
6.40108E+15;6.40108E+13;64;1;80;14;5;0;KALIMANTAN TIMUR;PASER;LONG KALI;MUARA TOYU;RT 005;-1.33413;116.274506
6.40108E+15;6.40108E+13;64;1;80;14;1001;0;KALIMANTAN TIMUR;PASER;LONG KALI;MUARA TOYU;KEBUN SAWIT;-1.30106;116.348774
6.40108E+15;6.40108E+13;64;1;80;14;2002;0;KALIMANTAN TIMUR;PASER;LONG KALI;MUARA TOYU;HUTAN;-1.138;116.314229
6.40108E+15;6.40108E+13;64;1;80;15;1;0;KALIMANTAN TIMUR;PASER;LONG KALI;PERKUWIN;RT 001;-1.33671;116.154527
6.40108E+15;6.40108E+13;64;1;80;15;2;0;KALIMANTAN TIMUR;PASER;LONG KALI;PERKUWIN;RT 002;-1.32315;116.151408
6.40108E+15;6.40108E+13;64;1;80;15;2001;0;KALIMANTAN TIMUR;PASER;LONG KALI;PERKUWIN;HUTAN;-1.29976;116.194539
6.40108E+15;6.40108E+13;64;1;80;15;2002;0;KALIMANTAN TIMUR;PASER;LONG KALI;PERKUWIN;HUTAN;-1.32493;116.128865
6.40108E+15;6.40108E+13;64;1;80;16;1;0;KALIMANTAN TIMUR;PASER;LONG KALI;PINANG JATUS;RT 001;-1.37378;116.147925
6.40108E+15;6.40108E+13;64;1;80;16;2;0;KALIMANTAN TIMUR;PASER;LONG KALI;PINANG JATUS;RT 002;-1.3827;116.145975
6.40108E+15;6.40108E+13;64;1;80;16;2001;0;KALIMANTAN TIMUR;PASER;LONG KALI;PINANG JATUS;HUTAN;-1.37526;116.168732
6.40108E+15;6.40108E+13;64;1;80;16;2002;0;KALIMANTAN TIMUR;PASER;LONG KALI;PINANG JATUS;HUTAN;-1.37732;116.11976
6.40108E+15;6.40108E+13;64;1;80;17;1;0;KALIMANTAN TIMUR;PASER;LONG KALI;MUARA LAMBAKAN;RT 001;-1.28989;116.120755
6.40108E+15;6.40108E+13;64;1;80;17;2;0;KALIMANTAN TIMUR;PASER;LONG KALI;MUARA LAMBAKAN;RT 002;-1.28742;116.120528
6.40108E+15;6.40108E+13;64;1;80;17;3;0;KALIMANTAN TIMUR;PASER;LONG KALI;MUARA LAMBAKAN;RT 003;-1.29315;116.116565
6.40108E+15;6.40108E+13;64;1;80;17;2001;0;KALIMANTAN TIMUR;PASER;LONG KALI;MUARA LAMBAKAN;HUTAN;-1.2884;116.058464
6.40108E+15;6.40108E+13;64;1;80;17;2002;0;KALIMANTAN TIMUR;PASER;LONG KALI;MUARA LAMBAKAN;HUTAN;-1.17365;116.09603
6.40108E+15;6.40108E+13;64;1;80;18;1;0;KALIMANTAN TIMUR;PASER;LONG KALI;KEPALA TELAKE;RT 001;-1.23628;115.962623
6.40108E+15;6.40108E+13;64;1;80;18;2;0;KALIMANTAN TIMUR;PASER;LONG KALI;KEPALA TELAKE;RT 002;-1.24343;115.962926
6.40108E+15;6.40108E+13;64;1;80;18;2001;0;KALIMANTAN TIMUR;PASER;LONG KALI;KEPALA TELAKE;HUTAN;-1.16833;115.940384
6.40108E+15;6.40108E+13;64;1;80;19;1;0;KALIMANTAN TIMUR;PASER;LONG KALI;MARUAT;RT 001;-1.58614;116.502921
6.40108E+15;6.40108E+13;64;1;80;19;2;0;KALIMANTAN TIMUR;PASER;LONG KALI;MARUAT;RT 002;-1.57821;116.500518
6.40108E+15;6.40108E+13;64;1;80;19;3;0;KALIMANTAN TIMUR;PASER;LONG KALI;MARUAT;RT 003;-1.57233;116.500228
6.40108E+15;6.40108E+13;64;1;80;19;4;0;KALIMANTAN TIMUR;PASER;LONG KALI;MARUAT;RT 004;-1.58797;116.53014
6.40108E+15;6.40108E+13;64;1;80;19;5;0;KALIMANTAN TIMUR;PASER;LONG KALI;MARUAT;RT 005;-1.57497;116.538651
6.40108E+15;6.40108E+13;64;1;80;20;1;0;KALIMANTAN TIMUR;PASER;LONG KALI;PETIKU;RT 001;-1.5926;116.449115
6.40108E+15;6.40108E+13;64;1;80;20;2;0;KALIMANTAN TIMUR;PASER;LONG KALI;PETIKU;RT 002;-1.59519;116.466872
6.40108E+15;6.40108E+13;64;1;80;20;3;0;KALIMANTAN TIMUR;PASER;LONG KALI;PETIKU;RT 003;-1.60805;116.465834
6.40108E+15;6.40108E+13;64;1;80;20;4;0;KALIMANTAN TIMUR;PASER;LONG KALI;PETIKU;RT 004;-1.62927;116.441996
6.40108E+15;6.40108E+13;64;1;80;20;5;0;KALIMANTAN TIMUR;PASER;LONG KALI;PETIKU;RT 005;-1.63281;116.454891
6.40108E+15;6.40108E+13;64;1;80;20;6;0;KALIMANTAN TIMUR;PASER;LONG KALI;PETIKU;RT 006;-1.63312;116.461746
6.40108E+15;6.40108E+13;64;1;80;20;7;0;KALIMANTAN TIMUR;PASER;LONG KALI;PETIKU;RT 007;-1.63005;116.467083
6.40108E+15;6.40108E+13;64;1;80;20;8;0;KALIMANTAN TIMUR;PASER;LONG KALI;PETIKU;RT 008;-1.63254;116.482204
6.40108E+15;6.40108E+13;64;1;80;21;1;0;KALIMANTAN TIMUR;PASER;LONG KALI;MAKMUR JAYA;JL. TIDORE RT 001;-1.45426;116.273057
6.40108E+15;6.40108E+13;64;1;80;21;2;0;KALIMANTAN TIMUR;PASER;LONG KALI;MAKMUR JAYA;JL. IRIAN JAYA RT 002;-1.45749;116.272737
6.40108E+15;6.40108E+13;64;1;80;21;3;0;KALIMANTAN TIMUR;PASER;LONG KALI;MAKMUR JAYA;JL. SINGOSARI RT 003;-1.45593;116.269873
6.40108E+15;6.40108E+13;64;1;80;21;4;0;KALIMANTAN TIMUR;PASER;LONG KALI;MAKMUR JAYA;JL. BLAMBANGAN RT 004;-1.45945;116.272418
6.40108E+15;6.40108E+13;64;1;80;21;5;0;KALIMANTAN TIMUR;PASER;LONG KALI;MAKMUR JAYA;JL. MAJAPAHIT RT 005;-1.46216;116.273043
6.40108E+15;6.40108E+13;64;1;80;21;6;0;KALIMANTAN TIMUR;PASER;LONG KALI;MAKMUR JAYA;JL. MATARAM RT 006;-1.46568;116.271974
6.40108E+15;6.40108E+13;64;1;80;21;7;0;KALIMANTAN TIMUR;PASER;LONG KALI;MAKMUR JAYA;JL. BANTEN RT 007;-1.46886;116.272541
6.40108E+15;6.40108E+13;64;1;80;21;8;0;KALIMANTAN TIMUR;PASER;LONG KALI;MAKMUR JAYA;JL. DEMAK RT 008;-1.47556;116.272751
6.40108E+15;6.40108E+13;64;1;80;21;9;0;KALIMANTAN TIMUR;PASER;LONG KALI;MAKMUR JAYA;JL. INTI KARET RT 009;-1.48917;116.276156
6.40108E+15;6.40108E+13;64;1;80;21;10;0;KALIMANTAN TIMUR;PASER;LONG KALI;MAKMUR JAYA;JL. BANEN RT 010;-1.47184;116.2565
6.40108E+15;6.40108E+13;64;1;80;21;11;0;KALIMANTAN TIMUR;PASER;LONG KALI;MAKMUR JAYA;JL. AFDELING RT 011;-1.49011;116.247014
6.40108E+15;6.40108E+13;64;1;80;21;12;0;KALIMANTAN TIMUR;PASER;LONG KALI;MAKMUR JAYA;JL. SRIWIJAYA RT 012;-1.46145;116.269974
6.40108E+15;6.40108E+13;64;1;80;21;13;0;KALIMANTAN TIMUR;PASER;LONG KALI;MAKMUR JAYA;JL. PEJAJARAN RT 013;-1.47547;116.275223
6.40108E+15;6.40108E+13;64;1;80;21;1001;0;KALIMANTAN TIMUR;PASER;LONG KALI;MAKMUR JAYA;PERKEBUNAN KELAPA SAWIT;-1.51328;116.248984
6.40108E+15;6.40108E+13;64;1;80;21;1002;0;KALIMANTAN TIMUR;PASER;LONG KALI;MAKMUR JAYA;PERKEBUNAN KELAPA SAWIT;-1.48877;116.263727
6.40108E+15;6.40108E+13;64;1;80;21;1003;0;KALIMANTAN TIMUR;PASER;LONG KALI;MAKMUR JAYA;PERKEBUNAN KELAPA SAWIT;-1.47038;116.252817
6.40108E+15;6.40108E+13;64;1;80;21;1004;0;KALIMANTAN TIMUR;PASER;LONG KALI;MAKMUR JAYA;PERKEBUNAN KELAPA SAWIT;-1.47041;116.262358
6.40108E+15;6.40108E+13;64;1;80;21;1005;0;KALIMANTAN TIMUR;PASER;LONG KALI;MAKMUR JAYA;PERKEBUNAN KELAPA SAWIT;-1.45952;116.265498
6.40108E+15;6.40108E+13;64;1;80;21;1006;0;KALIMANTAN TIMUR;PASER;LONG KALI;MAKMUR JAYA;PERKEBUNAN KELAPA SAWIT;-1.48132;116.282703
6.40108E+15;6.40108E+13;64;1;80;22;1;0;KALIMANTAN TIMUR;PASER;LONG KALI;PUTANG;RT 001;-1.52433;116.29304
6.40108E+15;6.40108E+13;64;1;80;22;2;0;KALIMANTAN TIMUR;PASER;LONG KALI;PUTANG;RT 002;-1.53961;116.302527
6.40108E+15;6.40108E+13;64;1;80;22;3;0;KALIMANTAN TIMUR;PASER;LONG KALI;PUTANG;RT 003;-1.5261;116.287588
6.40108E+15;6.40108E+13;64;1;80;22;4;0;KALIMANTAN TIMUR;PASER;LONG KALI;PUTANG;RT 004;-1.54489;116.285322
6.40108E+15;6.40108E+13;64;1;80;22;5;0;KALIMANTAN TIMUR;PASER;LONG KALI;PUTANG;RT 005;-1.51508;116.269112
6.40108E+15;6.40108E+13;64;1;80;23;1;0;KALIMANTAN TIMUR;PASER;LONG KALI;GUNUNG PUTAR;RT 001;-1.49435;116.358637
6.40108E+15;6.40108E+13;64;1;80;23;2;0;KALIMANTAN TIMUR;PASER;LONG KALI;GUNUNG PUTAR;RT 002;-1.49696;116.364856
6.40108E+15;6.40108E+13;64;1;80;23;3;0;KALIMANTAN TIMUR;PASER;LONG KALI;GUNUNG PUTAR;RT 003;-1.49545;116.369971
6.40108E+15;6.40108E+13;64;1;80;23;4;0;KALIMANTAN TIMUR;PASER;LONG KALI;GUNUNG PUTAR;RT 004;-1.50337;116.372537
6.40108E+15;6.40108E+13;64;1;80;23;5;0;KALIMANTAN TIMUR;PASER;LONG KALI;GUNUNG PUTAR;RT 005;-1.47916;116.369156
;;64;1;40;16;;;;;;;;;
